<DATE>	<TIME>	<OPEN>	<HIGH>	<LOW>	<CLOSE>	<TICKVOL>	<VOL>	<SPREAD>
2021.03.01	09:00:00	5593.000	5611.500	5580.500	5589.000	180487	507650	500
2021.03.01	10:00:00	5589.000	5616.000	5583.500	5591.500	151097	435111	500
2021.03.01	11:00:00	5591.500	5612.500	5570.000	5600.500	183938	560704	500
2021.03.01	12:00:00	5600.500	5611.000	5563.000	5579.000	125851	435835	500
2021.03.01	13:00:00	5579.000	5588.000	5572.000	5579.000	63529	196160	500
2021.03.01	14:00:00	5579.000	5601.000	5571.000	5600.000	67783	216575	500
2021.03.01	15:00:00	5600.500	5614.500	5591.500	5609.500	77970	260030	500
2021.03.01	16:00:00	5609.500	5612.000	5598.000	5607.500	48598	159491	500
2021.03.01	17:00:00	5607.500	5647.500	5606.500	5640.500	75456	275325	500
2021.03.01	18:00:00	5640.500	5650.000	5637.500	5647.500	15094	62729	500
2021.03.02	09:00:00	5673.000	5700.000	5661.500	5675.000	214514	612972	500
2021.03.02	10:00:00	5675.000	5703.000	5674.000	5675.500	172440	513653	500
2021.03.02	11:00:00	5676.000	5718.000	5671.000	5702.000	167529	550295	500
2021.03.02	12:00:00	5702.000	5740.500	5693.000	5706.000	182358	638680	500
2021.03.02	13:00:00	5706.000	5730.000	5702.500	5717.500	100653	365411	500
2021.03.02	14:00:00	5718.000	5720.500	5687.500	5705.000	92240	318385	500
2021.03.02	15:00:00	5704.500	5705.000	5648.500	5648.500	72899	239941	500
2021.03.02	16:00:00	5675.000	5696.000	5651.000	5673.000	77173	265862	500
2021.03.02	17:00:00	5673.500	5679.000	5658.000	5671.000	49153	152384	500
2021.03.02	18:00:00	5671.500	5694.500	5669.500	5686.000	12696	50001	500
2021.03.03	09:00:00	5693.500	5721.500	5678.000	5719.000	175637	471654	500
2021.03.03	10:00:00	5719.000	5729.000	5707.000	5724.500	147555	431072	500
2021.03.03	11:00:00	5724.500	5757.000	5724.000	5750.500	171518	539849	500
2021.03.03	12:00:00	5750.500	5768.000	5730.000	5765.500	145326	545275	500
2021.03.03	13:00:00	5766.000	5779.500	5756.500	5768.500	86470	305594	500
2021.03.03	14:00:00	5768.500	5774.000	5754.500	5768.500	72132	239832	500
2021.03.03	15:00:00	5768.500	5771.000	5731.000	5761.000	129585	480880	500
2021.03.03	16:00:00	5761.000	5769.000	5643.500	5668.500	143753	494031	500
2021.03.03	17:00:00	5668.500	5683.500	5586.500	5630.500	124211	371152	500
2021.03.03	18:00:00	5629.500	5646.500	5608.000	5622.000	21126	64146	500
2021.03.04	09:00:00	5591.000	5634.000	5571.500	5629.000	211470	599860	500
2021.03.04	10:00:00	5629.000	5631.000	5591.500	5607.000	191016	542630	500
2021.03.04	11:00:00	5606.500	5631.500	5587.500	5608.000	177870	534698	500
2021.03.04	12:00:00	5607.500	5645.000	5551.500	5561.000	167810	574712	500
2021.03.04	13:00:00	5561.000	5592.000	5550.000	5574.500	131611	469974	500
2021.03.04	14:00:00	5574.500	5631.000	5563.500	5622.500	141900	463924	500
2021.03.04	15:00:00	5622.500	5672.500	5609.000	5670.000	140864	467923	500
2021.03.04	16:00:00	5669.500	5690.000	5655.000	5667.000	101274	343159	500
2021.03.04	17:00:00	5667.000	5687.000	5663.000	5674.500	59681	194623	500
2021.03.04	18:00:00	5674.500	5680.000	5662.500	5675.000	14654	43240	500
2021.03.05	09:00:00	5683.000	5713.500	5673.000	5704.500	172044	446807	500
2021.03.05	10:00:00	5704.500	5727.000	5685.500	5701.000	198563	517675	500
2021.03.05	11:00:00	5700.500	5702.500	5657.500	5683.500	171465	485575	500
2021.03.05	12:00:00	5683.500	5693.500	5665.000	5685.000	115220	360292	500
2021.03.05	13:00:00	5685.000	5726.000	5681.000	5697.500	110280	357714	500
2021.03.05	14:00:00	5698.000	5716.000	5691.500	5696.500	69862	213379	500
2021.03.05	15:00:00	5696.500	5703.500	5685.500	5696.500	75246	236382	500
2021.03.05	16:00:00	5697.000	5703.000	5680.500	5688.500	48617	164345	500
2021.03.05	17:00:00	5688.500	5694.500	5681.000	5687.500	35787	110233	500
2021.03.05	18:00:00	5687.500	5703.500	5682.500	5697.000	10859	38943	500
2021.03.08	09:00:00	5740.000	5762.500	5732.500	5753.500	198700	510983	500
2021.03.08	10:00:00	5753.500	5768.500	5725.500	5728.500	179029	494460	500
2021.03.08	11:00:00	5729.000	5741.000	5718.500	5737.000	154828	454153	500
2021.03.08	12:00:00	5737.000	5739.000	5710.000	5724.000	111026	351640	500
2021.03.08	13:00:00	5724.000	5749.500	5717.000	5740.500	98309	319208	500
2021.03.08	14:00:00	5740.000	5743.000	5725.000	5728.500	78420	240693	500
2021.03.08	15:00:00	5728.000	5791.000	5725.500	5780.000	125479	479830	500
2021.03.08	16:00:00	5779.500	5789.000	5770.500	5783.000	74038	240348	500
2021.03.08	17:00:00	5783.000	5829.500	5783.000	5822.500	99317	367315	500
2021.03.08	18:00:00	5822.500	5882.500	5822.000	5882.500	36722	133955	500
2021.03.09	09:00:00	5840.000	5876.000	5812.000	5860.000	224044	633736	500
2021.03.09	10:00:00	5860.000	5880.000	5846.500	5868.500	169622	524105	500
2021.03.09	11:00:00	5869.000	5873.500	5843.000	5862.500	156612	447326	500
2021.03.09	12:00:00	5862.000	5864.000	5800.500	5816.500	181623	546633	500
2021.03.09	13:00:00	5816.500	5834.000	5807.000	5814.000	101618	327451	500
2021.03.09	14:00:00	5814.500	5840.000	5774.000	5795.000	136035	450106	500
2021.03.09	15:00:00	5794.500	5820.000	5777.000	5799.000	106978	331721	500
2021.03.09	16:00:00	5799.500	5801.000	5783.500	5798.000	52996	171828	500
2021.03.09	17:00:00	5797.500	5814.000	5779.000	5811.500	56492	163111	500
2021.03.09	18:00:00	5811.500	5815.000	5805.500	5808.000	11372	37479	500
2021.03.10	09:00:00	5801.500	5819.500	5775.000	5785.000	230376	622782	500
2021.03.10	10:00:00	5785.000	5796.000	5736.500	5736.500	215298	599210	500
2021.03.10	11:00:00	5736.500	5752.500	5716.500	5720.500	179050	522472	500
2021.03.10	12:00:00	5720.500	5779.000	5720.500	5761.500	151838	519828	500
2021.03.10	13:00:00	5761.500	5769.000	5672.500	5679.500	151309	493649	500
2021.03.10	14:00:00	5679.500	5739.500	5661.500	5722.500	136397	463238	500
2021.03.10	15:00:00	5722.500	5741.500	5676.000	5681.000	117246	365130	500
2021.03.10	16:00:00	5681.000	5689.500	5649.500	5659.500	73690	236960	500
2021.03.10	17:00:00	5659.500	5682.500	5651.500	5677.500	52538	160970	500
2021.03.10	18:00:00	5677.500	5684.500	5670.500	5678.500	16451	50779	500
2021.03.11	09:00:00	5595.000	5626.000	5582.000	5603.500	204538	541184	500
2021.03.11	10:00:00	5603.000	5622.500	5599.000	5605.500	151761	435929	500
2021.03.11	11:00:00	5606.000	5627.000	5591.500	5595.500	137823	444646	500
2021.03.11	12:00:00	5595.500	5608.500	5563.500	5567.000	132459	432889	500
2021.03.11	13:00:00	5567.000	5575.500	5548.500	5560.500	113631	383434	500
2021.03.11	14:00:00	5561.000	5567.000	5538.000	5544.000	95296	314905	500
2021.03.11	15:00:00	5544.000	5554.000	5532.000	5546.500	91805	313904	500
2021.03.11	16:00:00	5546.000	5573.500	5539.000	5545.500	79285	290153	500
2021.03.11	17:00:00	5545.500	5551.500	5538.000	5545.000	39670	124960	500
2021.03.11	18:00:00	5544.500	5548.500	5538.500	5542.500	12315	42156	500
2021.03.12	09:00:00	5577.500	5586.500	5568.000	5572.000	136817	361366	500
2021.03.12	10:00:00	5572.000	5581.000	5552.000	5563.000	159435	467484	500
2021.03.12	11:00:00	5562.500	5576.000	5556.500	5558.000	122323	363397	500
2021.03.12	12:00:00	5557.500	5586.000	5554.000	5576.500	110695	367093	500
2021.03.12	13:00:00	5576.500	5583.000	5550.000	5560.000	84880	281447	500
2021.03.12	14:00:00	5560.000	5584.000	5559.500	5579.500	80153	255429	500
2021.03.12	15:00:00	5580.000	5581.500	5565.500	5570.500	57953	200761	500
2021.03.12	16:00:00	5570.500	5578.000	5561.500	5563.500	45972	161141	500
2021.03.12	17:00:00	5563.500	5568.500	5556.000	5560.000	27208	95029	500
2021.03.12	18:00:00	5560.500	5565.500	5551.000	5556.500	10638	42176	500
2021.03.15	09:00:00	5560.000	5597.500	5536.500	5597.000	211972	580515	500
2021.03.15	10:00:00	5597.000	5643.000	5595.500	5639.500	200593	643676	500
2021.03.15	11:00:00	5639.000	5649.000	5622.000	5635.000	133712	447398	500
2021.03.15	12:00:00	5635.000	5660.500	5630.000	5656.000	121911	400393	500
2021.03.15	13:00:00	5656.000	5659.000	5600.500	5612.500	139672	514199	500
2021.03.15	14:00:00	5612.000	5627.000	5605.000	5621.000	79427	247980	500
2021.03.15	15:00:00	5621.000	5639.500	5611.000	5635.500	74853	239703	500
2021.03.15	16:00:00	5635.500	5653.500	5632.500	5642.000	72450	232944	500
2021.03.15	17:00:00	5642.000	5654.000	5620.000	5621.000	51934	177071	500
2021.03.16	09:00:00	5631.000	5639.000	5588.500	5609.000	232274	643772	500
2021.03.16	10:00:00	5608.500	5610.000	5578.500	5592.000	192432	542447	500
2021.03.16	11:00:00	5592.000	5592.000	5562.000	5565.000	127123	390625	500
2021.03.16	12:00:00	5564.500	5600.000	5564.500	5581.500	133759	445890	500
2021.03.16	13:00:00	5581.500	5588.000	5570.500	5583.000	83456	294939	500
2021.03.16	14:00:00	5583.500	5606.500	5573.000	5605.000	80985	274148	500
2021.03.16	15:00:00	5605.500	5631.500	5596.500	5621.500	109873	373247	500
2021.03.16	16:00:00	5621.500	5624.000	5609.000	5620.000	55248	191197	500
2021.03.16	17:00:00	5619.500	5630.000	5613.000	5628.000	35622	124318	500
2021.03.17	09:00:00	5665.000	5686.000	5657.000	5664.000	204939	551933	500
2021.03.17	10:00:00	5664.000	5674.500	5644.500	5656.000	187932	504043	500
2021.03.17	11:00:00	5656.000	5662.500	5636.000	5649.000	139502	399609	500
2021.03.17	12:00:00	5649.000	5659.500	5642.000	5659.000	77128	237733	500
2021.03.17	13:00:00	5659.000	5662.500	5643.000	5653.500	66225	207015	500
2021.03.17	14:00:00	5653.500	5667.000	5644.000	5655.500	74251	229010	500
2021.03.17	15:00:00	5655.500	5656.000	5583.500	5587.500	206145	677082	500
2021.03.17	16:00:00	5588.000	5599.000	5573.000	5589.500	77858	252834	500
2021.03.17	17:00:00	5589.500	5604.000	5583.000	5586.000	37686	127641	500
2021.03.18	09:00:00	5508.000	5561.000	5480.000	5548.000	279387	811641	500
2021.03.18	10:00:00	5548.000	5584.000	5548.000	5563.500	179642	538846	500
2021.03.18	11:00:00	5563.000	5566.000	5518.000	5536.000	189345	594405	500
2021.03.18	12:00:00	5535.500	5556.500	5526.500	5540.500	96239	310869	500
2021.03.18	13:00:00	5540.000	5580.000	5535.000	5578.000	102181	346186	500
2021.03.18	14:00:00	5578.500	5580.000	5535.500	5536.500	105073	344367	500
2021.03.18	15:00:00	5536.000	5563.000	5532.000	5559.500	96547	306636	500
2021.03.18	16:00:00	5559.500	5576.000	5552.500	5569.000	71314	241584	500
2021.03.18	17:00:00	5569.500	5578.500	5560.000	5565.000	31480	95569	500
2021.03.19	09:00:00	5530.000	5553.000	5525.500	5532.500	196125	518932	500
2021.03.19	10:00:00	5532.500	5552.000	5520.000	5532.000	215721	619570	500
2021.03.19	11:00:00	5532.500	5541.000	5486.500	5502.000	189676	607129	500
2021.03.19	12:00:00	5502.000	5510.000	5462.000	5478.000	139850	524642	500
2021.03.19	13:00:00	5477.500	5478.500	5451.500	5461.500	88137	346468	500
2021.03.19	14:00:00	5461.500	5484.000	5461.000	5465.000	80663	262418	500
2021.03.19	15:00:00	5464.500	5487.000	5461.500	5479.000	73716	239130	500
2021.03.19	16:00:00	5479.000	5496.500	5477.500	5485.500	63788	206604	500
2021.03.19	17:00:00	5486.000	5499.500	5474.000	5492.000	40204	152962	500
2021.03.22	09:00:00	5510.000	5549.500	5497.000	5543.500	205721	557226	500
2021.03.22	10:00:00	5543.500	5549.500	5517.500	5544.500	180983	496471	500
2021.03.22	11:00:00	5545.000	5547.000	5514.500	5517.000	129345	360137	500
2021.03.22	12:00:00	5517.000	5539.000	5507.500	5529.500	113132	362587	500
2021.03.22	13:00:00	5529.500	5540.000	5524.500	5527.500	68068	214817	500
2021.03.22	14:00:00	5528.000	5531.000	5511.500	5514.000	65939	208838	500
2021.03.22	15:00:00	5514.000	5518.000	5500.500	5509.500	82490	280208	500
2021.03.22	16:00:00	5509.500	5522.500	5502.000	5519.500	64962	208161	500
2021.03.22	17:00:00	5519.500	5524.500	5504.000	5514.000	30284	104171	500
2021.03.23	09:00:00	5542.000	5553.000	5511.500	5515.500	240247	680293	500
2021.03.23	10:00:00	5516.000	5525.000	5501.500	5510.000	183336	536160	500
2021.03.23	11:00:00	5510.500	5519.000	5491.000	5493.500	143261	466790	500
2021.03.23	12:00:00	5493.500	5499.500	5478.000	5479.000	121163	406457	500
2021.03.23	13:00:00	5479.500	5500.000	5477.000	5496.500	69866	239416	500
2021.03.23	14:00:00	5496.500	5503.000	5485.500	5492.000	98573	331275	500
2021.03.23	15:00:00	5492.000	5497.000	5467.000	5495.500	100266	351309	500
2021.03.23	16:00:00	5495.000	5534.500	5491.000	5518.000	116523	426236	500
2021.03.23	17:00:00	5518.000	5530.000	5502.500	5527.500	45039	181010	500
2021.03.24	09:00:00	5510.000	5537.000	5492.500	5515.500	223123	617843	500
2021.03.24	10:00:00	5516.000	5548.000	5515.500	5536.000	176000	552248	500
2021.03.24	11:00:00	5536.000	5548.500	5527.000	5531.500	126525	425962	500
2021.03.24	12:00:00	5532.000	5571.500	5518.500	5557.500	137421	479926	500
2021.03.24	13:00:00	5557.500	5567.000	5548.000	5565.500	93799	357175	500
2021.03.24	14:00:00	5566.000	5589.000	5563.000	5576.500	93655	333828	500
2021.03.24	15:00:00	5576.000	5601.500	5571.500	5601.000	98758	379626	500
2021.03.24	16:00:00	5601.000	5644.000	5594.500	5639.000	102627	413466	500
2021.03.24	17:00:00	5639.000	5642.000	5620.500	5628.000	63053	232244	500
2021.03.25	09:00:00	5627.500	5682.500	5619.500	5675.500	224564	651357	500
2021.03.25	10:00:00	5676.000	5681.000	5638.500	5645.500	182634	530665	500
2021.03.25	11:00:00	5645.500	5669.500	5635.500	5644.000	163082	515665	500
2021.03.25	12:00:00	5643.500	5658.000	5620.500	5638.000	137252	457188	500
2021.03.25	13:00:00	5638.500	5653.500	5625.500	5633.500	95440	325706	500
2021.03.25	14:00:00	5633.500	5667.500	5632.500	5650.000	104317	355924	500
2021.03.25	15:00:00	5650.000	5683.500	5641.500	5676.500	92293	329548	500
2021.03.25	16:00:00	5676.000	5676.500	5661.000	5670.000	59275	194718	500
2021.03.25	17:00:00	5670.000	5672.500	5641.000	5651.000	45714	157845	500
2021.03.26	09:00:00	5654.000	5717.500	5645.500	5709.500	198823	571454	500
2021.03.26	10:00:00	5709.500	5713.000	5680.500	5686.500	161850	484140	500
2021.03.26	11:00:00	5687.000	5720.000	5677.500	5711.000	135038	434463	500
2021.03.26	12:00:00	5710.500	5720.000	5700.000	5717.500	87158	291172	500
2021.03.26	13:00:00	5717.000	5728.000	5706.500	5725.500	82064	280897	500
2021.03.26	14:00:00	5725.500	5743.500	5722.500	5735.500	94424	330369	500
2021.03.26	15:00:00	5735.500	5758.000	5734.000	5751.000	80837	290189	500
2021.03.26	16:00:00	5751.000	5757.000	5737.000	5740.000	70025	225729	500
2021.03.26	17:00:00	5740.000	5759.000	5740.000	5757.000	38422	133568	500
2021.03.29	09:00:00	5767.000	5796.500	5759.000	5788.000	174524	506009	500
2021.03.29	10:00:00	5788.500	5803.000	5782.000	5786.500	153933	429033	500
2021.03.29	11:00:00	5787.000	5806.500	5780.000	5804.000	136710	404054	500
2021.03.29	12:00:00	5804.000	5806.500	5775.000	5781.500	103219	309723	500
2021.03.29	13:00:00	5781.000	5784.000	5737.500	5751.000	119039	372058	500
2021.03.29	14:00:00	5750.500	5761.000	5737.000	5753.000	77194	227976	500
2021.03.29	15:00:00	5753.000	5792.000	5752.500	5785.000	102384	320432	500
2021.03.29	16:00:00	5784.500	5785.500	5758.500	5766.500	72012	225860	500
2021.03.29	17:00:00	5767.000	5786.500	5741.500	5783.000	63730	208935	500
2021.03.30	09:00:00	5784.000	5793.000	5757.000	5776.000	217549	562651	500
2021.03.30	10:00:00	5776.000	5783.500	5759.000	5768.500	159800	447827	500
2021.03.30	11:00:00	5769.000	5804.000	5751.000	5763.500	173282	537956	500
2021.03.30	12:00:00	5763.000	5768.000	5735.000	5745.000	134711	450609	500
2021.03.30	13:00:00	5745.000	5755.000	5743.000	5747.500	56095	181711	500
2021.03.30	14:00:00	5748.000	5759.000	5738.000	5741.500	72202	214384	500
2021.03.30	15:00:00	5741.500	5755.500	5722.000	5751.500	108807	359642	500
2021.03.30	16:00:00	5752.000	5766.000	5741.500	5759.000	68389	221451	500
2021.03.30	17:00:00	5759.500	5778.000	5753.000	5774.000	36432	126445	500
2021.03.31	09:00:00	5773.000	5778.000	5736.000	5764.000	193007	500323	500
2021.03.31	10:00:00	5763.500	5776.500	5741.000	5742.500	126012	362412	500
2021.03.31	11:00:00	5742.500	5745.500	5643.000	5645.000	229657	776539	500
2021.03.31	12:00:00	5645.500	5676.500	5645.000	5668.000	122965	421127	500
2021.03.31	13:00:00	5668.000	5706.000	5659.500	5690.500	110792	370970	500
2021.03.31	14:00:00	5690.500	5693.500	5667.000	5684.000	90145	285671	500
2021.03.31	15:00:00	5684.000	5686.500	5632.500	5651.000	116731	371545	500
2021.03.31	16:00:00	5650.500	5651.000	5630.500	5638.000	73382	224014	500
2021.03.31	17:00:00	5638.500	5649.500	5631.500	5641.000	42538	142262	500
2021.04.01	09:00:00	5635.000	5692.500	5616.500	5680.000	229959	638945	500
2021.04.01	10:00:00	5680.500	5716.500	5670.000	5707.000	169175	483433	500
2021.04.01	11:00:00	5706.500	5709.500	5684.500	5690.500	119284	353605	500
2021.04.01	12:00:00	5690.500	5703.500	5685.000	5698.000	79773	247294	500
2021.04.01	13:00:00	5698.000	5713.000	5694.500	5706.000	78894	240751	500
2021.04.01	14:00:00	5705.500	5726.000	5705.500	5709.000	78271	237951	500
2021.04.01	15:00:00	5709.500	5719.000	5701.000	5716.500	60964	190817	500
2021.04.01	16:00:00	5717.000	5724.000	5711.000	5723.000	54130	172302	500
2021.04.01	17:00:00	5723.000	5737.000	5714.500	5718.500	49769	180374	500
2021.04.05	09:00:00	5678.500	5692.500	5663.500	5685.000	186579	446336	500
2021.04.05	10:00:00	5685.000	5689.000	5645.000	5661.000	175729	489883	500
2021.04.05	11:00:00	5661.000	5673.000	5642.000	5660.500	131082	378396	500
2021.04.05	12:00:00	5661.000	5668.000	5650.000	5667.000	77493	237225	500
2021.04.05	13:00:00	5667.000	5675.500	5657.000	5675.000	68924	204464	500
2021.04.05	14:00:00	5674.500	5685.000	5667.500	5670.000	94714	304538	500
2021.04.05	15:00:00	5670.000	5687.500	5670.000	5678.500	81249	257445	500
2021.04.05	16:00:00	5679.000	5691.000	5674.500	5687.500	72209	252120	500
2021.04.05	17:00:00	5687.500	5689.500	5672.000	5672.000	32775	95565	500
2021.04.06	09:00:00	5675.000	5678.500	5641.500	5656.000	224114	579331	500
2021.04.06	10:00:00	5656.000	5664.000	5644.500	5646.000	144047	404229	500
2021.04.06	11:00:00	5645.500	5651.500	5618.000	5622.500	161258	477810	500
2021.04.06	12:00:00	5622.500	5629.500	5617.000	5623.000	64167	205627	500
2021.04.06	13:00:00	5623.500	5623.500	5604.000	5619.500	82192	274432	500
2021.04.06	14:00:00	5619.000	5636.500	5614.000	5616.500	102575	315468	500
2021.04.06	15:00:00	5617.000	5617.500	5583.000	5609.500	98505	369220	500
2021.04.06	16:00:00	5609.500	5615.000	5597.500	5609.000	69589	241175	500
2021.04.06	17:00:00	5609.000	5609.500	5592.500	5599.500	35433	120187	500
2021.04.07	09:00:00	5597.000	5614.000	5580.500	5605.000	239361	649886	500
2021.04.07	10:00:00	5604.500	5608.500	5574.000	5587.500	194443	528672	500
2021.04.07	11:00:00	5588.000	5593.000	5556.500	5565.500	159939	468811	500
2021.04.07	12:00:00	5566.000	5626.500	5563.500	5615.000	148473	464769	500
2021.04.07	13:00:00	5615.500	5641.500	5610.500	5619.500	112583	346215	500
2021.04.07	14:00:00	5619.500	5626.000	5601.000	5603.000	77893	238308	500
2021.04.07	15:00:00	5602.500	5648.000	5595.000	5642.000	113870	358868	500
2021.04.07	16:00:00	5642.500	5663.000	5636.500	5653.500	84777	284218	500
2021.04.07	17:00:00	5653.500	5653.500	5618.000	5625.500	50809	176232	500
2021.04.08	09:00:00	5615.000	5621.500	5592.000	5602.500	219421	560385	500
2021.04.08	10:00:00	5603.000	5608.000	5578.500	5589.000	185618	505404	500
2021.04.08	11:00:00	5589.500	5625.000	5585.500	5591.500	169277	502354	500
2021.04.08	12:00:00	5591.500	5612.000	5572.500	5582.500	110654	322061	500
2021.04.08	13:00:00	5582.500	5590.000	5548.000	5549.500	123680	379006	500
2021.04.08	14:00:00	5549.500	5566.500	5546.000	5560.500	85364	267332	500
2021.04.08	15:00:00	5561.000	5587.000	5553.000	5576.500	103717	314330	500
2021.04.08	16:00:00	5577.000	5586.000	5571.500	5581.500	53600	159311	500
2021.04.08	17:00:00	5581.000	5591.500	5576.000	5578.500	37085	135622	500
2021.04.09	09:00:00	5605.000	5650.500	5600.000	5635.500	200733	547110	500
2021.04.09	10:00:00	5635.500	5653.500	5627.000	5644.000	168019	476085	500
2021.04.09	11:00:00	5644.000	5657.000	5640.000	5650.000	135016	418916	500
2021.04.09	12:00:00	5650.000	5680.500	5646.500	5661.000	127845	416420	500
2021.04.09	13:00:00	5661.000	5674.000	5655.000	5664.500	74236	236319	500
2021.04.09	14:00:00	5664.500	5685.000	5662.000	5682.500	63703	194620	500
2021.04.09	15:00:00	5683.000	5689.500	5673.000	5684.000	83521	264540	500
2021.04.09	16:00:00	5684.000	5690.000	5678.000	5681.000	53236	173255	500
2021.04.09	17:00:00	5681.000	5697.000	5674.500	5697.000	52423	172534	500
2021.04.12	09:00:00	5684.000	5684.000	5637.500	5643.000	202936	556901	500
2021.04.12	10:00:00	5643.000	5653.000	5639.500	5646.000	131456	405070	500
2021.04.12	11:00:00	5645.500	5670.000	5640.000	5668.500	129002	387712	500
2021.04.12	12:00:00	5668.500	5709.500	5665.500	5705.500	151254	481333	500
2021.04.12	13:00:00	5705.500	5714.000	5688.000	5693.000	72673	220178	500
2021.04.12	14:00:00	5693.000	5710.000	5688.500	5705.000	70431	208835	500
2021.04.12	15:00:00	5705.000	5749.000	5696.000	5735.500	116684	388840	500
2021.04.12	16:00:00	5735.500	5742.500	5724.000	5732.000	76200	254027	500
2021.04.12	17:00:00	5732.000	5745.000	5712.500	5743.000	60085	185483	500
2021.04.13	09:00:00	5740.500	5763.000	5696.000	5709.000	290064	783343	500
2021.04.13	10:00:00	5709.000	5749.000	5701.000	5717.500	205238	575386	500
2021.04.13	11:00:00	5717.500	5747.000	5709.000	5722.500	145659	447414	500
2021.04.13	12:00:00	5722.500	5730.000	5693.000	5698.000	117947	363030	500
2021.04.13	13:00:00	5698.500	5720.000	5695.000	5700.500	93070	304285	500
2021.04.13	14:00:00	5700.500	5702.000	5669.000	5683.500	131227	448871	500
2021.04.13	15:00:00	5684.000	5707.000	5679.000	5700.000	98246	374845	500
2021.04.13	16:00:00	5700.500	5731.000	5696.000	5723.500	88961	329349	500
2021.04.13	17:00:00	5723.000	5725.000	5707.500	5723.000	37971	119304	500
2021.04.14	09:00:00	5708.000	5734.000	5689.000	5725.000	270129	701898	500
2021.04.14	10:00:00	5725.000	5741.500	5682.500	5685.500	211869	616209	500
2021.04.14	11:00:00	5685.500	5694.000	5676.000	5689.000	134073	398427	500
2021.04.14	12:00:00	5689.500	5701.000	5682.000	5687.500	113418	376344	500
2021.04.14	13:00:00	5687.500	5692.000	5670.000	5684.000	102804	335554	500
2021.04.14	14:00:00	5684.500	5699.000	5681.000	5695.500	92330	322203	500
2021.04.14	15:00:00	5695.500	5702.500	5680.000	5701.000	101360	367610	500
2021.04.14	16:00:00	5700.500	5705.000	5671.500	5675.500	93215	317819	500
2021.04.14	17:00:00	5675.500	5679.500	5651.500	5662.000	54168	183402	500
2021.04.15	09:00:00	5659.000	5668.500	5601.500	5614.500	274566	719100	500
2021.04.15	10:00:00	5614.500	5638.500	5604.500	5635.500	180137	574104	500
2021.04.15	11:00:00	5635.500	5651.500	5627.000	5632.000	152414	468941	500
2021.04.15	12:00:00	5632.500	5636.000	5612.500	5619.000	102232	323160	500
2021.04.15	13:00:00	5619.000	5630.000	5608.500	5624.000	78628	266061	500
2021.04.15	14:00:00	5624.000	5636.000	5612.500	5616.000	85747	272365	500
2021.04.15	15:00:00	5616.500	5635.500	5612.500	5621.500	85925	274760	500
2021.04.15	16:00:00	5621.500	5638.500	5616.500	5632.500	62787	206590	500
2021.04.15	17:00:00	5632.000	5633.000	5616.000	5622.000	35244	111062	500
2021.04.16	09:00:00	5620.000	5674.500	5619.000	5664.000	209933	578705	500
2021.04.16	10:00:00	5664.000	5682.000	5658.000	5675.000	151568	439701	500
2021.04.16	11:00:00	5675.000	5675.000	5620.000	5627.500	197746	619797	500
2021.04.16	12:00:00	5627.500	5631.500	5596.000	5615.500	139010	462430	500
2021.04.16	13:00:00	5616.000	5616.000	5580.500	5593.500	107444	377804	500
2021.04.16	14:00:00	5593.500	5607.000	5571.000	5584.000	98986	335171	500
2021.04.16	15:00:00	5584.000	5592.500	5580.000	5583.500	61982	209812	500
2021.04.16	16:00:00	5584.000	5597.000	5583.000	5589.000	49515	168212	500
2021.04.16	17:00:00	5589.500	5596.500	5582.500	5591.500	31430	104628	500
2021.04.19	09:00:00	5575.500	5603.000	5561.500	5587.000	246474	659950	500
2021.04.19	10:00:00	5587.000	5626.000	5582.000	5600.000	221834	620069	500
2021.04.19	11:00:00	5599.500	5614.000	5545.000	5553.500	217683	655076	500
2021.04.19	12:00:00	5553.500	5573.000	5546.000	5572.000	101000	314419	500
2021.04.19	13:00:00	5572.000	5579.000	5557.500	5571.000	83554	255111	500
2021.04.19	14:00:00	5570.500	5575.000	5551.000	5569.000	99131	318967	500
2021.04.19	15:00:00	5569.000	5571.000	5531.500	5557.500	128015	436738	500
2021.04.19	16:00:00	5557.500	5573.500	5556.000	5557.500	61414	196289	500
2021.04.19	17:00:00	5557.000	5558.000	5543.000	5549.000	41902	133350	500
2021.04.20	09:00:00	5571.000	5592.000	5542.500	5547.500	271544	720080	500
2021.04.20	10:00:00	5547.500	5552.000	5524.500	5534.500	203895	593012	500
2021.04.20	11:00:00	5534.500	5538.000	5506.500	5515.000	190623	579623	500
2021.04.20	12:00:00	5515.000	5535.500	5511.000	5522.000	115813	363865	500
2021.04.20	13:00:00	5522.000	5534.500	5517.000	5533.500	75975	242066	500
2021.04.20	14:00:00	5533.500	5538.000	5521.000	5533.000	84567	257500	500
2021.04.20	15:00:00	5532.500	5568.500	5531.000	5563.000	132860	426074	500
2021.04.20	16:00:00	5563.000	5574.000	5548.500	5551.500	81778	238193	500
2021.04.20	17:00:00	5552.000	5575.500	5550.000	5572.500	51085	169709	500
2021.04.22	09:00:00	5558.000	5563.500	5484.500	5492.000	302529	876213	500
2021.04.22	10:00:00	5492.500	5508.000	5487.000	5500.500	178517	535989	500
2021.04.22	11:00:00	5501.000	5507.000	5482.000	5501.500	160449	518203	500
2021.04.22	12:00:00	5501.500	5517.000	5493.500	5502.000	138895	439317	500
2021.04.22	13:00:00	5502.000	5505.000	5490.000	5495.500	78857	258724	500
2021.04.22	14:00:00	5495.500	5505.500	5461.500	5466.000	176233	572104	500
2021.04.22	15:00:00	5466.500	5482.500	5464.000	5469.500	98846	312576	500
2021.04.22	16:00:00	5469.000	5474.000	5447.500	5457.000	96007	337494	500
2021.04.22	17:00:00	5457.500	5461.500	5441.000	5448.000	63947	216970	500
2021.04.23	09:00:00	5432.000	5460.500	5427.000	5453.500	246912	659277	500
2021.04.23	10:00:00	5453.500	5474.000	5449.000	5466.500	201155	565081	500
2021.04.23	11:00:00	5466.500	5492.500	5465.500	5489.500	169651	515487	500
2021.04.23	12:00:00	5489.000	5526.000	5484.000	5503.500	149933	522692	500
2021.04.23	13:00:00	5503.500	5512.000	5499.000	5502.500	70212	217660	500
2021.04.23	14:00:00	5502.500	5505.500	5480.000	5502.500	104577	315610	500
2021.04.23	15:00:00	5502.000	5507.500	5490.000	5496.000	75643	231371	500
2021.04.23	16:00:00	5496.000	5505.000	5493.000	5498.500	41172	131321	500
2021.04.23	17:00:00	5498.500	5501.500	5477.000	5477.500	34532	120552	500
2021.04.26	09:00:00	5458.000	5469.000	5444.500	5464.500	212123	536891	500
2021.04.26	10:00:00	5465.000	5492.000	5459.000	5468.000	204024	587917	500
2021.04.26	11:00:00	5468.000	5470.500	5440.500	5456.500	182022	565326	500
2021.04.26	12:00:00	5456.500	5461.000	5450.000	5454.000	74305	233847	500
2021.04.26	13:00:00	5454.500	5457.000	5447.500	5451.500	47063	147579	500
2021.04.26	14:00:00	5452.000	5458.000	5443.000	5448.500	86459	284753	500
2021.04.26	15:00:00	5448.500	5469.000	5444.000	5455.500	96623	321400	500
2021.04.26	16:00:00	5455.000	5461.500	5444.000	5450.000	73895	242331	500
2021.04.26	17:00:00	5450.500	5452.000	5435.000	5439.000	41090	145293	500
2021.04.27	09:00:00	5441.000	5451.500	5417.500	5447.000	261635	697721	500
2021.04.27	10:00:00	5447.000	5467.000	5436.500	5447.000	219552	613824	500
2021.04.27	11:00:00	5447.000	5457.000	5434.000	5440.000	143494	428954	500
2021.04.27	12:00:00	5440.000	5446.000	5420.000	5436.500	100393	323587	500
2021.04.27	13:00:00	5436.000	5439.500	5423.500	5436.500	85998	296120	500
2021.04.27	14:00:00	5437.000	5439.500	5412.000	5428.000	103707	338114	500
2021.04.27	15:00:00	5428.500	5469.000	5428.000	5468.500	138431	450887	500
2021.04.27	16:00:00	5468.500	5469.000	5456.000	5462.500	63471	198693	500
2021.04.27	17:00:00	5462.500	5464.500	5451.500	5453.000	38918	129717	500
2021.04.28	09:00:00	5453.000	5458.000	5414.500	5418.500	242178	647823	500
2021.04.28	10:00:00	5418.500	5419.000	5403.000	5406.500	171856	554383	500
2021.04.28	11:00:00	5406.500	5410.500	5387.000	5407.500	190264	651150	500
2021.04.28	12:00:00	5407.000	5421.500	5394.000	5400.000	130944	487640	500
2021.04.28	13:00:00	5400.000	5412.500	5394.000	5404.000	83370	316263	500
2021.04.28	14:00:00	5404.500	5407.500	5382.500	5391.500	83936	284145	500
2021.04.28	15:00:00	5391.000	5403.000	5357.500	5364.500	175445	566085	500
2021.04.28	16:00:00	5364.000	5375.000	5359.000	5362.000	85464	281178	500
2021.04.28	17:00:00	5361.500	5363.500	5344.500	5346.000	49114	168554	500
2021.04.29	09:00:00	5350.500	5377.000	5344.500	5355.000	236456	661231	500
2021.04.29	10:00:00	5355.000	5380.000	5350.000	5370.000	186077	581501	500
2021.04.29	11:00:00	5369.500	5380.000	5348.500	5354.000	155440	498853	500
2021.04.29	12:00:00	5354.500	5373.000	5353.500	5364.000	100598	343702	500
2021.04.29	13:00:00	5364.000	5376.000	5357.500	5359.000	87850	290139	500
2021.04.29	14:00:00	5359.000	5373.500	5356.500	5370.500	66600	219472	500
2021.04.29	15:00:00	5370.500	5376.000	5348.500	5351.000	74869	251523	500
2021.04.29	16:00:00	5351.000	5360.500	5325.500	5335.500	77865	273497	500
2021.04.29	17:00:00	5336.000	5350.000	5330.000	5339.500	45417	153129	500
2021.04.30	09:00:00	5369.000	5373.000	5348.000	5361.500	159797	460342	500
2021.04.30	10:00:00	5362.000	5408.000	5360.000	5397.000	188531	602225	500
2021.04.30	11:00:00	5397.500	5444.500	5396.500	5442.500	155674	568226	500
2021.04.30	12:00:00	5442.500	5451.500	5427.500	5432.500	127351	470619	500
2021.04.30	13:00:00	5432.000	5444.000	5425.500	5431.500	66673	248878	500
2021.04.30	14:00:00	5431.000	5461.000	5429.000	5445.500	73695	261360	500
2021.04.30	15:00:00	5446.000	5449.000	5420.000	5443.000	103363	366902	500
2021.04.30	16:00:00	5443.000	5453.500	5438.500	5443.000	62575	220069	500
2021.04.30	17:00:00	5443.000	5459.500	5438.000	5452.500	41099	161721	500
2021.05.03	09:00:00	5428.000	5468.500	5420.000	5443.500	251059	674816	500
2021.05.03	10:00:00	5443.500	5467.000	5432.500	5444.000	194036	560218	500
2021.05.03	11:00:00	5444.000	5444.000	5407.000	5414.000	184173	567916	500
2021.05.03	12:00:00	5414.000	5424.000	5386.500	5401.000	124179	398960	500
2021.05.03	13:00:00	5400.500	5431.000	5400.500	5422.000	90564	281453	500
2021.05.03	14:00:00	5422.000	5427.500	5416.000	5424.500	52153	159837	500
2021.05.03	15:00:00	5424.500	5426.000	5404.000	5423.000	91622	274048	500
2021.05.03	16:00:00	5423.000	5448.000	5421.500	5431.500	79851	248726	500
2021.05.03	17:00:00	5431.000	5462.500	5430.500	5453.500	56952	192748	500
2021.05.04	09:00:00	5474.000	5496.500	5467.000	5485.000	248267	643355	500
2021.05.04	10:00:00	5484.500	5486.500	5444.500	5451.500	219074	633164	500
2021.05.04	11:00:00	5451.000	5476.000	5441.500	5472.500	163988	505922	500
2021.05.04	12:00:00	5472.500	5474.000	5452.000	5462.000	111650	364032	500
2021.05.04	13:00:00	5461.500	5462.500	5424.500	5437.500	109059	342711	500
2021.05.04	14:00:00	5437.500	5446.000	5424.000	5434.000	98970	311149	500
2021.05.04	15:00:00	5434.000	5451.000	5433.500	5449.000	72459	229877	500
2021.05.04	16:00:00	5448.500	5455.000	5440.000	5443.500	48940	155504	500
2021.05.04	17:00:00	5444.000	5459.500	5432.500	5459.500	44180	150441	500
2021.05.05	09:00:00	5450.500	5457.500	5412.000	5413.000	250042	672765	500
2021.05.05	10:00:00	5413.000	5415.500	5392.000	5402.500	188283	581740	500
2021.05.05	11:00:00	5402.000	5415.000	5389.000	5402.500	156211	507388	500
2021.05.05	12:00:00	5402.500	5411.500	5375.000	5378.500	118463	410085	500
2021.05.05	13:00:00	5379.000	5393.500	5373.500	5393.000	69068	242788	500
2021.05.05	14:00:00	5393.000	5396.000	5384.500	5387.500	63616	215428	500
2021.05.05	15:00:00	5387.500	5389.500	5366.500	5372.500	98890	349415	500
2021.05.05	16:00:00	5373.000	5385.000	5372.000	5376.500	59238	206699	500
2021.05.05	17:00:00	5377.000	5386.500	5363.500	5365.500	41792	158127	500
2021.05.06	09:00:00	5358.000	5386.500	5333.000	5334.500	311848	895958	500
2021.05.06	10:00:00	5334.500	5347.000	5306.000	5306.000	242288	772787	500
2021.05.06	11:00:00	5306.000	5313.000	5270.000	5271.000	177081	620864	500
2021.05.06	12:00:00	5270.500	5297.000	5269.000	5294.000	122086	450885	500
2021.05.06	13:00:00	5293.500	5306.000	5285.000	5303.500	88281	287759	500
2021.05.06	14:00:00	5303.500	5307.500	5287.000	5307.000	76860	249046	500
2021.05.06	15:00:00	5306.500	5309.000	5285.000	5293.500	108178	365595	500
2021.05.06	16:00:00	5293.500	5298.500	5287.500	5289.000	44862	157764	500
2021.05.06	17:00:00	5289.500	5293.000	5277.500	5290.500	35669	140695	500
2021.05.07	09:00:00	5292.500	5305.500	5253.000	5258.500	302162	881886	500
2021.05.07	10:00:00	5259.000	5270.500	5244.500	5247.500	224782	684517	500
2021.05.07	11:00:00	5247.500	5250.000	5214.000	5216.000	171169	553957	500
2021.05.07	12:00:00	5216.000	5227.000	5214.500	5223.000	86466	301876	500
2021.05.07	13:00:00	5223.000	5237.000	5223.000	5230.500	81443	265367	500
2021.05.07	14:00:00	5231.000	5249.000	5227.500	5238.500	88356	286159	500
2021.05.07	15:00:00	5238.000	5240.000	5230.000	5238.000	72364	248256	500
2021.05.07	16:00:00	5237.500	5240.500	5230.500	5238.000	53800	180827	500
2021.05.07	17:00:00	5238.000	5249.500	5231.000	5249.500	38847	140684	500
2021.05.10	09:00:00	5248.500	5262.000	5224.000	5232.500	260929	704777	500
2021.05.10	10:00:00	5233.000	5244.000	5223.000	5237.000	187806	546733	500
2021.05.10	11:00:00	5237.000	5239.000	5206.500	5223.500	198815	610679	500
2021.05.10	12:00:00	5223.000	5248.000	5220.500	5234.500	132420	427974	500
2021.05.10	13:00:00	5234.500	5242.000	5223.500	5240.500	69343	217188	500
2021.05.10	14:00:00	5240.500	5249.000	5228.000	5231.500	76569	236635	500
2021.05.10	15:00:00	5231.500	5260.000	5230.500	5249.500	109096	345417	500
2021.05.10	16:00:00	5249.000	5250.500	5234.000	5241.000	63200	202615	500
2021.05.10	17:00:00	5241.500	5241.500	5232.000	5234.000	28407	95691	500
2021.05.11	09:00:00	5247.500	5277.000	5227.000	5272.500	285032	812029	500
2021.05.11	10:00:00	5273.000	5291.000	5250.000	5251.000	215507	649009	500
2021.05.11	11:00:00	5251.000	5265.000	5242.500	5245.500	173673	545632	500
2021.05.11	12:00:00	5246.000	5250.000	5212.500	5222.500	128431	442438	500
2021.05.11	13:00:00	5222.000	5233.000	5216.500	5229.500	70273	228859	500
2021.05.11	14:00:00	5229.500	5239.000	5225.000	5232.000	72062	242646	500
2021.05.11	15:00:00	5232.000	5249.500	5228.500	5236.000	87084	279734	500
2021.05.11	16:00:00	5236.000	5242.500	5231.000	5232.500	62097	205403	500
2021.05.11	17:00:00	5233.000	5237.000	5223.000	5231.500	40933	139842	500
2021.05.12	09:00:00	5243.500	5272.500	5232.500	5236.000	292996	815178	500
2021.05.12	10:00:00	5235.500	5251.500	5219.500	5230.500	226509	670023	500
2021.05.12	11:00:00	5231.000	5248.000	5222.000	5245.500	168156	551407	500
2021.05.12	12:00:00	5245.000	5280.000	5237.000	5261.000	157728	530151	500
2021.05.12	13:00:00	5261.500	5274.000	5258.000	5259.500	76621	260001	500
2021.05.12	14:00:00	5260.000	5287.000	5247.500	5282.000	122761	431713	500
2021.05.12	15:00:00	5282.000	5299.000	5275.500	5295.000	98381	349869	500
2021.05.12	16:00:00	5295.000	5316.500	5293.500	5313.000	90263	333611	500
2021.05.12	17:00:00	5313.000	5328.000	5312.000	5316.000	47680	182966	500
2021.05.13	09:00:00	5311.500	5330.000	5278.500	5293.500	295486	827302	500
2021.05.13	10:00:00	5293.500	5317.000	5263.000	5271.000	242178	705174	500
2021.05.13	11:00:00	5271.500	5291.000	5261.000	5286.000	157174	504999	500
2021.05.13	12:00:00	5286.000	5313.500	5283.000	5288.000	140432	458641	500
2021.05.13	13:00:00	5288.000	5291.500	5273.000	5284.000	77857	250471	500
2021.05.13	14:00:00	5284.000	5341.000	5283.000	5332.000	148229	479602	500
2021.05.13	15:00:00	5332.000	5332.500	5299.500	5304.500	95011	322384	500
2021.05.13	16:00:00	5305.000	5324.500	5297.500	5321.000	75152	246191	500
2021.05.13	17:00:00	5320.500	5322.500	5300.000	5314.500	40946	155155	500
2021.05.14	09:00:00	5295.000	5304.500	5273.500	5296.000	240161	679010	500
2021.05.14	10:00:00	5295.500	5302.000	5263.000	5267.000	184233	524086	500
2021.05.14	11:00:00	5267.500	5291.000	5266.500	5270.500	143913	480626	500
2021.05.14	12:00:00	5270.500	5283.500	5258.500	5269.000	99137	338413	500
2021.05.14	13:00:00	5269.000	5274.500	5252.500	5271.000	86737	299276	500
2021.05.14	14:00:00	5271.000	5288.000	5268.000	5286.500	64556	222037	500
2021.05.14	15:00:00	5286.000	5289.000	5271.000	5271.000	59217	203686	500
2021.05.14	16:00:00	5271.500	5282.000	5270.000	5278.000	36817	130546	500
2021.05.14	17:00:00	5278.000	5287.500	5270.000	5280.000	35109	129395	500
2021.05.17	09:00:00	5295.000	5325.500	5290.000	5325.000	231319	637431	500
2021.05.17	10:00:00	5325.000	5327.000	5300.000	5300.500	173397	535329	500
2021.05.17	11:00:00	5300.500	5302.500	5258.500	5259.000	175520	556415	500
2021.05.17	12:00:00	5259.500	5275.000	5257.500	5267.500	86043	299020	500
2021.05.17	13:00:00	5267.500	5276.000	5265.000	5268.500	54826	184361	500
2021.05.17	14:00:00	5268.000	5274.500	5252.500	5269.500	81219	279080	500
2021.05.17	15:00:00	5270.000	5271.000	5259.500	5262.500	59863	230569	500
2021.05.17	16:00:00	5263.000	5277.000	5262.000	5273.000	53588	199888	500
2021.05.17	17:00:00	5272.500	5284.000	5268.000	5283.500	33392	125581	500
2021.05.18	09:00:00	5270.000	5278.000	5247.000	5269.500	239498	644150	500
2021.05.18	10:00:00	5269.000	5283.000	5255.500	5277.000	193768	576234	500
2021.05.18	11:00:00	5277.000	5287.500	5267.500	5269.000	144245	448680	500
2021.05.18	12:00:00	5269.000	5271.000	5237.000	5243.000	148103	519454	500
2021.05.18	13:00:00	5242.500	5262.000	5242.500	5254.500	88192	309864	500
2021.05.18	14:00:00	5254.500	5269.000	5251.000	5266.500	65118	210287	500
2021.05.18	15:00:00	5266.500	5269.500	5256.000	5259.500	79201	266962	500
2021.05.18	16:00:00	5259.500	5262.000	5250.000	5261.000	51206	170078	500
2021.05.18	17:00:00	5261.000	5269.000	5257.000	5267.000	35993	125840	500
2021.05.19	09:00:00	5292.500	5308.000	5283.500	5300.500	187294	544862	500
2021.05.19	10:00:00	5300.500	5306.000	5274.000	5285.500	180067	512758	500
2021.05.19	11:00:00	5286.000	5311.500	5285.000	5299.500	171628	539671	500
2021.05.19	12:00:00	5299.500	5304.000	5271.000	5272.000	113480	381070	500
2021.05.19	13:00:00	5272.000	5284.000	5265.000	5280.500	68524	232066	500
2021.05.19	14:00:00	5280.500	5287.000	5272.500	5281.500	63108	207631	500
2021.05.19	15:00:00	5281.500	5329.500	5273.000	5324.500	183872	619812	500
2021.05.19	16:00:00	5325.000	5331.500	5317.500	5321.500	67971	240647	500
2021.05.19	17:00:00	5321.500	5327.500	5315.000	5318.000	31415	116918	500
2021.05.20	09:00:00	5310.000	5312.500	5287.500	5298.500	190076	537942	500
2021.05.20	10:00:00	5299.000	5303.500	5285.500	5300.500	151694	497137	500
2021.05.20	11:00:00	5300.500	5303.000	5291.500	5300.000	103512	368988	500
2021.05.20	12:00:00	5300.000	5304.500	5280.500	5289.000	84677	335633	500
2021.05.20	13:00:00	5288.500	5300.500	5284.000	5295.000	60596	232150	500
2021.05.20	14:00:00	5295.000	5299.500	5285.000	5288.000	46256	166826	500
2021.05.20	15:00:00	5288.000	5296.000	5282.000	5283.500	55271	201375	500
2021.05.20	16:00:00	5283.000	5285.500	5275.000	5280.500	48696	187157	500
2021.05.20	17:00:00	5280.500	5291.000	5280.000	5289.500	28354	106378	500
2021.05.21	09:00:00	5290.000	5313.500	5280.500	5282.000	183957	558736	500
2021.05.21	10:00:00	5282.000	5293.500	5275.500	5289.500	156606	490433	500
2021.05.21	11:00:00	5289.500	5324.000	5289.000	5315.500	172568	599722	500
2021.05.21	12:00:00	5315.500	5333.500	5313.000	5329.000	91940	337735	500
2021.05.21	13:00:00	5329.000	5356.000	5326.500	5353.000	107038	400058	500
2021.05.21	14:00:00	5352.500	5353.500	5341.000	5347.500	63494	222173	500
2021.05.21	15:00:00	5347.500	5359.500	5343.500	5359.000	60600	209073	500
2021.05.21	16:00:00	5358.500	5360.000	5349.000	5359.000	46089	167528	500
2021.05.21	17:00:00	5359.000	5375.500	5350.000	5367.500	35809	142226	500
2021.05.24	09:00:00	5365.000	5378.500	5328.500	5329.000	176641	532200	500
2021.05.24	10:00:00	5329.500	5334.500	5320.000	5324.500	146064	464391	500
2021.05.24	11:00:00	5324.500	5330.000	5316.000	5322.000	87225	316692	500
2021.05.24	12:00:00	5321.500	5329.500	5314.000	5326.500	75543	279999	500
2021.05.24	13:00:00	5326.500	5331.500	5316.000	5322.000	61109	208336	500
2021.05.24	14:00:00	5322.500	5326.500	5318.000	5323.500	40052	153329	500
2021.05.24	15:00:00	5323.500	5334.000	5321.000	5323.500	54936	182494	500
2021.05.24	16:00:00	5323.000	5330.500	5320.000	5329.500	44553	164342	500
2021.05.24	17:00:00	5330.000	5330.000	5317.500	5320.500	35728	138689	500
2021.05.25	09:00:00	5314.000	5316.000	5297.000	5307.000	178799	518465	500
2021.05.25	10:00:00	5306.500	5328.000	5301.000	5321.500	189390	586864	500
2021.05.25	11:00:00	5321.500	5327.000	5309.000	5311.500	106231	372098	500
2021.05.25	12:00:00	5311.500	5317.500	5304.000	5310.500	77790	289078	500
2021.05.25	13:00:00	5311.000	5322.000	5309.500	5315.000	56632	198413	500
2021.05.25	14:00:00	5315.000	5328.500	5311.500	5327.500	55652	197202	500
2021.05.25	15:00:00	5327.000	5335.000	5323.000	5334.000	80215	274054	500
2021.05.25	16:00:00	5334.500	5346.000	5334.000	5340.500	63099	235988	500
2021.05.25	17:00:00	5340.500	5350.000	5333.500	5333.500	35287	136828	500
2021.05.26	09:00:00	5326.500	5329.000	5303.000	5318.500	204551	614072	500
2021.05.26	10:00:00	5318.500	5344.000	5316.000	5336.000	158696	524613	500
2021.05.26	11:00:00	5336.000	5340.000	5304.000	5310.000	140780	484136	500
2021.05.26	12:00:00	5310.000	5311.000	5289.500	5308.000	112128	416124	500
2021.05.26	13:00:00	5308.000	5314.500	5303.000	5304.500	48996	176361	500
2021.05.26	14:00:00	5304.500	5323.500	5300.000	5317.500	72135	261162	500
2021.05.26	15:00:00	5317.500	5322.000	5310.500	5318.000	50956	181570	500
2021.05.26	16:00:00	5317.500	5320.000	5308.500	5314.000	38810	147986	500
2021.05.26	17:00:00	5314.000	5317.000	5307.500	5314.500	28920	111180	500
2021.05.27	09:00:00	5307.000	5313.500	5285.000	5293.000	228542	677935	500
2021.05.27	10:00:00	5292.500	5300.000	5287.500	5294.500	131718	473476	500
2021.05.27	11:00:00	5294.500	5299.500	5262.000	5264.500	182728	658879	500
2021.05.27	12:00:00	5265.000	5271.500	5260.000	5265.500	81291	309135	500
2021.05.27	13:00:00	5265.000	5279.000	5264.500	5275.500	70144	269148	500
2021.05.27	14:00:00	5275.500	5275.500	5241.500	5246.500	108629	403529	500
2021.05.27	15:00:00	5246.500	5259.500	5240.500	5242.000	91079	379767	500
2021.05.27	16:00:00	5242.000	5260.000	5241.500	5256.000	51472	209706	500
2021.05.27	17:00:00	5256.000	5260.000	5236.500	5238.000	38802	185024	500
2021.05.28	09:00:00	5258.000	5261.000	5240.500	5252.500	140909	391387	500
2021.05.28	10:00:00	5252.000	5254.000	5226.000	5232.000	156004	471273	500
2021.05.28	11:00:00	5231.500	5234.500	5220.500	5223.500	92984	312002	500
2021.05.28	12:00:00	5223.500	5227.500	5219.000	5219.500	47682	169046	500
2021.05.28	13:00:00	5219.500	5234.500	5217.000	5232.000	64884	224754	500
2021.05.28	14:00:00	5231.500	5232.000	5212.500	5217.500	72192	234076	500
2021.05.28	15:00:00	5217.000	5223.000	5211.000	5214.500	54576	197056	500
2021.05.28	16:00:00	5215.000	5220.500	5210.000	5213.500	46839	174979	500
2021.05.28	17:00:00	5213.000	5228.000	5211.500	5227.000	31434	129426	500
2021.05.31	09:00:00	5243.000	5251.500	5232.000	5236.500	109234	329052	500
2021.05.31	10:00:00	5236.000	5237.500	5212.500	5228.000	122900	394691	500
2021.05.31	11:00:00	5228.000	5268.500	5228.000	5262.000	122431	408658	500
2021.05.31	12:00:00	5262.000	5277.000	5260.500	5262.000	84654	301945	500
2021.05.31	13:00:00	5262.000	5276.500	5253.000	5256.000	61419	217801	500
2021.05.31	14:00:00	5256.500	5256.500	5241.000	5241.500	40430	136676	500
2021.05.31	15:00:00	5241.500	5244.000	5228.000	5238.500	59202	203475	500
2021.05.31	16:00:00	5238.500	5242.000	5233.500	5238.500	33238	119468	500
2021.05.31	17:00:00	5239.000	5240.500	5230.000	5232.500	24249	104774	500
2021.06.01	09:00:00	5213.500	5222.000	5185.500	5191.500	244665	735915	500
2021.06.01	10:00:00	5191.000	5192.500	5160.000	5170.500	192644	660768	500
2021.06.01	11:00:00	5170.000	5179.500	5161.000	5166.500	118946	419999	500
2021.06.01	12:00:00	5166.500	5181.000	5166.000	5178.000	76769	287511	500
2021.06.01	13:00:00	5178.500	5184.500	5171.000	5175.500	81745	261603	500
2021.06.01	14:00:00	5175.500	5185.000	5175.000	5180.000	62515	230576	500
2021.06.01	15:00:00	5180.000	5181.000	5167.500	5171.500	64534	236659	500
2021.06.01	16:00:00	5171.500	5173.500	5155.000	5158.500	64612	243323	500
2021.06.01	17:00:00	5158.500	5170.500	5154.000	5164.500	44234	165183	500
2021.06.02	09:00:00	5170.000	5180.000	5162.500	5171.000	206451	612689	500
2021.06.02	10:00:00	5171.000	5187.500	5157.000	5158.500	182356	649860	500
2021.06.02	11:00:00	5158.500	5159.500	5102.500	5103.500	232516	903057	500
2021.06.02	12:00:00	5103.500	5109.500	5080.000	5087.500	138615	560856	500
2021.06.02	13:00:00	5087.500	5101.500	5087.500	5100.000	85039	336902	500
2021.06.02	14:00:00	5100.500	5106.000	5089.000	5091.000	75024	305263	500
2021.06.02	15:00:00	5091.500	5093.000	5081.500	5092.000	84192	326197	500
2021.06.02	16:00:00	5092.500	5108.500	5090.500	5095.500	78724	327705	500
2021.06.02	17:00:00	5095.500	5103.500	5085.000	5088.500	47828	217209	500
2021.06.04	09:00:00	5122.000	5124.000	5073.500	5080.000	253932	768057	500
2021.06.04	10:00:00	5080.500	5087.500	5066.000	5069.000	154536	519524	500
2021.06.04	11:00:00	5069.500	5089.500	5068.500	5079.500	103707	403583	500
2021.06.04	12:00:00	5079.500	5101.000	5075.000	5081.000	109204	392828	500
2021.06.04	13:00:00	5081.000	5090.000	5079.000	5081.000	49950	179698	500
2021.06.04	14:00:00	5081.000	5082.500	5062.000	5063.000	75316	257580	500
2021.06.04	15:00:00	5063.000	5067.500	5044.500	5055.500	93807	337090	500
2021.06.04	16:00:00	5055.500	5060.000	5044.500	5048.500	55661	207115	500
2021.06.04	17:00:00	5048.500	5070.000	5046.500	5060.000	32078	130208	500
2021.06.07	09:00:00	5052.000	5073.500	5041.000	5071.500	221248	625013	500
2021.06.07	10:00:00	5071.000	5078.500	5057.500	5072.500	178597	537561	500
2021.06.07	11:00:00	5072.500	5082.000	5059.000	5062.500	140395	442022	500
2021.06.07	12:00:00	5062.500	5066.000	5032.500	5033.000	125885	421532	500
2021.06.07	13:00:00	5033.000	5055.000	5030.000	5049.000	98877	345526	500
2021.06.07	14:00:00	5049.500	5058.500	5047.000	5054.000	54984	194230	500
2021.06.07	15:00:00	5054.000	5055.000	5040.500	5047.000	68736	235331	500
2021.06.07	16:00:00	5047.500	5056.000	5045.000	5049.500	65154	264268	500
2021.06.07	17:00:00	5049.000	5070.000	5045.000	5068.000	39370	164026	500
2021.06.08	09:00:00	5055.000	5067.500	5038.500	5066.500	218974	615170	500
2021.06.08	10:00:00	5066.500	5080.000	5061.000	5076.500	153896	506106	500
2021.06.08	11:00:00	5076.000	5078.000	5038.500	5047.000	166573	566064	500
2021.06.08	12:00:00	5047.500	5052.000	5033.000	5050.500	113433	392799	500
2021.06.08	13:00:00	5050.500	5057.500	5041.500	5041.500	85992	317110	500
2021.06.08	14:00:00	5041.500	5053.500	5041.500	5045.500	64373	233384	500
2021.06.08	15:00:00	5046.000	5060.000	5042.500	5047.000	73804	252480	500
2021.06.08	16:00:00	5047.000	5054.000	5045.000	5046.000	44626	161572	500
2021.06.08	17:00:00	5045.500	5057.000	5044.500	5047.500	32870	116605	500
2021.06.09	09:00:00	5036.000	5050.000	5030.000	5043.000	166354	474907	500
2021.06.09	10:00:00	5043.000	5061.500	5036.500	5054.500	214631	687736	500
2021.06.09	11:00:00	5054.500	5070.000	5045.000	5068.500	145834	478828	500
2021.06.09	12:00:00	5069.000	5079.500	5064.500	5076.000	97885	346770	500
2021.06.09	13:00:00	5075.500	5095.500	5074.000	5089.000	102149	359440	500
2021.06.09	14:00:00	5089.000	5096.500	5079.500	5087.500	83494	312128	500
2021.06.09	15:00:00	5087.000	5087.500	5073.000	5073.500	67510	266126	500
2021.06.09	16:00:00	5073.500	5085.000	5072.000	5081.000	48462	173764	500
2021.06.09	17:00:00	5081.000	5083.500	5071.500	5074.500	25236	108158	500
2021.06.10	09:00:00	5072.500	5077.500	5042.500	5056.500	232704	703147	500
2021.06.10	10:00:00	5056.000	5072.000	5047.000	5061.500	191753	609961	500
2021.06.10	11:00:00	5061.500	5084.500	5048.000	5084.500	169450	592180	500
2021.06.10	12:00:00	5084.500	5091.500	5075.500	5077.500	88042	317985	500
2021.06.10	13:00:00	5078.000	5102.000	5076.000	5083.000	90979	324111	500
2021.06.10	14:00:00	5083.000	5095.500	5080.500	5085.500	76680	293784	500
2021.06.10	15:00:00	5085.000	5092.500	5081.000	5082.000	50278	186924	500
2021.06.10	16:00:00	5082.500	5088.000	5070.500	5076.000	63480	226787	500
2021.06.10	17:00:00	5076.500	5083.000	5065.500	5066.500	26732	107295	500
2021.06.11	09:00:00	5060.000	5114.500	5059.500	5105.500	200070	599667	500
2021.06.11	10:00:00	5106.000	5120.500	5092.000	5120.000	156284	480318	500
2021.06.11	11:00:00	5120.000	5142.500	5114.000	5138.500	156228	536358	500
2021.06.11	12:00:00	5138.500	5149.000	5133.000	5140.500	93273	326182	500
2021.06.11	13:00:00	5140.500	5145.000	5127.000	5128.500	56660	198495	500
2021.06.11	14:00:00	5128.500	5138.500	5123.000	5127.500	61226	219913	500
2021.06.11	15:00:00	5127.000	5137.500	5121.500	5123.000	50556	186895	500
2021.06.11	16:00:00	5122.500	5133.500	5122.500	5130.000	38006	140946	500
2021.06.11	17:00:00	5129.500	5140.000	5125.000	5129.000	38418	156781	500
2021.06.14	09:00:00	5115.000	5121.000	5105.500	5106.000	145896	458676	500
2021.06.14	10:00:00	5106.000	5107.000	5085.500	5086.000	157932	537181	500
2021.06.14	11:00:00	5086.000	5094.000	5070.000	5071.500	118890	424600	500
2021.06.14	12:00:00	5071.500	5076.500	5064.500	5067.000	81377	295608	500
2021.06.14	13:00:00	5066.500	5074.500	5065.500	5070.500	52361	199262	500
2021.06.14	14:00:00	5070.000	5080.500	5068.500	5079.000	47208	174352	500
2021.06.14	15:00:00	5079.000	5089.000	5077.500	5080.500	72767	280819	500
2021.06.14	16:00:00	5080.500	5086.500	5078.000	5080.500	39314	159160	500
2021.06.14	17:00:00	5080.500	5081.000	5068.000	5070.000	31268	128651	500
2021.06.15	09:00:00	5073.000	5092.000	5064.500	5088.000	230007	668207	500
2021.06.15	10:00:00	5088.500	5097.500	5077.000	5090.000	176998	572574	500
2021.06.15	11:00:00	5090.000	5113.500	5083.000	5088.500	161785	556495	500
2021.06.15	12:00:00	5088.000	5104.000	5083.500	5101.500	95715	331076	500
2021.06.15	13:00:00	5101.000	5103.500	5087.500	5092.500	57701	203696	500
2021.06.15	14:00:00	5092.500	5098.000	5054.000	5069.500	101122	383758	500
2021.06.15	15:00:00	5069.000	5071.500	5047.500	5051.000	84068	321070	500
2021.06.15	16:00:00	5051.500	5056.500	5049.000	5050.000	49233	181681	500
2021.06.15	17:00:00	5050.000	5057.500	5049.500	5051.000	23799	114226	500
2021.06.16	09:00:00	5061.000	5065.000	5041.000	5058.000	201244	580154	500
2021.06.16	10:00:00	5058.000	5058.500	5035.500	5040.000	156325	512864	500
2021.06.16	11:00:00	5040.000	5043.500	5021.500	5023.500	125373	471414	500
2021.06.16	12:00:00	5023.000	5026.500	5001.000	5007.000	146070	587397	500
2021.06.16	13:00:00	5007.000	5020.000	5004.500	5010.000	75300	280327	500
2021.06.16	14:00:00	5009.500	5024.500	5008.000	5013.000	65363	238387	500
2021.06.16	15:00:00	5013.000	5089.500	5013.000	5069.500	313735	1146678	500
2021.06.16	16:00:00	5069.500	5071.000	5048.000	5064.000	91894	342046	500
2021.06.16	17:00:00	5064.000	5073.000	5061.000	5063.000	37638	157717	500
2021.06.17	09:00:00	5075.000	5083.500	5051.000	5077.000	243455	792310	500
2021.06.17	10:00:00	5077.000	5078.500	5027.000	5044.000	232760	792861	500
2021.06.17	11:00:00	5044.000	5048.500	5024.000	5029.000	147132	489596	500
2021.06.17	12:00:00	5029.000	5050.500	5015.000	5032.000	136314	499232	500
2021.06.17	13:00:00	5032.000	5044.500	5026.000	5037.500	76189	269678	500
2021.06.17	14:00:00	5037.000	5041.000	5028.000	5028.500	57288	193733	500
2021.06.17	15:00:00	5028.500	5037.500	5024.000	5036.500	56849	195741	500
2021.06.17	16:00:00	5036.500	5039.000	5028.000	5032.000	36839	139230	500
2021.06.17	17:00:00	5032.000	5032.000	5013.500	5013.500	37835	148414	500
2021.06.18	09:00:00	5013.500	5033.000	5002.500	5005.000	239349	733339	500
2021.06.18	10:00:00	5004.500	5032.500	4988.000	5027.000	253428	873995	500
2021.06.18	11:00:00	5027.000	5063.500	5025.000	5041.500	226715	825498	500
2021.06.18	12:00:00	5041.500	5063.000	5041.500	5047.000	114815	411825	500
2021.06.18	13:00:00	5047.000	5089.000	5039.500	5086.500	110677	392475	500
2021.06.18	14:00:00	5086.000	5090.000	5063.500	5070.500	76505	257907	500
2021.06.18	15:00:00	5070.500	5077.500	5059.000	5073.500	78996	273996	500
2021.06.18	16:00:00	5073.500	5082.500	5063.500	5077.500	62031	218308	500
2021.06.18	17:00:00	5077.500	5115.500	5074.000	5095.500	55963	257052	500
2021.06.21	09:00:00	5078.500	5087.500	5055.000	5059.000	175002	528591	500
2021.06.21	10:00:00	5059.000	5061.000	5040.500	5053.000	157115	509714	500
2021.06.21	11:00:00	5052.500	5055.000	5038.500	5043.500	132643	429530	500
2021.06.21	12:00:00	5043.500	5049.000	5036.500	5036.500	60991	228274	500
2021.06.21	13:00:00	5037.000	5043.500	5028.500	5036.500	75397	245592	500
2021.06.21	14:00:00	5036.000	5045.500	5032.000	5034.000	61557	204210	500
2021.06.21	15:00:00	5034.000	5035.000	5022.000	5025.500	78631	262276	500
2021.06.21	16:00:00	5026.000	5030.500	5022.000	5027.000	38818	130155	500
2021.06.21	17:00:00	5027.000	5033.000	5018.000	5019.000	35991	138004	500
2021.06.22	09:00:00	5019.000	5050.000	5010.500	5037.500	213488	691903	500
2021.06.22	10:00:00	5037.500	5048.500	5025.000	5040.500	202421	689654	500
2021.06.22	11:00:00	5040.500	5043.000	5013.000	5018.500	167869	611650	500
2021.06.22	12:00:00	5019.000	5025.500	5000.000	5004.500	120786	445312	500
2021.06.22	13:00:00	5004.000	5010.000	4994.500	5001.500	90067	350430	500
2021.06.22	14:00:00	5002.000	5009.500	4983.000	4995.000	88762	325658	500
2021.06.22	15:00:00	4995.000	5002.000	4984.500	4985.000	83594	294693	500
2021.06.22	16:00:00	4985.000	4988.500	4967.000	4970.500	76118	297780	500
2021.06.22	17:00:00	4970.500	4979.500	4961.000	4961.000	53798	172043	500
2021.06.23	09:00:00	4966.500	4969.000	4942.500	4949.500	218420	670145	500
2021.06.23	10:00:00	4950.000	4973.500	4945.000	4945.500	208889	659601	500
2021.06.23	11:00:00	4945.500	4983.500	4943.500	4970.500	193787	679828	500
2021.06.23	12:00:00	4970.500	4981.500	4956.000	4957.000	130078	481691	500
2021.06.23	13:00:00	4957.000	4969.500	4940.500	4965.000	119017	437637	500
2021.06.23	14:00:00	4965.000	4972.500	4954.500	4961.500	80669	287017	500
2021.06.23	15:00:00	4962.000	4982.000	4961.000	4972.000	86374	338396	500
2021.06.23	16:00:00	4972.000	4975.500	4964.500	4967.000	57313	209545	500
2021.06.23	17:00:00	4967.000	4972.000	4962.500	4970.000	27677	115100	500
2021.06.24	09:00:00	4968.500	4970.500	4926.000	4933.500	221000	715789	500
2021.06.24	10:00:00	4933.500	4952.500	4927.500	4934.500	181059	593639	500
2021.06.24	11:00:00	4934.000	4943.000	4927.000	4930.500	132117	452513	500
2021.06.24	12:00:00	4930.500	4935.500	4917.500	4920.000	108230	402597	500
2021.06.24	13:00:00	4920.500	4928.000	4912.500	4913.500	73216	280176	500
2021.06.24	14:00:00	4913.500	4916.000	4905.000	4906.500	81298	333165	500
2021.06.24	15:00:00	4906.500	4919.000	4905.000	4918.500	74192	314889	500
2021.06.24	16:00:00	4918.500	4919.500	4905.000	4908.500	53168	197759	500
2021.06.24	17:00:00	4908.000	4918.500	4900.500	4918.500	44990	211776	500
2021.06.25	09:00:00	4916.500	4928.000	4895.500	4918.000	235010	732620	500
2021.06.25	10:00:00	4918.000	4926.000	4903.000	4904.500	178352	588909	500
2021.06.25	11:00:00	4904.500	4934.500	4904.500	4933.000	103204	394636	500
2021.06.25	12:00:00	4933.000	4948.000	4927.000	4927.500	120061	448135	500
2021.06.25	13:00:00	4927.500	4944.000	4927.500	4941.000	58563	212077	500
2021.06.25	14:00:00	4941.500	4960.000	4940.000	4957.500	87432	322441	500
2021.06.25	15:00:00	4957.500	4977.000	4949.500	4956.000	95434	355403	500
2021.06.25	16:00:00	4956.000	4966.000	4938.000	4938.500	71836	276608	500
2021.06.25	17:00:00	4938.500	4944.500	4931.000	4936.500	31629	129535	500
2021.06.28	09:00:00	4951.000	4973.500	4941.500	4946.000	198113	637597	500
2021.06.28	10:00:00	4946.000	4949.000	4928.000	4940.500	148502	489209	500
2021.06.28	11:00:00	4940.500	4955.000	4936.000	4939.500	140143	482180	500
2021.06.28	12:00:00	4939.500	4967.000	4935.000	4945.500	111128	394263	500
2021.06.28	13:00:00	4945.500	4961.500	4945.000	4952.500	62851	220538	500
2021.06.28	14:00:00	4952.500	4958.000	4935.500	4937.500	69718	254582	500
2021.06.28	15:00:00	4937.500	4939.500	4929.000	4929.500	59008	194784	500
2021.06.28	16:00:00	4929.500	4932.500	4919.000	4929.500	63896	238178	500
2021.06.28	17:00:00	4929.500	4934.000	4921.000	4929.000	30222	111220	500
2021.06.29	09:00:00	4943.000	4951.000	4932.000	4938.500	185416	550009	500
2021.06.29	10:00:00	4938.500	4951.000	4934.500	4947.500	134461	435302	500
2021.06.29	11:00:00	4947.000	4971.500	4947.000	4949.500	172190	599372	500
2021.06.29	12:00:00	4949.500	4952.500	4934.500	4939.500	85598	299177	500
2021.06.29	13:00:00	4939.500	4945.500	4938.500	4942.000	36742	133071	500
2021.06.29	14:00:00	4942.000	4943.500	4922.000	4931.500	77647	279201	500
2021.06.29	15:00:00	4931.500	4944.500	4929.500	4943.500	62046	228434	500
2021.06.29	16:00:00	4944.000	4945.500	4938.000	4943.000	35368	135732	500
2021.06.29	17:00:00	4943.000	4960.000	4936.000	4956.500	33935	138010	500
2021.06.30	09:00:00	4977.000	5012.000	4967.500	4992.000	198986	624752	500
2021.06.30	10:00:00	4992.000	5027.000	4990.500	5015.000	160124	537744	500
2021.06.30	11:00:00	5015.000	5038.500	4997.000	5033.500	157737	567006	500
2021.06.30	12:00:00	5033.500	5040.000	5022.000	5023.500	92802	367435	500
2021.06.30	13:00:00	5023.500	5031.500	5006.500	5022.500	94115	346389	500
2021.06.30	14:00:00	5023.000	5023.500	5008.000	5013.500	53229	202010	500
2021.06.30	15:00:00	5013.500	5018.000	4995.000	4996.500	55335	209607	500
2021.06.30	16:00:00	4996.500	5003.000	4987.000	4992.500	52179	189873	500
2021.06.30	17:00:00	4992.500	4993.000	4983.000	4987.000	28169	125637	500
2021.07.01	09:00:00	4979.000	4992.500	4966.500	4974.000	200960	614015	500
2021.07.01	10:00:00	4973.500	5009.500	4962.000	5009.500	212176	703993	500
2021.07.01	11:00:00	5009.000	5038.500	5006.000	5028.000	178649	629892	500
2021.07.01	12:00:00	5028.500	5063.500	5027.500	5051.000	127366	474795	500
2021.07.01	13:00:00	5050.500	5053.500	5036.000	5046.000	69239	261390	500
2021.07.01	14:00:00	5046.000	5057.500	5043.500	5056.500	65815	221850	500
2021.07.01	15:00:00	5056.500	5063.000	5036.000	5051.500	84799	303485	500
2021.07.01	16:00:00	5051.000	5067.000	5049.000	5059.500	58522	214239	500
2021.07.01	17:00:00	5059.500	5070.000	5057.000	5061.500	42270	155137	500
2021.07.02	09:00:00	5051.000	5078.000	5004.000	5006.000	254343	798953	500
2021.07.02	10:00:00	5006.000	5038.000	5001.500	5037.500	166062	544726	500
2021.07.02	11:00:00	5037.000	5088.500	5030.500	5067.000	202056	737617	500
2021.07.02	12:00:00	5067.500	5074.000	5045.000	5059.000	92592	321975	500
2021.07.02	13:00:00	5059.000	5073.500	5055.500	5073.500	56243	187672	500
2021.07.02	14:00:00	5073.500	5083.000	5043.000	5054.500	77964	279351	500
2021.07.02	15:00:00	5054.000	5061.500	5044.500	5060.500	57466	197523	500
2021.07.02	16:00:00	5060.500	5071.500	5057.000	5065.500	41710	150055	500
2021.07.02	17:00:00	5066.000	5078.500	5064.500	5074.500	28030	112045	500
2021.07.05	09:00:00	5070.000	5083.500	5062.500	5082.500	147863	402756	500
2021.07.05	10:00:00	5082.500	5089.500	5071.500	5084.000	133684	387881	500
2021.07.05	11:00:00	5084.000	5100.000	5083.500	5095.000	107288	323826	500
2021.07.05	12:00:00	5095.000	5107.500	5088.500	5093.000	78265	247303	500
2021.07.05	13:00:00	5093.000	5094.500	5080.000	5083.000	56866	180222	500
2021.07.05	14:00:00	5083.500	5103.000	5077.000	5099.000	71897	214414	500
2021.07.05	15:00:00	5099.000	5105.000	5094.000	5096.000	50829	144750	500
2021.07.05	16:00:00	5096.500	5104.500	5096.000	5102.500	29013	85826	500
2021.07.05	17:00:00	5102.000	5114.500	5098.500	5106.500	36460	121237	500
2021.07.06	09:00:00	5092.000	5134.000	5090.000	5127.000	230162	688447	500
2021.07.06	10:00:00	5127.000	5170.000	5123.500	5161.000	220953	718140	500
2021.07.06	11:00:00	5161.500	5215.000	5158.000	5213.500	220023	725098	500
2021.07.06	12:00:00	5213.500	5221.000	5191.000	5195.000	139702	430224	500
2021.07.06	13:00:00	5195.000	5209.500	5193.500	5199.000	87137	249430	500
2021.07.06	14:00:00	5198.500	5203.500	5185.000	5189.500	99238	314792	500
2021.07.06	15:00:00	5190.000	5218.000	5187.500	5215.000	96550	321480	500
2021.07.06	16:00:00	5215.000	5227.000	5213.000	5224.500	69156	234342	500
2021.07.06	17:00:00	5224.000	5231.500	5211.500	5212.500	44203	171924	500
2021.07.07	09:00:00	5194.000	5216.500	5183.500	5214.000	253730	702551	500
2021.07.07	10:00:00	5214.000	5228.000	5204.000	5209.500	225714	669950	500
2021.07.07	11:00:00	5209.500	5279.500	5207.000	5274.500	241928	847298	500
2021.07.07	12:00:00	5274.000	5295.000	5265.000	5280.500	150647	537945	500
2021.07.07	13:00:00	5281.000	5292.500	5274.500	5283.500	85057	296160	500
2021.07.07	14:00:00	5283.500	5294.000	5257.000	5264.000	111034	388692	500
2021.07.07	15:00:00	5263.500	5275.500	5219.500	5252.500	186739	657924	500
2021.07.07	16:00:00	5252.500	5254.500	5233.000	5251.500	68312	227820	500
2021.07.07	17:00:00	5252.000	5257.500	5242.000	5246.500	32718	105612	500
2021.07.08	09:00:00	5290.000	5309.000	5277.500	5299.000	249670	746094	500
2021.07.08	10:00:00	5299.000	5305.500	5271.000	5284.000	227806	696792	500
2021.07.08	11:00:00	5284.000	5327.000	5275.500	5299.000	242417	812690	500
2021.07.08	12:00:00	5299.500	5300.000	5246.000	5249.000	174423	603474	500
2021.07.08	13:00:00	5248.500	5253.000	5232.000	5251.000	104157	366541	500
2021.07.08	14:00:00	5251.500	5271.000	5247.500	5257.500	97363	335997	500
2021.07.08	15:00:00	5257.000	5273.000	5254.000	5268.500	62606	223082	500
2021.07.08	16:00:00	5269.000	5274.500	5264.000	5267.000	46085	168665	500
2021.07.08	17:00:00	5267.000	5276.000	5261.500	5272.000	25182	94437	500
2021.07.12	09:00:00	5266.500	5296.500	5257.500	5259.000	260153	758476	500
2021.07.12	10:00:00	5259.000	5265.000	5243.000	5256.000	177648	530308	500
2021.07.12	11:00:00	5256.000	5267.000	5223.500	5225.500	152548	503770	500
2021.07.12	12:00:00	5225.500	5230.500	5202.000	5206.500	133632	467989	500
2021.07.12	13:00:00	5206.500	5216.500	5192.000	5196.000	94003	328342	500
2021.07.12	14:00:00	5196.000	5200.500	5186.500	5194.500	77433	271967	500
2021.07.12	15:00:00	5194.500	5206.000	5191.000	5194.500	66146	224273	500
2021.07.12	16:00:00	5194.000	5196.500	5175.000	5185.000	74784	289993	500
2021.07.12	17:00:00	5185.000	5190.500	5178.500	5183.000	37532	129680	500
2021.07.13	09:00:00	5189.500	5233.500	5178.500	5227.500	250702	775995	500
2021.07.13	10:00:00	5228.000	5229.500	5192.500	5200.500	226134	702000	500
2021.07.13	11:00:00	5200.000	5200.500	5166.500	5176.500	183517	597866	500
2021.07.13	12:00:00	5177.000	5184.500	5164.000	5165.500	105242	372368	500
2021.07.13	13:00:00	5166.000	5171.500	5158.500	5170.000	73830	252797	500
2021.07.13	14:00:00	5170.000	5198.000	5167.000	5184.500	123344	478238	500
2021.07.13	15:00:00	5184.500	5197.500	5171.000	5178.000	83621	279873	500
2021.07.13	16:00:00	5178.000	5194.500	5175.000	5193.000	57923	216277	500
2021.07.13	17:00:00	5192.500	5193.000	5173.500	5174.000	28704	106649	500
2021.07.14	09:00:00	5163.000	5167.500	5102.000	5115.500	259221	845845	500
2021.07.14	10:00:00	5115.500	5122.500	5094.500	5097.500	192477	620125	500
2021.07.14	11:00:00	5097.000	5101.500	5076.500	5089.500	185567	627420	500
2021.07.14	12:00:00	5090.000	5110.500	5080.000	5095.000	125519	422722	500
2021.07.14	13:00:00	5095.000	5102.000	5090.500	5095.500	66126	235560	500
2021.07.14	14:00:00	5095.500	5100.000	5091.000	5097.000	48178	178715	500
2021.07.14	15:00:00	5096.500	5104.500	5082.000	5088.500	87273	312273	500
2021.07.14	16:00:00	5088.500	5095.500	5080.000	5094.500	65146	234248	500
2021.07.14	17:00:00	5094.500	5097.500	5080.000	5082.000	36086	136451	500
2021.07.15	09:00:00	5093.500	5105.000	5062.000	5086.000	246324	702053	500
2021.07.15	10:00:00	5086.000	5118.500	5081.500	5104.000	239538	741493	500
2021.07.15	11:00:00	5104.000	5120.000	5090.500	5111.500	176606	564905	500
2021.07.15	12:00:00	5111.500	5133.000	5105.500	5127.500	114104	380735	500
2021.07.15	13:00:00	5128.000	5132.500	5110.000	5122.500	90456	299198	500
2021.07.15	14:00:00	5122.500	5147.000	5120.000	5147.000	107660	369270	500
2021.07.15	15:00:00	5146.500	5147.500	5125.500	5141.500	78060	273986	500
2021.07.15	16:00:00	5141.000	5143.000	5123.500	5125.500	54989	193606	500
2021.07.15	17:00:00	5125.500	5126.500	5118.000	5123.000	27433	101178	500
2021.07.16	09:00:00	5114.000	5128.000	5086.500	5111.500	261910	776654	500
2021.07.16	10:00:00	5111.500	5135.000	5101.000	5117.500	182463	598460	500
2021.07.16	11:00:00	5117.000	5134.500	5084.000	5084.500	208250	680024	500
2021.07.16	12:00:00	5085.000	5115.500	5083.500	5100.000	111903	373578	500
2021.07.16	13:00:00	5100.500	5105.500	5082.000	5088.000	76886	253305	500
2021.07.16	14:00:00	5087.500	5107.500	5084.500	5103.500	71685	240432	500
2021.07.16	15:00:00	5103.500	5123.500	5103.500	5120.500	76454	261249	500
2021.07.16	16:00:00	5121.000	5133.000	5119.000	5123.500	61160	216669	500
2021.07.16	17:00:00	5123.500	5131.000	5120.500	5123.000	24887	101785	500
2021.07.19	09:00:00	5165.000	5206.000	5159.000	5202.500	261850	698387	500
2021.07.19	10:00:00	5202.500	5209.000	5170.000	5192.000	246242	729023	500
2021.07.19	11:00:00	5191.500	5218.000	5190.500	5214.000	203716	600733	500
2021.07.19	12:00:00	5214.500	5224.500	5204.500	5216.500	117153	373310	500
2021.07.19	13:00:00	5216.000	5238.000	5209.500	5228.500	103669	340710	500
2021.07.19	14:00:00	5229.000	5245.000	5223.000	5244.000	96656	290178	500
2021.07.19	15:00:00	5243.500	5263.000	5233.500	5260.500	97969	336738	500
2021.07.19	16:00:00	5260.500	5265.000	5255.000	5256.000	67474	228652	500
2021.07.19	17:00:00	5256.000	5263.500	5248.500	5258.000	46127	162400	500
2021.07.20	09:00:00	5247.500	5287.500	5238.000	5277.500	249940	749722	500
2021.07.20	10:00:00	5278.000	5301.500	5256.000	5259.500	221963	729102	500
2021.07.20	11:00:00	5259.500	5272.000	5237.000	5255.500	198559	666996	500
2021.07.20	12:00:00	5255.000	5259.500	5208.500	5227.000	137327	494074	500
2021.07.20	13:00:00	5227.000	5239.500	5214.000	5215.500	91852	324237	500
2021.07.20	14:00:00	5215.500	5232.500	5215.000	5227.000	72094	245596	500
2021.07.20	15:00:00	5227.500	5230.500	5216.500	5216.500	52761	173574	500
2021.07.20	16:00:00	5217.000	5237.000	5214.500	5236.500	58071	196995	500
2021.07.20	17:00:00	5236.500	5238.000	5221.000	5228.500	38164	147216	500
2021.07.21	09:00:00	5238.500	5274.000	5233.500	5269.000	227962	698156	500
2021.07.21	10:00:00	5269.500	5270.000	5244.000	5248.500	209302	683366	500
2021.07.21	11:00:00	5249.000	5283.500	5248.000	5260.000	186128	637188	500
2021.07.21	12:00:00	5259.500	5271.000	5227.500	5236.500	155463	544068	500
2021.07.21	13:00:00	5237.000	5239.500	5221.000	5232.500	86890	318284	500
2021.07.21	14:00:00	5232.500	5232.500	5208.500	5220.500	86994	291604	500
2021.07.21	15:00:00	5221.000	5225.000	5204.000	5206.500	80030	277806	500
2021.07.21	16:00:00	5207.000	5207.500	5186.500	5197.500	68850	260865	500
2021.07.21	17:00:00	5197.500	5197.500	5188.000	5193.000	27899	105254	500
2021.07.22	09:00:00	5188.000	5205.000	5173.000	5180.000	248463	716630	500
2021.07.22	10:00:00	5180.500	5217.500	5177.500	5212.500	215629	707642	500
2021.07.22	11:00:00	5212.000	5227.500	5207.000	5211.500	148905	513032	500
2021.07.22	12:00:00	5211.500	5230.000	5202.500	5211.000	115916	416153	500
2021.07.22	13:00:00	5211.000	5213.500	5191.500	5196.500	95660	338729	500
2021.07.22	14:00:00	5197.000	5214.500	5196.500	5202.500	69766	248879	500
2021.07.22	15:00:00	5203.000	5219.000	5200.000	5209.500	82149	305300	500
2021.07.22	16:00:00	5210.000	5217.000	5201.500	5215.500	52442	197435	500
2021.07.22	17:00:00	5215.500	5218.500	5205.500	5208.500	27914	105298	500
2021.07.23	09:00:00	5202.500	5203.000	5165.000	5167.000	170876	508703	500
2021.07.23	10:00:00	5166.500	5184.000	5163.500	5182.500	156597	485096	500
2021.07.23	11:00:00	5182.500	5195.000	5170.000	5170.500	152408	528179	500
2021.07.23	12:00:00	5171.000	5186.000	5162.500	5181.500	99406	354279	500
2021.07.23	13:00:00	5181.500	5193.500	5175.500	5193.000	54774	197701	500
2021.07.23	14:00:00	5192.500	5207.500	5185.000	5194.000	92988	335091	500
2021.07.23	15:00:00	5194.000	5232.500	5193.000	5225.000	82044	324965	500
2021.07.23	16:00:00	5225.000	5237.000	5211.500	5213.500	63303	226872	500
2021.07.23	17:00:00	5213.500	5215.000	5202.000	5205.000	29387	111723	500
2021.07.26	09:00:00	5195.000	5233.500	5192.500	5223.000	201287	588119	500
2021.07.26	10:00:00	5223.500	5228.500	5182.000	5183.500	203351	658049	500
2021.07.26	11:00:00	5183.500	5188.500	5167.000	5176.500	147058	518652	500
2021.07.26	12:00:00	5176.000	5185.000	5168.500	5175.000	84443	299011	500
2021.07.26	13:00:00	5175.000	5176.000	5154.500	5167.500	88007	319356	500
2021.07.26	14:00:00	5167.500	5179.500	5165.000	5178.500	61875	223976	500
2021.07.26	15:00:00	5178.500	5185.000	5173.000	5182.000	67288	246001	500
2021.07.26	16:00:00	5182.000	5186.500	5175.500	5178.000	45562	161744	500
2021.07.26	17:00:00	5178.000	5187.500	5176.500	5180.000	24684	102890	500
2021.07.27	09:00:00	5196.000	5208.500	5170.000	5195.000	244610	698743	500
2021.07.27	10:00:00	5194.500	5199.000	5164.000	5168.000	210464	688096	500
2021.07.27	11:00:00	5168.000	5177.000	5161.000	5166.500	141081	484443	500
2021.07.27	12:00:00	5166.000	5173.000	5152.000	5162.500	114215	414914	500
2021.07.27	13:00:00	5163.000	5177.500	5162.000	5174.000	62052	220574	500
2021.07.27	14:00:00	5173.500	5184.000	5170.000	5181.000	77157	270143	500
2021.07.27	15:00:00	5181.000	5187.000	5176.000	5184.000	61470	214272	500
2021.07.27	16:00:00	5184.000	5184.500	5174.000	5176.500	39602	148171	500
2021.07.27	17:00:00	5177.000	5180.500	5171.500	5172.000	26113	107835	500
2021.07.28	09:00:00	5173.500	5179.500	5155.500	5169.000	173199	517966	500
2021.07.28	10:00:00	5169.000	5169.000	5136.000	5137.500	202244	639221	500
2021.07.28	11:00:00	5137.500	5174.000	5130.000	5170.500	167140	601208	500
2021.07.28	12:00:00	5170.500	5176.000	5156.000	5157.500	97423	359749	500
2021.07.28	13:00:00	5157.000	5173.500	5152.500	5169.500	68937	241189	500
2021.07.28	14:00:00	5169.000	5185.000	5162.000	5174.500	73632	257071	500
2021.07.28	15:00:00	5175.000	5194.500	5118.500	5127.000	211886	742288	500
2021.07.28	16:00:00	5126.500	5129.500	5107.000	5111.500	73595	265046	500
2021.07.28	17:00:00	5111.500	5121.000	5106.500	5120.500	34978	141019	500
2021.07.29	09:00:00	5087.500	5092.000	5072.000	5079.500	146258	446664	500
2021.07.29	10:00:00	5079.500	5089.500	5070.500	5086.500	173797	567807	500
2021.07.29	11:00:00	5086.500	5088.000	5060.500	5062.000	159408	573059	500
2021.07.29	12:00:00	5061.500	5063.000	5044.000	5052.500	92545	352611	500
2021.07.29	13:00:00	5052.500	5059.500	5041.500	5059.000	69796	250293	500
2021.07.29	14:00:00	5059.000	5068.500	5056.000	5067.000	70353	288457	500
2021.07.29	15:00:00	5067.500	5081.500	5061.500	5063.500	80241	324724	500
2021.07.29	16:00:00	5063.500	5084.500	5063.000	5079.000	59368	240608	500
2021.07.29	17:00:00	5079.500	5084.500	5070.000	5080.000	30955	125497	500
2021.07.30	09:00:00	5098.500	5144.500	5098.500	5130.000	173899	489352	500
2021.07.30	10:00:00	5130.000	5133.000	5099.500	5110.500	136240	446964	500
2021.07.30	11:00:00	5110.500	5172.500	5105.000	5169.000	172297	624379	500
2021.07.30	12:00:00	5169.500	5176.500	5158.500	5163.500	93200	351526	500
2021.07.30	13:00:00	5163.500	5184.500	5158.000	5181.000	67652	235990	500
2021.07.30	14:00:00	5180.500	5200.000	5180.000	5193.500	75533	279837	500
2021.07.30	15:00:00	5194.000	5219.500	5192.500	5212.500	77134	293955	500
2021.07.30	16:00:00	5212.000	5234.500	5208.500	5229.000	83772	320261	500
2021.07.30	17:00:00	5229.000	5249.500	5215.500	5234.000	57074	229449	500
2021.08.02	09:00:00	5210.000	5214.500	5150.000	5163.000	226568	689548	500
2021.08.02	10:00:00	5163.000	5172.500	5153.000	5162.000	135496	436180	500
2021.08.02	11:00:00	5161.500	5165.000	5143.000	5153.000	151619	477966	500
2021.08.02	12:00:00	5153.000	5163.500	5136.000	5145.500	106837	359509	500
2021.08.02	13:00:00	5145.500	5162.500	5134.000	5140.000	89780	312979	500
2021.08.02	14:00:00	5140.500	5154.500	5135.500	5154.500	70979	235929	500
2021.08.02	15:00:00	5154.000	5183.000	5152.500	5177.500	102394	346085	500
2021.08.02	16:00:00	5177.500	5188.000	5171.500	5184.500	70068	246438	500
2021.08.02	17:00:00	5184.500	5239.000	5182.500	5190.500	97168	356999	500
2021.08.03	09:00:00	5187.000	5275.500	5183.000	5254.000	326786	974029	500
2021.08.03	10:00:00	5254.000	5289.000	5252.000	5284.000	208638	635234	500
2021.08.03	11:00:00	5284.000	5294.000	5266.000	5274.500	172622	543503	500
2021.08.03	12:00:00	5274.500	5277.000	5246.000	5254.000	140737	449043	500
2021.08.03	13:00:00	5253.500	5264.500	5241.000	5251.000	101957	340074	500
2021.08.03	14:00:00	5251.000	5251.500	5232.000	5248.500	97461	314950	500
2021.08.03	15:00:00	5248.500	5250.000	5218.500	5224.500	86528	290793	500
2021.08.03	16:00:00	5224.500	5225.000	5198.000	5210.000	90077	318943	500
2021.08.03	17:00:00	5210.000	5224.000	5209.000	5219.000	31665	108236	500
2021.08.04	09:00:00	5204.000	5238.500	5191.500	5217.000	284700	797200	500
2021.08.04	10:00:00	5217.000	5224.000	5184.000	5194.000	220062	662910	500
2021.08.04	11:00:00	5194.500	5256.000	5194.000	5236.500	242779	778062	500
2021.08.04	12:00:00	5236.500	5265.000	5232.500	5253.500	119924	402764	500
2021.08.04	13:00:00	5253.000	5260.000	5241.000	5249.500	79493	243410	500
2021.08.04	14:00:00	5249.500	5249.500	5208.500	5211.000	111824	361290	500
2021.08.04	15:00:00	5211.000	5215.000	5196.500	5207.500	83651	278951	500
2021.08.04	16:00:00	5207.500	5214.500	5200.500	5208.500	49104	163913	500
2021.08.04	17:00:00	5208.000	5208.500	5187.000	5188.500	40791	152614	500
2021.08.05	09:00:00	5142.500	5184.000	5137.000	5156.000	252637	753319	500
2021.08.05	10:00:00	5156.500	5164.500	5128.500	5138.500	253576	790739	500
2021.08.05	11:00:00	5138.500	5161.500	5133.500	5156.500	166954	551726	500
2021.08.05	12:00:00	5156.500	5197.000	5154.000	5195.500	156792	531825	500
2021.08.05	13:00:00	5195.500	5210.500	5191.500	5201.000	102081	356618	500
2021.08.05	14:00:00	5201.000	5228.500	5199.000	5215.500	114382	368114	500
2021.08.05	15:00:00	5216.000	5244.000	5212.000	5225.500	111758	384607	500
2021.08.05	16:00:00	5225.500	5238.000	5213.500	5235.500	85719	290897	500
2021.08.05	17:00:00	5235.500	5276.500	5230.500	5269.000	58829	248398	500
2021.08.06	09:00:00	5249.000	5292.500	5232.000	5270.000	303925	860940	500
2021.08.06	10:00:00	5270.000	5277.000	5222.000	5269.500	251438	813675	500
2021.08.06	11:00:00	5269.500	5286.500	5251.500	5260.500	164010	510895	500
2021.08.06	12:00:00	5260.500	5266.500	5226.000	5243.000	138219	434083	500
2021.08.06	13:00:00	5243.000	5260.000	5240.000	5244.500	82563	259025	500
2021.08.06	14:00:00	5244.000	5265.000	5238.000	5257.000	74204	231797	500
2021.08.06	15:00:00	5257.000	5268.000	5247.000	5261.500	72091	233406	500
2021.08.06	16:00:00	5261.000	5265.000	5246.500	5250.500	53573	178986	500
2021.08.06	17:00:00	5251.000	5274.000	5248.000	5248.500	54384	172111	500
2021.08.09	09:00:00	5245.000	5298.500	5241.000	5290.500	247329	677304	500
2021.08.09	10:00:00	5290.000	5293.000	5246.000	5256.500	248205	734958	500
2021.08.09	11:00:00	5257.000	5315.000	5254.000	5310.000	214970	681150	500
2021.08.09	12:00:00	5309.500	5315.000	5293.500	5306.000	126934	391784	500
2021.08.09	13:00:00	5306.000	5306.000	5281.500	5282.500	83657	261485	500
2021.08.09	14:00:00	5282.500	5285.500	5232.000	5243.000	150867	505770	500
2021.08.09	15:00:00	5243.000	5255.000	5230.500	5255.000	95036	339056	500
2021.08.09	16:00:00	5254.500	5263.000	5249.500	5261.500	53602	177303	500
2021.08.09	17:00:00	5261.000	5264.500	5250.000	5250.000	46389	143221	500
2021.08.10	09:00:00	5252.000	5278.500	5236.000	5257.000	343858	932775	500
2021.08.10	10:00:00	5256.500	5277.500	5234.000	5257.500	264714	792961	500
2021.08.10	11:00:00	5257.000	5271.500	5229.000	5233.500	207570	663468	500
2021.08.10	12:00:00	5234.000	5241.500	5206.000	5208.000	140930	456146	500
2021.08.10	13:00:00	5208.000	5225.500	5207.500	5217.000	97492	310177	500
2021.08.10	14:00:00	5217.000	5233.000	5200.500	5225.500	120497	391431	500
2021.08.10	15:00:00	5225.000	5232.000	5210.000	5212.000	88383	287442	500
2021.08.10	16:00:00	5212.000	5221.000	5207.500	5211.000	50537	157693	500
2021.08.10	17:00:00	5211.000	5215.000	5205.000	5205.000	38757	131585	500
2021.08.11	09:00:00	5210.500	5234.000	5178.000	5189.500	292494	875318	500
2021.08.11	10:00:00	5189.500	5223.500	5185.000	5213.500	268218	820897	500
2021.08.11	11:00:00	5213.500	5249.000	5210.500	5228.500	182927	616728	500
2021.08.11	12:00:00	5228.500	5239.000	5219.000	5219.000	118609	434228	500
2021.08.11	13:00:00	5219.500	5236.000	5215.000	5233.000	79067	273748	500
2021.08.11	14:00:00	5232.500	5237.500	5222.500	5228.000	81134	288186	500
2021.08.11	15:00:00	5228.500	5235.500	5223.000	5233.000	55712	179624	500
2021.08.11	16:00:00	5233.000	5246.000	5232.500	5233.500	60733	187902	500
2021.08.11	17:00:00	5233.500	5246.000	5231.000	5242.500	38260	123530	500
2021.08.12	09:00:00	5233.000	5257.500	5226.000	5243.500	236373	630934	500
2021.08.12	10:00:00	5243.500	5263.500	5236.000	5236.500	204270	611822	500
2021.08.12	11:00:00	5236.000	5267.000	5235.000	5256.000	167162	508111	500
2021.08.12	12:00:00	5256.500	5270.500	5243.000	5250.000	106772	332401	500
2021.08.12	13:00:00	5250.500	5250.500	5229.000	5240.000	89396	277707	500
2021.08.12	14:00:00	5239.500	5243.500	5222.500	5233.500	91519	282643	500
2021.08.12	15:00:00	5233.000	5267.500	5233.000	5266.500	100328	316844	500
2021.08.12	16:00:00	5266.000	5271.000	5260.500	5267.000	63524	196097	500
2021.08.12	17:00:00	5267.500	5275.000	5262.000	5267.000	41296	150254	500
2021.08.13	09:00:00	5255.000	5269.500	5241.500	5249.000	218087	627608	500
2021.08.13	10:00:00	5249.000	5290.000	5245.000	5282.000	219874	674420	500
2021.08.13	11:00:00	5282.000	5294.000	5259.000	5260.500	182794	603702	500
2021.08.13	12:00:00	5261.000	5264.000	5237.000	5248.000	128726	457430	500
2021.08.13	13:00:00	5248.000	5253.000	5239.000	5249.500	68449	221433	500
2021.08.13	14:00:00	5249.500	5255.500	5232.500	5253.500	79736	281471	500
2021.08.13	15:00:00	5253.000	5259.000	5242.000	5257.000	74697	262659	500
2021.08.13	16:00:00	5257.000	5259.500	5249.000	5257.500	43648	152723	500
2021.08.13	17:00:00	5257.500	5266.000	5256.000	5262.000	31548	111936	500
2021.08.16	09:00:00	5286.000	5309.000	5271.500	5271.500	200504	569983	500
2021.08.16	10:00:00	5271.500	5279.500	5258.000	5264.000	192096	574808	500
2021.08.16	11:00:00	5264.000	5264.000	5240.000	5247.000	174748	583973	500
2021.08.16	12:00:00	5247.000	5266.500	5245.500	5258.000	125272	417614	500
2021.08.16	13:00:00	5258.000	5262.000	5248.000	5260.000	71929	255380	500
2021.08.16	14:00:00	5260.000	5273.500	5254.000	5268.000	85714	274474	500
2021.08.16	15:00:00	5268.500	5285.500	5264.000	5282.000	79764	271127	500
2021.08.16	16:00:00	5281.500	5299.000	5277.500	5292.500	74317	261472	500
2021.08.16	17:00:00	5292.500	5297.000	5269.000	5271.000	47088	165049	500
2021.08.17	09:00:00	5291.500	5292.500	5265.000	5283.500	235609	669116	500
2021.08.17	10:00:00	5283.500	5309.500	5258.500	5266.500	267267	833725	500
2021.08.17	11:00:00	5267.000	5274.000	5255.500	5262.500	159580	494992	500
2021.08.17	12:00:00	5262.500	5269.500	5246.000	5264.000	125622	453001	500
2021.08.17	13:00:00	5264.500	5298.000	5258.500	5293.000	132531	451425	500
2021.08.17	14:00:00	5293.500	5314.000	5283.000	5298.000	126927	437308	500
2021.08.17	15:00:00	5298.000	5307.000	5265.500	5281.000	128793	458706	500
2021.08.17	16:00:00	5281.000	5284.000	5272.500	5278.000	56014	175206	500
2021.08.17	17:00:00	5278.000	5309.000	5277.500	5307.000	57803	192576	500
2021.08.18	09:00:00	5295.000	5306.500	5282.500	5295.000	202221	555403	500
2021.08.18	10:00:00	5294.500	5299.000	5273.000	5274.500	188155	556908	500
2021.08.18	11:00:00	5274.000	5333.500	5271.500	5318.000	256580	820289	500
2021.08.18	12:00:00	5318.000	5364.000	5315.000	5352.500	175429	611737	500
2021.08.18	13:00:00	5353.000	5364.000	5345.000	5347.500	87906	266682	500
2021.08.18	14:00:00	5347.500	5359.500	5338.000	5353.500	93452	298792	500
2021.08.18	15:00:00	5353.500	5370.000	5328.500	5367.500	158526	503251	500
2021.08.18	16:00:00	5367.500	5386.500	5359.500	5383.500	96587	339092	500
2021.08.18	17:00:00	5383.500	5407.500	5383.000	5399.500	64390	239382	500
2021.08.19	09:00:00	5426.500	5464.500	5420.000	5442.500	283066	818601	500
2021.08.19	10:00:00	5443.000	5447.000	5404.000	5411.000	250497	756296	500
2021.08.19	11:00:00	5411.500	5444.500	5393.000	5426.500	221179	734047	500
2021.08.19	12:00:00	5427.000	5445.000	5406.500	5414.500	157477	526209	500
2021.08.19	13:00:00	5414.000	5424.500	5390.000	5402.000	109701	392529	500
2021.08.19	14:00:00	5402.000	5425.000	5387.500	5423.000	113156	377896	500
2021.08.19	15:00:00	5423.000	5446.500	5415.000	5433.000	109133	367311	500
2021.08.19	16:00:00	5433.500	5436.500	5410.000	5431.500	77287	250590	500
2021.08.19	17:00:00	5431.000	5440.000	5418.000	5421.500	40068	132914	500
2021.08.20	09:00:00	5450.000	5478.500	5434.500	5473.000	216898	601380	500
2021.08.20	10:00:00	5473.000	5483.000	5451.000	5453.500	200028	607046	500
2021.08.20	11:00:00	5454.000	5469.000	5418.000	5420.000	189782	574274	500
2021.08.20	12:00:00	5420.500	5426.500	5401.000	5406.500	121898	401563	500
2021.08.20	13:00:00	5406.500	5409.500	5393.000	5405.500	79057	251253	500
2021.08.20	14:00:00	5406.000	5421.000	5399.500	5413.000	70455	216104	500
2021.08.20	15:00:00	5413.000	5418.500	5393.500	5396.000	74935	227970	500
2021.08.20	16:00:00	5396.000	5412.500	5378.500	5392.500	98791	327468	500
2021.08.20	17:00:00	5392.500	5398.000	5373.000	5383.500	49677	149877	500
2021.08.23	09:00:00	5372.000	5382.500	5351.500	5360.500	200743	556045	500
2021.08.23	10:00:00	5360.000	5395.000	5353.000	5377.500	246903	694456	500
2021.08.23	11:00:00	5377.500	5394.500	5374.500	5380.500	152079	449445	500
2021.08.23	12:00:00	5380.500	5408.500	5379.500	5391.000	131264	413066	500
2021.08.23	13:00:00	5391.500	5393.500	5376.000	5388.000	84893	274876	500
2021.08.23	14:00:00	5388.000	5399.500	5378.500	5390.000	93782	301719	500
2021.08.23	15:00:00	5390.000	5402.500	5381.500	5383.000	83865	253690	500
2021.08.23	16:00:00	5382.500	5391.500	5375.500	5388.000	64601	205990	500
2021.08.23	17:00:00	5388.500	5398.000	5382.500	5387.000	42378	139159	500
2021.08.24	09:00:00	5368.500	5371.000	5331.000	5344.500	213658	648629	500
2021.08.24	10:00:00	5344.500	5353.500	5321.500	5327.500	207272	648663	500
2021.08.24	11:00:00	5327.500	5328.500	5276.500	5283.500	201012	709986	500
2021.08.24	12:00:00	5283.500	5284.000	5266.000	5283.500	101717	365171	500
2021.08.24	13:00:00	5283.000	5285.000	5255.500	5263.500	103609	369677	500
2021.08.24	14:00:00	5263.500	5269.500	5255.500	5267.500	70887	251615	500
2021.08.24	15:00:00	5268.000	5270.000	5253.000	5255.500	69277	243002	500
2021.08.24	16:00:00	5256.000	5269.000	5255.000	5267.000	54252	197473	500
2021.08.24	17:00:00	5266.500	5269.000	5251.000	5256.500	44315	166324	500
2021.08.25	09:00:00	5271.500	5274.000	5234.500	5246.500	231690	691391	500
2021.08.25	10:00:00	5246.500	5275.000	5230.500	5265.500	229973	731277	500
2021.08.25	11:00:00	5266.000	5272.000	5245.500	5250.500	166654	520997	500
2021.08.25	12:00:00	5251.000	5255.000	5232.500	5250.500	115562	399502	500
2021.08.25	13:00:00	5250.000	5254.500	5242.000	5252.000	66768	222869	500
2021.08.25	14:00:00	5252.000	5259.000	5242.500	5242.500	78080	245881	500
2021.08.25	15:00:00	5243.000	5246.000	5210.500	5212.000	114584	398882	500
2021.08.25	16:00:00	5212.000	5220.000	5210.500	5215.000	49333	160782	500
2021.08.25	17:00:00	5215.000	5225.000	5213.000	5218.000	30648	119479	500
2021.08.26	09:00:00	5228.000	5245.000	5219.500	5234.000	170722	482479	500
2021.08.26	10:00:00	5234.500	5252.500	5234.000	5243.500	163151	486995	500
2021.08.26	11:00:00	5243.500	5259.500	5234.000	5253.000	173507	545289	500
2021.08.26	12:00:00	5253.000	5261.500	5240.500	5245.500	105934	361351	500
2021.08.26	13:00:00	5245.500	5252.500	5239.500	5252.000	58067	197298	500
2021.08.26	14:00:00	5251.500	5261.000	5247.000	5256.000	61566	206526	500
2021.08.26	15:00:00	5256.000	5265.000	5251.000	5262.000	58999	203662	500
2021.08.26	16:00:00	5262.000	5270.500	5250.000	5259.000	81549	282019	500
2021.08.26	17:00:00	5259.000	5270.000	5256.000	5267.000	38358	138922	500
2021.08.27	09:00:00	5258.500	5263.500	5236.000	5239.000	180996	527181	500
2021.08.27	10:00:00	5238.500	5255.000	5226.000	5238.000	182980	571441	500
2021.08.27	11:00:00	5238.000	5245.500	5208.500	5212.000	220159	718880	500
2021.08.27	12:00:00	5211.500	5217.000	5193.000	5197.500	101813	339295	500
2021.08.27	13:00:00	5197.000	5209.500	5196.500	5203.000	69731	252793	500
2021.08.27	14:00:00	5203.000	5214.500	5200.000	5213.000	60665	224130	500
2021.08.27	15:00:00	5213.500	5214.500	5189.000	5193.500	74343	265185	500
2021.08.27	16:00:00	5194.000	5200.000	5192.000	5198.500	41643	146863	500
2021.08.27	17:00:00	5198.000	5214.500	5195.000	5206.000	41134	166761	500
2021.08.30	09:00:00	5200.000	5227.500	5199.500	5212.500	189514	522043	500
2021.08.30	10:00:00	5212.500	5222.500	5201.500	5213.500	152376	460938	500
2021.08.30	11:00:00	5213.000	5213.500	5183.500	5186.500	162969	532306	500
2021.08.30	12:00:00	5186.500	5201.000	5183.500	5193.000	89280	309770	500
2021.08.30	13:00:00	5193.500	5199.500	5185.500	5190.500	62326	200725	500
2021.08.30	14:00:00	5190.500	5201.000	5181.000	5197.500	79535	290307	500
2021.08.30	15:00:00	5197.000	5199.000	5184.000	5188.000	58065	196357	500
2021.08.30	16:00:00	5188.000	5194.000	5185.500	5190.000	40756	138451	500
2021.08.30	17:00:00	5189.500	5195.500	5184.000	5185.000	32127	119135	500
2021.08.31	09:00:00	5207.000	5220.000	5184.000	5193.000	191598	541769	500
2021.08.31	10:00:00	5192.500	5198.500	5165.000	5172.500	180612	568613	500
2021.08.31	11:00:00	5172.000	5176.000	5138.000	5141.000	166191	560176	500
2021.08.31	12:00:00	5141.000	5167.500	5139.500	5163.000	103902	392948	500
2021.08.31	13:00:00	5163.000	5183.000	5158.500	5179.000	102990	342754	500
2021.08.31	14:00:00	5179.500	5198.500	5174.000	5187.000	94092	316872	500
2021.08.31	15:00:00	5186.500	5196.500	5182.500	5189.500	66620	235599	500
2021.08.31	16:00:00	5190.000	5206.000	5187.500	5194.000	65241	232070	500
2021.08.31	17:00:00	5194.500	5194.500	5170.000	5172.000	33601	128824	500
2021.09.01	09:00:00	5177.000	5185.500	5164.000	5172.000	195247	538958	500
2021.09.01	10:00:00	5172.000	5192.500	5162.500	5178.000	202574	642988	500
2021.09.01	11:00:00	5178.000	5184.000	5167.000	5177.000	124628	457313	500
2021.09.01	12:00:00	5177.000	5209.000	5169.500	5203.000	132755	478311	500
2021.09.01	13:00:00	5203.000	5204.000	5185.000	5200.500	84923	289602	500
2021.09.01	14:00:00	5200.500	5203.500	5175.500	5183.500	76155	250682	500
2021.09.01	15:00:00	5183.500	5196.500	5182.500	5187.000	64599	205244	500
2021.09.01	16:00:00	5187.500	5210.500	5186.000	5202.500	63770	207848	500
2021.09.01	17:00:00	5203.000	5219.000	5202.500	5207.500	44557	167073	500
2021.09.02	09:00:00	5194.000	5215.500	5189.500	5203.500	215343	595243	500
2021.09.02	10:00:00	5203.500	5220.000	5198.000	5209.000	181294	567458	500
2021.09.02	11:00:00	5208.500	5209.000	5161.500	5164.000	193728	661888	500
2021.09.02	12:00:00	5164.500	5187.000	5162.500	5185.000	113926	433796	500
2021.09.02	13:00:00	5185.000	5189.500	5172.000	5179.500	74600	271959	500
2021.09.02	14:00:00	5179.000	5193.000	5174.000	5189.000	76919	303787	500
2021.09.02	15:00:00	5189.000	5211.500	5178.000	5204.000	101138	381867	500
2021.09.02	16:00:00	5204.500	5208.500	5198.500	5201.500	60507	228648	500
2021.09.02	17:00:00	5201.000	5214.000	5195.500	5202.000	44275	169161	500
2021.09.03	09:00:00	5192.500	5193.500	5150.000	5175.000	242117	730837	500
2021.09.03	10:00:00	5175.000	5206.500	5164.500	5199.500	208662	669126	500
2021.09.03	11:00:00	5200.000	5210.000	5182.500	5192.000	161854	585021	500
2021.09.03	12:00:00	5192.000	5202.000	5183.500	5188.500	91606	345021	500
2021.09.03	13:00:00	5188.500	5202.500	5183.500	5197.000	54711	183541	500
2021.09.03	14:00:00	5197.500	5207.000	5191.500	5204.500	54031	194674	500
2021.09.03	15:00:00	5204.500	5210.000	5200.500	5202.500	55852	201877	500
2021.09.03	16:00:00	5202.500	5214.000	5199.500	5202.500	43688	163664	500
2021.09.03	17:00:00	5203.000	5220.000	5200.000	5217.000	39453	155231	500
2021.09.06	09:00:00	5207.500	5230.500	5204.000	5224.500	107467	298678	500
2021.09.06	10:00:00	5225.000	5227.000	5206.000	5208.500	130894	391562	500
2021.09.06	11:00:00	5208.500	5210.000	5182.500	5184.000	104336	334104	500
2021.09.06	12:00:00	5184.500	5188.500	5173.000	5181.000	76979	250692	500
2021.09.06	13:00:00	5180.500	5186.000	5177.500	5186.000	33188	99410	500
2021.09.06	14:00:00	5185.500	5186.000	5180.000	5184.500	19553	62204	500
2021.09.06	15:00:00	5184.000	5192.500	5182.000	5191.000	28656	96614	500
2021.09.06	16:00:00	5191.000	5196.000	5186.000	5194.500	27783	94816	500
2021.09.06	17:00:00	5194.500	5195.000	5186.500	5189.000	20907	77596	500
2021.09.08	09:00:00	5211.500	5241.000	5210.500	5216.000	211765	612197	500
2021.09.08	10:00:00	5216.000	5253.500	5216.000	5253.000	195489	604064	500
2021.09.08	11:00:00	5253.000	5306.000	5248.500	5298.000	192565	688399	500
2021.09.08	12:00:00	5298.000	5327.000	5292.500	5301.500	155935	627771	500
2021.09.08	13:00:00	5302.000	5316.500	5286.500	5311.500	107966	378311	500
2021.09.08	14:00:00	5311.500	5321.500	5288.500	5307.500	101159	358841	500
2021.09.08	15:00:00	5307.500	5330.000	5300.000	5327.000	86511	306718	500
2021.09.08	16:00:00	5327.000	5343.000	5325.000	5341.000	75348	302163	500
2021.09.08	17:00:00	5341.000	5351.500	5330.000	5335.000	51214	194818	500
2021.09.09	09:00:00	5322.000	5351.500	5304.000	5326.500	302586	935490	500
2021.09.09	10:00:00	5326.500	5334.500	5285.000	5302.500	248492	806860	500
2021.09.09	11:00:00	5302.500	5305.500	5278.000	5286.500	161477	563480	500
2021.09.09	12:00:00	5286.500	5306.500	5281.000	5293.500	108506	403980	500
2021.09.09	13:00:00	5293.500	5301.000	5286.000	5298.000	63506	237168	500
2021.09.09	14:00:00	5298.500	5328.000	5292.500	5322.000	121042	424201	500
2021.09.09	15:00:00	5322.000	5344.000	5310.500	5321.000	100833	393619	500
2021.09.09	16:00:00	5321.000	5326.000	5210.500	5244.000	159095	572131	500
2021.09.09	17:00:00	5244.000	5254.000	5212.000	5226.500	70127	221395	500
2021.09.10	09:00:00	5179.000	5241.000	5174.000	5234.500	234388	761961	500
2021.09.10	10:00:00	5234.500	5243.000	5218.500	5224.500	187945	556136	500
2021.09.10	11:00:00	5224.000	5255.500	5218.500	5242.000	157609	515711	500
2021.09.10	12:00:00	5242.500	5254.500	5231.000	5235.500	104124	364078	500
2021.09.10	13:00:00	5235.000	5241.500	5231.000	5235.500	46204	151418	500
2021.09.10	14:00:00	5235.500	5282.500	5233.000	5266.500	132929	458223	500
2021.09.10	15:00:00	5266.500	5279.000	5260.500	5268.000	66260	222352	500
2021.09.10	16:00:00	5268.000	5287.000	5266.000	5282.500	58250	201586	500
2021.09.10	17:00:00	5283.000	5284.500	5260.500	5268.000	33278	133735	500
2021.09.13	09:00:00	5253.000	5257.000	5218.000	5241.500	238401	672338	500
2021.09.13	10:00:00	5241.500	5254.000	5230.500	5239.500	207395	600173	500
2021.09.13	11:00:00	5239.000	5252.000	5221.000	5225.000	161705	507756	500
2021.09.13	12:00:00	5225.500	5231.500	5216.000	5225.000	106189	335573	500
2021.09.13	13:00:00	5225.500	5235.500	5222.500	5230.000	63829	214510	500
2021.09.13	14:00:00	5230.000	5247.000	5225.500	5237.000	71206	241908	500
2021.09.13	15:00:00	5237.000	5251.500	5237.000	5247.000	61170	216703	500
2021.09.13	16:00:00	5247.500	5251.000	5236.000	5238.000	45603	157235	500
2021.09.13	17:00:00	5238.000	5241.000	5229.500	5233.500	29642	105802	500
2021.09.14	09:00:00	5250.000	5252.500	5212.500	5222.000	229705	663864	500
2021.09.14	10:00:00	5222.000	5259.500	5218.000	5256.500	198053	616401	500
2021.09.14	11:00:00	5257.000	5266.500	5238.000	5246.500	162245	525645	500
2021.09.14	12:00:00	5246.000	5248.500	5227.500	5237.000	85993	294496	500
2021.09.14	13:00:00	5237.000	5259.500	5233.000	5252.000	74183	246316	500
2021.09.14	14:00:00	5252.000	5256.000	5241.000	5254.500	70690	237788	500
2021.09.14	15:00:00	5254.500	5266.000	5250.500	5262.500	69920	238267	500
2021.09.14	16:00:00	5262.500	5278.000	5262.000	5272.000	58700	202893	500
2021.09.14	17:00:00	5271.500	5272.500	5250.000	5263.000	39757	125240	500
2021.09.15	09:00:00	5255.000	5276.000	5243.500	5263.500	213394	692366	500
2021.09.15	10:00:00	5264.000	5284.500	5261.000	5268.000	212578	724203	500
2021.09.15	11:00:00	5268.000	5281.500	5260.500	5267.000	139529	531921	500
2021.09.15	12:00:00	5267.000	5275.000	5264.500	5267.000	67410	254794	500
2021.09.15	13:00:00	5267.000	5273.000	5254.500	5260.000	69550	249810	500
2021.09.15	14:00:00	5260.000	5274.000	5256.500	5269.000	70264	235850	500
2021.09.15	15:00:00	5269.000	5276.000	5251.000	5263.000	69749	239208	500
2021.09.15	16:00:00	5263.500	5266.000	5247.000	5248.500	59957	203106	500
2021.09.15	17:00:00	5249.000	5257.000	5227.000	5241.500	40721	160157	500
2021.09.16	09:00:00	5250.000	5272.500	5243.500	5265.000	168561	503416	500
2021.09.16	10:00:00	5265.500	5290.000	5261.000	5279.500	188725	678700	500
2021.09.16	11:00:00	5279.500	5288.500	5262.500	5266.500	135174	450032	500
2021.09.16	12:00:00	5266.000	5272.000	5257.500	5265.000	71470	265404	500
2021.09.16	13:00:00	5265.000	5273.000	5261.000	5271.500	48073	175015	500
2021.09.16	14:00:00	5272.000	5279.500	5265.500	5279.000	49610	164573	500
2021.09.16	15:00:00	5279.000	5292.000	5276.500	5278.500	73823	265477	500
2021.09.16	16:00:00	5279.000	5287.500	5275.000	5276.500	50247	169959	500
2021.09.16	17:00:00	5276.500	5283.000	5265.000	5265.000	31577	117115	500
2021.09.17	09:00:00	5266.500	5312.500	5261.500	5304.000	200055	661940	500
2021.09.17	10:00:00	5304.000	5354.500	5301.000	5352.000	202339	721941	500
2021.09.17	11:00:00	5352.000	5358.000	5324.500	5327.000	165363	690413	500
2021.09.17	12:00:00	5327.500	5329.500	5302.500	5307.500	111484	468487	500
2021.09.17	13:00:00	5307.500	5310.000	5289.000	5297.000	77116	272124	500
2021.09.17	14:00:00	5296.500	5313.500	5293.000	5306.000	75234	271118	500
2021.09.17	15:00:00	5306.000	5312.000	5291.500	5297.000	61876	230370	500
2021.09.17	16:00:00	5296.500	5301.000	5284.000	5298.000	56348	206906	500
2021.09.17	17:00:00	5298.000	5306.500	5295.000	5297.500	32135	124261	500
2021.09.20	09:00:00	5331.000	5356.500	5330.500	5342.500	194228	547193	500
2021.09.20	10:00:00	5342.500	5347.500	5316.000	5339.000	216538	632270	500
2021.09.20	11:00:00	5339.500	5349.000	5327.500	5340.000	152747	457587	500
2021.09.20	12:00:00	5340.000	5343.500	5324.000	5336.500	88770	300503	500
2021.09.20	13:00:00	5337.000	5371.000	5335.500	5370.000	104909	340286	500
2021.09.20	14:00:00	5370.000	5370.500	5343.500	5355.000	102012	333884	500
2021.09.20	15:00:00	5355.000	5378.500	5351.500	5374.500	93260	295608	500
2021.09.20	16:00:00	5374.500	5387.500	5336.000	5338.000	103069	346981	500
2021.09.20	17:00:00	5338.000	5348.000	5332.000	5336.000	38202	130847	500
2021.09.21	09:00:00	5320.500	5334.500	5302.500	5319.500	190525	530599	500
2021.09.21	10:00:00	5319.500	5332.500	5307.000	5313.000	181333	521754	500
2021.09.21	11:00:00	5313.000	5346.000	5310.500	5325.500	171649	528767	500
2021.09.21	12:00:00	5325.500	5334.500	5296.000	5299.000	134105	453016	500
2021.09.21	13:00:00	5299.500	5303.500	5286.500	5299.000	77038	272055	500
2021.09.21	14:00:00	5298.500	5301.500	5276.500	5285.500	82642	291246	500
2021.09.21	15:00:00	5285.500	5298.000	5271.500	5276.500	76127	280121	500
2021.09.21	16:00:00	5277.000	5294.500	5273.500	5294.000	55398	194483	500
2021.09.21	17:00:00	5294.000	5300.000	5277.500	5277.500	34243	130332	500
2021.09.22	09:00:00	5262.000	5288.000	5257.500	5285.500	155393	452473	500
2021.09.22	10:00:00	5285.500	5299.500	5282.000	5292.500	134824	453214	500
2021.09.22	11:00:00	5292.000	5297.000	5280.500	5291.500	109971	355465	500
2021.09.22	12:00:00	5291.000	5293.500	5277.000	5280.500	77462	271729	500
2021.09.22	13:00:00	5280.000	5293.500	5276.000	5289.000	57686	207099	500
2021.09.22	14:00:00	5289.000	5293.500	5279.500	5284.000	47953	170427	500
2021.09.22	15:00:00	5284.000	5327.000	5259.500	5316.000	232920	770864	500
2021.09.22	16:00:00	5316.000	5325.000	5300.000	5310.000	97061	312659	500
2021.09.22	17:00:00	5310.500	5313.000	5294.500	5298.500	31828	115294	500
2021.09.23	09:00:00	5268.000	5305.000	5263.000	5299.500	185379	563666	500
2021.09.23	10:00:00	5300.000	5311.500	5284.000	5290.000	170669	558866	500
2021.09.23	11:00:00	5290.000	5316.000	5282.500	5292.500	143172	499945	500
2021.09.23	12:00:00	5292.500	5311.000	5289.000	5296.500	88961	307015	500
2021.09.23	13:00:00	5296.000	5303.500	5289.000	5302.000	53821	192008	500
2021.09.23	14:00:00	5301.500	5303.500	5293.500	5302.500	43459	160566	500
2021.09.23	15:00:00	5302.500	5314.500	5299.000	5307.500	63124	233737	500
2021.09.23	16:00:00	5308.000	5317.500	5307.500	5314.500	42299	149348	500
2021.09.23	17:00:00	5314.500	5318.500	5305.500	5311.500	30719	123506	500
2021.09.24	09:00:00	5320.000	5349.000	5320.000	5347.500	150656	501850	500
2021.09.24	10:00:00	5348.000	5358.000	5336.000	5340.500	157103	528112	500
2021.09.24	11:00:00	5340.500	5360.000	5336.000	5354.500	122641	409478	500
2021.09.24	12:00:00	5354.000	5358.000	5343.500	5348.000	60223	201546	500
2021.09.24	13:00:00	5347.500	5350.500	5335.000	5342.500	55112	188292	500
2021.09.24	14:00:00	5342.000	5350.500	5336.000	5349.500	50426	181388	500
2021.09.24	15:00:00	5350.000	5355.500	5340.000	5342.500	58289	215701	500
2021.09.24	16:00:00	5342.500	5355.500	5342.000	5349.000	39252	141573	500
2021.09.24	17:00:00	5349.000	5351.000	5338.500	5343.000	24238	89838	500
2021.09.27	09:00:00	5326.000	5349.000	5311.500	5345.500	209895	640048	500
2021.09.27	10:00:00	5345.500	5356.500	5331.500	5333.000	191448	760825	500
2021.09.27	11:00:00	5332.500	5354.000	5332.000	5351.500	117734	416274	500
2021.09.27	12:00:00	5352.000	5370.500	5350.000	5360.000	99386	388463	500
2021.09.27	13:00:00	5360.500	5365.000	5353.500	5364.500	54743	192701	500
2021.09.27	14:00:00	5364.000	5379.000	5362.500	5372.500	71407	263119	500
2021.09.27	15:00:00	5372.500	5392.500	5369.000	5387.500	78975	306423	500
2021.09.27	16:00:00	5387.500	5389.500	5370.000	5382.500	62593	265441	500
2021.09.27	17:00:00	5382.500	5399.000	5378.500	5395.500	35485	156867	500
2021.09.28	09:00:00	5408.500	5416.500	5400.000	5406.500	208775	795338	500
2021.09.28	10:00:00	5406.000	5428.500	5391.000	5417.000	199481	735699	500
2021.09.28	11:00:00	5416.500	5439.500	5411.000	5437.000	163011	544998	500
2021.09.28	12:00:00	5437.500	5445.000	5429.000	5430.500	93454	356349	500
2021.09.28	13:00:00	5430.500	5445.000	5423.500	5438.500	74420	276448	500
2021.09.28	14:00:00	5438.500	5451.000	5434.000	5450.000	69444	252752	500
2021.09.28	15:00:00	5449.500	5454.000	5427.500	5430.000	71907	269738	500
2021.09.28	16:00:00	5430.000	5436.000	5424.000	5428.500	63565	225736	500
2021.09.28	17:00:00	5429.000	5442.000	5426.000	5431.000	30732	119590	500
2021.09.29	09:00:00	5410.000	5439.000	5410.000	5422.000	191800	599506	500
2021.09.29	10:00:00	5422.500	5446.000	5420.000	5433.500	173747	551053	500
2021.09.29	11:00:00	5433.500	5438.500	5418.000	5425.000	135074	462830	500
2021.09.29	12:00:00	5425.500	5426.000	5390.000	5407.500	117142	438800	500
2021.09.29	13:00:00	5407.500	5422.000	5403.500	5417.000	70416	268098	500
2021.09.29	14:00:00	5417.000	5444.500	5416.000	5444.000	96570	379515	500
2021.09.29	15:00:00	5444.000	5447.000	5424.000	5431.500	82493	313499	500
2021.09.29	16:00:00	5431.000	5434.000	5421.500	5430.500	48747	185056	500
2021.09.29	17:00:00	5430.000	5431.000	5412.500	5412.500	29798	117353	500
2021.09.30	09:00:00	5431.500	5443.000	5392.500	5414.000	198118	645253	500
2021.09.30	10:00:00	5414.000	5474.000	5414.000	5471.500	244369	930273	500
2021.09.30	11:00:00	5471.500	5484.500	5459.000	5473.500	142046	593471	500
2021.09.30	12:00:00	5473.000	5478.500	5438.000	5476.000	131873	574700	500
2021.09.30	13:00:00	5475.500	5491.000	5466.500	5482.000	91535	345796	500
2021.09.30	14:00:00	5482.500	5490.500	5474.500	5483.500	63935	221247	500
2021.09.30	15:00:00	5483.500	5500.000	5463.500	5470.500	105382	412199	500
2021.09.30	16:00:00	5470.500	5474.000	5458.000	5474.000	59393	229547	500
2021.09.30	17:00:00	5473.500	5483.000	5464.000	5467.500	31620	124294	500
2021.10.01	09:00:00	5442.500	5456.000	5431.000	5442.500	154631	494186	500
2021.10.01	10:00:00	5443.000	5443.500	5405.000	5418.500	181059	610448	500
2021.10.01	11:00:00	5418.500	5424.500	5396.500	5413.000	182709	619146	500
2021.10.01	12:00:00	5413.000	5414.500	5384.000	5391.500	110899	401023	500
2021.10.01	13:00:00	5391.000	5406.000	5389.500	5400.000	65869	232591	500
2021.10.01	14:00:00	5399.500	5400.000	5382.000	5386.000	58192	209951	500
2021.10.01	15:00:00	5386.500	5388.000	5376.000	5382.500	62891	224905	500
2021.10.01	16:00:00	5382.500	5400.000	5381.500	5393.000	50557	190021	500
2021.10.01	17:00:00	5392.500	5400.000	5383.000	5387.000	40051	166147	500
2021.10.04	09:00:00	5408.500	5414.500	5395.500	5408.500	154991	444812	500
2021.10.04	10:00:00	5408.500	5445.500	5407.500	5442.000	179729	555263	500
2021.10.04	11:00:00	5442.500	5464.000	5431.500	5459.500	134986	436345	500
2021.10.04	12:00:00	5459.000	5465.000	5454.000	5455.000	82606	283385	500
2021.10.04	13:00:00	5455.000	5468.000	5452.500	5457.500	66155	228253	500
2021.10.04	14:00:00	5458.000	5468.000	5453.000	5468.000	61146	224291	500
2021.10.04	15:00:00	5468.000	5470.500	5460.000	5467.000	58795	214028	500
2021.10.04	16:00:00	5467.000	5479.500	5466.000	5468.500	69538	254780	500
2021.10.04	17:00:00	5468.500	5482.000	5463.000	5481.000	33696	150568	500
2021.10.05	09:00:00	5450.000	5478.500	5446.500	5470.500	219097	670831	500
2021.10.05	10:00:00	5470.500	5494.000	5464.000	5485.000	197805	597153	500
2021.10.05	11:00:00	5485.000	5496.500	5479.000	5490.000	105525	356351	500
2021.10.05	12:00:00	5490.000	5496.500	5460.500	5483.500	124919	471988	500
2021.10.05	13:00:00	5484.000	5493.000	5483.500	5491.000	44958	139084	500
2021.10.05	14:00:00	5490.500	5499.500	5483.500	5492.500	64986	217914	500
2021.10.05	15:00:00	5492.000	5497.000	5482.000	5493.000	56194	184035	500
2021.10.05	16:00:00	5493.000	5510.500	5483.500	5506.500	62336	217048	500
2021.10.05	17:00:00	5506.500	5509.000	5495.500	5501.000	40364	135122	500
2021.10.05	18:00:00	5501.000	5501.000	5501.000	5501.000	1	25	500
2021.10.06	09:00:00	5535.000	5541.000	5509.000	5527.500	228547	731123	500
2021.10.06	10:00:00	5527.500	5540.000	5513.000	5536.000	196845	615231	500
2021.10.06	11:00:00	5536.000	5547.500	5518.000	5521.000	165078	597551	500
2021.10.06	12:00:00	5521.500	5544.000	5518.000	5536.000	87933	324978	500
2021.10.06	13:00:00	5535.500	5558.000	5532.000	5547.500	91739	309767	500
2021.10.06	14:00:00	5547.000	5551.000	5526.500	5526.500	72717	261408	500
2021.10.06	15:00:00	5526.500	5532.500	5496.000	5505.500	116422	453555	500
2021.10.06	16:00:00	5505.000	5512.000	5498.000	5505.500	46924	167325	500
2021.10.06	17:00:00	5506.000	5518.500	5503.000	5512.500	32755	127481	500
2021.10.07	09:00:00	5491.500	5526.000	5487.500	5518.000	192778	594431	500
2021.10.07	10:00:00	5518.000	5547.500	5517.500	5538.000	193118	640322	500
2021.10.07	11:00:00	5538.000	5541.000	5523.000	5531.500	136260	466380	500
2021.10.07	12:00:00	5531.000	5544.000	5520.500	5526.000	102438	400387	500
2021.10.07	13:00:00	5526.000	5533.000	5522.000	5527.500	54549	222696	500
2021.10.07	14:00:00	5528.000	5535.000	5511.000	5516.500	78873	299257	500
2021.10.07	15:00:00	5516.500	5527.500	5506.000	5522.500	74698	294235	500
2021.10.07	16:00:00	5522.500	5535.500	5518.000	5534.000	42440	163833	500
2021.10.07	17:00:00	5534.500	5540.500	5523.500	5538.500	43922	195833	500
2021.10.08	09:00:00	5519.000	5528.000	5494.000	5517.000	240705	713333	500
2021.10.08	10:00:00	5517.000	5533.000	5504.500	5531.500	174473	547959	500
2021.10.08	11:00:00	5531.500	5548.500	5524.500	5532.000	148745	519290	500
2021.10.08	12:00:00	5532.500	5542.000	5523.000	5535.500	84009	308826	500
2021.10.08	13:00:00	5535.500	5548.500	5532.000	5547.000	60905	247932	500
2021.10.08	14:00:00	5547.500	5549.500	5527.000	5529.000	66743	265063	500
2021.10.08	15:00:00	5529.500	5536.500	5521.000	5528.500	60028	233971	500
2021.10.08	16:00:00	5528.500	5539.500	5524.000	5531.500	50421	207955	500
2021.10.08	17:00:00	5531.500	5540.000	5522.000	5529.500	29754	135142	500
2021.10.11	09:00:00	5517.000	5532.000	5509.000	5529.500	157199	446674	500
2021.10.11	10:00:00	5529.500	5542.000	5518.500	5531.500	149917	458997	500
2021.10.11	11:00:00	5531.500	5544.500	5524.500	5542.000	102951	328456	500
2021.10.11	12:00:00	5541.500	5546.500	5527.000	5529.500	77214	272760	500
2021.10.11	13:00:00	5529.500	5542.500	5528.500	5540.000	45710	153926	500
2021.10.11	14:00:00	5547.000	5548.000	5547.000	5548.000	623	2070	500
2021.10.11	15:00:00	5550.000	5555.000	5533.000	5544.000	47234	160553	500
2021.10.11	16:00:00	5544.500	5555.500	5544.000	5554.000	29354	94204	500
2021.10.11	17:00:00	5554.500	5561.500	5551.500	5554.500	33214	117902	500
2021.10.13	09:00:00	5532.500	5555.000	5526.000	5551.500	195248	615942	500
2021.10.13	10:00:00	5551.500	5563.000	5536.500	5552.500	218085	789818	500
2021.10.13	11:00:00	5552.000	5575.000	5551.500	5567.000	150506	578086	500
2021.10.13	12:00:00	5567.000	5580.000	5556.500	5569.500	104305	373661	500
2021.10.13	13:00:00	5570.000	5577.500	5560.000	5576.000	57103	210834	500
2021.10.13	14:00:00	5575.500	5589.000	5575.500	5583.000	68885	236972	500
2021.10.13	15:00:00	5582.500	5586.000	5514.500	5527.000	172498	723014	500
2021.10.13	16:00:00	5526.500	5531.500	5520.000	5524.000	45580	173782	500
2021.10.13	17:00:00	5524.000	5538.000	5521.000	5530.500	37443	152624	500
2021.10.14	09:00:00	5487.000	5508.000	5480.500	5490.500	207363	677440	500
2021.10.14	10:00:00	5490.500	5520.000	5488.500	5508.000	179839	647731	500
2021.10.14	11:00:00	5507.500	5525.000	5505.500	5514.000	120730	443359	500
2021.10.14	12:00:00	5514.500	5543.000	5513.500	5518.500	120513	450682	500
2021.10.14	13:00:00	5518.000	5531.500	5514.500	5518.000	61145	229697	500
2021.10.14	14:00:00	5518.000	5533.500	5517.000	5532.500	49296	183273	500
2021.10.14	15:00:00	5532.000	5545.000	5531.000	5534.000	64976	250127	500
2021.10.14	16:00:00	5534.500	5538.500	5529.000	5530.000	43501	164881	500
2021.10.14	17:00:00	5530.000	5537.000	5523.000	5527.500	28391	120387	500
2021.10.15	09:00:00	5501.000	5512.000	5484.500	5501.000	204706	701066	500
2021.10.15	10:00:00	5500.500	5520.000	5467.500	5468.000	217145	783272	500
2021.10.15	11:00:00	5468.500	5471.000	5447.000	5454.500	154491	617662	500
2021.10.15	12:00:00	5454.500	5463.000	5447.500	5458.500	88182	352888	500
2021.10.15	13:00:00	5459.000	5461.000	5448.000	5459.500	51434	195424	500
2021.10.15	14:00:00	5459.500	5463.500	5452.500	5461.500	44512	186235	500
2021.10.15	15:00:00	5461.500	5471.500	5457.000	5469.000	66067	266020	500
2021.10.15	16:00:00	5469.000	5476.000	5464.000	5467.000	45320	194836	500
2021.10.15	17:00:00	5467.000	5475.000	5464.500	5475.000	27723	124194	500
2021.10.18	09:00:00	5480.000	5527.000	5476.500	5521.000	222000	700266	500
2021.10.18	10:00:00	5521.500	5554.500	5521.000	5538.000	199352	724074	500
2021.10.18	11:00:00	5538.000	5550.000	5531.000	5544.000	119332	439394	500
2021.10.18	12:00:00	5544.500	5547.000	5532.500	5532.500	73696	298202	500
2021.10.18	13:00:00	5532.500	5535.500	5524.000	5529.500	67510	261465	500
2021.10.18	14:00:00	5529.000	5531.000	5515.500	5525.000	76802	299998	500
2021.10.18	15:00:00	5525.000	5528.000	5513.000	5520.000	61200	233129	500
2021.10.18	16:00:00	5520.000	5534.000	5518.000	5531.000	50812	192607	500
2021.10.18	17:00:00	5531.000	5532.000	5522.000	5524.000	28473	119813	500
2021.10.19	09:00:00	5555.000	5584.500	5551.000	5574.500	243254	889613	500
2021.10.19	10:00:00	5574.000	5576.500	5555.500	5556.500	156760	531872	500
2021.10.19	11:00:00	5556.500	5564.000	5546.500	5557.000	140063	506717	500
2021.10.19	12:00:00	5557.000	5586.500	5556.000	5563.500	125983	489324	500
2021.10.19	13:00:00	5563.500	5577.500	5561.000	5575.500	70897	251961	500
2021.10.19	14:00:00	5575.500	5587.500	5570.500	5587.500	73486	263267	500
2021.10.19	15:00:00	5587.000	5616.000	5584.000	5606.500	137319	540369	500
2021.10.19	16:00:00	5607.000	5623.000	5578.500	5605.500	132636	552436	500
2021.10.19	17:00:00	5605.500	5608.000	5576.500	5595.500	64030	260719	500
2021.10.20	09:00:00	5592.000	5604.000	5574.000	5580.500	188740	620083	500
2021.10.20	10:00:00	5580.500	5591.500	5561.000	5577.000	198044	658979	500
2021.10.20	11:00:00	5577.000	5581.500	5551.000	5560.000	161518	589331	500
2021.10.20	12:00:00	5560.500	5563.500	5544.000	5558.000	93135	330991	500
2021.10.20	13:00:00	5558.500	5565.000	5548.000	5552.000	58629	218342	500
2021.10.20	14:00:00	5552.000	5573.000	5548.000	5560.000	91762	326370	500
2021.10.20	15:00:00	5560.500	5563.000	5529.500	5550.000	103833	390407	500
2021.10.20	16:00:00	5550.000	5574.500	5542.500	5571.000	59870	220514	500
2021.10.20	17:00:00	5571.500	5611.500	5567.000	5606.500	65981	282882	500
2021.10.21	09:00:00	5671.500	5683.500	5636.000	5657.500	235148	782508	500
2021.10.21	10:00:00	5657.500	5664.500	5629.500	5640.000	191449	622453	500
2021.10.21	11:00:00	5640.500	5656.000	5633.500	5633.500	139829	461272	500
2021.10.21	12:00:00	5634.000	5666.500	5633.500	5654.500	120315	404651	500
2021.10.21	13:00:00	5654.000	5670.500	5646.500	5660.500	86871	295371	500
2021.10.21	14:00:00	5660.000	5697.500	5657.000	5689.500	133829	481591	500
2021.10.21	15:00:00	5689.500	5699.000	5663.000	5678.000	113265	403979	500
2021.10.21	16:00:00	5677.500	5681.000	5660.500	5675.500	64131	213360	500
2021.10.21	17:00:00	5675.500	5678.500	5648.500	5667.000	47579	170755	500
2021.10.22	09:00:00	5690.000	5717.500	5680.000	5713.500	225346	714066	500
2021.10.22	10:00:00	5713.500	5725.500	5696.000	5699.000	210335	708517	500
2021.10.22	11:00:00	5699.500	5739.000	5692.000	5735.500	213218	743509	500
2021.10.22	12:00:00	5735.500	5762.000	5727.000	5728.500	168078	603780	500
2021.10.22	13:00:00	5728.500	5737.000	5701.500	5713.500	109075	368285	500
2021.10.22	14:00:00	5714.000	5719.500	5662.500	5680.000	143425	488668	500
2021.10.22	15:00:00	5680.000	5686.500	5649.500	5659.000	127794	435151	500
2021.10.22	16:00:00	5658.500	5662.000	5629.000	5631.500	75725	250332	500
2021.10.22	17:00:00	5631.500	5664.000	5631.000	5657.500	40529	147560	500
2021.10.25	09:00:00	5661.000	5667.000	5616.500	5619.000	206174	619787	500
2021.10.25	10:00:00	5619.500	5626.000	5604.500	5606.000	158248	517702	500
2021.10.25	11:00:00	5606.500	5613.500	5587.000	5594.500	148822	516365	500
2021.10.25	12:00:00	5595.000	5614.000	5585.500	5606.500	105510	367710	500
2021.10.25	13:00:00	5606.500	5610.500	5573.000	5573.000	96339	321034	500
2021.10.25	14:00:00	5573.000	5575.000	5554.000	5557.500	103513	363832	500
2021.10.25	15:00:00	5558.000	5564.500	5545.500	5546.500	92223	339044	500
2021.10.25	16:00:00	5546.500	5564.000	5543.000	5558.500	62243	223137	500
2021.10.25	17:00:00	5558.500	5570.500	5554.000	5563.000	45184	157146	500
2021.10.26	09:00:00	5558.000	5581.500	5552.500	5574.500	230823	691809	500
2021.10.26	10:00:00	5574.000	5597.000	5563.500	5590.500	164436	520971	500
2021.10.26	11:00:00	5590.000	5593.000	5566.000	5580.000	142675	487999	500
2021.10.26	12:00:00	5580.000	5594.000	5577.500	5586.500	101336	340413	500
2021.10.26	13:00:00	5586.500	5611.500	5586.000	5597.000	91969	321232	500
2021.10.26	14:00:00	5597.500	5598.500	5573.000	5586.000	94239	320039	500
2021.10.26	15:00:00	5586.000	5586.500	5569.000	5570.000	66281	227366	500
2021.10.26	16:00:00	5570.000	5579.000	5566.000	5576.500	50343	182745	500
2021.10.26	17:00:00	5576.000	5584.500	5570.000	5571.000	24672	91993	500
2021.10.27	09:00:00	5573.000	5576.500	5552.500	5562.500	203931	640818	500
2021.10.27	10:00:00	5562.500	5576.000	5559.500	5563.500	151185	453663	500
2021.10.27	11:00:00	5563.000	5592.000	5539.500	5589.500	237049	843278	500
2021.10.27	12:00:00	5590.000	5596.000	5579.000	5586.500	96482	355516	500
2021.10.27	13:00:00	5586.000	5587.000	5572.000	5580.500	69159	251143	500
2021.10.27	14:00:00	5581.000	5587.000	5566.500	5570.000	71930	267146	500
2021.10.27	15:00:00	5570.000	5574.000	5552.500	5569.000	84955	309057	500
2021.10.27	16:00:00	5569.000	5579.500	5556.500	5557.000	71173	270913	500
2021.10.27	17:00:00	5557.500	5559.000	5539.500	5540.500	43113	143089	500
2021.10.28	09:00:00	5556.000	5626.000	5552.000	5617.500	260115	840804	500
2021.10.28	10:00:00	5617.000	5624.500	5595.000	5600.000	170432	561690	500
2021.10.28	11:00:00	5600.500	5624.000	5595.500	5620.000	147351	502824	500
2021.10.28	12:00:00	5620.000	5637.500	5612.000	5614.000	129777	478301	500
2021.10.28	13:00:00	5613.500	5624.000	5601.000	5613.000	83678	309649	500
2021.10.28	14:00:00	5613.000	5621.500	5589.500	5603.500	107236	384082	500
2021.10.28	15:00:00	5603.000	5622.500	5595.000	5619.000	64219	233057	500
2021.10.28	16:00:00	5619.500	5632.500	5616.500	5628.000	61453	224494	500
2021.10.28	17:00:00	5627.500	5665.500	5621.000	5646.500	72976	270726	500
2021.10.29	09:00:00	5670.000	5687.000	5663.000	5668.500	174376	556113	500
2021.10.29	10:00:00	5669.000	5685.000	5648.000	5682.500	184646	636223	500
2021.10.29	11:00:00	5682.000	5695.500	5657.000	5668.500	142892	534146	500
2021.10.29	12:00:00	5668.500	5679.500	5651.500	5662.500	102717	414452	500
2021.10.29	13:00:00	5662.500	5692.500	5661.000	5677.500	78955	265517	500
2021.10.29	14:00:00	5677.000	5685.000	5663.500	5679.000	77419	292663	500
2021.10.29	15:00:00	5679.000	5681.500	5629.000	5646.000	97806	354408	500
2021.10.29	16:00:00	5646.000	5685.500	5643.000	5674.500	73319	264505	500
2021.10.29	17:00:00	5674.000	5683.000	5662.000	5665.000	32163	117965	500
2021.11.01	09:00:00	5658.500	5687.000	5652.500	5679.000	132542	401571	500
2021.11.01	10:00:00	5679.000	5693.000	5671.000	5692.500	119299	389807	500
2021.11.01	11:00:00	5692.500	5711.500	5687.000	5708.000	116612	389255	500
2021.11.01	12:00:00	5708.000	5719.000	5706.000	5709.500	79321	271831	500
2021.11.01	13:00:00	5709.500	5712.000	5701.500	5704.000	45654	162962	500
2021.11.01	14:00:00	5704.000	5712.000	5700.000	5706.000	59255	208745	500
2021.11.01	15:00:00	5706.000	5711.000	5698.000	5698.000	53522	196068	500
2021.11.01	16:00:00	5698.000	5705.500	5698.000	5700.500	39269	144168	500
2021.11.01	17:00:00	5701.000	5717.000	5697.000	5714.500	30549	121715	500
2021.11.03	09:00:00	5703.000	5717.000	5685.500	5708.500	187617	582440	500
2021.11.03	10:00:00	5708.000	5725.500	5694.500	5719.000	174256	553396	500
2021.11.03	11:00:00	5719.000	5728.000	5677.000	5692.500	177766	612472	500
2021.11.03	12:00:00	5693.000	5704.500	5644.000	5645.000	138406	484860	500
2021.11.03	13:00:00	5645.500	5651.500	5631.500	5642.500	105341	385317	500
2021.11.03	14:00:00	5642.500	5656.500	5638.000	5654.500	60705	202599	500
2021.11.03	15:00:00	5654.500	5657.000	5611.000	5615.000	147421	462818	500
2021.11.03	16:00:00	5615.000	5627.500	5606.500	5618.000	80627	255431	500
2021.11.03	17:00:00	5617.500	5620.000	5573.500	5582.500	60142	193738	500
2021.11.04	09:00:00	5596.500	5646.500	5590.500	5631.000	181761	553292	500
2021.11.04	10:00:00	5631.000	5639.500	5613.500	5618.500	156355	507795	500
2021.11.04	11:00:00	5618.500	5625.000	5590.000	5611.000	164802	534935	500
2021.11.04	12:00:00	5611.000	5629.000	5610.000	5616.000	90775	298487	500
2021.11.04	13:00:00	5615.500	5649.000	5606.500	5643.000	108216	375677	500
2021.11.04	14:00:00	5643.000	5648.500	5630.500	5646.500	78204	262831	500
2021.11.04	15:00:00	5646.500	5652.500	5629.500	5648.500	83577	279129	500
2021.11.04	16:00:00	5649.000	5654.500	5634.000	5635.000	50699	184891	500
2021.11.04	17:00:00	5635.000	5637.500	5620.000	5631.000	34955	121216	500
2021.11.05	09:00:00	5624.000	5633.000	5587.500	5595.000	209406	584366	500
2021.11.05	10:00:00	5595.000	5606.500	5553.000	5559.000	195721	605414	500
2021.11.05	11:00:00	5559.000	5584.500	5547.500	5564.500	133055	417993	500
2021.11.05	12:00:00	5564.500	5573.000	5558.000	5562.000	66176	208801	500
2021.11.05	13:00:00	5562.500	5567.000	5536.500	5554.000	83733	278211	500
2021.11.05	14:00:00	5554.000	5559.500	5537.500	5546.000	73924	259504	500
2021.11.05	15:00:00	5545.500	5546.000	5527.500	5538.500	73837	271312	500
2021.11.05	16:00:00	5538.000	5550.000	5533.500	5547.500	52166	179594	500
2021.11.05	17:00:00	5547.500	5569.500	5542.500	5565.500	41850	134524	500
2021.11.08	09:00:00	5581.500	5621.000	5581.000	5614.500	171131	481889	500
2021.11.08	10:00:00	5615.000	5618.500	5589.000	5592.000	152727	437411	500
2021.11.08	11:00:00	5592.500	5594.500	5570.000	5571.000	142045	408026	500
2021.11.08	12:00:00	5571.000	5579.500	5562.000	5571.000	80378	244036	500
2021.11.08	13:00:00	5570.500	5577.000	5566.000	5573.500	56376	171423	500
2021.11.08	14:00:00	5573.000	5578.500	5559.000	5568.500	68519	212736	500
2021.11.08	15:00:00	5568.500	5581.000	5562.000	5571.000	62433	207554	500
2021.11.08	16:00:00	5570.500	5577.000	5561.000	5564.000	48107	158043	500
2021.11.08	17:00:00	5564.000	5574.000	5559.000	5565.500	43485	144466	500
2021.11.08	18:00:00	5565.500	5571.500	5564.500	5570.500	5898	23250	500
2021.11.09	09:00:00	5570.500	5571.500	5535.000	5541.000	159423	456568	500
2021.11.09	10:00:00	5540.500	5547.000	5511.500	5515.000	171078	512652	500
2021.11.09	11:00:00	5515.500	5519.500	5492.500	5501.000	155134	499315	500
2021.11.09	12:00:00	5501.500	5526.500	5500.000	5510.000	117403	392041	500
2021.11.09	13:00:00	5509.500	5524.000	5508.000	5522.000	65244	219865	500
2021.11.09	14:00:00	5521.500	5523.000	5496.500	5497.000	65782	212277	500
2021.11.09	15:00:00	5496.500	5507.000	5476.000	5498.500	100762	340259	500
2021.11.09	16:00:00	5498.000	5531.500	5495.500	5511.000	67437	228496	500
2021.11.09	17:00:00	5511.000	5531.000	5502.000	5506.000	61426	199759	500
2021.11.09	18:00:00	5505.500	5510.500	5499.000	5499.500	6368	28127	500
2021.11.10	09:00:00	5524.000	5530.000	5478.500	5480.500	198792	580922	500
2021.11.10	10:00:00	5480.500	5489.500	5456.500	5461.500	243321	756716	500
2021.11.10	11:00:00	5462.000	5479.000	5454.000	5475.000	138168	441884	500
2021.11.10	12:00:00	5474.500	5507.000	5470.000	5499.000	142016	438147	500
2021.11.10	13:00:00	5498.500	5509.000	5483.500	5488.500	97895	300026	500
2021.11.10	14:00:00	5488.500	5507.500	5488.000	5499.500	76256	247672	500
2021.11.10	15:00:00	5499.000	5528.500	5497.500	5514.000	126372	417508	500
2021.11.10	16:00:00	5513.500	5525.500	5506.000	5520.500	60153	197121	500
2021.11.10	17:00:00	5520.000	5524.000	5509.000	5516.500	45224	160353	500
2021.11.10	18:00:00	5516.500	5518.500	5505.000	5510.500	7058	30890	500
2021.11.11	09:00:00	5502.000	5504.500	5458.500	5459.000	154296	433173	500
2021.11.11	10:00:00	5459.000	5466.500	5449.000	5455.500	140634	417808	500
2021.11.11	11:00:00	5455.500	5456.500	5418.000	5426.500	168904	556717	500
2021.11.11	12:00:00	5426.500	5428.500	5410.000	5415.000	103589	371282	500
2021.11.11	13:00:00	5415.000	5429.000	5412.500	5417.500	68040	228336	500
2021.11.11	14:00:00	5417.500	5424.000	5406.000	5423.500	76502	247606	500
2021.11.11	15:00:00	5423.500	5433.500	5417.500	5419.000	75820	241356	500
2021.11.11	16:00:00	5419.500	5427.000	5412.000	5420.500	61412	212126	500
2021.11.11	17:00:00	5420.500	5433.000	5419.500	5422.500	36802	131387	500
2021.11.11	18:00:00	5422.500	5423.500	5408.000	5413.500	11115	44698	500
2021.11.12	09:00:00	5420.000	5445.500	5410.500	5440.000	188598	546439	500
2021.11.12	10:00:00	5440.000	5441.500	5416.000	5434.000	174609	549580	500
2021.11.12	11:00:00	5434.000	5446.500	5424.000	5437.000	130784	414219	500
2021.11.12	12:00:00	5437.000	5448.000	5428.500	5444.500	86351	275009	500
2021.11.12	13:00:00	5444.000	5460.000	5440.500	5451.000	76358	264578	500
2021.11.12	14:00:00	5451.000	5479.000	5446.500	5477.500	85657	306471	500
2021.11.12	15:00:00	5477.500	5485.000	5471.500	5472.500	80406	273261	500
2021.11.12	16:00:00	5473.000	5479.500	5470.500	5473.000	36942	129499	500
2021.11.12	17:00:00	5472.500	5475.500	5464.500	5472.000	35275	124718	500
2021.11.12	18:00:00	5472.500	5484.000	5466.000	5477.000	12684	46884	500
2021.11.16	09:00:00	5460.500	5478.000	5446.000	5446.500	201662	575343	500
2021.11.16	10:00:00	5446.000	5470.000	5444.500	5468.500	176770	555494	500
2021.11.16	11:00:00	5469.000	5511.000	5468.000	5509.500	169027	559431	500
2021.11.16	12:00:00	5509.500	5522.000	5504.000	5520.000	91744	324066	500
2021.11.16	13:00:00	5520.000	5524.000	5509.500	5513.500	66178	244452	500
2021.11.16	14:00:00	5513.500	5521.500	5505.500	5508.500	70366	244557	500
2021.11.16	15:00:00	5509.000	5515.500	5504.500	5514.000	52533	184934	500
2021.11.16	16:00:00	5514.000	5518.000	5503.000	5514.000	53281	177135	500
2021.11.16	17:00:00	5514.000	5517.500	5505.000	5512.000	42023	148184	500
2021.11.16	18:00:00	5512.500	5522.500	5511.500	5518.000	9714	45901	500
2021.11.17	09:00:00	5500.000	5507.000	5482.000	5482.500	150513	443825	500
2021.11.17	10:00:00	5483.000	5516.500	5479.000	5512.500	151555	459361	500
2021.11.17	11:00:00	5512.500	5532.500	5508.000	5524.000	135887	446901	500
2021.11.17	12:00:00	5524.000	5532.000	5512.000	5514.000	84605	281895	500
2021.11.17	13:00:00	5513.500	5529.500	5511.000	5521.000	55343	179706	500
2021.11.17	14:00:00	5521.500	5526.000	5504.500	5522.000	74106	262344	500
2021.11.17	15:00:00	5522.000	5547.000	5521.500	5545.000	77965	271272	500
2021.11.17	16:00:00	5545.500	5546.500	5535.000	5539.500	37683	121650	500
2021.11.17	17:00:00	5539.500	5541.500	5525.500	5537.500	40432	133358	500
2021.11.17	18:00:00	5537.500	5549.500	5537.000	5541.500	11287	45678	500
2021.11.18	09:00:00	5537.000	5563.500	5536.500	5544.000	160694	458149	500
2021.11.18	10:00:00	5544.500	5572.000	5543.500	5562.500	153338	455395	500
2021.11.18	11:00:00	5563.000	5576.000	5552.000	5563.000	129776	421507	500
2021.11.18	12:00:00	5563.000	5578.500	5547.500	5555.000	113911	387711	500
2021.11.18	13:00:00	5555.000	5565.000	5543.500	5561.500	73201	236849	500
2021.11.18	14:00:00	5561.500	5583.000	5556.000	5580.500	66170	203307	500
2021.11.18	15:00:00	5580.500	5587.000	5573.500	5586.000	59570	189883	500
2021.11.18	16:00:00	5586.500	5590.000	5578.000	5581.000	38336	124015	500
2021.11.18	17:00:00	5580.500	5587.500	5575.500	5577.500	32560	122547	500
2021.11.18	18:00:00	5577.000	5578.500	5566.000	5572.000	9116	43383	500
2021.11.19	09:00:00	5589.000	5590.000	5556.000	5569.500	153898	453408	500
2021.11.19	10:00:00	5569.500	5579.000	5552.500	5570.000	177330	523335	500
2021.11.19	11:00:00	5569.500	5571.000	5531.000	5542.000	160360	526206	500
2021.11.19	12:00:00	5542.000	5574.000	5532.500	5570.000	104001	360258	500
2021.11.19	13:00:00	5570.500	5587.000	5568.000	5583.500	85818	288121	500
2021.11.19	14:00:00	5583.000	5621.000	5579.000	5600.500	112947	371436	500
2021.11.19	15:00:00	5600.000	5624.000	5599.000	5624.000	65414	217627	500
2021.11.19	16:00:00	5623.500	5624.500	5613.000	5619.500	39284	130079	500
2021.11.19	17:00:00	5619.000	5621.500	5613.000	5620.000	29019	95148	500
2021.11.19	18:00:00	5620.500	5624.000	5615.000	5624.000	8889	37651	500
2021.11.22	09:00:00	5611.500	5623.000	5597.500	5605.500	154593	425906	500
2021.11.22	10:00:00	5605.000	5610.000	5572.500	5576.500	176434	533296	500
2021.11.22	11:00:00	5577.000	5598.000	5572.000	5595.000	159513	496355	500
2021.11.22	12:00:00	5595.500	5614.500	5581.000	5589.000	123915	384332	500
2021.11.22	13:00:00	5588.500	5599.000	5579.500	5597.000	71040	217106	500
2021.11.22	14:00:00	5596.500	5604.000	5588.500	5598.500	60933	185296	500
2021.11.22	15:00:00	5598.500	5620.000	5590.000	5615.500	91079	295266	500
2021.11.22	16:00:00	5615.500	5620.000	5593.000	5601.500	58124	192703	500
2021.11.22	17:00:00	5601.500	5610.000	5597.000	5605.500	34829	118940	500
2021.11.22	18:00:00	5605.000	5606.500	5590.000	5593.000	11143	44927	500
2021.11.23	09:00:00	5615.000	5641.000	5603.500	5635.500	162410	467363	500
2021.11.23	10:00:00	5635.500	5652.500	5625.500	5647.500	176925	514771	500
2021.11.23	11:00:00	5647.500	5655.500	5639.500	5643.000	128099	425584	500
2021.11.23	12:00:00	5643.500	5665.000	5643.000	5664.000	105129	367718	500
2021.11.23	13:00:00	5664.000	5669.500	5651.000	5656.500	78653	265403	500
2021.11.23	14:00:00	5656.000	5659.500	5645.000	5652.000	60077	204152	500
2021.11.23	15:00:00	5651.500	5653.000	5611.500	5618.500	112521	403679	500
2021.11.23	16:00:00	5618.500	5623.000	5609.000	5614.000	54610	189143	500
2021.11.23	17:00:00	5613.500	5625.000	5585.500	5597.000	63945	237344	500
2021.11.23	18:00:00	5597.000	5598.000	5572.500	5576.500	14421	56034	500
2021.11.24	09:00:00	5583.000	5597.500	5560.000	5595.500	183110	528715	500
2021.11.24	10:00:00	5595.500	5628.000	5595.000	5623.000	175421	584908	500
2021.11.24	11:00:00	5623.500	5624.500	5604.000	5609.500	131729	448314	500
2021.11.24	12:00:00	5609.500	5612.000	5591.000	5603.500	118634	393587	500
2021.11.24	13:00:00	5604.000	5607.000	5590.000	5599.500	68451	222772	500
2021.11.24	14:00:00	5600.000	5607.000	5588.000	5600.000	63699	199648	500
2021.11.24	15:00:00	5599.500	5601.000	5589.000	5595.000	48378	181539	500
2021.11.24	16:00:00	5594.500	5603.500	5591.500	5600.000	42634	138917	500
2021.11.24	17:00:00	5599.500	5608.500	5594.500	5606.000	30072	95380	500
2021.11.24	18:00:00	5606.000	5612.500	5605.000	5612.500	8430	33500	500
2021.11.25	09:00:00	5591.500	5601.500	5574.000	5587.000	136481	357677	500
2021.11.25	10:00:00	5587.000	5602.000	5578.000	5591.000	126792	359715	500
2021.11.25	11:00:00	5591.000	5603.500	5567.000	5567.500	109872	351358	500
2021.11.25	12:00:00	5567.500	5571.000	5552.500	5560.000	73907	241636	500
2021.11.25	13:00:00	5560.000	5569.000	5555.000	5566.500	50663	160684	500
2021.11.25	14:00:00	5566.500	5571.000	5561.500	5568.500	37635	115377	500
2021.11.25	15:00:00	5568.500	5584.000	5568.000	5579.500	46041	155314	500
2021.11.25	16:00:00	5579.500	5580.500	5563.500	5569.000	37683	118407	500
2021.11.25	17:00:00	5569.500	5574.000	5566.000	5567.000	16274	50885	500
2021.11.25	18:00:00	5567.000	5573.500	5566.000	5572.500	5990	30230	500
2021.11.26	09:00:00	5668.000	5670.000	5606.500	5608.000	184643	541063	500
2021.11.26	10:00:00	5608.000	5616.500	5590.000	5590.500	161289	511089	500
2021.11.26	11:00:00	5590.500	5608.000	5583.500	5588.000	140670	446382	500
2021.11.26	12:00:00	5588.000	5604.500	5581.500	5590.000	112509	380867	500
2021.11.26	13:00:00	5589.500	5614.000	5585.500	5597.500	90829	295755	500
2021.11.26	14:00:00	5597.000	5597.000	5577.500	5581.500	73693	214455	500
2021.11.26	15:00:00	5581.500	5595.500	5575.500	5594.000	53768	181180	500
2021.11.26	16:00:00	5594.500	5604.000	5590.000	5598.000	43804	139258	500
2021.11.26	17:00:00	5598.000	5608.000	5596.000	5606.000	25444	85830	500
2021.11.26	18:00:00	5606.000	5615.000	5605.500	5614.000	9177	34017	500
2021.11.29	09:00:00	5600.000	5609.000	5583.000	5602.500	159196	447876	500
2021.11.29	10:00:00	5602.500	5612.500	5595.000	5608.500	125038	385081	500
2021.11.29	11:00:00	5608.500	5626.500	5581.000	5623.500	179723	583164	500
2021.11.29	12:00:00	5623.500	5641.500	5618.000	5626.000	115105	366238	500
2021.11.29	13:00:00	5626.000	5630.000	5617.000	5623.000	57483	187430	500
2021.11.29	14:00:00	5623.500	5630.000	5607.500	5609.000	68501	225656	500
2021.11.29	15:00:00	5609.500	5621.500	5604.500	5608.500	58583	192801	500
2021.11.29	16:00:00	5608.500	5621.500	5606.500	5612.500	47472	157825	500
2021.11.29	17:00:00	5612.500	5617.000	5602.500	5609.000	41545	137862	500
2021.11.29	18:00:00	5609.500	5610.000	5599.000	5603.500	6829	24309	500
2021.11.30	09:00:00	5637.000	5648.000	5627.500	5646.500	133411	422056	500
2021.11.30	10:00:00	5646.500	5652.500	5632.500	5645.500	133761	425039	500
2021.11.30	11:00:00	5645.500	5649.500	5619.500	5642.500	128386	453784	500
2021.11.30	12:00:00	5642.500	5692.500	5615.000	5692.000	185958	617627	500
2021.11.30	13:00:00	5692.000	5707.000	5678.500	5691.000	148755	493764	500
2021.11.30	14:00:00	5691.000	5701.500	5665.000	5673.000	97189	309748	500
2021.11.30	15:00:00	5673.000	5686.500	5664.000	5682.500	83703	269140	500
2021.11.30	16:00:00	5682.500	5688.500	5672.500	5673.000	46050	133491	500
2021.11.30	17:00:00	5673.000	5674.500	5653.500	5659.500	56810	173885	500
2021.11.30	18:00:00	5659.500	5661.500	5632.500	5639.500	14189	67110	500
2021.12.01	09:00:00	5620.000	5652.500	5612.500	5648.000	140379	437926	500
2021.12.01	10:00:00	5647.500	5658.000	5640.000	5653.500	139197	450365	500
2021.12.01	11:00:00	5653.000	5664.500	5651.000	5653.000	113828	379370	500
2021.12.01	12:00:00	5653.000	5661.000	5643.000	5654.000	98479	294853	500
2021.12.01	13:00:00	5654.000	5675.000	5653.000	5672.000	75637	239451	500
2021.12.01	14:00:00	5672.000	5689.000	5665.500	5686.500	77824	245686	500
2021.12.01	15:00:00	5686.500	5705.000	5684.000	5703.500	108283	362056	500
2021.12.01	16:00:00	5703.500	5709.000	5694.500	5706.500	65112	201959	500
2021.12.01	17:00:00	5706.000	5717.500	5698.000	5717.000	56525	169916	500
2021.12.01	18:00:00	5716.500	5733.000	5716.000	5730.000	21487	88689	500
2021.12.02	09:00:00	5700.500	5714.500	5687.000	5688.000	169855	490702	500
2021.12.02	10:00:00	5688.000	5688.000	5655.000	5660.500	158991	525492	500
2021.12.02	11:00:00	5661.000	5681.500	5659.000	5662.500	135882	436960	500
2021.12.02	12:00:00	5662.500	5678.500	5658.000	5663.500	98077	332306	500
2021.12.02	13:00:00	5664.000	5669.000	5648.000	5660.500	94340	329859	500
2021.12.02	14:00:00	5660.500	5686.500	5659.500	5674.000	91528	321352	500
2021.12.02	15:00:00	5673.500	5698.000	5673.500	5685.500	81170	285145	500
2021.12.02	16:00:00	5685.500	5694.500	5682.500	5693.500	42778	144090	500
2021.12.02	17:00:00	5693.500	5694.000	5663.500	5673.500	42312	134498	500
2021.12.02	18:00:00	5673.500	5683.500	5671.000	5679.000	12546	52512	500
2021.12.03	09:00:00	5685.000	5707.000	5681.000	5682.500	118619	318413	500
2021.12.03	10:00:00	5682.500	5683.000	5633.000	5635.500	202228	631671	500
2021.12.03	11:00:00	5635.500	5690.000	5634.500	5682.000	159331	484741	500
2021.12.03	12:00:00	5682.000	5714.000	5681.500	5702.000	133574	420968	500
2021.12.03	13:00:00	5701.500	5715.000	5682.500	5708.500	96459	295389	500
2021.12.03	14:00:00	5708.500	5712.500	5677.500	5690.500	89325	283440	500
2021.12.03	15:00:00	5691.000	5697.500	5681.000	5683.000	63388	187913	500
2021.12.03	16:00:00	5683.500	5715.000	5682.500	5710.500	66904	225096	500
2021.12.03	17:00:00	5710.500	5718.500	5682.500	5685.500	54182	170426	500
2021.12.03	18:00:00	5685.000	5689.500	5677.000	5685.500	12360	45820	500
2021.12.06	09:00:00	5676.000	5730.000	5667.000	5727.000	164443	501959	500
2021.12.06	10:00:00	5726.500	5729.500	5706.500	5706.500	124499	400763	500
2021.12.06	11:00:00	5706.500	5734.000	5706.000	5721.000	142803	452852	500
2021.12.06	12:00:00	5721.500	5727.000	5702.500	5714.000	102253	342632	500
2021.12.06	13:00:00	5714.000	5721.500	5711.500	5714.500	49038	155495	500
2021.12.06	14:00:00	5714.000	5731.000	5711.500	5723.000	66206	215384	500
2021.12.06	15:00:00	5723.500	5730.000	5718.000	5718.500	57697	193991	500
2021.12.06	16:00:00	5718.500	5726.000	5715.500	5723.000	43201	146318	500
2021.12.06	17:00:00	5722.500	5725.500	5713.500	5718.000	34149	114655	500
2021.12.06	18:00:00	5718.000	5729.000	5718.000	5724.000	9958	37952	500
2021.12.07	09:00:00	5697.000	5703.500	5667.500	5670.500	180418	542240	500
2021.12.07	10:00:00	5670.500	5683.000	5654.000	5675.500	191316	617755	500
2021.12.07	11:00:00	5676.000	5684.000	5668.500	5669.500	107309	328979	500
2021.12.07	12:00:00	5669.500	5689.000	5666.500	5667.500	98162	312455	500
2021.12.07	13:00:00	5667.000	5681.000	5661.000	5662.500	83267	275736	500
2021.12.07	14:00:00	5662.000	5667.000	5652.000	5660.000	63534	209191	500
2021.12.07	15:00:00	5660.000	5677.000	5652.500	5658.000	81073	278322	500
2021.12.07	16:00:00	5657.500	5665.500	5644.000	5648.500	66938	233710	500
2021.12.07	17:00:00	5649.000	5665.500	5639.000	5639.500	54971	194852	500
2021.12.07	18:00:00	5640.000	5652.000	5638.500	5651.000	11708	46764	500
2021.12.08	09:00:00	5634.000	5664.500	5631.000	5645.000	195774	576987	500
2021.12.08	10:00:00	5645.000	5649.500	5605.000	5607.500	184259	644245	500
2021.12.08	11:00:00	5607.500	5619.500	5576.000	5579.000	170890	594966	500
2021.12.08	12:00:00	5579.500	5591.000	5575.000	5579.000	83988	284260	500
2021.12.08	13:00:00	5579.000	5588.500	5554.000	5569.000	96579	335726	500
2021.12.08	14:00:00	5569.500	5573.000	5565.500	5572.000	43603	152670	500
2021.12.08	15:00:00	5572.000	5578.500	5561.500	5564.500	57056	181202	500
2021.12.08	16:00:00	5564.000	5569.500	5555.000	5564.000	48544	166500	500
2021.12.08	17:00:00	5563.500	5566.000	5555.000	5558.000	36596	113583	500
2021.12.08	18:00:00	5558.000	5570.000	5557.500	5560.000	13243	49714	500
2021.12.09	09:00:00	5564.000	5570.000	5545.000	5552.500	158224	458619	500
2021.12.09	10:00:00	5553.000	5593.000	5552.500	5590.500	174183	544024	500
2021.12.09	11:00:00	5590.500	5603.000	5575.000	5590.000	122543	412917	500
2021.12.09	12:00:00	5590.500	5604.000	5589.500	5602.000	65677	222934	500
2021.12.09	13:00:00	5602.000	5609.000	5591.500	5608.500	66199	224297	500
2021.12.09	14:00:00	5608.500	5625.500	5608.000	5614.000	75322	264843	500
2021.12.09	15:00:00	5614.500	5621.500	5608.500	5610.000	61142	217682	500
2021.12.09	16:00:00	5609.500	5613.000	5599.000	5600.000	53595	192794	500
2021.12.09	17:00:00	5600.000	5609.500	5597.500	5606.000	36319	119590	500
2021.12.09	18:00:00	5606.500	5607.500	5598.000	5598.500	10274	47331	500
2021.12.10	09:00:00	5585.000	5609.500	5584.000	5604.000	116983	347387	500
2021.12.10	10:00:00	5603.500	5621.000	5585.000	5616.000	212450	679411	500
2021.12.10	11:00:00	5616.000	5660.000	5606.500	5618.500	247959	898462	500
2021.12.10	12:00:00	5618.000	5642.000	5616.000	5628.500	91871	286909	500
2021.12.10	13:00:00	5628.500	5632.000	5618.000	5624.500	53353	184192	500
2021.12.10	14:00:00	5624.500	5639.000	5619.500	5636.500	43890	145073	500
2021.12.10	15:00:00	5636.000	5645.000	5633.000	5642.500	52121	166187	500
2021.12.10	16:00:00	5642.500	5643.000	5634.000	5638.500	27796	86718	500
2021.12.10	17:00:00	5638.500	5640.000	5632.000	5633.500	23506	76928	500
2021.12.10	18:00:00	5633.500	5642.500	5630.000	5638.500	8270	34561	500
2021.12.13	09:00:00	5629.000	5656.500	5628.000	5635.500	146744	418149	500
2021.12.13	10:00:00	5635.000	5659.000	5624.500	5651.500	197195	601517	500
2021.12.13	11:00:00	5651.000	5669.000	5647.500	5656.500	123011	381718	500
2021.12.13	12:00:00	5656.500	5701.500	5653.000	5698.000	131976	441360	500
2021.12.13	13:00:00	5698.000	5700.000	5658.500	5682.500	136874	523029	500
2021.12.13	14:00:00	5682.500	5693.500	5681.500	5691.500	48522	153466	500
2021.12.13	15:00:00	5691.000	5696.000	5682.000	5690.500	49949	153498	500
2021.12.13	16:00:00	5690.500	5701.000	5688.000	5697.500	42724	130658	500
2021.12.13	17:00:00	5698.000	5704.500	5688.000	5699.500	36561	109654	500
2021.12.13	18:00:00	5699.500	5705.000	5695.500	5704.500	11813	41811	500
2021.12.14	09:00:00	5686.500	5699.000	5675.500	5678.500	146241	413439	500
2021.12.14	10:00:00	5678.500	5680.000	5640.000	5667.500	205137	647463	500
2021.12.14	11:00:00	5668.000	5669.000	5645.500	5657.000	126689	424053	500
2021.12.14	12:00:00	5657.000	5686.500	5656.000	5682.500	95320	290758	500
2021.12.14	13:00:00	5683.000	5694.000	5676.500	5693.000	63220	214574	500
2021.12.14	14:00:00	5692.500	5705.000	5686.000	5705.000	66360	217314	500
2021.12.14	15:00:00	5704.500	5720.000	5703.000	5714.000	83582	275477	500
2021.12.14	16:00:00	5713.500	5718.500	5707.500	5716.500	49369	162314	500
2021.12.14	17:00:00	5716.000	5717.500	5706.500	5710.500	34373	114523	500
2021.12.14	18:00:00	5710.500	5712.000	5702.000	5703.000	7304	28609	500
2021.12.15	09:00:00	5700.500	5723.500	5679.500	5720.500	210330	590459	500
2021.12.15	10:00:00	5720.500	5746.500	5715.000	5719.500	217908	700375	500
2021.12.15	11:00:00	5720.000	5745.000	5705.500	5742.500	136988	405806	500
2021.12.15	12:00:00	5743.000	5746.000	5726.000	5745.500	93022	310956	500
2021.12.15	13:00:00	5745.000	5748.500	5725.500	5733.000	87673	303275	500
2021.12.15	14:00:00	5733.000	5741.500	5725.500	5736.500	56267	196247	500
2021.12.15	15:00:00	5736.000	5746.000	5729.000	5743.000	52882	154365	500
2021.12.15	16:00:00	5744.000	5755.500	5720.500	5727.000	133975	433892	500
2021.12.15	17:00:00	5727.000	5729.500	5703.500	5704.500	65801	229584	500
2021.12.15	18:00:00	5704.500	5710.500	5699.500	5703.500	12705	40946	500
2021.12.16	09:00:00	5688.000	5726.500	5683.000	5696.000	224764	610771	500
2021.12.16	10:00:00	5696.000	5709.000	5683.000	5703.500	156593	446868	500
2021.12.16	11:00:00	5703.500	5736.000	5696.500	5731.500	159582	489211	500
2021.12.16	12:00:00	5731.000	5743.500	5692.500	5696.500	136888	459415	500
2021.12.16	13:00:00	5697.000	5713.500	5677.500	5683.000	103808	337355	500
2021.12.16	14:00:00	5683.500	5695.500	5677.500	5691.500	67015	189114	500
2021.12.16	15:00:00	5691.000	5695.500	5677.500	5689.500	62077	192172	500
2021.12.16	16:00:00	5689.000	5707.000	5682.500	5696.500	58815	178599	500
2021.12.16	17:00:00	5696.500	5709.000	5691.500	5705.000	34173	109146	500
2021.12.16	18:00:00	5705.000	5713.000	5703.000	5706.500	9763	37291	500
2021.12.17	09:00:00	5701.500	5730.000	5700.500	5726.000	161892	443106	500
2021.12.17	10:00:00	5726.000	5731.500	5707.500	5717.500	137948	410526	500
2021.12.17	11:00:00	5717.500	5721.500	5700.000	5703.500	105435	338526	500
2021.12.17	12:00:00	5704.000	5711.000	5678.500	5690.500	117928	388924	500
2021.12.17	13:00:00	5690.000	5697.500	5679.000	5691.000	65837	215808	500
2021.12.17	14:00:00	5691.000	5693.500	5676.500	5691.500	59715	190543	500
2021.12.17	15:00:00	5691.500	5702.000	5685.500	5693.000	45250	145233	500
2021.12.17	16:00:00	5693.500	5703.000	5692.500	5699.500	36964	116824	500
2021.12.17	17:00:00	5699.500	5704.000	5690.000	5701.500	35279	116833	500
2021.12.17	18:00:00	5701.500	5714.000	5700.500	5709.000	12443	48864	500
2021.12.20	09:00:00	5724.500	5734.000	5711.000	5712.500	148480	409307	500
2021.12.20	10:00:00	5712.500	5722.000	5702.000	5721.000	141399	410464	500
2021.12.20	11:00:00	5721.000	5727.500	5709.000	5716.000	117058	338171	500
2021.12.20	12:00:00	5715.500	5745.000	5707.500	5737.500	114140	347189	500
2021.12.20	13:00:00	5738.000	5741.500	5729.000	5734.500	65021	206644	500
2021.12.20	14:00:00	5734.500	5740.500	5728.000	5739.500	50218	157941	500
2021.12.20	15:00:00	5740.000	5750.500	5733.500	5746.000	52911	150248	500
2021.12.20	16:00:00	5746.000	5759.000	5743.500	5757.000	62897	203717	500
2021.12.20	17:00:00	5757.500	5759.000	5748.500	5750.000	41045	137014	500
2021.12.20	18:00:00	5750.000	5759.500	5748.500	5757.500	12552	50440	500
2021.12.21	09:00:00	5734.500	5742.000	5725.500	5726.500	122631	344248	500
2021.12.21	10:00:00	5726.000	5750.500	5722.000	5749.500	126471	376060	500
2021.12.21	11:00:00	5749.000	5765.000	5748.000	5759.000	155046	496425	500
2021.12.21	12:00:00	5759.000	5759.500	5745.500	5757.500	70667	241321	500
2021.12.21	13:00:00	5758.000	5763.500	5747.000	5758.500	63713	203549	500
2021.12.21	14:00:00	5758.500	5768.000	5755.500	5761.500	51806	185234	500
2021.12.21	15:00:00	5761.500	5764.000	5749.000	5750.000	56823	185830	500
2021.12.21	16:00:00	5750.500	5757.000	5745.000	5749.500	38730	135753	500
2021.12.21	17:00:00	5750.000	5756.500	5745.500	5756.000	24915	78481	500
2021.12.21	18:00:00	5755.500	5759.000	5751.000	5757.000	10052	38025	500
2021.12.22	09:00:00	5744.500	5752.000	5714.500	5716.500	145152	412953	500
2021.12.22	10:00:00	5717.000	5737.500	5715.000	5734.000	116106	350978	500
2021.12.22	11:00:00	5734.000	5748.500	5725.500	5735.000	108721	344097	500
2021.12.22	12:00:00	5735.500	5739.500	5716.500	5726.000	82324	271542	500
2021.12.22	13:00:00	5726.000	5728.000	5709.000	5712.500	59821	193736	500
2021.12.22	14:00:00	5712.500	5714.000	5690.000	5690.500	62732	193038	500
2021.12.22	15:00:00	5691.000	5693.000	5678.000	5681.000	62479	205712	500
2021.12.22	16:00:00	5681.000	5684.000	5670.500	5676.500	54258	178942	500
2021.12.22	17:00:00	5676.500	5677.500	5667.500	5669.500	32751	114561	500
2021.12.22	18:00:00	5669.000	5670.500	5655.000	5663.500	15232	65628	500
2021.12.23	09:00:00	5665.000	5669.500	5635.500	5661.000	145924	428885	500
2021.12.23	10:00:00	5660.500	5686.000	5659.500	5684.000	108264	346439	500
2021.12.23	11:00:00	5684.000	5726.000	5682.500	5719.000	136833	476672	500
2021.12.23	12:00:00	5719.000	5726.000	5712.000	5723.000	78837	276973	500
2021.12.23	13:00:00	5723.000	5725.500	5683.000	5689.500	129374	492560	500
2021.12.23	14:00:00	5690.000	5695.000	5662.500	5681.000	93176	313016	500
2021.12.23	15:00:00	5681.500	5682.500	5666.000	5668.000	48466	141988	500
2021.12.23	16:00:00	5668.000	5678.000	5667.000	5670.500	31520	87413	500
2021.12.23	17:00:00	5670.000	5686.500	5669.000	5685.500	27246	83703	500
2021.12.23	18:00:00	5686.000	5689.500	5671.000	5671.000	10529	36259	500
2021.12.27	09:00:00	5670.500	5711.000	5670.500	5699.500	136034	372262	500
2021.12.27	10:00:00	5700.000	5701.000	5660.500	5665.500	139220	408584	500
2021.12.27	11:00:00	5665.000	5675.000	5650.500	5666.500	111564	307935	500
2021.12.27	12:00:00	5666.500	5672.000	5648.500	5655.000	70577	196890	500
2021.12.27	13:00:00	5655.500	5662.000	5639.500	5645.000	55744	158455	500
2021.12.27	14:00:00	5645.000	5648.000	5636.500	5642.000	43201	128954	500
2021.12.27	15:00:00	5642.500	5647.000	5638.000	5645.000	41344	135645	500
2021.12.27	16:00:00	5644.500	5646.000	5638.500	5642.500	26218	80062	500
2021.12.27	17:00:00	5642.000	5643.500	5632.500	5635.000	22649	73236	500
2021.12.27	18:00:00	5635.500	5636.000	5626.500	5628.000	12583	44355	500
2021.12.28	09:00:00	5622.000	5663.500	5620.000	5662.000	130609	359735	500
2021.12.28	10:00:00	5662.000	5664.500	5635.500	5637.500	121099	349397	500
2021.12.28	11:00:00	5637.500	5645.500	5627.000	5632.500	97287	282751	500
2021.12.28	12:00:00	5633.000	5652.000	5626.000	5642.500	82535	250731	500
2021.12.28	13:00:00	5642.000	5645.500	5628.500	5637.000	52849	167995	500
2021.12.28	14:00:00	5637.000	5653.000	5634.000	5649.500	51344	166667	500
2021.12.28	15:00:00	5649.000	5651.000	5635.500	5636.500	49448	151552	500
2021.12.28	16:00:00	5636.500	5643.500	5636.000	5640.500	26383	93571	500
2021.12.28	17:00:00	5640.000	5640.500	5623.000	5628.500	41277	145086	500
2021.12.28	18:00:00	5628.000	5631.500	5625.500	5631.000	5680	20474	500
2021.12.29	09:00:00	5638.500	5648.000	5624.500	5642.000	121705	331421	500
2021.12.29	10:00:00	5642.000	5660.000	5639.500	5652.000	89286	255182	500
2021.12.29	11:00:00	5651.500	5667.500	5648.000	5667.500	90741	292563	500
2021.12.29	12:00:00	5667.500	5681.000	5667.000	5680.000	83969	261839	500
2021.12.29	13:00:00	5679.500	5694.500	5672.000	5692.000	64621	193699	500
2021.12.29	14:00:00	5691.500	5699.500	5688.500	5699.000	49886	155190	500
2021.12.29	15:00:00	5699.000	5699.500	5690.500	5693.500	40980	131525	500
2021.12.29	16:00:00	5693.500	5698.500	5691.000	5694.000	31979	104384	500
2021.12.29	17:00:00	5694.000	5697.000	5690.500	5694.000	22735	77909	500
2021.12.29	18:00:00	5694.500	5712.000	5693.000	5703.000	17493	64440	500
2021.12.30	09:00:00	5735.000	5742.500	5683.500	5684.500	115569	346860	500
2021.12.30	10:00:00	5684.500	5685.000	5601.500	5607.500	172922	599170	500
2021.12.30	11:00:00	5607.000	5638.500	5586.500	5605.000	144490	494137	500
2021.12.30	12:00:00	5605.000	5641.500	5604.000	5614.500	87799	327400	500
2021.12.30	13:00:00	5614.500	5625.500	5606.500	5615.000	52190	184757	500
2021.12.30	14:00:00	5614.500	5619.000	5596.000	5600.000	44886	155408	500
2021.12.30	15:00:00	5600.500	5624.000	5598.000	5617.500	46412	144082	500
2021.12.30	16:00:00	5617.500	5618.500	5610.000	5614.000	24519	79538	500
2021.12.30	17:00:00	5614.000	5615.500	5604.500	5609.000	22047	72408	500
2021.12.30	18:00:00	5608.500	5612.500	5598.000	5611.000	8565	33175	500
2022.01.03	09:00:00	5609.500	5633.500	5595.000	5620.500	155552	418627	500
2022.01.03	10:00:00	5620.500	5652.000	5620.000	5651.500	141738	403925	500
2022.01.03	11:00:00	5651.000	5686.500	5650.500	5678.500	124423	381786	500
2022.01.03	12:00:00	5678.000	5704.500	5676.000	5698.000	92895	301374	500
2022.01.03	13:00:00	5698.000	5710.000	5692.500	5699.000	66234	209443	500
2022.01.03	14:00:00	5698.500	5703.000	5686.500	5699.500	55555	184393	500
2022.01.03	15:00:00	5700.000	5707.500	5696.000	5698.500	45246	153227	500
2022.01.03	16:00:00	5698.500	5703.000	5695.500	5701.000	31753	100292	500
2022.01.03	17:00:00	5701.000	5717.000	5696.500	5712.000	42949	136912	500
2022.01.03	18:00:00	5712.000	5729.000	5712.000	5727.000	16652	62904	500
2022.01.04	09:00:00	5704.500	5737.500	5702.500	5726.000	191902	491452	500
2022.01.04	10:00:00	5726.000	5744.500	5716.500	5729.500	163436	431512	500
2022.01.04	11:00:00	5729.500	5746.500	5685.500	5689.500	185826	535982	500
2022.01.04	12:00:00	5689.000	5709.000	5672.500	5705.500	129913	387830	500
2022.01.04	13:00:00	5705.000	5718.500	5697.000	5711.500	74947	234241	500
2022.01.04	14:00:00	5711.500	5719.000	5702.500	5717.500	53865	165770	500
2022.01.04	15:00:00	5717.500	5730.000	5707.500	5723.000	63418	197756	500
2022.01.04	16:00:00	5723.000	5731.000	5717.000	5724.000	40125	129011	500
2022.01.04	17:00:00	5724.000	5726.000	5717.500	5720.500	25163	79611	500
2022.01.04	18:00:00	5720.500	5723.000	5712.000	5712.500	8605	31107	500
2022.01.05	09:00:00	5715.000	5726.000	5688.500	5717.500	170970	438750	500
2022.01.05	10:00:00	5718.000	5719.500	5694.000	5697.500	166120	440868	500
2022.01.05	11:00:00	5697.000	5709.500	5675.500	5681.500	122525	379457	500
2022.01.05	12:00:00	5681.500	5706.500	5678.000	5695.000	87070	253039	500
2022.01.05	13:00:00	5695.000	5723.000	5691.500	5718.000	73218	241409	500
2022.01.05	14:00:00	5718.000	5722.500	5697.000	5712.500	80110	249737	500
2022.01.05	15:00:00	5712.500	5721.500	5708.000	5711.000	59306	182658	500
2022.01.05	16:00:00	5711.000	5747.000	5706.500	5745.000	107083	358641	500
2022.01.05	17:00:00	5745.500	5757.000	5738.500	5750.000	59542	189178	500
2022.01.05	18:00:00	5749.500	5754.500	5727.000	5727.000	13976	49776	500
2022.01.06	09:00:00	5727.000	5756.000	5718.000	5730.000	168713	445112	500
2022.01.06	10:00:00	5730.500	5744.000	5721.000	5734.500	137014	376631	500
2022.01.06	11:00:00	5734.500	5750.000	5718.500	5745.500	137654	428563	500
2022.01.06	12:00:00	5745.000	5757.000	5727.500	5734.000	124712	391102	500
2022.01.06	13:00:00	5734.000	5741.000	5726.500	5734.000	62237	201478	500
2022.01.06	14:00:00	5734.000	5743.500	5723.500	5728.000	57066	185203	500
2022.01.06	15:00:00	5728.500	5733.500	5712.000	5714.000	53562	175522	500
2022.01.06	16:00:00	5714.000	5719.500	5701.500	5711.500	54813	167219	500
2022.01.06	17:00:00	5711.500	5721.000	5707.500	5718.000	27209	82755	500
2022.01.06	18:00:00	5717.500	5723.500	5712.000	5715.500	10701	36595	500
2022.01.07	09:00:00	5711.500	5732.500	5695.500	5723.500	125871	332534	500
2022.01.07	10:00:00	5723.500	5740.000	5700.000	5730.500	169423	455418	500
2022.01.07	11:00:00	5730.500	5736.000	5674.000	5676.000	169559	526785	500
2022.01.07	12:00:00	5676.500	5693.000	5672.500	5686.500	95817	299462	500
2022.01.07	13:00:00	5686.500	5687.500	5655.500	5657.000	83685	269369	500
2022.01.07	14:00:00	5657.000	5666.500	5648.500	5661.000	65900	231828	500
2022.01.07	15:00:00	5660.500	5669.500	5655.000	5660.000	54657	165782	500
2022.01.07	16:00:00	5659.500	5667.500	5654.500	5662.000	34761	108653	500
2022.01.07	17:00:00	5662.000	5668.000	5660.000	5664.000	22524	73333	500
2022.01.07	18:00:00	5663.500	5666.000	5659.500	5666.000	8371	34060	500
2022.01.10	09:00:00	5673.500	5688.500	5657.500	5684.500	154412	393958	500
2022.01.10	10:00:00	5684.000	5697.000	5671.500	5696.500	144748	381643	500
2022.01.10	11:00:00	5696.000	5720.000	5695.500	5716.500	126130	369616	500
2022.01.10	12:00:00	5716.500	5720.000	5702.000	5709.500	78100	239977	500
2022.01.10	13:00:00	5709.500	5718.500	5704.000	5708.500	64264	198458	500
2022.01.10	14:00:00	5708.000	5714.500	5703.500	5710.000	46770	141840	500
2022.01.10	15:00:00	5710.000	5711.000	5694.500	5704.000	71761	245133	500
2022.01.10	16:00:00	5704.000	5706.000	5695.500	5701.500	42825	148540	500
2022.01.10	17:00:00	5701.500	5706.500	5696.000	5697.500	29660	99077	500
2022.01.10	18:00:00	5698.000	5700.500	5688.500	5690.500	11861	45762	500
2022.01.11	09:00:00	5679.500	5701.000	5674.000	5685.500	146748	397475	500
2022.01.11	10:00:00	5686.000	5689.000	5659.000	5681.500	191170	549530	500
2022.01.11	11:00:00	5681.500	5691.500	5664.500	5665.000	138261	407123	500
2022.01.11	12:00:00	5665.000	5666.500	5633.000	5637.000	146371	471235	500
2022.01.11	13:00:00	5637.000	5640.000	5604.000	5624.500	107347	377259	500
2022.01.11	14:00:00	5625.000	5634.000	5620.500	5622.000	48987	165173	500
2022.01.11	15:00:00	5622.000	5628.500	5607.500	5609.000	72450	243504	500
2022.01.11	16:00:00	5609.500	5612.500	5593.500	5605.500	72305	263109	500
2022.01.11	17:00:00	5605.000	5610.500	5595.000	5599.000	39731	123130	500
2022.01.11	18:00:00	5599.000	5600.000	5588.500	5597.500	14658	46263	500
2022.01.12	09:00:00	5604.500	5624.500	5600.000	5611.000	162042	410730	500
2022.01.12	10:00:00	5611.500	5620.500	5571.000	5584.000	236357	653040	500
2022.01.12	11:00:00	5584.000	5604.000	5574.000	5574.500	175986	510282	500
2022.01.12	12:00:00	5574.500	5589.000	5573.000	5578.000	95240	302587	500
2022.01.12	13:00:00	5578.000	5588.000	5573.500	5576.500	69442	225765	500
2022.01.12	14:00:00	5577.000	5581.500	5560.500	5565.000	87778	284592	500
2022.01.12	15:00:00	5565.000	5571.000	5552.500	5552.500	108955	337747	500
2022.01.12	16:00:00	5552.500	5564.000	5552.500	5559.000	92768	258678	500
2022.01.12	17:00:00	5559.500	5563.000	5543.500	5543.500	44280	133606	500
2022.01.12	18:00:00	5544.000	5561.000	5542.500	5560.000	13973	52283	500
2022.01.13	09:00:00	5573.000	5577.000	5555.000	5567.500	176791	459183	500
2022.01.13	10:00:00	5567.500	5575.500	5547.000	5547.500	192630	536301	500
2022.01.13	11:00:00	5547.500	5549.500	5521.000	5526.500	178957	609893	500
2022.01.13	12:00:00	5527.000	5549.000	5526.500	5536.500	114143	371923	500
2022.01.13	13:00:00	5536.000	5538.500	5523.500	5533.000	82879	274816	500
2022.01.13	14:00:00	5532.500	5549.500	5531.000	5543.000	69639	223342	500
2022.01.13	15:00:00	5543.500	5548.000	5534.000	5534.000	57934	182633	500
2022.01.13	16:00:00	5534.500	5552.000	5531.000	5548.000	50636	168843	500
2022.01.13	17:00:00	5548.500	5560.000	5543.000	5549.000	56062	182028	500
2022.01.13	18:00:00	5549.000	5560.000	5547.000	5548.500	11460	34838	500
2022.01.14	09:00:00	5550.000	5565.000	5543.500	5563.000	126333	314564	500
2022.01.14	10:00:00	5562.500	5567.000	5545.500	5562.500	177066	505233	500
2022.01.14	11:00:00	5563.000	5571.500	5550.500	5554.000	137306	420673	500
2022.01.14	12:00:00	5554.500	5560.000	5544.500	5554.000	82555	270326	500
2022.01.14	13:00:00	5554.000	5570.500	5548.000	5559.000	76416	252651	500
2022.01.14	14:00:00	5559.500	5565.500	5554.000	5564.000	48208	147741	500
2022.01.14	15:00:00	5564.500	5566.500	5540.500	5541.500	60231	192425	500
2022.01.14	16:00:00	5541.000	5542.500	5527.000	5530.500	61673	210688	500
2022.01.14	17:00:00	5530.500	5555.000	5529.500	5547.000	45962	153130	500
2022.01.14	18:00:00	5546.500	5555.500	5545.500	5553.500	10376	33046	500
2022.01.17	09:00:00	5555.000	5559.000	5522.000	5531.000	136393	373565	500
2022.01.17	10:00:00	5530.500	5531.000	5512.500	5518.500	132627	366744	500
2022.01.17	11:00:00	5519.000	5537.000	5516.500	5525.000	100530	270986	500
2022.01.17	12:00:00	5525.000	5535.000	5521.500	5524.500	70503	193943	500
2022.01.17	13:00:00	5525.000	5546.500	5522.000	5540.500	68733	212078	500
2022.01.17	14:00:00	5540.500	5543.500	5530.000	5532.000	45512	131398	500
2022.01.17	15:00:00	5532.000	5544.000	5526.500	5540.000	53886	168228	500
2022.01.17	16:00:00	5540.500	5547.500	5538.000	5544.000	30319	87107	500
2022.01.17	17:00:00	5544.500	5547.500	5538.500	5541.500	29775	82105	500
2022.01.17	18:00:00	5541.500	5545.000	5530.000	5532.500	7046	21477	500
2022.01.18	09:00:00	5551.500	5567.500	5546.500	5549.000	139388	382582	500
2022.01.18	10:00:00	5548.500	5552.000	5524.500	5525.500	182969	539581	500
2022.01.18	11:00:00	5525.500	5545.000	5521.000	5538.000	141294	409420	500
2022.01.18	12:00:00	5538.500	5554.500	5535.000	5536.000	98728	303569	500
2022.01.18	13:00:00	5536.500	5553.500	5535.000	5550.000	72060	228110	500
2022.01.18	14:00:00	5549.500	5598.000	5549.000	5590.500	121125	417898	500
2022.01.18	15:00:00	5590.500	5599.000	5587.000	5587.000	62314	209088	500
2022.01.18	16:00:00	5587.000	5589.000	5572.000	5577.000	54900	203254	500
2022.01.18	17:00:00	5576.500	5589.500	5574.000	5584.500	35582	108942	500
2022.01.18	18:00:00	5585.000	5589.000	5583.000	5584.000	9883	44019	500
2022.01.19	09:00:00	5560.000	5567.000	5537.000	5538.000	157434	479151	500
2022.01.19	10:00:00	5538.500	5541.500	5531.000	5536.500	138104	452061	500
2022.01.19	11:00:00	5536.500	5540.500	5486.500	5488.500	219687	796097	500
2022.01.19	12:00:00	5489.000	5504.000	5480.000	5488.000	123819	485676	500
2022.01.19	13:00:00	5488.000	5494.500	5475.000	5482.000	83772	288347	500
2022.01.19	14:00:00	5482.000	5487.500	5472.000	5481.000	64811	229344	500
2022.01.19	15:00:00	5481.000	5485.000	5475.000	5478.000	56691	203699	500
2022.01.19	16:00:00	5478.000	5483.500	5475.000	5481.500	34892	121918	500
2022.01.19	17:00:00	5481.000	5481.500	5458.000	5460.500	61651	215117	500
2022.01.19	18:00:00	5460.500	5462.500	5451.500	5454.000	21535	81267	500
2022.01.20	09:00:00	5460.000	5474.000	5451.500	5458.000	158515	479071	500
2022.01.20	10:00:00	5458.500	5459.000	5413.000	5425.500	200765	681148	500
2022.01.20	11:00:00	5426.000	5442.500	5414.500	5430.000	123100	403077	500
2022.01.20	12:00:00	5430.500	5440.000	5416.500	5419.500	97089	350617	500
2022.01.20	13:00:00	5419.000	5426.500	5413.500	5420.500	63187	225647	500
2022.01.20	14:00:00	5420.500	5424.000	5390.000	5410.000	82271	320838	500
2022.01.20	15:00:00	5410.000	5421.500	5399.500	5401.500	77548	271523	500
2022.01.20	16:00:00	5402.000	5439.000	5398.500	5428.500	77042	298047	500
2022.01.20	17:00:00	5428.500	5456.000	5426.500	5450.000	63343	204943	500
2022.01.20	18:00:00	5449.500	5450.000	5430.500	5430.500	14341	51915	500
2022.01.21	09:00:00	5451.000	5479.500	5436.500	5463.000	185161	530742	500
2022.01.21	10:00:00	5463.500	5485.000	5452.500	5453.500	171854	498344	500
2022.01.21	11:00:00	5453.500	5460.000	5420.500	5433.500	164161	524148	500
2022.01.21	12:00:00	5433.500	5446.500	5424.500	5430.500	110177	346818	500
2022.01.21	13:00:00	5431.000	5442.000	5413.000	5434.000	96917	335548	500
2022.01.21	14:00:00	5434.000	5459.000	5432.000	5456.500	67592	229772	500
2022.01.21	15:00:00	5456.500	5472.000	5452.000	5467.500	82216	282344	500
2022.01.21	16:00:00	5468.000	5473.500	5463.000	5468.500	49604	171161	500
2022.01.21	17:00:00	5468.000	5471.500	5459.500	5462.500	48304	152394	500
2022.01.21	18:00:00	5462.500	5478.000	5461.000	5469.500	11210	38202	500
2022.01.24	09:00:00	5487.000	5499.000	5476.500	5487.000	153060	430379	500
2022.01.24	10:00:00	5487.000	5494.500	5480.000	5492.000	127077	375064	500
2022.01.24	11:00:00	5492.000	5511.000	5484.000	5510.000	164975	523423	500
2022.01.24	12:00:00	5510.000	5524.500	5485.000	5502.500	152471	517770	500
2022.01.24	13:00:00	5502.000	5529.000	5501.500	5519.000	93909	331024	500
2022.01.24	14:00:00	5519.000	5533.500	5515.500	5517.500	92308	326026	500
2022.01.24	15:00:00	5517.500	5521.000	5501.500	5505.500	78499	275975	500
2022.01.24	16:00:00	5505.500	5521.500	5498.500	5515.500	69913	255515	500
2022.01.24	17:00:00	5515.000	5518.000	5497.000	5499.500	66832	248924	500
2022.01.24	18:00:00	5500.000	5502.000	5487.000	5497.000	11489	44296	500
2022.01.25	09:00:00	5506.000	5528.500	5506.000	5520.500	142074	373623	500
2022.01.25	10:00:00	5521.000	5526.000	5502.500	5505.000	110840	325858	500
2022.01.25	11:00:00	5505.500	5512.000	5492.500	5502.500	146210	441793	500
2022.01.25	12:00:00	5503.000	5513.000	5484.000	5489.500	108470	389462	500
2022.01.25	13:00:00	5489.000	5500.000	5480.500	5489.000	76888	271706	500
2022.01.25	14:00:00	5488.500	5490.500	5458.500	5469.500	92954	347038	500
2022.01.25	15:00:00	5469.500	5474.500	5448.000	5450.000	79523	275843	500
2022.01.25	16:00:00	5450.000	5455.000	5435.000	5442.000	63588	237629	500
2022.01.25	17:00:00	5442.000	5460.000	5440.500	5448.500	64807	227868	500
2022.01.25	18:00:00	5449.000	5457.500	5445.500	5451.500	15015	55706	500
2022.01.26	09:00:00	5433.000	5446.500	5423.000	5438.000	155011	442265	500
2022.01.26	10:00:00	5437.500	5438.500	5417.500	5428.500	143171	420651	500
2022.01.26	11:00:00	5428.500	5463.500	5428.000	5444.000	185340	590332	500
2022.01.26	12:00:00	5444.000	5451.000	5435.500	5442.000	97663	322888	500
2022.01.26	13:00:00	5441.500	5449.500	5431.500	5442.500	65260	222081	500
2022.01.26	14:00:00	5442.000	5445.000	5422.000	5426.000	56353	194215	500
2022.01.26	15:00:00	5426.000	5432.500	5406.000	5411.000	95797	312988	500
2022.01.26	16:00:00	5410.500	5456.000	5397.000	5442.500	186913	618011	500
2022.01.26	17:00:00	5442.500	5472.500	5442.000	5446.500	110416	390662	500
2022.01.26	18:00:00	5446.500	5451.000	5434.500	5439.000	12858	49983	500
2022.01.27	09:00:00	5435.000	5438.000	5379.500	5385.000	188017	628378	500
2022.01.27	10:00:00	5385.000	5399.000	5362.500	5364.500	166008	585929	500
2022.01.27	11:00:00	5364.500	5385.000	5356.000	5370.000	176246	641432	500
2022.01.27	12:00:00	5369.500	5421.000	5369.000	5416.000	152376	624822	500
2022.01.27	13:00:00	5415.500	5430.000	5408.500	5428.000	96425	425284	500
2022.01.27	14:00:00	5428.000	5436.500	5413.000	5421.500	97346	395295	500
2022.01.27	15:00:00	5421.500	5439.000	5419.000	5434.000	78138	304027	500
2022.01.27	16:00:00	5434.500	5436.000	5424.500	5426.500	52316	204989	500
2022.01.27	17:00:00	5426.500	5427.000	5405.000	5413.500	48452	176125	500
2022.01.27	18:00:00	5414.000	5414.500	5402.500	5411.500	10970	40703	500
2022.01.28	09:00:00	5430.000	5435.000	5394.000	5401.000	171284	506716	500
2022.01.28	10:00:00	5401.000	5410.000	5376.000	5383.500	204861	629119	500
2022.01.28	11:00:00	5384.000	5400.500	5380.000	5394.500	117913	424982	500
2022.01.28	12:00:00	5394.500	5415.500	5384.500	5407.000	121049	447968	500
2022.01.28	13:00:00	5407.000	5410.000	5390.000	5397.500	76551	262586	500
2022.01.28	14:00:00	5397.500	5405.000	5388.000	5402.500	64189	238658	500
2022.01.28	15:00:00	5402.500	5403.500	5386.000	5391.500	53858	190567	500
2022.01.28	16:00:00	5391.500	5399.000	5387.000	5392.000	47952	189005	500
2022.01.28	17:00:00	5392.000	5400.500	5380.500	5384.000	40036	145560	500
2022.01.28	18:00:00	5384.000	5384.000	5368.000	5370.500	13219	42609	500
2022.01.31	09:00:00	5399.500	5436.000	5391.000	5414.000	135701	415605	500
2022.01.31	10:00:00	5414.000	5429.000	5393.000	5400.000	124856	407744	500
2022.01.31	11:00:00	5400.500	5410.000	5390.000	5405.000	103632	332629	500
2022.01.31	12:00:00	5404.500	5406.000	5342.500	5349.000	149399	579035	500
2022.01.31	13:00:00	5349.000	5354.000	5322.500	5328.500	111041	434564	500
2022.01.31	14:00:00	5328.500	5344.500	5327.500	5344.000	67719	249570	500
2022.01.31	15:00:00	5344.500	5352.500	5338.500	5339.500	66655	236777	500
2022.01.31	16:00:00	5339.500	5350.000	5338.000	5344.000	40287	145666	500
2022.01.31	17:00:00	5343.500	5356.000	5341.500	5349.000	50081	201205	500
2022.01.31	18:00:00	5349.000	5349.500	5339.000	5345.000	11755	46139	500
2022.02.01	09:00:00	5334.000	5337.500	5308.000	5322.000	161554	466953	500
2022.02.01	10:00:00	5322.000	5354.000	5316.000	5325.000	194375	594106	500
2022.02.01	11:00:00	5325.000	5334.000	5312.500	5316.500	149920	494210	500
2022.02.01	12:00:00	5316.500	5332.500	5310.500	5317.500	114687	411598	500
2022.02.01	13:00:00	5317.500	5326.500	5312.000	5318.500	59878	206102	500
2022.02.01	14:00:00	5318.500	5328.500	5317.000	5322.000	49212	168643	500
2022.02.01	15:00:00	5322.000	5326.000	5306.500	5309.500	60103	204221	500
2022.02.01	16:00:00	5309.000	5313.500	5302.500	5309.500	54939	211267	500
2022.02.01	17:00:00	5309.000	5310.500	5301.500	5306.500	36327	134470	500
2022.02.01	18:00:00	5306.500	5308.500	5301.500	5301.500	10393	41904	500
2022.02.02	09:00:00	5300.000	5305.000	5290.500	5295.000	122120	423530	500
2022.02.02	10:00:00	5295.000	5330.000	5294.000	5329.500	171957	566180	500
2022.02.02	11:00:00	5329.000	5345.000	5318.500	5342.500	116966	395158	500
2022.02.02	12:00:00	5342.500	5350.000	5327.500	5336.000	97845	367915	500
2022.02.02	13:00:00	5336.000	5349.000	5332.000	5342.000	79106	289497	500
2022.02.02	14:00:00	5342.000	5344.000	5328.500	5330.000	45595	164746	500
2022.02.02	15:00:00	5330.000	5336.500	5314.500	5317.500	76561	266022	500
2022.02.02	16:00:00	5317.000	5323.500	5306.500	5310.500	49935	188307	500
2022.02.02	17:00:00	5310.500	5312.500	5300.000	5301.000	37664	137431	500
2022.02.02	18:00:00	5301.000	5307.500	5294.000	5296.000	17730	67429	500
2022.02.03	09:00:00	5308.000	5341.000	5306.500	5340.500	154582	435582	500
2022.02.03	10:00:00	5340.500	5354.500	5333.000	5347.000	134653	434161	500
2022.02.03	11:00:00	5347.000	5356.000	5321.500	5335.500	181783	625574	500
2022.02.03	12:00:00	5336.000	5343.000	5304.500	5320.500	125104	436252	500
2022.02.03	13:00:00	5321.000	5343.500	5308.500	5339.500	88869	304178	500
2022.02.03	14:00:00	5339.500	5343.500	5326.500	5328.000	68119	226250	500
2022.02.03	15:00:00	5328.000	5336.000	5327.000	5328.500	40351	142001	500
2022.02.03	16:00:00	5329.000	5333.500	5321.500	5329.500	46900	165272	500
2022.02.03	17:00:00	5329.500	5333.000	5310.500	5320.500	49165	177477	500
2022.02.03	18:00:00	5320.500	5322.500	5310.000	5318.000	12306	45904	500
2022.02.04	09:00:00	5329.500	5335.000	5311.500	5323.000	129530	383085	500
2022.02.04	10:00:00	5323.000	5372.000	5322.000	5366.500	202310	608201	500
2022.02.04	11:00:00	5366.000	5372.000	5344.000	5361.500	151762	473739	500
2022.02.04	12:00:00	5362.000	5380.000	5358.500	5374.500	96088	314368	500
2022.02.04	13:00:00	5374.000	5381.000	5356.500	5358.500	81980	268560	500
2022.02.04	14:00:00	5358.000	5364.500	5356.000	5358.500	40720	140322	500
2022.02.04	15:00:00	5358.500	5361.000	5353.000	5356.000	39833	141950	500
2022.02.04	16:00:00	5356.000	5364.500	5351.500	5355.000	41531	150373	500
2022.02.04	17:00:00	5354.500	5358.000	5346.500	5357.000	31284	112050	500
2022.02.04	18:00:00	5356.500	5361.000	5352.500	5359.000	10659	38349	500
2022.02.07	09:00:00	5345.000	5352.000	5320.500	5322.000	163305	442982	500
2022.02.07	10:00:00	5322.000	5339.500	5314.000	5327.000	159399	443145	500
2022.02.07	11:00:00	5327.000	5343.500	5316.500	5317.500	128171	365656	500
2022.02.07	12:00:00	5318.000	5331.000	5314.500	5318.500	79149	244271	500
2022.02.07	13:00:00	5318.500	5325.000	5307.000	5321.500	74842	229044	500
2022.02.07	14:00:00	5321.500	5324.500	5293.000	5302.000	90211	301261	500
2022.02.07	15:00:00	5302.000	5307.500	5292.500	5295.000	64974	206429	500
2022.02.07	16:00:00	5295.000	5297.000	5278.500	5282.000	60474	215354	500
2022.02.07	17:00:00	5282.000	5290.000	5281.000	5283.000	40758	140049	500
2022.02.07	18:00:00	5283.000	5294.500	5281.500	5289.000	16690	57137	500
2022.02.08	09:00:00	5295.000	5301.500	5277.500	5284.500	144708	389558	500
2022.02.08	10:00:00	5285.000	5316.000	5284.500	5301.000	186454	556739	500
2022.02.08	11:00:00	5300.500	5303.500	5278.000	5293.500	157344	440549	500
2022.02.08	12:00:00	5294.000	5312.000	5291.000	5301.000	106842	317578	500
2022.02.08	13:00:00	5301.000	5302.500	5288.000	5297.500	58729	191891	500
2022.02.08	14:00:00	5297.000	5304.500	5294.500	5299.500	46605	150594	500
2022.02.08	15:00:00	5299.500	5303.500	5291.000	5292.500	47915	151490	500
2022.02.08	16:00:00	5293.000	5294.000	5280.000	5287.000	46898	161075	500
2022.02.08	17:00:00	5286.500	5292.500	5283.000	5285.500	39923	126778	500
2022.02.08	18:00:00	5285.000	5290.000	5281.000	5284.000	10391	43770	500
2022.02.09	09:00:00	5275.000	5297.500	5261.000	5295.500	166229	506269	500
2022.02.09	10:00:00	5295.000	5315.000	5284.500	5311.000	173377	499191	500
2022.02.09	11:00:00	5311.000	5314.000	5301.000	5307.500	107064	324029	500
2022.02.09	12:00:00	5307.500	5308.500	5281.500	5290.500	116627	386694	500
2022.02.09	13:00:00	5291.000	5301.500	5283.000	5289.500	70276	229422	500
2022.02.09	14:00:00	5290.000	5290.000	5243.000	5249.000	117766	413325	500
2022.02.09	15:00:00	5248.500	5252.000	5237.500	5243.500	76711	267007	500
2022.02.09	16:00:00	5243.500	5254.500	5241.000	5251.000	54251	175256	500
2022.02.09	17:00:00	5251.000	5263.000	5249.000	5259.000	48029	165405	500
2022.02.09	18:00:00	5259.000	5266.000	5256.500	5263.000	11803	48904	500
2022.02.10	09:00:00	5257.500	5269.000	5245.500	5252.500	185068	475698	500
2022.02.10	10:00:00	5253.000	5270.500	5235.000	5248.500	232069	663088	500
2022.02.10	11:00:00	5248.500	5261.500	5205.000	5208.500	206627	644130	500
2022.02.10	12:00:00	5208.000	5218.000	5194.000	5213.000	131391	449836	500
2022.02.10	13:00:00	5213.000	5223.000	5203.000	5222.000	87679	285314	500
2022.02.10	14:00:00	5222.500	5274.000	5218.500	5250.500	157291	538905	500
2022.02.10	15:00:00	5251.000	5264.000	5228.000	5253.500	116339	365934	500
2022.02.10	16:00:00	5253.500	5264.500	5243.500	5261.500	67899	213604	500
2022.02.10	17:00:00	5261.500	5276.500	5257.000	5272.000	63375	187673	500
2022.02.10	18:00:00	5272.000	5278.000	5267.000	5268.500	10966	36140	500
2022.02.11	09:00:00	5252.500	5263.000	5215.000	5222.000	174460	479222	500
2022.02.11	10:00:00	5221.500	5239.000	5203.000	5234.500	171292	499247	500
2022.02.11	11:00:00	5235.000	5244.000	5217.000	5221.000	161794	455721	500
2022.02.11	12:00:00	5220.500	5224.000	5206.000	5215.500	129840	397718	500
2022.02.11	13:00:00	5215.500	5229.500	5206.000	5219.500	91293	283960	500
2022.02.11	14:00:00	5219.500	5223.000	5201.000	5212.500	82338	249627	500
2022.02.11	15:00:00	5212.000	5270.000	5201.000	5244.000	174809	529671	500
2022.02.11	16:00:00	5243.500	5266.500	5235.000	5262.000	157157	458938	500
2022.02.11	17:00:00	5262.000	5286.000	5253.000	5269.500	82184	247600	500
2022.02.11	18:00:00	5269.500	5278.000	5263.500	5272.500	11953	38663	500
2022.02.14	09:00:00	5272.500	5285.000	5222.000	5239.000	208390	553046	500
2022.02.14	10:00:00	5239.000	5240.000	5213.500	5225.000	169780	487789	500
2022.02.14	11:00:00	5225.000	5236.000	5218.000	5220.000	119007	356073	500
2022.02.14	12:00:00	5220.500	5249.000	5219.000	5244.500	126648	400549	500
2022.02.14	13:00:00	5244.000	5246.500	5227.000	5233.000	79811	255978	500
2022.02.14	14:00:00	5233.500	5243.000	5221.000	5223.000	66155	206033	500
2022.02.14	15:00:00	5222.500	5247.500	5214.000	5238.500	106046	345887	500
2022.02.14	16:00:00	5238.500	5242.000	5222.000	5237.500	94484	298995	500
2022.02.14	17:00:00	5237.500	5243.000	5230.500	5237.000	43594	143120	500
2022.02.14	18:00:00	5237.000	5238.500	5227.500	5227.500	13175	42646	500
2022.02.15	09:00:00	5211.500	5234.000	5209.500	5231.000	165296	435638	500
2022.02.15	10:00:00	5231.500	5231.500	5198.500	5201.000	195852	530338	500
2022.02.15	11:00:00	5201.000	5208.000	5182.000	5207.500	174073	517224	500
2022.02.15	12:00:00	5207.500	5212.500	5189.000	5191.000	102771	331021	500
2022.02.15	13:00:00	5191.000	5204.000	5189.000	5198.000	65473	215234	500
2022.02.15	14:00:00	5198.000	5211.000	5196.500	5204.000	62767	198557	500
2022.02.15	15:00:00	5204.500	5206.500	5195.000	5195.500	43661	134777	500
2022.02.15	16:00:00	5195.000	5202.500	5192.500	5196.000	46590	151729	500
2022.02.15	17:00:00	5196.500	5197.500	5183.500	5185.500	36479	118966	500
2022.02.15	18:00:00	5185.500	5188.000	5174.500	5174.500	14221	55034	500
2022.02.16	09:00:00	5175.000	5189.500	5165.000	5171.500	201947	583911	500
2022.02.16	10:00:00	5171.000	5192.000	5169.000	5187.000	172136	507506	500
2022.02.16	11:00:00	5187.000	5190.000	5169.000	5171.500	155098	474618	500
2022.02.16	12:00:00	5172.000	5175.500	5157.500	5173.500	101591	330676	500
2022.02.16	13:00:00	5173.000	5180.500	5161.500	5174.500	79664	252003	500
2022.02.16	14:00:00	5174.000	5178.000	5160.500	5162.000	66062	205554	500
2022.02.16	15:00:00	5162.000	5171.000	5148.500	5151.500	99281	352351	500
2022.02.16	16:00:00	5152.000	5159.500	5142.000	5143.000	95517	294255	500
2022.02.16	17:00:00	5142.500	5147.000	5136.500	5143.000	45350	139797	500
2022.02.16	18:00:00	5143.500	5152.000	5142.000	5151.500	15537	56841	500
2022.02.17	09:00:00	5165.000	5166.500	5138.000	5152.500	136050	365902	500
2022.02.17	10:00:00	5152.500	5162.000	5141.000	5155.500	173000	501454	500
2022.02.17	11:00:00	5155.500	5193.500	5148.500	5191.000	175829	548109	500
2022.02.17	12:00:00	5191.000	5191.500	5173.500	5176.000	102496	325894	500
2022.02.17	13:00:00	5176.500	5181.500	5169.000	5169.000	64332	205649	500
2022.02.17	14:00:00	5169.000	5177.000	5163.000	5175.500	63321	199808	500
2022.02.17	15:00:00	5175.500	5186.000	5173.500	5183.000	63342	198948	500
2022.02.17	16:00:00	5183.000	5185.000	5176.500	5176.500	36425	125417	500
2022.02.17	17:00:00	5176.500	5187.000	5176.000	5179.500	42565	136133	500
2022.02.17	18:00:00	5179.500	5189.000	5179.500	5183.000	13101	46219	500
2022.02.18	09:00:00	5176.000	5178.000	5144.000	5151.000	159621	438541	500
2022.02.18	10:00:00	5151.000	5160.500	5137.000	5145.500	168368	494115	500
2022.02.18	11:00:00	5146.000	5153.000	5133.500	5136.000	136269	417529	500
2022.02.18	12:00:00	5136.500	5140.500	5125.000	5135.500	116543	378783	500
2022.02.18	13:00:00	5135.500	5148.000	5128.500	5131.500	95374	334172	500
2022.02.18	14:00:00	5131.000	5145.000	5113.000	5143.500	103427	352153	500
2022.02.18	15:00:00	5144.000	5149.000	5135.000	5145.000	74023	274943	500
2022.02.18	16:00:00	5145.500	5150.000	5142.000	5149.000	38078	141117	500
2022.02.18	17:00:00	5149.000	5157.500	5144.500	5147.000	56362	217822	500
2022.02.18	18:00:00	5147.000	5148.000	5141.500	5146.500	12429	40405	500
2022.02.21	09:00:00	5140.500	5163.000	5137.000	5139.500	169104	479512	500
2022.02.21	10:00:00	5139.000	5139.500	5109.000	5111.000	166051	492495	500
2022.02.21	11:00:00	5110.500	5114.500	5095.500	5097.500	123301	419140	500
2022.02.21	12:00:00	5097.500	5104.000	5081.500	5085.500	104603	342439	500
2022.02.21	13:00:00	5085.000	5102.000	5084.500	5099.500	59600	207145	500
2022.02.21	14:00:00	5100.000	5105.500	5091.000	5104.500	60701	189725	500
2022.02.21	15:00:00	5104.000	5111.000	5099.000	5103.500	65837	215154	500
2022.02.21	16:00:00	5103.500	5119.000	5102.000	5113.000	61337	192724	500
2022.02.21	17:00:00	5113.000	5119.500	5113.000	5114.000	28182	87651	500
2022.02.21	18:00:00	5114.000	5114.500	5106.500	5112.500	13060	48658	500
2022.02.22	09:00:00	5102.000	5106.500	5081.000	5094.000	221673	636837	500
2022.02.22	10:00:00	5094.000	5095.500	5062.000	5063.500	175117	559107	500
2022.02.22	11:00:00	5063.500	5077.000	5055.500	5058.000	140716	458563	500
2022.02.22	12:00:00	5058.000	5065.000	5055.000	5057.000	95953	345886	500
2022.02.22	13:00:00	5057.500	5071.500	5054.500	5067.000	81062	296603	500
2022.02.22	14:00:00	5067.000	5068.000	5056.000	5064.000	55017	190744	500
2022.02.22	15:00:00	5063.500	5075.000	5059.000	5069.500	70837	239403	500
2022.02.22	16:00:00	5070.000	5077.000	5050.000	5056.500	99344	342130	500
2022.02.22	17:00:00	5056.000	5067.500	5052.000	5065.500	55658	216393	500
2022.02.22	18:00:00	5066.000	5069.000	5060.500	5066.000	12741	52472	500
2022.02.23	09:00:00	5050.500	5055.500	5015.500	5016.000	217142	673436	500
2022.02.23	10:00:00	5016.000	5020.000	5002.000	5004.500	153977	518305	500
2022.02.23	11:00:00	5004.500	5016.000	5001.500	5010.000	129061	452262	500
2022.02.23	12:00:00	5010.000	5036.000	5010.000	5035.000	121118	439022	500
2022.02.23	13:00:00	5035.000	5040.000	5018.500	5022.500	87370	300220	500
2022.02.23	14:00:00	5022.500	5023.500	5008.500	5013.000	73197	269827	500
2022.02.23	15:00:00	5013.500	5018.000	4997.500	4999.500	99276	342513	500
2022.02.23	16:00:00	4999.500	5012.500	4998.000	5006.000	69704	252378	500
2022.02.23	17:00:00	5005.500	5011.000	5000.500	5010.500	38894	144047	500
2022.02.23	18:00:00	5010.500	5017.500	5004.000	5012.000	16830	84895	500
2022.02.24	09:00:00	5060.000	5094.000	5037.000	5090.500	279150	790288	500
2022.02.24	10:00:00	5090.000	5108.000	5082.000	5105.500	202084	648720	500
2022.02.24	11:00:00	5105.500	5148.500	5096.000	5141.500	224168	743982	500
2022.02.24	12:00:00	5141.500	5152.000	5127.500	5140.000	144831	548894	500
2022.02.24	13:00:00	5140.000	5142.000	5116.000	5126.000	121318	444732	500
2022.02.24	14:00:00	5126.000	5148.500	5120.000	5147.000	87150	298146	500
2022.02.24	15:00:00	5147.000	5166.000	5130.000	5139.000	140029	492445	500
2022.02.24	16:00:00	5139.000	5143.500	5092.500	5106.500	137146	483729	500
2022.02.24	17:00:00	5106.500	5124.000	5085.000	5120.000	89278	328995	500
2022.02.24	18:00:00	5120.000	5131.000	5118.000	5125.000	12137	42802	500
2022.02.25	09:00:00	5165.000	5170.000	5124.000	5142.000	276310	737800	500
2022.02.25	10:00:00	5142.500	5178.000	5142.000	5166.000	193237	563280	500
2022.02.25	11:00:00	5165.500	5196.500	5163.500	5195.000	147005	457097	500
2022.02.25	12:00:00	5195.500	5208.000	5191.000	5200.500	106183	374633	500
2022.02.25	13:00:00	5200.500	5215.500	5192.000	5196.500	107254	373162	500
2022.02.25	14:00:00	5196.000	5222.000	5194.000	5218.000	75108	251307	500
2022.02.25	15:00:00	5218.000	5225.500	5200.000	5205.000	84810	281311	500
2022.02.25	16:00:00	5204.500	5206.000	5185.500	5199.500	74422	253814	500
2022.02.25	17:00:00	5200.000	5208.000	5193.000	5198.000	49173	155426	500
2022.02.25	18:00:00	5198.000	5215.000	5191.500	5214.500	17040	68590	500
2022.03.02	13:00:00	5268.000	5268.000	5190.500	5195.500	252537	812445	500
2022.03.02	14:00:00	5195.500	5202.500	5185.000	5188.000	110126	344296	500
2022.03.02	15:00:00	5187.500	5188.500	5155.000	5156.500	129087	400782	500
2022.03.02	16:00:00	5156.000	5158.500	5145.000	5151.500	82552	270291	500
2022.03.02	17:00:00	5151.000	5152.000	5138.000	5145.500	63301	194000	500
2022.03.02	18:00:00	5145.500	5145.500	5125.500	5144.500	24221	80916	500
2022.03.03	09:00:00	5151.000	5157.500	5112.500	5116.000	249590	606409	500
2022.03.03	10:00:00	5116.500	5120.500	5065.500	5074.500	223629	669025	500
2022.03.03	11:00:00	5074.500	5097.500	5064.500	5087.000	161416	509855	500
2022.03.03	12:00:00	5087.500	5093.500	5069.000	5082.000	126116	408422	500
2022.03.03	13:00:00	5081.500	5106.500	5077.000	5097.500	128610	404967	500
2022.03.03	14:00:00	5097.500	5113.500	5080.500	5083.000	136808	407865	500
2022.03.03	15:00:00	5083.000	5084.500	5062.000	5063.000	87415	263291	500
2022.03.03	16:00:00	5063.000	5071.000	5061.500	5067.500	57145	184898	500
2022.03.03	17:00:00	5068.000	5073.000	5061.500	5068.000	56566	179002	500
2022.03.03	18:00:00	5068.000	5075.000	5063.000	5075.000	15849	50292	500
2022.03.04	09:00:00	5089.500	5098.500	5064.500	5093.000	274158	733971	500
2022.03.04	10:00:00	5093.500	5134.000	5087.000	5125.000	250951	688657	500
2022.03.04	11:00:00	5125.000	5139.000	5115.000	5122.000	165894	493661	500
2022.03.04	12:00:00	5122.500	5132.500	5115.000	5121.000	111662	348864	500
2022.03.04	13:00:00	5121.000	5136.500	5116.500	5125.000	79964	276141	500
2022.03.04	14:00:00	5125.000	5132.000	5099.500	5103.000	109931	381582	500
2022.03.04	15:00:00	5103.000	5118.500	5092.500	5116.500	86189	288749	500
2022.03.04	16:00:00	5116.000	5124.500	5107.500	5116.500	65972	213968	500
2022.03.04	17:00:00	5116.500	5117.500	5102.500	5103.000	48503	156357	500
2022.03.04	18:00:00	5103.000	5105.500	5094.000	5099.500	15186	52109	500
2022.03.07	09:00:00	5114.500	5136.000	5082.000	5088.000	255602	709599	500
2022.03.07	10:00:00	5087.500	5098.000	5066.500	5083.500	198936	574399	500
2022.03.07	11:00:00	5083.000	5107.500	5074.000	5103.000	178134	516315	500
2022.03.07	12:00:00	5103.500	5114.000	5093.500	5103.500	125125	394720	500
2022.03.07	13:00:00	5103.000	5124.000	5098.500	5121.000	113972	366494	500
2022.03.07	14:00:00	5121.000	5130.500	5113.000	5129.000	99161	339896	500
2022.03.07	15:00:00	5129.000	5130.000	5116.500	5124.500	71297	247810	500
2022.03.07	16:00:00	5124.500	5125.500	5107.000	5115.000	93489	360199	500
2022.03.07	17:00:00	5115.000	5138.000	5112.000	5134.000	79475	293753	500
2022.03.07	18:00:00	5134.000	5152.000	5134.000	5152.000	20911	94215	500
2022.03.08	09:00:00	5121.000	5130.000	5097.000	5121.000	270401	700719	500
2022.03.08	10:00:00	5121.000	5135.500	5108.000	5132.500	208684	598870	500
2022.03.08	11:00:00	5132.500	5134.500	5109.500	5122.000	202457	600376	500
2022.03.08	12:00:00	5122.000	5132.000	5114.500	5125.500	126455	430930	500
2022.03.08	13:00:00	5125.000	5132.000	5117.000	5123.000	81863	285542	500
2022.03.08	14:00:00	5122.500	5124.000	5083.000	5092.500	185384	591349	500
2022.03.08	15:00:00	5092.500	5108.000	5079.500	5100.500	121259	394102	500
2022.03.08	16:00:00	5101.000	5108.000	5085.000	5088.500	80565	265523	500
2022.03.08	17:00:00	5088.000	5101.500	5085.500	5099.000	46831	169046	500
2022.03.08	18:00:00	5099.500	5100.500	5093.000	5093.000	9949	47388	500
2022.03.09	09:00:00	5060.000	5069.000	5047.500	5057.000	189408	502374	500
2022.03.09	10:00:00	5057.000	5062.500	5042.000	5044.500	162222	483810	500
2022.03.09	11:00:00	5044.000	5051.000	5026.000	5040.500	217492	677967	500
2022.03.09	12:00:00	5041.000	5043.000	5020.500	5025.500	115873	412685	500
2022.03.09	13:00:00	5025.000	5032.500	5018.000	5026.000	82446	265177	500
2022.03.09	14:00:00	5026.500	5042.000	5024.500	5032.500	103540	296269	500
2022.03.09	15:00:00	5032.500	5041.500	5031.000	5039.000	62470	190805	500
2022.03.09	16:00:00	5039.500	5050.000	5038.500	5045.000	66973	225663	500
2022.03.09	17:00:00	5045.000	5046.000	5035.500	5043.500	54075	170785	500
2022.03.09	18:00:00	5043.500	5046.000	5036.500	5044.500	11864	41496	500
2022.03.10	09:00:00	5059.000	5075.000	5051.500	5073.500	165782	454663	500
2022.03.10	10:00:00	5073.500	5098.000	5063.500	5089.500	219294	647340	500
2022.03.10	11:00:00	5089.500	5106.500	5077.000	5079.000	148826	466872	500
2022.03.10	12:00:00	5078.500	5090.500	5073.000	5082.000	116998	346695	500
2022.03.10	13:00:00	5082.000	5093.000	5072.500	5074.500	71974	224445	500
2022.03.10	14:00:00	5074.000	5086.500	5071.500	5081.500	72452	226576	500
2022.03.10	15:00:00	5081.500	5083.000	5041.500	5043.500	100610	334531	500
2022.03.10	16:00:00	5044.000	5050.500	5043.500	5047.000	43696	152167	500
2022.03.10	17:00:00	5047.000	5053.500	5045.000	5050.000	32789	120782	500
2022.03.10	18:00:00	5049.500	5050.500	5041.000	5043.000	10634	40255	500
2022.03.11	09:00:00	5030.500	5038.500	5013.000	5036.000	184997	505454	500
2022.03.11	10:00:00	5036.000	5050.000	5027.000	5048.500	169253	473497	500
2022.03.11	11:00:00	5048.000	5063.000	5041.000	5061.000	123463	379684	500
2022.03.11	12:00:00	5061.500	5073.500	5058.500	5068.500	92588	303393	500
2022.03.11	13:00:00	5069.000	5086.500	5060.500	5080.500	85441	274657	500
2022.03.11	14:00:00	5080.500	5084.500	5075.000	5077.500	52083	176767	500
2022.03.11	15:00:00	5077.500	5085.000	5074.000	5081.500	52922	185140	500
2022.03.11	16:00:00	5081.500	5089.000	5077.000	5082.000	48843	173450	500
2022.03.11	17:00:00	5082.000	5107.500	5081.500	5104.000	82930	282715	500
2022.03.11	18:00:00	5104.000	5111.500	5101.500	5104.500	17782	64070	500
2022.03.14	09:00:00	5084.500	5094.000	5070.000	5072.000	154969	448923	500
2022.03.14	10:00:00	5072.000	5103.500	5064.500	5095.000	176736	545979	500
2022.03.14	11:00:00	5094.500	5102.000	5088.500	5091.500	116823	365921	500
2022.03.14	12:00:00	5092.000	5113.500	5090.500	5109.000	90136	290676	500
2022.03.14	13:00:00	5109.500	5135.000	5108.000	5132.500	104059	371882	500
2022.03.14	14:00:00	5132.500	5149.500	5125.500	5146.500	86473	298839	500
2022.03.14	15:00:00	5147.000	5166.000	5137.500	5162.000	100465	326524	500
2022.03.14	16:00:00	5162.000	5162.000	5144.500	5147.000	79434	252938	500
2022.03.14	17:00:00	5147.000	5155.000	5141.500	5151.000	39413	124129	500
2022.03.15	09:00:00	5133.000	5147.500	5118.500	5138.500	213457	570908	500
2022.03.15	10:00:00	5139.000	5177.000	5135.500	5162.500	196706	582944	500
2022.03.15	11:00:00	5162.000	5167.000	5147.500	5155.000	120189	356642	500
2022.03.15	12:00:00	5155.000	5170.000	5148.500	5168.000	103667	317975	500
2022.03.15	13:00:00	5168.000	5176.000	5156.000	5171.000	87778	268846	500
2022.03.15	14:00:00	5170.500	5187.000	5162.500	5186.500	86171	267327	500
2022.03.15	15:00:00	5186.500	5195.000	5182.000	5183.500	78342	269504	500
2022.03.15	16:00:00	5183.500	5188.000	5178.000	5183.500	52734	175874	500
2022.03.15	17:00:00	5183.000	5193.000	5180.000	5187.000	31765	104335	500
2022.03.16	09:00:00	5162.000	5179.500	5142.000	5177.000	195390	585923	500
2022.03.16	10:00:00	5177.000	5178.000	5152.000	5165.500	175761	600162	500
2022.03.16	11:00:00	5165.000	5165.000	5125.000	5142.500	181145	639167	500
2022.03.16	12:00:00	5142.500	5144.000	5121.500	5132.000	98843	332708	500
2022.03.16	13:00:00	5132.000	5144.500	5126.000	5140.500	86304	280328	500
2022.03.16	14:00:00	5141.000	5147.500	5132.000	5143.000	73212	266867	500
2022.03.16	15:00:00	5144.000	5170.000	5120.000	5127.000	199937	600000	500
2022.03.16	16:00:00	5127.000	5135.000	5114.000	5114.500	99816	312888	500
2022.03.16	17:00:00	5114.000	5121.000	5095.000	5098.500	44100	155150	500
2022.03.17	09:00:00	5096.000	5122.000	5090.500	5108.000	227380	638747	500
2022.03.17	10:00:00	5108.000	5123.000	5102.500	5114.000	177149	543941	500
2022.03.17	11:00:00	5114.000	5128.500	5095.500	5096.000	142684	480296	500
2022.03.17	12:00:00	5096.000	5098.000	5062.000	5062.500	127578	486704	500
2022.03.17	13:00:00	5063.000	5069.500	5052.000	5053.500	87116	331691	500
2022.03.17	14:00:00	5054.000	5064.000	5050.500	5064.000	64475	225720	500
2022.03.17	15:00:00	5063.500	5067.000	5054.500	5056.500	69729	224737	500
2022.03.17	16:00:00	5056.500	5063.000	5052.000	5058.000	53454	186233	500
2022.03.17	17:00:00	5057.500	5064.000	5048.500	5060.500	48660	199511	500
2022.03.18	09:00:00	5069.000	5088.000	5057.000	5077.000	176457	505166	500
2022.03.18	10:00:00	5077.000	5094.500	5065.000	5072.000	171396	498922	500
2022.03.18	11:00:00	5072.000	5085.000	5062.500	5070.500	142088	430999	500
2022.03.18	12:00:00	5071.000	5071.500	5031.000	5034.000	160292	551450	500
2022.03.18	13:00:00	5034.000	5036.500	5018.500	5028.000	76504	283894	500
2022.03.18	14:00:00	5028.000	5028.000	5012.000	5025.000	70147	238330	500
2022.03.18	15:00:00	5025.000	5034.000	5021.000	5027.000	61923	207740	500
2022.03.18	16:00:00	5027.000	5039.500	5027.000	5035.500	50217	177326	500
2022.03.18	17:00:00	5036.000	5044.000	5033.500	5044.000	29803	108833	500
2022.03.21	09:00:00	5046.500	5048.000	5018.000	5020.000	178791	477816	500
2022.03.21	10:00:00	5019.500	5022.500	4985.500	4990.500	180662	543688	500
2022.03.21	11:00:00	4990.500	4995.000	4952.500	4954.000	162795	542649	500
2022.03.21	12:00:00	4953.500	4967.000	4947.000	4966.000	90815	331325	500
2022.03.21	13:00:00	4965.500	4974.000	4954.000	4972.000	93814	311421	500
2022.03.21	14:00:00	4972.000	4987.000	4969.500	4977.500	98246	335605	500
2022.03.21	15:00:00	4978.000	4985.000	4958.000	4963.500	85148	289019	500
2022.03.21	16:00:00	4963.000	4971.500	4958.500	4960.000	51417	175695	500
2022.03.21	17:00:00	4960.500	4968.000	4951.000	4955.000	35035	128199	500
2022.03.22	09:00:00	4950.000	4958.000	4925.500	4928.000	189950	573185	500
2022.03.22	10:00:00	4928.500	4957.500	4919.000	4939.000	254849	763233	500
2022.03.22	11:00:00	4938.500	4953.000	4930.500	4937.500	165223	515816	500
2022.03.22	12:00:00	4937.500	4965.500	4936.500	4951.000	117298	383344	500
2022.03.22	13:00:00	4951.000	4959.500	4945.500	4948.500	70332	224564	500
2022.03.22	14:00:00	4948.500	4950.000	4934.500	4937.500	75306	232019	500
2022.03.22	15:00:00	4938.000	4944.000	4930.500	4932.500	93352	310012	500
2022.03.22	16:00:00	4933.000	4938.000	4926.000	4929.000	55778	196269	500
2022.03.22	17:00:00	4929.000	4934.000	4920.500	4926.000	38457	139216	500
2022.03.23	09:00:00	4931.500	4933.500	4905.000	4913.500	211309	589630	500
2022.03.23	10:00:00	4913.500	4924.000	4893.000	4894.500	197878	620452	500
2022.03.23	11:00:00	4894.000	4895.000	4858.000	4864.500	205877	763308	500
2022.03.23	12:00:00	4864.500	4877.500	4853.500	4861.000	102563	372483	500
2022.03.23	13:00:00	4860.500	4869.500	4855.500	4862.500	86153	324151	500
2022.03.23	14:00:00	4862.500	4869.000	4859.000	4866.000	58135	216089	500
2022.03.23	15:00:00	4866.000	4868.000	4845.500	4852.500	84734	313536	500
2022.03.23	16:00:00	4853.000	4856.500	4847.000	4856.500	54767	216557	500
2022.03.23	17:00:00	4856.500	4857.000	4832.000	4841.000	42142	165367	500
2022.03.24	09:00:00	4844.500	4844.500	4810.500	4822.000	164794	511343	500
2022.03.24	10:00:00	4822.500	4850.000	4811.000	4812.500	267437	807432	500
2022.03.24	11:00:00	4812.000	4815.000	4775.000	4795.000	232753	808290	500
2022.03.24	12:00:00	4794.500	4848.000	4794.500	4830.500	182258	680246	500
2022.03.24	13:00:00	4830.000	4867.000	4824.000	4855.000	117529	399176	500
2022.03.24	14:00:00	4854.500	4869.500	4815.000	4823.500	117620	399319	500
2022.03.24	15:00:00	4824.000	4844.000	4819.500	4839.500	78507	253211	500
2022.03.24	16:00:00	4839.500	4847.500	4826.500	4841.000	60171	207226	500
2022.03.24	17:00:00	4841.000	4850.000	4827.500	4838.500	51127	176087	500
2022.03.25	09:00:00	4831.000	4833.000	4792.000	4804.500	206658	577329	500
2022.03.25	10:00:00	4804.500	4809.500	4784.000	4805.000	188192	541321	500
2022.03.25	11:00:00	4805.000	4805.500	4762.500	4766.000	165665	509061	500
2022.03.25	12:00:00	4766.000	4782.500	4753.000	4764.500	128888	437720	500
2022.03.25	13:00:00	4764.500	4774.000	4759.500	4773.000	71204	226637	500
2022.03.25	14:00:00	4773.000	4779.500	4765.500	4777.500	62358	186499	500
2022.03.25	15:00:00	4777.500	4778.500	4754.000	4759.500	64766	191402	500
2022.03.25	16:00:00	4759.000	4764.000	4750.500	4754.500	48040	159818	500
2022.03.25	17:00:00	4754.500	4756.000	4738.000	4751.500	41003	126414	500
2022.03.28	09:00:00	4747.000	4790.000	4740.000	4775.000	248428	716148	500
2022.03.28	10:00:00	4775.000	4813.000	4774.500	4800.000	204483	624072	500
2022.03.28	11:00:00	4799.500	4825.500	4799.000	4813.000	146044	464445	500
2022.03.28	12:00:00	4813.000	4816.000	4793.500	4797.500	117772	388749	500
2022.03.28	13:00:00	4797.500	4804.500	4783.000	4786.500	78539	243404	500
2022.03.28	14:00:00	4787.000	4798.500	4780.500	4797.500	91182	278336	500
2022.03.28	15:00:00	4797.500	4805.000	4763.000	4772.500	114489	359072	500
2022.03.28	16:00:00	4772.500	4796.000	4768.500	4779.000	73787	239090	500
2022.03.28	17:00:00	4779.000	4780.500	4756.500	4772.000	51005	140644	500
2022.03.29	09:00:00	4743.500	4767.500	4721.000	4758.000	302178	807495	500
2022.03.29	10:00:00	4758.000	4777.500	4735.500	4745.000	258906	779541	500
2022.03.29	11:00:00	4745.000	4757.500	4726.000	4751.500	215318	689346	500
2022.03.29	12:00:00	4751.500	4767.000	4739.500	4756.500	115603	378567	500
2022.03.29	13:00:00	4756.500	4774.000	4754.500	4771.000	78554	264056	500
2022.03.29	14:00:00	4771.500	4788.500	4770.500	4775.000	107692	359051	500
2022.03.29	15:00:00	4774.500	4775.500	4763.500	4765.000	65366	234770	500
2022.03.29	16:00:00	4765.500	4773.500	4759.500	4760.500	57518	198025	500
2022.03.29	17:00:00	4761.000	4765.500	4758.500	4762.500	27519	95414	500
2022.03.30	09:00:00	4765.000	4766.000	4731.000	4731.500	243903	625784	500
2022.03.30	10:00:00	4731.500	4755.000	4729.000	4738.500	205914	602192	500
2022.03.30	11:00:00	4738.500	4769.000	4737.000	4761.000	173976	588363	500
2022.03.30	12:00:00	4761.500	4791.000	4761.000	4774.500	113834	381555	500
2022.03.30	13:00:00	4774.500	4779.500	4766.000	4778.500	57889	185373	500
2022.03.30	14:00:00	4778.000	4794.000	4777.000	4785.000	81077	272660	500
2022.03.30	15:00:00	4785.500	4787.000	4770.500	4773.500	71223	235912	500
2022.03.30	16:00:00	4773.500	4790.500	4773.000	4787.500	51221	167834	500
2022.03.30	17:00:00	4787.000	4791.000	4771.500	4774.000	40109	140339	500
2022.03.31	09:00:00	4816.500	4834.000	4798.000	4799.500	252178	701529	500
2022.03.31	10:00:00	4800.000	4809.000	4771.500	4772.000	203544	647989	500
2022.03.31	11:00:00	4771.500	4790.500	4770.000	4790.500	140004	515279	500
2022.03.31	12:00:00	4790.000	4795.500	4763.000	4763.500	102827	383876	500
2022.03.31	13:00:00	4763.000	4770.000	4760.000	4767.500	59820	260674	500
2022.03.31	14:00:00	4767.000	4779.500	4766.500	4778.500	55452	227097	500
2022.03.31	15:00:00	4778.500	4796.000	4776.500	4795.000	71616	303419	500
2022.03.31	16:00:00	4795.000	4803.500	4790.000	4800.000	61447	254900	500
2022.03.31	17:00:00	4799.500	4800.000	4775.000	4781.000	37820	147304	500
2022.04.01	09:00:00	4770.000	4770.500	4724.500	4732.500	218359	656802	500
2022.04.01	10:00:00	4732.000	4748.500	4729.500	4736.500	174963	549264	500
2022.04.01	11:00:00	4736.000	4740.000	4725.000	4733.500	116063	388039	500
2022.04.01	12:00:00	4733.500	4739.000	4726.500	4730.000	69522	256128	500
2022.04.01	13:00:00	4730.000	4743.000	4729.500	4736.500	58069	192800	500
2022.04.01	14:00:00	4737.000	4741.000	4729.000	4730.000	51907	162168	500
2022.04.01	15:00:00	4730.000	4730.500	4695.500	4699.500	119082	449290	500
2022.04.01	16:00:00	4700.000	4707.500	4697.000	4702.000	52920	198201	500
2022.04.01	17:00:00	4702.000	4703.500	4688.000	4692.500	44828	170347	500
2022.04.04	09:00:00	4690.500	4708.500	4662.000	4666.500	234118	617686	500
2022.04.04	10:00:00	4667.000	4669.000	4637.500	4645.500	171348	534012	500
2022.04.04	11:00:00	4645.000	4657.500	4641.000	4644.000	111302	346225	500
2022.04.04	12:00:00	4643.500	4656.000	4638.000	4653.500	83916	298087	500
2022.04.04	13:00:00	4654.000	4656.000	4649.000	4654.500	40228	145675	500
2022.04.04	14:00:00	4654.500	4658.500	4648.500	4650.000	52563	166849	500
2022.04.04	15:00:00	4650.000	4653.000	4643.000	4645.500	63866	230034	500
2022.04.04	16:00:00	4645.000	4648.500	4637.000	4640.500	55485	205268	500
2022.04.04	17:00:00	4641.000	4643.000	4622.000	4626.000	52340	206104	500
2022.04.05	09:00:00	4626.000	4657.500	4613.000	4647.000	280553	726835	500
2022.04.05	10:00:00	4647.000	4672.500	4644.000	4652.500	203126	565186	500
2022.04.05	11:00:00	4652.000	4702.000	4649.500	4694.000	211827	636865	500
2022.04.05	12:00:00	4694.000	4705.000	4690.500	4692.000	84779	272252	500
2022.04.05	13:00:00	4692.000	4697.500	4677.000	4681.500	87962	260206	500
2022.04.05	14:00:00	4681.500	4690.500	4670.500	4687.500	83625	253866	500
2022.04.05	15:00:00	4687.500	4697.000	4681.000	4683.000	81364	242445	500
2022.04.05	16:00:00	4683.000	4694.000	4681.500	4688.500	62209	204884	500
2022.04.05	17:00:00	4688.500	4704.500	4681.000	4684.500	59128	222313	500
2022.04.06	09:00:00	4680.500	4717.000	4675.000	4714.500	264064	673173	500
2022.04.06	10:00:00	4714.000	4744.000	4713.000	4740.500	197294	570926	500
2022.04.06	11:00:00	4740.000	4743.000	4717.500	4724.500	148446	453716	500
2022.04.06	12:00:00	4724.000	4735.000	4718.500	4720.000	92049	293726	500
2022.04.06	13:00:00	4719.500	4731.500	4713.000	4730.500	62670	195706	500
2022.04.06	14:00:00	4731.000	4741.000	4726.000	4735.000	77036	242500	500
2022.04.06	15:00:00	4735.500	4750.500	4704.000	4735.500	213177	646640	500
2022.04.06	16:00:00	4735.500	4751.500	4726.500	4743.000	71074	230563	500
2022.04.06	17:00:00	4743.000	4755.500	4741.000	4750.500	39604	148424	500
2022.04.07	09:00:00	4735.000	4750.500	4717.000	4726.000	271934	689269	500
2022.04.07	10:00:00	4726.000	4779.000	4720.500	4777.000	278801	763728	500
2022.04.07	11:00:00	4776.000	4795.500	4772.500	4791.000	174672	541123	500
2022.04.07	12:00:00	4791.000	4800.000	4782.000	4791.000	93748	317451	500
2022.04.07	13:00:00	4790.500	4792.500	4781.000	4781.000	67398	211874	500
2022.04.07	14:00:00	4781.500	4782.000	4767.500	4768.500	85286	267013	500
2022.04.07	15:00:00	4769.000	4787.000	4767.500	4769.500	85088	295967	500
2022.04.07	16:00:00	4769.500	4775.000	4762.500	4766.500	66840	216407	500
2022.04.07	17:00:00	4766.500	4783.000	4766.000	4782.500	39551	145465	500
2022.04.08	09:00:00	4769.000	4783.000	4740.500	4766.500	296173	757618	500
2022.04.08	10:00:00	4767.000	4819.000	4760.000	4802.000	265665	754596	500
2022.04.08	11:00:00	4802.000	4802.000	4769.000	4777.000	172897	520372	500
2022.04.08	12:00:00	4777.000	4782.500	4773.000	4777.000	61817	214130	500
2022.04.08	13:00:00	4777.000	4777.500	4762.000	4769.500	64772	210313	500
2022.04.08	14:00:00	4770.000	4779.000	4753.500	4754.500	66709	228930	500
2022.04.08	15:00:00	4754.000	4758.500	4730.500	4731.500	101726	352035	500
2022.04.08	16:00:00	4731.500	4740.500	4726.000	4736.000	61453	206141	500
2022.04.08	17:00:00	4736.000	4738.500	4718.500	4723.500	38268	140452	500
2022.04.11	09:00:00	4737.500	4764.000	4707.500	4715.500	281097	744074	500
2022.04.11	10:00:00	4715.500	4741.500	4709.000	4728.000	233479	631900	500
2022.04.11	11:00:00	4728.000	4752.500	4716.500	4735.000	189945	543271	500
2022.04.11	12:00:00	4734.500	4743.000	4725.000	4728.000	102688	321351	500
2022.04.11	13:00:00	4728.000	4738.000	4722.500	4731.500	80486	248398	500
2022.04.11	14:00:00	4731.500	4742.500	4717.500	4727.500	93202	282622	500
2022.04.11	15:00:00	4728.000	4730.500	4702.000	4708.000	102081	313074	500
2022.04.11	16:00:00	4708.000	4718.000	4704.500	4714.500	61813	187334	500
2022.04.11	17:00:00	4714.500	4721.000	4709.500	4715.000	33177	108510	500
2022.04.12	09:00:00	4701.000	4717.000	4646.000	4649.500	369992	998188	500
2022.04.12	10:00:00	4649.000	4668.000	4643.000	4663.000	206575	627932	500
2022.04.12	11:00:00	4663.000	4682.000	4660.000	4677.500	137230	446019	500
2022.04.12	12:00:00	4678.000	4702.500	4676.000	4693.500	127682	419285	500
2022.04.12	13:00:00	4693.000	4702.500	4683.500	4695.000	89509	280705	500
2022.04.12	14:00:00	4695.500	4716.000	4695.000	4706.000	100615	333162	500
2022.04.12	15:00:00	4706.000	4709.000	4694.500	4697.000	72672	244227	500
2022.04.12	16:00:00	4696.500	4703.000	4693.500	4697.500	47590	152305	500
2022.04.12	17:00:00	4697.000	4700.000	4692.000	4698.000	25542	87875	500
2022.04.13	09:00:00	4691.500	4708.000	4672.000	4685.000	272720	715625	500
2022.04.13	10:00:00	4685.000	4725.500	4676.000	4714.500	249382	723892	500
2022.04.13	11:00:00	4714.500	4720.500	4697.500	4711.000	141991	469509	500
2022.04.13	12:00:00	4711.000	4714.500	4703.500	4705.500	69033	241815	500
2022.04.13	13:00:00	4705.000	4705.500	4690.000	4692.000	77672	234539	500
2022.04.13	14:00:00	4692.000	4707.500	4683.500	4703.000	75225	230400	500
2022.04.13	15:00:00	4703.500	4711.500	4697.000	4701.000	66626	216841	500
2022.04.13	16:00:00	4701.000	4711.000	4700.000	4707.500	40302	138744	500
2022.04.13	17:00:00	4707.500	4713.000	4698.500	4711.000	31974	112644	500
2022.04.14	09:00:00	4714.500	4747.000	4709.000	4743.000	216232	601373	500
2022.04.14	10:00:00	4743.000	4759.000	4729.500	4748.000	227596	682717	500
2022.04.14	11:00:00	4748.000	4753.000	4724.000	4734.000	142874	460509	500
2022.04.14	12:00:00	4733.500	4737.000	4713.000	4725.000	128049	430678	500
2022.04.14	13:00:00	4725.000	4740.000	4717.000	4730.500	74133	240531	500
2022.04.14	14:00:00	4730.500	4743.000	4711.500	4713.000	84903	281567	500
2022.04.14	15:00:00	4713.000	4724.500	4709.000	4716.500	86160	300788	500
2022.04.14	16:00:00	4716.500	4717.000	4705.000	4714.000	47251	169234	500
2022.04.14	17:00:00	4714.000	4722.000	4711.000	4717.500	23101	94972	500
2022.04.18	09:00:00	4703.000	4724.500	4694.000	4715.500	216849	577112	500
2022.04.18	10:00:00	4715.000	4715.500	4674.000	4674.500	201409	592499	500
2022.04.18	11:00:00	4674.500	4695.500	4674.000	4689.500	109101	349907	500
2022.04.18	12:00:00	4689.000	4702.000	4682.500	4693.000	80714	265601	500
2022.04.18	13:00:00	4693.500	4704.500	4684.000	4684.500	69381	223422	500
2022.04.18	14:00:00	4684.500	4686.500	4667.500	4677.500	94958	311321	500
2022.04.18	15:00:00	4677.500	4679.000	4664.500	4669.000	73498	259430	500
2022.04.18	16:00:00	4669.000	4677.000	4665.500	4665.500	44963	162783	500
2022.04.18	17:00:00	4665.500	4670.000	4660.000	4670.000	36451	131782	500
2022.04.19	09:00:00	4680.000	4682.500	4659.500	4667.000	259227	729908	500
2022.04.19	10:00:00	4667.000	4685.000	4653.500	4668.000	242842	745902	500
2022.04.19	11:00:00	4667.500	4698.000	4665.000	4692.500	162560	571077	500
2022.04.19	12:00:00	4692.500	4699.500	4684.000	4684.000	80897	278759	500
2022.04.19	13:00:00	4684.000	4690.500	4680.000	4688.000	49202	169485	500
2022.04.19	14:00:00	4688.000	4691.000	4677.000	4679.500	62726	225791	500
2022.04.19	15:00:00	4679.500	4694.500	4678.000	4689.500	75656	273163	500
2022.04.19	16:00:00	4689.500	4690.500	4680.500	4681.000	40759	165143	500
2022.04.19	17:00:00	4680.500	4687.500	4680.000	4682.000	25169	104586	500
2022.04.20	09:00:00	4660.500	4692.000	4658.500	4683.500	214583	589206	500
2022.04.20	10:00:00	4684.000	4685.000	4648.500	4666.500	208515	645377	500
2022.04.20	11:00:00	4666.500	4669.000	4627.000	4628.000	168831	566901	500
2022.04.20	12:00:00	4628.000	4638.000	4620.500	4629.500	97880	339106	500
2022.04.20	13:00:00	4630.000	4638.000	4626.500	4630.500	62592	235163	500
2022.04.20	14:00:00	4630.500	4639.000	4622.000	4627.000	59466	238893	500
2022.04.20	15:00:00	4627.000	4634.000	4620.000	4632.000	67594	256780	500
2022.04.20	16:00:00	4631.500	4638.500	4629.500	4630.000	49248	198925	500
2022.04.20	17:00:00	4630.000	4638.500	4626.500	4634.000	27953	120674	500
2022.04.22	09:00:00	4692.000	4721.500	4681.000	4701.000	262105	815181	500
2022.04.22	10:00:00	4701.000	4738.500	4700.500	4737.500	229827	699804	500
2022.04.22	11:00:00	4737.500	4761.500	4725.000	4753.500	154818	532897	500
2022.04.22	12:00:00	4753.000	4783.000	4752.000	4777.500	108590	394827	500
2022.04.22	13:00:00	4777.000	4803.000	4773.000	4797.000	99608	368572	500
2022.04.22	14:00:00	4797.500	4808.500	4789.000	4806.500	97666	341959	500
2022.04.22	15:00:00	4806.500	4849.000	4802.500	4846.500	147776	544195	500
2022.04.22	16:00:00	4846.500	4848.500	4789.000	4815.500	159528	566093	500
2022.04.22	17:00:00	4815.500	4823.500	4800.500	4805.000	63158	202161	500
2022.04.25	09:00:00	4826.000	4862.500	4811.000	4813.000	331609	916436	500
2022.04.25	10:00:00	4812.500	4884.000	4812.000	4869.500	293544	834257	500
2022.04.25	11:00:00	4869.500	4942.500	4866.000	4941.000	218641	696126	500
2022.04.25	12:00:00	4941.000	4956.500	4920.000	4952.500	149561	498669	500
2022.04.25	13:00:00	4952.500	4957.500	4914.500	4915.500	129720	418917	500
2022.04.25	14:00:00	4916.000	4927.500	4890.500	4893.000	134886	417589	500
2022.04.25	15:00:00	4892.500	4897.500	4863.500	4888.000	125928	398941	500
2022.04.25	16:00:00	4887.500	4894.500	4874.000	4885.000	95652	292738	500
2022.04.25	17:00:00	4884.500	4895.000	4878.000	4887.000	41280	133830	500
2022.04.26	09:00:00	4912.000	4944.500	4898.000	4938.000	291951	766585	500
2022.04.26	10:00:00	4938.000	4973.000	4934.500	4967.000	254270	730751	500
2022.04.26	11:00:00	4967.000	5006.000	4962.000	4998.500	233472	769538	500
2022.04.26	12:00:00	4999.000	5005.000	4976.000	4994.000	147172	477344	500
2022.04.26	13:00:00	4994.000	4994.000	4956.000	4960.000	122986	374514	500
2022.04.26	14:00:00	4959.500	4978.000	4956.500	4975.500	95015	300112	500
2022.04.26	15:00:00	4975.500	4989.000	4962.500	4985.000	91077	286026	500
2022.04.26	16:00:00	4985.000	5000.000	4982.500	4996.000	67562	204996	500
2022.04.26	17:00:00	4996.000	5010.000	4988.500	5005.000	64826	207072	500
2022.04.27	09:00:00	4992.500	5044.500	4984.000	5006.000	381054	1067186	500
2022.04.27	10:00:00	5006.500	5026.500	4994.000	5009.000	303459	837999	500
2022.04.27	11:00:00	5009.500	5038.000	5003.000	5035.000	203222	638723	500
2022.04.27	12:00:00	5035.000	5036.500	5009.000	5010.000	129910	422018	500
2022.04.27	13:00:00	5009.500	5014.000	4971.500	4993.500	155938	528867	500
2022.04.27	14:00:00	4993.500	5003.500	4945.500	4946.000	148184	455436	500
2022.04.27	15:00:00	4945.500	4964.500	4932.000	4964.000	126656	435812	500
2022.04.27	16:00:00	4964.500	4977.000	4958.000	4973.000	95258	303937	500
2022.04.27	17:00:00	4972.500	4978.500	4958.000	4969.500	41746	136810	500
2022.04.28	09:00:00	4988.500	5022.500	4986.500	5016.000	315126	802721	500
2022.04.28	10:00:00	5016.000	5034.000	4997.000	5025.500	226308	610500	500
2022.04.28	11:00:00	5025.500	5047.500	5020.000	5026.000	187640	574370	500
2022.04.28	12:00:00	5026.000	5028.000	4998.000	4999.000	142419	427651	500
2022.04.28	13:00:00	4999.500	5001.500	4965.500	4981.500	125275	399347	500
2022.04.28	14:00:00	4981.500	4987.000	4969.500	4976.500	94781	283604	500
2022.04.28	15:00:00	4976.500	4979.500	4965.000	4966.500	84026	269782	500
2022.04.28	16:00:00	4967.000	4970.500	4938.000	4942.000	100794	327749	500
2022.04.28	17:00:00	4942.500	4955.000	4940.000	4942.000	46044	153325	500
2022.04.29	09:00:00	4948.500	4965.000	4907.000	4931.500	287879	738266	500
2022.04.29	10:00:00	4931.500	4969.000	4923.000	4937.500	199309	556002	500
2022.04.29	11:00:00	4938.000	5003.500	4933.500	5000.000	197459	686070	500
2022.04.29	12:00:00	5000.000	5007.000	4961.500	4979.000	139709	502559	500
2022.04.29	13:00:00	4978.500	4994.500	4973.000	4989.500	75990	215452	500
2022.04.29	14:00:00	4989.500	4999.000	4971.500	4972.500	82314	245161	500
2022.04.29	15:00:00	4972.500	4995.000	4964.000	4990.000	102713	329845	500
2022.04.29	16:00:00	4989.500	5003.500	4987.000	4992.000	81071	224417	500
2022.04.29	17:00:00	4991.500	5029.000	4988.000	5018.000	70252	230403	500
2022.05.02	09:00:00	5010.000	5069.000	5009.500	5063.000	254890	639524	500
2022.05.02	10:00:00	5063.500	5080.000	5054.500	5072.500	196516	504906	500
2022.05.02	11:00:00	5073.000	5082.500	5055.000	5074.000	191504	515177	500
2022.05.02	12:00:00	5074.500	5089.500	5070.500	5072.500	114298	343312	500
2022.05.02	13:00:00	5073.000	5092.500	5069.000	5089.500	87424	263570	500
2022.05.02	14:00:00	5089.500	5120.000	5087.000	5112.000	127293	411776	500
2022.05.02	15:00:00	5111.500	5134.000	5107.500	5128.000	143456	424420	500
2022.05.02	16:00:00	5128.500	5129.500	5108.500	5117.000	122838	363485	500
2022.05.02	17:00:00	5117.000	5139.500	5117.000	5132.500	57227	176591	500
2022.05.03	09:00:00	5085.000	5097.000	5070.500	5074.500	301949	789052	500
2022.05.03	10:00:00	5074.500	5091.000	5057.000	5058.500	229826	637197	500
2022.05.03	11:00:00	5058.000	5076.500	5050.500	5053.000	180837	541499	500
2022.05.03	12:00:00	5052.500	5064.500	5037.000	5043.500	155396	458165	500
2022.05.03	13:00:00	5044.000	5056.000	5026.500	5029.000	120182	378873	500
2022.05.03	14:00:00	5029.500	5032.000	5000.500	5008.000	114133	356692	500
2022.05.03	15:00:00	5007.500	5020.500	5003.000	5006.500	116805	362776	500
2022.05.03	16:00:00	5006.000	5017.500	5001.000	5008.500	75568	227236	500
2022.05.03	17:00:00	5008.500	5015.500	5002.500	5002.500	35122	122536	500
2022.05.04	09:00:00	5010.000	5046.500	5005.000	5044.000	271463	679909	500
2022.05.04	10:00:00	5044.000	5074.000	5043.000	5070.000	226913	606677	500
2022.05.04	11:00:00	5069.500	5073.000	5048.500	5054.000	173433	446609	500
2022.05.04	12:00:00	5054.000	5063.500	5034.000	5039.500	121452	354111	500
2022.05.04	13:00:00	5039.500	5044.000	5029.000	5036.000	77986	210997	500
2022.05.04	14:00:00	5036.000	5055.000	5032.500	5046.500	98461	263225	500
2022.05.04	15:00:00	5046.000	5078.500	4939.000	4961.500	428177	1209540	500
2022.05.04	16:00:00	4961.000	4968.500	4934.000	4943.000	175462	490269	500
2022.05.04	17:00:00	4943.500	4963.500	4937.500	4963.500	48536	172335	500
2022.05.05	09:00:00	4989.500	5028.500	4971.500	5020.000	287458	719416	500
2022.05.05	10:00:00	5020.000	5029.000	4995.000	5021.500	257758	693931	500
2022.05.05	11:00:00	5021.500	5068.500	5021.000	5055.000	221488	610000	500
2022.05.05	12:00:00	5055.000	5096.000	5054.500	5089.000	173083	482060	500
2022.05.05	13:00:00	5089.000	5098.000	5079.500	5080.000	122452	330172	500
2022.05.05	14:00:00	5080.500	5093.000	5059.500	5087.000	158760	444351	500
2022.05.05	15:00:00	5087.000	5092.500	5061.500	5070.000	110615	322398	500
2022.05.05	16:00:00	5070.000	5073.000	5053.500	5055.500	88558	244728	500
2022.05.05	17:00:00	5055.500	5070.500	5053.500	5070.500	38130	129268	500
2022.05.06	09:00:00	5063.000	5127.500	5045.000	5122.000	398812	984960	500
2022.05.06	10:00:00	5122.000	5152.500	5113.000	5135.500	272266	714984	500
2022.05.06	11:00:00	5136.000	5141.000	5083.500	5095.500	263162	687016	500
2022.05.06	12:00:00	5095.500	5103.500	5068.500	5100.000	173348	467916	500
2022.05.06	13:00:00	5100.000	5104.500	5078.000	5089.000	113733	280298	500
2022.05.06	14:00:00	5089.000	5120.500	5080.500	5117.500	103226	272279	500
2022.05.06	15:00:00	5117.000	5125.500	5106.500	5118.000	91670	251903	500
2022.05.06	16:00:00	5118.500	5121.500	5095.000	5110.500	84344	223590	500
2022.05.06	17:00:00	5110.500	5137.000	5109.500	5116.000	45841	134434	500
2022.05.09	09:00:00	5180.000	5194.000	5155.500	5167.000	294262	686324	500
2022.05.09	10:00:00	5167.500	5187.500	5149.000	5181.500	245771	625800	500
2022.05.09	11:00:00	5181.500	5190.000	5155.500	5178.000	211657	559327	500
2022.05.09	12:00:00	5178.000	5184.500	5151.000	5159.500	137807	366719	500
2022.05.09	13:00:00	5160.000	5168.000	5137.500	5155.000	131396	328204	500
2022.05.09	14:00:00	5155.000	5180.000	5153.500	5173.000	132895	347513	500
2022.05.09	15:00:00	5172.500	5187.500	5163.500	5185.500	98676	260899	500
2022.05.09	16:00:00	5185.000	5196.500	5176.500	5190.000	102401	280877	500
2022.05.09	17:00:00	5190.000	5198.000	5185.000	5197.000	30588	93110	500
2022.05.10	09:00:00	5190.500	5196.000	5161.500	5162.500	289480	716986	500
2022.05.10	10:00:00	5162.000	5184.000	5148.000	5163.500	260933	660885	500
2022.05.10	11:00:00	5163.500	5200.000	5161.500	5186.000	199020	558889	500
2022.05.10	12:00:00	5186.000	5196.500	5172.000	5183.000	140911	400192	500
2022.05.10	13:00:00	5183.500	5197.500	5175.500	5182.500	109647	287999	500
2022.05.10	14:00:00	5182.500	5188.500	5149.000	5151.000	138902	389799	500
2022.05.10	15:00:00	5151.000	5164.000	5143.000	5158.500	116548	344711	500
2022.05.10	16:00:00	5158.000	5171.500	5149.000	5167.000	76780	227321	500
2022.05.10	17:00:00	5167.000	5170.500	5161.000	5166.500	26473	76745	500
2022.05.11	09:00:00	5130.000	5198.500	5127.500	5195.000	333092	816827	500
2022.05.11	10:00:00	5195.000	5203.000	5124.500	5132.500	339288	933557	500
2022.05.11	11:00:00	5132.500	5160.000	5131.500	5154.000	220369	570118	500
2022.05.11	12:00:00	5153.500	5157.000	5123.500	5136.000	142151	394957	500
2022.05.11	13:00:00	5136.000	5157.000	5125.500	5156.500	111248	324043	500
2022.05.11	14:00:00	5156.500	5168.000	5153.000	5164.000	121296	366167	500
2022.05.11	15:00:00	5164.000	5164.500	5147.500	5156.500	106172	311738	500
2022.05.11	16:00:00	5156.500	5180.500	5156.000	5175.500	77408	232831	500
2022.05.11	17:00:00	5176.000	5183.500	5165.500	5170.500	33749	103135	500
2022.05.12	09:00:00	5201.500	5238.500	5197.500	5202.000	287447	754001	500
2022.05.12	10:00:00	5202.000	5212.500	5184.000	5197.000	295204	781485	500
2022.05.12	11:00:00	5197.500	5205.000	5146.000	5147.000	231556	685104	500
2022.05.12	12:00:00	5147.500	5166.000	5134.000	5165.000	133901	417833	500
2022.05.12	13:00:00	5165.500	5170.500	5151.000	5165.500	113838	341877	500
2022.05.12	14:00:00	5165.500	5175.000	5155.500	5158.500	101326	291997	500
2022.05.12	15:00:00	5158.000	5183.000	5147.500	5181.000	105868	336652	500
2022.05.12	16:00:00	5181.000	5188.500	5166.000	5170.000	98379	274405	500
2022.05.12	17:00:00	5170.000	5170.500	5153.500	5162.000	44916	144874	500
2022.05.13	09:00:00	5149.500	5173.500	5143.000	5173.000	246447	622987	500
2022.05.13	10:00:00	5173.000	5176.000	5157.000	5158.500	184292	521945	500
2022.05.13	11:00:00	5158.500	5159.000	5109.000	5117.500	234320	729209	500
2022.05.13	12:00:00	5117.500	5124.000	5095.000	5105.500	120112	379984	500
2022.05.13	13:00:00	5105.500	5108.500	5090.000	5100.000	83543	261926	500
2022.05.13	14:00:00	5100.000	5101.000	5072.500	5085.000	110020	363276	500
2022.05.13	15:00:00	5084.500	5096.500	5071.500	5073.500	92903	287082	500
2022.05.13	16:00:00	5073.500	5084.500	5072.500	5083.500	55461	181874	500
2022.05.13	17:00:00	5083.000	5088.500	5078.000	5088.500	37275	133227	500
2022.05.16	09:00:00	5104.000	5128.000	5084.500	5121.500	263819	698172	500
2022.05.16	10:00:00	5121.500	5122.500	5059.500	5083.500	291677	783202	500
2022.05.16	11:00:00	5083.000	5102.500	5054.500	5079.000	253939	663979	500
2022.05.16	12:00:00	5079.500	5108.500	5075.500	5089.500	151878	411667	500
2022.05.16	13:00:00	5089.000	5118.500	5087.500	5116.500	112628	329170	500
2022.05.16	14:00:00	5117.000	5119.500	5085.500	5089.500	99502	277637	500
2022.05.16	15:00:00	5089.500	5090.500	5062.500	5064.000	99542	288272	500
2022.05.16	16:00:00	5064.500	5081.000	5062.500	5075.000	69774	197627	500
2022.05.16	17:00:00	5075.500	5085.000	5073.500	5084.000	30533	95260	500
2022.05.17	09:00:00	5025.000	5031.000	4990.000	4998.500	266041	756042	500
2022.05.17	10:00:00	4998.500	5007.000	4981.000	4986.000	232131	710503	500
2022.05.17	11:00:00	4986.000	5014.000	4984.000	4996.000	186494	604735	500
2022.05.17	12:00:00	4996.000	5003.500	4971.000	4978.000	135010	420761	500
2022.05.17	13:00:00	4978.000	4982.500	4966.500	4972.000	80549	255231	500
2022.05.17	14:00:00	4972.000	4974.000	4960.000	4968.000	77724	254598	500
2022.05.17	15:00:00	4968.000	4989.000	4947.500	4959.000	209404	632051	500
2022.05.17	16:00:00	4959.000	4965.000	4955.500	4962.500	57217	164225	500
2022.05.17	17:00:00	4962.500	4970.000	4958.500	4958.500	30174	102665	500
2022.05.18	09:00:00	4973.500	4978.000	4940.500	4965.500	212135	588440	500
2022.05.18	10:00:00	4965.500	4988.500	4957.000	4972.500	237949	678585	500
2022.05.18	11:00:00	4972.500	4996.000	4966.000	4975.000	178561	545311	500
2022.05.18	12:00:00	4975.500	4998.000	4973.500	4989.500	108360	362562	500
2022.05.18	13:00:00	4989.000	4999.500	4978.500	4986.500	87101	253530	500
2022.05.18	14:00:00	4986.500	5018.500	4985.000	5011.000	115354	366847	500
2022.05.18	15:00:00	5011.500	5017.500	4990.500	5010.500	110573	344886	500
2022.05.18	16:00:00	5010.500	5011.000	4996.000	4998.500	73095	208446	500
2022.05.18	17:00:00	4998.500	5009.000	4986.000	4986.000	32580	110436	500
2022.05.19	09:00:00	4955.000	4974.500	4938.000	4939.500	257684	673714	500
2022.05.19	10:00:00	4939.000	4946.500	4924.000	4933.500	216446	630092	500
2022.05.19	11:00:00	4933.000	4964.500	4922.500	4952.500	191702	590846	500
2022.05.19	12:00:00	4953.000	4954.500	4909.500	4918.500	136412	457092	500
2022.05.19	13:00:00	4918.500	4926.500	4906.500	4907.500	75765	244704	500
2022.05.19	14:00:00	4907.500	4915.500	4895.500	4901.500	98802	299175	500
2022.05.19	15:00:00	4901.000	4912.500	4899.000	4910.500	70535	250046	500
2022.05.19	16:00:00	4910.000	4937.500	4908.000	4935.500	77901	298914	500
2022.05.19	17:00:00	4935.000	4956.000	4932.000	4950.500	46969	173500	500
2022.05.20	09:00:00	4919.000	4936.500	4914.000	4923.500	219935	576629	500
2022.05.20	10:00:00	4924.000	4928.000	4896.500	4897.000	238985	677888	500
2022.05.20	11:00:00	4897.500	4902.500	4871.000	4877.000	194509	611391	500
2022.05.20	12:00:00	4877.000	4894.000	4867.000	4875.000	116546	377694	500
2022.05.20	13:00:00	4875.000	4888.000	4874.500	4881.000	86808	285144	500
2022.05.20	14:00:00	4880.500	4903.500	4880.000	4883.000	102709	339149	500
2022.05.20	15:00:00	4883.000	4893.000	4871.500	4882.000	110404	336453	500
2022.05.20	16:00:00	4882.000	4891.000	4875.500	4885.500	73413	219557	500
2022.05.20	17:00:00	4885.500	4898.000	4885.000	4893.000	34246	113651	500
2022.05.23	09:00:00	4855.000	4863.000	4825.000	4829.000	228910	611739	500
2022.05.23	10:00:00	4829.000	4829.500	4801.000	4811.500	183666	561925	500
2022.05.23	11:00:00	4811.500	4817.500	4802.500	4808.500	153448	484037	500
2022.05.23	12:00:00	4808.500	4813.500	4801.000	4806.000	86956	280314	500
2022.05.23	13:00:00	4806.500	4811.500	4797.000	4811.500	77680	261302	500
2022.05.23	14:00:00	4811.500	4821.000	4807.500	4818.500	82089	242701	500
2022.05.23	15:00:00	4819.000	4825.500	4816.000	4818.500	71027	212058	500
2022.05.23	16:00:00	4818.000	4825.500	4815.000	4817.000	56332	184931	500
2022.05.23	17:00:00	4817.000	4827.500	4815.000	4827.500	33526	124400	500
2022.05.24	09:00:00	4848.000	4848.000	4810.000	4814.000	239249	663757	500
2022.05.24	10:00:00	4814.000	4814.000	4785.000	4787.500	254244	763422	500
2022.05.24	11:00:00	4787.500	4847.000	4786.500	4839.500	258425	816038	500
2022.05.24	12:00:00	4839.500	4864.500	4835.500	4840.500	177129	607851	500
2022.05.24	13:00:00	4841.000	4843.500	4826.000	4832.500	94895	337658	500
2022.05.24	14:00:00	4832.500	4837.500	4812.000	4814.000	82812	259942	500
2022.05.24	15:00:00	4814.500	4833.500	4801.500	4832.000	99023	330901	500
2022.05.24	16:00:00	4832.500	4836.000	4815.500	4820.500	74400	239196	500
2022.05.24	17:00:00	4820.500	4831.000	4819.500	4830.000	27890	94358	500
2022.05.25	09:00:00	4850.000	4872.000	4838.000	4840.000	235063	622822	500
2022.05.25	10:00:00	4840.500	4854.500	4831.500	4831.500	185307	498304	500
2022.05.25	11:00:00	4831.500	4844.000	4822.500	4841.000	160653	472110	500
2022.05.25	12:00:00	4841.000	4869.500	4837.500	4857.500	119709	365373	500
2022.05.25	13:00:00	4857.500	4867.500	4853.000	4858.000	67051	204438	500
2022.05.25	14:00:00	4858.500	4867.500	4841.000	4846.500	76040	221640	500
2022.05.25	15:00:00	4846.000	4858.500	4816.500	4819.500	187416	559150	500
2022.05.25	16:00:00	4820.000	4829.500	4812.500	4828.000	65925	194966	500
2022.05.25	17:00:00	4828.000	4840.500	4826.500	4832.000	27504	95567	500
2022.05.26	09:00:00	4819.000	4848.000	4817.000	4838.000	235524	645086	500
2022.05.26	10:00:00	4838.000	4840.000	4812.500	4813.000	238409	724530	500
2022.05.26	11:00:00	4813.000	4815.000	4781.000	4782.000	188180	629775	500
2022.05.26	12:00:00	4782.500	4793.000	4780.000	4788.000	83712	278284	500
2022.05.26	13:00:00	4788.000	4793.500	4780.000	4781.000	56698	176671	500
2022.05.26	14:00:00	4780.500	4787.500	4774.000	4786.000	80164	250048	500
2022.05.26	15:00:00	4786.000	4786.500	4754.500	4758.000	107436	367560	500
2022.05.26	16:00:00	4758.000	4768.500	4757.000	4766.000	53503	160104	500
2022.05.26	17:00:00	4766.000	4774.500	4763.500	4774.000	35918	118664	500
2022.05.27	09:00:00	4765.500	4776.500	4747.500	4768.000	259246	679467	500
2022.05.27	10:00:00	4768.000	4784.000	4752.000	4759.000	211583	641816	500
2022.05.27	11:00:00	4758.500	4766.500	4729.000	4733.000	170034	571423	500
2022.05.27	12:00:00	4733.000	4739.000	4717.000	4727.500	106995	384566	500
2022.05.27	13:00:00	4728.000	4743.500	4725.500	4742.000	65337	213527	500
2022.05.27	14:00:00	4742.500	4746.500	4733.000	4733.000	60670	182759	500
2022.05.27	15:00:00	4733.500	4748.000	4731.500	4739.500	68881	218759	500
2022.05.27	16:00:00	4740.000	4744.000	4730.000	4740.000	55309	171679	500
2022.05.27	17:00:00	4740.500	4744.500	4731.000	4732.000	24456	82632	500
2022.05.30	09:00:00	4714.500	4724.500	4692.500	4701.500	169051	449627	500
2022.05.30	10:00:00	4701.500	4717.000	4694.000	4714.000	150419	400666	500
2022.05.30	11:00:00	4714.000	4744.500	4709.500	4738.000	156342	461945	500
2022.05.30	12:00:00	4738.000	4746.000	4728.000	4744.500	88574	282122	500
2022.05.30	13:00:00	4744.000	4746.000	4731.500	4734.000	50976	164498	500
2022.05.30	14:00:00	4734.000	4745.000	4732.000	4744.500	53480	177342	500
2022.05.30	15:00:00	4744.500	4756.500	4738.000	4750.000	60838	204897	500
2022.05.30	16:00:00	4749.500	4758.000	4747.500	4754.500	35807	126345	500
2022.05.30	17:00:00	4755.000	4757.500	4750.000	4755.000	27378	101473	500
2022.05.31	09:00:00	4804.500	4821.500	4792.500	4805.000	241907	684488	500
2022.05.31	10:00:00	4805.500	4806.500	4740.000	4746.000	227866	751509	500
2022.05.31	11:00:00	4746.500	4786.000	4742.500	4785.500	174035	598561	500
2022.05.31	12:00:00	4785.500	4794.500	4769.500	4771.000	125315	467034	500
2022.05.31	13:00:00	4771.000	4782.000	4766.000	4775.000	77413	269319	500
2022.05.31	14:00:00	4775.000	4793.000	4770.500	4793.000	71648	240875	500
2022.05.31	15:00:00	4793.000	4799.000	4785.500	4794.500	75588	263078	500
2022.05.31	16:00:00	4794.500	4800.000	4785.000	4796.000	61696	208006	500
2022.05.31	17:00:00	4795.500	4797.000	4771.500	4776.500	40541	153780	500
2022.06.01	09:00:00	4774.500	4790.000	4765.000	4776.500	217615	575271	500
2022.06.01	10:00:00	4776.000	4804.000	4762.000	4796.000	246187	709807	500
2022.06.01	11:00:00	4796.000	4841.000	4795.000	4834.000	231484	718468	500
2022.06.01	12:00:00	4834.000	4850.000	4829.500	4842.000	109913	379089	500
2022.06.01	13:00:00	4842.500	4854.000	4840.500	4851.500	69720	236846	500
2022.06.01	14:00:00	4851.000	4855.000	4832.500	4844.500	90627	294463	500
2022.06.01	15:00:00	4845.000	4848.500	4831.500	4833.000	87958	278462	500
2022.06.01	16:00:00	4833.000	4847.500	4830.000	4846.000	55570	186483	500
2022.06.01	17:00:00	4846.500	4859.500	4844.500	4859.500	35353	119912	500
2022.06.02	09:00:00	4830.000	4847.000	4813.500	4822.500	204471	529352	500
2022.06.02	10:00:00	4823.000	4849.500	4816.500	4838.500	247461	673525	500
2022.06.02	11:00:00	4838.500	4846.000	4817.500	4825.000	207978	623772	500
2022.06.02	12:00:00	4824.500	4836.000	4816.500	4821.000	106274	326142	500
2022.06.02	13:00:00	4821.000	4824.000	4816.000	4820.500	52558	165205	500
2022.06.02	14:00:00	4820.000	4840.000	4811.500	4835.500	93788	304323	500
2022.06.02	15:00:00	4836.000	4840.000	4825.000	4830.000	62797	218409	500
2022.06.02	16:00:00	4830.000	4835.500	4825.000	4826.000	41753	134529	500
2022.06.02	17:00:00	4825.500	4839.500	4825.500	4839.500	30507	107923	500
2022.06.03	09:00:00	4860.000	4870.000	4838.000	4847.000	222004	587506	500
2022.06.03	10:00:00	4847.000	4848.500	4815.000	4820.500	232963	641852	500
2022.06.03	11:00:00	4820.000	4830.000	4818.000	4826.000	118347	345173	500
2022.06.03	12:00:00	4826.000	4844.000	4826.000	4837.000	94005	273354	500
2022.06.03	13:00:00	4837.000	4837.000	4819.000	4821.000	67676	206735	500
2022.06.03	14:00:00	4820.500	4831.500	4813.500	4828.500	67508	201436	500
2022.06.03	15:00:00	4828.500	4836.500	4819.000	4821.000	60844	191318	500
2022.06.03	16:00:00	4821.000	4825.000	4814.000	4815.500	40929	131269	500
2022.06.03	17:00:00	4815.000	4821.500	4810.000	4812.000	24232	82204	500
2022.06.06	09:00:00	4795.000	4809.500	4785.000	4807.000	145484	400917	500
2022.06.06	10:00:00	4806.500	4824.500	4788.000	4813.000	196209	551246	500
2022.06.06	11:00:00	4812.500	4838.000	4812.000	4827.000	157682	443411	500
2022.06.06	12:00:00	4827.000	4842.000	4824.000	4835.000	97685	307265	500
2022.06.06	13:00:00	4835.000	4838.500	4826.500	4836.500	64031	211451	500
2022.06.06	14:00:00	4836.000	4843.000	4818.500	4820.500	80739	253756	500
2022.06.06	15:00:00	4820.000	4837.500	4819.500	4836.000	63463	214109	500
2022.06.06	16:00:00	4836.000	4839.500	4830.000	4832.000	45599	141037	500
2022.06.06	17:00:00	4831.500	4836.500	4821.000	4831.000	32060	111775	500
2022.06.07	09:00:00	4832.000	4908.500	4832.000	4906.500	266373	792538	500
2022.06.07	10:00:00	4906.500	4948.500	4900.000	4940.500	291106	1008267	500
2022.06.07	11:00:00	4940.500	4969.000	4930.000	4937.000	239540	835152	500
2022.06.07	12:00:00	4937.000	4940.500	4913.500	4921.500	128408	469260	500
2022.06.07	13:00:00	4921.000	4923.500	4898.000	4900.500	104633	339035	500
2022.06.07	14:00:00	4901.000	4905.500	4891.000	4900.000	104344	365150	500
2022.06.07	15:00:00	4900.000	4908.000	4893.000	4902.000	75221	246838	500
2022.06.07	16:00:00	4901.500	4912.000	4897.000	4908.000	58720	197359	500
2022.06.07	17:00:00	4908.000	4909.500	4900.000	4906.000	26299	88383	500
2022.06.08	09:00:00	4910.500	4940.500	4898.000	4927.000	300263	763350	500
2022.06.08	10:00:00	4927.000	4934.500	4880.000	4885.500	269729	732620	500
2022.06.08	11:00:00	4885.000	4912.500	4883.000	4904.500	163197	469477	500
2022.06.08	12:00:00	4904.500	4917.500	4888.000	4905.000	111467	335839	500
2022.06.08	13:00:00	4905.000	4928.500	4901.000	4925.500	95267	285159	500
2022.06.08	14:00:00	4925.000	4934.500	4918.000	4919.000	82399	254373	500
2022.06.08	15:00:00	4918.500	4932.500	4916.500	4919.000	73606	225317	500
2022.06.08	16:00:00	4919.000	4923.000	4911.000	4922.500	51968	181096	500
2022.06.08	17:00:00	4922.500	4934.000	4919.000	4933.000	24670	94059	500
2022.06.09	09:00:00	4928.500	4930.000	4897.500	4917.500	245168	650324	500
2022.06.09	10:00:00	4917.500	4949.000	4912.000	4925.000	252313	729586	500
2022.06.09	11:00:00	4925.000	4944.000	4913.500	4940.500	192464	587006	500
2022.06.09	12:00:00	4940.500	4945.000	4906.000	4920.000	148704	465865	500
2022.06.09	13:00:00	4919.500	4928.500	4916.000	4920.500	65582	213683	500
2022.06.09	14:00:00	4921.000	4924.500	4908.500	4909.000	73047	234225	500
2022.06.09	15:00:00	4909.000	4934.000	4909.000	4933.000	76673	243381	500
2022.06.09	16:00:00	4933.000	4952.000	4931.500	4947.000	68375	224102	500
2022.06.09	17:00:00	4947.000	4951.500	4935.500	4936.000	36437	131447	500
2022.06.10	09:00:00	4936.500	4976.000	4914.000	4966.000	332467	887688	500
2022.06.10	10:00:00	4966.500	5026.000	4961.000	5014.000	272549	831481	500
2022.06.10	11:00:00	5014.000	5041.500	5014.000	5034.000	186181	602029	500
2022.06.10	12:00:00	5034.000	5037.500	5018.000	5025.000	98283	341017	500
2022.06.10	13:00:00	5024.500	5036.500	5021.000	5028.500	69871	248001	500
2022.06.10	14:00:00	5028.500	5031.500	5009.500	5014.500	88238	310100	500
2022.06.10	15:00:00	5014.000	5018.000	5001.500	5012.000	87382	307869	500
2022.06.10	16:00:00	5012.000	5019.500	5002.500	5018.000	59822	203806	500
2022.06.10	17:00:00	5018.000	5020.000	5009.500	5017.500	26959	93705	500
2022.06.13	09:00:00	5066.000	5097.000	5058.000	5090.000	276580	771810	500
2022.06.13	10:00:00	5089.500	5127.500	5089.000	5124.000	246791	748947	500
2022.06.13	11:00:00	5124.000	5163.000	5119.500	5162.000	172488	573099	500
2022.06.13	12:00:00	5162.000	5165.500	5123.500	5127.500	152682	497553	500
2022.06.13	13:00:00	5127.000	5136.500	5116.500	5134.500	108140	362967	500
2022.06.13	14:00:00	5135.000	5144.000	5115.500	5116.500	104586	339481	500
2022.06.13	15:00:00	5116.500	5139.500	5114.500	5136.500	94358	299971	500
2022.06.13	16:00:00	5137.000	5159.000	5124.500	5139.000	126928	404288	500
2022.06.13	17:00:00	5139.000	5154.000	5131.500	5142.000	48346	160911	500
2022.06.14	09:00:00	5139.000	5147.000	5110.500	5132.000	281384	725150	500
2022.06.14	10:00:00	5132.000	5154.500	5116.000	5139.500	220659	639901	500
2022.06.14	11:00:00	5139.500	5154.000	5133.500	5147.500	149247	467114	500
2022.06.14	12:00:00	5148.000	5163.000	5139.000	5158.000	117157	392551	500
2022.06.14	13:00:00	5158.500	5177.500	5151.000	5166.500	101409	346507	500
2022.06.14	14:00:00	5166.500	5166.500	5135.500	5161.500	113713	384115	500
2022.06.14	15:00:00	5161.500	5170.000	5145.000	5168.000	117026	415328	500
2022.06.14	16:00:00	5168.000	5172.500	5155.000	5159.000	70354	234842	500
2022.06.14	17:00:00	5159.500	5161.000	5140.500	5143.500	32800	109650	500
2022.06.15	09:00:00	5119.000	5139.500	5102.500	5131.000	262406	708612	500
2022.06.15	10:00:00	5131.500	5156.500	5123.000	5124.500	249009	710913	500
2022.06.15	11:00:00	5125.000	5153.500	5120.000	5140.000	177791	538708	500
2022.06.15	12:00:00	5140.000	5149.500	5131.500	5135.500	100227	336700	500
2022.06.15	13:00:00	5135.500	5143.000	5124.500	5133.000	90284	288097	500
2022.06.15	14:00:00	5132.500	5135.500	5112.500	5122.500	77628	225493	500
2022.06.15	15:00:00	5121.500	5155.000	5063.500	5088.500	432241	1143151	500
2022.06.15	16:00:00	5088.500	5093.500	5039.500	5048.000	180440	544554	500
2022.06.15	17:00:00	5048.000	5085.000	5046.500	5077.500	45986	161179	500
2022.06.17	09:00:00	5135.000	5169.000	5124.500	5140.000	257028	743857	500
2022.06.17	10:00:00	5139.500	5156.000	5127.000	5146.500	219826	598775	500
2022.06.17	11:00:00	5146.000	5167.500	5140.500	5150.000	175873	546140	500
2022.06.17	12:00:00	5149.500	5167.500	5147.000	5160.000	120089	403403	500
2022.06.17	13:00:00	5160.500	5164.000	5145.500	5155.500	78119	234337	500
2022.06.17	14:00:00	5155.500	5156.000	5141.500	5148.000	77503	218299	500
2022.06.17	15:00:00	5148.500	5158.000	5132.500	5156.000	90123	272234	500
2022.06.17	16:00:00	5155.500	5166.500	5150.000	5165.000	59247	189026	500
2022.06.17	17:00:00	5165.500	5176.000	5160.000	5172.500	28766	98594	500
2022.06.20	09:00:00	5167.500	5182.000	5155.000	5181.500	196023	560583	500
2022.06.20	10:00:00	5182.000	5207.500	5180.000	5200.500	190927	576493	500
2022.06.20	11:00:00	5200.500	5202.500	5166.000	5169.500	133742	427490	500
2022.06.20	12:00:00	5169.500	5178.500	5162.500	5165.000	88156	282549	500
2022.06.20	13:00:00	5165.000	5171.500	5159.000	5169.000	62913	219153	500
2022.06.20	14:00:00	5169.000	5193.000	5168.500	5189.000	61251	203441	500
2022.06.20	15:00:00	5189.500	5198.500	5186.500	5197.500	43298	139903	500
2022.06.20	16:00:00	5197.500	5209.000	5195.000	5206.500	41074	147492	500
2022.06.20	17:00:00	5206.000	5213.000	5201.500	5208.000	32797	123776	500
2022.06.21	09:00:00	5194.000	5198.000	5172.000	5197.500	226120	627513	500
2022.06.21	10:00:00	5197.500	5202.000	5163.500	5168.000	238796	675289	500
2022.06.21	11:00:00	5168.500	5171.500	5134.000	5141.000	178109	567524	500
2022.06.21	12:00:00	5140.500	5155.500	5137.500	5152.000	84992	297798	500
2022.06.21	13:00:00	5152.000	5157.000	5146.000	5149.000	58295	193570	500
2022.06.21	14:00:00	5149.000	5159.000	5144.000	5158.500	76472	258808	500
2022.06.21	15:00:00	5159.000	5168.500	5156.000	5166.500	74904	250600	500
2022.06.21	16:00:00	5166.500	5172.000	5163.500	5169.000	50243	178440	500
2022.06.21	17:00:00	5169.500	5171.500	5140.000	5143.000	40847	151007	500
2022.06.22	09:00:00	5181.500	5189.000	5158.000	5165.500	195530	558055	500
2022.06.22	10:00:00	5165.000	5196.500	5158.000	5182.500	251057	757355	500
2022.06.22	11:00:00	5183.000	5188.500	5141.500	5152.500	189780	555540	500
2022.06.22	12:00:00	5153.000	5174.000	5148.500	5172.000	108535	343611	500
2022.06.22	13:00:00	5172.500	5176.000	5162.000	5175.500	71599	223041	500
2022.06.22	14:00:00	5175.500	5178.000	5158.000	5158.500	72825	220261	500
2022.06.22	15:00:00	5158.500	5178.000	5147.000	5176.500	85629	295461	500
2022.06.22	16:00:00	5176.500	5192.500	5174.500	5191.000	63931	219023	500
2022.06.22	17:00:00	5191.000	5210.000	5189.500	5208.000	43577	160883	500
2022.06.23	09:00:00	5208.500	5226.000	5183.500	5186.500	247697	793471	500
2022.06.23	10:00:00	5187.000	5200.500	5180.000	5182.500	208396	660866	500
2022.06.23	11:00:00	5183.000	5210.000	5178.500	5187.500	202320	614411	500
2022.06.23	12:00:00	5188.000	5217.500	5187.000	5215.000	133599	437879	500
2022.06.23	13:00:00	5215.000	5224.500	5210.500	5217.000	84789	271134	500
2022.06.23	14:00:00	5217.000	5242.500	5216.500	5236.500	103428	335398	500
2022.06.23	15:00:00	5236.500	5245.500	5230.000	5243.000	65071	207072	500
2022.06.23	16:00:00	5243.000	5247.500	5234.000	5241.000	59316	186950	500
2022.06.23	17:00:00	5241.000	5260.000	5240.500	5253.500	35480	131876	500
2022.06.24	09:00:00	5240.000	5243.500	5215.000	5230.500	193529	527844	500
2022.06.24	10:00:00	5231.000	5286.000	5228.500	5271.000	241819	758914	500
2022.06.24	11:00:00	5270.500	5271.000	5215.000	5258.000	230551	742081	500
2022.06.24	12:00:00	5258.000	5258.000	5232.500	5249.000	101519	292484	500
2022.06.24	13:00:00	5248.500	5256.500	5241.500	5247.500	56517	168474	500
2022.06.24	14:00:00	5247.500	5256.500	5237.000	5247.000	64885	212075	500
2022.06.24	15:00:00	5247.000	5275.000	5237.500	5273.000	72377	235510	500
2022.06.24	16:00:00	5273.000	5277.000	5261.500	5261.500	52824	168088	500
2022.06.24	17:00:00	5261.500	5270.500	5249.500	5254.000	36190	115091	500
2022.06.27	09:00:00	5250.000	5284.000	5236.500	5261.500	234977	660525	500
2022.06.27	10:00:00	5261.000	5273.500	5244.000	5245.000	238840	680549	500
2022.06.27	11:00:00	5245.500	5246.000	5220.000	5223.000	206874	620466	500
2022.06.27	12:00:00	5223.000	5226.500	5210.500	5216.500	108816	354742	500
2022.06.27	13:00:00	5216.000	5224.500	5211.000	5219.000	60500	188071	500
2022.06.27	14:00:00	5218.500	5234.000	5217.500	5232.500	79351	265509	500
2022.06.27	15:00:00	5233.000	5242.000	5230.500	5233.000	62148	203927	500
2022.06.27	16:00:00	5232.500	5245.500	5232.000	5243.000	43965	138707	500
2022.06.27	17:00:00	5243.000	5247.500	5238.000	5247.500	27860	92821	500
2022.06.28	09:00:00	5240.500	5252.000	5200.500	5206.500	280004	792446	500
2022.06.28	10:00:00	5206.500	5221.500	5193.500	5211.500	207505	625878	500
2022.06.28	11:00:00	5212.000	5228.500	5197.500	5223.500	173070	541872	500
2022.06.28	12:00:00	5224.000	5271.500	5223.000	5259.000	155185	540737	500
2022.06.28	13:00:00	5259.500	5268.500	5251.500	5267.500	78173	275575	500
2022.06.28	14:00:00	5268.000	5274.000	5258.500	5260.000	75563	236456	500
2022.06.28	15:00:00	5259.500	5285.000	5252.000	5276.500	103164	338269	500
2022.06.28	16:00:00	5276.500	5279.500	5266.500	5273.000	52765	159150	500
2022.06.28	17:00:00	5273.000	5277.000	5265.000	5274.000	29480	95880	500
2022.06.29	09:00:00	5256.000	5260.000	5222.500	5224.000	260055	706892	500
2022.06.29	10:00:00	5224.500	5238.500	5213.000	5229.000	229192	690085	500
2022.06.29	11:00:00	5229.000	5247.000	5223.500	5234.500	199292	622068	500
2022.06.29	12:00:00	5234.500	5259.500	5227.500	5243.500	127970	420735	500
2022.06.29	13:00:00	5244.000	5250.500	5224.000	5228.000	92340	279649	500
2022.06.29	14:00:00	5228.500	5230.500	5209.000	5210.500	94090	305917	500
2022.06.29	15:00:00	5210.500	5213.000	5199.000	5204.500	83568	282439	500
2022.06.29	16:00:00	5205.000	5208.500	5192.500	5195.500	60123	210705	500
2022.06.29	17:00:00	5195.500	5197.500	5179.500	5187.000	37499	134127	500
2022.06.30	09:00:00	5263.000	5295.000	5254.500	5290.500	243956	687633	500
2022.06.30	10:00:00	5290.500	5314.000	5287.000	5296.500	200092	641558	500
2022.06.30	11:00:00	5296.000	5298.500	5265.500	5274.000	170520	541301	500
2022.06.30	12:00:00	5274.000	5283.000	5260.500	5262.500	100009	342220	500
2022.06.30	13:00:00	5262.500	5276.500	5234.500	5237.500	117579	382059	500
2022.06.30	14:00:00	5237.500	5244.000	5231.000	5238.500	68741	215866	500
2022.06.30	15:00:00	5239.000	5274.500	5235.000	5270.500	89307	299913	500
2022.06.30	16:00:00	5270.000	5280.000	5265.500	5275.000	76566	256791	500
2022.06.30	17:00:00	5275.000	5303.000	5274.500	5298.500	42950	161962	500
2022.07.01	09:00:00	5325.000	5351.000	5320.000	5340.000	223530	638518	500
2022.07.01	10:00:00	5340.500	5371.000	5339.500	5366.500	223313	643879	500
2022.07.01	11:00:00	5366.500	5380.000	5358.000	5367.000	189118	599692	500
2022.07.01	12:00:00	5367.000	5374.000	5343.500	5350.000	124042	381620	500
2022.07.01	13:00:00	5350.000	5361.000	5344.000	5356.500	75498	230821	500
2022.07.01	14:00:00	5356.500	5357.500	5328.500	5337.500	87657	289645	500
2022.07.01	15:00:00	5338.000	5351.500	5332.500	5347.500	78856	254648	500
2022.07.01	16:00:00	5348.000	5369.000	5346.500	5362.500	69066	230787	500
2022.07.01	17:00:00	5363.000	5378.500	5362.000	5373.000	31003	107491	500
2022.07.04	09:00:00	5342.500	5375.500	5341.500	5359.000	173512	455938	500
2022.07.04	10:00:00	5359.500	5361.000	5349.000	5356.000	133455	350070	500
2022.07.04	11:00:00	5356.000	5375.000	5329.000	5336.500	164710	464736	500
2022.07.04	12:00:00	5336.500	5339.500	5331.000	5339.000	52756	153376	500
2022.07.04	13:00:00	5339.000	5344.500	5336.000	5342.500	40101	119660	500
2022.07.04	14:00:00	5343.000	5358.500	5340.500	5355.000	60376	177242	500
2022.07.04	15:00:00	5355.000	5366.000	5354.000	5364.000	44812	138297	500
2022.07.04	16:00:00	5363.500	5368.500	5362.000	5366.000	25146	71695	500
2022.07.04	17:00:00	5365.500	5373.500	5360.000	5372.000	30174	101743	500
2022.07.05	09:00:00	5395.000	5421.000	5388.500	5409.500	268917	785886	500
2022.07.05	10:00:00	5409.500	5443.500	5408.500	5435.500	226143	674090	500
2022.07.05	11:00:00	5435.500	5439.000	5421.000	5432.500	169842	475287	500
2022.07.05	12:00:00	5433.000	5439.000	5427.000	5430.000	82853	263803	500
2022.07.05	13:00:00	5429.500	5443.000	5425.000	5439.500	77311	231122	500
2022.07.05	14:00:00	5439.500	5442.500	5427.500	5436.500	77598	246038	500
2022.07.05	15:00:00	5436.500	5443.000	5429.000	5438.500	70281	229704	500
2022.07.05	16:00:00	5438.500	5439.500	5423.500	5428.000	61127	195297	500
2022.07.05	17:00:00	5428.000	5437.000	5424.500	5428.000	39605	140260	500
2022.07.06	09:00:00	5442.000	5458.500	5431.500	5442.500	240794	656146	500
2022.07.06	10:00:00	5442.500	5458.000	5431.000	5448.000	229785	614577	500
2022.07.06	11:00:00	5448.000	5473.500	5444.500	5473.000	217354	615779	500
2022.07.06	12:00:00	5472.500	5500.000	5467.500	5494.000	147679	453421	500
2022.07.06	13:00:00	5494.000	5499.500	5479.500	5481.500	68274	214487	500
2022.07.06	14:00:00	5481.500	5482.500	5468.500	5471.000	86826	279069	500
2022.07.06	15:00:00	5471.500	5486.000	5450.000	5456.000	171622	501574	500
2022.07.06	16:00:00	5456.000	5463.000	5449.500	5460.500	53399	165521	500
2022.07.06	17:00:00	5461.000	5469.500	5457.000	5463.500	27275	92543	500
2022.07.07	09:00:00	5443.000	5451.000	5427.000	5443.000	225341	594944	500
2022.07.07	10:00:00	5443.000	5448.500	5383.000	5383.500	271229	804452	500
2022.07.07	11:00:00	5384.000	5399.500	5368.000	5370.500	172510	545002	500
2022.07.07	12:00:00	5370.000	5391.500	5366.000	5388.500	99224	315472	500
2022.07.07	13:00:00	5388.500	5390.500	5373.500	5376.500	62372	193344	500
2022.07.07	14:00:00	5376.500	5380.000	5370.500	5377.000	46648	161079	500
2022.07.07	15:00:00	5377.000	5390.000	5376.500	5383.000	58377	185392	500
2022.07.07	16:00:00	5382.500	5385.000	5376.500	5380.000	35925	102541	500
2022.07.07	17:00:00	5380.000	5388.500	5375.000	5375.500	29589	111884	500
2022.07.08	09:00:00	5392.000	5403.000	5367.500	5382.000	306658	813011	500
2022.07.08	10:00:00	5382.500	5382.500	5335.000	5361.000	279173	815165	500
2022.07.08	11:00:00	5360.500	5366.500	5314.000	5319.500	194523	563431	500
2022.07.08	12:00:00	5319.500	5334.000	5315.000	5330.500	88258	280562	500
2022.07.08	13:00:00	5330.500	5347.500	5327.500	5342.500	69590	240795	500
2022.07.08	14:00:00	5342.000	5344.000	5326.500	5331.000	66253	210437	500
2022.07.08	15:00:00	5330.500	5332.000	5303.500	5306.000	76188	262628	500
2022.07.08	16:00:00	5306.000	5309.000	5293.500	5301.500	62566	232081	500
2022.07.08	17:00:00	5301.000	5303.000	5283.500	5287.500	31888	128885	500
2022.07.11	09:00:00	5343.000	5384.500	5329.500	5370.500	256728	702969	500
2022.07.11	10:00:00	5370.500	5393.000	5369.500	5377.500	204574	587784	500
2022.07.11	11:00:00	5377.500	5390.500	5368.000	5384.000	164743	508747	500
2022.07.11	12:00:00	5384.000	5388.000	5373.000	5373.500	73471	252597	500
2022.07.11	13:00:00	5373.500	5386.500	5372.500	5383.000	56483	181130	500
2022.07.11	14:00:00	5383.000	5389.000	5377.500	5385.000	46089	162693	500
2022.07.11	15:00:00	5385.500	5404.500	5384.000	5403.500	97336	312994	500
2022.07.11	16:00:00	5403.500	5406.500	5396.500	5402.500	59355	204360	500
2022.07.11	17:00:00	5402.000	5417.500	5397.000	5409.000	44791	167947	500
2022.07.12	09:00:00	5409.000	5435.500	5400.000	5421.000	292139	789167	500
2022.07.12	10:00:00	5421.500	5458.500	5416.500	5447.000	224863	629985	500
2022.07.12	11:00:00	5447.500	5453.500	5436.500	5452.000	146653	458050	500
2022.07.12	12:00:00	5452.000	5458.000	5440.000	5449.000	114108	356399	500
2022.07.12	13:00:00	5448.500	5451.000	5435.500	5445.000	71852	224545	500
2022.07.12	14:00:00	5445.500	5457.000	5442.000	5448.000	61287	176545	500
2022.07.12	15:00:00	5448.000	5465.500	5447.000	5463.000	66625	205768	500
2022.07.12	16:00:00	5463.500	5472.000	5462.000	5468.000	60245	206507	500
2022.07.12	17:00:00	5468.000	5472.000	5466.000	5466.000	28326	112316	500
2022.07.13	09:00:00	5447.000	5492.500	5435.500	5474.000	337293	908064	500
2022.07.13	10:00:00	5474.000	5477.500	5422.000	5440.000	293435	808355	500
2022.07.13	11:00:00	5439.500	5455.000	5399.500	5404.000	244634	729548	500
2022.07.13	12:00:00	5404.500	5411.500	5391.500	5407.000	110861	336038	500
2022.07.13	13:00:00	5407.000	5407.000	5395.000	5404.000	60110	182060	500
2022.07.13	14:00:00	5404.500	5405.000	5389.500	5401.500	70840	207872	500
2022.07.13	15:00:00	5402.000	5428.000	5401.500	5410.500	122804	363734	500
2022.07.13	16:00:00	5410.500	5436.000	5409.000	5430.500	69638	214086	500
2022.07.13	17:00:00	5430.000	5440.000	5418.500	5419.000	36776	123627	500
2022.07.14	09:00:00	5500.000	5504.500	5463.500	5477.500	241540	646752	500
2022.07.14	10:00:00	5477.500	5515.000	5469.500	5502.500	289495	849738	500
2022.07.14	11:00:00	5503.000	5511.000	5460.000	5470.000	211997	659435	500
2022.07.14	12:00:00	5469.500	5476.000	5439.000	5450.500	186004	568768	500
2022.07.14	13:00:00	5450.000	5477.000	5448.000	5465.000	89521	256874	500
2022.07.14	14:00:00	5464.500	5468.000	5448.000	5455.000	80442	234280	500
2022.07.14	15:00:00	5455.500	5464.000	5440.000	5461.500	84849	257628	500
2022.07.14	16:00:00	5461.000	5468.000	5453.000	5457.000	49614	153142	500
2022.07.14	17:00:00	5457.000	5459.500	5444.000	5445.500	30720	98725	500
2022.07.15	09:00:00	5432.000	5460.000	5426.500	5431.000	260847	699664	500
2022.07.15	10:00:00	5430.500	5471.000	5421.500	5466.500	256934	694368	500
2022.07.15	11:00:00	5467.000	5467.500	5399.000	5405.000	243731	722170	500
2022.07.15	12:00:00	5404.500	5410.000	5397.000	5406.500	78975	247989	500
2022.07.15	13:00:00	5406.500	5425.500	5405.500	5423.500	50519	170549	500
2022.07.15	14:00:00	5423.500	5434.000	5417.000	5423.500	74553	245636	500
2022.07.15	15:00:00	5423.000	5430.000	5415.500	5417.500	51824	159327	500
2022.07.15	16:00:00	5418.000	5431.500	5417.000	5427.000	41979	141659	500
2022.07.15	17:00:00	5427.000	5432.500	5421.000	5431.500	21989	84274	500
2022.07.18	09:00:00	5395.000	5405.500	5385.000	5397.000	230838	612831	500
2022.07.18	10:00:00	5397.000	5412.500	5380.500	5385.500	230315	643542	500
2022.07.18	11:00:00	5385.500	5392.500	5372.000	5375.500	159810	450757	500
2022.07.18	12:00:00	5375.500	5398.500	5373.500	5394.000	114387	326305	500
2022.07.18	13:00:00	5394.000	5397.000	5386.500	5394.000	52977	161874	500
2022.07.18	14:00:00	5394.500	5428.500	5391.500	5427.500	101189	335221	500
2022.07.18	15:00:00	5428.000	5440.500	5420.500	5438.000	99598	334101	500
2022.07.18	16:00:00	5438.500	5448.000	5433.000	5444.500	60309	204379	500
2022.07.18	17:00:00	5444.500	5459.000	5441.000	5457.500	40213	163030	500
2022.07.19	09:00:00	5428.000	5448.500	5408.000	5410.500	250991	740983	500
2022.07.19	10:00:00	5410.500	5421.500	5390.500	5402.500	252472	736748	500
2022.07.19	11:00:00	5402.000	5419.000	5392.000	5410.500	188226	540091	500
2022.07.19	12:00:00	5410.500	5428.000	5401.500	5410.000	119554	350645	500
2022.07.19	13:00:00	5410.000	5416.500	5383.000	5389.500	100193	310855	500
2022.07.19	14:00:00	5389.500	5405.500	5384.000	5405.000	68780	222072	500
2022.07.19	15:00:00	5405.000	5423.500	5396.000	5420.500	86061	290503	500
2022.07.19	16:00:00	5420.500	5438.500	5420.500	5435.500	63296	208777	500
2022.07.19	17:00:00	5435.500	5442.000	5423.000	5430.000	33433	114162	500
2022.07.20	09:00:00	5448.500	5467.000	5435.000	5436.000	280572	800763	500
2022.07.20	10:00:00	5436.000	5440.500	5404.500	5434.500	280576	773044	500
2022.07.20	11:00:00	5435.000	5452.000	5423.000	5448.000	217032	630041	500
2022.07.20	12:00:00	5448.500	5460.000	5442.500	5450.000	105380	354444	500
2022.07.20	13:00:00	5450.000	5471.500	5440.500	5465.000	105329	366063	500
2022.07.20	14:00:00	5465.000	5484.500	5465.000	5479.000	123677	412271	500
2022.07.20	15:00:00	5479.000	5480.000	5460.000	5475.500	90352	297547	500
2022.07.20	16:00:00	5475.500	5478.500	5467.500	5474.000	52165	162647	500
2022.07.20	17:00:00	5473.500	5487.500	5472.500	5486.000	33917	130646	500
2022.07.21	09:00:00	5477.000	5492.500	5442.500	5457.500	325874	908039	500
2022.07.21	10:00:00	5457.500	5498.500	5449.500	5479.500	310712	896309	500
2022.07.21	11:00:00	5480.000	5507.500	5478.000	5498.000	170619	539280	500
2022.07.21	12:00:00	5497.500	5517.500	5490.000	5509.500	143499	453265	500
2022.07.21	13:00:00	5510.000	5519.500	5500.500	5515.500	92257	298847	500
2022.07.21	14:00:00	5515.500	5527.000	5511.500	5518.000	81562	262747	500
2022.07.21	15:00:00	5518.000	5523.500	5508.000	5512.500	73355	261477	500
2022.07.21	16:00:00	5512.500	5516.500	5500.000	5509.000	61053	204929	500
2022.07.21	17:00:00	5509.000	5514.000	5503.000	5510.000	32975	119414	500
2022.07.22	09:00:00	5494.000	5500.000	5463.000	5472.500	215590	621578	500
2022.07.22	10:00:00	5472.500	5477.500	5447.000	5460.500	237963	715486	500
2022.07.22	11:00:00	5460.000	5466.000	5445.500	5456.000	161757	484784	500
2022.07.22	12:00:00	5456.000	5473.500	5453.000	5468.500	92108	291062	500
2022.07.22	13:00:00	5469.000	5472.500	5457.000	5471.500	71922	231661	500
2022.07.22	14:00:00	5471.000	5505.500	5468.000	5498.500	110882	395260	500
2022.07.22	15:00:00	5498.500	5512.000	5498.000	5512.000	66169	220421	500
2022.07.22	16:00:00	5512.000	5515.000	5507.000	5507.500	45692	169929	500
2022.07.22	17:00:00	5507.500	5511.000	5505.000	5509.000	24184	95313	500
2022.07.25	09:00:00	5481.500	5487.000	5452.500	5453.500	179261	544700	500
2022.07.25	10:00:00	5454.000	5454.000	5411.000	5414.000	246594	777748	500
2022.07.25	11:00:00	5414.000	5427.000	5406.000	5421.000	175201	621150	500
2022.07.25	12:00:00	5421.000	5427.000	5408.000	5408.500	91151	337649	500
2022.07.25	13:00:00	5409.000	5415.500	5405.000	5408.500	68001	240594	500
2022.07.25	14:00:00	5408.500	5410.000	5397.000	5402.000	74136	264600	500
2022.07.25	15:00:00	5402.000	5403.500	5374.000	5376.500	121983	438612	500
2022.07.25	16:00:00	5377.000	5386.000	5376.500	5379.500	52455	179077	500
2022.07.25	17:00:00	5379.000	5382.500	5364.000	5364.500	55336	219749	500
2022.07.26	09:00:00	5390.000	5399.000	5358.500	5367.500	311259	860672	500
2022.07.26	10:00:00	5367.500	5397.000	5341.000	5346.500	307123	916337	500
2022.07.26	11:00:00	5346.000	5376.500	5342.500	5358.000	220179	668928	500
2022.07.26	12:00:00	5358.500	5375.000	5355.500	5375.000	103556	308667	500
2022.07.26	13:00:00	5375.000	5383.000	5362.500	5367.000	94926	284257	500
2022.07.26	14:00:00	5367.500	5376.000	5360.500	5361.000	79763	249291	500
2022.07.26	15:00:00	5361.000	5377.000	5347.500	5362.000	114220	364937	500
2022.07.26	16:00:00	5362.500	5365.000	5354.500	5357.000	51741	169637	500
2022.07.26	17:00:00	5357.000	5358.500	5345.500	5358.000	32456	116513	500
2022.07.27	09:00:00	5342.500	5354.000	5325.500	5329.500	241466	640010	500
2022.07.27	10:00:00	5329.500	5333.000	5312.500	5315.000	239850	700124	500
2022.07.27	11:00:00	5315.000	5329.000	5304.000	5313.500	191991	606163	500
2022.07.27	12:00:00	5313.500	5315.500	5296.500	5301.000	112342	389317	500
2022.07.27	13:00:00	5301.000	5312.500	5297.000	5309.000	72758	233614	500
2022.07.27	14:00:00	5309.000	5311.500	5295.000	5304.500	67603	209892	500
2022.07.27	15:00:00	5304.500	5315.000	5257.500	5262.000	256931	734522	500
2022.07.27	16:00:00	5262.000	5269.500	5245.000	5252.000	105052	356886	500
2022.07.27	17:00:00	5252.000	5258.500	5241.000	5247.500	42959	148177	500
2022.07.28	09:00:00	5265.500	5276.000	5199.000	5212.500	315115	907458	500
2022.07.28	10:00:00	5212.500	5219.000	5178.000	5209.000	272261	889869	500
2022.07.28	11:00:00	5209.000	5239.000	5200.500	5218.000	212241	673074	500
2022.07.28	12:00:00	5218.500	5228.000	5208.500	5218.500	106626	344414	500
2022.07.28	13:00:00	5218.000	5219.500	5196.500	5206.500	72467	236421	500
2022.07.28	14:00:00	5207.000	5210.500	5196.000	5201.000	72363	234061	500
2022.07.28	15:00:00	5201.000	5207.000	5171.500	5172.500	95403	341485	500
2022.07.28	16:00:00	5172.000	5175.000	5161.500	5163.500	72591	263088	500
2022.07.28	17:00:00	5164.000	5190.000	5161.000	5186.500	43068	162739	500
2022.07.29	09:00:00	5210.000	5228.000	5193.000	5211.500	303116	830389	500
2022.07.29	10:00:00	5211.500	5261.000	5211.000	5242.000	267250	771276	500
2022.07.29	11:00:00	5242.000	5256.000	5223.500	5247.500	178788	603720	500
2022.07.29	12:00:00	5248.000	5251.500	5218.500	5230.000	120096	390403	500
2022.07.29	13:00:00	5230.500	5247.000	5226.000	5237.000	76763	244684	500
2022.07.29	14:00:00	5237.500	5252.000	5231.500	5241.000	68515	216058	500
2022.07.29	15:00:00	5240.500	5247.500	5217.000	5219.000	73577	235420	500
2022.07.29	16:00:00	5219.000	5231.000	5217.000	5220.500	51195	170314	500
2022.07.29	17:00:00	5220.500	5224.000	5215.500	5221.000	29686	105018	500
2022.08.01	09:00:00	5204.000	5220.500	5175.500	5220.000	280053	818593	500
2022.08.01	10:00:00	5220.000	5242.000	5216.000	5220.500	239217	681538	500
2022.08.01	11:00:00	5220.500	5240.000	5181.000	5182.500	243621	716313	500
2022.08.01	12:00:00	5182.000	5199.000	5181.500	5199.000	95827	295136	500
2022.08.01	13:00:00	5198.500	5224.000	5195.500	5221.500	97073	307265	500
2022.08.01	14:00:00	5222.000	5249.000	5219.500	5238.000	110721	354999	500
2022.08.01	15:00:00	5238.500	5244.000	5226.500	5232.000	84351	256470	500
2022.08.01	16:00:00	5231.500	5234.500	5223.000	5224.500	49036	148540	500
2022.08.01	17:00:00	5224.000	5234.500	5221.500	5234.500	26013	85618	500
2022.08.02	09:00:00	5247.500	5269.000	5241.000	5247.500	307024	819845	500
2022.08.02	10:00:00	5247.500	5282.500	5234.000	5277.500	334539	986624	500
2022.08.02	11:00:00	5277.500	5293.000	5270.500	5280.500	224183	703480	500
2022.08.02	12:00:00	5280.500	5290.000	5271.500	5288.500	110744	358858	500
2022.08.02	13:00:00	5288.500	5289.500	5273.000	5282.500	75064	237950	500
2022.08.02	14:00:00	5282.500	5315.500	5281.500	5310.500	124454	438567	500
2022.08.02	15:00:00	5310.000	5325.000	5309.500	5318.000	113923	399038	500
2022.08.02	16:00:00	5318.500	5323.000	5311.000	5321.500	58974	215195	500
2022.08.02	17:00:00	5322.000	5329.500	5320.000	5323.000	34585	134936	500
2022.08.03	09:00:00	5293.000	5315.500	5287.000	5306.500	232975	650554	500
2022.08.03	10:00:00	5306.500	5332.000	5303.500	5317.500	236181	684867	500
2022.08.03	11:00:00	5317.000	5358.500	5317.000	5343.000	232460	748560	500
2022.08.03	12:00:00	5343.000	5351.500	5311.500	5313.000	131452	432415	500
2022.08.03	13:00:00	5312.500	5317.000	5300.000	5302.000	102085	326050	500
2022.08.03	14:00:00	5302.000	5311.000	5298.000	5301.500	61477	193124	500
2022.08.03	15:00:00	5301.500	5331.500	5299.500	5328.500	84780	275437	500
2022.08.03	16:00:00	5329.000	5332.500	5316.500	5320.000	53360	174862	500
2022.08.03	17:00:00	5319.500	5332.500	5316.500	5327.500	30690	109739	500
2022.08.04	09:00:00	5327.500	5336.500	5295.500	5307.000	256246	709101	500
2022.08.04	10:00:00	5307.000	5312.000	5273.500	5281.500	244300	714250	500
2022.08.04	11:00:00	5281.500	5300.000	5281.000	5291.000	164895	484182	500
2022.08.04	12:00:00	5291.500	5292.500	5255.500	5257.000	144930	470916	500
2022.08.04	13:00:00	5257.500	5260.500	5243.000	5255.500	95012	332734	500
2022.08.04	14:00:00	5256.000	5256.500	5240.000	5254.000	84972	277813	500
2022.08.04	15:00:00	5253.500	5267.000	5240.500	5252.500	103896	353963	500
2022.08.04	16:00:00	5252.500	5265.500	5252.000	5263.000	44565	152507	500
2022.08.04	17:00:00	5263.000	5265.000	5249.500	5251.000	40818	137964	500
2022.08.05	09:00:00	5263.500	5316.000	5243.500	5299.500	362454	1036080	500
2022.08.05	10:00:00	5299.500	5305.000	5256.500	5260.000	312284	900318	500
2022.08.05	11:00:00	5260.000	5280.000	5223.000	5224.000	239116	772840	500
2022.08.05	12:00:00	5224.000	5257.500	5223.500	5238.000	132260	430041	500
2022.08.05	13:00:00	5238.000	5242.000	5216.000	5220.500	104014	348382	500
2022.08.05	14:00:00	5220.500	5229.500	5217.000	5227.500	64874	203924	500
2022.08.05	15:00:00	5228.000	5233.000	5204.500	5211.500	105354	348746	500
2022.08.05	16:00:00	5211.000	5213.500	5203.000	5205.500	45303	145497	500
2022.08.05	17:00:00	5205.500	5207.000	5194.000	5202.000	28985	104816	500
2022.08.08	09:00:00	5181.000	5186.000	5151.000	5158.500	237585	636071	500
2022.08.08	10:00:00	5158.500	5165.500	5139.000	5152.500	205985	583275	500
2022.08.08	11:00:00	5152.000	5177.500	5148.500	5163.500	199294	591359	500
2022.08.08	12:00:00	5163.000	5175.500	5155.000	5170.000	121425	365978	500
2022.08.08	13:00:00	5170.000	5170.500	5150.500	5157.000	82669	254609	500
2022.08.08	14:00:00	5157.000	5158.500	5142.500	5147.500	97732	314201	500
2022.08.08	15:00:00	5147.500	5156.000	5143.500	5149.500	77300	232708	500
2022.08.08	16:00:00	5149.500	5153.500	5143.000	5149.000	53023	172072	500
2022.08.08	17:00:00	5149.500	5150.000	5142.000	5149.000	31637	109078	500
2022.08.09	09:00:00	5154.500	5163.500	5129.500	5137.000	291523	801227	500
2022.08.09	10:00:00	5136.500	5148.000	5126.000	5146.500	224691	640271	500
2022.08.09	11:00:00	5147.000	5182.500	5147.000	5164.500	200381	625470	500
2022.08.09	12:00:00	5164.000	5176.500	5159.000	5163.500	102357	317536	500
2022.08.09	13:00:00	5163.500	5170.000	5157.000	5159.500	73023	227496	500
2022.08.09	14:00:00	5159.500	5177.000	5158.000	5169.000	76685	254540	500
2022.08.09	15:00:00	5169.500	5185.000	5164.000	5180.000	85887	285436	500
2022.08.09	16:00:00	5180.000	5181.500	5160.500	5162.000	59054	202711	500
2022.08.09	17:00:00	5162.000	5164.000	5156.500	5158.000	27216	108539	500
2022.08.10	09:00:00	5147.500	5179.000	5065.500	5092.500	340834	1075059	500
2022.08.10	10:00:00	5092.500	5107.000	5076.000	5096.500	233292	710438	500
2022.08.10	11:00:00	5096.500	5097.500	5066.000	5079.000	204199	727401	500
2022.08.10	12:00:00	5079.500	5093.000	5076.000	5086.000	97496	360881	500
2022.08.10	13:00:00	5086.500	5090.500	5080.000	5089.500	49609	164605	500
2022.08.10	14:00:00	5089.500	5096.500	5079.000	5095.000	67232	231942	500
2022.08.10	15:00:00	5095.500	5128.500	5094.500	5121.000	121789	434873	500
2022.08.10	16:00:00	5120.500	5126.500	5115.000	5115.000	57534	192799	500
2022.08.10	17:00:00	5115.500	5127.000	5112.500	5125.500	29671	111943	500
2022.08.11	09:00:00	5110.000	5120.000	5090.000	5097.500	296621	836589	500
2022.08.11	10:00:00	5097.500	5124.000	5095.000	5103.000	249813	749077	500
2022.08.11	11:00:00	5103.000	5170.500	5102.000	5169.500	246462	836944	500
2022.08.11	12:00:00	5169.500	5189.000	5165.500	5171.500	149761	563411	500
2022.08.11	13:00:00	5171.000	5177.000	5161.000	5172.000	70320	230680	500
2022.08.11	14:00:00	5172.000	5184.500	5169.500	5181.000	88761	311294	500
2022.08.11	15:00:00	5180.500	5200.500	5178.500	5193.500	89776	312512	500
2022.08.11	16:00:00	5193.500	5198.000	5187.000	5189.000	52840	205590	500
2022.08.11	17:00:00	5188.500	5193.500	5184.500	5188.000	29155	112160	500
2022.08.12	09:00:00	5182.500	5192.500	5151.000	5151.000	219793	652291	500
2022.08.12	10:00:00	5151.500	5154.500	5129.000	5137.000	182273	594380	500
2022.08.12	11:00:00	5137.500	5152.000	5118.500	5120.000	209162	699621	500
2022.08.12	12:00:00	5120.000	5127.500	5110.500	5115.500	93530	346216	500
2022.08.12	13:00:00	5115.500	5123.500	5101.000	5107.000	77686	287968	500
2022.08.12	14:00:00	5106.500	5111.000	5100.500	5102.000	63077	237749	500
2022.08.12	15:00:00	5101.500	5103.500	5092.000	5097.000	67782	266757	500
2022.08.12	16:00:00	5096.500	5104.000	5092.500	5101.000	47094	183774	500
2022.08.12	17:00:00	5101.000	5108.000	5096.500	5099.500	31037	123520	500
2022.08.15	09:00:00	5138.500	5166.000	5132.500	5134.000	258889	773146	500
2022.08.15	10:00:00	5133.500	5145.000	5124.500	5129.000	212397	607768	500
2022.08.15	11:00:00	5129.500	5140.000	5112.000	5116.500	157330	464686	500
2022.08.15	12:00:00	5116.500	5120.500	5106.500	5107.000	85550	275414	500
2022.08.15	13:00:00	5107.500	5115.500	5100.000	5111.500	78595	265654	500
2022.08.15	14:00:00	5111.000	5133.000	5106.500	5124.000	90991	298375	500
2022.08.15	15:00:00	5124.000	5138.000	5118.500	5124.500	83610	265523	500
2022.08.15	16:00:00	5125.000	5127.000	5114.000	5116.500	46534	158533	500
2022.08.15	17:00:00	5117.000	5124.000	5110.500	5122.000	27611	98908	500
2022.08.16	09:00:00	5143.500	5161.000	5135.000	5144.000	249615	710499	500
2022.08.16	10:00:00	5144.000	5159.000	5138.000	5148.500	212363	677779	500
2022.08.16	11:00:00	5148.500	5175.500	5146.500	5172.500	193655	598857	500
2022.08.16	12:00:00	5172.500	5174.000	5163.000	5167.500	70344	229506	500
2022.08.16	13:00:00	5167.000	5176.500	5160.000	5175.000	65232	213591	500
2022.08.16	14:00:00	5174.500	5178.000	5150.500	5151.500	87307	315035	500
2022.08.16	15:00:00	5151.500	5171.000	5151.000	5168.000	81716	292842	500
2022.08.16	16:00:00	5168.500	5173.500	5162.500	5164.000	44102	151088	500
2022.08.16	17:00:00	5163.500	5176.000	5161.500	5172.500	23008	81039	500
2022.08.17	09:00:00	5200.000	5235.500	5197.000	5218.000	251202	798984	500
2022.08.17	10:00:00	5218.500	5230.500	5195.000	5200.500	232412	753166	500
2022.08.17	11:00:00	5200.500	5204.500	5183.000	5191.500	174611	556849	500
2022.08.17	12:00:00	5191.500	5196.000	5178.500	5194.500	91893	316228	500
2022.08.17	13:00:00	5194.500	5204.500	5189.500	5198.000	69807	256292	500
2022.08.17	14:00:00	5198.000	5209.000	5190.500	5199.500	74070	233876	500
2022.08.17	15:00:00	5199.000	5201.500	5168.000	5192.000	165511	551774	500
2022.08.17	16:00:00	5192.000	5196.000	5184.500	5187.500	51215	157110	500
2022.08.17	17:00:00	5187.500	5193.500	5180.000	5188.500	26997	91520	500
2022.08.18	09:00:00	5184.500	5186.000	5147.500	5172.000	221753	672629	500
2022.08.18	10:00:00	5172.500	5218.500	5165.500	5210.000	235037	768002	500
2022.08.18	11:00:00	5209.500	5218.500	5191.500	5193.500	133251	465949	500
2022.08.18	12:00:00	5193.500	5209.500	5187.000	5207.000	86091	290639	500
2022.08.18	13:00:00	5207.500	5223.500	5206.500	5222.500	79950	271865	500
2022.08.18	14:00:00	5223.000	5226.000	5209.000	5210.000	83384	298726	500
2022.08.18	15:00:00	5210.500	5216.000	5204.000	5205.000	61748	213606	500
2022.08.18	16:00:00	5205.500	5205.500	5189.000	5190.000	54124	207865	500
2022.08.18	17:00:00	5190.500	5193.500	5183.000	5186.000	24929	110284	500
2022.08.19	09:00:00	5219.000	5231.500	5186.000	5192.000	246716	773995	500
2022.08.19	10:00:00	5192.500	5227.000	5188.500	5216.500	216798	685088	500
2022.08.19	11:00:00	5216.500	5237.000	5197.000	5225.500	182495	609451	500
2022.08.19	12:00:00	5225.500	5235.000	5213.500	5215.500	93673	325470	500
2022.08.19	13:00:00	5216.000	5217.500	5199.500	5206.000	67629	233008	500
2022.08.19	14:00:00	5206.000	5210.500	5189.000	5192.000	69217	228220	500
2022.08.19	15:00:00	5192.000	5207.000	5183.000	5206.000	73162	279941	500
2022.08.19	16:00:00	5206.500	5207.000	5183.500	5185.000	57622	217760	500
2022.08.19	17:00:00	5185.000	5190.000	5184.000	5187.000	26369	109144	500
2022.08.22	09:00:00	5198.500	5209.500	5186.500	5187.000	209324	616121	500
2022.08.22	10:00:00	5186.500	5210.000	5177.500	5198.000	233776	667714	500
2022.08.22	11:00:00	5198.000	5219.500	5188.500	5201.500	178369	549220	500
2022.08.22	12:00:00	5201.500	5203.500	5181.000	5182.500	107999	355932	500
2022.08.22	13:00:00	5182.000	5184.000	5165.500	5170.000	98182	321786	500
2022.08.22	14:00:00	5170.000	5182.000	5165.500	5178.500	70037	223486	500
2022.08.22	15:00:00	5178.500	5180.000	5167.000	5168.000	65268	215430	500
2022.08.22	16:00:00	5168.500	5183.000	5166.000	5179.000	54166	188846	500
2022.08.22	17:00:00	5179.000	5189.500	5170.500	5172.500	38137	132824	500
2022.08.23	09:00:00	5144.500	5166.000	5142.000	5160.500	206523	607875	500
2022.08.23	10:00:00	5160.500	5165.500	5112.000	5117.000	267790	859165	500
2022.08.23	11:00:00	5117.500	5117.500	5093.500	5104.500	172312	580474	500
2022.08.23	12:00:00	5104.500	5104.500	5083.500	5095.000	97373	355889	500
2022.08.23	13:00:00	5095.000	5100.000	5090.500	5098.000	38355	144250	500
2022.08.23	14:00:00	5098.500	5114.000	5093.000	5113.500	78695	269833	500
2022.08.23	15:00:00	5113.500	5123.500	5108.000	5117.500	78022	273299	500
2022.08.23	16:00:00	5117.500	5118.000	5107.000	5111.000	49477	171190	500
2022.08.23	17:00:00	5110.500	5127.500	5109.500	5117.500	40719	157292	500
2022.08.24	09:00:00	5122.000	5128.000	5092.500	5122.000	263607	803054	500
2022.08.24	10:00:00	5121.500	5134.000	5114.000	5129.000	210622	638529	500
2022.08.24	11:00:00	5128.500	5129.000	5097.000	5115.000	211291	693691	500
2022.08.24	12:00:00	5115.000	5117.500	5098.500	5105.500	98659	341199	500
2022.08.24	13:00:00	5105.000	5125.000	5099.000	5120.500	76504	262134	500
2022.08.24	14:00:00	5120.500	5131.000	5117.500	5125.000	66693	214502	500
2022.08.24	15:00:00	5124.500	5129.500	5118.000	5121.500	63369	213368	500
2022.08.24	16:00:00	5121.500	5124.000	5113.500	5119.500	42419	142616	500
2022.08.24	17:00:00	5119.500	5124.000	5115.000	5123.500	27487	102019	500
2022.08.25	09:00:00	5101.000	5146.000	5095.000	5138.000	223679	690662	500
2022.08.25	10:00:00	5137.500	5152.000	5124.500	5126.500	211328	683043	500
2022.08.25	11:00:00	5126.500	5136.000	5100.000	5110.000	196139	658354	500
2022.08.25	12:00:00	5110.000	5138.500	5110.000	5125.500	124939	454386	500
2022.08.25	13:00:00	5126.000	5137.000	5123.500	5128.500	69556	227105	500
2022.08.25	14:00:00	5129.000	5131.000	5112.500	5121.000	88338	286185	500
2022.08.25	15:00:00	5120.500	5135.500	5119.000	5130.000	70913	230960	500
2022.08.25	16:00:00	5130.000	5137.500	5117.000	5119.000	47935	157951	500
2022.08.25	17:00:00	5119.000	5124.500	5114.000	5119.000	30565	103338	500
2022.08.26	09:00:00	5118.000	5124.500	5086.500	5087.000	248353	713332	500
2022.08.26	10:00:00	5086.500	5103.500	5074.000	5102.500	224176	693401	500
2022.08.26	11:00:00	5102.000	5117.500	5066.500	5086.500	339506	1096962	500
2022.08.26	12:00:00	5086.000	5123.000	5078.000	5088.500	143536	518165	500
2022.08.26	13:00:00	5088.000	5101.000	5088.000	5091.500	68642	240596	500
2022.08.26	14:00:00	5092.000	5112.000	5089.500	5098.000	62416	219490	500
2022.08.26	15:00:00	5097.500	5098.500	5061.000	5074.000	95623	361238	500
2022.08.26	16:00:00	5074.500	5086.500	5072.500	5084.500	55324	209585	500
2022.08.26	17:00:00	5085.000	5085.000	5067.000	5070.500	30184	110455	500
2022.08.29	09:00:00	5086.000	5096.000	5052.500	5060.000	228279	744601	500
2022.08.29	10:00:00	5060.000	5083.000	5053.000	5067.000	245410	825940	500
2022.08.29	11:00:00	5066.500	5068.500	5043.500	5049.000	188658	668402	500
2022.08.29	12:00:00	5049.000	5051.500	5030.500	5033.000	116268	420734	500
2022.08.29	13:00:00	5033.000	5033.500	5020.500	5028.500	69745	264040	500
2022.08.29	14:00:00	5028.500	5035.500	5014.000	5019.500	90278	336485	500
2022.08.29	15:00:00	5019.500	5030.000	5015.000	5022.500	81307	290195	500
2022.08.29	16:00:00	5023.000	5037.500	5020.500	5037.000	59775	232584	500
2022.08.29	17:00:00	5037.000	5038.000	5028.500	5032.000	33668	137310	500
2022.08.30	09:00:00	5017.500	5050.500	5012.000	5037.000	240806	771646	500
2022.08.30	10:00:00	5037.500	5070.500	5027.500	5066.500	232415	761087	500
2022.08.30	11:00:00	5066.500	5080.000	5061.000	5064.000	169217	589910	500
2022.08.30	12:00:00	5064.500	5080.500	5062.500	5078.500	112312	396606	500
2022.08.30	13:00:00	5079.000	5097.500	5076.500	5093.000	93531	352136	500
2022.08.30	14:00:00	5093.000	5123.000	5091.500	5116.000	123959	506838	500
2022.08.30	15:00:00	5115.500	5120.500	5103.500	5110.000	87394	333939	500
2022.08.30	16:00:00	5110.000	5116.500	5104.000	5115.000	55279	198891	500
2022.08.30	17:00:00	5115.000	5128.000	5111.000	5126.500	33589	138299	500
2022.08.31	09:00:00	5170.000	5218.500	5169.000	5195.000	245187	754324	500
2022.08.31	10:00:00	5195.000	5238.500	5193.500	5217.000	248220	838607	500
2022.08.31	11:00:00	5216.500	5242.000	5204.000	5222.500	207273	742490	500
2022.08.31	12:00:00	5222.500	5234.000	5213.500	5228.500	134032	535742	500
2022.08.31	13:00:00	5228.500	5236.000	5208.000	5231.000	92861	357378	500
2022.08.31	14:00:00	5231.500	5244.500	5224.500	5233.500	78948	293345	500
2022.08.31	15:00:00	5233.500	5253.000	5230.000	5246.500	81212	304264	500
2022.08.31	16:00:00	5246.000	5251.500	5237.000	5242.500	67752	243628	500
2022.08.31	17:00:00	5242.000	5247.000	5223.000	5227.500	42264	148103	500
2022.09.01	09:00:00	5245.000	5262.500	5217.000	5235.000	298333	868936	500
2022.09.01	10:00:00	5234.500	5237.500	5185.500	5213.500	254142	836693	500
2022.09.01	11:00:00	5213.500	5266.000	5213.000	5253.500	241515	857061	500
2022.09.01	12:00:00	5253.500	5273.000	5241.500	5264.500	132068	475706	500
2022.09.01	13:00:00	5264.000	5274.000	5252.000	5273.500	82168	283376	500
2022.09.01	14:00:00	5274.000	5296.000	5272.500	5290.500	121508	437705	500
2022.09.01	15:00:00	5290.500	5293.000	5261.000	5274.000	113245	371047	500
2022.09.01	16:00:00	5274.000	5279.500	5266.500	5276.500	60912	217473	500
2022.09.01	17:00:00	5277.000	5282.500	5264.500	5282.000	41966	152045	500
2022.09.02	09:00:00	5261.000	5272.500	5209.500	5228.500	330567	944469	500
2022.09.02	10:00:00	5229.000	5249.500	5214.000	5246.000	237945	677939	500
2022.09.02	11:00:00	5246.000	5249.500	5213.000	5215.000	194848	645146	500
2022.09.02	12:00:00	5215.000	5226.500	5207.500	5209.500	102078	363002	500
2022.09.02	13:00:00	5210.000	5241.500	5202.000	5240.500	122563	409308	500
2022.09.02	14:00:00	5241.000	5247.500	5224.000	5234.000	108714	343350	500
2022.09.02	15:00:00	5233.500	5234.000	5194.000	5205.000	99923	328617	500
2022.09.02	16:00:00	5205.000	5227.000	5201.000	5222.000	66002	220499	500
2022.09.02	17:00:00	5221.500	5223.000	5199.000	5205.000	34065	125229	500
2022.09.05	09:00:00	5218.000	5226.000	5201.500	5216.500	196748	516867	500
2022.09.05	10:00:00	5216.500	5223.500	5197.000	5204.500	194121	540206	500
2022.09.05	11:00:00	5205.000	5216.000	5198.500	5207.000	121594	361978	500
2022.09.05	12:00:00	5207.000	5212.000	5192.500	5200.000	87142	287832	500
2022.09.05	13:00:00	5200.000	5204.500	5193.000	5196.500	51819	157063	500
2022.09.05	14:00:00	5196.000	5198.000	5186.000	5193.500	56620	181713	500
2022.09.05	15:00:00	5194.000	5195.000	5189.000	5193.000	27250	87573	500
2022.09.05	16:00:00	5193.000	5194.500	5186.500	5188.500	23522	76843	500
2022.09.05	17:00:00	5188.500	5192.000	5186.500	5191.000	19132	68007	500
2022.09.06	09:00:00	5202.000	5235.500	5197.500	5232.500	263402	723357	500
2022.09.06	10:00:00	5232.500	5268.500	5227.000	5261.000	218057	638635	500
2022.09.06	11:00:00	5261.500	5275.500	5253.000	5262.000	194852	646221	500
2022.09.06	12:00:00	5261.500	5274.500	5251.500	5263.500	118979	407074	500
2022.09.06	13:00:00	5264.000	5270.500	5260.500	5269.500	57997	177237	500
2022.09.06	14:00:00	5270.000	5284.000	5269.000	5280.000	94390	336613	500
2022.09.06	15:00:00	5279.500	5280.500	5263.000	5271.500	82923	281863	500
2022.09.06	16:00:00	5272.000	5278.500	5268.500	5272.000	48189	162936	500
2022.09.06	17:00:00	5272.500	5287.000	5271.000	5283.000	27698	110526	500
2022.09.08	09:00:00	5242.000	5253.000	5210.500	5249.000	332322	888352	500
2022.09.08	10:00:00	5249.000	5267.500	5221.500	5238.000	322666	957248	500
2022.09.08	11:00:00	5238.000	5255.000	5227.000	5254.000	186032	560006	500
2022.09.08	12:00:00	5254.000	5260.500	5240.500	5255.000	103668	344690	500
2022.09.08	13:00:00	5254.500	5267.000	5248.500	5255.500	90820	296082	500
2022.09.08	14:00:00	5256.000	5270.500	5246.000	5256.500	110598	358088	500
2022.09.08	15:00:00	5256.500	5257.000	5233.500	5238.500	103197	355142	500
2022.09.08	16:00:00	5238.500	5246.000	5232.000	5237.000	60154	218079	500
2022.09.08	17:00:00	5237.000	5248.500	5233.500	5248.000	29501	120112	500
2022.09.09	09:00:00	5212.000	5226.500	5207.000	5213.500	197337	538060	500
2022.09.09	10:00:00	5213.000	5233.000	5198.000	5200.000	256520	733801	500
2022.09.09	11:00:00	5199.500	5207.500	5171.500	5178.500	186164	581821	500
2022.09.09	12:00:00	5178.500	5189.000	5177.000	5183.500	74487	244835	500
2022.09.09	13:00:00	5184.000	5191.500	5175.500	5185.000	67396	209852	500
2022.09.09	14:00:00	5184.500	5190.500	5182.500	5188.000	45998	155623	500
2022.09.09	15:00:00	5188.000	5192.500	5179.000	5185.000	49658	160562	500
2022.09.09	16:00:00	5185.000	5186.000	5173.500	5175.500	39638	142578	500
2022.09.09	17:00:00	5175.000	5180.000	5174.500	5177.000	21866	76369	500
2022.09.12	09:00:00	5143.000	5164.000	5139.000	5162.500	180709	560411	500
2022.09.12	10:00:00	5162.000	5165.500	5141.500	5148.000	235639	725690	500
2022.09.12	11:00:00	5148.500	5160.500	5145.500	5150.500	117838	381821	500
2022.09.12	12:00:00	5150.500	5155.000	5133.000	5138.000	91570	315867	500
2022.09.12	13:00:00	5138.000	5147.000	5136.000	5138.000	71135	227670	500
2022.09.12	14:00:00	5137.500	5141.000	5123.000	5123.000	84853	277761	500
2022.09.12	15:00:00	5123.000	5128.000	5110.500	5113.000	100500	365034	500
2022.09.12	16:00:00	5113.500	5128.500	5110.500	5124.500	57326	194046	500
2022.09.12	17:00:00	5124.000	5125.000	5113.000	5120.000	30995	114619	500
2022.09.13	09:00:00	5111.000	5230.000	5103.000	5225.000	365262	1127142	500
2022.09.13	10:00:00	5225.000	5233.500	5186.500	5196.500	284901	924039	500
2022.09.13	11:00:00	5196.500	5207.000	5172.000	5189.000	225380	794964	500
2022.09.13	12:00:00	5189.000	5213.500	5181.000	5211.000	119706	421940	500
2022.09.13	13:00:00	5211.000	5215.000	5193.000	5195.500	79688	278495	500
2022.09.13	14:00:00	5195.000	5207.500	5187.000	5202.000	88769	304810	500
2022.09.13	15:00:00	5202.000	5220.500	5196.500	5212.500	84492	307084	500
2022.09.13	16:00:00	5213.000	5219.500	5209.500	5214.000	48414	177601	500
2022.09.13	17:00:00	5214.000	5220.000	5205.500	5213.500	25840	96649	500
2022.09.14	09:00:00	5212.500	5215.500	5173.500	5186.000	272945	747233	500
2022.09.14	10:00:00	5186.000	5222.000	5184.500	5207.500	247003	736891	500
2022.09.14	11:00:00	5208.000	5212.500	5186.000	5196.500	174252	549592	500
2022.09.14	12:00:00	5196.000	5202.500	5183.000	5201.000	99039	314645	500
2022.09.14	13:00:00	5201.000	5208.000	5195.000	5203.000	68952	240948	500
2022.09.14	14:00:00	5203.500	5207.000	5197.500	5199.500	46742	184155	500
2022.09.14	15:00:00	5200.000	5213.000	5195.000	5202.500	68823	254030	500
2022.09.14	16:00:00	5203.000	5208.000	5197.500	5199.500	45102	175368	500
2022.09.14	17:00:00	5200.000	5202.500	5184.500	5187.500	23746	91317	500
2022.09.15	09:00:00	5199.500	5230.500	5198.500	5223.500	238546	676806	500
2022.09.15	10:00:00	5223.000	5241.500	5215.000	5229.500	226200	674764	500
2022.09.15	11:00:00	5230.000	5254.000	5224.000	5251.000	151255	494112	500
2022.09.15	12:00:00	5250.500	5259.500	5247.500	5256.500	86013	298552	500
2022.09.15	13:00:00	5256.500	5264.000	5250.000	5253.000	66271	250791	500
2022.09.15	14:00:00	5253.000	5263.500	5246.000	5261.500	68180	259283	500
2022.09.15	15:00:00	5261.500	5265.500	5251.000	5263.000	65425	254317	500
2022.09.15	16:00:00	5262.500	5266.500	5257.500	5260.000	49070	179605	500
2022.09.15	17:00:00	5260.500	5271.500	5259.000	5266.500	27716	115581	500
2022.09.16	09:00:00	5270.000	5304.500	5267.000	5302.500	179891	545272	500
2022.09.16	10:00:00	5302.000	5329.000	5299.000	5328.000	190052	621970	500
2022.09.16	11:00:00	5328.500	5328.500	5279.000	5291.000	231977	830795	500
2022.09.16	12:00:00	5291.500	5316.000	5286.000	5306.000	122008	451430	500
2022.09.16	13:00:00	5306.500	5319.500	5304.500	5306.500	71341	241181	500
2022.09.16	14:00:00	5307.000	5312.000	5296.000	5300.000	56703	187748	500
2022.09.16	15:00:00	5300.000	5303.500	5275.000	5277.000	78992	285248	500
2022.09.16	16:00:00	5277.000	5281.500	5270.500	5278.500	60491	205776	500
2022.09.16	17:00:00	5278.000	5279.000	5267.000	5272.000	21495	93124	500
2022.09.19	09:00:00	5312.000	5319.000	5291.000	5297.000	180102	531114	500
2022.09.19	10:00:00	5296.500	5311.000	5284.500	5290.500	210555	592908	500
2022.09.19	11:00:00	5290.500	5295.000	5234.500	5237.000	221822	728973	500
2022.09.19	12:00:00	5237.000	5237.500	5192.500	5193.500	162395	604302	500
2022.09.19	13:00:00	5193.000	5201.500	5161.000	5170.000	120218	482742	500
2022.09.19	14:00:00	5170.000	5187.500	5158.000	5186.500	92950	360696	500
2022.09.19	15:00:00	5186.000	5195.000	5183.000	5187.500	63624	240822	500
2022.09.19	16:00:00	5187.500	5188.000	5175.500	5182.000	59144	205080	500
2022.09.19	17:00:00	5182.000	5188.500	5173.500	5188.000	36809	145441	500
2022.09.20	09:00:00	5225.000	5237.000	5208.000	5229.000	261230	764772	500
2022.09.20	10:00:00	5229.000	5229.000	5184.500	5202.500	288676	900895	500
2022.09.20	11:00:00	5202.500	5209.000	5174.500	5180.500	177927	595893	500
2022.09.20	12:00:00	5180.500	5185.500	5158.500	5165.500	125216	456185	500
2022.09.20	13:00:00	5165.500	5184.500	5154.500	5171.500	104007	346517	500
2022.09.20	14:00:00	5171.500	5186.000	5170.500	5174.500	85478	293459	500
2022.09.20	15:00:00	5174.000	5175.500	5155.500	5159.000	103907	340260	500
2022.09.20	16:00:00	5159.000	5177.000	5156.000	5167.000	67920	222539	500
2022.09.20	17:00:00	5167.000	5169.000	5155.000	5157.000	33840	132642	500
2022.09.21	09:00:00	5154.500	5170.500	5131.000	5168.500	256932	755837	500
2022.09.21	10:00:00	5169.000	5183.000	5137.000	5182.000	245902	762032	500
2022.09.21	11:00:00	5182.000	5195.000	5173.000	5193.000	158608	549552	500
2022.09.21	12:00:00	5193.000	5197.000	5186.500	5192.500	81525	311141	500
2022.09.21	13:00:00	5193.000	5199.000	5190.000	5195.000	48528	188972	500
2022.09.21	14:00:00	5195.500	5201.000	5175.000	5185.500	82252	290222	500
2022.09.21	15:00:00	5186.500	5206.000	5133.500	5146.500	421314	1204346	500
2022.09.21	16:00:00	5146.500	5187.500	5138.500	5184.500	156510	483296	500
2022.09.21	17:00:00	5184.500	5190.000	5176.000	5182.000	38159	140779	500
2022.09.22	09:00:00	5140.500	5168.500	5132.500	5160.000	269362	776298	500
2022.09.22	10:00:00	5159.500	5192.500	5154.500	5187.000	218822	731922	500
2022.09.22	11:00:00	5187.000	5194.500	5178.000	5192.500	149679	541497	500
2022.09.22	12:00:00	5192.000	5196.000	5178.500	5184.000	103789	395158	500
2022.09.22	13:00:00	5183.500	5188.000	5162.500	5170.000	96751	333455	500
2022.09.22	14:00:00	5169.500	5173.000	5138.500	5144.500	104892	351355	500
2022.09.22	15:00:00	5144.500	5150.000	5129.500	5132.500	94378	329576	500
2022.09.22	16:00:00	5133.000	5133.000	5116.000	5124.500	79828	301482	500
2022.09.22	17:00:00	5124.500	5127.000	5116.000	5126.500	25238	98621	500
2022.09.23	09:00:00	5179.000	5219.000	5177.000	5215.000	213551	688321	500
2022.09.23	10:00:00	5215.000	5234.500	5193.000	5233.000	244055	762256	500
2022.09.23	11:00:00	5233.500	5247.000	5231.000	5246.000	156109	576823	500
2022.09.23	12:00:00	5246.000	5250.000	5238.500	5245.500	81208	319162	500
2022.09.23	13:00:00	5245.500	5261.500	5239.000	5244.000	97702	372632	500
2022.09.23	14:00:00	5244.500	5254.500	5238.000	5248.500	78277	246115	500
2022.09.23	15:00:00	5249.000	5273.000	5246.000	5270.000	95463	301961	500
2022.09.23	16:00:00	5270.000	5271.000	5256.000	5257.000	66916	217240	500
2022.09.23	17:00:00	5257.000	5276.000	5256.500	5269.000	41152	146534	500
2022.09.26	09:00:00	5300.000	5349.500	5300.000	5330.500	294764	923843	500
2022.09.26	10:00:00	5330.000	5347.500	5315.500	5341.500	269834	815838	500
2022.09.26	11:00:00	5341.500	5365.000	5330.000	5364.000	189940	627499	500
2022.09.26	12:00:00	5364.000	5400.000	5361.000	5398.500	162516	620050	500
2022.09.26	13:00:00	5398.500	5422.000	5391.500	5403.500	128180	507375	500
2022.09.26	14:00:00	5403.500	5424.000	5403.000	5413.000	102520	379041	500
2022.09.26	15:00:00	5413.000	5413.500	5388.500	5398.500	142516	523292	500
2022.09.26	16:00:00	5398.500	5399.500	5373.000	5385.500	114016	398963	500
2022.09.26	17:00:00	5386.000	5406.000	5384.000	5397.000	49699	169019	500
2022.09.26	18:00:00	5398.500	5399.500	5398.500	5399.500	5	25	500
2022.09.27	09:00:00	5353.000	5353.500	5301.500	5321.500	265363	818314	500
2022.09.27	10:00:00	5321.500	5371.500	5313.000	5362.000	303367	940564	500
2022.09.27	11:00:00	5361.500	5387.500	5351.500	5355.000	216280	710326	500
2022.09.27	12:00:00	5355.000	5372.500	5350.000	5365.500	126296	438615	500
2022.09.27	13:00:00	5365.500	5383.000	5364.500	5371.500	101275	335196	500
2022.09.27	14:00:00	5372.000	5392.000	5365.500	5368.000	116185	372472	500
2022.09.27	15:00:00	5368.000	5383.500	5358.500	5364.500	94605	300201	500
2022.09.27	16:00:00	5364.000	5390.000	5364.000	5382.000	72214	223518	500
2022.09.27	17:00:00	5382.500	5390.500	5380.000	5385.000	28134	96376	500
2022.09.28	09:00:00	5414.000	5426.500	5368.000	5380.000	310664	939531	500
2022.09.28	10:00:00	5380.000	5381.500	5340.500	5357.500	294782	928137	500
2022.09.28	11:00:00	5357.000	5370.000	5343.000	5365.500	185282	626049	500
2022.09.28	12:00:00	5365.500	5394.000	5352.500	5366.500	164232	575777	500
2022.09.28	13:00:00	5366.000	5366.500	5335.500	5340.000	126084	432973	500
2022.09.28	14:00:00	5340.000	5344.000	5325.500	5334.500	104077	344787	500
2022.09.28	15:00:00	5335.000	5368.500	5330.500	5346.000	116678	414630	500
2022.09.28	16:00:00	5346.000	5352.500	5341.000	5351.000	57715	188363	500
2022.09.28	17:00:00	5351.000	5379.000	5350.500	5379.000	38305	175917	500
2022.09.29	09:00:00	5392.000	5424.500	5386.000	5399.500	282419	819680	500
2022.09.29	10:00:00	5399.000	5409.500	5375.500	5399.500	256831	805531	500
2022.09.29	11:00:00	5399.500	5432.000	5396.000	5405.000	218860	740447	500
2022.09.29	12:00:00	5404.500	5409.500	5384.000	5396.000	134851	433171	500
2022.09.29	13:00:00	5396.000	5402.000	5384.500	5400.000	82770	280698	500
2022.09.29	14:00:00	5399.500	5405.000	5387.500	5398.000	77362	271299	500
2022.09.29	15:00:00	5398.000	5414.500	5391.500	5403.000	83660	275348	500
2022.09.29	16:00:00	5402.500	5409.000	5388.500	5395.500	61487	197344	500
2022.09.29	17:00:00	5396.000	5407.500	5395.500	5399.500	27555	99667	500
2022.09.30	09:00:00	5428.500	5452.000	5415.000	5430.500	205330	587908	500
2022.09.30	10:00:00	5430.500	5459.000	5424.000	5436.000	200602	595994	500
2022.09.30	11:00:00	5436.000	5456.000	5431.000	5445.500	153200	489061	500
2022.09.30	12:00:00	5445.500	5452.000	5425.500	5439.500	110387	409760	500
2022.09.30	13:00:00	5439.000	5465.500	5439.000	5447.500	74768	251121	500
2022.09.30	14:00:00	5447.500	5455.000	5367.000	5393.500	167118	611001	500
2022.09.30	15:00:00	5394.000	5415.000	5389.000	5401.000	105163	343529	500
2022.09.30	16:00:00	5401.000	5436.000	5397.500	5431.500	76911	277644	500
2022.09.30	17:00:00	5431.500	5455.500	5424.500	5447.000	45422	154122	500
2022.10.03	09:00:00	5300.000	5347.500	5283.000	5299.500	255376	836295	500
2022.10.03	10:00:00	5299.500	5300.500	5250.500	5261.000	254646	798223	500
2022.10.03	11:00:00	5260.500	5260.500	5217.500	5219.000	207212	676684	500
2022.10.03	12:00:00	5219.500	5222.500	5196.500	5217.000	147786	531920	500
2022.10.03	13:00:00	5217.000	5218.000	5188.500	5195.500	111711	377754	500
2022.10.03	14:00:00	5195.500	5208.500	5193.000	5206.500	85543	276326	500
2022.10.03	15:00:00	5207.000	5210.500	5190.500	5204.000	91890	300554	500
2022.10.03	16:00:00	5203.500	5221.000	5203.000	5212.000	71127	241792	500
2022.10.03	17:00:00	5212.000	5214.500	5193.500	5205.000	44768	158542	500
2022.10.04	09:00:00	5180.000	5180.000	5144.000	5168.500	278441	864047	500
2022.10.04	10:00:00	5168.500	5206.500	5163.000	5201.500	235505	728659	500
2022.10.04	11:00:00	5201.000	5204.000	5169.500	5174.500	241862	825984	500
2022.10.04	12:00:00	5175.000	5199.000	5166.000	5184.500	122131	399057	500
2022.10.04	13:00:00	5185.000	5205.500	5172.500	5204.500	99996	334560	500
2022.10.04	14:00:00	5204.500	5254.000	5201.000	5218.000	155313	524008	500
2022.10.04	15:00:00	5217.500	5228.500	5189.500	5193.000	111635	371842	500
2022.10.04	16:00:00	5193.000	5215.500	5189.000	5199.000	88014	295941	500
2022.10.04	17:00:00	5199.000	5216.000	5196.000	5207.500	28047	97216	500
2022.10.05	09:00:00	5248.500	5259.000	5213.000	5237.500	252825	698874	500
2022.10.05	10:00:00	5237.000	5250.000	5216.000	5225.500	230658	661555	500
2022.10.05	11:00:00	5226.500	5274.000	5226.000	5265.000	229076	685653	500
2022.10.05	12:00:00	5265.000	5266.500	5237.500	5251.000	107123	336996	500
2022.10.05	13:00:00	5251.000	5252.500	5228.500	5238.500	99045	313766	500
2022.10.05	14:00:00	5238.500	5246.000	5216.000	5234.000	108275	339292	500
2022.10.05	15:00:00	5234.000	5235.500	5191.500	5200.500	114887	374608	500
2022.10.05	16:00:00	5200.000	5220.000	5196.500	5218.500	59074	193653	500
2022.10.05	17:00:00	5219.000	5234.500	5209.500	5224.000	46386	175855	500
2022.10.06	09:00:00	5225.500	5238.000	5202.000	5213.000	244964	665823	500
2022.10.06	10:00:00	5213.000	5242.500	5204.500	5227.500	286902	817519	500
2022.10.06	11:00:00	5228.000	5246.000	5206.000	5213.000	218945	687734	500
2022.10.06	12:00:00	5213.000	5234.500	5212.500	5232.000	119232	387495	500
2022.10.06	13:00:00	5232.500	5242.000	5219.000	5220.000	92724	287019	500
2022.10.06	14:00:00	5220.000	5238.500	5219.000	5223.500	82972	276893	500
2022.10.06	15:00:00	5223.000	5234.500	5216.500	5231.000	88705	296569	500
2022.10.06	16:00:00	5230.500	5236.500	5225.500	5235.500	51208	184039	500
2022.10.06	17:00:00	5235.500	5258.500	5232.500	5249.000	34467	130773	500
2022.10.07	09:00:00	5234.500	5277.000	5230.000	5253.000	285360	763526	500
2022.10.07	10:00:00	5252.500	5270.000	5234.000	5240.000	264780	748921	500
2022.10.07	11:00:00	5239.500	5252.500	5218.500	5238.000	182513	552954	500
2022.10.07	12:00:00	5237.500	5254.000	5233.500	5240.000	100784	307891	500
2022.10.07	13:00:00	5240.500	5251.500	5221.500	5229.500	73625	243075	500
2022.10.07	14:00:00	5230.000	5237.000	5222.500	5231.000	66461	220394	500
2022.10.07	15:00:00	5230.500	5243.500	5224.500	5235.000	65167	218858	500
2022.10.07	16:00:00	5235.000	5250.000	5233.000	5238.500	51231	170938	500
2022.10.07	17:00:00	5238.500	5239.500	5224.500	5226.500	30565	109190	500
2022.10.10	09:00:00	5215.000	5230.500	5187.500	5198.000	224322	657010	500
2022.10.10	10:00:00	5197.500	5223.500	5195.000	5214.000	206860	581028	500
2022.10.10	11:00:00	5214.500	5237.500	5199.000	5232.000	176235	537721	500
2022.10.10	12:00:00	5232.000	5241.500	5216.000	5219.500	99333	301997	500
2022.10.10	13:00:00	5219.500	5235.500	5218.500	5230.000	63945	194377	500
2022.10.10	14:00:00	5230.000	5238.000	5212.000	5214.500	89319	274787	500
2022.10.10	15:00:00	5214.500	5218.500	5206.500	5207.000	84263	270675	500
2022.10.10	16:00:00	5207.000	5216.000	5202.000	5215.000	56631	166263	500
2022.10.10	17:00:00	5215.000	5219.000	5209.000	5209.500	28729	98610	500
2022.10.11	09:00:00	5205.000	5237.500	5202.000	5228.000	213530	609473	500
2022.10.11	10:00:00	5227.500	5235.000	5215.000	5232.000	206630	587202	500
2022.10.11	11:00:00	5232.000	5251.000	5231.000	5239.000	172209	531145	500
2022.10.11	12:00:00	5239.000	5248.000	5225.000	5233.500	113765	369707	500
2022.10.11	13:00:00	5233.000	5241.000	5217.000	5226.500	84545	275200	500
2022.10.11	14:00:00	5227.000	5238.500	5224.500	5234.500	77652	238922	500
2022.10.11	15:00:00	5234.500	5305.000	5233.000	5295.500	147234	533075	500
2022.10.11	16:00:00	5296.000	5302.500	5288.000	5294.500	85236	310552	500
2022.10.11	17:00:00	5294.000	5327.500	5292.500	5316.000	63896	249825	500
2022.10.13	09:00:00	5280.000	5403.000	5256.000	5365.500	332107	995488	500
2022.10.13	10:00:00	5365.500	5381.000	5315.500	5323.500	284257	845157	500
2022.10.13	11:00:00	5324.000	5353.000	5300.500	5318.500	207899	665791	500
2022.10.13	12:00:00	5318.500	5326.000	5278.000	5300.000	203670	614121	500
2022.10.13	13:00:00	5300.000	5304.000	5273.500	5280.000	109064	328074	500
2022.10.13	14:00:00	5280.000	5280.500	5250.500	5253.500	105539	319208	500
2022.10.13	15:00:00	5253.500	5280.500	5251.000	5278.000	77754	258355	500
2022.10.13	16:00:00	5278.500	5304.000	5278.000	5292.500	76989	252234	500
2022.10.13	17:00:00	5293.000	5300.000	5280.000	5281.000	37409	126669	500
2022.10.14	09:00:00	5297.000	5314.500	5270.500	5279.500	306415	874513	500
2022.10.14	10:00:00	5279.500	5317.000	5259.500	5309.000	281164	859476	500
2022.10.14	11:00:00	5309.000	5331.500	5303.000	5308.500	209988	660657	500
2022.10.14	12:00:00	5308.500	5330.000	5305.000	5318.000	105903	329986	500
2022.10.14	13:00:00	5318.000	5335.000	5310.500	5328.000	88461	279580	500
2022.10.14	14:00:00	5328.000	5341.000	5324.000	5337.000	74698	231590	500
2022.10.14	15:00:00	5336.500	5351.000	5336.500	5345.000	71136	223959	500
2022.10.14	16:00:00	5344.500	5353.000	5336.000	5341.500	56893	199305	500
2022.10.14	17:00:00	5342.000	5350.000	5338.500	5340.500	24345	83450	500
2022.10.17	09:00:00	5290.000	5317.000	5286.500	5298.000	192671	559129	500
2022.10.17	10:00:00	5298.500	5300.500	5269.500	5296.000	226821	687436	500
2022.10.17	11:00:00	5296.000	5306.500	5282.500	5287.000	190504	583618	500
2022.10.17	12:00:00	5287.500	5288.000	5270.000	5277.500	103857	314858	500
2022.10.17	13:00:00	5277.500	5291.500	5276.500	5290.000	59457	183185	500
2022.10.17	14:00:00	5290.500	5306.500	5290.000	5306.000	77192	241857	500
2022.10.17	15:00:00	5306.500	5314.000	5301.500	5304.500	65797	207023	500
2022.10.17	16:00:00	5304.500	5319.500	5304.000	5317.000	59201	201007	500
2022.10.17	17:00:00	5316.500	5319.000	5290.000	5299.500	40289	129461	500
2022.10.18	09:00:00	5286.500	5295.000	5264.000	5277.500	209949	623936	500
2022.10.18	10:00:00	5277.500	5293.500	5254.000	5274.000	231842	700835	500
2022.10.18	11:00:00	5274.500	5304.000	5270.500	5278.500	191464	629729	500
2022.10.18	12:00:00	5278.500	5312.000	5275.500	5304.500	131688	433111	500
2022.10.18	13:00:00	5304.500	5312.000	5285.000	5290.000	94115	284948	500
2022.10.18	14:00:00	5290.000	5303.500	5278.500	5284.000	102859	326852	500
2022.10.18	15:00:00	5284.000	5291.000	5270.000	5276.000	96629	318256	500
2022.10.18	16:00:00	5276.000	5282.000	5262.000	5267.500	74443	231818	500
2022.10.18	17:00:00	5267.500	5268.500	5246.500	5252.500	41643	145135	500
2022.10.19	09:00:00	5290.000	5311.500	5282.500	5290.500	224364	627463	500
2022.10.19	10:00:00	5290.500	5303.000	5279.500	5293.000	224053	667688	500
2022.10.19	11:00:00	5293.500	5297.500	5267.000	5291.000	181598	590035	500
2022.10.19	12:00:00	5291.500	5303.000	5288.000	5294.500	109597	363927	500
2022.10.19	13:00:00	5295.000	5307.500	5293.000	5299.500	82085	271775	500
2022.10.19	14:00:00	5299.000	5308.000	5290.500	5294.500	80887	251836	500
2022.10.19	15:00:00	5294.500	5296.500	5281.000	5291.000	81479	277592	500
2022.10.19	16:00:00	5291.000	5292.500	5279.500	5286.500	56160	206824	500
2022.10.19	17:00:00	5286.500	5296.000	5282.000	5282.000	31454	108562	500
2022.10.20	09:00:00	5261.000	5269.000	5222.500	5268.500	311859	923832	500
2022.10.20	10:00:00	5268.500	5268.500	5236.500	5244.000	203293	602010	500
2022.10.20	11:00:00	5244.500	5245.500	5204.000	5215.000	187440	636042	500
2022.10.20	12:00:00	5215.000	5224.000	5210.500	5217.500	88231	318082	500
2022.10.20	13:00:00	5217.000	5229.500	5215.500	5218.000	71802	231097	500
2022.10.20	14:00:00	5218.500	5232.500	5215.000	5217.500	81158	272283	500
2022.10.20	15:00:00	5217.000	5236.500	5216.000	5228.500	86225	312640	500
2022.10.20	16:00:00	5228.000	5237.000	5225.500	5229.000	46904	156785	500
2022.10.20	17:00:00	5229.000	5231.500	5221.500	5227.500	32129	118221	500
2022.10.21	09:00:00	5247.000	5286.000	5238.500	5265.000	239656	717345	500
2022.10.21	10:00:00	5265.500	5265.500	5201.000	5203.000	400615	1186921	500
2022.10.21	11:00:00	5203.000	5230.000	5180.500	5194.500	249519	817018	500
2022.10.21	12:00:00	5194.500	5222.500	5183.000	5185.000	170358	509666	500
2022.10.21	13:00:00	5185.000	5194.500	5170.000	5187.000	129541	406152	500
2022.10.21	14:00:00	5187.500	5190.500	5178.000	5189.000	68659	221708	500
2022.10.21	15:00:00	5189.000	5198.000	5169.000	5172.000	80918	259799	500
2022.10.21	16:00:00	5172.000	5174.500	5149.500	5158.000	85924	314732	500
2022.10.21	17:00:00	5157.500	5176.000	5153.500	5173.500	45958	190325	500
2022.10.24	09:00:00	5209.500	5258.000	5207.500	5253.500	309617	899375	500
2022.10.24	10:00:00	5254.000	5298.500	5249.500	5289.000	266051	799974	500
2022.10.24	11:00:00	5288.500	5309.500	5284.000	5292.000	190394	602255	500
2022.10.24	12:00:00	5291.500	5297.000	5268.500	5284.000	143154	493431	500
2022.10.24	13:00:00	5284.000	5304.000	5280.000	5299.500	94781	311628	500
2022.10.24	14:00:00	5300.000	5308.000	5285.500	5286.500	82231	267937	500
2022.10.24	15:00:00	5286.500	5291.500	5271.500	5288.500	110508	386978	500
2022.10.24	16:00:00	5288.000	5309.000	5283.000	5307.500	74540	249409	500
2022.10.24	17:00:00	5307.500	5316.500	5306.500	5307.500	39293	152989	500
2022.10.25	09:00:00	5298.500	5355.500	5295.000	5351.500	292546	836432	500
2022.10.25	10:00:00	5352.000	5362.500	5307.500	5308.000	301421	911712	500
2022.10.25	11:00:00	5308.500	5324.000	5302.500	5317.500	193602	625526	500
2022.10.25	12:00:00	5318.000	5319.000	5286.000	5294.500	138437	447137	500
2022.10.25	13:00:00	5295.000	5311.500	5281.000	5304.000	102306	327057	500
2022.10.25	14:00:00	5304.500	5319.500	5296.000	5316.500	108183	338507	500
2022.10.25	15:00:00	5316.000	5327.500	5310.500	5323.500	83428	286833	500
2022.10.25	16:00:00	5323.500	5330.500	5318.000	5325.500	57535	194821	500
2022.10.25	17:00:00	5325.000	5328.000	5314.000	5321.500	41270	139440	500
2022.10.26	09:00:00	5297.000	5338.000	5284.000	5327.000	282675	793594	500
2022.10.26	10:00:00	5327.500	5339.500	5310.000	5336.500	228454	653397	500
2022.10.26	11:00:00	5336.500	5342.000	5316.000	5331.500	199006	594143	500
2022.10.26	12:00:00	5331.000	5333.000	5317.000	5327.500	100941	338867	500
2022.10.26	13:00:00	5327.000	5358.000	5319.000	5355.000	97957	313946	500
2022.10.26	14:00:00	5355.000	5359.500	5343.000	5344.000	87255	292709	500
2022.10.26	15:00:00	5344.000	5375.000	5343.500	5367.500	112465	393744	500
2022.10.26	16:00:00	5367.000	5385.000	5366.500	5384.000	64488	226411	500
2022.10.26	17:00:00	5384.000	5391.000	5376.000	5389.000	42519	161160	500
2022.10.27	09:00:00	5393.500	5396.000	5328.000	5331.000	348041	922947	500
2022.10.27	10:00:00	5331.000	5340.500	5316.500	5316.500	241129	705455	500
2022.10.27	11:00:00	5317.000	5318.000	5281.500	5295.500	197360	653855	500
2022.10.27	12:00:00	5296.000	5308.000	5287.000	5288.000	114504	362960	500
2022.10.27	13:00:00	5287.500	5304.000	5283.000	5300.000	71478	220222	500
2022.10.27	14:00:00	5300.000	5302.500	5284.500	5300.000	82676	252862	500
2022.10.27	15:00:00	5300.000	5318.000	5298.500	5314.000	59156	199960	500
2022.10.27	16:00:00	5314.000	5316.500	5244.500	5305.000	144778	491226	500
2022.10.27	17:00:00	5305.500	5364.500	5304.500	5339.000	115220	327134	500
2022.10.28	09:00:00	5352.500	5384.000	5330.000	5346.000	314030	806363	500
2022.10.28	10:00:00	5345.500	5367.500	5334.500	5339.500	202715	575331	500
2022.10.28	11:00:00	5339.500	5353.500	5326.000	5338.500	160929	486628	500
2022.10.28	12:00:00	5338.000	5362.500	5327.000	5356.500	91417	304582	500
2022.10.28	13:00:00	5356.000	5363.000	5334.500	5338.500	83610	264745	500
2022.10.28	14:00:00	5338.000	5340.500	5316.000	5335.500	72550	249747	500
2022.10.28	15:00:00	5336.000	5341.000	5312.500	5313.500	62849	211908	500
2022.10.28	16:00:00	5313.000	5321.500	5301.500	5303.000	64992	227358	500
2022.10.28	17:00:00	5303.000	5307.500	5281.500	5301.500	51266	174378	500
2022.10.31	09:00:00	5434.000	5443.000	5347.500	5377.500	340033	948272	500
2022.10.31	10:00:00	5377.500	5384.000	5288.000	5297.000	244751	728318	500
2022.10.31	11:00:00	5297.000	5297.500	5238.500	5255.500	217691	712688	500
2022.10.31	12:00:00	5255.000	5294.000	5254.000	5281.000	122011	395323	500
2022.10.31	13:00:00	5281.000	5287.500	5267.500	5271.000	89170	293274	500
2022.10.31	14:00:00	5271.000	5272.000	5187.500	5201.000	172821	596031	500
2022.10.31	15:00:00	5201.500	5216.000	5185.500	5198.000	119572	409440	500
2022.10.31	16:00:00	5197.500	5216.000	5195.500	5197.500	83402	277048	500
2022.10.31	17:00:00	5198.000	5215.000	5197.000	5214.000	45086	149610	500
2022.11.01	09:00:00	5179.500	5238.500	5168.500	5185.500	300376	839569	500
2022.11.01	10:00:00	5185.500	5217.000	5180.500	5207.500	258975	705776	500
2022.11.01	11:00:00	5207.000	5229.000	5156.000	5176.500	287003	845324	500
2022.11.01	12:00:00	5177.000	5178.500	5139.000	5141.000	172145	522652	500
2022.11.01	13:00:00	5140.500	5180.000	5118.500	5166.000	172170	526935	500
2022.11.01	14:00:00	5165.500	5173.000	5130.000	5133.000	120791	362129	500
2022.11.01	15:00:00	5133.000	5147.500	5122.000	5130.000	106640	320610	500
2022.11.01	16:00:00	5130.000	5168.500	5115.000	5149.500	139816	426501	500
2022.11.01	17:00:00	5149.500	5192.000	5140.500	5170.000	71203	222487	500
2022.11.03	09:00:00	5220.000	5254.000	5153.500	5163.500	379263	1095812	500
2022.11.03	10:00:00	5163.000	5209.500	5159.000	5204.000	257972	701343	500
2022.11.03	11:00:00	5203.500	5209.000	5151.000	5158.500	222208	646017	500
2022.11.03	12:00:00	5158.000	5164.000	5115.000	5130.500	166516	534366	500
2022.11.03	13:00:00	5130.500	5146.000	5126.500	5135.500	98350	320594	500
2022.11.03	14:00:00	5135.500	5154.000	5129.000	5152.000	78180	235871	500
2022.11.03	15:00:00	5151.500	5154.500	5126.500	5144.500	93343	302519	500
2022.11.03	16:00:00	5144.500	5154.000	5138.000	5150.500	44711	151094	500
2022.11.03	17:00:00	5150.500	5155.500	5141.500	5142.000	35661	106043	500
2022.11.04	09:00:00	5090.000	5145.000	5069.500	5074.500	374012	989791	500
2022.11.04	10:00:00	5074.500	5081.000	5053.000	5074.000	237140	712712	500
2022.11.04	11:00:00	5073.500	5077.500	5051.000	5056.000	192036	590009	500
2022.11.04	12:00:00	5056.000	5078.000	5048.000	5070.500	107954	344275	500
2022.11.04	13:00:00	5071.000	5076.500	5062.500	5066.500	68680	206103	500
2022.11.04	14:00:00	5066.500	5069.000	5056.000	5063.500	59321	174984	500
2022.11.04	15:00:00	5063.000	5075.500	5044.000	5052.500	83103	278365	500
2022.11.04	16:00:00	5052.500	5079.000	5052.000	5078.500	68899	253124	500
2022.11.04	17:00:00	5078.500	5107.000	5077.000	5084.500	63105	219485	500
2022.11.07	09:00:00	5086.500	5133.500	5077.500	5105.000	250602	632348	500
2022.11.07	10:00:00	5105.000	5110.500	5071.000	5073.000	225794	605624	500
2022.11.07	11:00:00	5073.000	5136.500	5070.000	5131.000	235448	686836	500
2022.11.07	12:00:00	5130.500	5151.000	5113.000	5139.000	152622	460886	500
2022.11.07	13:00:00	5139.500	5154.000	5136.500	5145.500	74935	243348	500
2022.11.07	14:00:00	5145.500	5149.500	5135.000	5140.500	76261	238417	500
2022.11.07	15:00:00	5140.500	5149.000	5136.000	5140.500	59038	172564	500
2022.11.07	16:00:00	5140.500	5199.000	5137.500	5196.500	104135	353818	500
2022.11.07	17:00:00	5196.000	5197.000	5183.000	5185.000	47166	153460	500
2022.11.07	18:00:00	5185.000	5195.500	5177.500	5184.500	10349	33884	500
2022.11.08	09:00:00	5200.000	5270.000	5197.000	5233.000	311595	873789	500
2022.11.08	10:00:00	5233.000	5242.500	5190.500	5207.000	227735	654912	500
2022.11.08	11:00:00	5207.000	5212.500	5180.000	5190.000	185989	521872	500
2022.11.08	12:00:00	5190.000	5192.000	5164.000	5170.000	154593	460110	500
2022.11.08	13:00:00	5169.500	5175.000	5152.000	5163.500	99533	331055	500
2022.11.08	14:00:00	5164.000	5190.000	5161.500	5176.500	85293	278908	500
2022.11.08	15:00:00	5177.000	5196.000	5158.000	5172.000	129574	399805	500
2022.11.08	16:00:00	5172.500	5193.500	5162.500	5170.500	101978	318107	500
2022.11.08	17:00:00	5170.000	5177.000	5160.000	5168.500	53368	175194	500
2022.11.08	18:00:00	5169.000	5174.000	5157.500	5171.500	11103	35315	500
2022.11.09	09:00:00	5193.500	5217.500	5176.000	5176.500	263733	655323	500
2022.11.09	10:00:00	5177.000	5202.000	5176.500	5187.000	184035	495447	500
2022.11.09	11:00:00	5187.000	5209.000	5170.500	5198.000	191102	562278	500
2022.11.09	12:00:00	5198.500	5199.000	5156.500	5181.000	173178	537279	500
2022.11.09	13:00:00	5181.000	5185.000	5156.000	5170.000	96530	280933	500
2022.11.09	14:00:00	5169.500	5181.500	5164.000	5170.500	90768	278455	500
2022.11.09	15:00:00	5170.000	5195.500	5168.500	5186.000	100437	308667	500
2022.11.09	16:00:00	5185.500	5206.000	5185.000	5202.500	63325	191911	500
2022.11.09	17:00:00	5203.000	5219.000	5181.500	5217.000	74329	228540	500
2022.11.09	18:00:00	5217.000	5220.000	5204.000	5204.000	12122	45422	500
2022.11.10	09:00:00	5264.500	5365.500	5262.500	5313.500	379902	1078465	500
2022.11.10	10:00:00	5313.500	5353.500	5275.000	5315.000	335536	942992	500
2022.11.10	11:00:00	5316.000	5381.000	5299.000	5339.000	286205	920136	500
2022.11.10	12:00:00	5339.500	5369.000	5329.500	5344.500	146054	460586	500
2022.11.10	13:00:00	5345.000	5372.500	5340.000	5349.000	115906	366418	500
2022.11.10	14:00:00	5349.500	5374.000	5341.500	5362.000	94329	299855	500
2022.11.10	15:00:00	5362.000	5402.000	5344.000	5397.000	119768	409282	500
2022.11.10	16:00:00	5397.000	5435.500	5394.500	5416.500	129522	428068	500
2022.11.10	17:00:00	5417.000	5419.500	5377.000	5400.500	87805	281241	500
2022.11.10	18:00:00	5400.500	5401.000	5352.000	5369.500	20817	81957	500
2022.11.11	09:00:00	5360.000	5426.500	5339.500	5394.000	291016	759853	500
2022.11.11	10:00:00	5394.500	5398.500	5293.000	5304.500	345221	992265	500
2022.11.11	11:00:00	5304.500	5345.500	5300.500	5332.500	172376	480925	500
2022.11.11	12:00:00	5332.000	5341.000	5269.000	5291.000	174155	517866	500
2022.11.11	13:00:00	5291.000	5346.000	5285.500	5343.500	132320	399769	500
2022.11.11	14:00:00	5344.000	5385.000	5341.000	5383.500	111930	320733	500
2022.11.11	15:00:00	5383.500	5385.000	5344.500	5360.000	114317	318787	500
2022.11.11	16:00:00	5360.000	5365.500	5345.000	5349.500	62427	176071	500
2022.11.11	17:00:00	5349.500	5369.000	5341.000	5347.500	54275	147525	500
2022.11.11	18:00:00	5347.500	5379.000	5343.000	5366.000	10592	34028	500
2022.11.14	09:00:00	5359.500	5374.500	5279.000	5298.000	296114	755479	500
2022.11.14	10:00:00	5298.000	5322.500	5296.500	5306.500	194671	521959	500
2022.11.14	11:00:00	5306.500	5371.000	5290.000	5350.500	245559	672135	500
2022.11.14	12:00:00	5351.000	5359.000	5332.000	5338.500	142529	424827	500
2022.11.14	13:00:00	5338.000	5360.500	5335.000	5338.500	106707	313804	500
2022.11.14	14:00:00	5339.000	5345.500	5322.500	5331.000	94096	262814	500
2022.11.14	15:00:00	5331.000	5344.000	5327.000	5342.500	72001	221121	500
2022.11.14	16:00:00	5342.500	5353.500	5290.500	5321.500	136243	421880	500
2022.11.14	17:00:00	5321.000	5347.000	5309.000	5344.500	66353	181357	500
2022.11.14	18:00:00	5345.500	5359.500	5341.000	5357.500	12181	37400	500
2022.11.16	09:00:00	5360.000	5394.500	5336.000	5339.500	321890	799165	500
2022.11.16	10:00:00	5339.500	5365.500	5320.500	5327.000	281314	748403	500
2022.11.16	11:00:00	5327.000	5354.500	5304.500	5347.000	240673	739581	500
2022.11.16	12:00:00	5347.000	5377.000	5335.500	5358.500	196020	586178	500
2022.11.16	13:00:00	5358.500	5379.500	5355.000	5372.000	114451	347564	500
2022.11.16	14:00:00	5372.000	5377.000	5346.500	5373.500	113925	343812	500
2022.11.16	15:00:00	5373.000	5416.000	5372.500	5407.000	146215	442971	500
2022.11.16	16:00:00	5406.500	5411.000	5389.500	5399.500	85116	254727	500
2022.11.16	17:00:00	5399.500	5413.500	5395.000	5410.000	50792	138700	500
2022.11.16	18:00:00	5410.000	5427.000	5407.500	5425.000	13375	46378	500
2022.11.17	09:00:00	5514.500	5548.000	5464.500	5467.000	364457	1038341	500
2022.11.17	10:00:00	5467.500	5506.000	5466.000	5495.500	229847	639809	500
2022.11.17	11:00:00	5496.000	5504.000	5451.500	5471.000	180738	506853	500
2022.11.17	12:00:00	5471.500	5488.000	5452.000	5481.000	124280	368856	500
2022.11.17	13:00:00	5481.000	5498.500	5473.000	5476.500	106010	311754	500
2022.11.17	14:00:00	5476.000	5488.000	5462.500	5474.000	105487	331870	500
2022.11.17	15:00:00	5474.000	5476.000	5446.000	5467.500	102369	300706	500
2022.11.17	16:00:00	5468.000	5472.500	5418.500	5422.000	113272	346863	500
2022.11.17	17:00:00	5422.500	5431.500	5403.500	5423.000	99508	306121	500
2022.11.17	18:00:00	5423.000	5445.000	5416.000	5442.000	16594	59843	500
2022.11.18	09:00:00	5401.000	5411.000	5344.500	5347.000	281557	739777	500
2022.11.18	10:00:00	5347.000	5384.000	5343.000	5366.000	187879	518296	500
2022.11.18	11:00:00	5366.000	5409.500	5352.000	5382.000	241343	706497	500
2022.11.18	12:00:00	5382.000	5394.500	5350.500	5351.500	158949	493512	500
2022.11.18	13:00:00	5352.000	5401.500	5347.500	5391.000	108728	369133	500
2022.11.18	14:00:00	5391.000	5397.000	5351.000	5353.500	127938	418413	500
2022.11.18	15:00:00	5353.500	5395.500	5353.500	5394.000	114276	338390	500
2022.11.18	16:00:00	5394.000	5395.000	5374.000	5389.500	67447	193659	500
2022.11.18	17:00:00	5389.500	5395.000	5378.000	5392.000	44973	129899	500
2022.11.18	18:00:00	5392.000	5399.500	5386.500	5388.000	13247	35958	500
2022.11.21	09:00:00	5398.000	5399.000	5318.500	5328.500	276895	758694	500
2022.11.21	10:00:00	5328.500	5334.500	5310.000	5328.500	185452	517790	500
2022.11.21	11:00:00	5328.500	5356.500	5326.500	5346.500	185931	527298	500
2022.11.21	12:00:00	5346.000	5380.000	5339.000	5364.000	136218	423275	500
2022.11.21	13:00:00	5364.500	5370.500	5338.500	5345.000	112249	371186	500
2022.11.21	14:00:00	5345.000	5350.500	5330.500	5346.000	95777	287196	500
2022.11.21	15:00:00	5345.500	5345.500	5311.000	5322.000	106379	326897	500
2022.11.21	16:00:00	5322.000	5329.000	5315.000	5323.500	56476	167344	500
2022.11.21	17:00:00	5324.000	5326.500	5316.000	5321.000	39552	122815	500
2022.11.21	18:00:00	5321.000	5333.000	5319.500	5332.500	10942	52795	500
2022.11.22	09:00:00	5321.000	5326.500	5290.500	5320.500	254126	644475	500
2022.11.22	10:00:00	5320.500	5352.500	5310.500	5334.000	237038	688412	500
2022.11.22	11:00:00	5333.500	5377.000	5310.500	5352.000	221905	672164	500
2022.11.22	12:00:00	5351.500	5361.500	5340.000	5357.000	122812	390257	500
2022.11.22	13:00:00	5357.000	5370.500	5352.500	5365.000	81130	248363	500
2022.11.22	14:00:00	5365.000	5370.000	5350.500	5368.000	79762	237576	500
2022.11.22	15:00:00	5368.500	5374.500	5352.500	5368.500	73115	220768	500
2022.11.22	16:00:00	5369.000	5408.500	5368.500	5387.000	121376	391997	500
2022.11.22	17:00:00	5387.000	5389.500	5361.500	5372.500	57786	184662	500
2022.11.22	18:00:00	5372.500	5375.000	5365.000	5365.000	7589	25177	500
2022.11.23	09:00:00	5352.500	5399.000	5352.000	5390.500	201412	511956	500
2022.11.23	10:00:00	5391.000	5420.000	5383.000	5406.000	204776	598407	500
2022.11.23	11:00:00	5406.500	5414.000	5388.000	5392.000	151227	450398	500
2022.11.23	12:00:00	5392.000	5402.500	5372.000	5393.000	128237	380652	500
2022.11.23	13:00:00	5393.500	5412.500	5387.500	5399.500	103174	322135	500
2022.11.23	14:00:00	5400.000	5408.000	5383.000	5391.000	88017	267240	500
2022.11.23	15:00:00	5391.500	5407.500	5390.000	5403.500	62080	194964	500
2022.11.23	16:00:00	5404.000	5410.500	5360.000	5378.000	135825	412423	500
2022.11.23	17:00:00	5377.500	5388.000	5356.500	5357.000	51776	173657	500
2022.11.23	18:00:00	5356.500	5382.500	5356.500	5375.000	12915	46026	500
2022.11.24	09:00:00	5324.000	5341.000	5308.500	5329.000	219494	571353	500
2022.11.24	10:00:00	5329.500	5343.500	5321.000	5323.500	128907	345488	500
2022.11.24	11:00:00	5323.000	5328.500	5307.000	5317.000	138433	413441	500
2022.11.24	12:00:00	5317.000	5327.000	5307.000	5318.500	85985	280925	500
2022.11.24	13:00:00	5319.000	5337.000	5311.500	5332.500	54933	172928	500
2022.11.24	14:00:00	5332.500	5348.000	5325.000	5329.500	62139	191730	500
2022.11.24	15:00:00	5329.000	5331.000	5310.500	5315.000	48111	136912	500
2022.11.24	16:00:00	5314.500	5322.000	5313.000	5316.500	14906	45530	500
2022.11.24	17:00:00	5316.500	5320.500	5313.000	5319.500	10553	31451	500
2022.11.24	18:00:00	5319.500	5330.000	5313.000	5322.500	7323	30361	500
2022.11.25	09:00:00	5323.500	5344.000	5310.000	5327.000	189243	503752	500
2022.11.25	10:00:00	5326.500	5370.000	5324.000	5366.500	190401	556586	500
2022.11.25	11:00:00	5366.000	5366.000	5349.500	5362.500	115101	366613	500
2022.11.25	12:00:00	5362.000	5377.500	5360.500	5364.500	80560	253984	500
2022.11.25	13:00:00	5364.000	5397.000	5351.500	5390.500	111612	384899	500
2022.11.25	14:00:00	5390.500	5420.500	5382.500	5391.500	147749	539745	500
2022.11.25	15:00:00	5392.000	5430.000	5387.000	5418.500	88139	296505	500
2022.11.25	16:00:00	5418.000	5422.000	5407.500	5412.500	35678	112481	500
2022.11.25	17:00:00	5412.500	5416.500	5394.500	5403.500	31999	103028	500
2022.11.25	18:00:00	5403.500	5430.000	5403.000	5414.000	9999	32327	500
2022.11.28	09:00:00	5427.000	5435.500	5378.500	5380.000	219187	620206	500
2022.11.28	10:00:00	5380.500	5396.000	5368.500	5378.500	175431	506972	500
2022.11.28	11:00:00	5379.000	5402.500	5369.500	5393.500	152758	468101	500
2022.11.28	12:00:00	5393.500	5397.000	5374.000	5376.000	81943	256605	500
2022.11.28	13:00:00	5375.500	5381.000	5368.500	5372.500	47633	143617	500
2022.11.28	14:00:00	5372.500	5384.500	5351.500	5360.000	84004	248984	500
2022.11.28	15:00:00	5360.500	5373.000	5352.500	5369.000	64085	200052	500
2022.11.28	16:00:00	5369.000	5370.000	5363.500	5367.000	28265	93444	500
2022.11.28	17:00:00	5367.000	5380.000	5364.000	5368.000	39080	142972	500
2022.11.28	18:00:00	5368.000	5377.000	5367.500	5367.500	10688	39714	500
2022.11.29	09:00:00	5330.000	5336.500	5294.500	5314.000	225212	632802	500
2022.11.29	10:00:00	5314.500	5324.500	5303.000	5317.500	145067	433450	500
2022.11.29	11:00:00	5317.500	5327.500	5294.500	5297.500	140926	450643	500
2022.11.29	12:00:00	5296.500	5307.000	5294.000	5301.000	88613	299157	500
2022.11.29	13:00:00	5301.000	5311.000	5280.000	5295.500	118287	409816	500
2022.11.29	14:00:00	5295.500	5306.500	5287.000	5294.000	77998	256256	500
2022.11.29	15:00:00	5294.000	5295.500	5280.500	5283.500	67516	216707	500
2022.11.29	16:00:00	5283.000	5295.500	5281.500	5288.500	42027	131314	500
2022.11.29	17:00:00	5288.500	5295.000	5281.000	5285.500	43541	144117	500
2022.11.29	18:00:00	5285.500	5285.500	5270.500	5270.500	12768	41951	500
2022.11.30	09:00:00	5295.000	5337.500	5276.000	5331.500	208234	582912	500
2022.11.30	10:00:00	5332.000	5348.500	5325.500	5343.000	157363	491295	500
2022.11.30	11:00:00	5343.000	5344.000	5307.500	5310.500	145793	466853	500
2022.11.30	12:00:00	5310.500	5318.000	5283.500	5292.500	140792	542010	500
2022.11.30	13:00:00	5292.000	5297.000	5280.000	5286.000	74700	290184	500
2022.11.30	14:00:00	5286.500	5297.000	5281.500	5281.500	76952	268284	500
2022.11.30	15:00:00	5281.500	5285.000	5230.000	5244.500	177636	605162	500
2022.11.30	16:00:00	5245.000	5246.000	5225.500	5230.500	81486	268059	500
2022.11.30	17:00:00	5231.000	5233.000	5212.000	5221.000	63640	228549	500
2022.11.30	18:00:00	5221.000	5223.000	5205.000	5215.000	16338	69471	500
2022.12.01	09:00:00	5222.000	5247.500	5210.000	5242.000	179689	469989	500
2022.12.01	10:00:00	5242.000	5246.500	5221.000	5237.000	204190	553778	500
2022.12.01	11:00:00	5237.000	5240.500	5194.000	5203.500	183155	552880	500
2022.12.01	12:00:00	5203.500	5242.000	5198.500	5217.500	154137	487092	500
2022.12.01	13:00:00	5217.500	5222.000	5207.500	5218.000	90177	277495	500
2022.12.01	14:00:00	5218.500	5234.000	5204.500	5226.500	99774	326421	500
2022.12.01	15:00:00	5227.000	5230.500	5212.000	5222.500	85256	276172	500
2022.12.01	16:00:00	5222.500	5240.000	5221.000	5229.000	60711	193616	500
2022.12.01	17:00:00	5229.500	5232.000	5221.000	5223.500	27712	94098	500
2022.12.01	18:00:00	5224.000	5224.000	5215.000	5218.500	8612	36601	500
2022.12.02	09:00:00	5214.000	5223.000	5193.000	5210.500	163534	443107	500
2022.12.02	10:00:00	5210.000	5267.000	5207.500	5224.000	262286	738832	500
2022.12.02	11:00:00	5224.000	5228.500	5202.500	5220.500	187081	555800	500
2022.12.02	12:00:00	5221.000	5271.000	5212.500	5262.500	153421	507230	500
2022.12.02	13:00:00	5263.000	5267.000	5235.500	5242.000	82695	260232	500
2022.12.02	14:00:00	5242.000	5245.500	5232.000	5243.500	49106	151602	500
2022.12.02	15:00:00	5243.500	5254.000	5235.500	5252.500	41129	125083	500
2022.12.02	16:00:00	5252.500	5255.000	5241.500	5242.500	29792	84692	500
2022.12.02	17:00:00	5243.000	5250.500	5242.500	5249.500	20108	55180	500
2022.12.02	18:00:00	5249.500	5252.500	5246.000	5247.000	6750	27002	500
2022.12.05	09:00:00	5234.500	5276.500	5229.500	5273.000	200979	524712	500
2022.12.05	10:00:00	5273.500	5280.500	5253.000	5265.500	169942	479810	500
2022.12.05	11:00:00	5265.000	5275.500	5251.000	5273.500	146681	436183	500
2022.12.05	12:00:00	5274.000	5292.000	5271.000	5282.500	137166	409463	500
2022.12.05	13:00:00	5283.000	5294.500	5280.500	5290.000	67571	209498	500
2022.12.05	14:00:00	5290.500	5295.000	5278.000	5291.000	63301	192538	500
2022.12.05	15:00:00	5291.000	5306.500	5289.000	5306.500	46152	139536	500
2022.12.05	16:00:00	5306.500	5318.000	5304.000	5311.500	43803	138982	500
2022.12.05	17:00:00	5312.000	5315.000	5305.000	5311.000	34654	102986	500
2022.12.05	18:00:00	5311.000	5320.000	5308.500	5312.000	9777	39433	500
2022.12.06	09:00:00	5301.000	5301.500	5255.000	5256.500	190752	567237	500
2022.12.06	10:00:00	5257.000	5292.000	5246.000	5279.500	218062	726657	500
2022.12.06	11:00:00	5279.000	5285.000	5254.500	5262.500	155674	490266	500
2022.12.06	12:00:00	5262.500	5270.000	5255.000	5259.500	89812	304869	500
2022.12.06	13:00:00	5259.500	5268.500	5251.500	5267.500	64305	229377	500
2022.12.06	14:00:00	5267.500	5284.500	5261.000	5281.500	72125	240962	500
2022.12.06	15:00:00	5282.000	5297.500	5279.500	5283.500	90254	287946	500
2022.12.06	16:00:00	5284.000	5300.000	5278.500	5297.000	60446	205242	500
2022.12.06	17:00:00	5297.500	5297.500	5258.000	5264.000	50123	182113	500
2022.12.06	18:00:00	5263.500	5274.000	5257.000	5274.000	11249	43648	500
2022.12.07	09:00:00	5291.000	5303.000	5247.500	5249.500	234654	653861	500
2022.12.07	10:00:00	5249.500	5260.000	5242.000	5251.500	173663	523517	500
2022.12.07	11:00:00	5251.500	5253.000	5235.000	5237.000	142197	447563	500
2022.12.07	12:00:00	5236.500	5261.500	5236.500	5239.000	120750	387589	500
2022.12.07	13:00:00	5239.000	5255.000	5237.500	5244.500	73900	250383	500
2022.12.07	14:00:00	5245.000	5245.000	5222.000	5231.000	88230	295573	500
2022.12.07	15:00:00	5230.500	5231.500	5208.000	5228.000	96295	366140	500
2022.12.07	16:00:00	5228.000	5241.000	5225.000	5230.500	56162	187331	500
2022.12.07	17:00:00	5230.500	5243.000	5227.500	5240.500	36970	128197	500
2022.12.07	18:00:00	5240.000	5241.000	5227.500	5230.000	11786	41562	500
2022.12.08	09:00:00	5254.500	5277.000	5241.000	5255.000	197459	501873	500
2022.12.08	10:00:00	5255.000	5256.000	5226.500	5235.000	168518	481558	500
2022.12.08	11:00:00	5235.000	5242.500	5221.000	5222.500	116976	337679	500
2022.12.08	12:00:00	5222.500	5244.000	5219.000	5235.000	94409	302263	500
2022.12.08	13:00:00	5235.000	5248.000	5221.500	5225.000	80479	258043	500
2022.12.08	14:00:00	5225.000	5242.500	5216.000	5236.500	93484	324214	500
2022.12.08	15:00:00	5236.500	5245.500	5229.000	5236.500	59948	186760	500
2022.12.08	16:00:00	5236.500	5246.000	5227.000	5240.500	54322	173950	500
2022.12.08	17:00:00	5240.500	5248.500	5236.500	5242.000	36532	120333	500
2022.12.08	18:00:00	5242.000	5271.500	5236.500	5257.000	14845	70420	500
2022.12.09	09:00:00	5254.000	5275.000	5241.500	5260.500	180745	484551	500
2022.12.09	10:00:00	5260.500	5307.000	5256.000	5302.000	216884	641081	500
2022.12.09	11:00:00	5302.500	5303.500	5251.500	5254.000	137608	437379	500
2022.12.09	12:00:00	5254.000	5256.000	5240.000	5250.000	71657	234455	500
2022.12.09	13:00:00	5250.000	5261.000	5245.500	5260.500	43871	142348	500
2022.12.09	14:00:00	5260.000	5282.000	5259.000	5276.000	49448	170258	500
2022.12.09	15:00:00	5276.000	5280.000	5264.000	5272.500	49402	149671	500
2022.12.09	16:00:00	5272.500	5274.000	5260.000	5269.000	37527	129118	500
2022.12.09	17:00:00	5268.500	5273.000	5263.000	5270.500	25785	98094	500
2022.12.09	18:00:00	5270.500	5272.500	5259.000	5260.000	7948	30923	500
2022.12.12	09:00:00	5262.500	5288.500	5254.000	5280.000	180766	472411	500
2022.12.12	10:00:00	5279.500	5328.000	5275.500	5327.500	171595	548003	500
2022.12.12	11:00:00	5327.500	5363.500	5318.500	5347.500	162928	589910	500
2022.12.12	12:00:00	5347.000	5372.500	5341.000	5369.000	109175	394898	500
2022.12.12	13:00:00	5369.000	5372.000	5347.000	5355.500	78268	280228	500
2022.12.12	14:00:00	5355.500	5356.500	5341.500	5347.000	72918	260226	500
2022.12.12	15:00:00	5347.000	5352.500	5338.500	5341.500	67008	221784	500
2022.12.12	16:00:00	5341.000	5347.000	5332.500	5333.500	48033	160905	500
2022.12.12	17:00:00	5333.500	5336.000	5310.500	5314.000	58650	198010	500
2022.12.12	18:00:00	5314.000	5349.500	5313.500	5349.000	21838	81605	500
2022.12.13	09:00:00	5341.500	5350.000	5304.000	5309.000	221431	570014	500
2022.12.13	10:00:00	5309.000	5320.000	5262.000	5294.000	243785	659385	500
2022.12.13	11:00:00	5294.000	5315.500	5277.500	5297.000	185084	564418	500
2022.12.13	12:00:00	5297.000	5297.500	5265.000	5291.000	141573	439610	500
2022.12.13	13:00:00	5291.500	5305.000	5280.500	5289.500	97344	317430	500
2022.12.13	14:00:00	5289.500	5314.000	5281.500	5296.000	101902	303578	500
2022.12.13	15:00:00	5296.000	5322.500	5290.500	5319.000	78339	233929	500
2022.12.13	16:00:00	5319.500	5356.000	5302.500	5330.000	143068	474458	500
2022.12.13	17:00:00	5330.000	5337.000	5321.500	5325.000	44244	131410	500
2022.12.13	18:00:00	5325.000	5328.000	5315.000	5320.000	11201	36114	500
2022.12.14	09:00:00	5334.500	5390.500	5334.500	5355.500	228446	619522	500
2022.12.14	10:00:00	5355.500	5370.500	5341.500	5357.500	177391	501452	500
2022.12.14	11:00:00	5357.500	5372.500	5346.000	5361.000	149955	469263	500
2022.12.14	12:00:00	5360.500	5370.000	5330.500	5340.500	121441	385885	500
2022.12.14	13:00:00	5340.500	5351.500	5310.500	5319.500	110405	352754	500
2022.12.14	14:00:00	5319.500	5349.000	5311.500	5345.500	106148	341852	500
2022.12.14	15:00:00	5345.500	5346.000	5313.500	5322.500	106367	328033	500
2022.12.14	16:00:00	5323.000	5357.000	5315.000	5327.000	171567	429010	500
2022.12.14	17:00:00	5326.500	5328.500	5291.500	5308.000	97112	292517	500
2022.12.14	18:00:00	5308.500	5311.000	5296.000	5307.000	12469	34616	500
2022.12.15	09:00:00	5347.500	5348.000	5302.000	5305.000	210964	517680	500
2022.12.15	10:00:00	5305.000	5340.500	5303.000	5334.500	207215	573629	500
2022.12.15	11:00:00	5334.500	5356.000	5326.000	5331.000	176953	503673	500
2022.12.15	12:00:00	5331.500	5365.500	5331.000	5348.000	119458	365420	500
2022.12.15	13:00:00	5348.500	5360.500	5341.500	5345.500	79957	265200	500
2022.12.15	14:00:00	5346.000	5352.000	5298.500	5327.500	151795	505376	500
2022.12.15	15:00:00	5327.500	5335.500	5321.000	5330.500	66536	199882	500
2022.12.15	16:00:00	5330.000	5342.500	5328.000	5333.000	56192	164204	500
2022.12.15	17:00:00	5332.500	5337.000	5323.500	5332.000	44646	144971	500
2022.12.15	18:00:00	5332.000	5335.000	5320.000	5330.500	10552	39381	500
2022.12.16	09:00:00	5332.000	5347.500	5310.000	5311.500	182223	491522	500
2022.12.16	10:00:00	5311.500	5317.000	5299.000	5300.500	131157	396414	500
2022.12.16	11:00:00	5300.500	5305.500	5287.000	5294.500	170010	538820	500
2022.12.16	12:00:00	5294.000	5305.500	5289.000	5296.500	82503	264957	500
2022.12.16	13:00:00	5296.500	5296.500	5278.000	5288.000	83057	287736	500
2022.12.16	14:00:00	5288.000	5303.500	5285.000	5298.000	62861	208065	500
2022.12.16	15:00:00	5298.500	5316.000	5297.500	5314.500	62834	213807	500
2022.12.16	16:00:00	5314.000	5320.500	5306.000	5308.000	46729	156975	500
2022.12.16	17:00:00	5307.500	5323.000	5304.500	5322.000	38878	127755	500
2022.12.16	18:00:00	5322.500	5338.500	5318.000	5332.500	14971	53879	500
2022.12.19	09:00:00	5350.000	5353.000	5320.000	5325.500	168040	450898	500
2022.12.19	10:00:00	5325.500	5341.000	5320.000	5337.500	134821	404483	500
2022.12.19	11:00:00	5337.500	5345.500	5327.500	5329.500	118643	348196	500
2022.12.19	12:00:00	5329.500	5339.000	5310.000	5315.500	118630	379572	500
2022.12.19	13:00:00	5315.500	5326.000	5313.000	5324.500	63521	208493	500
2022.12.19	14:00:00	5324.500	5337.000	5320.500	5333.000	62423	222055	500
2022.12.19	15:00:00	5333.000	5335.000	5302.000	5317.500	95632	321274	500
2022.12.19	16:00:00	5317.500	5329.000	5310.000	5321.500	50609	155152	500
2022.12.19	17:00:00	5321.500	5324.000	5302.000	5311.000	48572	177245	500
2022.12.19	18:00:00	5311.000	5312.000	5304.000	5311.500	8587	30161	500
2022.12.20	09:00:00	5308.000	5334.500	5301.500	5332.000	147302	401896	500
2022.12.20	10:00:00	5331.500	5335.500	5272.500	5274.000	212342	694978	500
2022.12.20	11:00:00	5274.000	5278.000	5209.500	5223.500	224389	839341	500
2022.12.20	12:00:00	5223.500	5229.500	5189.000	5199.000	122860	438207	500
2022.12.20	13:00:00	5199.000	5212.000	5185.000	5210.500	100966	376487	500
2022.12.20	14:00:00	5211.000	5240.500	5206.000	5228.500	97792	344777	500
2022.12.20	15:00:00	5229.000	5230.000	5207.000	5219.000	79883	256646	500
2022.12.20	16:00:00	5219.000	5222.000	5208.500	5214.000	48370	173693	500
2022.12.20	17:00:00	5214.000	5223.500	5212.000	5213.500	36380	119079	500
2022.12.20	18:00:00	5213.500	5218.000	5207.500	5209.500	11293	41384	500
2022.12.21	09:00:00	5209.000	5223.500	5195.000	5206.500	189093	531519	500
2022.12.21	10:00:00	5206.500	5208.000	5166.500	5207.000	214951	712166	500
2022.12.21	11:00:00	5207.000	5228.000	5205.500	5212.000	163969	541771	500
2022.12.21	12:00:00	5212.000	5221.500	5199.000	5208.000	96668	306147	500
2022.12.21	13:00:00	5208.000	5217.500	5196.500	5204.000	72517	235885	500
2022.12.21	14:00:00	5204.000	5204.000	5182.000	5188.500	89545	323030	500
2022.12.21	15:00:00	5188.500	5212.500	5185.500	5207.000	77942	275227	500
2022.12.21	16:00:00	5207.000	5212.000	5203.000	5210.500	35220	116217	500
2022.12.21	17:00:00	5210.000	5218.000	5203.500	5209.000	35691	113615	500
2022.12.21	18:00:00	5209.500	5211.500	5203.500	5205.000	8525	28039	500
2022.12.22	09:00:00	5215.000	5224.500	5196.500	5203.500	146703	389767	500
2022.12.22	10:00:00	5203.500	5231.500	5195.000	5214.500	174663	506385	500
2022.12.22	11:00:00	5214.000	5219.000	5165.500	5184.500	182862	570770	500
2022.12.22	12:00:00	5184.500	5189.000	5171.500	5184.000	82537	266493	500
2022.12.22	13:00:00	5184.500	5186.000	5166.000	5173.000	69932	227953	500
2022.12.22	14:00:00	5173.000	5189.500	5172.000	5185.000	58056	201605	500
2022.12.22	15:00:00	5185.000	5198.000	5182.500	5197.000	66131	230645	500
2022.12.22	16:00:00	5196.500	5196.500	5182.000	5191.000	69321	260640	500
2022.12.22	17:00:00	5191.500	5192.500	5178.000	5179.000	33313	110554	500
2022.12.22	18:00:00	5179.000	5184.000	5169.500	5172.000	11182	37658	500
2022.12.23	09:00:00	5178.000	5183.000	5141.000	5157.000	174742	475361	500
2022.12.23	10:00:00	5157.000	5182.000	5152.000	5167.500	159519	423563	500
2022.12.23	11:00:00	5167.000	5167.500	5149.000	5152.500	104645	298251	500
2022.12.23	12:00:00	5152.000	5153.000	5121.000	5132.000	110166	373981	500
2022.12.23	13:00:00	5132.000	5142.000	5125.500	5141.500	49730	160565	500
2022.12.23	14:00:00	5141.500	5158.500	5140.500	5155.500	53829	176623	500
2022.12.23	15:00:00	5156.000	5174.500	5155.500	5167.500	64900	216788	500
2022.12.23	16:00:00	5167.000	5175.000	5157.000	5168.000	39926	130640	500
2022.12.23	17:00:00	5168.000	5168.500	5161.500	5165.000	20800	63598	500
2022.12.23	18:00:00	5165.000	5175.000	5150.000	5161.500	9864	34115	500
2022.12.26	09:00:00	5161.500	5195.000	5155.500	5182.500	97272	230430	500
2022.12.26	10:00:00	5182.000	5196.000	5177.000	5186.000	76635	177725	500
2022.12.26	11:00:00	5186.000	5198.000	5184.000	5191.000	55679	147071	500
2022.12.26	12:00:00	5191.000	5201.000	5187.500	5195.000	33166	81723	500
2022.12.26	13:00:00	5195.500	5205.500	5194.000	5205.000	27694	71180	500
2022.12.26	14:00:00	5205.000	5216.500	5204.000	5209.000	42833	104175	500
2022.12.26	15:00:00	5209.000	5212.000	5202.500	5204.500	34216	80346	500
2022.12.26	16:00:00	5204.500	5214.000	5201.000	5209.500	27290	69072	500
2022.12.26	17:00:00	5209.000	5221.000	5207.500	5220.500	21130	59118	500
2022.12.26	18:00:00	5220.500	5226.500	5217.000	5221.000	7673	30067	500
2022.12.27	09:00:00	5196.500	5277.000	5195.000	5274.000	197049	581943	500
2022.12.27	10:00:00	5274.500	5296.000	5264.000	5284.500	159975	528781	500
2022.12.27	11:00:00	5284.500	5290.000	5270.000	5283.500	106052	410713	500
2022.12.27	12:00:00	5283.500	5293.000	5272.500	5291.500	79713	288844	500
2022.12.27	13:00:00	5291.500	5295.000	5276.000	5280.000	63841	240942	500
2022.12.27	14:00:00	5280.500	5303.500	5279.500	5293.500	57915	212374	500
2022.12.27	15:00:00	5293.500	5294.000	5274.000	5277.000	59248	201823	500
2022.12.27	16:00:00	5276.500	5294.000	5274.500	5288.000	41360	142837	500
2022.12.27	17:00:00	5287.500	5296.500	5284.500	5294.500	27473	89456	500
2022.12.27	18:00:00	5294.000	5299.000	5286.500	5296.500	12819	49206	500
2022.12.28	09:00:00	5266.500	5277.000	5255.000	5271.000	139223	369815	500
2022.12.28	10:00:00	5271.000	5289.500	5262.500	5273.000	136037	404683	500
2022.12.28	11:00:00	5273.000	5279.500	5250.500	5267.500	114943	364232	500
2022.12.28	12:00:00	5267.500	5285.500	5263.500	5272.500	75787	259262	500
2022.12.28	13:00:00	5272.000	5278.500	5266.500	5268.000	43865	152198	500
2022.12.28	14:00:00	5268.000	5269.000	5234.500	5237.000	70296	255692	500
2022.12.28	15:00:00	5237.000	5254.000	5228.500	5251.500	66872	230236	500
2022.12.28	16:00:00	5252.000	5262.000	5246.000	5256.000	44923	147967	500
2022.12.28	17:00:00	5256.000	5267.000	5255.500	5265.500	19188	61739	500
2022.12.28	18:00:00	5265.000	5276.000	5260.500	5270.500	9261	26193	500
2022.12.29	09:00:00	5280.000	5298.500	5239.000	5242.000	161358	447009	500
2022.12.29	10:00:00	5241.500	5246.500	5225.000	5230.500	110241	345980	500
2022.12.29	11:00:00	5230.500	5256.500	5229.000	5251.500	98685	307911	500
2022.12.29	12:00:00	5252.000	5290.000	5247.500	5285.000	88715	285112	500
2022.12.29	13:00:00	5285.000	5289.500	5269.500	5288.500	76190	220223	500
2022.12.29	14:00:00	5288.000	5338.000	5284.500	5319.500	99515	334788	500
2022.12.29	15:00:00	5319.000	5330.000	5302.000	5318.000	81181	286910	500
2022.12.29	16:00:00	5318.000	5321.500	5308.000	5310.000	40236	127852	500
2022.12.29	17:00:00	5310.500	5317.500	5307.500	5312.500	25866	89352	500
2022.12.29	18:00:00	5313.000	5324.500	5310.500	5321.500	10204	37811	500
2023.01.02	09:00:00	5327.000	5393.500	5320.500	5383.000	160673	416392	500
2023.01.02	10:00:00	5383.500	5395.500	5365.500	5393.000	116836	321148	500
2023.01.02	11:00:00	5392.500	5397.000	5374.000	5379.000	92524	262468	500
2023.01.02	12:00:00	5379.000	5384.500	5368.500	5372.000	46956	140954	500
2023.01.02	13:00:00	5372.000	5373.500	5360.000	5373.000	53076	154766	500
2023.01.02	14:00:00	5373.500	5394.500	5369.000	5393.500	47497	139446	500
2023.01.02	15:00:00	5393.000	5397.000	5382.500	5390.500	47646	125216	500
2023.01.02	16:00:00	5390.500	5399.000	5388.000	5390.500	42564	122637	500
2023.01.02	17:00:00	5390.000	5399.500	5390.000	5393.500	23915	81776	500
2023.01.02	18:00:00	5393.000	5400.000	5392.500	5400.000	7492	29713	500
2023.01.03	09:00:00	5423.000	5438.500	5370.500	5383.000	257137	688505	500
2023.01.03	10:00:00	5382.500	5413.000	5381.000	5402.500	174531	493894	500
2023.01.03	11:00:00	5402.500	5414.500	5390.000	5405.000	136801	392577	500
2023.01.03	12:00:00	5404.500	5445.500	5403.000	5428.000	154733	521499	500
2023.01.03	13:00:00	5428.000	5457.500	5425.000	5456.500	104595	331101	500
2023.01.03	14:00:00	5457.000	5472.000	5445.500	5469.000	94156	309084	500
2023.01.03	15:00:00	5469.500	5488.000	5461.500	5482.500	88329	275716	500
2023.01.03	16:00:00	5482.500	5495.000	5475.500	5485.500	65176	206831	500
2023.01.03	17:00:00	5485.000	5498.500	5480.500	5494.500	46216	147338	500
2023.01.03	18:00:00	5494.500	5509.500	5490.000	5504.500	13483	49696	500
2023.01.04	09:00:00	5475.000	5500.000	5465.500	5478.500	216692	572194	500
2023.01.04	10:00:00	5478.500	5485.500	5457.000	5468.500	160589	480825	500
2023.01.04	11:00:00	5468.500	5495.500	5465.000	5491.000	141741	423441	500
2023.01.04	12:00:00	5491.500	5509.000	5485.000	5486.500	144637	442370	500
2023.01.04	13:00:00	5486.500	5488.500	5455.500	5475.000	124674	400208	500
2023.01.04	14:00:00	5474.500	5493.000	5467.000	5481.000	83506	277054	500
2023.01.04	15:00:00	5481.000	5486.000	5470.500	5480.000	57286	188922	500
2023.01.04	16:00:00	5480.500	5488.500	5475.000	5482.000	63377	203795	500
2023.01.04	17:00:00	5481.500	5487.000	5458.000	5462.000	49058	150621	500
2023.01.04	18:00:00	5462.000	5468.000	5460.500	5462.000	8058	26930	500
2023.01.05	09:00:00	5454.000	5459.500	5398.500	5413.500	205768	579286	500
2023.01.05	10:00:00	5413.500	5444.500	5407.000	5442.500	177407	512489	500
2023.01.05	11:00:00	5442.500	5446.500	5418.000	5430.500	137063	417368	500
2023.01.05	12:00:00	5430.000	5440.000	5413.500	5431.000	114770	367763	500
2023.01.05	13:00:00	5431.000	5431.500	5404.000	5414.500	93368	306295	500
2023.01.05	14:00:00	5415.000	5418.000	5398.500	5399.500	67920	216597	500
2023.01.05	15:00:00	5399.500	5406.000	5381.000	5396.000	94027	301888	500
2023.01.05	16:00:00	5395.500	5396.000	5380.000	5382.500	45149	147252	500
2023.01.05	17:00:00	5382.500	5388.500	5378.000	5383.000	35547	124567	500
2023.01.05	18:00:00	5382.500	5384.500	5378.000	5381.000	9923	44372	500
2023.01.06	09:00:00	5390.000	5397.500	5362.000	5369.500	182449	513978	500
2023.01.06	10:00:00	5369.000	5374.500	5297.500	5309.000	256598	857264	500
2023.01.06	11:00:00	5309.000	5330.000	5302.000	5319.000	133243	429076	500
2023.01.06	12:00:00	5319.000	5319.000	5273.500	5278.500	150992	527470	500
2023.01.06	13:00:00	5278.500	5286.000	5275.000	5282.000	57536	197821	500
2023.01.06	14:00:00	5282.000	5283.000	5272.500	5278.500	56375	200318	500
2023.01.06	15:00:00	5278.500	5280.500	5260.500	5272.500	71608	275986	500
2023.01.06	16:00:00	5272.500	5272.500	5260.000	5263.000	44033	146676	500
2023.01.06	17:00:00	5263.500	5265.500	5251.500	5253.000	34421	129331	500
2023.01.06	18:00:00	5253.000	5259.500	5245.000	5259.500	13745	62070	500
2023.01.09	09:00:00	5305.000	5321.000	5273.000	5301.500	211181	571319	500
2023.01.09	10:00:00	5301.000	5321.000	5286.000	5319.500	188191	529253	500
2023.01.09	11:00:00	5319.500	5334.000	5310.500	5334.000	144402	448065	500
2023.01.09	12:00:00	5334.000	5334.000	5308.000	5315.000	100931	342250	500
2023.01.09	13:00:00	5315.000	5317.500	5283.000	5290.500	111760	366392	500
2023.01.09	14:00:00	5290.000	5296.000	5276.500	5277.500	86972	260282	500
2023.01.09	15:00:00	5277.500	5289.500	5271.500	5285.000	84053	256072	500
2023.01.09	16:00:00	5285.000	5285.000	5274.500	5284.000	48269	152989	500
2023.01.09	17:00:00	5283.500	5289.000	5280.500	5283.500	31953	95291	500
2023.01.09	18:00:00	5284.000	5284.500	5276.500	5281.000	8960	27495	500
2023.01.10	09:00:00	5281.000	5300.000	5262.500	5285.500	208001	513571	500
2023.01.10	10:00:00	5286.000	5297.500	5271.500	5279.000	134402	361076	500
2023.01.10	11:00:00	5279.000	5279.500	5242.000	5251.000	190089	579131	500
2023.01.10	12:00:00	5251.000	5269.500	5247.000	5251.000	101940	324016	500
2023.01.10	13:00:00	5251.000	5252.500	5235.000	5240.000	82004	267030	500
2023.01.10	14:00:00	5240.000	5246.000	5235.000	5244.500	50645	160203	500
2023.01.10	15:00:00	5244.500	5247.500	5228.000	5229.000	71194	238747	500
2023.01.10	16:00:00	5228.500	5232.500	5221.500	5225.000	55575	186722	500
2023.01.10	17:00:00	5225.500	5231.500	5221.500	5228.000	29462	95211	500
2023.01.10	18:00:00	5227.500	5228.000	5221.000	5225.000	9472	36364	500
2023.01.11	09:00:00	5224.500	5256.000	5212.500	5242.500	192456	523894	500
2023.01.11	10:00:00	5242.000	5242.500	5208.500	5221.000	224111	703311	500
2023.01.11	11:00:00	5221.500	5231.500	5211.000	5211.000	124442	375622	500
2023.01.11	12:00:00	5211.500	5233.000	5211.000	5224.000	88326	304795	500
2023.01.11	13:00:00	5224.000	5230.000	5215.500	5217.000	56405	191943	500
2023.01.11	14:00:00	5217.000	5224.000	5183.500	5189.000	106861	388308	500
2023.01.11	15:00:00	5188.500	5203.000	5184.500	5200.500	92748	349671	500
2023.01.11	16:00:00	5200.000	5210.500	5197.000	5201.500	49488	167715	500
2023.01.11	17:00:00	5201.500	5203.500	5184.000	5186.000	38701	131640	500
2023.01.11	18:00:00	5185.500	5190.000	5181.000	5182.500	12695	56063	500
2023.01.12	09:00:00	5188.000	5198.000	5165.500	5174.500	187891	502103	500
2023.01.12	10:00:00	5174.000	5206.500	5130.500	5141.000	308588	874609	500
2023.01.12	11:00:00	5141.000	5182.000	5137.500	5168.000	167784	550054	500
2023.01.12	12:00:00	5168.000	5192.500	5150.000	5154.500	150028	522617	500
2023.01.12	13:00:00	5154.500	5155.000	5128.500	5131.500	105374	344772	500
2023.01.12	14:00:00	5131.000	5133.500	5102.500	5110.500	104331	360420	500
2023.01.12	15:00:00	5110.500	5113.000	5088.000	5100.000	92227	331908	500
2023.01.12	16:00:00	5100.000	5120.500	5094.000	5118.500	73560	270650	500
2023.01.12	17:00:00	5119.000	5133.000	5114.500	5119.500	59419	215373	500
2023.01.12	18:00:00	5120.000	5130.000	5105.500	5127.000	15254	49999	500
2023.01.13	09:00:00	5129.500	5172.500	5127.500	5162.000	195941	523965	500
2023.01.13	10:00:00	5161.500	5168.000	5116.500	5135.500	190407	579328	500
2023.01.13	11:00:00	5135.000	5139.500	5107.000	5116.000	129932	383639	500
2023.01.13	12:00:00	5116.500	5126.500	5107.500	5110.500	95573	306235	500
2023.01.13	13:00:00	5110.500	5125.500	5102.000	5114.000	86340	283436	500
2023.01.13	14:00:00	5113.500	5114.500	5096.000	5108.500	83281	284291	500
2023.01.13	15:00:00	5108.500	5117.000	5104.500	5113.000	65708	216554	500
2023.01.13	16:00:00	5113.000	5126.500	5108.500	5124.000	45829	153372	500
2023.01.13	17:00:00	5124.500	5124.500	5117.000	5120.000	30937	98740	500
2023.01.13	18:00:00	5120.000	5122.500	5110.000	5111.500	10355	39270	500
2023.01.16	09:00:00	5139.000	5148.000	5110.000	5124.000	174517	432421	500
2023.01.16	10:00:00	5124.500	5133.000	5116.500	5131.000	117479	308728	500
2023.01.16	11:00:00	5131.000	5147.000	5125.000	5137.000	111882	309044	500
2023.01.16	12:00:00	5137.000	5148.000	5124.000	5125.000	76708	236331	500
2023.01.16	13:00:00	5125.000	5139.000	5124.000	5136.000	50797	159775	500
2023.01.16	14:00:00	5136.000	5146.000	5133.500	5141.000	40974	123740	500
2023.01.16	15:00:00	5141.000	5170.500	5141.000	5165.000	89147	278327	500
2023.01.16	16:00:00	5165.500	5179.000	5160.000	5164.000	51253	160571	500
2023.01.16	17:00:00	5164.500	5172.000	5163.000	5169.500	22145	69485	500
2023.01.16	18:00:00	5169.500	5169.500	5160.000	5166.000	9581	36099	500
2023.01.17	09:00:00	5169.500	5173.500	5139.000	5144.500	229377	597893	500
2023.01.17	10:00:00	5144.500	5150.000	5131.000	5135.000	157427	463700	500
2023.01.17	11:00:00	5135.000	5145.000	5126.000	5135.500	141934	446660	500
2023.01.17	12:00:00	5136.000	5141.000	5120.000	5126.000	109275	350690	500
2023.01.17	13:00:00	5126.000	5134.000	5110.500	5113.500	83098	267503	500
2023.01.17	14:00:00	5113.500	5125.000	5111.500	5117.000	61523	191275	500
2023.01.17	15:00:00	5117.000	5127.000	5114.500	5124.500	49533	151448	500
2023.01.17	16:00:00	5124.000	5126.500	5114.500	5119.000	45147	140479	500
2023.01.17	17:00:00	5119.000	5121.500	5115.000	5120.000	24150	79674	500
2023.01.17	18:00:00	5119.500	5123.000	5112.500	5114.500	10974	37409	500
2023.01.18	09:00:00	5106.000	5113.000	5083.500	5107.000	202252	552095	500
2023.01.18	10:00:00	5107.000	5115.000	5078.000	5086.500	207710	615837	500
2023.01.18	11:00:00	5086.500	5102.000	5081.000	5095.500	146581	460600	500
2023.01.18	12:00:00	5095.000	5115.000	5087.000	5110.500	119014	383383	500
2023.01.18	13:00:00	5110.500	5150.500	5107.000	5142.000	141511	461337	500
2023.01.18	14:00:00	5142.000	5186.500	5140.000	5173.000	145810	521352	500
2023.01.18	15:00:00	5173.000	5180.500	5165.500	5175.500	67703	215264	500
2023.01.18	16:00:00	5175.000	5183.500	5169.000	5172.500	47461	156176	500
2023.01.18	17:00:00	5173.000	5198.000	5172.500	5192.500	32651	113306	500
2023.01.18	18:00:00	5192.500	5202.500	5189.000	5200.000	15637	65019	500
2023.01.19	09:00:00	5260.000	5269.000	5220.000	5233.000	230008	665805	500
2023.01.19	10:00:00	5233.000	5234.500	5196.000	5208.000	191004	562695	500
2023.01.19	11:00:00	5208.000	5228.000	5195.000	5223.500	132433	408176	500
2023.01.19	12:00:00	5223.500	5240.000	5215.000	5231.000	132414	458021	500
2023.01.19	13:00:00	5231.000	5242.500	5226.000	5235.500	81419	289735	500
2023.01.19	14:00:00	5235.500	5236.000	5219.000	5223.000	79420	263615	500
2023.01.19	15:00:00	5223.000	5227.000	5186.000	5187.500	119030	394588	500
2023.01.19	16:00:00	5187.500	5196.000	5176.500	5184.500	58983	205307	500
2023.01.19	17:00:00	5184.500	5196.000	5180.000	5189.000	34437	117767	500
2023.01.19	18:00:00	5189.000	5191.000	5180.500	5182.000	9638	38189	500
2023.01.20	09:00:00	5185.500	5213.500	5176.000	5190.500	197805	539177	500
2023.01.20	10:00:00	5191.000	5250.500	5190.500	5243.500	193796	593713	500
2023.01.20	11:00:00	5243.500	5244.500	5216.000	5218.500	105479	327263	500
2023.01.20	12:00:00	5218.500	5227.500	5206.000	5212.000	108918	369964	500
2023.01.20	13:00:00	5212.000	5223.000	5201.000	5222.000	85127	313681	500
2023.01.20	14:00:00	5222.000	5231.000	5194.000	5200.000	85613	289002	500
2023.01.20	15:00:00	5200.000	5214.000	5192.000	5203.500	86634	280233	500
2023.01.20	16:00:00	5203.000	5221.000	5202.000	5219.000	60343	205450	500
2023.01.20	17:00:00	5219.000	5227.000	5213.000	5219.000	40035	131247	500
2023.01.20	18:00:00	5218.500	5222.000	5212.000	5220.500	9014	31033	500
2023.01.23	09:00:00	5220.500	5230.500	5200.000	5209.000	177383	503774	500
2023.01.23	10:00:00	5209.500	5219.500	5190.500	5214.000	165192	480943	500
2023.01.23	11:00:00	5214.500	5228.500	5197.500	5202.000	153365	453730	500
2023.01.23	12:00:00	5202.000	5209.000	5178.000	5182.000	131218	425420	500
2023.01.23	13:00:00	5182.000	5202.500	5173.500	5199.000	100121	350254	500
2023.01.23	14:00:00	5199.000	5203.000	5185.000	5197.500	89423	313325	500
2023.01.23	15:00:00	5197.000	5205.000	5194.000	5201.500	63346	205353	500
2023.01.23	16:00:00	5202.000	5212.000	5201.000	5209.000	56794	173059	500
2023.01.23	17:00:00	5208.500	5209.500	5198.500	5205.500	33737	100569	500
2023.01.23	18:00:00	5205.500	5219.000	5205.000	5219.000	10081	37977	500
2023.01.24	09:00:00	5221.000	5228.500	5187.000	5195.000	153249	452855	500
2023.01.24	10:00:00	5195.000	5196.500	5173.500	5186.500	139285	442576	500
2023.01.24	11:00:00	5186.500	5188.000	5163.500	5178.000	153649	462300	500
2023.01.24	12:00:00	5177.500	5180.000	5160.000	5167.000	93850	313963	500
2023.01.24	13:00:00	5167.000	5169.000	5148.000	5149.500	79887	306126	500
2023.01.24	14:00:00	5149.500	5162.000	5148.000	5156.500	50927	167284	500
2023.01.24	15:00:00	5156.500	5161.000	5152.500	5159.000	40052	132187	500
2023.01.24	16:00:00	5159.000	5162.000	5148.500	5149.500	36065	119874	500
2023.01.24	17:00:00	5150.000	5156.000	5142.500	5150.500	40398	150934	500
2023.01.24	18:00:00	5150.000	5151.000	5144.500	5147.000	9523	40067	500
2023.01.25	09:00:00	5157.500	5158.500	5115.000	5119.500	202706	601909	500
2023.01.25	10:00:00	5119.000	5142.000	5116.000	5127.500	154564	505624	500
2023.01.25	11:00:00	5127.500	5133.000	5110.000	5115.000	129632	455469	500
2023.01.25	12:00:00	5114.500	5116.500	5077.000	5079.000	158782	564839	500
2023.01.25	13:00:00	5078.500	5102.000	5076.000	5097.500	85235	342311	500
2023.01.25	14:00:00	5097.500	5098.000	5087.000	5091.500	45934	149266	500
2023.01.25	15:00:00	5091.500	5092.500	5076.500	5082.000	67931	227529	500
2023.01.25	16:00:00	5082.500	5088.500	5074.500	5085.500	45024	152642	500
2023.01.25	17:00:00	5085.500	5090.500	5081.000	5083.000	28486	119374	500
2023.01.25	18:00:00	5083.000	5084.000	5077.500	5081.000	10489	42477	500
2023.01.26	09:00:00	5079.000	5113.000	5073.000	5109.000	207328	621452	500
2023.01.26	10:00:00	5109.000	5123.000	5091.000	5113.000	186742	608746	500
2023.01.26	11:00:00	5113.000	5114.500	5079.000	5099.500	158708	567279	500
2023.01.26	12:00:00	5099.000	5104.000	5064.000	5087.500	139559	545670	500
2023.01.26	13:00:00	5088.000	5094.000	5073.000	5092.500	82033	312057	500
2023.01.26	14:00:00	5092.000	5100.000	5079.000	5083.500	61189	238816	500
2023.01.26	15:00:00	5083.500	5088.500	5068.500	5077.500	64045	225480	500
2023.01.26	16:00:00	5077.000	5082.500	5068.500	5079.000	39096	136413	500
2023.01.26	17:00:00	5079.000	5083.000	5071.000	5075.500	24949	87815	500
2023.01.26	18:00:00	5075.000	5080.500	5071.000	5076.500	9136	31850	500
2023.01.27	09:00:00	5092.500	5098.000	5066.500	5072.500	175530	512218	500
2023.01.27	10:00:00	5072.500	5080.000	5060.000	5071.000	173457	586894	500
2023.01.27	11:00:00	5070.500	5093.500	5069.500	5088.500	152076	504155	500
2023.01.27	12:00:00	5089.000	5101.000	5076.000	5100.000	113258	409243	500
2023.01.27	13:00:00	5100.500	5107.000	5090.000	5094.500	69333	249296	500
2023.01.27	14:00:00	5094.500	5107.000	5085.500	5105.000	59948	206971	500
2023.01.27	15:00:00	5105.500	5119.000	5105.000	5110.500	69863	231871	500
2023.01.27	16:00:00	5110.500	5120.500	5110.000	5115.500	39981	129729	500
2023.01.27	17:00:00	5115.500	5116.000	5106.500	5112.500	27913	97680	500
2023.01.27	18:00:00	5113.000	5119.000	5111.000	5111.000	8682	32496	500
2023.01.30	09:00:00	5123.000	5129.000	5097.000	5102.500	178683	513928	500
2023.01.30	10:00:00	5102.000	5115.500	5094.500	5102.500	168406	517359	500
2023.01.30	11:00:00	5103.000	5105.500	5085.000	5096.000	120944	384754	500
2023.01.30	12:00:00	5095.500	5102.500	5088.000	5094.500	78767	275123	500
2023.01.30	13:00:00	5095.000	5106.000	5094.500	5104.500	48872	168023	500
2023.01.30	14:00:00	5104.500	5136.000	5103.000	5134.000	104896	352055	500
2023.01.30	15:00:00	5133.500	5134.500	5112.500	5114.500	75060	252386	500
2023.01.30	16:00:00	5114.500	5121.000	5108.500	5116.000	47657	153548	500
2023.01.30	17:00:00	5116.000	5126.000	5113.500	5124.000	33830	113274	500
2023.01.30	18:00:00	5124.000	5125.000	5114.000	5120.000	10120	37617	500
2023.01.31	09:00:00	5166.500	5166.500	5139.000	5154.500	159669	455474	500
2023.01.31	10:00:00	5155.000	5160.000	5123.500	5125.500	187189	591347	500
2023.01.31	11:00:00	5125.500	5126.000	5102.500	5108.500	135010	467203	500
2023.01.31	12:00:00	5108.000	5119.000	5107.000	5115.500	68343	264830	500
2023.01.31	13:00:00	5116.000	5124.000	5110.500	5118.500	69355	264454	500
2023.01.31	14:00:00	5118.500	5119.500	5111.000	5114.500	39779	134478	500
2023.01.31	15:00:00	5114.000	5117.000	5102.000	5106.000	67723	247843	500
2023.01.31	16:00:00	5106.000	5107.000	5096.000	5100.500	44466	167510	500
2023.01.31	17:00:00	5100.000	5104.500	5097.000	5101.000	26167	95682	500
2023.01.31	18:00:00	5101.000	5103.500	5096.500	5098.500	9467	41109	500
2023.02.01	09:00:00	5085.000	5095.000	5079.000	5090.500	155827	436688	500
2023.02.01	10:00:00	5091.000	5094.500	5075.000	5087.000	148805	483462	500
2023.02.01	11:00:00	5086.500	5103.000	5079.000	5099.000	144623	479953	500
2023.02.01	12:00:00	5099.500	5113.500	5095.000	5098.500	105315	365754	500
2023.02.01	13:00:00	5099.000	5103.500	5094.000	5098.500	43720	162568	500
2023.02.01	14:00:00	5098.500	5135.500	5093.000	5123.500	100498	348178	500
2023.02.01	15:00:00	5123.000	5127.500	5105.000	5107.500	69172	258846	500
2023.02.01	16:00:00	5107.500	5122.500	5073.000	5085.500	170805	584395	500
2023.02.01	17:00:00	5085.500	5086.000	5066.500	5076.000	78294	294232	500
2023.02.01	18:00:00	5075.500	5081.000	5069.000	5077.000	10987	47415	500
2023.02.02	09:00:00	5053.000	5058.500	5025.000	5037.500	208722	648553	500
2023.02.02	10:00:00	5037.500	5038.000	4963.500	4996.000	270406	895571	500
2023.02.02	11:00:00	4996.500	5019.000	4990.500	5007.000	158251	504957	500
2023.02.02	12:00:00	5006.500	5030.500	5005.000	5019.500	133579	481354	500
2023.02.02	13:00:00	5019.500	5050.500	5015.000	5042.500	102254	378639	500
2023.02.02	14:00:00	5042.000	5042.500	5022.000	5030.000	80264	282561	500
2023.02.02	15:00:00	5030.000	5068.000	5024.000	5063.000	86931	290057	500
2023.02.02	16:00:00	5062.500	5073.500	5049.500	5067.500	74977	263424	500
2023.02.02	17:00:00	5068.000	5073.000	5062.000	5066.500	38000	146447	500
2023.02.02	18:00:00	5066.500	5079.000	5063.000	5074.000	13445	44609	500
2023.02.03	09:00:00	5119.500	5142.000	5079.500	5090.500	261632	820912	500
2023.02.03	10:00:00	5090.500	5139.000	5070.500	5128.500	224036	668388	500
2023.02.03	11:00:00	5128.000	5136.000	5109.000	5123.500	150991	471934	500
2023.02.03	12:00:00	5124.500	5148.500	5124.500	5139.500	136031	516091	500
2023.02.03	13:00:00	5139.000	5158.500	5136.000	5156.000	69096	240057	500
2023.02.03	14:00:00	5155.500	5157.500	5139.500	5144.000	63062	220616	500
2023.02.03	15:00:00	5143.500	5156.000	5143.000	5155.500	51877	175388	500
2023.02.03	16:00:00	5155.500	5169.500	5153.000	5166.500	51958	196666	500
2023.02.03	17:00:00	5166.000	5172.500	5153.000	5154.500	39004	146614	500
2023.02.03	18:00:00	5155.000	5184.000	5154.500	5176.000	16413	75735	500
2023.02.06	09:00:00	5181.500	5206.000	5178.000	5179.500	187791	538850	500
2023.02.06	10:00:00	5179.500	5200.500	5172.000	5193.000	177180	545287	500
2023.02.06	11:00:00	5193.000	5211.500	5187.500	5210.500	146261	459635	500
2023.02.06	12:00:00	5210.500	5228.500	5206.500	5213.500	119155	449460	500
2023.02.06	13:00:00	5214.000	5225.000	5206.500	5222.500	72255	247404	500
2023.02.06	14:00:00	5222.500	5233.500	5220.000	5225.000	73928	248243	500
2023.02.06	15:00:00	5224.500	5226.000	5196.000	5199.500	93473	319210	500
2023.02.06	16:00:00	5199.500	5204.000	5193.000	5194.000	48479	171101	500
2023.02.06	17:00:00	5194.500	5195.000	5167.500	5171.000	65880	255940	500
2023.02.06	18:00:00	5171.000	5174.500	5158.500	5166.500	16539	67422	500
2023.02.07	09:00:00	5160.000	5178.000	5156.000	5169.000	168051	481377	500
2023.02.07	10:00:00	5169.500	5199.000	5151.000	5187.000	251158	769073	500
2023.02.07	11:00:00	5187.000	5216.500	5184.500	5205.000	146911	457269	500
2023.02.07	12:00:00	5204.500	5226.000	5201.000	5206.500	105530	357456	500
2023.02.07	13:00:00	5206.500	5209.500	5193.500	5205.000	83144	278002	500
2023.02.07	14:00:00	5205.500	5216.000	5168.500	5176.500	130330	406697	500
2023.02.07	15:00:00	5177.000	5224.500	5175.000	5217.500	163158	505042	500
2023.02.07	16:00:00	5217.500	5219.500	5205.000	5219.500	63538	196669	500
2023.02.07	17:00:00	5219.500	5225.000	5214.000	5223.000	34462	106482	500
2023.02.07	18:00:00	5223.500	5237.000	5223.000	5232.500	16679	62902	500
2023.02.08	09:00:00	5210.000	5212.000	5183.000	5197.500	160369	458497	500
2023.02.08	10:00:00	5197.500	5216.500	5196.500	5204.500	160890	469815	500
2023.02.08	11:00:00	5205.000	5228.000	5204.000	5223.000	153939	465101	500
2023.02.08	12:00:00	5223.500	5254.000	5216.500	5243.500	126831	434181	500
2023.02.08	13:00:00	5244.000	5262.500	5231.000	5236.500	124218	445396	500
2023.02.08	14:00:00	5236.000	5243.500	5228.500	5233.500	76108	262829	500
2023.02.08	15:00:00	5233.000	5234.000	5209.500	5217.500	92295	311603	500
2023.02.08	16:00:00	5217.500	5221.000	5203.000	5213.000	72777	247712	500
2023.02.08	17:00:00	5213.000	5222.000	5212.500	5218.500	27753	99148	500
2023.02.08	18:00:00	5218.500	5221.000	5211.500	5217.500	10368	40002	500
2023.02.09	09:00:00	5200.000	5241.000	5189.000	5224.000	225154	643715	500
2023.02.09	10:00:00	5223.500	5236.000	5197.500	5198.500	168501	525620	500
2023.02.09	11:00:00	5198.000	5294.500	5197.000	5287.000	286079	972495	500
2023.02.09	12:00:00	5287.000	5292.000	5271.500	5276.500	103831	360689	500
2023.02.09	13:00:00	5276.000	5290.000	5261.500	5271.000	91639	314007	500
2023.02.09	14:00:00	5271.000	5272.500	5246.000	5258.000	90247	320867	500
2023.02.09	15:00:00	5258.000	5281.500	5250.000	5279.000	98565	346422	500
2023.02.09	16:00:00	5279.000	5295.500	5273.000	5289.000	69560	228219	500
2023.02.09	17:00:00	5289.500	5296.000	5279.000	5292.500	51042	180516	500
2023.02.09	18:00:00	5292.000	5309.500	5291.500	5309.000	18837	68484	500
2023.02.10	09:00:00	5321.000	5323.500	5278.500	5281.500	189568	565314	500
2023.02.10	10:00:00	5281.500	5284.500	5260.500	5264.000	161756	491052	500
2023.02.10	11:00:00	5264.500	5277.500	5243.000	5271.000	156775	514414	500
2023.02.10	12:00:00	5271.000	5278.000	5258.000	5263.500	93834	314842	500
2023.02.10	13:00:00	5263.000	5276.500	5254.500	5268.500	67767	253537	500
2023.02.10	14:00:00	5268.000	5272.500	5251.500	5255.000	75154	258983	500
2023.02.10	15:00:00	5255.000	5261.000	5230.000	5247.500	101879	343032	500
2023.02.10	16:00:00	5248.000	5248.000	5231.000	5237.000	44109	134700	500
2023.02.10	17:00:00	5236.500	5239.000	5224.000	5229.000	30168	101512	500
2023.02.10	18:00:00	5228.500	5232.000	5224.500	5232.000	10097	39487	500
2023.02.13	09:00:00	5238.000	5242.500	5203.000	5205.500	183560	507013	500
2023.02.13	10:00:00	5205.500	5230.000	5204.000	5219.500	151758	448098	500
2023.02.13	11:00:00	5219.500	5223.000	5178.500	5179.000	186193	615967	500
2023.02.13	12:00:00	5179.000	5189.000	5172.500	5183.500	92616	342639	500
2023.02.13	13:00:00	5183.500	5203.000	5181.000	5195.500	74555	289579	500
2023.02.13	14:00:00	5196.000	5200.000	5182.500	5192.500	68145	220565	500
2023.02.13	15:00:00	5193.000	5199.500	5181.000	5192.000	63353	197422	500
2023.02.13	16:00:00	5192.500	5196.000	5186.500	5188.000	42528	154394	500
2023.02.13	17:00:00	5188.500	5195.500	5182.000	5182.500	35512	119913	500
2023.02.13	18:00:00	5182.500	5183.000	5170.000	5171.500	16134	57969	500
2023.02.14	09:00:00	5167.000	5178.000	5154.500	5162.500	175880	517536	500
2023.02.14	10:00:00	5163.000	5187.000	5140.000	5154.500	316825	956620	500
2023.02.14	11:00:00	5154.500	5193.000	5147.500	5161.500	222580	706410	500
2023.02.14	12:00:00	5161.500	5178.000	5151.500	5169.500	130412	450806	500
2023.02.14	13:00:00	5169.500	5194.500	5158.000	5184.500	97539	341912	500
2023.02.14	14:00:00	5185.000	5240.000	5183.500	5230.000	144989	511959	500
2023.02.14	15:00:00	5230.500	5231.000	5205.500	5221.000	94628	336612	500
2023.02.14	16:00:00	5221.000	5225.500	5209.500	5210.000	54098	181635	500
2023.02.14	17:00:00	5210.000	5213.500	5174.000	5199.000	58142	217014	500
2023.02.14	18:00:00	5199.000	5206.500	5186.000	5203.500	14353	69908	500
2023.02.15	09:00:00	5209.500	5230.500	5201.000	5226.000	168253	481248	500
2023.02.15	10:00:00	5226.000	5249.500	5219.000	5233.000	227779	704396	500
2023.02.15	11:00:00	5233.500	5240.000	5202.000	5232.500	176845	585785	500
2023.02.15	12:00:00	5232.000	5248.500	5214.500	5241.500	127459	442243	500
2023.02.15	13:00:00	5241.500	5242.500	5220.500	5228.000	70543	244731	500
2023.02.15	14:00:00	5228.000	5244.500	5227.000	5236.500	82053	281993	500
2023.02.15	15:00:00	5236.000	5239.000	5221.500	5228.500	74030	233900	500
2023.02.15	16:00:00	5229.000	5230.500	5218.500	5227.500	45011	155942	500
2023.02.15	17:00:00	5227.500	5236.000	5222.500	5225.000	38817	139562	500
2023.02.15	18:00:00	5225.000	5231.000	5220.500	5228.000	10961	41106	500
2023.02.16	09:00:00	5215.000	5259.000	5206.500	5252.500	205405	588328	500
2023.02.16	10:00:00	5252.500	5270.500	5245.000	5258.000	180096	547337	500
2023.02.16	11:00:00	5258.500	5267.500	5251.500	5253.500	108055	384797	500
2023.02.16	12:00:00	5254.000	5262.500	5242.500	5247.500	106442	368595	500
2023.02.16	13:00:00	5247.000	5254.500	5239.000	5242.000	70524	266584	500
2023.02.16	14:00:00	5241.500	5245.000	5234.000	5239.000	54498	205241	500
2023.02.16	15:00:00	5239.000	5239.000	5209.500	5219.000	118666	440978	500
2023.02.16	16:00:00	5219.500	5244.500	5217.000	5221.500	100247	367459	500
2023.02.16	17:00:00	5222.000	5236.000	5220.000	5230.000	47191	179395	500
2023.02.16	18:00:00	5230.000	5230.000	5220.000	5228.000	12042	48927	500
2023.02.17	09:00:00	5243.500	5262.000	5223.500	5225.500	171320	499110	500
2023.02.17	10:00:00	5225.500	5234.500	5212.500	5216.500	131424	403433	500
2023.02.17	11:00:00	5216.500	5222.000	5206.500	5212.500	112224	399686	500
2023.02.17	12:00:00	5212.500	5213.000	5191.500	5198.000	120791	461815	500
2023.02.17	13:00:00	5198.000	5201.000	5179.000	5186.000	76408	280641	500
2023.02.17	14:00:00	5186.500	5186.500	5157.500	5174.000	97951	361461	500
2023.02.17	15:00:00	5174.000	5185.500	5165.000	5168.000	77436	283245	500
2023.02.17	16:00:00	5168.000	5172.500	5165.000	5169.500	30163	117074	500
2023.02.17	17:00:00	5169.500	5172.000	5167.500	5171.000	20550	84550	500
2023.02.17	18:00:00	5171.000	5180.500	5168.000	5175.500	11476	49675	500
2023.02.22	13:00:00	5192.000	5219.000	5179.500	5202.500	160565	563966	500
2023.02.22	14:00:00	5202.000	5209.000	5177.500	5188.000	107231	354768	500
2023.02.22	15:00:00	5187.500	5190.500	5162.500	5166.000	102799	349102	500
2023.02.22	16:00:00	5165.500	5185.000	5158.000	5176.500	113234	369374	500
2023.02.22	17:00:00	5176.000	5178.000	5166.000	5166.000	37702	119071	500
2023.02.22	18:00:00	5166.000	5170.500	5157.500	5160.000	9959	41650	500
2023.02.23	09:00:00	5148.000	5163.000	5141.000	5158.500	141122	394621	500
2023.02.23	10:00:00	5158.500	5181.000	5140.000	5143.000	197955	625349	500
2023.02.23	11:00:00	5143.000	5143.500	5115.500	5127.500	169522	614026	500
2023.02.23	12:00:00	5127.500	5141.500	5115.500	5134.500	99423	376723	500
2023.02.23	13:00:00	5134.500	5157.500	5129.000	5144.500	98511	356496	500
2023.02.23	14:00:00	5145.000	5153.500	5134.000	5137.000	77816	280648	500
2023.02.23	15:00:00	5137.000	5147.000	5131.500	5145.500	59810	213586	500
2023.02.23	16:00:00	5145.000	5146.000	5132.500	5140.000	45166	156942	500
2023.02.23	17:00:00	5140.000	5142.500	5135.500	5137.000	22705	76310	500
2023.02.23	18:00:00	5137.500	5146.500	5132.500	5142.500	9863	40063	500
2023.02.24	09:00:00	5162.500	5172.000	5151.500	5168.000	146456	427918	500
2023.02.24	10:00:00	5168.000	5186.000	5159.000	5176.000	205946	638021	500
2023.02.24	11:00:00	5176.500	5202.000	5175.500	5196.500	137431	480496	500
2023.02.24	12:00:00	5196.000	5202.000	5187.000	5197.500	98738	368866	500
2023.02.24	13:00:00	5197.500	5199.500	5185.000	5191.500	54642	192336	500
2023.02.24	14:00:00	5191.500	5211.500	5185.500	5203.000	69744	251797	500
2023.02.24	15:00:00	5203.500	5213.500	5198.500	5209.000	66999	238796	500
2023.02.24	16:00:00	5209.500	5211.500	5201.000	5202.500	35706	131031	500
2023.02.24	17:00:00	5202.500	5208.000	5201.000	5204.000	27266	97658	500
2023.02.24	18:00:00	5203.500	5219.500	5203.000	5215.500	14285	59579	500
2023.02.27	09:00:00	5192.000	5204.000	5177.500	5200.000	170220	524861	500
2023.02.27	10:00:00	5200.500	5206.000	5184.000	5195.000	162594	482851	500
2023.02.27	11:00:00	5195.000	5214.000	5188.000	5198.500	138748	468480	500
2023.02.27	12:00:00	5198.000	5205.500	5172.500	5198.000	134060	468107	500
2023.02.27	13:00:00	5198.000	5215.000	5193.500	5205.500	73720	261300	500
2023.02.27	14:00:00	5205.500	5214.000	5195.000	5199.500	69583	265364	500
2023.02.27	15:00:00	5199.500	5201.500	5173.000	5187.500	110739	428734	500
2023.02.27	16:00:00	5187.500	5209.500	5187.500	5209.000	50176	183615	500
2023.02.27	17:00:00	5208.500	5211.500	5198.000	5203.000	41843	148677	500
2023.02.27	18:00:00	5202.500	5207.000	5199.000	5202.500	8447	33570	500
2023.02.28	09:00:00	5232.000	5258.000	5227.500	5233.500	180433	512975	500
2023.02.28	10:00:00	5233.500	5249.000	5213.000	5225.000	163287	494459	500
2023.02.28	11:00:00	5225.000	5255.000	5223.500	5245.500	139542	451863	500
2023.02.28	12:00:00	5246.000	5256.000	5235.500	5255.500	108709	370308	500
2023.02.28	13:00:00	5255.500	5276.500	5247.500	5262.500	121768	429307	500
2023.02.28	14:00:00	5262.500	5267.000	5251.500	5255.500	65899	206183	500
2023.02.28	15:00:00	5256.000	5265.500	5252.000	5258.500	59315	198628	500
2023.02.28	16:00:00	5259.000	5265.000	5253.000	5259.500	44844	168418	500
2023.02.28	17:00:00	5259.500	5280.500	5250.000	5271.000	47615	175359	500
2023.02.28	18:00:00	5271.000	5279.000	5266.000	5271.000	14118	72505	500
2023.03.01	09:00:00	5252.500	5254.000	5230.000	5239.500	183751	544715	500
2023.03.01	10:00:00	5239.500	5253.500	5222.500	5245.500	186289	555907	500
2023.03.01	11:00:00	5245.500	5249.000	5231.000	5244.000	126708	385351	500
2023.03.01	12:00:00	5243.500	5264.000	5223.500	5225.500	158765	509815	500
2023.03.01	13:00:00	5225.500	5238.500	5224.000	5230.000	77268	288573	500
2023.03.01	14:00:00	5230.000	5232.500	5216.500	5230.000	76810	255010	500
2023.03.01	15:00:00	5230.000	5232.500	5218.000	5230.500	64305	232132	500
2023.03.01	16:00:00	5230.500	5232.000	5222.000	5224.500	32566	114986	500
2023.03.01	17:00:00	5224.500	5229.000	5211.000	5213.000	38770	139387	500
2023.03.01	18:00:00	5213.500	5216.000	5207.000	5211.500	10893	43019	500
2023.03.02	09:00:00	5225.000	5247.500	5213.000	5238.500	161881	480215	500
2023.03.02	10:00:00	5238.000	5254.000	5232.500	5248.500	169847	517145	500
2023.03.02	11:00:00	5249.000	5260.500	5242.000	5246.500	140138	474734	500
2023.03.02	12:00:00	5246.000	5251.000	5232.000	5235.000	96078	338213	500
2023.03.02	13:00:00	5235.000	5240.000	5226.500	5236.500	66471	250256	500
2023.03.02	14:00:00	5236.500	5245.000	5232.000	5235.500	56656	193511	500
2023.03.02	15:00:00	5236.000	5240.500	5213.000	5228.000	80128	279037	500
2023.03.02	16:00:00	5228.000	5244.000	5227.000	5236.500	63919	227204	500
2023.03.02	17:00:00	5236.500	5248.000	5233.000	5244.500	43692	152431	500
2023.03.02	18:00:00	5244.000	5245.500	5232.000	5240.500	12022	51744	500
2023.03.03	09:00:00	5225.500	5246.000	5213.500	5234.000	146889	431998	500
2023.03.03	10:00:00	5234.000	5238.000	5224.500	5231.500	131432	396249	500
2023.03.03	11:00:00	5231.500	5249.500	5221.000	5237.000	131549	425884	500
2023.03.03	12:00:00	5238.000	5261.000	5235.500	5244.500	123480	451784	500
2023.03.03	13:00:00	5244.500	5248.500	5231.500	5239.500	49263	182481	500
2023.03.03	14:00:00	5239.000	5245.500	5230.000	5232.000	48927	190786	500
2023.03.03	15:00:00	5232.500	5235.500	5226.500	5233.500	47693	178319	500
2023.03.03	16:00:00	5233.500	5233.500	5225.500	5230.500	31848	138206	500
2023.03.03	17:00:00	5230.500	5237.000	5228.000	5229.000	23416	111014	500
2023.03.03	18:00:00	5228.500	5231.000	5222.500	5227.000	8246	35376	500
2023.03.06	09:00:00	5238.000	5243.500	5225.500	5233.000	115538	345255	500
2023.03.06	10:00:00	5233.000	5247.000	5228.500	5242.500	118757	386634	500
2023.03.06	11:00:00	5242.000	5247.000	5227.500	5230.500	112261	366581	500
2023.03.06	12:00:00	5230.500	5233.000	5191.000	5204.000	146564	528871	500
2023.03.06	13:00:00	5204.000	5209.000	5193.000	5198.500	71563	273877	500
2023.03.06	14:00:00	5198.500	5202.000	5191.500	5198.000	46576	164663	500
2023.03.06	15:00:00	5197.500	5204.000	5197.000	5201.000	38167	142880	500
2023.03.06	16:00:00	5201.000	5201.500	5192.500	5198.500	40602	181767	500
2023.03.06	17:00:00	5198.500	5199.500	5186.500	5188.000	29003	124360	500
2023.03.06	18:00:00	5188.000	5190.500	5180.500	5186.000	13896	65667	500
2023.03.07	09:00:00	5196.500	5206.000	5182.000	5204.000	123575	383802	500
2023.03.07	10:00:00	5204.000	5210.000	5192.000	5199.500	132768	406914	500
2023.03.07	11:00:00	5199.500	5213.000	5197.000	5202.500	103660	325032	500
2023.03.07	12:00:00	5202.500	5233.000	5202.500	5226.000	177531	587091	500
2023.03.07	13:00:00	5226.500	5228.500	5216.500	5221.500	50465	174991	500
2023.03.07	14:00:00	5221.500	5222.000	5203.000	5215.500	73607	265260	500
2023.03.07	15:00:00	5216.000	5230.000	5212.000	5224.500	65210	239339	500
2023.03.07	16:00:00	5224.000	5226.000	5212.500	5221.000	48914	182284	500
2023.03.07	17:00:00	5221.000	5221.000	5212.500	5219.500	26760	96916	500
2023.03.07	18:00:00	5219.500	5224.500	5216.000	5219.000	7731	33139	500
2023.03.08	09:00:00	5208.500	5212.000	5196.500	5202.000	125740	376420	500
2023.03.08	10:00:00	5202.000	5203.500	5170.000	5175.500	194474	645384	500
2023.03.08	11:00:00	5176.000	5182.000	5151.000	5154.000	138194	491604	500
2023.03.08	12:00:00	5154.000	5163.500	5126.000	5144.500	178256	708463	500
2023.03.08	13:00:00	5144.500	5161.500	5140.500	5152.000	98481	381853	500
2023.03.08	14:00:00	5151.500	5166.000	5148.500	5164.500	67951	249091	500
2023.03.08	15:00:00	5164.500	5174.000	5159.000	5172.500	62666	228467	500
2023.03.08	16:00:00	5172.500	5173.000	5163.500	5164.000	40540	155722	500
2023.03.08	17:00:00	5164.000	5165.500	5157.000	5158.000	31949	125627	500
2023.03.08	18:00:00	5158.000	5169.500	5156.500	5168.500	10326	47867	500
2023.03.09	09:00:00	5159.000	5169.500	5141.000	5164.000	175959	540061	500
2023.03.09	10:00:00	5164.000	5169.000	5135.500	5137.000	194936	597396	500
2023.03.09	11:00:00	5137.000	5161.000	5133.500	5159.500	148195	474954	500
2023.03.09	12:00:00	5159.500	5172.000	5153.500	5170.500	102423	345654	500
2023.03.09	13:00:00	5170.500	5181.000	5168.000	5179.000	79434	267746	500
2023.03.09	14:00:00	5178.500	5183.000	5165.500	5170.000	75281	274603	500
2023.03.09	15:00:00	5170.000	5175.500	5148.000	5152.500	84033	310626	500
2023.03.09	16:00:00	5153.000	5164.500	5150.500	5164.500	52850	192109	500
2023.03.09	17:00:00	5164.500	5194.000	5162.000	5184.500	75146	287662	500
2023.03.09	18:00:00	5184.500	5194.500	5183.500	5187.500	12766	53869	500
2023.03.10	09:00:00	5175.000	5207.500	5175.000	5207.000	133987	402902	500
2023.03.10	10:00:00	5207.000	5243.500	5201.000	5220.000	242651	777493	500
2023.03.10	11:00:00	5219.500	5227.000	5196.000	5201.500	165270	555574	500
2023.03.10	12:00:00	5201.500	5201.500	5179.500	5181.500	136159	495308	500
2023.03.10	13:00:00	5181.000	5209.000	5181.000	5206.500	91951	336235	500
2023.03.10	14:00:00	5206.000	5220.000	5200.500	5216.000	75638	261901	500
2023.03.10	15:00:00	5216.500	5242.500	5214.000	5236.500	79248	312319	500
2023.03.10	16:00:00	5236.500	5239.500	5228.000	5229.000	53418	209446	500
2023.03.10	17:00:00	5229.000	5237.000	5228.000	5234.000	30428	110188	500
2023.03.10	18:00:00	5234.500	5245.000	5234.000	5235.000	10985	54393	500
2023.03.13	09:00:00	5236.500	5300.500	5232.000	5294.000	322101	1016202	500
2023.03.13	10:00:00	5294.000	5303.500	5265.000	5266.500	230022	741337	500
2023.03.13	11:00:00	5266.500	5268.000	5235.000	5237.500	184964	626471	500
2023.03.13	12:00:00	5237.500	5263.500	5232.000	5258.000	115182	419669	500
2023.03.13	13:00:00	5258.000	5270.500	5253.000	5259.500	80288	281865	500
2023.03.13	14:00:00	5259.500	5275.500	5258.500	5264.000	77916	269705	500
2023.03.13	15:00:00	5264.000	5278.500	5260.000	5277.500	58606	206291	500
2023.03.13	16:00:00	5278.000	5290.000	5273.000	5288.500	63519	223477	500
2023.03.13	17:00:00	5288.500	5290.000	5262.000	5267.000	41157	182693	500
2023.03.14	09:00:00	5256.000	5279.000	5240.500	5250.000	263928	774749	500
2023.03.14	10:00:00	5250.000	5266.500	5241.500	5251.500	180185	552695	500
2023.03.14	11:00:00	5251.000	5259.500	5239.500	5258.000	120418	405495	500
2023.03.14	12:00:00	5257.500	5278.000	5247.000	5278.000	90697	313808	500
2023.03.14	13:00:00	5277.500	5278.000	5260.500	5264.500	81115	297567	500
2023.03.14	14:00:00	5264.000	5274.500	5261.000	5266.500	68351	241892	500
2023.03.14	15:00:00	5267.000	5274.500	5262.000	5272.000	59260	221471	500
2023.03.14	16:00:00	5271.500	5281.000	5270.500	5276.000	57528	216138	500
2023.03.14	17:00:00	5275.500	5276.500	5269.000	5273.500	22715	86488	500
2023.03.15	09:00:00	5325.000	5347.000	5294.000	5302.000	246602	778741	500
2023.03.15	10:00:00	5302.000	5316.500	5289.000	5308.000	189104	630950	500
2023.03.15	11:00:00	5308.000	5338.000	5305.000	5322.500	169038	582896	500
2023.03.15	12:00:00	5323.000	5331.000	5318.500	5324.500	91529	340695	500
2023.03.15	13:00:00	5325.000	5345.500	5320.500	5342.000	86834	339438	500
2023.03.15	14:00:00	5342.000	5342.500	5321.000	5325.500	104399	356945	500
2023.03.15	15:00:00	5325.500	5333.000	5303.500	5316.000	113854	407192	500
2023.03.15	16:00:00	5315.500	5321.000	5307.500	5312.000	57881	204430	500
2023.03.15	17:00:00	5312.000	5315.000	5300.000	5306.500	24639	104244	500
2023.03.16	09:00:00	5295.000	5307.000	5283.500	5307.000	184993	525929	500
2023.03.16	10:00:00	5306.500	5313.000	5291.000	5295.500	194468	588705	500
2023.03.16	11:00:00	5295.000	5323.000	5293.500	5314.500	150429	491496	500
2023.03.16	12:00:00	5314.500	5329.000	5294.500	5299.000	123888	453508	500
2023.03.16	13:00:00	5299.000	5305.500	5285.000	5287.500	76541	283414	500
2023.03.16	14:00:00	5288.000	5291.000	5277.000	5287.000	81320	293379	500
2023.03.16	15:00:00	5286.500	5289.000	5258.000	5260.000	90147	319142	500
2023.03.16	16:00:00	5260.000	5264.500	5254.000	5256.000	48463	188907	500
2023.03.16	17:00:00	5255.500	5259.000	5242.000	5245.500	39746	159429	500
2023.03.17	09:00:00	5255.000	5270.000	5247.500	5266.500	132652	400652	500
2023.03.17	10:00:00	5266.500	5284.000	5264.000	5279.500	128235	435101	500
2023.03.17	11:00:00	5280.000	5300.000	5269.500	5291.000	123591	398173	500
2023.03.17	12:00:00	5291.000	5299.500	5288.500	5295.500	65836	276787	500
2023.03.17	13:00:00	5296.000	5297.500	5282.500	5287.500	58930	248306	500
2023.03.17	14:00:00	5287.500	5293.000	5281.000	5281.500	45448	154788	500
2023.03.17	15:00:00	5281.000	5294.000	5280.000	5290.500	48681	183710	500
2023.03.17	16:00:00	5290.500	5293.500	5284.000	5285.500	32133	128155	500
2023.03.17	17:00:00	5285.500	5297.500	5282.000	5294.000	25660	111231	500
2023.03.20	09:00:00	5286.000	5297.500	5272.000	5273.000	173332	551857	500
2023.03.20	10:00:00	5273.000	5274.000	5253.000	5260.000	163799	513211	500
2023.03.20	11:00:00	5260.500	5270.500	5246.000	5249.500	122382	397626	500
2023.03.20	12:00:00	5249.000	5264.000	5248.000	5261.500	81880	297218	500
2023.03.20	13:00:00	5261.500	5265.000	5255.000	5255.000	45566	179198	500
2023.03.20	14:00:00	5255.500	5259.000	5250.000	5256.000	40601	153533	500
2023.03.20	15:00:00	5255.500	5261.000	5254.500	5258.500	37972	141491	500
2023.03.20	16:00:00	5258.500	5259.000	5250.000	5255.500	37120	134982	500
2023.03.20	17:00:00	5255.500	5258.500	5250.000	5251.500	21831	86067	500
2023.03.21	09:00:00	5236.500	5256.000	5228.000	5253.000	160904	496791	500
2023.03.21	10:00:00	5252.500	5266.000	5250.500	5259.500	155865	517692	500
2023.03.21	11:00:00	5259.500	5266.000	5242.000	5246.500	130353	455475	500
2023.03.21	12:00:00	5247.000	5258.500	5246.000	5257.500	48753	178881	500
2023.03.21	13:00:00	5257.500	5258.500	5247.500	5252.000	37042	133991	500
2023.03.21	14:00:00	5251.500	5259.000	5246.500	5254.500	41140	148803	500
2023.03.21	15:00:00	5254.500	5257.000	5244.000	5245.500	46961	203800	500
2023.03.21	16:00:00	5246.000	5263.000	5243.500	5257.500	52492	213034	500
2023.03.21	17:00:00	5257.000	5260.000	5252.000	5254.500	25393	104276	500
2023.03.22	09:00:00	5256.500	5274.000	5250.500	5265.000	119382	363309	500
2023.03.22	10:00:00	5265.000	5288.000	5260.000	5282.000	146746	459951	500
2023.03.22	11:00:00	5282.000	5289.000	5274.500	5280.500	107160	396973	500
2023.03.22	12:00:00	5280.500	5281.000	5268.000	5268.500	59141	209546	500
2023.03.22	13:00:00	5268.500	5279.000	5268.000	5277.000	41552	151889	500
2023.03.22	14:00:00	5277.000	5282.000	5269.500	5274.000	56252	231790	500
2023.03.22	15:00:00	5274.000	5279.500	5213.500	5230.500	260772	868079	500
2023.03.22	16:00:00	5230.500	5247.000	5223.500	5245.000	104730	358662	500
2023.03.22	17:00:00	5245.500	5254.500	5239.000	5251.500	32779	136745	500
2023.03.23	09:00:00	5215.500	5251.000	5212.000	5250.000	173023	561259	500
2023.03.23	10:00:00	5250.500	5278.500	5246.000	5273.500	169784	593236	500
2023.03.23	11:00:00	5273.500	5289.000	5269.500	5283.000	146292	537637	500
2023.03.23	12:00:00	5283.000	5283.500	5269.500	5278.000	61967	251676	500
2023.03.23	13:00:00	5278.000	5287.000	5269.000	5283.000	72638	283538	500
2023.03.23	14:00:00	5283.500	5289.000	5275.500	5288.500	69891	266927	500
2023.03.23	15:00:00	5288.000	5305.500	5281.500	5296.500	104717	433031	500
2023.03.23	16:00:00	5296.500	5300.000	5287.000	5298.000	60941	228377	500
2023.03.23	17:00:00	5298.000	5310.000	5293.500	5306.500	32041	149005	500
2023.03.24	09:00:00	5330.000	5349.000	5318.000	5335.000	229675	747692	500
2023.03.24	10:00:00	5335.000	5342.500	5314.000	5315.500	169721	576593	500
2023.03.24	11:00:00	5316.000	5318.000	5285.500	5289.000	150125	564352	500
2023.03.24	12:00:00	5289.500	5293.500	5254.500	5257.000	115022	511602	500
2023.03.24	13:00:00	5257.500	5264.500	5252.500	5257.500	59984	259475	500
2023.03.24	14:00:00	5257.000	5262.000	5246.000	5261.000	60663	247578	500
2023.03.24	15:00:00	5260.500	5264.000	5252.500	5263.500	47159	194131	500
2023.03.24	16:00:00	5263.000	5263.000	5254.500	5258.500	30004	119220	500
2023.03.24	17:00:00	5258.000	5259.000	5250.000	5255.000	22444	114722	500
2023.03.27	09:00:00	5256.000	5257.000	5227.500	5235.000	143152	386744	500
2023.03.27	10:00:00	5235.000	5244.500	5228.500	5234.500	122464	371742	500
2023.03.27	11:00:00	5235.000	5242.000	5222.500	5239.500	111816	356533	500
2023.03.27	12:00:00	5239.000	5248.500	5238.500	5240.000	58048	184610	500
2023.03.27	13:00:00	5240.500	5241.000	5228.000	5230.500	49686	166606	500
2023.03.27	14:00:00	5230.500	5231.500	5222.500	5229.000	47758	169398	500
2023.03.27	15:00:00	5229.500	5231.500	5216.000	5218.500	55131	198717	500
2023.03.27	16:00:00	5218.500	5220.000	5211.500	5212.000	36022	128720	500
2023.03.27	17:00:00	5212.500	5213.000	5198.500	5203.500	35659	139723	500
2023.03.28	09:00:00	5199.000	5199.000	5162.500	5193.000	203141	685642	500
2023.03.28	10:00:00	5192.500	5198.000	5151.000	5169.000	195774	723645	500
2023.03.28	11:00:00	5168.500	5185.000	5162.000	5183.000	118872	447110	500
2023.03.28	12:00:00	5183.000	5184.000	5166.000	5172.000	65438	262116	500
2023.03.28	13:00:00	5172.500	5172.500	5154.000	5158.000	60133	226865	500
2023.03.28	14:00:00	5158.000	5171.000	5156.000	5169.500	47950	183423	500
2023.03.28	15:00:00	5169.000	5175.500	5164.500	5172.500	48234	190139	500
2023.03.28	16:00:00	5173.000	5173.000	5166.000	5168.500	30454	148152	500
2023.03.28	17:00:00	5168.500	5171.500	5166.000	5169.000	17693	90994	500
2023.03.29	09:00:00	5166.000	5185.000	5152.000	5165.500	193767	589724	500
2023.03.29	10:00:00	5165.500	5173.000	5148.000	5149.000	178756	575458	500
2023.03.29	11:00:00	5149.000	5153.500	5143.000	5149.500	106937	387694	500
2023.03.29	12:00:00	5150.000	5151.500	5133.500	5142.000	81835	325066	500
2023.03.29	13:00:00	5142.000	5148.500	5138.500	5145.000	54715	218091	500
2023.03.29	14:00:00	5145.000	5146.500	5137.000	5141.000	49096	208604	500
2023.03.29	15:00:00	5141.000	5175.500	5140.500	5154.500	136124	576250	500
2023.03.29	16:00:00	5154.500	5157.000	5128.500	5136.000	65819	273126	500
2023.03.29	17:00:00	5136.000	5139.500	5128.500	5139.000	23520	116200	500
2023.03.30	09:00:00	5106.000	5113.500	5070.000	5107.500	261164	813534	500
2023.03.30	10:00:00	5107.500	5118.500	5090.000	5113.000	209832	704242	500
2023.03.30	11:00:00	5113.500	5162.500	5112.500	5131.500	219180	769513	500
2023.03.30	12:00:00	5131.500	5134.000	5117.500	5123.000	73398	299059	500
2023.03.30	13:00:00	5123.500	5124.000	5101.000	5111.000	67431	275766	500
2023.03.30	14:00:00	5111.000	5125.000	5105.000	5115.000	58241	233547	500
2023.03.30	15:00:00	5114.500	5116.000	5096.000	5101.000	57404	229236	500
2023.03.30	16:00:00	5101.000	5106.500	5094.500	5100.000	47202	181593	500
2023.03.30	17:00:00	5099.500	5102.000	5089.000	5096.000	28386	119539	500
2023.03.31	09:00:00	5133.000	5133.000	5085.500	5106.500	220749	701568	500
2023.03.31	10:00:00	5106.500	5118.000	5093.500	5115.000	148845	557822	500
2023.03.31	11:00:00	5115.000	5115.500	5087.000	5093.000	122531	493221	500
2023.03.31	12:00:00	5093.500	5098.500	5079.000	5094.000	80002	365021	500
2023.03.31	13:00:00	5094.500	5098.000	5083.000	5089.500	54416	267791	500
2023.03.31	14:00:00	5089.500	5105.000	5084.500	5092.500	72620	325787	500
2023.03.31	15:00:00	5092.500	5102.500	5091.000	5097.500	44336	167114	500
2023.03.31	16:00:00	5097.500	5100.500	5087.000	5091.500	45086	191717	500
2023.03.31	17:00:00	5091.000	5095.000	5085.500	5087.500	23746	109894	500
2023.04.03	09:00:00	5078.500	5086.500	5063.000	5082.500	177426	591044	500
2023.04.03	10:00:00	5082.500	5099.500	5081.000	5094.500	136782	438657	500
2023.04.03	11:00:00	5094.000	5094.000	5071.000	5082.000	145115	467279	500
2023.04.03	12:00:00	5081.500	5094.000	5079.000	5090.000	67707	234948	500
2023.04.03	13:00:00	5090.500	5094.500	5084.500	5089.500	43322	168246	500
2023.04.03	14:00:00	5089.000	5095.000	5081.000	5089.500	55664	188593	500
2023.04.03	15:00:00	5089.500	5104.000	5085.500	5102.000	70899	241320	500
2023.04.03	16:00:00	5101.500	5103.500	5089.500	5091.500	39251	138493	500
2023.04.03	17:00:00	5091.500	5093.500	5082.000	5089.000	20907	80446	500
2023.04.04	09:00:00	5074.000	5093.500	5071.500	5090.000	147896	472691	500
2023.04.04	10:00:00	5090.500	5103.000	5086.000	5099.000	122040	410910	500
2023.04.04	11:00:00	5099.000	5099.000	5085.500	5094.500	146740	533786	500
2023.04.04	12:00:00	5095.000	5120.000	5091.500	5112.000	108028	430578	500
2023.04.04	13:00:00	5112.000	5112.500	5103.500	5108.000	44540	164404	500
2023.04.04	14:00:00	5107.500	5109.000	5103.000	5105.000	32076	135568	500
2023.04.04	15:00:00	5105.000	5109.000	5102.000	5106.000	32959	134017	500
2023.04.04	16:00:00	5106.500	5109.000	5102.000	5102.500	25566	106597	500
2023.04.04	17:00:00	5102.500	5104.000	5082.000	5092.000	34111	157547	500
2023.04.05	09:00:00	5092.000	5097.500	5066.500	5074.500	206482	651859	500
2023.04.05	10:00:00	5074.500	5083.000	5065.000	5067.500	128685	442838	500
2023.04.05	11:00:00	5067.500	5078.500	5031.500	5071.500	192903	700283	500
2023.04.05	12:00:00	5072.000	5075.500	5057.000	5059.500	60661	228419	500
2023.04.05	13:00:00	5059.000	5081.000	5059.000	5078.500	62592	244928	500
2023.04.05	14:00:00	5078.000	5083.000	5074.500	5077.500	42257	159807	500
2023.04.05	15:00:00	5077.000	5082.500	5072.000	5082.000	42909	170193	500
2023.04.05	16:00:00	5081.500	5082.500	5068.000	5069.500	37055	137933	500
2023.04.05	17:00:00	5069.500	5070.000	5051.500	5058.000	27562	122528	500
2023.04.06	09:00:00	5063.000	5094.500	5058.500	5090.000	149908	493459	500
2023.04.06	10:00:00	5090.500	5101.500	5085.000	5097.500	137239	470344	500
2023.04.06	11:00:00	5097.000	5098.500	5076.000	5078.000	104390	357142	500
2023.04.06	12:00:00	5078.500	5088.000	5075.000	5083.000	61919	212277	500
2023.04.06	13:00:00	5083.500	5085.500	5078.000	5082.500	31673	113719	500
2023.04.06	14:00:00	5082.000	5084.000	5072.500	5079.000	38682	145897	500
2023.04.06	15:00:00	5079.000	5080.500	5069.500	5074.000	36595	141095	500
2023.04.06	16:00:00	5074.000	5079.500	5073.500	5076.000	21618	86276	500
2023.04.06	17:00:00	5076.500	5078.500	5071.000	5078.500	19765	97133	500
2023.04.10	09:00:00	5074.000	5099.500	5055.500	5098.000	184785	593322	500
2023.04.10	10:00:00	5098.500	5109.500	5097.000	5101.000	139936	416714	500
2023.04.10	11:00:00	5101.000	5106.500	5094.500	5098.000	68869	251470	500
2023.04.10	12:00:00	5098.000	5101.000	5091.000	5100.000	48356	168373	500
2023.04.10	13:00:00	5100.000	5102.500	5092.000	5094.000	34827	122943	500
2023.04.10	14:00:00	5093.500	5094.000	5084.500	5086.000	40151	157799	500
2023.04.10	15:00:00	5086.000	5095.000	5084.500	5093.000	36205	127113	500
2023.04.10	16:00:00	5092.500	5094.500	5081.500	5082.000	40158	154772	500
2023.04.10	17:00:00	5082.500	5087.500	5080.000	5087.500	21681	91273	500
2023.04.11	09:00:00	5070.000	5075.500	5047.500	5051.000	206579	666917	500
2023.04.11	10:00:00	5051.000	5051.000	5003.000	5020.000	237754	987332	500
2023.04.11	11:00:00	5020.500	5023.500	5003.500	5020.000	124513	478477	500
2023.04.11	12:00:00	5020.500	5028.000	5016.500	5022.500	64287	284474	500
2023.04.11	13:00:00	5023.000	5027.000	5020.500	5021.500	30270	127395	500
2023.04.11	14:00:00	5021.500	5025.000	5015.500	5018.000	51671	209593	500
2023.04.11	15:00:00	5017.500	5022.500	5016.000	5022.000	38239	164742	500
2023.04.11	16:00:00	5022.000	5023.500	5018.500	5021.500	23917	105248	500
2023.04.11	17:00:00	5022.000	5022.500	5013.000	5021.500	27872	134317	500
2023.04.12	09:00:00	5026.500	5028.000	4957.500	4984.000	309825	975588	500
2023.04.12	10:00:00	4984.000	4994.500	4947.500	4959.000	217381	748103	500
2023.04.12	11:00:00	4959.000	4961.000	4929.000	4948.500	162695	653029	500
2023.04.12	12:00:00	4948.500	4957.000	4943.000	4950.000	65316	272962	500
2023.04.12	13:00:00	4950.000	4958.000	4936.500	4939.000	53449	228002	500
2023.04.12	14:00:00	4938.500	4950.000	4931.000	4945.500	63555	251594	500
2023.04.12	15:00:00	4945.500	4952.500	4938.000	4947.500	62868	238314	500
2023.04.12	16:00:00	4947.500	4957.500	4946.500	4953.000	36025	142059	500
2023.04.12	17:00:00	4953.000	4955.000	4927.500	4933.500	35711	155305	500
2023.04.13	09:00:00	4936.000	4952.000	4916.000	4939.500	270962	873024	500
2023.04.13	10:00:00	4940.000	4943.000	4911.000	4919.000	195720	670997	500
2023.04.13	11:00:00	4918.500	4934.000	4915.000	4917.000	102029	387195	500
2023.04.13	12:00:00	4917.000	4923.500	4905.500	4915.500	64031	270115	500
2023.04.13	13:00:00	4915.500	4926.000	4915.000	4924.000	38853	168601	500
2023.04.13	14:00:00	4923.500	4926.500	4916.500	4920.500	46673	227745	500
2023.04.13	15:00:00	4921.000	4943.500	4919.500	4941.000	67396	321748	500
2023.04.13	16:00:00	4941.000	4943.500	4936.000	4939.000	30742	147464	500
2023.04.13	17:00:00	4939.000	4943.000	4936.500	4940.000	20578	104815	500
2023.04.14	09:00:00	4947.500	4949.000	4902.500	4933.500	226344	738324	500
2023.04.14	10:00:00	4933.500	4969.000	4932.500	4955.500	164174	572558	500
2023.04.14	11:00:00	4955.000	4975.500	4955.000	4967.000	105408	393891	500
2023.04.14	12:00:00	4967.500	4970.000	4949.500	4950.000	61914	234592	500
2023.04.14	13:00:00	4950.000	4953.500	4941.000	4942.000	56816	209921	500
2023.04.14	14:00:00	4941.500	4943.500	4932.500	4938.000	58974	232060	500
2023.04.14	15:00:00	4937.500	4942.000	4926.500	4928.500	52338	208531	500
2023.04.14	16:00:00	4928.500	4930.500	4923.000	4926.500	34784	130969	500
2023.04.14	17:00:00	4926.000	4926.500	4917.500	4919.000	22679	94696	500
2023.04.17	09:00:00	4930.000	4946.500	4909.000	4939.000	210307	639469	500
2023.04.17	10:00:00	4939.000	4957.500	4932.000	4955.000	136071	454198	500
2023.04.17	11:00:00	4955.000	4965.000	4950.500	4960.000	87119	329935	500
2023.04.17	12:00:00	4959.500	4967.000	4953.000	4956.000	61198	225003	500
2023.04.17	13:00:00	4956.000	4958.500	4951.000	4955.000	34831	138397	500
2023.04.17	14:00:00	4955.000	4958.000	4938.000	4939.000	57809	235922	500
2023.04.17	15:00:00	4939.000	4943.000	4927.000	4938.500	69147	281403	500
2023.04.17	16:00:00	4939.000	4947.500	4936.500	4945.000	47060	162979	500
2023.04.17	17:00:00	4945.500	4953.000	4944.000	4950.500	21782	96267	500
2023.04.18	09:00:00	4927.500	4952.500	4918.500	4950.500	190273	596314	500
2023.04.18	10:00:00	4951.000	4998.500	4948.500	4985.500	231116	855810	500
2023.04.18	11:00:00	4985.500	4990.000	4971.000	4979.000	111340	389629	500
2023.04.18	12:00:00	4979.000	4985.000	4975.000	4980.500	56097	206422	500
2023.04.18	13:00:00	4980.500	4981.500	4972.000	4974.000	33019	132928	500
2023.04.18	14:00:00	4974.500	4983.000	4973.500	4979.500	40250	159195	500
2023.04.18	15:00:00	4979.500	5004.500	4979.000	4994.000	95039	391820	500
2023.04.18	16:00:00	4993.500	4994.500	4974.500	4982.500	60700	255066	500
2023.04.18	17:00:00	4983.000	4997.500	4981.500	4996.500	30396	130206	500
2023.04.18	18:00:00	4993.500	4993.500	4993.500	4993.500	1	17	500
2023.04.19	09:00:00	5019.500	5041.500	5012.500	5040.500	224421	712451	500
2023.04.19	10:00:00	5040.000	5069.000	5034.000	5068.500	188361	649498	500
2023.04.19	11:00:00	5068.500	5070.500	5036.000	5043.500	153527	530872	500
2023.04.19	12:00:00	5044.000	5060.500	5043.000	5059.500	76288	283187	500
2023.04.19	13:00:00	5059.500	5062.000	5052.500	5056.500	45876	167738	500
2023.04.19	14:00:00	5056.000	5070.500	5054.500	5068.500	54233	204094	500
2023.04.19	15:00:00	5068.000	5089.500	5067.000	5085.500	80097	315676	500
2023.04.19	16:00:00	5085.500	5094.000	5076.000	5093.500	58485	239571	500
2023.04.19	17:00:00	5093.500	5097.000	5080.000	5083.000	39006	175611	500
2023.04.20	09:00:00	5091.500	5092.500	5063.000	5066.000	207273	602369	500
2023.04.20	10:00:00	5066.000	5074.500	5059.000	5066.500	149605	494390	500
2023.04.20	11:00:00	5066.000	5067.000	5045.000	5050.500	109545	386720	500
2023.04.20	12:00:00	5050.500	5057.000	5042.500	5048.500	64639	239161	500
2023.04.20	13:00:00	5048.500	5056.500	5045.000	5050.000	35792	136012	500
2023.04.20	14:00:00	5050.500	5052.000	5042.000	5047.500	38340	153067	500
2023.04.20	15:00:00	5047.500	5054.000	5046.000	5053.500	32066	135723	500
2023.04.20	16:00:00	5054.000	5067.000	5052.000	5065.500	41800	181835	500
2023.04.20	17:00:00	5065.500	5066.000	5054.500	5056.000	25862	110253	500
2023.04.24	09:00:00	5074.000	5085.000	5064.000	5066.500	151383	416412	500
2023.04.24	10:00:00	5066.500	5090.500	5054.000	5070.000	191536	596007	500
2023.04.24	11:00:00	5069.500	5084.500	5060.000	5071.000	128803	449375	500
2023.04.24	12:00:00	5070.500	5074.500	5057.000	5060.000	67644	250913	500
2023.04.24	13:00:00	5059.500	5063.000	5052.000	5053.500	42852	170648	500
2023.04.24	14:00:00	5053.500	5059.000	5048.500	5051.500	52386	191526	500
2023.04.24	15:00:00	5051.500	5054.000	5042.500	5045.000	58474	239465	500
2023.04.24	16:00:00	5045.500	5049.500	5043.500	5045.500	28613	120820	500
2023.04.24	17:00:00	5045.000	5048.500	5038.000	5039.500	19648	82984	500
2023.04.25	09:00:00	5050.500	5070.500	5038.000	5039.000	207489	663389	500
2023.04.25	10:00:00	5039.000	5082.000	5033.000	5081.000	231722	758787	500
2023.04.25	11:00:00	5081.500	5085.000	5063.500	5073.500	124325	453884	500
2023.04.25	12:00:00	5073.500	5074.500	5062.000	5066.000	69647	287863	500
2023.04.25	13:00:00	5066.000	5074.000	5060.500	5073.500	50352	206211	500
2023.04.25	14:00:00	5074.000	5087.000	5070.500	5074.000	76942	293183	500
2023.04.25	15:00:00	5074.500	5079.500	5071.000	5072.500	40238	152165	500
2023.04.25	16:00:00	5072.500	5075.500	5066.000	5066.500	33527	133102	500
2023.04.25	17:00:00	5067.000	5068.000	5053.000	5064.000	24838	111245	500
2023.04.26	09:00:00	5050.000	5075.000	5037.000	5068.500	214582	656289	500
2023.04.26	10:00:00	5068.500	5075.000	5059.500	5070.000	134239	432424	500
2023.04.26	11:00:00	5070.000	5073.500	5039.000	5052.500	151013	541613	500
2023.04.26	12:00:00	5052.500	5055.500	5041.000	5050.500	83428	326046	500
2023.04.26	13:00:00	5051.000	5052.000	5037.500	5041.000	51028	197827	500
2023.04.26	14:00:00	5041.500	5053.500	5038.000	5052.000	46458	180872	500
2023.04.26	15:00:00	5052.500	5063.000	5049.000	5058.000	78316	312573	500
2023.04.26	16:00:00	5058.000	5062.000	5053.500	5059.500	34704	144951	500
2023.04.26	17:00:00	5059.500	5063.000	5044.000	5047.500	24506	111313	500
2023.04.27	09:00:00	5040.000	5050.000	5023.000	5025.500	220563	653009	500
2023.04.27	10:00:00	5025.500	5037.000	5013.000	5021.000	186585	673738	500
2023.04.27	11:00:00	5020.500	5026.500	5001.500	5008.000	139143	532124	500
2023.04.27	12:00:00	5007.500	5014.500	5004.500	5014.000	60684	262451	500
2023.04.27	13:00:00	5014.000	5017.000	5009.000	5010.000	40813	173466	500
2023.04.27	14:00:00	5009.500	5010.500	4988.500	4990.000	89704	348108	500
2023.04.27	15:00:00	4990.000	4992.000	4972.000	4981.000	81623	362284	500
2023.04.27	16:00:00	4981.000	4986.500	4979.000	4981.000	38604	160268	500
2023.04.27	17:00:00	4981.500	4987.000	4973.500	4975.000	31895	129909	500
2023.04.28	09:00:00	5023.500	5050.000	5014.500	5026.500	194377	615447	500
2023.04.28	10:00:00	5026.500	5041.500	5013.000	5035.000	144505	523280	500
2023.04.28	11:00:00	5035.000	5038.500	5016.500	5034.500	107587	423554	500
2023.04.28	12:00:00	5034.500	5048.000	5034.000	5037.000	75988	320330	500
2023.04.28	13:00:00	5037.500	5043.000	5030.500	5031.500	39424	164472	500
2023.04.28	14:00:00	5031.500	5038.000	5017.000	5018.000	52962	219408	500
2023.04.28	15:00:00	5018.000	5022.500	5010.500	5020.500	53830	221020	500
2023.04.28	16:00:00	5020.000	5022.000	5016.500	5019.500	22857	99928	500
2023.04.28	17:00:00	5020.000	5023.500	5015.000	5016.000	16773	91717	500
2023.05.02	09:00:00	5029.000	5062.000	5022.500	5054.500	190922	573407	500
2023.05.02	10:00:00	5054.000	5064.500	5041.000	5060.500	154266	477315	500
2023.05.02	11:00:00	5061.000	5075.500	5050.500	5069.000	132957	472143	500
2023.05.02	12:00:00	5069.500	5082.000	5067.500	5072.500	67943	263209	500
2023.05.02	13:00:00	5072.000	5081.000	5071.000	5079.000	38843	150641	500
2023.05.02	14:00:00	5078.500	5083.000	5073.500	5081.500	40845	158940	500
2023.05.02	15:00:00	5081.000	5083.000	5072.000	5075.000	41962	173159	500
2023.05.02	16:00:00	5075.000	5079.000	5072.500	5076.000	25147	94712	500
2023.05.02	17:00:00	5076.000	5081.000	5066.000	5067.500	24452	108317	500
2023.05.03	09:00:00	5046.000	5080.000	5044.500	5080.000	189651	555367	500
2023.05.03	10:00:00	5080.000	5080.000	5055.500	5058.500	142018	422266	500
2023.05.03	11:00:00	5058.000	5058.500	5031.000	5038.500	143661	503623	500
2023.05.03	12:00:00	5038.500	5047.000	5034.000	5041.500	57102	209605	500
2023.05.03	13:00:00	5042.000	5048.000	5038.000	5040.000	35275	133033	500
2023.05.03	14:00:00	5039.500	5042.500	5025.000	5032.000	62109	232829	500
2023.05.03	15:00:00	5032.500	5033.000	5011.000	5017.000	163216	515428	500
2023.05.03	16:00:00	5017.500	5026.500	5014.000	5019.500	63283	236747	500
2023.05.03	17:00:00	5019.500	5025.000	5008.500	5023.000	32854	137527	500
2023.05.04	09:00:00	5005.000	5028.000	4995.500	5024.000	223498	636766	500
2023.05.04	10:00:00	5024.000	5049.000	5007.000	5045.000	200595	649095	500
2023.05.04	11:00:00	5044.500	5061.500	5042.500	5045.000	131333	466067	500
2023.05.04	12:00:00	5045.000	5051.500	5040.500	5047.500	53184	203389	500
2023.05.04	13:00:00	5048.000	5048.500	5034.500	5036.000	39270	160383	500
2023.05.04	14:00:00	5036.000	5037.500	5016.500	5023.000	76414	292435	500
2023.05.04	15:00:00	5022.500	5026.500	5016.500	5018.500	46140	183680	500
2023.05.04	16:00:00	5018.000	5023.500	5015.000	5019.500	36693	140938	500
2023.05.04	17:00:00	5019.000	5020.000	5008.500	5012.500	23535	103078	500
2023.05.05	09:00:00	5008.500	5034.000	5003.000	5018.000	220831	640500	500
2023.05.05	10:00:00	5018.500	5022.500	4987.500	4996.500	201103	658468	500
2023.05.05	11:00:00	4996.500	5002.000	4979.000	4992.500	111223	388563	500
2023.05.05	12:00:00	4992.000	4993.500	4977.500	4979.000	65862	259098	500
2023.05.05	13:00:00	4979.500	4983.500	4964.000	4965.500	58325	243608	500
2023.05.05	14:00:00	4965.000	4965.500	4951.000	4958.000	73295	305185	500
2023.05.05	15:00:00	4958.000	4966.000	4954.500	4965.500	42876	168942	500
2023.05.05	16:00:00	4965.000	4970.000	4963.500	4967.500	29413	127644	500
2023.05.05	17:00:00	4968.000	4989.500	4963.000	4978.500	22580	108749	500
2023.05.08	09:00:00	4978.000	4986.000	4966.000	4984.000	160235	488025	500
2023.05.08	10:00:00	4984.000	4999.000	4974.000	4997.500	144537	452913	500
2023.05.08	11:00:00	4997.500	4998.000	4978.000	4980.000	89306	291352	500
2023.05.08	12:00:00	4980.500	5017.500	4978.500	5015.000	145906	521206	500
2023.05.08	13:00:00	5015.500	5028.000	5014.000	5022.500	83630	307521	500
2023.05.08	14:00:00	5022.500	5024.500	5015.000	5017.500	50401	198764	500
2023.05.08	15:00:00	5017.500	5039.500	5016.000	5030.000	72750	269004	500
2023.05.08	16:00:00	5030.000	5042.000	5027.500	5036.500	45152	179410	500
2023.05.08	17:00:00	5037.000	5038.500	5027.000	5034.000	28562	117867	500
2023.05.09	09:00:00	5031.000	5060.000	5020.000	5055.000	195305	611063	500
2023.05.09	10:00:00	5054.500	5055.500	5018.000	5019.500	174552	607368	500
2023.05.09	11:00:00	5019.500	5030.000	5014.500	5030.000	103735	348375	500
2023.05.09	12:00:00	5030.000	5036.000	5007.500	5007.500	96522	365941	500
2023.05.09	13:00:00	5007.500	5009.500	4995.500	5007.000	71538	265689	500
2023.05.09	14:00:00	5007.000	5009.500	4998.500	5002.500	46643	178203	500
2023.05.09	15:00:00	5002.500	5023.500	5000.000	5020.000	62457	242769	500
2023.05.09	16:00:00	5020.000	5021.000	5009.000	5010.500	34567	129576	500
2023.05.09	17:00:00	5010.000	5013.000	5005.000	5009.500	23437	101507	500
2023.05.10	09:00:00	5008.500	5013.500	4960.000	4966.000	249067	758847	500
2023.05.10	10:00:00	4966.000	4984.500	4964.000	4975.500	169963	516124	500
2023.05.10	11:00:00	4975.500	4982.500	4970.500	4977.500	93249	300569	500
2023.05.10	12:00:00	4977.500	4987.000	4974.000	4976.000	68587	225679	500
2023.05.10	13:00:00	4976.000	4978.000	4965.000	4968.000	52494	179329	500
2023.05.10	14:00:00	4968.000	4987.000	4966.500	4982.000	79121	271573	500
2023.05.10	15:00:00	4982.000	4983.000	4972.500	4976.000	44602	149397	500
2023.05.10	16:00:00	4975.500	4977.000	4967.500	4969.500	32920	124487	500
2023.05.10	17:00:00	4969.000	4974.000	4960.000	4966.000	29458	122763	500
2023.05.11	09:00:00	4977.000	4996.500	4966.500	4993.000	222187	665368	500
2023.05.11	10:00:00	4992.500	5004.500	4991.000	4991.500	162929	533141	500
2023.05.11	11:00:00	4991.500	5002.500	4991.000	4994.500	87100	303207	500
2023.05.11	12:00:00	4995.000	4997.000	4978.000	4979.000	75017	286494	500
2023.05.11	13:00:00	4978.500	4981.500	4969.000	4978.000	63504	241371	500
2023.05.11	14:00:00	4978.000	4978.500	4962.500	4964.000	75854	306652	500
2023.05.11	15:00:00	4964.500	4967.500	4951.500	4963.000	79323	324637	500
2023.05.11	16:00:00	4963.000	4964.500	4954.500	4957.000	35581	130338	500
2023.05.11	17:00:00	4957.000	4957.500	4946.000	4952.000	31991	133846	500
2023.05.12	09:00:00	4953.000	4975.000	4950.000	4950.500	181433	559141	500
2023.05.12	10:00:00	4950.500	4953.500	4926.500	4929.000	175266	640048	500
2023.05.12	11:00:00	4929.000	4951.000	4924.500	4943.500	128358	472781	500
2023.05.12	12:00:00	4943.000	4957.500	4941.500	4944.000	66144	244430	500
2023.05.12	13:00:00	4944.000	4954.000	4941.500	4944.000	52416	188230	500
2023.05.12	14:00:00	4944.000	4948.000	4937.500	4942.500	51972	192650	500
2023.05.12	15:00:00	4942.500	4951.000	4939.500	4944.500	43489	155676	500
2023.05.12	16:00:00	4944.500	4947.000	4939.500	4941.000	26628	109364	500
2023.05.12	17:00:00	4940.500	4943.500	4937.000	4939.500	19944	81776	500
2023.05.15	09:00:00	4938.000	4938.000	4918.000	4921.000	167220	531931	500
2023.05.15	10:00:00	4920.500	4949.000	4919.000	4939.500	173023	527060	500
2023.05.15	11:00:00	4940.000	4945.500	4924.000	4925.500	110968	345216	500
2023.05.15	12:00:00	4925.500	4927.500	4919.000	4923.000	62310	221771	500
2023.05.15	13:00:00	4922.500	4929.000	4920.000	4926.500	50884	182215	500
2023.05.15	14:00:00	4926.000	4934.000	4926.000	4929.500	54215	193843	500
2023.05.15	15:00:00	4929.500	4930.000	4905.000	4906.500	82969	334240	500
2023.05.15	16:00:00	4906.500	4910.500	4905.000	4905.000	36253	154846	500
2023.05.15	17:00:00	4905.500	4915.500	4902.000	4910.500	34196	149748	500
2023.05.16	09:00:00	4909.000	4929.500	4901.500	4928.500	218965	662063	500
2023.05.16	10:00:00	4928.500	4930.000	4907.500	4916.000	178486	562934	500
2023.05.16	11:00:00	4916.000	4933.000	4910.000	4931.000	141099	511793	500
2023.05.16	12:00:00	4931.500	4945.000	4928.000	4929.000	107858	399721	500
2023.05.16	13:00:00	4929.000	4968.500	4927.500	4962.500	113635	416836	500
2023.05.16	14:00:00	4962.500	4963.500	4946.500	4950.000	60371	226167	500
2023.05.16	15:00:00	4950.000	4956.500	4941.000	4949.000	61022	222475	500
2023.05.16	16:00:00	4949.000	4960.000	4947.500	4956.500	40563	157233	500
2023.05.16	17:00:00	4956.500	4961.000	4954.500	4955.000	23759	101337	500
2023.05.17	09:00:00	4955.000	4984.500	4950.500	4965.500	236889	722832	500
2023.05.17	10:00:00	4965.500	4974.000	4947.500	4971.500	189584	605019	500
2023.05.17	11:00:00	4972.000	4979.500	4958.000	4971.500	122426	419801	500
2023.05.17	12:00:00	4972.000	4978.000	4945.000	4955.500	111469	426172	500
2023.05.17	13:00:00	4955.500	4959.500	4935.500	4941.000	69353	249060	500
2023.05.17	14:00:00	4941.500	4947.000	4938.000	4939.000	48877	178378	500
2023.05.17	15:00:00	4939.000	4950.000	4936.500	4949.000	48976	184081	500
2023.05.17	16:00:00	4949.500	4955.000	4945.500	4946.500	40253	167835	500
2023.05.17	17:00:00	4946.500	4953.000	4940.500	4953.000	25650	115569	500
2023.05.18	09:00:00	4963.500	4986.000	4961.500	4982.500	215264	658245	500
2023.05.18	10:00:00	4982.500	4983.500	4967.000	4979.000	144017	472188	500
2023.05.18	11:00:00	4978.500	4991.500	4970.000	4991.000	112853	400953	500
2023.05.18	12:00:00	4991.000	4991.500	4975.500	4977.500	66113	255494	500
2023.05.18	13:00:00	4977.000	4989.000	4975.000	4988.000	45863	165041	500
2023.05.18	14:00:00	4988.500	4994.500	4984.000	4985.000	60007	252035	500
2023.05.18	15:00:00	4985.500	4985.500	4975.000	4978.000	63041	250404	500
2023.05.18	16:00:00	4978.000	4983.500	4977.000	4980.000	35820	132153	500
2023.05.18	17:00:00	4980.000	4985.000	4975.500	4980.000	21915	101741	500
2023.05.19	09:00:00	4965.500	4988.500	4956.500	4983.500	192491	632429	500
2023.05.19	10:00:00	4983.500	5013.000	4980.000	5008.000	207804	726142	500
2023.05.19	11:00:00	5008.000	5011.500	4996.000	5003.000	98462	399948	500
2023.05.19	12:00:00	5003.500	5009.000	4987.000	4996.000	111063	463190	500
2023.05.19	13:00:00	4995.500	4998.000	4983.000	4989.500	59836	241799	500
2023.05.19	14:00:00	4989.000	5005.000	4986.000	5005.000	44586	172001	500
2023.05.19	15:00:00	5005.000	5013.000	5002.000	5009.500	59398	261787	500
2023.05.19	16:00:00	5010.000	5013.000	5006.500	5007.000	32980	139220	500
2023.05.19	17:00:00	5006.500	5015.500	5005.000	5010.000	27481	135742	500
2023.05.22	09:00:00	5009.500	5016.000	4987.500	4993.500	177499	527086	500
2023.05.22	10:00:00	4993.000	4994.500	4970.500	4978.500	161654	537072	500
2023.05.22	11:00:00	4978.500	4988.000	4972.500	4974.000	109019	388682	500
2023.05.22	12:00:00	4974.000	4976.500	4968.500	4972.500	52684	202046	500
2023.05.22	13:00:00	4972.500	4977.000	4971.500	4976.500	28759	113598	500
2023.05.22	14:00:00	4976.500	4979.500	4963.000	4966.500	56192	214470	500
2023.05.22	15:00:00	4966.500	4971.500	4963.000	4971.000	40029	147559	500
2023.05.22	16:00:00	4971.000	4984.000	4969.500	4980.500	41990	166556	500
2023.05.22	17:00:00	4980.500	4981.000	4975.000	4978.500	22951	99299	500
2023.05.23	09:00:00	4989.000	5003.000	4981.500	4997.000	181559	577624	500
2023.05.23	10:00:00	4997.000	4997.000	4975.000	4984.000	158695	540259	500
2023.05.23	11:00:00	4984.500	4990.000	4965.000	4971.500	128063	486975	500
2023.05.23	12:00:00	4972.000	4973.000	4959.000	4962.000	58921	258111	500
2023.05.23	13:00:00	4962.500	4971.500	4962.000	4964.500	42822	163145	500
2023.05.23	14:00:00	4964.500	4973.500	4958.500	4970.500	57053	216990	500
2023.05.23	15:00:00	4971.000	4988.000	4969.000	4984.500	58971	238532	500
2023.05.23	16:00:00	4985.000	4985.500	4976.500	4980.000	39525	166053	500
2023.05.23	17:00:00	4980.000	4984.000	4974.500	4981.000	16977	79341	500
2023.05.24	09:00:00	4971.000	4971.500	4941.500	4946.500	176902	579682	500
2023.05.24	10:00:00	4947.000	4963.500	4942.000	4962.500	137232	461929	500
2023.05.24	11:00:00	4963.000	4965.000	4952.500	4960.000	86942	302493	500
2023.05.24	12:00:00	4960.000	4962.000	4949.000	4950.000	55161	215320	500
2023.05.24	13:00:00	4950.000	4959.500	4948.500	4956.000	51032	193972	500
2023.05.24	14:00:00	4955.500	4960.500	4952.000	4953.500	40831	171498	500
2023.05.24	15:00:00	4953.500	4962.500	4946.000	4960.500	59608	211874	500
2023.05.24	16:00:00	4960.500	4962.500	4956.500	4959.000	29564	128172	500
2023.05.24	17:00:00	4959.500	4970.000	4957.500	4966.000	19677	91361	500
2023.05.25	09:00:00	4958.500	4996.500	4949.500	4994.000	210214	735566	500
2023.05.25	10:00:00	4994.000	5001.000	4983.500	4999.500	135393	557608	500
2023.05.25	11:00:00	4999.000	5023.000	4991.500	5006.000	131296	560146	500
2023.05.25	12:00:00	5005.500	5029.000	5005.500	5020.500	84500	377054	500
2023.05.25	13:00:00	5020.500	5033.500	5017.500	5033.000	52969	238743	500
2023.05.25	14:00:00	5033.000	5033.500	5021.000	5023.000	59220	261937	500
2023.05.25	15:00:00	5022.500	5049.000	5010.000	5040.000	126763	579485	500
2023.05.25	16:00:00	5040.000	5045.500	5036.500	5039.500	45847	200332	500
2023.05.25	17:00:00	5039.500	5049.000	5036.500	5041.500	29710	139765	500
2023.05.26	09:00:00	5020.500	5036.000	5001.000	5005.500	243860	797213	500
2023.05.26	10:00:00	5005.000	5030.000	5003.000	5023.000	145120	489248	500
2023.05.26	11:00:00	5023.000	5029.000	5004.500	5013.500	118727	421944	500
2023.05.26	12:00:00	5013.500	5018.500	5003.500	5007.000	61560	252644	500
2023.05.26	13:00:00	5006.500	5012.500	4997.000	4997.000	52274	204249	500
2023.05.26	14:00:00	4997.000	4999.000	4986.000	4995.500	75297	310233	500
2023.05.26	15:00:00	4995.500	4997.000	4984.000	4989.500	46067	182986	500
2023.05.26	16:00:00	4989.500	4993.500	4982.500	4990.500	35553	143586	500
2023.05.26	17:00:00	4990.000	5007.500	4990.000	5002.000	24974	113198	500
2023.05.29	09:00:00	5005.000	5006.500	4987.000	4987.500	118333	355904	500
2023.05.29	10:00:00	4987.500	4995.000	4977.000	4994.500	125976	390998	500
2023.05.29	11:00:00	4994.500	5016.000	4991.500	5011.500	91934	300675	500
2023.05.29	12:00:00	5011.500	5015.500	5004.000	5006.000	42451	158310	500
2023.05.29	13:00:00	5005.500	5008.000	5002.500	5005.000	25466	89738	500
2023.05.29	14:00:00	5005.500	5018.500	5005.000	5013.500	34059	114768	500
2023.05.29	15:00:00	5014.000	5019.000	5006.500	5018.000	41054	132206	500
2023.05.29	16:00:00	5018.000	5019.500	5011.000	5014.500	23321	82771	500
2023.05.29	17:00:00	5014.500	5024.000	5014.000	5022.500	21707	87791	500
2023.05.30	09:00:00	5010.000	5049.000	5002.000	5047.000	198984	646251	500
2023.05.30	10:00:00	5046.500	5068.000	5042.500	5062.500	199014	707785	500
2023.05.30	11:00:00	5062.500	5065.000	5050.000	5061.000	111539	398788	500
2023.05.30	12:00:00	5061.000	5065.000	5053.500	5063.000	54694	226687	500
2023.05.30	13:00:00	5063.000	5071.000	5057.000	5064.000	65853	254637	500
2023.05.30	14:00:00	5063.500	5064.000	5047.000	5053.000	64354	262102	500
2023.05.30	15:00:00	5053.000	5055.500	5042.500	5044.500	49697	210210	500
2023.05.30	16:00:00	5045.000	5048.000	5041.500	5043.500	31072	122514	500
2023.05.30	17:00:00	5043.500	5048.000	5036.500	5040.500	21087	103061	500
2023.05.31	09:00:00	5085.000	5114.500	5083.000	5092.000	257928	761061	500
2023.05.31	10:00:00	5092.500	5108.000	5088.000	5103.500	142873	524572	500
2023.05.31	11:00:00	5103.500	5153.000	5102.500	5151.000	226416	920591	500
2023.05.31	12:00:00	5151.000	5156.000	5123.500	5137.500	127756	564020	500
2023.05.31	13:00:00	5137.500	5145.500	5122.500	5123.000	61455	252289	500
2023.05.31	14:00:00	5123.000	5124.500	5100.000	5104.000	92432	381726	500
2023.05.31	15:00:00	5104.000	5110.000	5097.000	5101.000	60932	227635	500
2023.05.31	16:00:00	5101.000	5109.500	5099.500	5099.500	37719	153989	500
2023.05.31	17:00:00	5099.500	5103.000	5080.000	5083.000	46540	217520	500
2023.06.01	09:00:00	5067.000	5080.500	5048.500	5072.000	239490	755444	500
2023.06.01	10:00:00	5072.000	5086.000	5060.000	5073.000	164417	541086	500
2023.06.01	11:00:00	5073.000	5077.500	5060.000	5065.500	113306	411959	500
2023.06.01	12:00:00	5065.000	5067.000	5042.000	5048.500	105754	431471	500
2023.06.01	13:00:00	5048.500	5055.500	5045.000	5048.000	49554	191443	500
2023.06.01	14:00:00	5047.500	5050.000	5039.000	5049.500	49408	203555	500
2023.06.01	15:00:00	5050.000	5050.000	5033.000	5035.500	59342	239043	500
2023.06.01	16:00:00	5035.500	5043.000	5033.000	5033.500	32025	142935	500
2023.06.01	17:00:00	5034.000	5045.000	5032.000	5044.000	23756	108804	500
2023.06.02	09:00:00	5030.000	5031.000	4985.000	4986.500	251619	861024	500
2023.06.02	10:00:00	4986.500	4991.500	4973.000	4975.500	174956	614865	500
2023.06.02	11:00:00	4975.500	4993.000	4972.000	4981.500	114527	420312	500
2023.06.02	12:00:00	4982.000	4988.000	4978.000	4986.000	49181	180667	500
2023.06.02	13:00:00	4985.500	4995.000	4982.500	4984.500	50600	199511	500
2023.06.02	14:00:00	4985.000	4992.000	4983.500	4991.500	35419	144477	500
2023.06.02	15:00:00	4991.500	4993.000	4985.500	4988.500	35121	130040	500
2023.06.02	16:00:00	4989.000	4989.000	4978.000	4980.000	35500	150699	500
2023.06.02	17:00:00	4980.000	4985.500	4977.000	4985.000	20097	93254	500
2023.06.05	09:00:00	5000.000	5001.000	4961.000	4963.500	199455	612145	500
2023.06.05	10:00:00	4963.500	4970.000	4955.500	4965.000	134560	411626	500
2023.06.05	11:00:00	4965.000	4965.500	4941.500	4949.000	161981	575590	500
2023.06.05	12:00:00	4948.500	4950.500	4938.500	4941.000	76317	303642	500
2023.06.05	13:00:00	4941.500	4946.000	4937.000	4941.000	42798	171010	500
2023.06.05	14:00:00	4941.000	4945.500	4936.500	4939.000	34858	137894	500
2023.06.05	15:00:00	4938.500	4950.000	4936.500	4948.500	58494	237696	500
2023.06.05	16:00:00	4948.500	4954.500	4943.000	4953.500	38515	162137	500
2023.06.05	17:00:00	4953.500	4959.000	4949.500	4958.000	24927	118225	500
2023.06.06	09:00:00	4956.500	4971.500	4936.500	4968.000	200181	626508	500
2023.06.06	10:00:00	4968.500	4979.000	4960.000	4969.500	144462	463673	500
2023.06.06	11:00:00	4969.500	4970.000	4938.000	4944.500	139639	525729	500
2023.06.06	12:00:00	4945.000	4947.000	4929.000	4933.000	83144	346035	500
2023.06.06	13:00:00	4933.000	4934.000	4923.000	4924.000	46887	205427	500
2023.06.06	14:00:00	4923.500	4935.500	4923.000	4930.000	48062	204986	500
2023.06.06	15:00:00	4930.000	4937.500	4929.500	4936.500	35798	158075	500
2023.06.06	16:00:00	4937.000	4938.500	4932.000	4934.500	28387	122811	500
2023.06.06	17:00:00	4934.000	4937.000	4928.500	4935.000	21918	110175	500
2023.06.07	09:00:00	4930.000	4948.000	4925.500	4933.000	219187	676428	500
2023.06.07	10:00:00	4933.000	4939.000	4924.000	4927.500	126918	464191	500
2023.06.07	11:00:00	4927.500	4954.500	4922.500	4945.000	143822	551298	500
2023.06.07	12:00:00	4945.000	4946.000	4925.500	4931.500	76644	309567	500
2023.06.07	13:00:00	4931.500	4935.000	4926.500	4932.500	35043	148147	500
2023.06.07	14:00:00	4932.000	4947.500	4932.000	4937.500	65208	274544	500
2023.06.07	15:00:00	4937.500	4943.000	4934.000	4941.000	38433	144415	500
2023.06.07	16:00:00	4941.000	4949.500	4940.500	4947.000	37945	160377	500
2023.06.07	17:00:00	4946.500	4952.000	4941.500	4952.000	22808	94491	500
2023.06.09	09:00:00	4936.000	4948.500	4924.500	4927.500	164728	540937	500
2023.06.09	10:00:00	4927.500	4933.000	4916.500	4919.000	99484	345003	500
2023.06.09	11:00:00	4918.500	4919.500	4875.500	4897.500	164202	655642	500
2023.06.09	12:00:00	4897.500	4907.500	4897.000	4907.000	54418	193030	500
2023.06.09	13:00:00	4906.500	4909.000	4893.500	4894.500	46247	172252	500
2023.06.09	14:00:00	4894.000	4901.000	4891.000	4895.500	46479	172203	500
2023.06.09	15:00:00	4896.000	4898.000	4888.500	4892.000	42993	157748	500
2023.06.09	16:00:00	4892.000	4897.500	4891.500	4897.000	23902	89954	500
2023.06.09	17:00:00	4896.500	4904.000	4894.500	4898.000	20530	104261	500
2023.06.12	09:00:00	4901.500	4908.500	4887.000	4897.000	161562	520775	500
2023.06.12	10:00:00	4897.000	4919.500	4883.000	4912.000	167771	558545	500
2023.06.12	11:00:00	4911.500	4914.500	4901.000	4903.500	85849	309807	500
2023.06.12	12:00:00	4903.500	4904.000	4891.500	4897.500	68363	250938	500
2023.06.12	13:00:00	4897.500	4902.500	4890.000	4893.500	47160	200315	500
2023.06.12	14:00:00	4893.500	4895.500	4884.000	4889.500	55285	204345	500
2023.06.12	15:00:00	4889.500	4891.000	4884.000	4886.000	36504	139940	500
2023.06.12	16:00:00	4886.000	4886.500	4881.000	4885.000	31959	133638	500
2023.06.12	17:00:00	4885.500	4885.500	4880.500	4881.000	23957	122233	500
2023.06.13	09:00:00	4885.000	4888.000	4865.500	4865.500	193857	643042	500
2023.06.13	10:00:00	4865.500	4881.500	4865.000	4880.500	134045	491206	500
2023.06.13	11:00:00	4880.500	4896.500	4868.500	4869.000	149494	538498	500
2023.06.13	12:00:00	4869.500	4875.000	4865.500	4874.000	60475	255868	500
2023.06.13	13:00:00	4874.000	4876.000	4865.500	4870.500	48666	185671	500
2023.06.13	14:00:00	4870.500	4883.000	4869.000	4878.000	49435	196682	500
2023.06.13	15:00:00	4878.000	4882.500	4872.500	4879.500	49181	192619	500
2023.06.13	16:00:00	4879.000	4882.500	4876.000	4878.000	23732	106407	500
2023.06.13	17:00:00	4878.000	4883.500	4876.500	4880.000	16728	91761	500
2023.06.14	09:00:00	4875.000	4878.500	4863.000	4870.000	152223	492286	500
2023.06.14	10:00:00	4870.500	4872.000	4859.500	4863.500	117753	442411	500
2023.06.14	11:00:00	4863.500	4866.500	4854.500	4855.000	75042	315954	500
2023.06.14	12:00:00	4855.000	4860.500	4852.500	4858.000	50028	212925	500
2023.06.14	13:00:00	4858.500	4860.000	4847.000	4856.000	58146	245422	500
2023.06.14	14:00:00	4856.500	4860.500	4852.000	4852.000	45390	177033	500
2023.06.14	15:00:00	4852.000	4883.000	4848.500	4852.500	211230	799854	500
2023.06.14	16:00:00	4852.500	4860.000	4824.000	4824.500	114359	484122	500
2023.06.14	17:00:00	4824.500	4832.500	4811.500	4832.500	57426	273331	500
2023.06.15	09:00:00	4840.000	4858.500	4833.500	4846.000	184541	572611	500
2023.06.15	10:00:00	4846.000	4851.500	4823.000	4833.500	157896	546012	500
2023.06.15	11:00:00	4833.500	4838.500	4820.500	4830.500	106994	401442	500
2023.06.15	12:00:00	4831.000	4838.500	4815.500	4825.500	80893	316224	500
2023.06.15	13:00:00	4825.500	4831.000	4817.000	4821.000	53232	222876	500
2023.06.15	14:00:00	4820.500	4823.500	4808.500	4814.000	61978	239782	500
2023.06.15	15:00:00	4814.000	4820.000	4809.000	4811.000	45675	177123	500
2023.06.15	16:00:00	4811.000	4818.000	4811.000	4815.000	24684	103729	500
2023.06.15	17:00:00	4815.000	4829.500	4812.500	4826.500	28630	127812	500
2023.06.16	09:00:00	4823.500	4847.500	4819.500	4842.500	146833	467338	500
2023.06.16	10:00:00	4842.000	4861.500	4834.500	4839.000	165378	565773	500
2023.06.16	11:00:00	4839.000	4839.500	4824.000	4838.500	145097	563796	500
2023.06.16	12:00:00	4838.500	4846.000	4832.500	4843.000	78477	321492	500
2023.06.16	13:00:00	4843.000	4850.000	4835.500	4837.000	52008	198535	500
2023.06.16	14:00:00	4836.500	4845.500	4833.000	4834.000	42956	153393	500
2023.06.16	15:00:00	4834.000	4836.500	4821.500	4825.500	50572	189399	500
2023.06.16	16:00:00	4825.500	4833.500	4825.000	4832.000	34928	143431	500
2023.06.16	17:00:00	4831.500	4839.000	4824.000	4829.500	20207	92854	500
2023.06.19	09:00:00	4835.000	4842.000	4803.000	4808.500	147848	484916	500
2023.06.19	10:00:00	4808.000	4810.500	4786.500	4793.500	125779	476436	500
2023.06.19	11:00:00	4794.000	4797.500	4778.500	4779.000	82271	310766	500
2023.06.19	12:00:00	4779.000	4787.000	4779.000	4781.500	44590	195313	500
2023.06.19	13:00:00	4781.500	4786.000	4779.500	4782.500	25161	98822	500
2023.06.19	14:00:00	4782.500	4783.000	4770.000	4781.500	42433	191850	500
2023.06.19	15:00:00	4781.000	4788.000	4777.000	4787.000	28560	117360	500
2023.06.19	16:00:00	4786.500	4789.000	4784.500	4785.500	21395	109509	500
2023.06.19	17:00:00	4786.000	4791.000	4780.500	4788.500	24280	119993	500
2023.06.20	09:00:00	4795.500	4805.000	4783.000	4793.500	178428	577006	500
2023.06.20	10:00:00	4794.000	4805.500	4790.500	4799.500	147853	500414	500
2023.06.20	11:00:00	4799.500	4809.500	4796.500	4797.000	120234	447694	500
2023.06.20	12:00:00	4797.000	4806.500	4787.000	4806.500	77653	292360	500
2023.06.20	13:00:00	4806.000	4813.000	4796.000	4809.000	72951	269839	500
2023.06.20	14:00:00	4809.500	4817.000	4801.000	4801.000	67468	242820	500
2023.06.20	15:00:00	4801.500	4803.500	4793.000	4798.000	56698	213630	500
2023.06.20	16:00:00	4797.500	4805.000	4796.000	4803.500	27546	123204	500
2023.06.20	17:00:00	4804.000	4805.000	4795.000	4799.500	16125	72859	500
2023.06.21	09:00:00	4800.000	4823.000	4789.000	4808.500	200669	694041	500
2023.06.21	10:00:00	4809.000	4816.000	4790.000	4793.500	148252	535030	500
2023.06.21	11:00:00	4793.500	4797.500	4772.000	4774.000	133411	486939	500
2023.06.21	12:00:00	4774.000	4779.000	4770.000	4770.000	55679	242634	500
2023.06.21	13:00:00	4770.500	4777.500	4770.000	4774.000	38119	176602	500
2023.06.21	14:00:00	4774.500	4776.000	4770.500	4774.500	29124	118707	500
2023.06.21	15:00:00	4774.500	4775.000	4768.500	4772.000	34771	154184	500
2023.06.21	16:00:00	4772.500	4777.000	4772.000	4773.500	28469	118726	500
2023.06.21	17:00:00	4773.500	4774.500	4768.500	4768.500	19365	96886	500
2023.06.22	09:00:00	4773.000	4783.000	4758.000	4765.500	173915	621177	500
2023.06.22	10:00:00	4766.000	4786.500	4765.500	4779.500	167906	567154	500
2023.06.22	11:00:00	4779.000	4789.000	4778.000	4782.500	79041	295406	500
2023.06.22	12:00:00	4782.500	4788.500	4774.000	4783.000	63623	261521	500
2023.06.22	13:00:00	4783.500	4786.500	4772.500	4774.500	52347	205762	500
2023.06.22	14:00:00	4774.500	4795.000	4774.500	4781.000	68750	258916	500
2023.06.22	15:00:00	4781.500	4783.500	4772.500	4782.500	44227	166802	500
2023.06.22	16:00:00	4782.500	4787.000	4777.000	4778.500	27716	117009	500
2023.06.22	17:00:00	4779.000	4783.500	4775.000	4778.500	18195	85288	500
2023.06.23	09:00:00	4795.500	4812.500	4793.500	4794.000	156044	523344	500
2023.06.23	10:00:00	4794.000	4806.500	4787.500	4792.000	136673	473012	500
2023.06.23	11:00:00	4792.000	4801.000	4780.000	4780.500	112087	419889	500
2023.06.23	12:00:00	4781.000	4784.000	4770.500	4779.500	78846	307762	500
2023.06.23	13:00:00	4779.000	4789.000	4777.000	4786.000	40918	167353	500
2023.06.23	14:00:00	4785.500	4788.500	4776.500	4777.500	33487	135052	500
2023.06.23	15:00:00	4777.500	4789.500	4777.500	4787.000	28891	121695	500
2023.06.23	16:00:00	4787.000	4787.500	4782.000	4782.500	20844	86817	500
2023.06.23	17:00:00	4782.500	4794.500	4781.000	4792.500	19560	91429	500
2023.06.26	09:00:00	4785.000	4786.500	4766.500	4767.000	96606	325894	500
2023.06.26	10:00:00	4767.500	4774.500	4761.500	4768.500	113246	386210	500
2023.06.26	11:00:00	4768.500	4782.500	4764.500	4779.500	92691	341171	500
2023.06.26	12:00:00	4779.000	4782.000	4772.500	4773.500	46150	170370	500
2023.06.26	13:00:00	4773.000	4779.500	4772.500	4773.500	33861	127367	500
2023.06.26	14:00:00	4773.500	4778.500	4768.500	4776.000	36834	148315	500
2023.06.26	15:00:00	4776.000	4777.000	4763.000	4767.500	41698	168271	500
2023.06.26	16:00:00	4767.500	4772.000	4766.000	4770.000	23744	102003	500
2023.06.26	17:00:00	4769.500	4774.500	4768.000	4772.500	16113	69952	500
2023.06.27	09:00:00	4771.000	4782.000	4752.500	4759.000	192968	628365	500
2023.06.27	10:00:00	4759.000	4796.000	4756.000	4792.000	154046	557941	500
2023.06.27	11:00:00	4792.500	4803.000	4784.500	4801.500	104388	440397	500
2023.06.27	12:00:00	4801.500	4808.000	4794.000	4806.000	66266	299547	500
2023.06.27	13:00:00	4806.500	4808.000	4795.500	4800.000	52135	224117	500
2023.06.27	14:00:00	4800.000	4806.500	4796.000	4801.000	42155	188662	500
2023.06.27	15:00:00	4801.500	4806.000	4794.000	4795.500	35624	176861	500
2023.06.27	16:00:00	4795.000	4800.000	4794.000	4798.500	25038	101122	500
2023.06.27	17:00:00	4799.000	4818.000	4798.500	4815.000	29903	161812	500
2023.06.28	09:00:00	4817.500	4871.500	4811.000	4867.000	239766	902308	500
2023.06.28	10:00:00	4867.000	4869.000	4852.000	4856.000	142728	545500	500
2023.06.28	11:00:00	4856.000	4865.000	4848.500	4856.500	91841	365906	500
2023.06.28	12:00:00	4857.000	4858.500	4841.000	4844.000	60805	261875	500
2023.06.28	13:00:00	4844.000	4854.500	4842.500	4848.500	39324	151094	500
2023.06.28	14:00:00	4849.000	4850.000	4838.500	4847.500	52309	210442	500
2023.06.28	15:00:00	4848.000	4848.000	4837.500	4840.500	42131	193029	500
2023.06.28	16:00:00	4840.500	4855.500	4839.000	4850.500	38253	163737	500
2023.06.28	17:00:00	4850.500	4855.000	4842.500	4853.500	26063	125202	500
2023.06.29	09:00:00	4848.000	4859.500	4831.000	4856.000	225003	745106	500
2023.06.29	10:00:00	4856.000	4869.000	4852.500	4863.500	140181	491489	500
2023.06.29	11:00:00	4863.500	4876.000	4860.500	4872.000	94503	389726	500
2023.06.29	12:00:00	4871.500	4872.000	4850.000	4852.000	64880	290210	500
2023.06.29	13:00:00	4852.000	4866.000	4850.000	4866.000	46422	202252	500
2023.06.29	14:00:00	4866.000	4868.000	4855.000	4865.000	40567	179030	500
2023.06.29	15:00:00	4864.500	4868.500	4858.500	4866.500	44294	190857	500
2023.06.29	16:00:00	4866.500	4867.000	4848.000	4850.000	50722	221532	500
2023.06.29	17:00:00	4850.000	4862.000	4840.500	4862.000	39700	178376	500
2023.06.30	09:00:00	4886.000	4895.500	4848.000	4852.500	189693	634199	500
2023.06.30	10:00:00	4852.500	4861.000	4839.000	4844.500	126605	469646	500
2023.06.30	11:00:00	4845.000	4856.000	4835.000	4849.000	107684	443129	500
2023.06.30	12:00:00	4849.000	4850.000	4834.000	4835.500	66830	307808	500
2023.06.30	13:00:00	4835.000	4837.000	4814.500	4816.000	70010	303174	500
2023.06.30	14:00:00	4816.000	4831.500	4815.000	4818.500	52684	223397	500
2023.06.30	15:00:00	4818.000	4821.500	4808.000	4818.000	55525	244631	500
2023.06.30	16:00:00	4818.000	4821.500	4809.500	4813.000	33745	152224	500
2023.06.30	17:00:00	4813.000	4827.000	4808.000	4811.000	22738	118925	500
2023.07.03	09:00:00	4821.000	4821.000	4783.500	4807.500	171427	539600	500
2023.07.03	10:00:00	4807.500	4818.000	4796.000	4799.000	134332	428654	500
2023.07.03	11:00:00	4798.500	4814.500	4793.500	4808.500	108569	378693	500
2023.07.03	12:00:00	4809.000	4814.500	4803.500	4813.000	51302	184962	500
2023.07.03	13:00:00	4813.000	4826.000	4805.000	4820.000	56507	210228	500
2023.07.03	14:00:00	4820.500	4826.500	4816.000	4825.500	34323	162394	500
2023.07.03	15:00:00	4825.000	4826.000	4817.000	4824.500	24084	93780	500
2023.07.03	16:00:00	4824.500	4830.000	4823.000	4829.500	24820	105137	500
2023.07.03	17:00:00	4829.500	4835.500	4828.000	4832.500	19951	106327	500
2023.07.04	09:00:00	4823.000	4825.000	4807.000	4812.000	102028	303180	500
2023.07.04	10:00:00	4812.500	4822.000	4810.000	4820.000	82040	239748	500
2023.07.04	11:00:00	4820.500	4843.000	4820.000	4841.500	96026	323069	500
2023.07.04	12:00:00	4841.500	4846.000	4836.500	4841.000	47753	181040	500
2023.07.04	13:00:00	4841.000	4849.000	4839.000	4847.000	31583	115468	500
2023.07.04	14:00:00	4846.500	4868.500	4844.000	4866.500	51331	211373	500
2023.07.04	15:00:00	4867.000	4870.500	4858.500	4860.000	41520	170205	500
2023.07.04	16:00:00	4860.000	4865.000	4855.500	4863.500	21534	78032	500
2023.07.04	17:00:00	4863.500	4873.500	4862.500	4865.000	27259	134457	500
2023.07.05	09:00:00	4868.000	4893.000	4863.000	4871.000	188041	563742	500
2023.07.05	10:00:00	4871.000	4890.500	4859.500	4884.500	165058	527874	500
2023.07.05	11:00:00	4884.000	4886.500	4866.000	4880.000	111497	420529	500
2023.07.05	12:00:00	4879.500	4887.000	4872.500	4880.000	52439	219413	500
2023.07.05	13:00:00	4880.500	4885.000	4875.500	4881.500	39846	149887	500
2023.07.05	14:00:00	4881.000	4882.500	4858.000	4859.500	50939	193046	500
2023.07.05	15:00:00	4860.000	4871.000	4857.500	4870.500	51181	182006	500
2023.07.05	16:00:00	4871.000	4874.500	4865.000	4873.500	26005	108615	500
2023.07.05	17:00:00	4874.000	4874.000	4864.000	4872.500	20464	89253	500
2023.07.06	09:00:00	4870.500	4917.500	4863.500	4912.500	244838	806667	500
2023.07.06	10:00:00	4912.500	4912.500	4889.500	4903.500	140084	452656	500
2023.07.06	11:00:00	4904.000	4929.000	4904.000	4927.000	137481	535457	500
2023.07.06	12:00:00	4927.000	4949.000	4922.500	4947.500	101473	400692	500
2023.07.06	13:00:00	4948.000	4973.500	4940.000	4960.000	111880	455035	500
2023.07.06	14:00:00	4960.500	4963.000	4943.000	4943.500	61525	265165	500
2023.07.06	15:00:00	4944.000	4951.000	4935.000	4950.500	57115	224714	500
2023.07.06	16:00:00	4950.500	4953.500	4947.500	4952.500	24602	103741	500
2023.07.06	17:00:00	4952.500	4961.500	4940.000	4942.500	32182	152443	500
2023.07.07	09:00:00	4942.000	4959.000	4892.000	4921.500	324137	994639	500
2023.07.07	10:00:00	4921.500	4944.000	4895.000	4905.000	183201	620161	500
2023.07.07	11:00:00	4905.000	4907.000	4880.500	4887.500	109844	395994	500
2023.07.07	12:00:00	4887.500	4889.000	4881.500	4884.000	34185	143895	500
2023.07.07	13:00:00	4884.500	4885.500	4872.500	4879.500	51362	189253	500
2023.07.07	14:00:00	4879.000	4884.000	4869.000	4879.500	53064	198429	500
2023.07.07	15:00:00	4879.000	4880.000	4870.000	4877.000	36027	135075	500
2023.07.07	16:00:00	4876.500	4888.000	4876.000	4886.000	38084	143681	500
2023.07.07	17:00:00	4885.500	4895.000	4883.500	4894.000	21001	84782	500
2023.07.10	09:00:00	4888.000	4900.500	4875.500	4890.500	195737	548288	500
2023.07.10	10:00:00	4890.500	4903.000	4877.000	4898.500	157763	505813	500
2023.07.10	11:00:00	4898.500	4912.500	4890.500	4892.000	128540	426828	500
2023.07.10	12:00:00	4892.500	4904.000	4883.000	4885.500	68208	225785	500
2023.07.10	13:00:00	4885.500	4893.000	4883.500	4891.000	37203	120490	500
2023.07.10	14:00:00	4891.500	4896.000	4883.000	4895.000	40254	135421	500
2023.07.10	15:00:00	4895.000	4904.500	4890.500	4901.500	53022	182488	500
2023.07.10	16:00:00	4901.000	4906.000	4898.500	4902.000	23694	82524	500
2023.07.10	17:00:00	4902.000	4923.500	4901.000	4921.500	37857	158935	500
2023.07.11	09:00:00	4916.500	4941.500	4900.500	4917.000	232055	684206	500
2023.07.11	10:00:00	4916.500	4939.000	4908.500	4931.500	177573	576931	500
2023.07.11	11:00:00	4931.000	4932.000	4903.500	4914.500	106560	359320	500
2023.07.11	12:00:00	4914.500	4916.000	4899.000	4901.500	66718	217200	500
2023.07.11	13:00:00	4901.500	4906.000	4892.000	4894.000	42708	154867	500
2023.07.11	14:00:00	4894.000	4898.000	4880.000	4883.000	58571	222365	500
2023.07.11	15:00:00	4883.000	4888.000	4876.500	4878.500	45594	168102	500
2023.07.11	16:00:00	4878.500	4879.500	4872.500	4879.500	30133	105711	500
2023.07.11	17:00:00	4879.000	4879.500	4870.000	4874.000	25616	102488	500
2023.07.12	09:00:00	4867.500	4878.000	4816.500	4822.000	295412	873768	500
2023.07.12	10:00:00	4822.500	4832.000	4810.000	4814.000	148340	486569	500
2023.07.12	11:00:00	4814.000	4836.500	4801.000	4824.000	160461	583091	500
2023.07.12	12:00:00	4824.000	4840.000	4823.500	4831.000	78658	277863	500
2023.07.12	13:00:00	4831.000	4835.000	4822.000	4822.500	40634	145843	500
2023.07.12	14:00:00	4823.000	4831.500	4819.000	4831.000	47300	167118	500
2023.07.12	15:00:00	4831.000	4843.500	4827.000	4833.500	53253	199974	500
2023.07.12	16:00:00	4833.000	4838.500	4831.000	4834.000	28258	115105	500
2023.07.12	17:00:00	4833.500	4843.000	4832.500	4835.000	23293	100286	500
2023.07.13	09:00:00	4816.000	4843.500	4813.000	4824.000	243701	753492	500
2023.07.13	10:00:00	4824.000	4827.500	4810.500	4814.500	149017	494080	500
2023.07.13	11:00:00	4814.500	4832.500	4813.500	4820.500	105543	385332	500
2023.07.13	12:00:00	4820.500	4840.000	4819.500	4829.000	84700	310737	500
2023.07.13	13:00:00	4829.000	4832.500	4807.000	4813.500	69802	266158	500
2023.07.13	14:00:00	4813.500	4819.500	4808.000	4808.000	45489	157170	500
2023.07.13	15:00:00	4808.000	4816.000	4803.000	4803.500	56548	229170	500
2023.07.13	16:00:00	4803.000	4809.000	4802.500	4805.500	28395	114349	500
2023.07.13	17:00:00	4806.000	4819.000	4804.000	4813.000	23003	124541	500
2023.07.14	09:00:00	4818.500	4827.000	4793.000	4794.500	205417	627656	500
2023.07.14	10:00:00	4794.000	4820.500	4790.500	4811.500	180051	608266	500
2023.07.14	11:00:00	4812.000	4826.500	4806.000	4815.500	141676	478347	500
2023.07.14	12:00:00	4815.500	4817.000	4802.500	4814.000	49181	177516	500
2023.07.14	13:00:00	4813.500	4829.500	4809.000	4820.500	56596	210964	500
2023.07.14	14:00:00	4820.500	4827.500	4814.500	4816.500	37880	150910	500
2023.07.14	15:00:00	4817.000	4817.000	4797.500	4805.500	57993	316621	500
2023.07.14	16:00:00	4805.500	4811.000	4805.000	4809.000	29378	130708	500
2023.07.14	17:00:00	4809.500	4813.500	4803.000	4805.500	19964	84242	500
2023.07.17	09:00:00	4815.000	4841.000	4810.500	4834.500	147083	445575	500
2023.07.17	10:00:00	4835.000	4863.000	4832.500	4853.500	158852	538031	500
2023.07.17	11:00:00	4853.500	4860.500	4847.000	4847.500	91568	319414	500
2023.07.17	12:00:00	4847.500	4853.000	4838.500	4839.500	59670	233561	500
2023.07.17	13:00:00	4839.000	4844.000	4830.500	4830.500	44413	180415	500
2023.07.17	14:00:00	4831.000	4832.000	4812.500	4815.500	71333	293984	500
2023.07.17	15:00:00	4815.000	4823.000	4812.000	4822.000	44699	169347	500
2023.07.17	16:00:00	4821.500	4828.500	4818.500	4819.500	37368	156073	500
2023.07.17	17:00:00	4820.000	4823.500	4817.500	4820.000	17484	67491	500
2023.07.18	09:00:00	4818.000	4839.000	4808.000	4817.000	234830	748855	500
2023.07.18	10:00:00	4817.000	4834.000	4813.500	4814.500	184075	559826	500
2023.07.18	11:00:00	4815.000	4830.000	4806.500	4811.500	120883	463988	500
2023.07.18	12:00:00	4812.000	4816.000	4806.500	4811.500	57802	246376	500
2023.07.18	13:00:00	4811.000	4823.500	4807.000	4823.500	46816	201671	500
2023.07.18	14:00:00	4823.000	4831.500	4820.500	4825.500	55376	240356	500
2023.07.18	15:00:00	4826.000	4829.000	4818.500	4823.000	34139	144589	500
2023.07.18	16:00:00	4823.000	4826.000	4818.000	4819.500	24807	108240	500
2023.07.18	17:00:00	4819.500	4826.000	4819.000	4824.500	19751	98233	500
2023.07.19	09:00:00	4827.000	4832.500	4815.500	4819.500	157101	498908	500
2023.07.19	10:00:00	4819.500	4822.000	4792.500	4797.500	151098	531599	500
2023.07.19	11:00:00	4797.000	4810.500	4794.500	4804.500	111655	398429	500
2023.07.19	12:00:00	4804.500	4813.000	4803.000	4812.000	53760	219284	500
2023.07.19	13:00:00	4812.500	4814.500	4807.000	4808.500	33500	132269	500
2023.07.19	14:00:00	4808.500	4811.000	4799.000	4803.000	40119	161144	500
2023.07.19	15:00:00	4803.000	4805.500	4791.000	4794.500	49533	191160	500
2023.07.19	16:00:00	4794.000	4796.000	4791.500	4795.000	23578	102145	500
2023.07.19	17:00:00	4795.000	4803.000	4793.000	4800.500	18428	86576	500
2023.07.20	09:00:00	4801.000	4811.000	4795.000	4798.000	148774	457638	500
2023.07.20	10:00:00	4798.500	4801.000	4779.000	4779.000	149536	498560	500
2023.07.20	11:00:00	4779.500	4819.500	4778.000	4810.000	155915	628637	500
2023.07.20	12:00:00	4810.000	4820.000	4803.500	4817.500	77820	311794	500
2023.07.20	13:00:00	4817.500	4819.000	4806.500	4817.500	46684	175921	500
2023.07.20	14:00:00	4818.000	4821.000	4807.000	4808.500	40280	187985	500
2023.07.20	15:00:00	4809.000	4815.000	4800.500	4814.000	51937	213066	500
2023.07.20	16:00:00	4814.000	4816.500	4807.500	4810.500	29648	112009	500
2023.07.20	17:00:00	4811.000	4814.500	4805.500	4805.500	17034	91158	500
2023.07.21	09:00:00	4828.000	4830.000	4781.500	4790.000	208378	707201	500
2023.07.21	10:00:00	4790.000	4791.000	4767.500	4771.000	140715	487905	500
2023.07.21	11:00:00	4771.500	4784.500	4769.500	4781.000	90880	316589	500
2023.07.21	12:00:00	4781.500	4784.000	4769.000	4776.000	50139	193493	500
2023.07.21	13:00:00	4775.500	4785.000	4774.000	4777.500	36071	178142	500
2023.07.21	14:00:00	4777.500	4782.500	4776.000	4776.500	25429	109356	500
2023.07.21	15:00:00	4777.000	4782.000	4774.000	4780.000	25862	111037	500
2023.07.21	16:00:00	4780.500	4788.000	4780.000	4786.500	28478	109636	500
2023.07.21	17:00:00	4786.500	4790.500	4780.000	4789.000	23063	98809	500
2023.07.24	09:00:00	4778.000	4788.500	4759.000	4764.000	170948	583177	500
2023.07.24	10:00:00	4764.000	4777.500	4761.000	4765.000	136545	472315	500
2023.07.24	11:00:00	4765.000	4767.500	4735.500	4742.500	143148	537363	500
2023.07.24	12:00:00	4742.500	4743.000	4729.000	4737.500	74929	320428	500
2023.07.24	13:00:00	4737.500	4740.000	4733.500	4737.000	35211	156795	500
2023.07.24	14:00:00	4737.000	4740.500	4732.500	4738.500	31193	126687	500
2023.07.24	15:00:00	4738.000	4741.500	4733.500	4738.000	36248	144813	500
2023.07.24	16:00:00	4738.500	4741.500	4736.500	4738.500	24157	151571	500
2023.07.24	17:00:00	4738.000	4741.500	4733.500	4735.000	23282	113779	500
2023.07.25	09:00:00	4731.000	4760.000	4722.500	4755.500	204795	690151	500
2023.07.25	10:00:00	4755.500	4764.500	4742.500	4755.500	144103	527371	500
2023.07.25	11:00:00	4755.500	4759.500	4732.500	4742.500	121450	471780	500
2023.07.25	12:00:00	4742.500	4752.500	4742.000	4748.000	54664	189021	500
2023.07.25	13:00:00	4748.000	4758.000	4743.000	4754.500	44438	163778	500
2023.07.25	14:00:00	4754.500	4756.000	4748.000	4749.000	34266	134506	500
2023.07.25	15:00:00	4749.500	4759.000	4747.500	4758.500	38395	182654	500
2023.07.25	16:00:00	4758.000	4758.500	4751.000	4754.500	29197	161516	500
2023.07.25	17:00:00	4754.500	4759.000	4752.000	4759.000	15599	79288	500
2023.07.26	09:00:00	4747.000	4758.000	4734.000	4746.500	153726	515538	500
2023.07.26	10:00:00	4746.000	4746.500	4731.000	4738.000	127348	435026	500
2023.07.26	11:00:00	4738.000	4744.000	4731.000	4734.500	67246	269662	500
2023.07.26	12:00:00	4734.500	4741.500	4734.000	4739.000	34840	162158	500
2023.07.26	13:00:00	4739.000	4743.000	4735.500	4736.000	29676	120105	500
2023.07.26	14:00:00	4736.000	4751.000	4735.500	4744.000	45067	254235	500
2023.07.26	15:00:00	4744.000	4752.000	4725.000	4729.000	120874	411619	500
2023.07.26	16:00:00	4729.000	4736.000	4727.500	4730.500	39760	167457	500
2023.07.26	17:00:00	4730.500	4742.000	4729.500	4739.000	17618	84400	500
2023.07.27	09:00:00	4726.500	4738.500	4713.000	4726.000	186764	592491	500
2023.07.27	10:00:00	4726.500	4736.500	4711.500	4722.000	168216	596521	500
2023.07.27	11:00:00	4722.000	4736.000	4722.000	4735.500	89392	387605	500
2023.07.27	12:00:00	4735.000	4736.500	4719.000	4721.500	57915	267374	500
2023.07.27	13:00:00	4721.000	4724.000	4716.500	4721.000	31128	120371	500
2023.07.27	14:00:00	4721.000	4728.500	4717.500	4721.500	55032	215388	500
2023.07.27	15:00:00	4721.500	4756.500	4721.000	4750.000	85399	383304	500
2023.07.27	16:00:00	4750.000	4761.500	4742.000	4761.000	52115	245145	500
2023.07.27	17:00:00	4761.000	4762.500	4745.500	4745.500	28161	123635	500
2023.07.28	09:00:00	4729.500	4732.000	4697.000	4712.500	209871	738753	500
2023.07.28	10:00:00	4712.500	4735.000	4712.500	4726.500	151357	558464	500
2023.07.28	11:00:00	4727.000	4730.000	4717.000	4721.500	83309	334946	500
2023.07.28	12:00:00	4722.000	4734.500	4721.000	4732.500	38089	158597	500
2023.07.28	13:00:00	4732.500	4744.000	4731.500	4732.500	50406	196042	500
2023.07.28	14:00:00	4732.500	4739.500	4727.000	4728.000	42852	171691	500
2023.07.28	15:00:00	4727.500	4738.000	4725.500	4730.500	39111	147567	500
2023.07.28	16:00:00	4730.000	4736.500	4728.000	4732.000	30493	157343	500
2023.07.28	17:00:00	4732.000	4736.500	4727.000	4736.500	15689	86740	500
2023.07.31	09:00:00	4761.000	4767.000	4741.500	4751.000	129722	435875	500
2023.07.31	10:00:00	4751.000	4777.000	4748.500	4773.000	131786	481289	500
2023.07.31	11:00:00	4773.000	4788.500	4766.000	4787.000	96662	396675	500
2023.07.31	12:00:00	4786.500	4788.000	4769.500	4770.500	50438	223024	500
2023.07.31	13:00:00	4770.500	4775.000	4769.000	4772.500	21743	94226	500
2023.07.31	14:00:00	4772.500	4774.000	4760.000	4763.000	35114	139562	500
2023.07.31	15:00:00	4763.500	4769.500	4757.500	4759.000	45308	197514	500
2023.07.31	16:00:00	4759.500	4761.000	4755.500	4757.000	30673	128835	500
2023.07.31	17:00:00	4757.000	4760.000	4753.000	4753.000	20038	102955	500
2023.08.01	09:00:00	4755.000	4800.500	4755.000	4793.500	173828	590663	500
2023.08.01	10:00:00	4793.500	4807.000	4791.500	4799.000	137618	478277	500
2023.08.01	11:00:00	4799.000	4810.000	4787.500	4801.500	124549	461790	500
2023.08.01	12:00:00	4801.500	4816.500	4799.000	4809.500	63922	256385	500
2023.08.01	13:00:00	4810.000	4820.500	4808.500	4817.000	49603	201265	500
2023.08.01	14:00:00	4817.000	4822.500	4815.500	4822.500	43853	192154	500
2023.08.01	15:00:00	4822.500	4827.500	4818.500	4822.000	50696	234760	500
2023.08.01	16:00:00	4822.000	4822.500	4816.000	4817.500	33955	156502	500
2023.08.01	17:00:00	4817.500	4822.000	4814.500	4820.000	28009	138129	500
2023.08.02	09:00:00	4827.000	4827.500	4807.000	4817.500	186818	598259	500
2023.08.02	10:00:00	4818.000	4837.500	4813.000	4835.000	134641	460741	500
2023.08.02	11:00:00	4835.000	4846.500	4826.500	4842.500	112299	431723	500
2023.08.02	12:00:00	4842.500	4848.000	4835.500	4839.500	58718	256937	500
2023.08.02	13:00:00	4839.500	4842.000	4828.500	4829.500	36762	155004	500
2023.08.02	14:00:00	4829.000	4833.000	4816.000	4832.000	67446	263302	500
2023.08.02	15:00:00	4832.000	4834.500	4828.000	4833.500	30993	122637	500
2023.08.02	16:00:00	4834.000	4835.000	4824.000	4830.500	37084	158527	500
2023.08.02	17:00:00	4830.500	4838.000	4829.000	4836.500	20494	102363	500
2023.08.03	09:00:00	4871.000	4898.500	4868.000	4892.000	254636	884804	500
2023.08.03	10:00:00	4891.500	4916.000	4889.500	4914.500	177339	661931	500
2023.08.03	11:00:00	4915.000	4924.000	4902.000	4910.000	133456	551994	500
2023.08.03	12:00:00	4910.000	4914.000	4898.000	4910.000	71401	283965	500
2023.08.03	13:00:00	4909.500	4911.000	4896.000	4901.000	38704	166068	500
2023.08.03	14:00:00	4900.500	4908.500	4899.500	4906.000	40285	163869	500
2023.08.03	15:00:00	4906.000	4913.500	4901.000	4912.500	38934	189993	500
2023.08.03	16:00:00	4912.500	4926.000	4908.000	4925.000	44793	209512	500
2023.08.03	17:00:00	4925.500	4948.000	4920.500	4945.000	46088	233188	500
2023.08.04	09:00:00	4945.000	4949.000	4893.500	4900.500	246657	862398	500
2023.08.04	10:00:00	4900.000	4904.000	4875.500	4896.500	152173	598550	500
2023.08.04	11:00:00	4896.000	4900.500	4872.500	4872.500	111826	421533	500
2023.08.04	12:00:00	4873.000	4880.500	4870.500	4879.500	48971	193905	500
2023.08.04	13:00:00	4879.500	4880.000	4872.000	4877.000	25828	106772	500
2023.08.04	14:00:00	4877.000	4881.000	4872.000	4880.500	33776	154368	500
2023.08.04	15:00:00	4880.500	4895.500	4880.000	4891.500	66675	277061	500
2023.08.04	16:00:00	4891.500	4900.000	4889.500	4899.000	34892	164134	500
2023.08.04	17:00:00	4899.000	4901.000	4887.500	4898.000	24164	99436	500
2023.08.07	09:00:00	4895.000	4918.500	4891.000	4908.000	134644	410599	500
2023.08.07	10:00:00	4908.500	4937.500	4907.500	4930.500	134748	486935	500
2023.08.07	11:00:00	4930.500	4936.500	4925.500	4935.500	71776	279676	500
2023.08.07	12:00:00	4935.500	4936.000	4919.500	4921.500	60134	245242	500
2023.08.07	13:00:00	4921.500	4933.500	4920.000	4932.000	35505	139556	500
2023.08.07	14:00:00	4932.500	4935.000	4922.500	4926.000	40436	167736	500
2023.08.07	15:00:00	4926.500	4926.500	4917.500	4919.500	36668	155263	500
2023.08.07	16:00:00	4919.500	4921.000	4916.500	4917.000	22845	136665	500
2023.08.07	17:00:00	4917.000	4925.000	4917.000	4923.500	20684	88081	500
2023.08.08	09:00:00	4954.500	4963.000	4940.000	4944.500	178995	583499	500
2023.08.08	10:00:00	4944.000	4950.500	4934.000	4946.000	145429	492925	500
2023.08.08	11:00:00	4946.500	4955.000	4939.000	4945.000	126453	495346	500
2023.08.08	12:00:00	4945.500	4947.500	4925.500	4932.000	76935	281988	500
2023.08.08	13:00:00	4931.500	4932.000	4922.000	4925.000	47992	187770	500
2023.08.08	14:00:00	4925.000	4927.500	4911.000	4916.500	66578	259269	500
2023.08.08	15:00:00	4916.000	4924.500	4914.000	4919.000	52892	206539	500
2023.08.08	16:00:00	4918.500	4921.000	4917.000	4918.500	24309	121452	500
2023.08.08	17:00:00	4918.500	4923.000	4916.000	4923.000	17909	78616	500
2023.08.09	09:00:00	4914.500	4926.000	4894.000	4916.500	209266	650548	500
2023.08.09	10:00:00	4917.000	4929.500	4905.500	4920.000	174820	566026	500
2023.08.09	11:00:00	4919.500	4929.000	4914.000	4925.000	100870	379577	500
2023.08.09	12:00:00	4924.500	4933.000	4918.500	4922.000	70094	290103	500
2023.08.09	13:00:00	4922.000	4928.500	4915.500	4924.500	44628	159466	500
2023.08.09	14:00:00	4924.500	4933.500	4916.000	4928.500	64325	300135	500
2023.08.09	15:00:00	4928.000	4936.000	4922.500	4924.000	50495	214937	500
2023.08.09	16:00:00	4923.500	4929.000	4923.000	4925.500	26611	110473	500
2023.08.09	17:00:00	4925.500	4927.000	4921.500	4922.000	18178	84774	500
2023.08.10	09:00:00	4909.500	4914.000	4875.500	4885.500	231355	764913	500
2023.08.10	10:00:00	4886.000	4893.500	4867.500	4869.000	155476	520423	500
2023.08.10	11:00:00	4869.000	4873.500	4862.500	4865.000	108895	417444	500
2023.08.10	12:00:00	4865.000	4868.000	4860.500	4865.500	51324	211495	500
2023.08.10	13:00:00	4865.500	4875.000	4863.500	4873.500	45570	186013	500
2023.08.10	14:00:00	4873.500	4890.000	4871.500	4889.000	69117	288380	500
2023.08.10	15:00:00	4889.500	4893.000	4886.000	4889.500	63934	267975	500
2023.08.10	16:00:00	4890.000	4904.500	4889.500	4902.500	45478	180027	500
2023.08.10	17:00:00	4902.500	4915.000	4900.000	4912.500	27939	133946	500
2023.08.11	09:00:00	4894.000	4922.500	4881.000	4920.000	215134	665748	500
2023.08.11	10:00:00	4920.000	4926.500	4911.000	4917.500	117836	393940	500
2023.08.11	11:00:00	4918.000	4921.500	4895.000	4899.500	139632	489514	500
2023.08.11	12:00:00	4899.000	4918.000	4894.000	4913.000	75770	278835	500
2023.08.11	13:00:00	4913.000	4918.000	4909.000	4913.500	44643	205112	500
2023.08.11	14:00:00	4913.000	4921.000	4910.500	4918.500	43518	174022	500
2023.08.11	15:00:00	4918.500	4921.000	4913.500	4920.500	33861	133059	500
2023.08.11	16:00:00	4920.000	4925.000	4916.500	4922.500	25338	96071	500
2023.08.11	17:00:00	4922.500	4928.500	4920.500	4926.000	24113	117257	500
2023.08.14	09:00:00	4932.000	4953.500	4928.500	4949.000	153117	486854	500
2023.08.14	10:00:00	4948.500	4981.500	4947.500	4973.500	170984	633614	500
2023.08.14	11:00:00	4974.000	4974.500	4963.500	4970.500	85506	345144	500
2023.08.14	12:00:00	4970.000	4979.000	4967.000	4972.500	63078	246855	500
2023.08.14	13:00:00	4972.500	4973.500	4962.500	4963.500	40423	161085	500
2023.08.14	14:00:00	4964.000	4971.000	4960.000	4968.000	46891	195362	500
2023.08.14	15:00:00	4968.000	4981.000	4967.500	4978.500	47822	213143	500
2023.08.14	16:00:00	4979.000	4988.500	4977.000	4982.500	53402	244797	500
2023.08.14	17:00:00	4983.000	4988.500	4978.500	4978.500	28519	136163	500
2023.08.15	09:00:00	4993.000	5010.000	4977.000	4990.000	254227	824845	500
2023.08.15	10:00:00	4990.000	5014.000	4975.000	5003.000	188325	641024	500
2023.08.15	11:00:00	5003.500	5011.000	4990.000	4997.000	126351	461545	500
2023.08.15	12:00:00	4997.000	4998.000	4988.000	4992.000	49763	199532	500
2023.08.15	13:00:00	4992.500	5010.000	4990.000	5006.500	49158	201690	500
2023.08.15	14:00:00	5006.500	5008.500	4997.000	4999.000	38197	176948	500
2023.08.15	15:00:00	4998.500	5007.500	4996.000	5007.000	41467	176834	500
2023.08.15	16:00:00	5006.500	5007.000	5001.000	5003.500	30527	139329	500
2023.08.15	17:00:00	5003.500	5005.500	4998.000	5001.500	17330	117235	500
2023.08.16	09:00:00	4990.500	4996.500	4977.500	4995.000	166403	504005	500
2023.08.16	10:00:00	4995.000	5007.000	4990.000	4999.500	165555	547210	500
2023.08.16	11:00:00	4999.000	5003.500	4983.000	4983.500	103045	376609	500
2023.08.16	12:00:00	4983.000	4984.500	4965.000	4981.500	98889	377296	500
2023.08.16	13:00:00	4981.000	4993.500	4979.000	4992.500	50010	234997	500
2023.08.16	14:00:00	4993.000	4997.500	4984.000	4986.000	57531	219765	500
2023.08.16	15:00:00	4986.000	5000.500	4977.500	4997.000	100429	364334	500
2023.08.16	16:00:00	4997.500	5003.500	4992.500	5001.500	49999	205190	500
2023.08.16	17:00:00	5001.500	5007.000	4999.000	5003.000	18037	153215	500
2023.08.17	09:00:00	4987.000	4999.000	4976.000	4993.000	187770	572914	500
2023.08.17	10:00:00	4992.500	4997.000	4973.500	4985.500	156611	497574	500
2023.08.17	11:00:00	4985.500	5011.500	4982.500	4999.000	131317	455764	500
2023.08.17	12:00:00	4999.000	5006.500	4988.500	4998.500	80616	298393	500
2023.08.17	13:00:00	4999.000	5002.000	4986.000	4987.500	53326	184779	500
2023.08.17	14:00:00	4987.500	5005.500	4986.000	4997.500	62869	260765	500
2023.08.17	15:00:00	4997.500	5010.000	4996.500	5002.500	51898	194342	500
2023.08.17	16:00:00	5003.000	5004.000	4993.000	4995.500	43809	149274	500
2023.08.17	17:00:00	4995.500	4999.500	4989.500	4991.000	16525	95372	500
2023.08.18	09:00:00	4992.500	5014.500	4987.500	5001.000	187456	565112	500
2023.08.18	10:00:00	5001.000	5012.500	4986.000	4988.500	179917	558620	500
2023.08.18	11:00:00	4988.500	4992.000	4972.500	4973.000	111078	387913	500
2023.08.18	12:00:00	4973.000	4979.500	4970.000	4978.500	65416	273942	500
2023.08.18	13:00:00	4978.500	4980.500	4970.000	4975.500	43926	197036	500
2023.08.18	14:00:00	4976.000	4984.000	4974.000	4978.500	41211	143983	500
2023.08.18	15:00:00	4978.500	4983.500	4976.000	4982.000	29985	112205	500
2023.08.18	16:00:00	4982.500	4984.000	4978.500	4980.000	22237	88228	500
2023.08.18	17:00:00	4980.000	4984.500	4978.000	4982.000	18112	92887	500
2023.08.21	09:00:00	4980.000	4987.000	4969.000	4982.500	138531	424758	500
2023.08.21	10:00:00	4982.500	5005.500	4978.000	4998.000	145285	472433	500
2023.08.21	11:00:00	4997.500	5007.500	4993.000	5001.000	107993	370284	500
2023.08.21	12:00:00	5000.500	5005.000	4995.500	4998.000	48182	189127	500
2023.08.21	13:00:00	4998.000	4998.500	4990.500	4992.500	43111	168667	500
2023.08.21	14:00:00	4992.500	4999.000	4992.000	4997.500	32206	115983	500
2023.08.21	15:00:00	4998.000	4998.500	4987.500	4991.000	36424	137165	500
2023.08.21	16:00:00	4991.500	4992.500	4987.500	4989.000	25781	83552	500
2023.08.21	17:00:00	4989.500	4995.500	4988.000	4992.000	19788	86951	500
2023.08.22	09:00:00	4975.000	4975.000	4952.500	4963.500	190180	617729	500
2023.08.22	10:00:00	4963.000	4974.500	4953.500	4963.500	160853	522906	500
2023.08.22	11:00:00	4964.000	4964.500	4935.500	4936.500	145071	541880	500
2023.08.22	12:00:00	4937.000	4948.000	4934.500	4947.000	56789	217567	500
2023.08.22	13:00:00	4947.000	4949.000	4943.500	4946.000	30307	117090	500
2023.08.22	14:00:00	4946.500	4950.500	4940.000	4941.500	40140	145320	500
2023.08.22	15:00:00	4941.500	4944.500	4937.500	4944.000	31357	118789	500
2023.08.22	16:00:00	4943.500	4949.000	4941.500	4949.000	24250	97624	500
2023.08.22	17:00:00	4948.500	4949.500	4944.000	4948.500	19079	88304	500
2023.08.23	09:00:00	4935.000	4949.000	4932.500	4943.000	141193	455827	500
2023.08.23	10:00:00	4943.500	4945.500	4901.500	4905.500	210113	769758	500
2023.08.23	11:00:00	4905.500	4910.000	4891.000	4895.500	116448	485704	500
2023.08.23	12:00:00	4895.500	4897.500	4886.000	4886.500	61718	280799	500
2023.08.23	13:00:00	4886.000	4887.000	4865.500	4868.500	84223	383342	500
2023.08.23	14:00:00	4869.000	4873.000	4866.000	4870.000	41824	171433	500
2023.08.23	15:00:00	4870.000	4876.500	4867.000	4868.000	44901	190970	500
2023.08.23	16:00:00	4868.000	4868.500	4858.000	4863.500	49457	222745	500
2023.08.23	17:00:00	4863.500	4866.000	4853.000	4865.000	43576	193410	500
2023.08.24	09:00:00	4879.000	4890.000	4872.500	4886.500	154079	507663	500
2023.08.24	10:00:00	4886.000	4894.000	4866.000	4868.000	164838	559986	500
2023.08.24	11:00:00	4868.000	4880.000	4862.000	4879.500	115554	400446	500
2023.08.24	12:00:00	4879.500	4891.500	4877.500	4891.000	67005	275400	500
2023.08.24	13:00:00	4891.000	4892.500	4881.000	4882.000	45294	189860	500
2023.08.24	14:00:00	4881.500	4885.500	4876.000	4876.000	41153	155267	500
2023.08.24	15:00:00	4876.000	4884.500	4875.000	4877.500	36187	142198	500
2023.08.24	16:00:00	4877.500	4887.000	4876.000	4886.500	30235	123186	500
2023.08.24	17:00:00	4886.500	4893.000	4886.000	4890.000	20096	111248	500
2023.08.25	09:00:00	4887.000	4888.500	4863.000	4876.500	165531	527828	500
2023.08.25	10:00:00	4876.500	4896.000	4873.500	4884.500	129890	453673	500
2023.08.25	11:00:00	4885.000	4906.500	4869.500	4897.000	208964	756977	500
2023.08.25	12:00:00	4896.500	4897.000	4881.000	4882.500	82061	329261	500
2023.08.25	13:00:00	4882.500	4885.000	4874.000	4877.000	48237	182549	500
2023.08.25	14:00:00	4877.500	4883.000	4873.000	4879.500	42753	145998	500
2023.08.25	15:00:00	4879.500	4882.500	4868.000	4869.000	46065	194145	500
2023.08.25	16:00:00	4869.000	4882.500	4868.000	4880.500	34146	150928	500
2023.08.25	17:00:00	4880.000	4886.000	4877.000	4877.000	21940	105098	500
2023.08.28	09:00:00	4880.500	4893.500	4869.000	4884.000	113835	328039	500
2023.08.28	10:00:00	4883.500	4903.500	4882.000	4898.000	114133	333917	500
2023.08.28	11:00:00	4897.500	4906.000	4892.500	4903.500	95532	299867	500
2023.08.28	12:00:00	4903.000	4905.000	4896.000	4897.000	41589	141093	500
2023.08.28	13:00:00	4897.000	4909.500	4896.000	4908.500	45573	167539	500
2023.08.28	14:00:00	4908.500	4915.000	4903.500	4906.000	59556	237427	500
2023.08.28	15:00:00	4906.000	4907.000	4879.000	4881.000	82339	341456	500
2023.08.28	16:00:00	4881.000	4883.500	4876.500	4878.500	39176	155437	500
2023.08.28	17:00:00	4879.000	4881.000	4876.000	4878.500	18698	84720	500
2023.08.29	09:00:00	4883.000	4901.500	4879.000	4889.500	154649	465958	500
2023.08.29	10:00:00	4889.000	4905.000	4882.500	4897.500	157237	530485	500
2023.08.29	11:00:00	4898.000	4899.000	4861.000	4875.500	206935	739868	500
2023.08.29	12:00:00	4876.000	4878.000	4853.000	4860.500	93407	355307	500
2023.08.29	13:00:00	4861.000	4878.000	4859.500	4864.500	78407	302912	500
2023.08.29	14:00:00	4865.000	4871.000	4860.500	4866.000	50668	247859	500
2023.08.29	15:00:00	4865.500	4868.500	4857.000	4857.500	38079	193603	500
2023.08.29	16:00:00	4858.000	4862.000	4852.000	4857.500	43491	237887	500
2023.08.29	17:00:00	4858.000	4860.500	4854.000	4857.500	19040	82542	500
2023.08.30	09:00:00	4862.000	4863.000	4844.000	4856.500	166770	544394	500
2023.08.30	10:00:00	4856.500	4873.000	4850.500	4864.500	143247	491848	500
2023.08.30	11:00:00	4865.000	4884.500	4864.000	4879.500	99483	387335	500
2023.08.30	12:00:00	4879.500	4884.000	4861.500	4862.000	80048	355432	500
2023.08.30	13:00:00	4861.500	4865.000	4857.000	4863.500	47566	200843	500
2023.08.30	14:00:00	4864.000	4865.500	4857.000	4861.000	38700	172370	500
2023.08.30	15:00:00	4861.000	4874.500	4860.000	4865.000	49991	299456	500
2023.08.30	16:00:00	4865.000	4873.500	4863.500	4870.500	35310	194103	500
2023.08.30	17:00:00	4870.500	4895.000	4870.000	4895.000	37678	185578	500
2023.08.31	09:00:00	4903.500	4906.500	4885.000	4901.500	151703	486239	500
2023.08.31	10:00:00	4901.000	4947.500	4900.000	4946.000	196281	794341	500
2023.08.31	11:00:00	4946.500	4978.000	4945.500	4970.500	176456	810929	500
2023.08.31	12:00:00	4970.500	4982.000	4953.000	4954.000	121248	561524	500
2023.08.31	13:00:00	4953.500	4968.500	4953.000	4959.500	53965	247533	500
2023.08.31	14:00:00	4959.500	4975.000	4957.000	4969.500	54512	278846	500
2023.08.31	15:00:00	4969.500	4974.500	4954.000	4972.500	74025	328723	500
2023.08.31	16:00:00	4972.500	4977.000	4967.000	4972.500	45940	209729	500
2023.08.31	17:00:00	4972.500	4981.500	4969.500	4974.500	30983	216296	500
2023.09.01	09:00:00	4962.000	4963.000	4921.000	4930.000	237485	796621	500
2023.09.01	10:00:00	4930.000	4944.500	4920.000	4939.000	168617	559310	500
2023.09.01	11:00:00	4939.000	4960.000	4931.500	4955.000	142816	491973	500
2023.09.01	12:00:00	4954.500	4967.000	4954.500	4963.500	63396	228662	500
2023.09.01	13:00:00	4963.500	4968.000	4953.000	4956.000	64614	237166	500
2023.09.01	14:00:00	4956.000	4958.500	4953.000	4955.500	28191	114691	500
2023.09.01	15:00:00	4955.000	4959.500	4952.000	4957.500	43026	161153	500
2023.09.01	16:00:00	4957.500	4961.000	4955.500	4959.000	28865	103723	500
2023.09.01	17:00:00	4959.000	4972.000	4958.000	4967.500	23028	150549	500
2023.09.04	09:00:00	4955.000	4963.000	4946.000	4957.000	101483	335183	500
2023.09.04	10:00:00	4957.000	4958.500	4934.000	4939.000	110559	354372	500
2023.09.04	11:00:00	4939.500	4949.500	4932.500	4934.000	89983	307003	500
2023.09.04	12:00:00	4934.000	4936.000	4927.500	4929.500	40669	164110	500
2023.09.04	13:00:00	4929.500	4935.500	4928.500	4932.500	23255	86571	500
2023.09.04	14:00:00	4933.000	4942.500	4928.500	4941.500	32189	130325	500
2023.09.04	15:00:00	4941.500	4956.000	4940.000	4953.500	39105	171791	500
2023.09.04	16:00:00	4954.000	4955.500	4951.500	4954.500	14052	56926	500
2023.09.04	17:00:00	4954.500	4960.000	4953.500	4959.000	17589	102533	500
2023.09.05	09:00:00	4982.000	4991.500	4974.000	4983.500	182155	615159	500
2023.09.05	10:00:00	4984.000	4999.500	4983.000	4997.500	134327	474505	500
2023.09.05	11:00:00	4997.500	5000.000	4992.000	4995.500	88813	313142	500
2023.09.05	12:00:00	4995.500	4996.000	4983.000	4983.500	73794	296130	500
2023.09.05	13:00:00	4984.000	4987.500	4977.000	4979.500	52451	207482	500
2023.09.05	14:00:00	4980.000	4993.000	4979.500	4989.000	51817	207808	500
2023.09.05	15:00:00	4989.000	5000.000	4985.500	4998.000	44540	188866	500
2023.09.05	16:00:00	4998.000	5005.000	4993.500	4994.500	50156	236563	500
2023.09.05	17:00:00	4995.000	4996.000	4985.000	4987.500	21192	100557	500
2023.09.06	09:00:00	4994.000	5014.000	4994.000	5010.500	143008	514198	500
2023.09.06	10:00:00	5010.500	5012.500	4973.000	4978.500	184062	666717	500
2023.09.06	11:00:00	4978.000	4995.500	4975.000	4995.500	157082	574443	500
2023.09.06	12:00:00	4995.500	4997.000	4988.000	4989.500	51484	195181	500
2023.09.06	13:00:00	4989.500	4999.000	4985.000	4997.500	47259	189456	500
2023.09.06	14:00:00	4997.000	4998.000	4988.500	4990.000	41314	168237	500
2023.09.06	15:00:00	4990.000	5007.000	4988.000	5006.000	55814	221968	500
2023.09.06	16:00:00	5006.000	5009.000	5002.500	5002.500	35471	170623	500
2023.09.06	17:00:00	5002.500	5003.000	4992.000	4999.000	23361	116357	500
2023.09.08	09:00:00	5001.500	5001.500	4983.000	4997.000	130293	415518	500
2023.09.08	10:00:00	4996.500	5011.500	4994.500	5005.500	115029	362477	500
2023.09.08	11:00:00	5006.000	5009.000	4994.500	5008.500	97768	349135	500
2023.09.08	12:00:00	5009.000	5010.000	4992.500	4994.500	57489	221931	500
2023.09.08	13:00:00	4994.500	5001.500	4990.500	4998.000	46694	171820	500
2023.09.08	14:00:00	4997.500	5001.000	4991.500	4991.500	38016	153080	500
2023.09.08	15:00:00	4992.000	5002.500	4990.000	5001.000	32135	134860	500
2023.09.08	16:00:00	5001.000	5002.500	4998.000	4999.500	20413	77100	500
2023.09.08	17:00:00	4999.000	5007.000	4997.500	5005.000	17054	71109	500
2023.09.11	09:00:00	4977.000	4987.500	4963.000	4966.000	148622	489943	500
2023.09.11	10:00:00	4966.500	4966.500	4946.000	4949.000	138138	504318	500
2023.09.11	11:00:00	4949.500	4955.000	4944.000	4952.000	75828	305613	500
2023.09.11	12:00:00	4952.000	4955.500	4949.500	4950.500	42353	187541	500
2023.09.11	13:00:00	4950.500	4951.000	4940.500	4942.500	59124	257104	500
2023.09.11	14:00:00	4942.000	4950.500	4935.500	4949.500	58232	280179	500
2023.09.11	15:00:00	4949.500	4952.000	4944.500	4947.000	39870	171394	500
2023.09.11	16:00:00	4947.000	4951.500	4945.500	4945.500	25444	115853	500
2023.09.11	17:00:00	4945.500	4948.000	4941.000	4944.000	24884	126380	500
2023.09.12	09:00:00	4958.000	4969.000	4948.000	4966.000	154470	541733	500
2023.09.12	10:00:00	4966.500	4981.000	4964.500	4969.000	129153	441039	500
2023.09.12	11:00:00	4968.500	4974.500	4961.500	4965.500	83931	280065	500
2023.09.12	12:00:00	4965.500	4966.500	4955.000	4956.500	52560	207674	500
2023.09.12	13:00:00	4957.000	4962.000	4955.000	4960.500	34134	132031	500
2023.09.12	14:00:00	4960.500	4965.500	4954.500	4962.500	46588	179180	500
2023.09.12	15:00:00	4962.000	4965.000	4957.000	4963.000	38410	144000	500
2023.09.12	16:00:00	4962.500	4969.500	4960.000	4967.000	26592	119144	500
2023.09.12	17:00:00	4966.500	4968.500	4960.000	4960.500	18064	83194	500
2023.09.13	09:00:00	4967.500	4979.000	4940.000	4946.500	225503	766996	500
2023.09.13	10:00:00	4946.500	4953.000	4928.000	4929.500	158406	566050	500
2023.09.13	11:00:00	4930.000	4935.000	4906.000	4917.500	134393	580503	500
2023.09.13	12:00:00	4917.500	4923.500	4914.000	4917.500	52303	234956	500
2023.09.13	13:00:00	4917.500	4922.000	4914.500	4921.000	32882	147916	500
2023.09.13	14:00:00	4920.500	4927.000	4918.000	4925.500	35459	157044	500
2023.09.13	15:00:00	4926.000	4929.500	4919.000	4924.500	45052	204968	500
2023.09.13	16:00:00	4925.000	4929.000	4924.500	4927.000	23887	101180	500
2023.09.13	17:00:00	4927.000	4929.500	4924.000	4928.000	15269	77861	500
2023.09.14	09:00:00	4929.500	4934.000	4897.500	4899.500	244278	845098	500
2023.09.14	10:00:00	4899.500	4900.000	4883.500	4889.000	157375	590906	500
2023.09.14	11:00:00	4889.000	4906.500	4878.000	4884.000	131118	518063	500
2023.09.14	12:00:00	4884.000	4887.000	4878.000	4880.000	50897	253599	500
2023.09.14	13:00:00	4879.500	4882.000	4874.000	4881.000	46266	213774	500
2023.09.14	14:00:00	4881.000	4891.500	4879.000	4886.000	41323	178704	500
2023.09.14	15:00:00	4886.500	4889.500	4882.500	4887.000	38200	148244	500
2023.09.14	16:00:00	4887.000	4888.000	4883.000	4884.000	22173	97599	500
2023.09.14	17:00:00	4884.000	4885.000	4880.000	4880.000	18869	80914	500
2023.09.15	09:00:00	4877.500	4888.500	4870.000	4876.500	157879	559681	500
2023.09.15	10:00:00	4877.000	4890.000	4870.000	4885.500	147660	529702	500
2023.09.15	11:00:00	4885.000	4885.000	4870.000	4881.000	120840	484785	500
2023.09.15	12:00:00	4881.000	4885.000	4871.500	4879.000	63303	296407	500
2023.09.15	13:00:00	4878.500	4882.500	4874.000	4879.000	34711	143955	500
2023.09.15	14:00:00	4879.500	4883.500	4873.500	4877.000	38731	159343	500
2023.09.15	15:00:00	4877.000	4881.000	4875.000	4878.500	25877	102783	500
2023.09.15	16:00:00	4879.000	4883.000	4878.000	4882.000	25845	112447	500
2023.09.15	17:00:00	4882.000	4885.000	4872.500	4880.000	18954	108356	500
2023.09.18	09:00:00	4884.000	4887.500	4862.500	4865.500	151614	522874	500
2023.09.18	10:00:00	4865.500	4873.500	4859.000	4868.500	120619	465588	500
2023.09.18	11:00:00	4868.500	4873.000	4853.500	4858.500	104590	431727	500
2023.09.18	12:00:00	4859.000	4861.000	4854.000	4857.000	36887	219512	500
2023.09.18	13:00:00	4856.500	4859.000	4852.500	4857.500	33986	145895	500
2023.09.18	14:00:00	4857.500	4859.000	4850.500	4853.000	32453	154264	500
2023.09.18	15:00:00	4853.000	4860.500	4850.500	4860.000	37891	174567	500
2023.09.18	16:00:00	4859.500	4866.500	4858.500	4865.000	31150	150367	500
2023.09.18	17:00:00	4864.500	4867.000	4860.500	4866.500	18994	86845	500
2023.09.19	09:00:00	4855.500	4866.000	4848.000	4858.000	156058	537201	500
2023.09.19	10:00:00	4858.500	4868.000	4855.500	4860.500	123829	425663	500
2023.09.19	11:00:00	4861.000	4872.000	4860.500	4866.000	91787	356058	500
2023.09.19	12:00:00	4866.000	4869.000	4862.500	4867.000	40750	155502	500
2023.09.19	13:00:00	4867.000	4874.500	4864.500	4872.500	42352	184327	500
2023.09.19	14:00:00	4872.500	4875.000	4869.000	4874.500	41433	200591	500
2023.09.19	15:00:00	4875.000	4883.500	4873.000	4881.500	48330	260164	500
2023.09.19	16:00:00	4881.500	4882.500	4877.500	4880.500	30004	153756	500
2023.09.19	17:00:00	4880.500	4881.500	4874.000	4875.500	17764	98406	500
2023.09.20	09:00:00	4865.000	4866.500	4854.500	4857.500	114392	394291	500
2023.09.20	10:00:00	4857.000	4859.000	4848.500	4853.000	112928	427020	500
2023.09.20	11:00:00	4853.000	4859.000	4850.500	4853.000	69121	284631	500
2023.09.20	12:00:00	4853.500	4857.000	4849.500	4854.000	47536	192804	500
2023.09.20	13:00:00	4854.000	4856.500	4850.000	4850.000	30955	130990	500
2023.09.20	14:00:00	4850.500	4865.500	4850.000	4860.000	55124	288611	500
2023.09.20	15:00:00	4860.000	4876.000	4853.000	4871.500	154433	625781	500
2023.09.20	16:00:00	4872.000	4886.500	4868.500	4886.000	65694	283937	500
2023.09.20	17:00:00	4885.500	4889.000	4879.500	4886.500	30134	158304	500
2023.09.21	09:00:00	4902.000	4941.000	4897.000	4928.500	198277	761187	500
2023.09.21	10:00:00	4928.500	4940.000	4926.000	4940.000	140412	562341	500
2023.09.21	11:00:00	4940.000	4940.000	4912.500	4922.500	123301	536545	500
2023.09.21	12:00:00	4922.500	4929.500	4914.500	4928.500	64135	280452	500
2023.09.21	13:00:00	4928.500	4932.000	4927.000	4930.500	38493	150323	500
2023.09.21	14:00:00	4930.500	4931.500	4922.000	4930.000	46249	206203	500
2023.09.21	15:00:00	4930.000	4940.000	4928.000	4936.000	55766	258275	500
2023.09.21	16:00:00	4936.000	4942.500	4934.000	4941.000	41328	242701	500
2023.09.21	17:00:00	4941.000	4945.500	4937.500	4943.000	27274	147141	500
2023.09.22	09:00:00	4920.000	4928.000	4913.000	4918.500	130862	470189	500
2023.09.22	10:00:00	4918.000	4936.000	4917.500	4923.500	115876	428512	500
2023.09.22	11:00:00	4923.000	4927.500	4908.500	4919.500	125347	520847	500
2023.09.22	12:00:00	4919.000	4927.000	4917.000	4919.000	40554	174843	500
2023.09.22	13:00:00	4919.500	4930.000	4919.000	4930.000	38543	162972	500
2023.09.22	14:00:00	4930.000	4935.000	4927.500	4932.000	41778	176164	500
2023.09.22	15:00:00	4932.000	4938.000	4928.000	4934.500	46572	203292	500
2023.09.22	16:00:00	4934.500	4938.000	4931.500	4937.500	24225	171198	500
2023.09.22	17:00:00	4937.000	4942.500	4936.000	4940.500	16457	132931	500
2023.09.25	09:00:00	4949.000	4958.000	4940.500	4956.000	128923	449835	500
2023.09.25	10:00:00	4956.000	4972.500	4951.500	4961.500	124955	497025	500
2023.09.25	11:00:00	4962.000	4968.500	4954.500	4967.500	99996	386737	500
2023.09.25	12:00:00	4967.500	4970.500	4961.500	4967.000	48343	189711	500
2023.09.25	13:00:00	4967.000	4978.000	4966.000	4976.000	49114	194859	500
2023.09.25	14:00:00	4976.000	4976.500	4963.000	4966.000	43979	196947	500
2023.09.25	15:00:00	4966.000	4976.000	4964.500	4975.500	39872	167123	500
2023.09.25	16:00:00	4975.500	4976.500	4968.500	4969.000	31555	126017	500
2023.09.25	17:00:00	4969.500	4973.000	4964.500	4972.000	19353	140360	500
2023.09.26	09:00:00	4977.000	4985.500	4954.000	4957.500	179276	614985	500
2023.09.26	10:00:00	4958.000	4979.000	4957.500	4967.500	175689	663432	500
2023.09.26	11:00:00	4967.500	4972.000	4961.000	4966.000	98779	401718	500
2023.09.26	12:00:00	4966.000	4987.500	4965.500	4985.500	83951	387150	500
2023.09.26	13:00:00	4986.000	4988.000	4981.500	4984.500	46542	237955	500
2023.09.26	14:00:00	4984.500	4989.000	4975.500	4976.500	61576	296729	500
2023.09.26	15:00:00	4976.500	4990.000	4976.000	4988.000	49443	222073	500
2023.09.26	16:00:00	4988.000	4995.000	4983.000	4990.000	48284	233383	500
2023.09.26	17:00:00	4990.000	4996.000	4984.500	4989.500	26757	176565	500
2023.09.27	09:00:00	4987.000	5018.000	4987.000	5008.000	195023	745977	500
2023.09.27	10:00:00	5007.500	5021.000	4996.500	5020.000	157372	627359	500
2023.09.27	11:00:00	5020.500	5031.000	5016.500	5030.500	116554	544988	500
2023.09.27	12:00:00	5030.500	5058.000	5024.500	5056.500	125696	589906	500
2023.09.27	13:00:00	5057.000	5058.500	5048.000	5053.000	67869	333051	500
2023.09.27	14:00:00	5053.500	5079.500	5049.500	5072.000	116317	600547	500
2023.09.27	15:00:00	5071.500	5074.500	5045.500	5058.500	92776	500811	500
2023.09.27	16:00:00	5058.000	5058.500	5045.500	5046.000	48143	223888	500
2023.09.27	17:00:00	5046.000	5052.000	5042.000	5044.000	26053	138536	500
2023.09.28	09:00:00	5040.000	5062.000	5015.500	5059.000	256235	879045	500
2023.09.28	10:00:00	5059.000	5070.500	5047.500	5060.000	177725	604530	500
2023.09.28	11:00:00	5060.500	5063.000	5046.000	5046.500	133907	567122	500
2023.09.28	12:00:00	5046.500	5056.500	5032.000	5037.000	112410	535184	500
2023.09.28	13:00:00	5037.500	5054.000	5036.000	5049.500	61487	336346	500
2023.09.28	14:00:00	5050.000	5052.500	5039.500	5047.000	56636	283197	500
2023.09.28	15:00:00	5047.000	5053.000	5043.000	5051.500	46324	221076	500
2023.09.28	16:00:00	5051.500	5052.500	5036.500	5040.000	47305	224246	500
2023.09.28	17:00:00	5040.000	5041.500	5030.500	5034.500	29714	155485	500
2023.09.29	09:00:00	5038.500	5038.500	5013.500	5019.500	184127	691991	500
2023.09.29	10:00:00	5020.000	5041.000	5019.000	5030.000	137279	530082	500
2023.09.29	11:00:00	5029.500	5050.500	5023.000	5028.000	130646	573325	500
2023.09.29	12:00:00	5027.500	5033.000	5009.500	5024.500	104944	489636	500
2023.09.29	13:00:00	5024.000	5036.500	5023.500	5031.000	58649	241846	500
2023.09.29	14:00:00	5031.000	5042.500	5030.000	5038.000	53746	213002	500
2023.09.29	15:00:00	5038.000	5057.000	5029.500	5046.000	78736	397106	500
2023.09.29	16:00:00	5046.000	5051.500	5042.500	5048.000	47378	200901	500
2023.09.29	17:00:00	5048.500	5057.000	5045.000	5057.000	22358	168156	500
2023.10.02	09:00:00	5088.000	5089.500	5057.500	5072.000	147762	556712	500
2023.10.02	10:00:00	5071.500	5087.500	5070.000	5085.000	136703	513182	500
2023.10.02	11:00:00	5085.500	5094.500	5073.500	5093.000	150664	564197	500
2023.10.02	12:00:00	5093.000	5098.000	5077.500	5097.000	93172	397329	500
2023.10.02	13:00:00	5096.500	5100.000	5091.000	5092.500	55632	270382	500
2023.10.02	14:00:00	5092.500	5093.000	5081.000	5090.500	49580	212019	500
2023.10.02	15:00:00	5090.000	5097.500	5086.000	5097.000	58277	286771	500
2023.10.02	16:00:00	5097.000	5097.500	5086.000	5087.500	41149	185845	500
2023.10.02	17:00:00	5087.000	5088.000	5076.000	5083.000	30046	190703	500
2023.10.03	09:00:00	5099.000	5118.500	5095.500	5109.000	201404	743655	500
2023.10.03	10:00:00	5109.000	5110.000	5090.000	5093.500	148070	530218	500
2023.10.03	11:00:00	5093.000	5151.500	5092.500	5150.000	282991	1137302	500
2023.10.03	12:00:00	5150.500	5157.000	5146.000	5155.000	111544	473861	500
2023.10.03	13:00:00	5155.000	5156.500	5145.500	5151.000	64404	298891	500
2023.10.03	14:00:00	5151.500	5156.000	5146.500	5154.500	55537	255372	500
2023.10.03	15:00:00	5155.000	5178.500	5152.000	5168.500	99678	498234	500
2023.10.03	16:00:00	5168.500	5180.000	5164.500	5174.500	63420	323464	500
2023.10.03	17:00:00	5174.500	5192.500	5170.000	5187.500	45273	276195	500
2023.10.04	09:00:00	5162.000	5166.000	5142.500	5149.000	220277	819309	500
2023.10.04	10:00:00	5149.500	5185.000	5148.000	5180.000	184446	654949	500
2023.10.04	11:00:00	5180.000	5197.000	5173.000	5182.500	179634	737710	500
2023.10.04	12:00:00	5182.500	5186.500	5154.000	5155.000	115438	522306	500
2023.10.04	13:00:00	5155.000	5159.000	5143.000	5154.500	84554	348236	500
2023.10.04	14:00:00	5154.000	5169.000	5153.500	5168.500	71171	290877	500
2023.10.04	15:00:00	5168.500	5177.000	5165.500	5168.500	65512	278382	500
2023.10.04	16:00:00	5168.500	5172.000	5161.500	5171.500	49560	230012	500
2023.10.04	17:00:00	5171.500	5180.500	5169.000	5173.000	32352	152021	500
2023.10.05	09:00:00	5185.000	5198.500	5175.000	5179.000	207783	677059	500
2023.10.05	10:00:00	5178.500	5184.500	5167.500	5174.000	166761	601783	500
2023.10.05	11:00:00	5173.500	5199.500	5173.000	5194.000	161437	618590	500
2023.10.05	12:00:00	5194.500	5206.000	5190.500	5198.500	117318	491295	500
2023.10.05	13:00:00	5198.500	5200.500	5188.000	5194.000	60798	244974	500
2023.10.05	14:00:00	5193.500	5198.000	5183.000	5186.500	63716	251093	500
2023.10.05	15:00:00	5187.000	5191.500	5183.000	5186.000	43818	168328	500
2023.10.05	16:00:00	5186.000	5193.500	5184.500	5186.500	38029	158040	500
2023.10.05	17:00:00	5186.500	5188.500	5181.000	5185.000	22164	107210	500
2023.10.06	09:00:00	5181.500	5237.000	5178.500	5228.000	290783	1011439	500
2023.10.06	10:00:00	5228.500	5234.000	5212.500	5230.500	206775	716798	500
2023.10.06	11:00:00	5231.000	5232.000	5194.500	5203.500	154627	581467	500
2023.10.06	12:00:00	5204.000	5206.500	5162.500	5170.000	170480	648232	500
2023.10.06	13:00:00	5170.000	5185.000	5168.000	5178.500	80430	302309	500
2023.10.06	14:00:00	5178.500	5179.000	5165.000	5172.000	59666	264785	500
2023.10.06	15:00:00	5172.000	5177.500	5166.500	5174.500	53529	237897	500
2023.10.06	16:00:00	5174.500	5181.500	5173.000	5178.000	42901	165462	500
2023.10.06	17:00:00	5178.000	5179.000	5160.500	5163.000	20690	105631	500
2023.10.09	09:00:00	5192.000	5199.500	5168.500	5184.000	170540	565349	500
2023.10.09	10:00:00	5183.500	5186.500	5173.000	5177.500	130819	467074	500
2023.10.09	11:00:00	5177.500	5190.000	5174.000	5188.500	97752	366433	500
2023.10.09	12:00:00	5189.000	5190.500	5181.000	5183.000	50634	202924	500
2023.10.09	13:00:00	5183.000	5188.500	5179.500	5186.000	36075	132301	500
2023.10.09	14:00:00	5185.500	5189.500	5143.500	5145.000	103911	417067	500
2023.10.09	15:00:00	5144.500	5150.000	5138.000	5148.000	71396	268642	500
2023.10.09	16:00:00	5148.000	5155.500	5145.000	5146.500	41687	171238	500
2023.10.09	17:00:00	5146.500	5154.500	5145.500	5152.500	21195	97683	500
2023.10.10	09:00:00	5155.000	5157.000	5116.500	5121.500	201864	698095	500
2023.10.10	10:00:00	5122.000	5126.500	5108.000	5109.500	163609	587314	500
2023.10.10	11:00:00	5109.500	5110.000	5084.000	5092.000	152466	637999	500
2023.10.10	12:00:00	5092.500	5096.000	5078.500	5083.500	86849	409649	500
2023.10.10	13:00:00	5083.000	5091.500	5081.500	5088.000	53905	219358	500
2023.10.10	14:00:00	5088.000	5095.000	5083.500	5089.000	69498	284755	500
2023.10.10	15:00:00	5089.000	5090.500	5076.000	5081.000	56565	227729	500
2023.10.10	16:00:00	5080.500	5082.000	5070.000	5071.000	45793	219671	500
2023.10.10	17:00:00	5071.500	5073.000	5063.000	5071.000	33226	174463	500
2023.10.11	09:00:00	5058.000	5068.000	5044.500	5046.000	226735	811989	500
2023.10.11	10:00:00	5045.500	5073.500	5043.500	5069.500	197420	689891	500
2023.10.11	11:00:00	5069.500	5077.000	5062.000	5066.500	119404	474281	500
2023.10.11	12:00:00	5066.000	5071.500	5060.500	5066.500	65506	278945	500
2023.10.11	13:00:00	5066.500	5082.500	5065.500	5077.000	67919	289816	500
2023.10.11	14:00:00	5077.000	5086.500	5072.000	5076.500	63059	251611	500
2023.10.11	15:00:00	5076.500	5078.000	5063.500	5073.500	62926	259148	500
2023.10.11	16:00:00	5073.500	5074.000	5063.000	5065.500	32722	159936	500
2023.10.11	17:00:00	5065.500	5071.000	5060.000	5063.500	21447	109737	500
2023.10.13	09:00:00	5080.500	5088.000	5061.000	5065.000	164166	585236	500
2023.10.13	10:00:00	5065.500	5077.500	5058.500	5061.500	139855	476966	500
2023.10.13	11:00:00	5062.000	5083.500	5062.000	5079.000	125245	458879	500
2023.10.13	12:00:00	5079.000	5095.500	5078.000	5088.000	77834	319275	500
2023.10.13	13:00:00	5088.500	5089.500	5082.000	5086.500	45413	173308	500
2023.10.13	14:00:00	5086.500	5105.000	5085.000	5103.500	68639	284583	500
2023.10.13	15:00:00	5103.500	5116.000	5101.000	5110.500	60588	269048	500
2023.10.13	16:00:00	5111.000	5111.000	5100.500	5102.000	42952	179133	500
2023.10.13	17:00:00	5101.500	5102.500	5087.000	5093.000	21253	98469	500
2023.10.16	09:00:00	5066.000	5084.000	5063.000	5080.000	151833	507334	500
2023.10.16	10:00:00	5080.000	5083.500	5069.000	5080.000	131975	425844	500
2023.10.16	11:00:00	5080.000	5081.000	5060.500	5066.000	100164	338483	500
2023.10.16	12:00:00	5065.500	5072.500	5063.500	5070.000	51365	210644	500
2023.10.16	13:00:00	5069.500	5074.500	5067.000	5067.500	37362	133083	500
2023.10.16	14:00:00	5067.500	5074.500	5059.500	5060.000	57854	216193	500
2023.10.16	15:00:00	5060.000	5062.500	5047.500	5050.500	63648	264623	500
2023.10.16	16:00:00	5050.500	5055.000	5045.000	5047.500	43130	217379	500
2023.10.16	17:00:00	5047.500	5055.000	5044.500	5052.000	26174	137732	500
2023.10.17	09:00:00	5060.000	5073.500	5037.500	5073.000	198335	729281	500
2023.10.17	10:00:00	5072.500	5076.500	5066.500	5069.500	136086	480773	500
2023.10.17	11:00:00	5069.500	5071.500	5032.000	5034.000	158344	621700	500
2023.10.17	12:00:00	5034.500	5038.500	5023.000	5027.000	96433	417617	500
2023.10.17	13:00:00	5027.500	5030.500	5020.000	5029.500	61789	255323	500
2023.10.17	14:00:00	5029.500	5049.000	5027.500	5048.000	67684	286993	500
2023.10.17	15:00:00	5048.000	5057.000	5045.500	5052.000	79351	325454	500
2023.10.17	16:00:00	5052.000	5054.000	5039.500	5045.500	50193	223229	500
2023.10.17	17:00:00	5045.000	5052.500	5044.500	5052.500	20225	114636	500
2023.10.18	09:00:00	5065.000	5065.000	5038.000	5042.000	138355	503163	500
2023.10.18	10:00:00	5042.500	5066.500	5041.000	5064.000	135861	535623	500
2023.10.18	11:00:00	5064.000	5083.000	5056.000	5079.000	143444	584851	500
2023.10.18	12:00:00	5079.500	5085.000	5068.000	5073.000	89918	362342	500
2023.10.18	13:00:00	5073.500	5082.000	5067.000	5069.500	62642	257247	500
2023.10.18	14:00:00	5069.500	5072.000	5047.000	5053.500	107008	466095	500
2023.10.18	15:00:00	5053.000	5062.500	5050.500	5061.000	52778	217087	500
2023.10.18	16:00:00	5061.000	5069.500	5060.000	5064.000	53145	225438	500
2023.10.18	17:00:00	5063.500	5073.000	5062.500	5070.000	23355	115614	500
2023.10.19	09:00:00	5087.000	5093.500	5060.500	5070.000	180492	630378	500
2023.10.19	10:00:00	5069.500	5080.000	5067.000	5072.000	142033	499994	500
2023.10.19	11:00:00	5072.000	5075.000	5062.000	5068.000	103776	487365	500
2023.10.19	12:00:00	5068.500	5069.500	5047.500	5053.500	93824	385972	500
2023.10.19	13:00:00	5053.500	5062.500	5029.000	5041.500	221901	788615	500
2023.10.19	14:00:00	5041.000	5045.500	5030.000	5040.000	96698	387177	500
2023.10.19	15:00:00	5040.000	5064.000	5034.500	5062.500	85210	393553	500
2023.10.19	16:00:00	5063.000	5063.500	5056.000	5062.500	49525	196912	500
2023.10.19	17:00:00	5062.500	5076.500	5062.000	5075.500	24965	130461	500
2023.10.20	09:00:00	5066.500	5107.000	5062.000	5085.000	209964	745599	500
2023.10.20	10:00:00	5085.500	5085.500	5055.000	5059.500	178135	649185	500
2023.10.20	11:00:00	5059.500	5068.000	5045.000	5058.000	141786	514566	500
2023.10.20	12:00:00	5058.000	5058.500	5041.000	5043.000	77629	293147	500
2023.10.20	13:00:00	5043.000	5055.000	5042.500	5046.000	54045	204126	500
2023.10.20	14:00:00	5046.000	5053.500	5033.500	5038.500	84496	356673	500
2023.10.20	15:00:00	5039.000	5046.500	5033.000	5041.500	61084	255335	500
2023.10.20	16:00:00	5041.000	5045.500	5037.000	5039.500	38546	181512	500
2023.10.20	17:00:00	5039.500	5051.500	5038.000	5040.000	28572	135155	500
2023.10.23	09:00:00	5055.000	5060.500	5033.500	5035.500	178742	657186	500
2023.10.23	10:00:00	5036.000	5047.000	5024.500	5024.500	174404	639298	500
2023.10.23	11:00:00	5025.000	5029.000	5011.500	5016.000	130881	556074	500
2023.10.23	12:00:00	5015.500	5020.000	5005.500	5013.000	79868	358295	500
2023.10.23	13:00:00	5013.000	5018.500	5002.000	5003.500	57370	244311	500
2023.10.23	14:00:00	5003.500	5019.500	5003.000	5018.000	65549	317988	500
2023.10.23	15:00:00	5017.500	5027.000	5016.500	5020.000	59463	261683	500
2023.10.23	16:00:00	5020.000	5028.500	5016.000	5022.000	55555	257638	500
2023.10.23	17:00:00	5022.000	5027.000	5016.000	5021.000	26940	136235	500
2023.10.24	09:00:00	5021.000	5035.500	5012.000	5023.000	179694	602486	500
2023.10.24	10:00:00	5023.000	5033.500	5006.500	5007.500	193791	750019	500
2023.10.24	11:00:00	5008.000	5014.000	4994.000	5000.000	162928	630408	500
2023.10.24	12:00:00	4999.500	5011.000	4997.500	5004.000	76371	337241	500
2023.10.24	13:00:00	5004.000	5013.500	5003.000	5008.000	59502	262721	500
2023.10.24	14:00:00	5008.500	5012.000	5001.000	5007.500	57050	289631	500
2023.10.24	15:00:00	5007.500	5012.500	5001.500	5005.500	49626	215956	500
2023.10.24	16:00:00	5005.500	5006.500	4994.000	4998.000	45541	197911	500
2023.10.24	17:00:00	4998.000	4999.500	4995.000	4998.500	21253	133107	500
2023.10.25	09:00:00	5002.000	5008.500	4990.000	4999.500	164168	561189	500
2023.10.25	10:00:00	4999.000	5007.500	4990.000	5003.000	130144	536030	500
2023.10.25	11:00:00	5003.000	5023.000	5000.000	5004.500	147883	589966	500
2023.10.25	12:00:00	5004.500	5004.500	4993.500	5002.000	84489	348589	500
2023.10.25	13:00:00	5002.000	5009.000	4998.500	5004.500	50017	218373	500
2023.10.25	14:00:00	5004.000	5013.500	4998.500	5007.500	80768	341172	500
2023.10.25	15:00:00	5007.500	5013.000	5004.000	5010.000	48412	203626	500
2023.10.25	16:00:00	5010.000	5011.000	5000.000	5003.500	36937	162444	500
2023.10.25	17:00:00	5003.500	5004.500	4997.000	4998.000	19035	92866	500
2023.10.26	09:00:00	5005.500	5018.500	4992.000	4994.500	178713	637997	500
2023.10.26	10:00:00	4994.500	5012.500	4994.000	5008.500	145415	575189	500
2023.10.26	11:00:00	5009.000	5022.500	4997.500	5006.000	142428	591948	500
2023.10.26	12:00:00	5006.000	5013.500	5003.000	5009.000	66668	296254	500
2023.10.26	13:00:00	5009.000	5016.500	5003.000	5007.000	62463	289827	500
2023.10.26	14:00:00	5007.000	5009.000	4994.500	5000.000	74764	373159	500
2023.10.26	15:00:00	4999.500	5001.500	4994.000	4996.000	49009	203114	500
2023.10.26	16:00:00	4996.000	4998.000	4990.500	4993.500	42473	195273	500
2023.10.26	17:00:00	4993.500	4994.000	4990.000	4990.000	23725	157678	500
2023.10.27	09:00:00	4990.000	4993.500	4955.500	4960.500	181534	728918	500
2023.10.27	10:00:00	4960.500	4960.500	4932.500	4942.500	182057	790886	500
2023.10.27	11:00:00	4943.000	4953.000	4939.000	4951.500	106399	466717	500
2023.10.27	12:00:00	4951.500	4954.000	4948.000	4948.500	56579	288543	500
2023.10.27	13:00:00	4948.500	4982.000	4945.000	4972.000	95349	446936	500
2023.10.27	14:00:00	4972.500	5004.500	4967.000	5003.000	118305	597220	500
2023.10.27	15:00:00	5003.000	5020.000	5002.000	5015.500	83307	391734	500
2023.10.27	16:00:00	5015.500	5021.500	5010.000	5014.000	41262	201769	500
2023.10.27	17:00:00	5014.000	5021.000	5013.500	5018.500	22704	117765	500
2023.10.30	09:00:00	4995.000	5005.500	4973.000	4993.500	175914	642227	500
2023.10.30	10:00:00	4993.500	4995.500	4977.000	4987.000	115925	433136	500
2023.10.30	11:00:00	4986.500	5033.000	4984.000	5005.000	200449	765578	500
2023.10.30	12:00:00	5005.000	5049.500	4989.500	5040.000	178280	735393	500
2023.10.30	13:00:00	5040.500	5060.500	5034.500	5054.000	86423	352297	500
2023.10.30	14:00:00	5054.000	5054.500	5042.500	5049.000	61911	251920	500
2023.10.30	15:00:00	5048.500	5057.000	5041.500	5052.500	60085	211984	500
2023.10.30	16:00:00	5052.500	5052.500	5038.000	5048.500	58743	239202	500
2023.10.30	17:00:00	5048.000	5050.000	5038.000	5050.000	26561	100531	500
2023.10.31	09:00:00	5045.000	5063.000	5027.500	5062.500	194498	722844	500
2023.10.31	10:00:00	5063.000	5089.000	5062.000	5078.500	165193	707719	500
2023.10.31	11:00:00	5078.500	5085.000	5060.500	5075.500	128856	520702	500
2023.10.31	12:00:00	5076.000	5076.500	5055.500	5061.500	86838	411478	500
2023.10.31	13:00:00	5061.500	5075.000	5059.000	5071.000	75313	327376	500
2023.10.31	14:00:00	5071.000	5071.000	5055.000	5060.000	53938	235525	500
2023.10.31	15:00:00	5060.000	5065.500	5054.500	5056.500	44910	193228	500
2023.10.31	16:00:00	5056.500	5060.500	5050.500	5059.000	40880	176309	500
2023.10.31	17:00:00	5059.000	5061.000	5053.500	5054.500	19185	91006	500
2023.11.01	09:00:00	5054.000	5064.000	5036.500	5052.500	202868	669846	500
2023.11.01	10:00:00	5053.000	5057.500	5031.500	5038.500	136353	512007	500
2023.11.01	11:00:00	5038.500	5039.000	5023.000	5030.000	142968	557002	500
2023.11.01	12:00:00	5030.500	5042.000	5027.500	5033.000	64747	279690	500
2023.11.01	13:00:00	5033.500	5038.000	5027.500	5029.000	50301	233248	500
2023.11.01	14:00:00	5029.000	5031.500	5010.000	5016.500	77078	307573	500
2023.11.01	15:00:00	5016.500	5019.500	4990.500	4994.000	168839	639107	500
2023.11.01	16:00:00	4994.500	4995.500	4985.000	4990.000	69629	316587	500
2023.11.01	17:00:00	4989.500	4991.000	4969.500	4971.000	43190	228742	500
2023.11.03	09:00:00	4951.500	4951.500	4892.000	4910.500	247162	855567	500
2023.11.03	10:00:00	4910.500	4923.500	4896.500	4904.000	156103	532344	500
2023.11.03	11:00:00	4904.000	4916.000	4895.500	4908.500	124512	471333	500
2023.11.03	12:00:00	4908.500	4909.500	4904.000	4905.000	53450	188308	500
2023.11.03	13:00:00	4904.500	4907.500	4896.500	4905.000	52700	194053	500
2023.11.03	14:00:00	4904.500	4918.500	4902.000	4908.000	57462	206421	500
2023.11.03	15:00:00	4908.000	4914.500	4907.000	4910.500	35382	132248	500
2023.11.03	16:00:00	4910.500	4917.500	4910.500	4913.000	25698	97185	500
2023.11.03	17:00:00	4913.000	4920.000	4910.500	4918.000	23150	111804	500
2023.11.06	09:00:00	4909.000	4916.500	4903.000	4914.000	122934	364252	500
2023.11.06	10:00:00	4914.000	4926.500	4908.500	4921.500	114363	393517	500
2023.11.06	11:00:00	4921.500	4924.000	4907.500	4920.500	111735	378719	500
2023.11.06	12:00:00	4920.500	4925.000	4905.500	4906.000	85403	321498	500
2023.11.06	13:00:00	4906.000	4916.500	4902.000	4907.000	63534	232518	500
2023.11.06	14:00:00	4907.000	4912.000	4904.500	4905.500	46697	155060	500
2023.11.06	15:00:00	4905.500	4911.500	4902.000	4906.000	52037	212104	500
2023.11.06	16:00:00	4906.000	4908.500	4899.000	4901.000	35703	143610	500
2023.11.06	17:00:00	4901.500	4906.000	4901.000	4902.500	22135	99085	500
2023.11.06	18:00:00	4902.000	4905.000	4895.500	4900.500	7204	29917	500
2023.11.07	09:00:00	4919.000	4923.000	4881.000	4885.500	182778	648296	500
2023.11.07	10:00:00	4885.000	4887.500	4871.500	4873.000	125291	481044	500
2023.11.07	11:00:00	4873.500	4888.000	4872.500	4880.500	107791	425579	500
2023.11.07	12:00:00	4880.500	4887.000	4878.000	4882.000	60909	331243	500
2023.11.07	13:00:00	4881.500	4882.500	4875.000	4881.500	43909	177389	500
2023.11.07	14:00:00	4881.500	4890.000	4880.500	4886.000	55515	238218	500
2023.11.07	15:00:00	4886.500	4887.000	4876.500	4880.500	50091	223115	500
2023.11.07	16:00:00	4881.000	4886.500	4878.500	4885.500	30959	148364	500
2023.11.07	17:00:00	4886.000	4893.500	4885.500	4892.000	35350	170674	500
2023.11.07	18:00:00	4892.000	4893.000	4884.000	4885.000	6993	40287	500
2023.11.08	09:00:00	4900.500	4914.000	4897.000	4897.500	129833	421717	500
2023.11.08	10:00:00	4897.000	4907.000	4893.000	4898.500	104297	355916	500
2023.11.08	11:00:00	4899.000	4901.500	4883.000	4888.000	105552	383223	500
2023.11.08	12:00:00	4887.500	4897.500	4887.500	4897.000	74253	285803	500
2023.11.08	13:00:00	4896.500	4903.500	4895.500	4902.500	53266	211333	500
2023.11.08	14:00:00	4903.000	4923.500	4902.000	4919.500	79467	336498	500
2023.11.08	15:00:00	4919.000	4929.500	4912.500	4918.500	89162	375751	500
2023.11.08	16:00:00	4918.500	4921.500	4914.000	4919.500	29895	128336	500
2023.11.08	17:00:00	4919.500	4924.000	4918.000	4922.000	24622	108039	500
2023.11.08	18:00:00	4922.000	4924.000	4919.500	4922.500	7001	41160	500
2023.11.09	09:00:00	4921.500	4927.500	4913.500	4919.000	112024	354149	500
2023.11.09	10:00:00	4919.000	4924.000	4906.000	4916.500	133417	454241	500
2023.11.09	11:00:00	4916.500	4919.000	4904.500	4909.000	88205	340253	500
2023.11.09	12:00:00	4909.000	4917.500	4907.000	4907.000	62906	233156	500
2023.11.09	13:00:00	4907.500	4919.000	4906.000	4917.500	44640	180879	500
2023.11.09	14:00:00	4918.000	4928.500	4914.500	4923.500	50978	201430	500
2023.11.09	15:00:00	4924.000	4946.500	4922.000	4935.500	112236	446874	500
2023.11.09	16:00:00	4935.500	4959.500	4934.500	4952.000	101893	405505	500
2023.11.09	17:00:00	4952.000	4954.500	4943.000	4952.500	40103	198531	500
2023.11.09	18:00:00	4952.500	4955.500	4944.500	4947.000	7637	34527	500
2023.11.10	09:00:00	4945.000	4966.000	4935.500	4936.500	146453	461940	500
2023.11.10	10:00:00	4936.500	4939.500	4924.500	4927.500	115739	406195	500
2023.11.10	11:00:00	4927.500	4940.000	4927.000	4937.000	80747	311804	500
2023.11.10	12:00:00	4936.000	4943.000	4927.000	4928.500	92080	348744	500
2023.11.10	13:00:00	4929.000	4929.500	4917.000	4917.500	59556	237567	500
2023.11.10	14:00:00	4917.500	4922.000	4914.500	4918.000	46107	170731	500
2023.11.10	15:00:00	4918.000	4927.500	4915.500	4927.000	40001	151619	500
2023.11.10	16:00:00	4927.000	4927.000	4918.500	4924.500	26367	102223	500
2023.11.10	17:00:00	4924.500	4926.000	4918.500	4920.000	19902	86001	500
2023.11.10	18:00:00	4919.500	4920.000	4912.000	4913.000	7700	41855	500
2023.11.13	09:00:00	4920.000	4938.000	4917.500	4937.500	105580	339160	500
2023.11.13	10:00:00	4937.000	4952.500	4934.500	4947.000	109018	412346	500
2023.11.13	11:00:00	4947.000	4949.500	4939.000	4940.500	80943	302295	500
2023.11.13	12:00:00	4940.500	4941.000	4923.000	4924.000	74991	306266	500
2023.11.13	13:00:00	4924.500	4925.500	4916.500	4920.500	57602	313523	500
2023.11.13	14:00:00	4920.500	4926.500	4919.000	4924.000	39354	165745	500
2023.11.13	15:00:00	4924.000	4926.500	4915.500	4919.500	40048	164066	500
2023.11.13	16:00:00	4919.500	4919.500	4916.500	4917.500	22241	107457	500
2023.11.13	17:00:00	4917.500	4922.000	4916.500	4920.000	20184	91720	500
2023.11.13	18:00:00	4920.000	4920.500	4917.000	4917.500	5882	27621	500
2023.11.14	09:00:00	4908.000	4916.000	4902.500	4905.500	104963	309726	500
2023.11.14	10:00:00	4905.500	4905.500	4856.500	4869.000	197347	764095	500
2023.11.14	11:00:00	4869.500	4874.000	4857.000	4864.000	119433	515526	500
2023.11.14	12:00:00	4864.000	4884.000	4862.500	4876.000	84902	370096	500
2023.11.14	13:00:00	4876.000	4878.500	4868.500	4875.000	49804	201727	500
2023.11.14	14:00:00	4875.000	4879.000	4874.000	4877.000	34593	157123	500
2023.11.14	15:00:00	4876.500	4877.000	4869.000	4871.500	34452	134554	500
2023.11.14	16:00:00	4872.000	4876.500	4867.500	4869.500	29837	134482	500
2023.11.14	17:00:00	4870.000	4875.000	4868.000	4873.500	25283	145534	500
2023.11.14	18:00:00	4873.500	4877.000	4872.500	4876.000	9264	41713	500
2023.11.16	09:00:00	4871.500	4875.000	4854.000	4869.500	124578	432662	500
2023.11.16	10:00:00	4869.500	4870.500	4845.000	4850.500	130660	458729	500
2023.11.16	11:00:00	4850.500	4868.500	4850.000	4860.500	129262	489096	500
2023.11.16	12:00:00	4860.500	4868.500	4855.500	4861.000	69994	267674	500
2023.11.16	13:00:00	4860.500	4895.000	4860.500	4888.000	90625	379206	500
2023.11.16	14:00:00	4888.000	4889.500	4870.500	4872.500	56445	235002	500
2023.11.16	15:00:00	4873.000	4874.500	4864.500	4874.000	49506	221191	500
2023.11.16	16:00:00	4874.000	4878.000	4872.500	4877.000	28396	138574	500
2023.11.16	17:00:00	4877.500	4879.500	4873.500	4875.500	19189	83190	500
2023.11.16	18:00:00	4875.000	4876.500	4870.500	4870.500	5890	28305	500
2023.11.17	09:00:00	4862.000	4883.500	4858.000	4874.500	156180	534514	500
2023.11.17	10:00:00	4875.000	4904.000	4868.500	4897.500	152295	620635	500
2023.11.17	11:00:00	4897.500	4907.000	4890.500	4901.500	100493	414245	500
2023.11.17	12:00:00	4901.000	4910.000	4897.500	4899.000	72653	304313	500
2023.11.17	13:00:00	4899.000	4909.000	4897.500	4904.000	46062	206798	500
2023.11.17	14:00:00	4903.500	4904.500	4892.000	4895.000	53474	232033	500
2023.11.17	15:00:00	4894.500	4907.500	4893.500	4907.500	39572	168494	500
2023.11.17	16:00:00	4907.000	4912.000	4904.500	4911.000	32306	165700	500
2023.11.17	17:00:00	4911.500	4918.500	4910.000	4916.000	28440	134979	500
2023.11.17	18:00:00	4916.500	4917.500	4907.500	4912.000	10515	49341	500
2023.11.20	09:00:00	4901.000	4911.000	4896.500	4897.000	86835	340257	500
2023.11.20	10:00:00	4897.500	4897.500	4879.000	4882.500	88908	334812	500
2023.11.20	11:00:00	4882.500	4883.000	4866.500	4867.500	75081	296585	500
2023.11.20	12:00:00	4867.000	4873.000	4862.000	4865.000	56542	234425	500
2023.11.20	13:00:00	4865.500	4872.000	4865.000	4871.000	37884	181277	500
2023.11.20	14:00:00	4870.500	4875.000	4868.500	4871.500	29553	127876	500
2023.11.20	15:00:00	4871.000	4873.000	4851.500	4860.000	76859	325419	500
2023.11.20	16:00:00	4860.000	4863.500	4853.500	4856.000	42754	192507	500
2023.11.20	17:00:00	4856.500	4860.000	4853.500	4859.500	18972	96307	500
2023.11.20	18:00:00	4860.000	4860.500	4853.000	4855.000	9817	45579	500
2023.11.21	09:00:00	4856.500	4879.500	4847.500	4878.500	150461	477436	500
2023.11.21	10:00:00	4878.500	4888.500	4874.500	4884.500	130826	471682	500
2023.11.21	11:00:00	4884.500	4884.500	4870.500	4880.000	96443	341197	500
2023.11.21	12:00:00	4880.500	4894.500	4875.500	4892.500	86645	324717	500
2023.11.21	13:00:00	4892.500	4897.500	4887.500	4896.500	49756	195841	500
2023.11.21	14:00:00	4896.500	4904.500	4895.000	4902.500	53802	220715	500
2023.11.21	15:00:00	4903.000	4911.500	4901.500	4908.000	54170	232937	500
2023.11.21	16:00:00	4908.500	4910.500	4900.000	4900.000	46788	203623	500
2023.11.21	17:00:00	4900.500	4903.500	4899.000	4902.000	25037	109369	500
2023.11.21	18:00:00	4902.500	4907.000	4900.000	4903.500	10636	49731	500
2023.11.22	09:00:00	4904.500	4906.500	4881.500	4901.000	140090	469532	500
2023.11.22	10:00:00	4901.000	4903.500	4887.500	4892.000	137112	525781	500
2023.11.22	11:00:00	4892.500	4901.500	4888.500	4892.000	113445	408859	500
2023.11.22	12:00:00	4892.500	4903.000	4890.500	4897.500	90005	363792	500
2023.11.22	13:00:00	4897.500	4903.000	4891.500	4893.000	51987	207187	500
2023.11.22	14:00:00	4892.500	4924.000	4892.000	4912.000	95859	425852	500
2023.11.22	15:00:00	4912.000	4913.000	4896.000	4903.000	68105	252770	500
2023.11.22	16:00:00	4903.000	4908.000	4901.500	4905.000	32333	130946	500
2023.11.22	17:00:00	4905.000	4913.000	4903.000	4911.500	19621	74447	500
2023.11.22	18:00:00	4912.000	4912.500	4906.500	4910.500	5717	30281	500
2023.11.23	09:00:00	4904.000	4910.000	4890.500	4896.000	87280	269712	500
2023.11.23	10:00:00	4896.500	4902.500	4895.500	4900.000	49213	155829	500
2023.11.23	11:00:00	4900.500	4907.500	4892.000	4895.500	71781	256433	500
2023.11.23	12:00:00	4895.500	4898.000	4890.500	4896.500	38362	139010	500
2023.11.23	13:00:00	4896.500	4901.000	4893.500	4901.000	22365	88295	500
2023.11.23	14:00:00	4900.500	4902.000	4897.500	4900.500	21103	98063	500
2023.11.23	15:00:00	4900.500	4913.000	4899.500	4912.000	32464	143923	500
2023.11.23	16:00:00	4911.500	4912.500	4907.500	4910.500	16175	81933	500
2023.11.23	17:00:00	4910.500	4911.500	4906.000	4908.500	10524	49115	500
2023.11.23	18:00:00	4908.500	4910.000	4904.500	4910.000	4276	25522	500
2023.11.24	09:00:00	4903.500	4907.500	4888.000	4888.500	115130	352180	500
2023.11.24	10:00:00	4889.000	4905.000	4885.000	4898.500	116771	422405	500
2023.11.24	11:00:00	4898.500	4905.500	4890.000	4891.000	87152	311331	500
2023.11.24	12:00:00	4891.000	4908.500	4885.500	4905.000	75026	316739	500
2023.11.24	13:00:00	4905.000	4907.000	4898.500	4902.500	41706	176136	500
2023.11.24	14:00:00	4903.000	4905.000	4897.000	4897.500	26358	100634	500
2023.11.24	15:00:00	4897.500	4900.500	4892.000	4899.500	26131	129515	500
2023.11.24	16:00:00	4899.500	4902.500	4898.000	4900.500	13452	64410	500
2023.11.24	17:00:00	4900.500	4905.500	4900.000	4905.000	9021	42406	500
2023.11.24	18:00:00	4905.000	4905.000	4898.500	4899.500	3361	20533	500
2023.11.27	09:00:00	4902.000	4908.500	4888.500	4892.000	120758	402132	500
2023.11.27	10:00:00	4892.000	4894.000	4873.000	4875.500	121553	471848	500
2023.11.27	11:00:00	4875.500	4904.500	4873.500	4903.000	103028	431796	500
2023.11.27	12:00:00	4902.500	4923.000	4900.000	4914.000	110969	512358	500
2023.11.27	13:00:00	4914.000	4917.000	4907.500	4908.000	49757	228812	500
2023.11.27	14:00:00	4908.500	4908.500	4893.500	4899.500	62772	293492	500
2023.11.27	15:00:00	4899.500	4907.500	4896.500	4904.500	49666	205912	500
2023.11.27	16:00:00	4904.500	4906.000	4897.000	4900.000	28497	130434	500
2023.11.27	17:00:00	4900.500	4903.000	4899.000	4900.500	14739	65941	500
2023.11.27	18:00:00	4900.000	4901.000	4895.000	4898.500	6304	33871	500
2023.11.28	09:00:00	4898.500	4903.500	4882.500	4894.500	154859	476729	500
2023.11.28	10:00:00	4894.500	4909.500	4883.000	4904.500	148738	533093	500
2023.11.28	11:00:00	4904.500	4909.000	4880.000	4882.000	133429	503379	500
2023.11.28	12:00:00	4881.500	4885.000	4858.500	4864.500	143475	665524	500
2023.11.28	13:00:00	4864.500	4869.500	4861.000	4862.000	59752	251854	500
2023.11.28	14:00:00	4862.000	4871.500	4861.000	4867.500	47046	198942	500
2023.11.28	15:00:00	4868.000	4879.000	4866.000	4874.000	55522	254280	500
2023.11.28	16:00:00	4874.000	4875.000	4870.000	4872.000	28577	139415	500
2023.11.28	17:00:00	4872.000	4875.000	4871.000	4872.500	26023	110295	500
2023.11.28	18:00:00	4872.500	4876.000	4871.500	4872.000	6681	36362	500
2023.11.29	09:00:00	4874.000	4887.500	4864.500	4887.500	121289	380843	500
2023.11.29	10:00:00	4887.500	4903.000	4887.000	4899.500	164687	593041	500
2023.11.29	11:00:00	4899.500	4905.000	4875.500	4882.000	121140	472133	500
2023.11.29	12:00:00	4882.500	4888.500	4874.000	4888.000	89888	355647	500
2023.11.29	13:00:00	4888.000	4899.500	4886.500	4895.500	57653	235539	500
2023.11.29	14:00:00	4895.500	4896.000	4880.000	4884.000	50833	219044	500
2023.11.29	15:00:00	4884.000	4894.500	4880.000	4884.500	52705	219456	500
2023.11.29	16:00:00	4884.500	4890.500	4881.500	4885.500	33961	135935	500
2023.11.29	17:00:00	4886.000	4906.500	4885.500	4905.500	38073	154186	500
2023.11.29	18:00:00	4905.500	4907.000	4900.500	4905.000	10381	48986	500
2023.11.30	09:00:00	4929.500	4954.500	4928.500	4945.000	169437	572679	500
2023.11.30	10:00:00	4945.000	4959.500	4936.000	4949.000	171419	634015	500
2023.11.30	11:00:00	4949.500	4960.000	4938.500	4951.500	130482	534615	500
2023.11.30	12:00:00	4951.500	4953.500	4937.500	4948.500	99011	412476	500
2023.11.30	13:00:00	4949.000	4951.000	4943.500	4945.500	56087	251687	500
2023.11.30	14:00:00	4945.500	4947.500	4935.000	4936.000	43063	174694	500
2023.11.30	15:00:00	4936.000	4943.500	4935.000	4936.500	41098	194006	500
2023.11.30	16:00:00	4936.500	4937.000	4930.000	4930.000	39173	174195	500
2023.11.30	17:00:00	4929.500	4941.500	4928.500	4935.000	29569	122941	500
2023.11.30	18:00:00	4935.000	4949.000	4934.500	4943.500	12638	58210	500
2023.12.01	09:00:00	4925.500	4937.500	4917.000	4936.000	109901	358618	500
2023.12.01	10:00:00	4936.000	4948.500	4931.500	4947.500	99467	345674	500
2023.12.01	11:00:00	4947.500	4950.000	4936.000	4936.000	94074	407652	500
2023.12.01	12:00:00	4936.000	4936.000	4909.500	4914.000	142698	571624	500
2023.12.01	13:00:00	4914.000	4919.000	4891.500	4900.500	132140	495770	500
2023.12.01	14:00:00	4900.500	4901.000	4883.000	4885.500	65085	255085	500
2023.12.01	15:00:00	4886.000	4892.000	4881.500	4886.000	48399	176731	500
2023.12.01	16:00:00	4885.500	4895.000	4885.000	4894.500	32327	142076	500
2023.12.01	17:00:00	4894.000	4898.000	4891.000	4897.000	23509	149798	500
2023.12.01	18:00:00	4897.000	4899.000	4892.500	4894.000	7689	42110	500
2023.12.04	09:00:00	4907.000	4915.000	4902.500	4904.500	92988	318475	500
2023.12.04	10:00:00	4905.000	4921.000	4903.500	4918.500	87178	335621	500
2023.12.04	11:00:00	4918.500	4931.500	4915.500	4927.500	91888	369299	500
2023.12.04	12:00:00	4927.500	4945.000	4921.500	4941.500	94545	318039	500
2023.12.04	13:00:00	4942.000	4944.500	4937.000	4942.500	48521	179555	500
2023.12.04	14:00:00	4942.500	4957.500	4942.000	4952.500	69976	291396	500
2023.12.04	15:00:00	4952.500	4966.000	4952.000	4963.500	60684	254957	500
2023.12.04	16:00:00	4963.500	4966.000	4959.000	4960.500	30007	132878	500
2023.12.04	17:00:00	4960.000	4961.500	4955.000	4958.000	25952	118634	500
2023.12.04	18:00:00	4958.000	4963.000	4955.000	4955.000	11875	58940	500
2023.12.05	09:00:00	4964.000	4979.000	4954.000	4958.500	146708	483243	500
2023.12.05	10:00:00	4958.500	4977.500	4954.000	4969.000	165098	597469	500
2023.12.05	11:00:00	4969.000	4971.500	4960.500	4967.000	98349	359772	500
2023.12.05	12:00:00	4967.000	4977.500	4946.500	4969.000	164025	591893	500
2023.12.05	13:00:00	4969.500	4971.500	4957.000	4960.500	61985	213065	500
2023.12.05	14:00:00	4960.500	4961.500	4940.000	4942.000	77424	313861	500
2023.12.05	15:00:00	4942.000	4945.000	4937.000	4939.000	42604	159613	500
2023.12.05	16:00:00	4939.000	4942.500	4935.000	4936.000	25897	125482	500
2023.12.05	17:00:00	4936.500	4940.500	4934.000	4940.000	24885	97374	500
2023.12.05	18:00:00	4940.000	4944.000	4939.500	4941.000	6829	31568	500
2023.12.06	09:00:00	4930.000	4932.000	4921.500	4924.000	96668	313215	500
2023.12.06	10:00:00	4924.000	4932.000	4914.500	4916.000	120424	410423	500
2023.12.06	11:00:00	4916.000	4916.000	4897.500	4905.500	120530	494992	500
2023.12.06	12:00:00	4905.500	4909.000	4899.000	4907.000	65383	247566	500
2023.12.06	13:00:00	4906.500	4912.500	4905.000	4908.500	44738	177719	500
2023.12.06	14:00:00	4908.000	4915.500	4906.500	4914.000	38235	169793	500
2023.12.06	15:00:00	4914.500	4916.000	4906.000	4908.500	44519	189731	500
2023.12.06	16:00:00	4908.500	4915.500	4907.000	4911.000	29397	120991	500
2023.12.06	17:00:00	4911.000	4918.000	4910.500	4912.000	25905	126086	500
2023.12.06	18:00:00	4912.000	4914.500	4910.500	4912.000	7524	35173	500
2023.12.07	09:00:00	4907.000	4920.000	4895.000	4896.500	146033	504071	500
2023.12.07	10:00:00	4896.500	4901.000	4890.000	4896.000	117995	438549	500
2023.12.07	11:00:00	4896.000	4925.000	4895.500	4917.500	137741	540544	500
2023.12.07	12:00:00	4917.000	4924.500	4912.000	4917.000	71759	248974	500
2023.12.07	13:00:00	4917.000	4923.500	4910.500	4914.500	51824	179868	500
2023.12.07	14:00:00	4914.500	4918.000	4906.500	4915.500	46578	170349	500
2023.12.07	15:00:00	4915.000	4919.500	4911.000	4919.500	28989	99273	500
2023.12.07	16:00:00	4919.500	4923.000	4917.000	4919.000	26814	119678	500
2023.12.07	17:00:00	4919.000	4919.500	4912.500	4917.000	19159	89831	500
2023.12.07	18:00:00	4917.000	4924.000	4915.500	4923.000	9151	45854	500
2023.12.08	09:00:00	4906.000	4920.500	4905.000	4918.500	99400	310461	500
2023.12.08	10:00:00	4918.500	4941.500	4910.000	4931.000	186760	662733	500
2023.12.08	11:00:00	4931.500	4945.000	4920.500	4924.500	143492	508346	500
2023.12.08	12:00:00	4924.000	4927.500	4912.000	4927.500	79597	265086	500
2023.12.08	13:00:00	4927.000	4941.500	4926.000	4941.000	50370	199906	500
2023.12.08	14:00:00	4941.000	4943.000	4930.500	4931.000	40263	163686	500
2023.12.08	15:00:00	4930.500	4936.000	4930.000	4936.000	27709	106189	500
2023.12.08	16:00:00	4936.000	4938.000	4932.000	4937.000	21240	93918	500
2023.12.08	17:00:00	4936.500	4941.000	4932.500	4938.500	19643	90259	500
2023.12.08	18:00:00	4939.000	4943.500	4937.000	4938.000	8153	39325	500
2023.12.11	09:00:00	4942.500	4959.500	4936.500	4948.000	111972	362810	500
2023.12.11	10:00:00	4948.000	4966.500	4942.500	4956.000	119339	432567	500
2023.12.11	11:00:00	4956.000	4964.500	4952.500	4956.500	76042	275846	500
2023.12.11	12:00:00	4956.500	4962.000	4948.000	4950.000	61933	232596	500
2023.12.11	13:00:00	4950.500	4953.000	4944.000	4948.500	40370	158009	500
2023.12.11	14:00:00	4948.000	4953.500	4946.500	4953.000	24814	96994	500
2023.12.11	15:00:00	4952.500	4954.500	4939.000	4940.000	42185	166597	500
2023.12.11	16:00:00	4940.000	4945.000	4937.000	4943.000	30732	143176	500
2023.12.11	17:00:00	4943.500	4948.000	4942.000	4945.000	13086	63712	500
2023.12.11	18:00:00	4944.500	4947.000	4941.000	4945.000	7006	29138	500
2023.12.12	09:00:00	4933.500	4944.000	4928.000	4939.500	105817	357180	500
2023.12.12	10:00:00	4940.000	4951.500	4928.000	4949.000	161385	617185	500
2023.12.12	11:00:00	4949.000	4966.000	4941.000	4960.000	119242	474661	500
2023.12.12	12:00:00	4960.000	4969.000	4956.000	4959.000	74119	317014	500
2023.12.12	13:00:00	4959.500	4972.500	4957.000	4970.000	47384	209334	500
2023.12.12	14:00:00	4969.500	4978.500	4967.500	4974.000	49047	246166	500
2023.12.12	15:00:00	4974.000	4974.500	4965.000	4969.000	42994	178065	500
2023.12.12	16:00:00	4969.500	4973.500	4968.500	4972.000	21486	91699	500
2023.12.12	17:00:00	4971.500	4972.500	4968.000	4971.000	16834	86886	500
2023.12.12	18:00:00	4971.000	4972.000	4965.000	4968.500	8182	49376	500
2023.12.13	09:00:00	4967.500	4975.500	4951.000	4963.000	117210	435562	500
2023.12.13	10:00:00	4963.500	4981.000	4961.000	4962.500	136151	528462	500
2023.12.13	11:00:00	4963.000	4971.500	4955.000	4956.000	94362	384184	500
2023.12.13	12:00:00	4956.000	4963.000	4949.000	4961.500	65077	273415	500
2023.12.13	13:00:00	4962.000	4979.000	4960.500	4976.000	51967	232623	500
2023.12.13	14:00:00	4975.500	4981.000	4970.000	4977.500	44783	217510	500
2023.12.13	15:00:00	4978.000	4980.500	4971.500	4978.500	36364	155268	500
2023.12.13	16:00:00	4978.000	4978.000	4918.000	4923.500	173101	734230	500
2023.12.13	17:00:00	4924.000	4934.000	4920.000	4922.500	64666	289883	500
2023.12.13	18:00:00	4922.500	4925.500	4919.500	4920.500	9538	54707	500
2023.12.14	09:00:00	4885.000	4900.000	4881.000	4888.500	155372	581106	500
2023.12.14	10:00:00	4889.000	4911.500	4884.000	4904.000	165477	611662	500
2023.12.14	11:00:00	4904.500	4910.500	4880.500	4889.000	128443	528086	500
2023.12.14	12:00:00	4888.500	4902.000	4887.500	4894.500	83050	355492	500
2023.12.14	13:00:00	4894.500	4906.500	4892.000	4903.500	51748	217606	500
2023.12.14	14:00:00	4903.000	4906.500	4898.500	4899.500	37127	151712	500
2023.12.14	15:00:00	4899.500	4914.500	4898.500	4911.500	45306	219579	500
2023.12.14	16:00:00	4912.000	4921.500	4905.500	4919.000	45196	243300	500
2023.12.14	17:00:00	4919.000	4921.500	4911.500	4916.000	29626	137263	500
2023.12.14	18:00:00	4916.000	4922.000	4915.500	4918.500	8931	38991	500
2023.12.15	09:00:00	4913.000	4944.000	4906.500	4942.500	136156	489443	500
2023.12.15	10:00:00	4943.000	4954.000	4936.000	4940.500	159504	623813	500
2023.12.15	11:00:00	4941.000	4942.500	4920.000	4933.500	135567	559353	500
2023.12.15	12:00:00	4933.500	4948.000	4931.000	4946.500	62934	259451	500
2023.12.15	13:00:00	4947.000	4951.000	4938.500	4942.500	54969	229464	500
2023.12.15	14:00:00	4942.500	4945.500	4938.500	4940.000	28684	143119	500
2023.12.15	15:00:00	4939.500	4948.500	4938.500	4943.500	40758	187362	500
2023.12.15	16:00:00	4943.500	4947.500	4939.500	4939.500	25344	118667	500
2023.12.15	17:00:00	4940.000	4947.000	4936.500	4946.000	24483	125016	500
2023.12.15	18:00:00	4946.000	4946.000	4940.000	4940.000	8140	37546	500
2023.12.18	09:00:00	4939.500	4950.500	4937.500	4942.000	93261	323739	500
2023.12.18	10:00:00	4942.000	4953.000	4929.500	4935.000	129370	464794	500
2023.12.18	11:00:00	4935.500	4949.500	4934.000	4940.000	96233	331451	500
2023.12.18	12:00:00	4940.000	4944.000	4933.500	4936.500	45490	166393	500
2023.12.18	13:00:00	4936.000	4944.000	4935.500	4938.500	33433	141233	500
2023.12.18	14:00:00	4939.000	4941.000	4927.000	4928.500	46876	193291	500
2023.12.18	15:00:00	4928.500	4930.000	4891.500	4904.500	101930	434327	500
2023.12.18	16:00:00	4905.000	4910.000	4901.500	4904.000	34641	147444	500
2023.12.18	17:00:00	4904.000	4906.000	4902.000	4903.500	17088	83940	500
2023.12.18	18:00:00	4903.000	4903.500	4894.500	4897.000	10349	48101	500
2023.12.19	09:00:00	4889.500	4896.000	4862.000	4865.000	168117	633135	500
2023.12.19	10:00:00	4865.000	4871.000	4858.500	4864.500	98013	411883	500
2023.12.19	11:00:00	4865.000	4869.500	4862.000	4866.000	69097	317139	500
2023.12.19	12:00:00	4866.000	4870.000	4852.000	4854.000	72686	330661	500
2023.12.19	13:00:00	4854.000	4864.500	4854.000	4862.500	42065	207498	500
2023.12.19	14:00:00	4862.500	4863.000	4856.000	4857.500	33924	143717	500
2023.12.19	15:00:00	4857.000	4863.500	4849.500	4861.000	57726	313947	500
2023.12.19	16:00:00	4860.500	4862.500	4856.500	4861.500	24169	135870	500
2023.12.19	17:00:00	4861.000	4869.000	4860.000	4861.500	35381	167521	500
2023.12.19	18:00:00	4861.500	4868.000	4861.000	4866.000	8420	32410	500
2023.12.20	09:00:00	4870.000	4872.000	4855.000	4864.000	104743	383921	500
2023.12.20	10:00:00	4864.500	4869.000	4861.500	4865.500	66011	281409	500
2023.12.20	11:00:00	4865.500	4878.500	4865.500	4876.500	86390	355011	500
2023.12.20	12:00:00	4876.500	4881.500	4872.500	4880.500	58201	253728	500
2023.12.20	13:00:00	4880.000	4890.500	4873.000	4888.500	60845	253983	500
2023.12.20	14:00:00	4888.500	4891.500	4882.500	4887.500	41015	169423	500
2023.12.20	15:00:00	4887.500	4897.000	4887.000	4895.000	42506	168751	500
2023.12.20	16:00:00	4894.500	4911.000	4894.000	4909.000	53758	261819	500
2023.12.20	17:00:00	4908.500	4914.500	4905.000	4913.000	52604	224205	500
2023.12.20	18:00:00	4913.000	4917.000	4910.500	4915.000	10956	45614	500
2023.12.21	09:00:00	4887.500	4897.500	4878.000	4879.000	102932	385782	500
2023.12.21	10:00:00	4879.500	4899.000	4876.000	4879.500	138963	512218	500
2023.12.21	11:00:00	4880.000	4885.000	4866.500	4874.500	102073	415726	500
2023.12.21	12:00:00	4874.500	4886.500	4869.500	4870.500	79079	319833	500
2023.12.21	13:00:00	4870.500	4874.500	4863.500	4874.000	57999	243158	500
2023.12.21	14:00:00	4874.000	4891.500	4871.500	4888.000	60677	245874	500
2023.12.21	15:00:00	4888.000	4892.000	4884.000	4887.500	41912	166135	500
2023.12.21	16:00:00	4888.000	4889.500	4882.500	4886.500	30665	145867	500
2023.12.21	17:00:00	4886.500	4888.000	4880.000	4880.500	18729	87002	500
2023.12.21	18:00:00	4881.000	4886.500	4878.000	4886.000	7719	33967	500
2023.12.22	09:00:00	4871.500	4879.000	4864.500	4866.000	93574	335345	500
2023.12.22	10:00:00	4866.000	4870.000	4859.500	4865.500	94889	380476	500
2023.12.22	11:00:00	4865.500	4869.500	4857.500	4864.500	67639	265827	500
2023.12.22	12:00:00	4865.000	4865.000	4851.000	4857.500	74267	332384	500
2023.12.22	13:00:00	4858.000	4859.500	4852.500	4856.500	34088	163750	500
2023.12.22	14:00:00	4856.000	4863.000	4846.500	4850.500	49387	233764	500
2023.12.22	15:00:00	4850.500	4853.000	4846.500	4850.000	31603	164762	500
2023.12.22	16:00:00	4850.000	4862.000	4849.500	4859.000	36496	166885	500
2023.12.22	17:00:00	4858.500	4862.500	4858.000	4860.000	15888	61849	500
2023.12.22	18:00:00	4860.000	4860.000	4855.500	4858.000	7396	33772	500
2023.12.26	09:00:00	4848.000	4858.000	4842.500	4843.500	91083	304355	500
2023.12.26	10:00:00	4843.500	4846.500	4832.500	4834.500	83799	315285	500
2023.12.26	11:00:00	4834.000	4842.000	4833.000	4835.500	53755	222721	500
2023.12.26	12:00:00	4835.000	4836.000	4821.500	4822.500	53190	225760	500
2023.12.26	13:00:00	4822.500	4827.000	4821.500	4823.500	31697	130558	500
2023.12.26	14:00:00	4823.500	4823.500	4814.000	4818.500	46957	189554	500
2023.12.26	15:00:00	4818.500	4824.000	4814.000	4824.000	40180	192790	500
2023.12.26	16:00:00	4824.000	4824.000	4817.000	4818.000	19985	80793	500
2023.12.26	17:00:00	4818.000	4820.000	4816.500	4817.500	19757	163183	500
2023.12.26	18:00:00	4817.500	4818.000	4809.000	4809.000	13276	61980	500
2023.12.27	09:00:00	4808.000	4829.000	4798.500	4829.000	95083	367908	500
2023.12.27	10:00:00	4829.000	4830.000	4821.500	4827.000	68904	257360	500
2023.12.27	11:00:00	4826.500	4831.000	4823.500	4826.500	60232	259976	500
2023.12.27	12:00:00	4826.500	4830.000	4815.500	4817.500	60720	254165	500
2023.12.27	13:00:00	4817.500	4834.000	4816.500	4827.000	63711	239987	500
2023.12.27	14:00:00	4826.500	4827.500	4816.000	4818.500	52621	184576	500
2023.12.27	15:00:00	4819.000	4829.500	4814.000	4828.000	43356	181071	500
2023.12.27	16:00:00	4828.000	4834.000	4824.000	4825.500	37251	149476	500
2023.12.27	17:00:00	4825.500	4829.000	4823.000	4826.000	17567	73892	500
2023.12.27	18:00:00	4826.000	4827.500	4822.000	4823.000	8260	34959	500
2023.12.28	09:00:00	4838.000	4866.000	4835.500	4859.000	126004	414790	500
2023.12.28	10:00:00	4859.500	4866.000	4850.000	4865.500	83449	317504	500
2023.12.28	11:00:00	4865.000	4870.000	4847.000	4855.000	81931	333879	500
2023.12.28	12:00:00	4855.000	4858.000	4846.500	4857.000	55537	252311	500
2023.12.28	13:00:00	4857.000	4872.500	4853.000	4869.500	48213	230735	500
2023.12.28	14:00:00	4870.000	4889.000	4868.500	4874.000	62173	278562	500
2023.12.28	15:00:00	4873.500	4881.500	4862.000	4866.000	51001	211024	500
2023.12.28	16:00:00	4866.000	4871.000	4865.000	4869.500	27196	134164	500
2023.12.28	17:00:00	4869.000	4877.500	4868.500	4875.000	28720	140737	500
2023.12.28	18:00:00	4874.500	4875.000	4866.000	4867.500	8857	38043	500
2024.01.02	09:00:00	4884.000	4901.500	4866.000	4901.500	133751	464963	500
2024.01.02	10:00:00	4901.000	4918.500	4900.500	4917.000	96665	386238	500
2024.01.02	11:00:00	4917.000	4918.000	4893.500	4901.500	97232	348080	500
2024.01.02	12:00:00	4901.500	4925.000	4895.000	4923.500	77351	314382	500
2024.01.02	13:00:00	4924.000	4924.000	4912.500	4914.000	42350	184421	500
2024.01.02	14:00:00	4913.500	4925.000	4912.500	4925.000	35462	153228	500
2024.01.02	15:00:00	4924.500	4938.500	4923.000	4938.000	50456	220838	500
2024.01.02	16:00:00	4938.500	4939.000	4922.500	4934.000	42834	196740	500
2024.01.02	17:00:00	4934.000	4939.000	4932.000	4936.000	25609	135167	500
2024.01.02	18:00:00	4935.500	4945.000	4934.500	4943.000	12238	66915	500
2024.01.03	09:00:00	4957.000	4957.500	4936.000	4949.000	131629	452208	500
2024.01.03	10:00:00	4949.000	4952.500	4931.500	4945.000	116201	385912	500
2024.01.03	11:00:00	4945.500	4947.000	4930.500	4940.000	102808	366020	500
2024.01.03	12:00:00	4940.500	4943.000	4917.000	4939.500	126063	516428	500
2024.01.03	13:00:00	4939.000	4942.500	4932.000	4941.500	48193	197672	500
2024.01.03	14:00:00	4942.000	4947.000	4936.000	4937.000	42191	153577	500
2024.01.03	15:00:00	4937.500	4938.500	4930.500	4937.000	40793	153818	500
2024.01.03	16:00:00	4937.000	4946.000	4926.000	4933.500	70348	294186	500
2024.01.03	17:00:00	4933.000	4939.000	4932.500	4936.500	22782	85958	500
2024.01.03	18:00:00	4936.500	4941.000	4935.500	4939.000	6137	31662	500
2024.01.04	09:00:00	4929.500	4937.500	4922.000	4930.500	105019	366385	500
2024.01.04	10:00:00	4931.000	4945.500	4924.500	4940.000	110184	398070	500
2024.01.04	11:00:00	4939.500	4954.500	4934.500	4947.500	112649	403899	500
2024.01.04	12:00:00	4947.000	4948.000	4929.000	4933.000	71892	289279	500
2024.01.04	13:00:00	4933.000	4935.000	4924.000	4933.500	62726	262438	500
2024.01.04	14:00:00	4933.500	4935.500	4926.500	4930.000	37946	151943	500
2024.01.04	15:00:00	4930.000	4932.000	4925.500	4927.000	27003	99358	500
2024.01.04	16:00:00	4927.500	4931.500	4923.000	4925.000	27088	157965	500
2024.01.04	17:00:00	4925.000	4927.500	4915.500	4919.500	31730	149386	500
2024.01.04	18:00:00	4919.500	4919.500	4913.000	4914.000	8299	44286	500
2024.01.05	09:00:00	4927.000	4943.000	4919.000	4935.500	98818	336500	500
2024.01.05	10:00:00	4935.500	4958.500	4906.000	4910.500	197956	744032	500
2024.01.05	11:00:00	4910.500	4913.500	4894.500	4897.000	125582	438293	500
2024.01.05	12:00:00	4897.000	4897.000	4876.500	4888.500	110009	418536	500
2024.01.05	13:00:00	4888.500	4895.000	4885.000	4891.500	47526	183194	500
2024.01.05	14:00:00	4892.000	4896.500	4888.000	4895.000	43758	180704	500
2024.01.05	15:00:00	4895.000	4897.000	4883.500	4888.000	42319	187234	500
2024.01.05	16:00:00	4888.000	4891.000	4884.000	4889.000	27573	142512	500
2024.01.05	17:00:00	4888.500	4897.500	4887.500	4892.000	23762	102669	500
2024.01.05	18:00:00	4891.500	4894.000	4888.000	4890.000	8056	47313	500
2024.01.08	09:00:00	4894.500	4917.000	4891.000	4915.000	133839	441869	500
2024.01.08	10:00:00	4915.000	4915.000	4902.500	4908.000	87975	274357	500
2024.01.08	11:00:00	4907.500	4908.000	4890.000	4892.500	100988	322991	500
2024.01.08	12:00:00	4892.500	4902.500	4888.500	4888.500	66337	224107	500
2024.01.08	13:00:00	4888.500	4893.500	4882.000	4890.000	52524	186749	500
2024.01.08	14:00:00	4890.500	4896.500	4888.000	4893.000	36207	133206	500
2024.01.08	15:00:00	4893.000	4893.000	4879.000	4890.000	47141	190141	500
2024.01.08	16:00:00	4890.000	4891.000	4883.500	4884.500	26500	103733	500
2024.01.08	17:00:00	4885.000	4892.500	4884.500	4890.500	24308	101424	500
2024.01.08	18:00:00	4890.500	4891.000	4884.000	4885.000	8217	43460	500
2024.01.09	09:00:00	4895.500	4902.500	4890.500	4898.000	107469	331584	500
2024.01.09	10:00:00	4897.500	4909.000	4896.000	4906.000	99444	385829	500
2024.01.09	11:00:00	4906.000	4911.500	4896.000	4902.000	102475	345129	500
2024.01.09	12:00:00	4902.500	4921.000	4902.000	4919.500	77345	326200	500
2024.01.09	13:00:00	4919.000	4921.500	4910.000	4911.000	43379	185491	500
2024.01.09	14:00:00	4910.500	4919.000	4909.500	4914.000	36035	128241	500
2024.01.09	15:00:00	4913.500	4917.000	4907.000	4916.500	46257	191183	500
2024.01.09	16:00:00	4917.000	4923.500	4914.000	4920.500	30251	123732	500
2024.01.09	17:00:00	4921.000	4924.000	4917.500	4921.500	22924	91834	500
2024.01.09	18:00:00	4921.500	4923.000	4917.000	4919.000	9051	41162	500
2024.01.10	09:00:00	4915.000	4917.000	4898.000	4899.000	110803	367413	500
2024.01.10	10:00:00	4898.500	4905.000	4891.000	4900.000	120866	417813	500
2024.01.10	11:00:00	4900.000	4919.500	4899.000	4908.500	106618	405020	500
2024.01.10	12:00:00	4908.500	4917.000	4903.000	4903.500	63633	253719	500
2024.01.10	13:00:00	4903.000	4910.500	4901.500	4907.000	45922	179241	500
2024.01.10	14:00:00	4907.000	4908.500	4901.500	4906.500	31430	118736	500
2024.01.10	15:00:00	4906.000	4910.000	4903.500	4907.500	34220	135259	500
2024.01.10	16:00:00	4907.500	4909.000	4904.000	4904.500	15864	71617	500
2024.01.10	17:00:00	4904.500	4907.500	4902.500	4906.000	20317	81528	500
2024.01.10	18:00:00	4906.000	4907.000	4903.000	4906.500	6096	28547	500
2024.01.11	09:00:00	4903.500	4907.500	4892.500	4897.000	92243	342960	500
2024.01.11	10:00:00	4897.000	4905.000	4880.000	4897.000	199603	773995	500
2024.01.11	11:00:00	4897.000	4906.000	4871.000	4886.500	158481	610622	500
2024.01.11	12:00:00	4886.000	4899.000	4884.000	4889.000	90231	345816	500
2024.01.11	13:00:00	4889.000	4898.000	4883.500	4896.000	58829	225553	500
2024.01.11	14:00:00	4896.500	4903.500	4888.000	4903.000	47229	195229	500
2024.01.11	15:00:00	4903.000	4907.500	4892.000	4895.500	50054	214382	500
2024.01.11	16:00:00	4895.500	4896.000	4886.500	4887.000	27096	133427	500
2024.01.11	17:00:00	4887.000	4891.000	4882.500	4883.000	23374	116724	500
2024.01.11	18:00:00	4883.500	4885.500	4882.000	4883.500	6237	37851	500
2024.01.12	09:00:00	4884.000	4890.000	4879.500	4881.000	106733	364517	500
2024.01.12	10:00:00	4881.000	4885.000	4845.000	4858.000	200533	828725	500
2024.01.12	11:00:00	4858.000	4865.000	4842.000	4852.500	107135	396681	500
2024.01.12	12:00:00	4852.500	4867.000	4851.000	4859.500	71462	309213	500
2024.01.12	13:00:00	4860.000	4868.000	4858.000	4865.000	45994	190970	500
2024.01.12	14:00:00	4865.000	4877.500	4863.500	4871.500	52910	224633	500
2024.01.12	15:00:00	4871.500	4872.000	4865.000	4866.500	35292	141679	500
2024.01.12	16:00:00	4867.000	4869.000	4864.000	4867.500	19882	76752	500
2024.01.12	17:00:00	4867.500	4869.500	4863.000	4865.500	17505	70505	500
2024.01.12	18:00:00	4866.000	4867.000	4862.500	4865.500	6127	31599	500
2024.01.15	09:00:00	4850.000	4884.000	4850.000	4881.500	96431	337541	500
2024.01.15	10:00:00	4881.000	4889.000	4881.000	4884.500	72228	274428	500
2024.01.15	11:00:00	4884.500	4889.000	4883.500	4885.000	38647	160247	500
2024.01.15	12:00:00	4885.500	4897.000	4885.000	4888.500	54497	233795	500
2024.01.15	13:00:00	4888.500	4890.000	4882.500	4883.000	31872	124517	500
2024.01.15	14:00:00	4883.000	4884.000	4876.500	4877.500	31857	139689	500
2024.01.15	15:00:00	4877.000	4879.500	4870.000	4871.500	27804	153118	500
2024.01.15	16:00:00	4871.500	4877.000	4871.000	4876.000	14832	70777	500
2024.01.15	17:00:00	4875.500	4878.000	4874.500	4876.000	9854	45867	500
2024.01.15	18:00:00	4876.000	4876.000	4871.000	4871.000	5127	23634	500
2024.01.16	09:00:00	4908.000	4914.500	4897.000	4899.500	132178	478337	500
2024.01.16	10:00:00	4899.500	4912.000	4895.500	4909.500	150589	557004	500
2024.01.16	11:00:00	4909.500	4919.500	4901.000	4914.000	108033	410848	500
2024.01.16	12:00:00	4914.500	4933.000	4912.000	4925.000	98078	437858	500
2024.01.16	13:00:00	4925.000	4939.500	4919.500	4926.000	115417	482988	500
2024.01.16	14:00:00	4926.000	4940.000	4925.000	4937.000	68119	303304	500
2024.01.16	15:00:00	4936.500	4943.500	4933.500	4939.500	48957	217255	500
2024.01.16	16:00:00	4939.500	4940.500	4933.000	4935.000	32280	145393	500
2024.01.16	17:00:00	4935.500	4941.500	4935.000	4936.500	29120	133472	500
2024.01.16	18:00:00	4936.000	4941.000	4935.000	4936.000	10389	47067	500
2024.01.17	09:00:00	4957.000	4963.500	4933.500	4941.500	162473	543676	500
2024.01.17	10:00:00	4942.000	4957.000	4935.500	4952.000	147240	557428	500
2024.01.17	11:00:00	4952.000	4959.000	4946.000	4951.000	95170	361378	500
2024.01.17	12:00:00	4951.000	4956.500	4938.500	4943.500	86996	327043	500
2024.01.17	13:00:00	4944.000	4944.000	4932.000	4937.500	65556	287422	500
2024.01.17	14:00:00	4937.500	4947.500	4935.500	4941.000	46852	226315	500
2024.01.17	15:00:00	4941.000	4946.500	4939.000	4944.000	35026	135634	500
2024.01.17	16:00:00	4944.500	4944.500	4934.500	4938.500	34684	161800	500
2024.01.17	17:00:00	4938.500	4943.500	4938.000	4941.000	17511	69467	500
2024.01.17	18:00:00	4941.000	4947.000	4940.500	4947.000	6991	35545	500
2024.01.18	09:00:00	4936.000	4937.000	4922.000	4933.500	103187	371113	500
2024.01.18	10:00:00	4933.500	4951.000	4931.000	4950.500	125721	431063	500
2024.01.18	11:00:00	4951.000	4957.500	4941.000	4954.000	101522	386744	500
2024.01.18	12:00:00	4954.500	4965.000	4946.000	4956.000	91773	417767	500
2024.01.18	13:00:00	4955.500	4958.500	4946.500	4954.000	46611	219565	500
2024.01.18	14:00:00	4954.500	4963.500	4948.500	4949.500	50661	228821	500
2024.01.18	15:00:00	4949.000	4952.000	4937.000	4941.500	49122	209930	500
2024.01.18	16:00:00	4941.000	4946.500	4939.500	4941.000	33191	164996	500
2024.01.18	17:00:00	4941.000	4941.000	4933.500	4939.000	24483	102653	500
2024.01.18	18:00:00	4939.000	4941.500	4934.500	4936.500	6972	33431	500
2024.01.19	09:00:00	4923.500	4929.500	4915.500	4922.000	111291	477902	500
2024.01.19	10:00:00	4922.000	4931.500	4910.000	4928.000	123617	434565	500
2024.01.19	11:00:00	4928.500	4943.000	4926.500	4935.500	85037	334513	500
2024.01.19	12:00:00	4935.000	4947.000	4931.000	4936.500	83149	359662	500
2024.01.19	13:00:00	4936.000	4939.000	4932.000	4936.500	32700	142385	500
2024.01.19	14:00:00	4936.500	4939.500	4925.500	4931.000	40179	177487	500
2024.01.19	15:00:00	4931.000	4935.000	4927.000	4934.000	34617	160623	500
2024.01.19	16:00:00	4934.000	4939.000	4933.000	4934.500	26926	119271	500
2024.01.19	17:00:00	4934.500	4939.500	4932.500	4938.500	21149	105358	500
2024.01.19	18:00:00	4938.000	4947.000	4936.000	4938.500	10963	59848	500
2024.01.22	09:00:00	4931.500	4955.000	4929.500	4939.500	135307	507723	500
2024.01.22	10:00:00	4939.500	4951.500	4933.500	4947.000	123543	455768	500
2024.01.22	11:00:00	4947.500	4965.500	4947.000	4952.500	116340	525010	500
2024.01.22	12:00:00	4953.000	4976.500	4953.000	4975.000	85808	370555	500
2024.01.22	13:00:00	4975.000	4999.500	4974.500	4987.500	103394	528346	500
2024.01.22	14:00:00	4987.500	4993.500	4985.500	4988.000	52809	293852	500
2024.01.22	15:00:00	4988.000	4998.500	4985.500	4995.000	58997	299543	500
2024.01.22	16:00:00	4995.000	4999.000	4991.500	4993.000	33470	161369	500
2024.01.22	17:00:00	4993.500	4994.500	4985.500	4992.000	28460	142787	500
2024.01.22	18:00:00	4991.500	4999.000	4991.000	4997.500	11840	58167	500
2024.01.23	09:00:00	4992.000	5007.000	4970.500	4971.000	167123	616369	500
2024.01.23	10:00:00	4970.500	4975.000	4962.000	4971.000	108027	433040	500
2024.01.23	11:00:00	4971.500	4995.500	4969.500	4985.500	123321	502849	500
2024.01.23	12:00:00	4985.500	4990.000	4977.500	4983.000	76096	315705	500
2024.01.23	13:00:00	4983.000	4987.500	4973.000	4979.500	60462	259518	500
2024.01.23	14:00:00	4979.500	4987.000	4969.000	4971.500	49716	214187	500
2024.01.23	15:00:00	4971.000	4973.000	4953.500	4957.500	61545	283286	500
2024.01.23	16:00:00	4957.500	4961.500	4954.500	4960.000	34577	195491	500
2024.01.23	17:00:00	4959.500	4964.500	4954.500	4955.000	22236	116450	500
2024.01.23	18:00:00	4955.000	4960.500	4952.000	4957.500	9770	47744	500
2024.01.24	09:00:00	4935.000	4937.000	4915.000	4917.500	122946	484967	500
2024.01.24	10:00:00	4918.000	4925.000	4912.500	4916.500	99762	399207	500
2024.01.24	11:00:00	4916.000	4933.000	4914.500	4926.500	91928	411993	500
2024.01.24	12:00:00	4926.500	4934.000	4920.500	4924.500	80028	334078	500
2024.01.24	13:00:00	4924.500	4932.500	4922.000	4923.500	46019	208689	500
2024.01.24	14:00:00	4923.500	4929.000	4920.500	4921.500	32437	155636	500
2024.01.24	15:00:00	4922.000	4936.500	4920.500	4934.000	56126	262191	500
2024.01.24	16:00:00	4934.000	4942.500	4933.000	4936.000	37601	189120	500
2024.01.24	17:00:00	4936.000	4937.500	4931.500	4936.500	20476	104547	500
2024.01.24	18:00:00	4936.500	4939.500	4935.500	4937.000	6868	37099	500
2024.01.25	09:00:00	4934.500	4938.000	4930.000	4935.500	69704	239241	500
2024.01.25	10:00:00	4936.000	4946.500	4918.500	4929.000	135221	513104	500
2024.01.25	11:00:00	4929.500	4931.500	4918.500	4919.500	75928	288861	500
2024.01.25	12:00:00	4919.000	4926.000	4911.500	4925.500	76248	328010	500
2024.01.25	13:00:00	4925.500	4934.500	4921.500	4932.000	48204	229722	500
2024.01.25	14:00:00	4931.500	4937.000	4927.000	4929.000	45798	200214	500
2024.01.25	15:00:00	4929.500	4931.500	4923.500	4927.000	34036	129722	500
2024.01.25	16:00:00	4927.000	4930.500	4924.000	4927.000	20406	125270	500
2024.01.25	17:00:00	4927.000	4932.000	4920.000	4921.000	19363	87249	500
2024.01.25	18:00:00	4921.000	4927.500	4920.500	4920.500	4529	27476	500
2024.01.26	09:00:00	4909.500	4922.500	4906.000	4918.500	95472	346688	500
2024.01.26	10:00:00	4918.500	4920.500	4905.500	4910.000	126750	508205	500
2024.01.26	11:00:00	4910.000	4923.500	4908.000	4917.500	90849	351012	500
2024.01.26	12:00:00	4918.000	4923.500	4915.500	4920.000	45621	199843	500
2024.01.26	13:00:00	4920.000	4922.500	4916.500	4918.000	24768	110328	500
2024.01.26	14:00:00	4918.000	4920.500	4913.500	4914.500	33302	159483	500
2024.01.26	15:00:00	4914.500	4917.500	4912.500	4916.500	24805	109517	500
2024.01.26	16:00:00	4916.500	4917.000	4912.500	4914.500	14813	99596	500
2024.01.26	17:00:00	4914.500	4916.500	4911.500	4914.000	14531	79665	500
2024.01.26	18:00:00	4914.000	4922.000	4914.000	4920.000	5489	30035	500
2024.01.29	09:00:00	4919.500	4925.000	4910.000	4912.000	86908	337473	500
2024.01.29	10:00:00	4912.000	4918.000	4908.000	4913.500	83633	328150	500
2024.01.29	11:00:00	4913.500	4934.000	4913.500	4927.500	107054	434424	500
2024.01.29	12:00:00	4927.500	4955.000	4926.000	4950.500	86207	429826	500
2024.01.29	13:00:00	4950.000	4953.500	4943.000	4945.000	72695	409820	500
2024.01.29	14:00:00	4945.000	4952.500	4944.500	4950.500	38101	187258	500
2024.01.29	15:00:00	4950.000	4961.500	4949.500	4955.500	48302	236030	500
2024.01.29	16:00:00	4955.500	4957.500	4951.000	4953.000	28153	148092	500
2024.01.29	17:00:00	4953.000	4953.000	4943.500	4950.500	38039	181835	500
2024.01.29	18:00:00	4951.000	4956.000	4948.500	4955.000	9106	41248	500
2024.01.30	09:00:00	4945.000	4951.500	4935.500	4950.500	100708	375651	500
2024.01.30	10:00:00	4951.000	4972.500	4949.500	4965.500	105491	469941	500
2024.01.30	11:00:00	4966.000	4968.000	4957.000	4959.500	80466	346942	500
2024.01.30	12:00:00	4959.500	4983.000	4957.500	4971.000	112191	565131	500
2024.01.30	13:00:00	4970.500	4973.000	4964.000	4965.000	42749	190988	500
2024.01.30	14:00:00	4965.000	4965.500	4957.000	4962.000	43227	187761	500
2024.01.30	15:00:00	4962.000	4964.500	4944.000	4949.000	52221	255828	500
2024.01.30	16:00:00	4949.000	4949.500	4942.000	4946.000	30134	145108	500
2024.01.30	17:00:00	4946.000	4955.000	4944.500	4951.000	17790	81888	500
2024.01.30	18:00:00	4951.000	4956.500	4950.000	4954.000	6735	33147	500
2024.01.31	09:00:00	4961.000	4976.000	4957.500	4964.500	96477	367649	500
2024.01.31	10:00:00	4964.000	4979.000	4960.500	4969.000	137903	620961	500
2024.01.31	11:00:00	4969.000	4972.500	4941.000	4960.500	129059	610976	500
2024.01.31	12:00:00	4961.000	4964.500	4947.500	4953.500	84207	395183	500
2024.01.31	13:00:00	4953.500	4957.500	4939.500	4951.500	69021	315219	500
2024.01.31	14:00:00	4951.500	4952.000	4940.000	4947.500	32976	145217	500
2024.01.31	15:00:00	4947.500	4960.000	4946.500	4949.000	47400	213220	500
2024.01.31	16:00:00	4949.500	4964.000	4937.500	4950.000	140987	537772	500
2024.01.31	17:00:00	4950.000	4973.500	4948.500	4966.000	101118	383897	500
2024.01.31	18:00:00	4966.000	4971.000	4961.500	4961.500	10612	43459	500
2024.02.01	09:00:00	4961.000	4982.000	4958.500	4964.500	131499	475107	500
2024.02.01	10:00:00	4964.500	4969.500	4946.000	4950.000	116341	441955	500
2024.02.01	11:00:00	4950.000	4953.000	4940.000	4943.500	85171	348496	500
2024.02.01	12:00:00	4944.000	4951.000	4925.500	4931.000	98940	429970	500
2024.02.01	13:00:00	4931.000	4938.500	4927.500	4933.000	58816	269234	500
2024.02.01	14:00:00	4933.000	4935.500	4925.500	4928.000	41766	170024	500
2024.02.01	15:00:00	4928.000	4935.500	4927.000	4930.000	36648	164672	500
2024.02.01	16:00:00	4930.000	4930.500	4925.000	4928.000	28465	134558	500
2024.02.01	17:00:00	4928.000	4929.000	4922.500	4926.000	19544	106935	500
2024.02.01	18:00:00	4925.500	4930.500	4924.000	4929.000	9182	58268	500
2024.02.02	09:00:00	4923.500	4929.000	4921.000	4926.500	58197	218661	500
2024.02.02	10:00:00	4926.500	4972.000	4915.000	4968.000	192810	851485	500
2024.02.02	11:00:00	4968.000	4971.000	4954.500	4959.500	86191	341245	500
2024.02.02	12:00:00	4960.000	4988.000	4957.500	4979.500	104106	455893	500
2024.02.02	13:00:00	4979.500	4985.000	4977.500	4982.500	39039	187354	500
2024.02.02	14:00:00	4982.000	4988.000	4981.500	4985.000	34390	165908	500
2024.02.02	15:00:00	4985.000	4987.500	4977.000	4978.000	36966	187130	500
2024.02.02	16:00:00	4978.000	4981.500	4974.000	4979.000	32260	160330	500
2024.02.02	17:00:00	4979.000	4983.000	4976.000	4980.000	25489	128665	500
2024.02.02	18:00:00	4979.500	4984.000	4977.500	4984.000	8299	48387	500
2024.02.05	09:00:00	4989.000	5000.000	4980.500	4999.000	98706	375022	500
2024.02.05	10:00:00	4998.500	5012.000	4998.500	5010.000	108593	446024	500
2024.02.05	11:00:00	5010.000	5011.500	5004.000	5008.000	56225	242345	500
2024.02.05	12:00:00	5008.000	5029.000	5008.000	5020.000	104908	507396	500
2024.02.05	13:00:00	5020.000	5022.000	5012.000	5013.000	40759	201008	500
2024.02.05	14:00:00	5012.500	5013.000	4996.000	5001.000	53444	261479	500
2024.02.05	15:00:00	5001.000	5003.500	4995.000	4998.500	37030	179768	500
2024.02.05	16:00:00	4998.500	5000.000	4990.000	4992.500	28757	153224	500
2024.02.05	17:00:00	4992.500	4994.000	4988.000	4993.000	21396	118121	500
2024.02.05	18:00:00	4993.500	4998.000	4993.000	4997.000	7140	41437	500
2024.02.06	09:00:00	4987.000	4988.000	4981.500	4984.000	73312	305058	500
2024.02.06	10:00:00	4983.500	4985.500	4971.500	4982.000	113531	469297	500
2024.02.06	11:00:00	4982.000	4991.000	4968.000	4970.000	97059	429051	500
2024.02.06	12:00:00	4970.500	4974.000	4961.000	4967.000	69374	343021	500
2024.02.06	13:00:00	4967.500	4971.000	4961.000	4964.000	41114	180857	500
2024.02.06	14:00:00	4964.500	4969.000	4960.500	4968.500	35866	174255	500
2024.02.06	15:00:00	4969.000	4979.000	4966.500	4968.500	53170	249718	500
2024.02.06	16:00:00	4968.000	4975.500	4967.500	4971.500	27624	138566	500
2024.02.06	17:00:00	4972.000	4973.500	4968.000	4968.500	15997	78390	500
2024.02.06	18:00:00	4968.500	4975.500	4967.500	4974.500	6914	38577	500
2024.02.07	09:00:00	4973.000	4977.000	4965.000	4968.500	83790	311682	500
2024.02.07	10:00:00	4968.000	4977.000	4964.000	4974.000	79665	302663	500
2024.02.07	11:00:00	4974.000	4978.500	4961.000	4964.500	98736	390750	500
2024.02.07	12:00:00	4964.500	4973.500	4963.000	4970.500	52760	225256	500
2024.02.07	13:00:00	4970.000	4974.000	4968.500	4972.000	28626	119707	500
2024.02.07	14:00:00	4971.500	4979.000	4969.000	4975.500	34397	157421	500
2024.02.07	15:00:00	4976.000	4983.000	4968.500	4979.000	53092	226124	500
2024.02.07	16:00:00	4979.000	4980.000	4973.500	4976.500	21612	123285	500
2024.02.07	17:00:00	4976.000	4980.500	4974.500	4979.000	14337	76163	500
2024.02.07	18:00:00	4978.500	4981.000	4976.500	4979.000	5306	33912	500
2024.02.08	09:00:00	4985.000	4995.000	4982.500	4986.000	111008	455776	500
2024.02.08	10:00:00	4986.500	4993.500	4985.500	4988.000	66654	292297	500
2024.02.08	11:00:00	4988.500	4998.000	4983.000	4992.000	69698	292540	500
2024.02.08	12:00:00	4992.000	5008.500	4988.000	4995.500	72202	347518	500
2024.02.08	13:00:00	4995.000	5012.000	4995.000	5005.000	54927	292014	500
2024.02.08	14:00:00	5004.500	5010.000	4997.500	5009.000	42809	217791	500
2024.02.08	15:00:00	5009.500	5009.500	4998.000	5000.500	44836	254228	500
2024.02.08	16:00:00	5000.500	5005.500	4996.500	5004.500	25335	134157	500
2024.02.08	17:00:00	5005.000	5008.000	5001.500	5006.500	17192	91978	500
2024.02.08	18:00:00	5007.000	5009.000	5001.500	5004.000	6764	41027	500
2024.02.09	09:00:00	4999.000	5000.000	4990.500	4993.500	74688	290760	500
2024.02.09	10:00:00	4993.000	4994.000	4966.500	4982.000	138871	594694	500
2024.02.09	11:00:00	4982.000	4991.000	4974.000	4977.000	84897	362423	500
2024.02.09	12:00:00	4977.000	4981.500	4971.500	4975.000	48770	216441	500
2024.02.09	13:00:00	4975.000	4979.500	4974.500	4977.500	20978	113502	500
2024.02.09	14:00:00	4978.000	4978.500	4963.500	4965.000	39221	208354	500
2024.02.09	15:00:00	4964.500	4968.500	4960.000	4964.000	42812	224547	500
2024.02.09	16:00:00	4963.500	4970.500	4963.000	4969.500	20864	118246	500
2024.02.09	17:00:00	4970.000	4972.500	4962.500	4963.000	19228	106808	500
2024.02.09	18:00:00	4963.000	4965.000	4959.000	4963.000	8464	46299	500
2024.02.14	13:00:00	4979.000	4981.000	4971.000	4974.000	75605	396523	500
2024.02.14	14:00:00	4973.500	4987.000	4973.500	4980.000	52958	230182	500
2024.02.14	15:00:00	4980.000	4982.000	4975.500	4978.500	33578	157911	500
2024.02.14	16:00:00	4978.500	4980.000	4976.000	4979.000	18574	108234	500
2024.02.14	17:00:00	4979.500	4983.500	4978.500	4981.500	14398	78169	500
2024.02.14	18:00:00	4981.500	4982.000	4976.000	4976.000	6775	35645	500
2024.02.15	09:00:00	4965.000	4975.500	4965.000	4975.000	70184	271476	500
2024.02.15	10:00:00	4975.000	4980.000	4964.000	4973.500	106676	481565	500
2024.02.15	11:00:00	4973.500	4977.500	4968.500	4974.500	71790	337957	500
2024.02.15	12:00:00	4974.000	4987.000	4971.000	4984.000	66452	318546	500
2024.02.15	13:00:00	4984.500	4990.000	4981.000	4981.000	48731	388825	500
2024.02.15	14:00:00	4981.500	4984.000	4978.000	4982.500	24486	115801	500
2024.02.15	15:00:00	4982.500	4982.500	4975.000	4975.500	23465	137321	500
2024.02.15	16:00:00	4976.000	4977.500	4973.000	4975.500	21850	113349	500
2024.02.15	17:00:00	4975.000	4982.500	4974.500	4981.000	19924	126799	500
2024.02.15	18:00:00	4980.500	4982.500	4979.500	4980.500	4790	29378	500
2024.02.16	09:00:00	4976.000	4980.500	4973.000	4979.000	49475	209007	500
2024.02.16	10:00:00	4979.000	4994.500	4976.000	4987.000	93772	440323	500
2024.02.16	11:00:00	4987.500	4995.000	4982.000	4984.000	68915	288606	500
2024.02.16	12:00:00	4984.000	4985.000	4965.000	4970.500	75642	370691	500
2024.02.16	13:00:00	4971.000	4978.500	4970.000	4976.000	29362	148508	500
2024.02.16	14:00:00	4976.000	4978.500	4974.500	4977.000	22162	105613	500
2024.02.16	15:00:00	4977.000	4983.500	4973.500	4975.500	35661	188619	500
2024.02.16	16:00:00	4975.500	4976.000	4970.500	4972.500	21246	123341	500
2024.02.16	17:00:00	4972.000	4975.000	4970.000	4971.500	16402	91531	500
2024.02.16	18:00:00	4971.500	4975.000	4970.500	4974.000	4802	31618	500
2024.02.19	09:00:00	4974.000	4977.000	4961.500	4965.000	74437	288169	500
2024.02.19	10:00:00	4965.500	4966.500	4960.500	4962.500	36520	162693	500
2024.02.19	11:00:00	4962.500	4967.000	4957.000	4966.000	52399	236175	500
2024.02.19	12:00:00	4966.000	4969.000	4964.500	4967.000	27463	150453	500
2024.02.19	13:00:00	4967.000	4968.500	4964.000	4967.000	16559	74427	500
2024.02.19	14:00:00	4967.500	4968.500	4964.500	4966.000	11452	64195	500
2024.02.19	15:00:00	4965.500	4968.500	4964.000	4967.500	10918	62286	500
2024.02.19	16:00:00	4967.500	4968.500	4966.000	4967.000	6764	39387	500
2024.02.19	17:00:00	4967.000	4968.000	4964.000	4967.000	8052	48857	500
2024.02.19	18:00:00	4967.000	4967.000	4963.000	4963.000	4144	30167	500
2024.02.20	09:00:00	4968.000	4969.000	4956.000	4964.500	101844	417001	500
2024.02.20	10:00:00	4964.500	4965.500	4939.000	4942.500	122642	599290	500
2024.02.20	11:00:00	4942.500	4944.500	4931.500	4934.000	76428	403743	500
2024.02.20	12:00:00	4934.000	4941.500	4933.500	4939.000	47884	264282	500
2024.02.20	13:00:00	4939.000	4942.000	4935.500	4937.000	29598	176793	500
2024.02.20	14:00:00	4937.000	4937.500	4929.000	4932.000	40246	219333	500
2024.02.20	15:00:00	4932.000	4934.500	4931.000	4933.500	23137	128087	500
2024.02.20	16:00:00	4933.000	4936.500	4931.500	4935.000	24399	131025	500
2024.02.20	17:00:00	4935.000	4936.500	4930.000	4932.000	22733	112392	500
2024.02.20	18:00:00	4932.000	4933.500	4929.500	4930.000	9449	52470	500
2024.02.21	09:00:00	4934.500	4937.000	4926.000	4930.500	80352	327391	500
2024.02.21	10:00:00	4930.500	4935.000	4925.000	4933.000	80193	346145	500
2024.02.21	11:00:00	4933.000	4935.000	4928.500	4931.500	54138	249539	500
2024.02.21	12:00:00	4931.500	4939.500	4929.500	4936.500	46520	225355	500
2024.02.21	13:00:00	4937.000	4939.000	4927.500	4931.000	46357	231738	500
2024.02.21	14:00:00	4931.000	4942.000	4931.000	4941.500	37272	185149	500
2024.02.21	15:00:00	4941.500	4947.500	4939.500	4945.500	44197	214420	500
2024.02.21	16:00:00	4946.000	4950.000	4938.500	4940.500	39954	171562	500
2024.02.21	17:00:00	4941.000	4945.000	4938.500	4939.000	19396	96935	500
2024.02.21	18:00:00	4938.500	4941.500	4937.500	4938.500	6692	37832	500
2024.02.22	09:00:00	4930.000	4938.000	4922.000	4934.500	91910	375190	500
2024.02.22	10:00:00	4934.500	4946.500	4933.500	4944.500	83581	360574	500
2024.02.22	11:00:00	4944.500	4954.500	4943.000	4946.000	91706	445413	500
2024.02.22	12:00:00	4946.000	4951.000	4943.000	4948.000	54655	244276	500
2024.02.22	13:00:00	4948.000	4948.000	4942.000	4944.000	31852	155438	500
2024.02.22	14:00:00	4944.500	4952.000	4944.000	4950.000	33124	194738	500
2024.02.22	15:00:00	4949.500	4954.000	4948.000	4951.500	37293	203864	500
2024.02.22	16:00:00	4952.000	4957.500	4951.000	4955.500	24773	139402	500
2024.02.22	17:00:00	4955.500	4969.000	4955.000	4968.000	34703	225044	500
2024.02.22	18:00:00	4968.000	4969.000	4962.000	4964.000	11388	65499	500
2024.02.23	09:00:00	4963.000	4972.500	4961.000	4969.000	103090	472103	500
2024.02.23	10:00:00	4968.500	4984.500	4967.000	4982.000	107058	521738	500
2024.02.23	11:00:00	4982.500	4998.000	4981.000	4997.500	102861	554789	500
2024.02.23	12:00:00	4997.500	4999.500	4988.000	4994.500	67944	367905	500
2024.02.23	13:00:00	4994.000	4995.000	4976.000	4978.500	49979	260071	500
2024.02.23	14:00:00	4978.000	4987.000	4977.500	4984.500	36950	180742	500
2024.02.23	15:00:00	4984.000	4991.500	4982.000	4989.000	32724	159317	500
2024.02.23	16:00:00	4989.500	4997.500	4989.000	4994.500	26455	132893	500
2024.02.23	17:00:00	4994.500	4998.500	4993.500	4996.500	20410	115189	500
2024.02.23	18:00:00	4996.000	4999.500	4992.000	4999.000	7849	50122	500
2024.02.26	09:00:00	4986.000	4990.000	4980.000	4988.500	65985	241680	500
2024.02.26	10:00:00	4988.500	4997.000	4984.500	4986.500	86632	344221	500
2024.02.26	11:00:00	4986.500	4992.000	4971.500	4976.500	94494	379490	500
2024.02.26	12:00:00	4976.500	4989.000	4974.000	4980.500	59280	246818	500
2024.02.26	13:00:00	4980.000	4992.000	4979.500	4990.000	35003	153362	500
2024.02.26	14:00:00	4990.500	4992.500	4985.500	4987.500	30965	134120	500
2024.02.26	15:00:00	4988.000	4990.500	4978.500	4979.000	33173	146620	500
2024.02.26	16:00:00	4979.000	4982.500	4977.500	4982.000	22186	105965	500
2024.02.26	17:00:00	4982.000	4983.500	4979.000	4981.500	17417	98503	500
2024.02.26	18:00:00	4981.500	4985.500	4981.000	4985.500	5097	26152	500
2024.02.27	09:00:00	4979.000	4980.000	4963.500	4968.500	110190	414347	500
2024.02.27	10:00:00	4969.000	4974.500	4967.500	4969.500	67789	289430	500
2024.02.27	11:00:00	4969.500	4970.000	4950.000	4950.000	106079	442141	500
2024.02.27	12:00:00	4950.000	4950.500	4938.000	4945.000	82485	420221	500
2024.02.27	13:00:00	4945.000	4947.000	4942.000	4943.500	38806	182306	500
2024.02.27	14:00:00	4943.000	4947.000	4936.000	4940.000	45520	212612	500
2024.02.27	15:00:00	4939.500	4941.000	4928.500	4934.000	54726	303531	500
2024.02.27	16:00:00	4934.000	4936.500	4932.500	4932.500	24853	145157	500
2024.02.27	17:00:00	4933.000	4938.000	4932.500	4933.500	23472	132964	500
2024.02.27	18:00:00	4934.000	4938.000	4933.500	4934.500	8138	44084	500
2024.02.28	09:00:00	4943.500	4954.000	4941.500	4950.500	72828	301627	500
2024.02.28	10:00:00	4950.000	4954.500	4941.500	4950.500	101525	403375	500
2024.02.28	11:00:00	4950.500	4963.500	4950.500	4961.000	94188	408977	500
2024.02.28	12:00:00	4961.000	4962.000	4953.500	4954.500	50070	212286	500
2024.02.28	13:00:00	4954.000	4961.500	4951.000	4951.500	35929	166015	500
2024.02.28	14:00:00	4951.000	4961.500	4949.000	4961.500	45431	202883	500
2024.02.28	15:00:00	4961.500	4971.500	4956.500	4970.000	61604	311019	500
2024.02.28	16:00:00	4970.000	4975.000	4966.500	4970.000	38610	203946	500
2024.02.28	17:00:00	4969.500	4972.000	4967.000	4970.500	21333	116258	500
2024.02.28	18:00:00	4971.000	4975.000	4965.000	4965.000	8340	43906	500
2024.02.29	09:00:00	4973.000	5012.000	4971.500	5011.500	118946	465560	500
2024.02.29	10:00:00	5011.500	5013.000	4993.500	5005.500	115109	549222	500
2024.02.29	11:00:00	5005.500	5006.000	4984.000	4988.000	107158	540735	500
2024.02.29	12:00:00	4987.500	4990.500	4976.500	4984.000	91276	580142	500
2024.02.29	13:00:00	4983.500	4990.000	4981.000	4985.500	37747	219263	500
2024.02.29	14:00:00	4986.000	4991.000	4983.500	4986.000	31258	165551	500
2024.02.29	15:00:00	4986.000	4989.000	4980.000	4985.500	31418	163426	500
2024.02.29	16:00:00	4985.000	4991.000	4983.500	4986.500	28662	152816	500
2024.02.29	17:00:00	4986.500	4989.000	4982.000	4985.000	25348	122745	500
2024.02.29	18:00:00	4985.000	4990.000	4982.000	4983.000	9861	56984	500
2024.03.01	09:00:00	4973.500	4977.500	4969.000	4974.500	60456	217122	500
2024.03.01	10:00:00	4974.500	4987.000	4969.500	4977.000	104064	414293	500
2024.03.01	11:00:00	4977.000	4986.000	4966.500	4983.500	101604	428699	500
2024.03.01	12:00:00	4983.000	4984.000	4958.500	4961.500	99609	427160	500
2024.03.01	13:00:00	4961.500	4964.000	4959.000	4961.000	29658	140280	500
2024.03.01	14:00:00	4961.000	4964.000	4958.500	4962.500	25512	113550	500
2024.03.01	15:00:00	4963.000	4969.500	4960.000	4965.000	34904	172004	500
2024.03.01	16:00:00	4965.500	4967.000	4964.000	4966.500	16024	80607	500
2024.03.01	17:00:00	4966.500	4971.500	4966.500	4966.500	15576	88813	500
2024.03.01	18:00:00	4966.500	4971.500	4965.500	4968.000	6302	35575	500
2024.03.04	09:00:00	4965.000	4969.500	4960.500	4962.000	62085	234877	500
2024.03.04	10:00:00	4962.000	4965.000	4955.000	4958.000	60145	295263	500
2024.03.04	11:00:00	4958.000	4961.500	4953.500	4957.500	55816	242090	500
2024.03.04	12:00:00	4957.500	4960.500	4954.500	4957.000	28032	143980	500
2024.03.04	13:00:00	4957.000	4958.000	4951.500	4954.500	29532	152040	500
2024.03.04	14:00:00	4955.000	4958.500	4954.000	4957.500	19149	98753	500
2024.03.04	15:00:00	4957.000	4960.000	4956.000	4959.000	17965	87848	500
2024.03.04	16:00:00	4959.500	4960.000	4955.000	4959.000	18880	92885	500
2024.03.04	17:00:00	4959.000	4961.000	4958.000	4959.500	15706	72372	500
2024.03.04	18:00:00	4959.000	4960.500	4956.000	4958.500	6750	33221	500
2024.03.05	09:00:00	4964.000	4970.500	4959.000	4964.000	71164	266670	500
2024.03.05	10:00:00	4963.500	4964.000	4958.000	4962.500	62116	251975	500
2024.03.05	11:00:00	4962.500	4971.500	4961.000	4969.000	51544	227425	500
2024.03.05	12:00:00	4968.500	4969.000	4950.500	4954.500	85196	371533	500
2024.03.05	13:00:00	4954.000	4973.000	4954.000	4967.500	50752	248201	500
2024.03.05	14:00:00	4967.500	4972.500	4963.500	4965.500	35289	174745	500
2024.03.05	15:00:00	4965.000	4967.500	4962.500	4966.500	21442	92549	500
2024.03.05	16:00:00	4967.000	4969.000	4963.500	4966.000	23255	110692	500
2024.03.05	17:00:00	4965.500	4970.000	4965.000	4969.000	19180	97484	500
2024.03.05	18:00:00	4969.000	4970.000	4966.000	4966.000	5262	29887	500
2024.03.06	09:00:00	4955.000	4956.500	4946.500	4954.500	79769	305337	500
2024.03.06	10:00:00	4954.000	4955.000	4944.500	4944.500	85871	317311	500
2024.03.06	11:00:00	4945.000	4952.000	4942.500	4950.000	55437	248122	500
2024.03.06	12:00:00	4950.000	4956.000	4946.000	4949.000	61915	261549	500
2024.03.06	13:00:00	4948.500	4951.500	4943.500	4945.000	31639	164218	500
2024.03.06	14:00:00	4945.000	4951.500	4944.000	4950.000	24645	112425	500
2024.03.06	15:00:00	4950.000	4954.500	4947.500	4953.000	27741	139047	500
2024.03.06	16:00:00	4952.500	4956.000	4952.000	4954.500	25499	115681	500
2024.03.06	17:00:00	4954.500	4959.500	4954.000	4954.500	20891	106702	500
2024.03.06	18:00:00	4955.000	4958.000	4953.500	4958.000	6943	34773	500
2024.03.07	09:00:00	4947.500	4953.000	4946.000	4949.500	43748	181626	500
2024.03.07	10:00:00	4949.500	4951.500	4945.000	4949.000	44758	208244	500
2024.03.07	11:00:00	4949.000	4950.500	4943.000	4946.500	59786	274976	500
2024.03.07	12:00:00	4946.500	4949.000	4942.000	4944.500	32733	152412	500
2024.03.07	13:00:00	4945.000	4946.000	4941.000	4942.500	28907	163521	500
2024.03.07	14:00:00	4942.500	4949.500	4941.000	4947.500	29694	152192	500
2024.03.07	15:00:00	4948.000	4948.500	4942.500	4943.500	22088	115414	500
2024.03.07	16:00:00	4943.500	4946.000	4942.000	4942.500	19632	122084	500
2024.03.07	17:00:00	4942.500	4945.500	4942.000	4944.500	16783	108099	500
2024.03.07	18:00:00	4944.500	4945.500	4942.000	4944.500	7034	36460	500
2024.03.08	09:00:00	4960.000	4983.000	4959.500	4971.500	127238	540621	500
2024.03.08	10:00:00	4971.500	4998.500	4969.000	4992.500	183316	785410	500
2024.03.08	11:00:00	4993.000	5000.000	4979.000	4984.500	124374	534066	500
2024.03.08	12:00:00	4984.500	4987.000	4975.500	4980.000	62773	304118	500
2024.03.08	13:00:00	4979.500	4989.000	4978.500	4985.500	40026	166400	500
2024.03.08	14:00:00	4985.500	4991.500	4984.000	4991.000	32335	149265	500
2024.03.08	15:00:00	4990.500	4992.500	4986.000	4991.000	31394	144135	500
2024.03.08	16:00:00	4990.500	4991.500	4986.500	4989.500	24550	119322	500
2024.03.08	17:00:00	4989.000	4995.000	4989.000	4991.500	21984	123324	500
2024.03.08	18:00:00	4991.000	4992.000	4987.000	4990.000	7521	46532	500
2024.03.11	09:00:00	4990.000	5007.000	4987.000	5002.500	106332	472645	500
2024.03.11	10:00:00	5002.500	5003.500	4978.500	4981.000	108768	470111	500
2024.03.11	11:00:00	4981.000	4983.000	4967.000	4973.000	74545	377897	500
2024.03.11	12:00:00	4973.000	4980.500	4972.500	4974.500	38188	185416	500
2024.03.11	13:00:00	4975.000	4984.500	4974.000	4982.000	39980	217448	500
2024.03.11	14:00:00	4982.000	4983.500	4978.500	4979.500	25018	133050	500
2024.03.11	15:00:00	4979.500	4983.500	4978.500	4983.500	18921	102471	500
2024.03.11	16:00:00	4983.500	4989.000	4981.000	4985.000	30003	148322	500
2024.03.11	17:00:00	4985.000	4987.500	4983.500	4985.000	12133	67220	500
2024.03.11	18:00:00	4985.000	4986.000	4982.000	4985.500	3952	20186	500
2024.03.12	09:00:00	4980.000	4999.000	4963.500	4985.500	162330	670051	500
2024.03.12	10:00:00	4985.000	5000.000	4983.000	4988.000	148852	600749	500
2024.03.12	11:00:00	4988.000	4990.500	4976.000	4986.000	82362	335425	500
2024.03.12	12:00:00	4986.500	4990.500	4982.500	4988.000	41307	173692	500
2024.03.12	13:00:00	4988.000	4992.000	4986.000	4992.000	22223	90217	500
2024.03.12	14:00:00	4992.000	4994.500	4984.000	4984.000	35606	176955	500
2024.03.12	15:00:00	4984.000	4985.500	4970.500	4976.000	53223	287686	500
2024.03.12	16:00:00	4976.000	4980.000	4975.500	4980.000	22777	112531	500
2024.03.12	17:00:00	4980.000	4980.500	4976.000	4977.500	11826	57675	500
2024.03.12	18:00:00	4977.500	4979.000	4973.000	4975.500	3795	19653	500
2024.03.13	09:00:00	4970.000	4989.500	4967.000	4986.000	84794	355697	500
2024.03.13	10:00:00	4986.000	4992.500	4983.000	4989.500	88245	385786	500
2024.03.13	11:00:00	4989.500	4990.500	4981.000	4983.000	57039	263358	500
2024.03.13	12:00:00	4983.500	4988.500	4980.500	4981.500	39094	193106	500
2024.03.13	13:00:00	4981.500	4984.500	4977.500	4979.500	33208	174349	500
2024.03.13	14:00:00	4980.000	4981.000	4972.500	4976.500	43296	198709	500
2024.03.13	15:00:00	4976.500	4979.000	4974.000	4974.000	23476	117035	500
2024.03.13	16:00:00	4974.000	4980.500	4974.000	4980.000	21061	112355	500
2024.03.13	17:00:00	4980.000	4980.500	4975.000	4975.500	13392	69510	500
2024.03.13	18:00:00	4975.500	4977.500	4973.500	4973.500	3527	20271	500
2024.03.14	09:00:00	4969.000	4975.000	4958.000	4969.500	131660	585378	500
2024.03.14	10:00:00	4969.000	4986.500	4968.500	4985.000	113524	511954	500
2024.03.14	11:00:00	4985.000	4986.000	4971.000	4983.500	72963	359409	500
2024.03.14	12:00:00	4983.000	4988.500	4981.500	4987.000	45625	238440	500
2024.03.14	13:00:00	4987.000	4988.500	4979.000	4988.000	36478	182969	500
2024.03.14	14:00:00	4988.000	4995.500	4987.000	4991.000	43167	227768	500
2024.03.14	15:00:00	4991.500	4999.000	4989.500	4997.000	37776	206132	500
2024.03.14	16:00:00	4997.000	4998.500	4991.500	4992.500	32426	199267	500
2024.03.14	17:00:00	4992.000	4996.000	4990.000	4995.000	16271	100086	500
2024.03.14	18:00:00	4994.500	5005.000	4994.500	5000.000	7444	34509	500
2024.03.15	09:00:00	4992.500	5004.000	4986.000	5003.000	88383	425578	500
2024.03.15	10:00:00	5003.000	5005.500	4993.500	4997.500	95455	455631	500
2024.03.15	11:00:00	4998.000	4998.000	4986.000	4990.500	75851	365489	500
2024.03.15	12:00:00	4990.500	5000.000	4989.500	4999.000	32605	202512	500
2024.03.15	13:00:00	4999.500	5002.000	4997.500	4999.500	31073	188891	500
2024.03.15	14:00:00	4999.500	5003.000	4997.000	5001.500	22753	131402	500
2024.03.15	15:00:00	5001.000	5001.000	4997.000	4997.500	16040	89330	500
2024.03.15	16:00:00	4997.500	5002.000	4995.500	5002.000	18461	109088	500
2024.03.15	17:00:00	5002.000	5003.500	4998.500	5000.000	13418	78321	500
2024.03.15	18:00:00	4999.500	5005.000	4999.000	5003.500	3933	20682	500
2024.03.18	09:00:00	4993.000	4997.500	4986.500	4995.500	63370	261757	500
2024.03.18	10:00:00	4995.000	5015.000	4991.000	5012.500	100487	464376	500
2024.03.18	11:00:00	5012.500	5034.500	5008.500	5027.500	104305	553049	500
2024.03.18	12:00:00	5027.500	5030.500	5022.000	5022.000	49832	268954	500
2024.03.18	13:00:00	5022.500	5028.000	5019.000	5022.000	42147	221445	500
2024.03.18	14:00:00	5022.000	5028.500	5021.500	5025.500	35797	187363	500
2024.03.18	15:00:00	5025.000	5032.500	5024.500	5028.000	31440	172506	500
2024.03.18	16:00:00	5028.000	5031.500	5027.000	5028.000	21844	132989	500
2024.03.18	17:00:00	5028.000	5029.500	5025.000	5028.500	16247	89149	500
2024.03.18	18:00:00	5028.500	5039.500	5026.000	5033.500	10069	46672	500
2024.03.19	09:00:00	5047.000	5057.000	5041.500	5047.000	123421	538757	500
2024.03.19	10:00:00	5047.500	5049.000	5037.500	5039.500	87648	408501	500
2024.03.19	11:00:00	5039.500	5040.000	5024.000	5027.500	86025	460368	500
2024.03.19	12:00:00	5027.500	5034.500	5019.500	5023.500	58590	328679	500
2024.03.19	13:00:00	5023.500	5029.000	5022.500	5022.500	36520	218693	500
2024.03.19	14:00:00	5022.500	5023.500	5011.500	5014.500	53586	315386	500
2024.03.19	15:00:00	5015.000	5021.500	5014.000	5018.000	26636	137250	500
2024.03.19	16:00:00	5018.000	5034.500	5018.000	5031.000	48416	263208	500
2024.03.19	17:00:00	5031.000	5035.000	5027.500	5033.000	20196	113460	500
2024.03.19	18:00:00	5033.000	5037.500	5032.000	5032.000	7358	32638	500
2024.03.20	09:00:00	5033.000	5035.000	5016.000	5018.500	109378	440103	500
2024.03.20	10:00:00	5018.500	5023.000	5011.000	5017.000	81612	364304	500
2024.03.20	11:00:00	5017.000	5020.500	5006.500	5009.000	63390	310012	500
2024.03.20	12:00:00	5008.500	5010.000	5004.000	5006.000	37154	200509	500
2024.03.20	13:00:00	5005.500	5009.000	5003.000	5007.500	27699	144481	500
2024.03.20	14:00:00	5007.500	5008.000	4995.500	4998.500	43203	222811	500
2024.03.20	15:00:00	4998.500	4999.500	4973.000	4974.500	171554	764228	500
2024.03.20	16:00:00	4974.500	4980.500	4972.000	4974.500	49953	234682	500
2024.03.20	17:00:00	4975.000	4975.000	4965.500	4969.500	25834	152233	500
2024.03.20	18:00:00	4970.000	4971.000	4965.500	4971.000	7797	38087	500
2024.03.21	09:00:00	4957.000	4980.000	4955.500	4971.500	116665	545469	500
2024.03.21	10:00:00	4971.500	4985.000	4968.500	4982.000	90175	438834	500
2024.03.21	11:00:00	4981.500	4987.000	4978.000	4983.500	55056	291289	500
2024.03.21	12:00:00	4983.500	4986.000	4979.000	4981.000	32217	174193	500
2024.03.21	13:00:00	4981.000	4981.500	4976.000	4980.000	27501	147770	500
2024.03.21	14:00:00	4979.500	4982.500	4971.500	4976.000	34499	181586	500
2024.03.21	15:00:00	4976.500	4977.500	4973.000	4975.500	21100	111232	500
2024.03.21	16:00:00	4975.500	4983.500	4973.500	4981.000	26964	138903	500
2024.03.21	17:00:00	4981.000	4982.000	4979.000	4979.500	11630	60399	500
2024.03.21	18:00:00	4979.500	4981.000	4974.500	4976.000	4326	19465	500
2024.03.22	09:00:00	4995.000	5009.500	4993.500	4998.000	113827	474134	500
2024.03.22	10:00:00	4998.500	5004.000	4982.000	4986.500	105752	455555	500
2024.03.22	11:00:00	4986.500	4989.500	4981.500	4987.500	60266	295811	500
2024.03.22	12:00:00	4987.500	4992.500	4986.000	4988.500	39173	194756	500
2024.03.22	13:00:00	4988.000	4992.500	4985.500	4990.500	29649	148309	500
2024.03.22	14:00:00	4990.000	4999.500	4990.000	4996.500	38816	198041	500
2024.03.22	15:00:00	4997.000	5004.000	4995.000	5003.000	29987	159846	500
2024.03.22	16:00:00	5002.500	5005.500	4998.500	4999.000	23767	125592	500
2024.03.22	17:00:00	4999.000	5003.000	4994.500	5001.000	17114	85328	500
2024.03.22	18:00:00	5001.000	5005.500	5000.500	5004.000	5103	24080	500
2024.03.25	09:00:00	4993.500	4999.000	4986.000	4998.000	74077	288744	500
2024.03.25	10:00:00	4998.500	5005.500	4977.000	4980.000	137469	661458	500
2024.03.25	11:00:00	4980.000	4986.500	4975.000	4982.500	51791	231920	500
2024.03.25	12:00:00	4983.000	4987.000	4978.500	4985.500	36058	180045	500
2024.03.25	13:00:00	4985.500	4985.500	4977.000	4980.000	20867	105798	500
2024.03.25	14:00:00	4979.500	4980.000	4971.500	4976.500	33348	172250	500
2024.03.25	15:00:00	4976.500	4978.000	4972.000	4974.500	23503	126926	500
2024.03.25	16:00:00	4974.000	4976.500	4972.000	4973.000	16613	97322	500
2024.03.25	17:00:00	4973.500	4976.000	4972.500	4975.000	13066	69851	500
2024.03.25	18:00:00	4974.500	4976.000	4972.000	4973.000	5550	21505	500
2024.03.26	09:00:00	4969.500	4981.000	4963.000	4978.500	105454	449268	500
2024.03.26	10:00:00	4978.500	4986.000	4976.000	4985.000	76398	374455	500
2024.03.26	11:00:00	4985.500	4988.500	4981.500	4986.500	68450	377666	500
2024.03.26	12:00:00	4987.000	4992.500	4985.500	4990.000	54273	244804	500
2024.03.26	13:00:00	4990.000	4990.500	4983.500	4987.500	33405	176205	500
2024.03.26	14:00:00	4987.000	4988.500	4976.500	4980.000	45716	222647	500
2024.03.26	15:00:00	4979.500	4983.500	4979.000	4983.500	22004	123899	500
2024.03.26	16:00:00	4983.500	4984.500	4981.500	4982.000	15911	91885	500
2024.03.26	17:00:00	4982.000	4982.500	4977.500	4980.500	13346	73496	500
2024.03.26	18:00:00	4980.500	4981.000	4975.000	4975.000	4667	21612	500
2024.03.27	09:00:00	4972.000	4989.500	4971.000	4986.500	101881	428943	500
2024.03.27	10:00:00	4986.500	4995.000	4985.000	4987.500	90560	381752	500
2024.03.27	11:00:00	4988.000	4992.000	4977.500	4983.000	78714	390214	500
2024.03.27	12:00:00	4983.000	4985.000	4975.000	4977.500	45948	233009	500
2024.03.27	13:00:00	4977.500	4980.000	4976.000	4977.500	29924	169071	500
2024.03.27	14:00:00	4977.500	4980.000	4975.500	4977.500	24727	136506	500
2024.03.27	15:00:00	4978.000	4981.000	4976.000	4977.500	26090	138749	500
2024.03.27	16:00:00	4977.000	4983.000	4975.500	4981.000	26854	141634	500
2024.03.27	17:00:00	4981.000	4990.500	4979.000	4989.000	32068	178500	500
2024.03.27	18:00:00	4989.000	4994.000	4986.000	4994.000	5734	22970	500
2024.03.28	09:00:00	5010.000	5016.000	5007.000	5013.500	86015	383692	500
2024.03.28	10:00:00	5013.500	5022.500	4998.500	5002.000	116677	577799	500
2024.03.28	11:00:00	5002.000	5006.500	4995.500	5006.000	62256	312449	500
2024.03.28	12:00:00	5005.500	5022.000	5005.500	5020.500	63717	375441	500
2024.03.28	13:00:00	5021.000	5023.000	5014.500	5015.500	43549	291041	500
2024.03.28	14:00:00	5016.000	5025.000	5015.500	5025.000	35113	192402	500
2024.03.28	15:00:00	5025.000	5025.500	5020.000	5025.000	26344	149379	500
2024.03.28	16:00:00	5024.500	5034.000	5022.000	5031.000	36641	249151	500
2024.03.28	17:00:00	5031.500	5034.000	5029.500	5030.500	14810	78218	500
2024.03.28	18:00:00	5030.500	5040.000	5030.000	5037.000	8528	33882	500
2024.04.01	09:00:00	5024.500	5058.500	5024.000	5053.000	122465	540730	500
2024.04.01	10:00:00	5053.500	5063.500	5044.500	5056.000	105553	467543	500
2024.04.01	11:00:00	5056.000	5071.000	5056.000	5068.000	93938	449399	500
2024.04.01	12:00:00	5068.000	5086.000	5067.000	5082.500	60918	294936	500
2024.04.01	13:00:00	5082.500	5083.500	5074.500	5078.000	35804	183442	500
2024.04.01	14:00:00	5078.000	5079.000	5070.000	5072.000	32879	175967	500
2024.04.01	15:00:00	5072.500	5084.000	5068.000	5083.000	43319	222461	500
2024.04.01	16:00:00	5082.500	5085.000	5072.500	5073.500	34848	183199	500
2024.04.01	17:00:00	5073.500	5077.500	5069.000	5070.000	22088	117754	500
2024.04.01	18:00:00	5070.000	5074.000	5067.500	5068.000	7569	30056	500
2024.04.02	09:00:00	5045.000	5065.500	5044.500	5063.500	138250	595961	500
2024.04.02	10:00:00	5063.500	5068.000	5056.000	5058.000	90514	390604	500
2024.04.02	11:00:00	5058.500	5075.000	5047.000	5064.000	140589	670364	500
2024.04.02	12:00:00	5064.000	5071.000	5056.000	5067.000	62928	314408	500
2024.04.02	13:00:00	5067.500	5069.500	5062.500	5067.500	26878	129745	500
2024.04.02	14:00:00	5067.500	5077.000	5067.500	5071.000	48260	226337	500
2024.04.02	15:00:00	5071.000	5074.500	5066.000	5073.500	32780	153499	500
2024.04.02	16:00:00	5073.000	5074.500	5071.500	5072.500	16277	76555	500
2024.04.02	17:00:00	5072.500	5074.500	5072.000	5073.000	11877	60790	500
2024.04.02	18:00:00	5073.000	5082.500	5072.500	5081.000	8176	42861	500
2024.04.03	09:00:00	5084.500	5097.000	5082.000	5089.500	133801	551296	500
2024.04.03	10:00:00	5090.000	5105.000	5081.000	5101.500	118192	543155	500
2024.04.03	11:00:00	5101.500	5104.500	5086.500	5091.500	112214	539411	500
2024.04.03	12:00:00	5091.500	5094.500	5071.500	5076.500	67106	312215	500
2024.04.03	13:00:00	5076.500	5078.500	5058.000	5058.500	66174	302029	500
2024.04.03	14:00:00	5058.500	5060.000	5050.000	5056.000	52220	259720	500
2024.04.03	15:00:00	5056.000	5058.000	5048.500	5051.000	34241	189572	500
2024.04.03	16:00:00	5051.500	5058.000	5051.000	5053.500	29536	128401	500
2024.04.03	17:00:00	5053.500	5054.000	5048.500	5053.000	14282	74527	500
2024.04.03	18:00:00	5052.500	5058.000	5050.500	5058.000	5856	24678	500
2024.04.04	09:00:00	5055.000	5062.500	5046.500	5053.000	112538	410834	500
2024.04.04	10:00:00	5053.000	5055.000	5033.500	5037.000	100180	406510	500
2024.04.04	11:00:00	5037.000	5047.500	5027.500	5042.000	104396	486068	500
2024.04.04	12:00:00	5042.000	5045.500	5018.500	5023.000	80191	403872	500
2024.04.04	13:00:00	5023.500	5030.000	5021.500	5029.000	28908	130263	500
2024.04.04	14:00:00	5029.500	5041.500	5028.500	5041.500	35769	182024	500
2024.04.04	15:00:00	5041.000	5056.500	5039.000	5053.500	57942	296435	500
2024.04.04	16:00:00	5054.000	5068.000	5053.500	5065.000	66848	318082	500
2024.04.04	17:00:00	5064.500	5070.500	5061.000	5068.500	18755	97266	500
2024.04.04	18:00:00	5068.500	5072.000	5068.000	5071.000	5670	23140	500
2024.04.05	09:00:00	5065.000	5069.500	5041.000	5055.500	192078	720810	500
2024.04.05	10:00:00	5055.500	5067.500	5054.000	5057.500	117637	448547	500
2024.04.05	11:00:00	5057.000	5068.500	5052.000	5063.500	83765	357526	500
2024.04.05	12:00:00	5063.500	5079.000	5062.000	5077.000	69059	265688	500
2024.04.05	13:00:00	5077.000	5086.000	5071.500	5075.500	58279	257816	500
2024.04.05	14:00:00	5075.500	5085.500	5074.000	5079.500	40950	211368	500
2024.04.05	15:00:00	5080.000	5087.500	5075.500	5083.500	52384	265967	500
2024.04.05	16:00:00	5083.000	5084.500	5074.500	5077.500	25580	124372	500
2024.04.05	17:00:00	5077.000	5082.500	5077.000	5079.000	14453	72258	500
2024.04.05	18:00:00	5078.500	5082.500	5078.000	5080.000	3501	16110	500
2024.04.08	09:00:00	5082.000	5086.500	5070.500	5070.500	100077	343857	500
2024.04.08	10:00:00	5071.000	5075.500	5047.500	5050.500	113286	439247	500
2024.04.08	11:00:00	5051.000	5055.000	5047.500	5054.000	63354	268276	500
2024.04.08	12:00:00	5054.000	5054.500	5041.000	5041.000	50253	212726	500
2024.04.08	13:00:00	5041.500	5046.500	5040.000	5042.000	29658	124575	500
2024.04.08	14:00:00	5042.500	5044.000	5036.500	5042.500	36337	152610	500
2024.04.08	15:00:00	5043.000	5045.000	5037.500	5041.000	32197	153601	500
2024.04.08	16:00:00	5041.000	5043.500	5039.000	5042.000	20514	89672	500
2024.04.08	17:00:00	5042.000	5043.500	5038.500	5039.500	15709	84197	500
2024.04.08	18:00:00	5039.000	5041.000	5035.000	5035.500	6625	26235	500
2024.04.09	09:00:00	5035.500	5037.500	5016.000	5017.500	121763	440895	500
2024.04.09	10:00:00	5017.000	5025.000	5015.500	5019.500	86126	336158	500
2024.04.09	11:00:00	5019.500	5028.000	5010.500	5016.000	100016	410909	500
2024.04.09	12:00:00	5016.000	5018.500	5010.000	5015.500	50249	234663	500
2024.04.09	13:00:00	5015.000	5017.000	5010.500	5017.000	29930	139020	500
2024.04.09	14:00:00	5017.000	5021.500	5015.000	5018.000	33184	161048	500
2024.04.09	15:00:00	5017.500	5020.500	5015.000	5017.500	26002	111409	500
2024.04.09	16:00:00	5018.000	5020.500	5015.500	5016.000	21371	98362	500
2024.04.09	17:00:00	5016.000	5021.500	5015.000	5019.000	14429	76538	500
2024.04.09	18:00:00	5019.000	5020.000	5015.500	5016.500	5258	22374	500
2024.04.10	09:00:00	5014.000	5059.500	5007.000	5058.000	203221	815217	500
2024.04.10	10:00:00	5058.000	5076.000	5057.500	5070.500	149396	601525	500
2024.04.10	11:00:00	5070.000	5078.000	5063.000	5074.500	102613	439288	500
2024.04.10	12:00:00	5074.500	5090.500	5074.000	5084.000	86645	426386	500
2024.04.10	13:00:00	5084.000	5089.000	5081.500	5087.500	36476	171236	500
2024.04.10	14:00:00	5087.500	5095.500	5079.000	5085.000	90037	445352	500
2024.04.10	15:00:00	5084.500	5092.500	5083.000	5091.500	44312	175856	500
2024.04.10	16:00:00	5092.000	5092.000	5085.500	5087.500	28719	168617	500
2024.04.10	17:00:00	5088.000	5088.000	5082.000	5084.000	18535	89127	500
2024.04.10	18:00:00	5083.500	5084.500	5076.500	5078.000	7797	39981	500
2024.04.11	09:00:00	5083.000	5099.500	5068.000	5074.000	175953	680294	500
2024.04.11	10:00:00	5074.500	5095.000	5072.500	5093.500	123025	474881	500
2024.04.11	11:00:00	5094.000	5101.500	5090.500	5093.500	83355	374100	500
2024.04.11	12:00:00	5093.500	5098.000	5087.500	5087.500	53679	228629	500
2024.04.11	13:00:00	5088.000	5098.500	5086.000	5096.000	37721	164383	500
2024.04.11	14:00:00	5096.000	5099.500	5090.000	5090.500	42556	204605	500
2024.04.11	15:00:00	5091.000	5102.000	5086.500	5100.500	44655	218360	500
2024.04.11	16:00:00	5100.500	5102.000	5097.000	5100.500	27501	132948	500
2024.04.11	17:00:00	5101.000	5103.500	5098.500	5102.000	15308	83160	500
2024.04.11	18:00:00	5101.500	5104.000	5100.000	5102.000	6407	32528	500
2024.04.12	09:00:00	5122.500	5137.000	5116.500	5136.500	149256	568604	500
2024.04.12	10:00:00	5137.000	5144.000	5131.000	5143.000	121972	514768	500
2024.04.12	11:00:00	5142.500	5156.000	5139.500	5154.500	110774	539336	500
2024.04.12	12:00:00	5155.000	5157.500	5144.000	5147.000	72449	459797	500
2024.04.12	13:00:00	5147.000	5147.500	5134.500	5140.000	68883	364219	500
2024.04.12	14:00:00	5140.000	5148.500	5135.500	5137.500	58432	282735	500
2024.04.12	15:00:00	5138.000	5143.000	5135.500	5138.500	39887	192841	500
2024.04.12	16:00:00	5138.500	5139.500	5128.000	5130.500	37025	210537	500
2024.04.12	17:00:00	5130.000	5131.000	5127.000	5127.000	14356	76491	500
2024.04.12	18:00:00	5127.500	5129.000	5125.000	5127.500	5316	32047	500
2024.04.15	09:00:00	5117.000	5164.500	5112.500	5162.500	197098	762719	500
2024.04.15	10:00:00	5162.000	5199.500	5158.500	5187.500	183727	799653	500
2024.04.15	11:00:00	5187.000	5194.000	5178.000	5190.000	114895	460082	500
2024.04.15	12:00:00	5190.000	5194.500	5184.000	5188.000	58222	264143	500
2024.04.15	13:00:00	5188.000	5198.500	5187.500	5190.000	48156	199224	500
2024.04.15	14:00:00	5190.000	5223.500	5190.000	5195.000	103331	514293	500
2024.04.15	15:00:00	5194.500	5199.000	5185.000	5186.000	61215	282675	500
2024.04.15	16:00:00	5186.500	5200.000	5186.000	5191.500	43282	204850	500
2024.04.15	17:00:00	5191.500	5197.000	5187.000	5193.500	25143	114422	500
2024.04.15	18:00:00	5193.000	5199.500	5191.500	5193.500	7869	32828	500
2024.04.16	09:00:00	5207.000	5258.500	5205.000	5245.500	216508	823305	500
2024.04.16	10:00:00	5246.000	5278.000	5243.000	5271.000	177168	714796	500
2024.04.16	11:00:00	5271.000	5295.000	5260.000	5290.500	144571	638116	500
2024.04.16	12:00:00	5290.000	5291.000	5272.500	5276.000	85457	385416	500
2024.04.16	13:00:00	5275.500	5280.500	5261.500	5263.500	68577	396154	500
2024.04.16	14:00:00	5263.000	5284.000	5262.500	5269.500	106334	436272	500
2024.04.16	15:00:00	5269.500	5272.500	5248.500	5261.000	106353	464936	500
2024.04.16	16:00:00	5261.000	5276.500	5260.000	5275.500	39456	182340	500
2024.04.16	17:00:00	5276.000	5294.500	5275.000	5290.500	33179	154113	500
2024.04.16	18:00:00	5290.500	5299.500	5289.000	5294.500	9300	37902	500
2024.04.17	09:00:00	5288.000	5290.000	5257.500	5264.000	181894	625252	500
2024.04.17	10:00:00	5264.500	5265.500	5232.000	5247.000	173335	700880	500
2024.04.17	11:00:00	5247.000	5253.000	5237.000	5246.000	111478	453121	500
2024.04.17	12:00:00	5246.500	5249.500	5232.000	5247.500	81078	324335	500
2024.04.17	13:00:00	5247.000	5286.500	5245.500	5265.000	124539	502811	500
2024.04.17	14:00:00	5264.500	5265.500	5233.500	5235.000	86147	381288	500
2024.04.17	15:00:00	5235.500	5239.000	5225.500	5237.500	65776	261442	500
2024.04.17	16:00:00	5238.000	5251.000	5237.500	5249.500	40246	160018	500
2024.04.17	17:00:00	5249.000	5251.000	5245.500	5248.500	16979	68299	500
2024.04.17	18:00:00	5249.000	5249.000	5234.500	5238.500	8363	31299	500
2024.04.18	09:00:00	5236.500	5263.000	5234.500	5250.000	164949	553117	500
2024.04.18	10:00:00	5249.500	5256.500	5238.500	5246.500	158637	560501	500
2024.04.18	11:00:00	5246.500	5263.000	5239.500	5255.000	100451	418899	500
2024.04.18	12:00:00	5254.500	5271.500	5253.000	5264.000	93450	433330	500
2024.04.18	13:00:00	5263.500	5279.500	5263.000	5275.500	51310	215702	500
2024.04.18	14:00:00	5276.000	5285.000	5268.000	5272.000	61065	259693	500
2024.04.18	15:00:00	5271.500	5272.500	5257.000	5263.000	58308	265057	500
2024.04.18	16:00:00	5263.000	5263.500	5252.000	5257.500	36648	161392	500
2024.04.18	17:00:00	5257.500	5258.500	5252.500	5255.500	16095	80157	500
2024.04.18	18:00:00	5255.000	5255.500	5246.000	5248.000	6949	27314	500
2024.04.19	09:00:00	5276.000	5283.500	5254.000	5257.000	159364	564846	500
2024.04.19	10:00:00	5257.000	5260.500	5238.000	5241.500	129300	467321	500
2024.04.19	11:00:00	5241.500	5243.500	5215.500	5219.500	107809	468359	500
2024.04.19	12:00:00	5219.500	5223.000	5207.500	5216.000	63508	304193	500
2024.04.19	13:00:00	5216.000	5221.500	5203.500	5206.000	53293	237041	500
2024.04.19	14:00:00	5206.500	5208.000	5195.500	5197.500	51645	240427	500
2024.04.19	15:00:00	5197.500	5201.500	5190.500	5199.500	59103	263010	500
2024.04.19	16:00:00	5199.000	5207.500	5199.000	5204.500	34647	147689	500
2024.04.19	17:00:00	5204.500	5211.500	5200.500	5208.500	24778	129177	500
2024.04.19	18:00:00	5208.500	5215.000	5207.500	5212.000	6176	27391	500
2024.04.22	09:00:00	5212.000	5219.000	5199.000	5216.500	147509	529633	500
2024.04.22	10:00:00	5217.000	5222.000	5208.500	5216.000	121541	449522	500
2024.04.22	11:00:00	5215.500	5218.000	5191.000	5198.500	112803	458688	500
2024.04.22	12:00:00	5198.500	5202.500	5192.500	5197.500	45964	192977	500
2024.04.22	13:00:00	5197.000	5199.000	5183.500	5184.500	44524	202026	500
2024.04.22	14:00:00	5184.500	5184.500	5175.500	5179.000	44292	200581	500
2024.04.22	15:00:00	5178.500	5182.000	5177.500	5178.500	25062	113641	500
2024.04.22	16:00:00	5178.500	5179.500	5173.000	5173.500	26667	131028	500
2024.04.22	17:00:00	5173.500	5174.500	5167.500	5171.500	21401	109601	500
2024.04.22	18:00:00	5171.000	5174.500	5168.000	5173.000	5310	24098	500
2024.04.23	09:00:00	5176.500	5188.500	5171.000	5187.500	132186	455336	500
2024.04.23	10:00:00	5187.500	5192.000	5155.000	5158.500	147554	548060	500
2024.04.23	11:00:00	5158.500	5163.500	5146.000	5159.000	114426	480705	500
2024.04.23	12:00:00	5159.500	5160.500	5153.500	5155.500	38401	164217	500
2024.04.23	13:00:00	5155.500	5156.000	5136.000	5139.500	49892	222349	500
2024.04.23	14:00:00	5139.000	5140.500	5122.000	5127.000	53210	255672	500
2024.04.23	15:00:00	5126.500	5130.500	5122.000	5128.000	38893	186166	500
2024.04.23	16:00:00	5127.500	5134.000	5127.500	5132.000	24765	107266	500
2024.04.23	17:00:00	5132.500	5137.000	5128.500	5129.500	15661	77617	500
2024.04.23	18:00:00	5129.000	5136.000	5129.000	5135.000	5474	22289	500
2024.04.24	09:00:00	5135.500	5157.500	5126.000	5154.500	155785	588370	500
2024.04.24	10:00:00	5154.500	5162.500	5150.500	5159.000	95683	373958	500
2024.04.24	11:00:00	5159.000	5174.000	5158.000	5165.000	82550	359099	500
2024.04.24	12:00:00	5165.500	5168.000	5156.500	5159.500	50849	233506	500
2024.04.24	13:00:00	5159.500	5166.500	5154.000	5155.500	41331	188165	500
2024.04.24	14:00:00	5155.500	5157.500	5145.000	5151.500	67768	314072	500
2024.04.24	15:00:00	5151.500	5156.500	5148.000	5153.500	31620	145123	500
2024.04.24	16:00:00	5153.500	5154.500	5146.500	5150.000	24080	109105	500
2024.04.24	17:00:00	5149.500	5155.000	5148.500	5149.000	16205	77172	500
2024.04.24	18:00:00	5149.000	5156.500	5148.500	5156.500	4170	17464	500
2024.04.25	09:00:00	5155.500	5171.500	5111.000	5166.000	220223	893694	500
2024.04.25	10:00:00	5166.000	5196.000	5163.000	5175.500	178441	754805	500
2024.04.25	11:00:00	5176.000	5177.500	5164.500	5173.500	99570	439188	500
2024.04.25	12:00:00	5173.000	5177.000	5165.500	5166.500	47538	208623	500
2024.04.25	13:00:00	5167.000	5176.000	5165.000	5167.500	39385	166047	500
2024.04.25	14:00:00	5168.000	5169.000	5155.000	5161.500	50165	210147	500
2024.04.25	15:00:00	5161.500	5169.000	5161.000	5165.500	38860	174807	500
2024.04.25	16:00:00	5165.500	5169.500	5163.000	5166.000	25045	110327	500
2024.04.25	17:00:00	5166.500	5167.000	5160.500	5163.500	18258	88709	500
2024.04.25	18:00:00	5163.500	5165.000	5160.500	5165.000	4545	19077	500
2024.04.26	09:00:00	5169.500	5171.000	5124.000	5124.500	183081	649812	500
2024.04.26	10:00:00	5124.000	5136.000	5116.500	5121.000	127246	499056	500
2024.04.26	11:00:00	5121.000	5132.000	5112.500	5128.500	84840	401621	500
2024.04.26	12:00:00	5129.000	5132.000	5115.500	5115.500	55633	280676	500
2024.04.26	13:00:00	5116.000	5118.500	5111.500	5116.500	32574	148789	500
2024.04.26	14:00:00	5116.500	5120.000	5113.500	5118.500	28805	123987	500
2024.04.26	15:00:00	5118.500	5118.500	5110.000	5116.500	32975	160069	500
2024.04.26	16:00:00	5116.500	5120.000	5116.500	5117.500	18633	92406	500
2024.04.26	17:00:00	5117.500	5120.500	5116.000	5118.000	12586	62924	500
2024.04.26	18:00:00	5118.000	5126.000	5115.500	5125.000	4862	24405	500
2024.04.29	09:00:00	5110.000	5120.000	5103.500	5115.500	130996	462445	500
2024.04.29	10:00:00	5115.500	5120.500	5104.000	5115.500	115348	448469	500
2024.04.29	11:00:00	5116.000	5122.000	5108.500	5114.500	75377	336510	500
2024.04.29	12:00:00	5114.500	5121.500	5111.000	5118.500	48900	247846	500
2024.04.29	13:00:00	5118.000	5121.500	5107.500	5111.000	46215	233632	500
2024.04.29	14:00:00	5111.000	5114.500	5108.500	5112.500	28318	113838	500
2024.04.29	15:00:00	5112.500	5117.000	5107.500	5113.500	37456	179154	500
2024.04.29	16:00:00	5113.500	5121.000	5112.000	5116.000	36019	167573	500
2024.04.29	17:00:00	5116.000	5124.000	5114.000	5120.500	21431	112307	500
2024.04.29	18:00:00	5120.500	5123.500	5117.500	5120.000	4493	16052	500
2024.04.30	09:00:00	5131.500	5171.500	5129.500	5171.000	161658	589478	500
2024.04.30	10:00:00	5170.500	5186.500	5163.000	5185.500	129923	621947	500
2024.04.30	11:00:00	5185.000	5199.000	5180.000	5199.000	100161	501315	500
2024.04.30	12:00:00	5199.000	5199.500	5186.500	5191.000	56880	297591	500
2024.04.30	13:00:00	5191.000	5201.000	5189.000	5198.000	39512	190064	500
2024.04.30	14:00:00	5198.500	5206.500	5196.000	5204.000	50377	243423	500
2024.04.30	15:00:00	5204.000	5204.500	5195.500	5201.000	41912	214880	500
2024.04.30	16:00:00	5201.500	5208.500	5200.000	5206.500	29218	138567	500
2024.04.30	17:00:00	5207.000	5211.000	5203.500	5208.000	24199	113169	500
2024.04.30	18:00:00	5208.000	5222.000	5207.000	5218.000	10855	41778	500
2024.05.02	09:00:00	5173.000	5173.500	5143.000	5148.500	148566	582931	500
2024.05.02	10:00:00	5148.500	5151.500	5123.000	5126.000	129829	586240	500
2024.05.02	11:00:00	5126.000	5132.500	5117.500	5127.500	100201	484126	500
2024.05.02	12:00:00	5128.000	5130.500	5123.500	5128.500	43711	251792	500
2024.05.02	13:00:00	5128.500	5130.500	5122.000	5122.500	29759	143795	500
2024.05.02	14:00:00	5122.000	5123.500	5114.500	5118.000	40822	203107	500
2024.05.02	15:00:00	5118.000	5124.500	5117.500	5122.500	35584	172213	500
2024.05.02	16:00:00	5123.000	5129.500	5122.000	5127.000	30742	146472	500
2024.05.02	17:00:00	5127.000	5131.000	5123.500	5126.000	21766	104878	500
2024.05.02	18:00:00	5125.500	5131.500	5125.000	5127.000	6182	27584	500
2024.05.03	09:00:00	5116.000	5130.000	5057.500	5066.000	243028	944566	500
2024.05.03	10:00:00	5066.000	5084.500	5064.500	5082.500	122025	530923	500
2024.05.03	11:00:00	5082.000	5098.500	5066.000	5083.000	143987	637705	500
2024.05.03	12:00:00	5083.000	5086.500	5078.000	5086.000	41914	200782	500
2024.05.03	13:00:00	5085.500	5086.000	5079.500	5084.000	25446	119562	500
2024.05.03	14:00:00	5084.000	5087.500	5080.500	5084.500	27501	127020	500
2024.05.03	15:00:00	5084.500	5084.500	5075.000	5081.500	33921	148991	500
2024.05.03	16:00:00	5081.500	5084.000	5081.000	5082.000	21847	94819	500
2024.05.03	17:00:00	5081.500	5086.000	5081.500	5085.000	12071	59712	500
2024.05.03	18:00:00	5085.000	5090.000	5085.000	5088.000	5342	23648	500
2024.05.06	09:00:00	5075.000	5103.500	5074.500	5101.000	110453	394289	500
2024.05.06	10:00:00	5100.500	5101.000	5083.500	5084.500	88441	327815	500
2024.05.06	11:00:00	5085.000	5088.500	5079.500	5081.500	63973	262789	500
2024.05.06	12:00:00	5081.500	5085.500	5077.000	5078.000	33341	160892	500
2024.05.06	13:00:00	5078.500	5083.000	5076.500	5078.500	31717	149483	500
2024.05.06	14:00:00	5078.500	5081.000	5073.500	5075.000	36922	159281	500
2024.05.06	15:00:00	5075.000	5083.500	5072.000	5081.500	37623	179431	500
2024.05.06	16:00:00	5081.500	5087.500	5080.000	5086.500	24814	117728	500
2024.05.06	17:00:00	5086.000	5090.000	5085.000	5088.500	16136	80869	500
2024.05.06	18:00:00	5088.500	5090.500	5087.000	5090.000	4138	16449	500
2024.05.07	09:00:00	5089.500	5095.000	5069.500	5069.500	147476	559471	500
2024.05.07	10:00:00	5069.500	5079.500	5066.500	5078.500	93448	401773	500
2024.05.07	11:00:00	5079.000	5081.000	5059.500	5061.500	80164	335843	500
2024.05.07	12:00:00	5062.000	5077.500	5061.000	5076.500	52141	254159	500
2024.05.07	13:00:00	5077.000	5078.500	5072.500	5075.000	27722	131226	500
2024.05.07	14:00:00	5075.500	5085.000	5073.000	5084.000	31626	149328	500
2024.05.07	15:00:00	5084.000	5087.000	5080.500	5082.000	34671	162940	500
2024.05.07	16:00:00	5082.000	5083.500	5076.500	5078.000	25321	116736	500
2024.05.07	17:00:00	5078.000	5083.000	5077.500	5082.000	12846	60496	500
2024.05.07	18:00:00	5081.500	5089.000	5081.500	5085.000	6333	33085	500
2024.05.08	09:00:00	5086.500	5116.500	5086.000	5114.000	121154	484180	500
2024.05.08	10:00:00	5113.500	5118.000	5096.000	5097.500	111760	450547	500
2024.05.08	11:00:00	5097.000	5101.500	5089.000	5093.500	75878	355184	500
2024.05.08	12:00:00	5093.500	5098.000	5090.000	5092.500	35277	159743	500
2024.05.08	13:00:00	5092.500	5099.500	5092.000	5098.500	23249	111142	500
2024.05.08	14:00:00	5098.500	5105.000	5096.500	5104.000	33337	162349	500
2024.05.08	15:00:00	5104.000	5108.500	5103.500	5106.500	32689	169124	500
2024.05.08	16:00:00	5106.000	5107.000	5099.000	5101.000	28198	150951	500
2024.05.08	17:00:00	5100.500	5101.500	5094.500	5101.000	18181	93091	500
2024.05.08	18:00:00	5101.500	5105.000	5097.000	5099.000	6025	25638	500
2024.05.09	09:00:00	5152.500	5172.500	5146.500	5155.500	223391	942007	500
2024.05.09	10:00:00	5155.000	5187.500	5154.500	5185.000	123459	554403	500
2024.05.09	11:00:00	5185.000	5186.500	5166.000	5166.500	114525	508561	500
2024.05.09	12:00:00	5166.000	5170.500	5162.000	5168.000	61703	289280	500
2024.05.09	13:00:00	5167.500	5179.500	5167.000	5178.000	41474	191786	500
2024.05.09	14:00:00	5178.500	5182.500	5168.000	5169.500	53227	247320	500
2024.05.09	15:00:00	5169.000	5170.000	5153.000	5155.000	47845	245649	500
2024.05.09	16:00:00	5154.500	5155.500	5150.500	5153.000	29911	142044	500
2024.05.09	17:00:00	5153.500	5156.500	5149.000	5152.500	17036	84158	500
2024.05.09	18:00:00	5153.000	5153.500	5146.500	5147.000	5831	25068	500
2024.05.10	09:00:00	5148.500	5152.000	5127.500	5151.500	166806	603365	500
2024.05.10	10:00:00	5151.000	5154.500	5139.500	5146.000	112671	449368	500
2024.05.10	11:00:00	5145.500	5160.500	5143.000	5157.500	96620	425918	500
2024.05.10	12:00:00	5158.000	5167.500	5156.500	5164.500	49250	210010	500
2024.05.10	13:00:00	5164.000	5169.500	5162.500	5166.000	28629	119856	500
2024.05.10	14:00:00	5166.500	5170.500	5161.000	5162.500	33359	253442	500
2024.05.10	15:00:00	5162.500	5167.500	5158.000	5166.500	34247	189601	500
2024.05.10	16:00:00	5166.000	5169.500	5164.500	5167.500	17077	80827	500
2024.05.10	17:00:00	5167.000	5169.000	5163.500	5168.500	15588	75031	500
2024.05.10	18:00:00	5168.500	5173.500	5165.500	5173.500	6452	26189	500
2024.05.13	09:00:00	5155.000	5155.500	5137.000	5137.000	135246	488750	500
2024.05.13	10:00:00	5137.000	5141.500	5132.000	5137.500	87229	355114	500
2024.05.13	11:00:00	5138.000	5155.000	5136.500	5149.000	81582	332408	500
2024.05.13	12:00:00	5149.000	5173.000	5148.500	5170.500	64531	272502	500
2024.05.13	13:00:00	5170.500	5171.500	5164.000	5166.000	34498	156096	500
2024.05.13	14:00:00	5165.500	5168.500	5161.000	5162.000	29565	145332	500
2024.05.13	15:00:00	5162.000	5162.500	5156.500	5159.500	26197	119566	500
2024.05.13	16:00:00	5159.000	5162.000	5157.500	5159.500	18660	78007	500
2024.05.13	17:00:00	5159.500	5161.000	5156.500	5160.000	13909	61781	500
2024.05.13	18:00:00	5160.500	5165.500	5158.500	5165.500	4639	24199	500
2024.05.14	09:00:00	5156.000	5169.000	5131.500	5144.000	211968	815526	500
2024.05.14	10:00:00	5144.500	5150.000	5135.000	5141.000	123989	500077	500
2024.05.14	11:00:00	5141.000	5147.000	5131.500	5140.500	78248	327442	500
2024.05.14	12:00:00	5141.000	5145.500	5139.500	5142.500	29761	134279	500
2024.05.14	13:00:00	5142.500	5143.500	5133.000	5136.000	30752	153728	500
2024.05.14	14:00:00	5136.000	5142.000	5135.500	5141.500	25014	124325	500
2024.05.14	15:00:00	5141.500	5142.500	5135.500	5137.500	25536	115275	500
2024.05.14	16:00:00	5137.500	5139.000	5137.000	5137.500	12535	56468	500
2024.05.14	17:00:00	5137.500	5138.000	5135.000	5137.000	10730	59277	500
2024.05.14	18:00:00	5137.500	5138.000	5133.000	5133.000	5578	25718	500
2024.05.15	09:00:00	5170.000	5175.000	5131.000	5150.000	212834	805932	500
2024.05.15	10:00:00	5149.500	5170.000	5145.500	5166.000	127111	475814	500
2024.05.15	11:00:00	5166.000	5170.000	5138.000	5139.500	95516	420640	500
2024.05.15	12:00:00	5139.500	5140.500	5127.000	5136.000	66389	323978	500
2024.05.15	13:00:00	5136.000	5142.000	5130.500	5132.000	41665	178477	500
2024.05.15	14:00:00	5131.500	5148.500	5131.000	5140.500	45512	217168	500
2024.05.15	15:00:00	5140.500	5149.000	5139.500	5147.000	33263	154988	500
2024.05.15	16:00:00	5147.000	5147.500	5140.500	5142.500	25098	110715	500
2024.05.15	17:00:00	5143.000	5145.500	5141.500	5143.500	10393	48203	500
2024.05.15	18:00:00	5143.500	5144.500	5140.000	5144.000	4439	17380	500
2024.05.16	09:00:00	5146.000	5146.000	5111.500	5125.500	156729	624840	500
2024.05.16	10:00:00	5125.500	5139.500	5122.500	5137.500	118576	503257	500
2024.05.16	11:00:00	5137.500	5139.000	5126.500	5133.500	76155	351829	500
2024.05.16	12:00:00	5133.500	5137.500	5132.500	5134.500	26650	126106	500
2024.05.16	13:00:00	5135.000	5138.500	5130.000	5133.000	27783	130094	500
2024.05.16	14:00:00	5133.000	5143.000	5132.000	5140.500	34703	161120	500
2024.05.16	15:00:00	5140.500	5141.000	5132.500	5135.500	29671	160360	500
2024.05.16	16:00:00	5135.500	5138.500	5134.500	5137.000	18714	87224	500
2024.05.16	17:00:00	5136.500	5139.500	5135.000	5136.500	10251	50385	500
2024.05.16	18:00:00	5136.000	5140.500	5135.500	5140.000	3904	19863	500
2024.05.17	09:00:00	5142.000	5144.000	5123.500	5127.000	138523	542785	500
2024.05.17	10:00:00	5126.500	5133.500	5120.500	5128.000	100715	415571	500
2024.05.17	11:00:00	5128.000	5128.000	5111.000	5118.000	88497	422129	500
2024.05.17	12:00:00	5118.500	5123.000	5115.000	5121.000	33265	169421	500
2024.05.17	13:00:00	5121.000	5121.500	5111.500	5112.500	28592	139711	500
2024.05.17	14:00:00	5112.500	5115.500	5111.000	5113.500	24729	135659	500
2024.05.17	15:00:00	5113.500	5113.500	5107.500	5108.500	34536	190348	500
2024.05.17	16:00:00	5108.500	5111.000	5105.500	5107.500	21833	115123	500
2024.05.17	17:00:00	5107.000	5111.500	5106.500	5110.000	16200	77714	500
2024.05.17	18:00:00	5110.000	5111.000	5105.000	5105.000	5909	27659	500
2024.05.20	09:00:00	5108.000	5133.500	5108.000	5129.500	116010	479684	500
2024.05.20	10:00:00	5129.500	5134.000	5118.000	5119.500	103886	414154	500
2024.05.20	11:00:00	5120.000	5120.000	5094.500	5095.500	103672	496652	500
2024.05.20	12:00:00	5095.500	5105.500	5095.000	5102.000	44025	210422	500
2024.05.20	13:00:00	5102.000	5108.000	5101.000	5105.000	26724	139907	500
2024.05.20	14:00:00	5105.000	5118.000	5103.000	5115.500	37227	214445	500
2024.05.20	15:00:00	5115.000	5117.000	5111.500	5112.500	28695	133633	500
2024.05.20	16:00:00	5112.500	5114.000	5108.500	5109.000	19395	86630	500
2024.05.20	17:00:00	5109.000	5110.000	5106.500	5108.000	12567	56304	500
2024.05.20	18:00:00	5108.000	5110.000	5106.500	5107.000	3703	19321	500
2024.05.21	09:00:00	5101.000	5106.500	5094.000	5103.000	129869	451830	500
2024.05.21	10:00:00	5103.000	5110.000	5087.000	5096.500	173949	700176	500
2024.05.21	11:00:00	5097.000	5114.000	5088.500	5113.000	92609	434572	500
2024.05.21	12:00:00	5113.000	5116.500	5107.000	5116.000	50187	226107	500
2024.05.21	13:00:00	5115.500	5128.000	5113.000	5121.500	61006	294708	500
2024.05.21	14:00:00	5121.500	5125.000	5116.000	5117.000	33213	142297	500
2024.05.21	15:00:00	5117.500	5122.000	5115.500	5118.500	27821	128405	500
2024.05.21	16:00:00	5118.500	5120.000	5116.000	5119.500	16946	89531	500
2024.05.21	17:00:00	5119.500	5127.500	5119.000	5125.500	17186	88347	500
2024.05.21	18:00:00	5125.500	5128.000	5125.000	5127.500	4846	23232	500
2024.05.22	09:00:00	5140.000	5150.000	5136.000	5148.500	123201	524999	500
2024.05.22	10:00:00	5148.500	5155.500	5145.500	5148.500	98623	436329	500
2024.05.22	11:00:00	5148.500	5166.500	5147.500	5157.500	110358	552714	500
2024.05.22	12:00:00	5157.500	5158.500	5146.000	5148.500	57941	303363	500
2024.05.22	13:00:00	5148.500	5150.000	5143.000	5149.000	34408	170703	500
2024.05.22	14:00:00	5149.500	5159.000	5143.500	5153.000	44360	212043	500
2024.05.22	15:00:00	5152.500	5161.500	5151.000	5157.000	57921	277066	500
2024.05.22	16:00:00	5157.000	5161.000	5154.000	5157.000	26227	107543	500
2024.05.22	17:00:00	5157.000	5160.000	5152.500	5153.000	17101	85680	500
2024.05.22	18:00:00	5153.000	5157.500	5151.500	5154.500	5635	25584	500
2024.05.23	09:00:00	5146.000	5146.000	5129.500	5137.500	102724	399629	500
2024.05.23	10:00:00	5137.000	5149.500	5127.000	5145.000	136372	584439	500
2024.05.23	11:00:00	5144.500	5158.500	5140.000	5154.500	106559	495930	500
2024.05.23	12:00:00	5154.500	5158.000	5149.500	5152.000	40061	207230	500
2024.05.23	13:00:00	5152.000	5153.500	5147.000	5153.500	29667	163231	500
2024.05.23	14:00:00	5153.500	5162.000	5153.000	5160.000	37613	190981	500
2024.05.23	15:00:00	5159.500	5162.000	5155.000	5160.500	32686	184882	500
2024.05.23	16:00:00	5160.500	5160.500	5154.000	5155.000	20674	100734	500
2024.05.23	17:00:00	5154.500	5156.000	5145.500	5146.500	22251	133144	500
2024.05.23	18:00:00	5146.500	5147.000	5142.500	5143.500	3822	17707	500
2024.05.24	09:00:00	5140.000	5145.500	5131.000	5143.500	105804	403395	500
2024.05.24	10:00:00	5143.500	5157.500	5143.500	5156.000	98696	404924	500
2024.05.24	11:00:00	5155.500	5155.500	5141.000	5151.500	91873	410543	500
2024.05.24	12:00:00	5151.500	5153.000	5147.000	5150.500	28503	140518	500
2024.05.24	13:00:00	5150.500	5153.500	5147.000	5152.500	23471	113676	500
2024.05.24	14:00:00	5152.500	5158.000	5150.000	5154.000	31072	164477	500
2024.05.24	15:00:00	5153.500	5176.500	5153.500	5173.500	68344	380663	500
2024.05.24	16:00:00	5173.500	5173.500	5167.500	5168.000	21416	98526	500
2024.05.24	17:00:00	5168.500	5169.500	5164.500	5166.500	13741	69466	500
2024.05.24	18:00:00	5166.500	5176.000	5165.500	5172.000	5818	24754	500
2024.05.27	09:00:00	5160.000	5170.000	5156.500	5159.000	75577	287127	500
2024.05.27	10:00:00	5159.000	5165.500	5156.000	5165.000	55886	212517	500
2024.05.27	11:00:00	5165.500	5185.000	5164.500	5178.000	84413	417221	500
2024.05.27	12:00:00	5178.000	5179.000	5171.500	5174.500	28686	140390	500
2024.05.27	13:00:00	5174.500	5175.000	5167.000	5167.000	19607	92953	500
2024.05.27	14:00:00	5167.500	5176.500	5165.500	5173.000	23818	108057	500
2024.05.27	15:00:00	5173.000	5175.500	5172.500	5173.000	7902	45536	500
2024.05.27	16:00:00	5173.500	5173.500	5170.000	5172.000	10332	51391	500
2024.05.27	17:00:00	5172.000	5173.500	5170.500	5171.500	7432	44191	500
2024.05.27	18:00:00	5172.000	5174.000	5170.500	5173.500	4150	18844	500
2024.05.28	09:00:00	5166.500	5169.500	5137.000	5144.500	129952	535189	500
2024.05.28	10:00:00	5144.500	5149.500	5135.000	5147.500	89347	419831	500
2024.05.28	11:00:00	5147.000	5165.500	5146.500	5160.500	85717	369747	500
2024.05.28	12:00:00	5160.500	5163.000	5152.500	5154.000	45162	244665	500
2024.05.28	13:00:00	5154.000	5158.500	5152.500	5157.000	26518	143152	500
2024.05.28	14:00:00	5156.500	5166.000	5154.000	5164.000	44132	231851	500
2024.05.28	15:00:00	5164.500	5165.500	5158.000	5160.000	31823	162984	500
2024.05.28	16:00:00	5159.500	5162.000	5153.500	5153.500	24117	125116	500
2024.05.28	17:00:00	5153.500	5163.000	5153.000	5161.500	17235	98699	500
2024.05.28	18:00:00	5162.000	5168.500	5160.000	5164.000	6100	28063	500
2024.05.29	09:00:00	5176.500	5186.500	5170.000	5184.500	117941	452042	500
2024.05.29	10:00:00	5184.000	5200.500	5182.500	5197.500	109863	544465	500
2024.05.29	11:00:00	5198.000	5199.000	5190.500	5195.000	69119	334812	500
2024.05.29	12:00:00	5194.500	5208.000	5192.500	5203.500	61311	327512	500
2024.05.29	13:00:00	5203.500	5211.500	5203.500	5206.500	40304	218902	500
2024.05.29	14:00:00	5206.500	5214.000	5205.000	5208.000	45086	254337	500
2024.05.29	15:00:00	5207.500	5209.500	5200.000	5206.000	36285	189034	500
2024.05.29	16:00:00	5206.500	5211.000	5202.500	5210.000	26709	122995	500
2024.05.29	17:00:00	5209.500	5211.500	5203.000	5203.500	20273	109246	500
2024.05.29	18:00:00	5203.500	5207.500	5203.000	5204.500	6956	30053	500
2024.05.31	09:00:00	5212.000	5237.000	5208.000	5233.500	166973	672806	500
2024.05.31	10:00:00	5234.000	5253.000	5233.500	5252.000	103602	469787	500
2024.05.31	11:00:00	5252.000	5271.500	5244.000	5268.500	112292	583545	500
2024.05.31	12:00:00	5269.000	5271.500	5249.500	5255.000	74154	375203	500
2024.05.31	13:00:00	5254.500	5256.000	5247.500	5250.500	44731	230422	500
2024.05.31	14:00:00	5251.000	5262.500	5249.000	5257.000	33362	162756	500
2024.05.31	15:00:00	5257.500	5263.000	5254.000	5261.000	28992	140449	500
2024.05.31	16:00:00	5261.500	5271.500	5261.000	5263.000	38945	190874	500
2024.05.31	17:00:00	5263.500	5265.500	5256.500	5258.500	20570	106140	500
2024.05.31	18:00:00	5258.500	5269.000	5258.500	5261.000	8234	32781	500
2024.06.03	09:00:00	5267.500	5280.500	5253.000	5255.000	185161	685966	500
2024.06.03	10:00:00	5255.500	5279.000	5251.000	5271.500	127953	503048	500
2024.06.03	11:00:00	5271.000	5271.000	5232.500	5245.500	153070	703235	500
2024.06.03	12:00:00	5245.500	5253.000	5236.000	5248.500	57320	240646	500
2024.06.03	13:00:00	5248.500	5253.500	5244.500	5252.000	39179	161403	500
2024.06.03	14:00:00	5252.500	5255.500	5231.000	5233.500	54484	242144	500
2024.06.03	15:00:00	5233.000	5238.500	5227.000	5238.000	43703	179606	500
2024.06.03	16:00:00	5237.500	5250.500	5235.500	5247.500	30285	144909	500
2024.06.03	17:00:00	5248.000	5262.500	5246.500	5260.000	24895	133212	500
2024.06.03	18:00:00	5260.000	5267.000	5258.500	5265.000	6390	29446	500
2024.06.04	09:00:00	5273.000	5289.000	5267.000	5274.000	183166	700903	500
2024.06.04	10:00:00	5274.500	5284.500	5262.500	5274.000	145253	551078	500
2024.06.04	11:00:00	5274.000	5285.500	5261.500	5283.500	141166	629143	500
2024.06.04	12:00:00	5283.500	5303.000	5280.000	5302.000	92598	446550	500
2024.06.04	13:00:00	5302.000	5309.000	5295.000	5297.000	82556	400611	500
2024.06.04	14:00:00	5297.000	5304.000	5288.000	5293.500	54306	234953	500
2024.06.04	15:00:00	5294.000	5308.500	5293.500	5303.500	55987	251257	500
2024.06.04	16:00:00	5303.500	5304.500	5297.000	5297.500	25188	98959	500
2024.06.04	17:00:00	5297.000	5301.500	5297.000	5299.000	16618	82481	500
2024.06.04	18:00:00	5299.000	5303.000	5298.000	5303.000	6450	25197	500
2024.06.05	09:00:00	5284.500	5291.000	5272.000	5282.500	148423	559477	500
2024.06.05	10:00:00	5282.500	5296.500	5282.500	5290.500	113456	498337	500
2024.06.05	11:00:00	5290.000	5315.000	5283.000	5303.000	165802	752506	500
2024.06.05	12:00:00	5303.000	5303.000	5290.500	5294.000	59970	291863	500
2024.06.05	13:00:00	5294.000	5305.500	5291.500	5302.000	37321	180440	500
2024.06.05	14:00:00	5302.000	5311.000	5300.500	5308.500	35717	155581	500
2024.06.05	15:00:00	5308.500	5317.000	5307.500	5312.500	41432	206165	500
2024.06.05	16:00:00	5312.500	5312.500	5307.500	5308.000	24468	117633	500
2024.06.05	17:00:00	5308.000	5315.000	5308.000	5309.000	18699	92778	500
2024.06.05	18:00:00	5308.500	5315.000	5308.000	5312.000	6298	31099	500
2024.06.06	09:00:00	5305.000	5320.500	5292.500	5295.000	169789	643893	500
2024.06.06	10:00:00	5294.500	5299.500	5273.000	5284.500	133150	581988	500
2024.06.06	11:00:00	5285.000	5287.000	5268.000	5275.000	74089	364841	500
2024.06.06	12:00:00	5275.000	5275.500	5264.500	5267.000	48921	249489	500
2024.06.06	13:00:00	5267.000	5269.500	5260.000	5264.500	40017	212180	500
2024.06.06	14:00:00	5264.000	5265.000	5252.500	5258.500	43966	220162	500
2024.06.06	15:00:00	5258.000	5263.000	5254.000	5256.500	33617	156434	500
2024.06.06	16:00:00	5256.500	5273.000	5256.000	5262.000	66369	297623	500
2024.06.06	17:00:00	5262.000	5269.500	5260.500	5268.500	23112	112657	500
2024.06.06	18:00:00	5269.000	5274.500	5267.000	5271.500	6225	30075	500
2024.06.07	09:00:00	5265.500	5308.000	5251.500	5303.500	205515	772585	500
2024.06.07	10:00:00	5303.500	5307.000	5283.000	5292.500	148283	533293	500
2024.06.07	11:00:00	5292.500	5294.500	5274.500	5284.500	125669	528807	500
2024.06.07	12:00:00	5285.000	5290.500	5277.500	5285.000	54836	217733	500
2024.06.07	13:00:00	5285.000	5294.500	5283.500	5289.500	39032	152090	500
2024.06.07	14:00:00	5289.000	5304.000	5288.500	5301.500	47110	193897	500
2024.06.07	15:00:00	5301.500	5317.500	5301.000	5314.000	62567	271668	500
2024.06.07	16:00:00	5314.500	5339.000	5313.000	5336.000	110315	531537	500
2024.06.07	17:00:00	5336.000	5360.000	5328.500	5356.500	65919	320867	500
2024.06.07	18:00:00	5356.000	5374.500	5355.500	5365.500	11143	47898	500
2024.06.10	09:00:00	5356.000	5376.500	5325.500	5372.500	197412	736927	500
2024.06.10	10:00:00	5372.500	5399.500	5369.000	5384.500	191798	768817	500
2024.06.10	11:00:00	5385.000	5386.000	5373.000	5378.000	75581	293175	500
2024.06.10	12:00:00	5378.000	5378.000	5365.500	5375.500	74056	301119	500
2024.06.10	13:00:00	5375.500	5379.500	5370.000	5372.000	38430	155420	500
2024.06.10	14:00:00	5372.500	5376.000	5366.500	5372.500	50691	190184	500
2024.06.10	15:00:00	5372.500	5383.000	5356.000	5367.000	75837	337243	500
2024.06.10	16:00:00	5367.000	5371.500	5360.000	5367.500	38794	160217	500
2024.06.10	17:00:00	5367.500	5370.000	5361.000	5365.500	21937	97916	500
2024.06.10	18:00:00	5365.000	5369.000	5363.500	5365.500	5966	27184	500
2024.06.11	09:00:00	5369.000	5383.000	5357.000	5361.000	189824	651705	500
2024.06.11	10:00:00	5361.000	5371.000	5351.000	5362.500	140916	582032	500
2024.06.11	11:00:00	5363.000	5364.500	5345.500	5356.500	107201	443751	500
2024.06.11	12:00:00	5356.500	5367.500	5353.000	5363.000	51631	208075	500
2024.06.11	13:00:00	5363.000	5376.500	5362.000	5370.500	51350	220644	500
2024.06.11	14:00:00	5370.000	5383.000	5363.500	5375.000	69774	315877	500
2024.06.11	15:00:00	5375.000	5376.500	5367.000	5368.000	39472	168997	500
2024.06.11	16:00:00	5367.500	5370.500	5365.000	5369.500	22604	103764	500
2024.06.11	17:00:00	5369.500	5378.000	5369.500	5377.500	20788	92749	500
2024.06.11	18:00:00	5377.500	5380.000	5374.500	5379.000	5834	21122	500
2024.06.12	09:00:00	5379.000	5395.500	5345.000	5353.500	253628	895663	500
2024.06.12	10:00:00	5353.500	5438.500	5346.500	5419.500	287043	1089295	500
2024.06.12	11:00:00	5419.500	5433.500	5403.000	5411.000	146190	537042	500
2024.06.12	12:00:00	5411.500	5419.000	5398.000	5401.000	66027	248128	500
2024.06.12	13:00:00	5401.000	5406.000	5386.500	5391.000	61613	253098	500
2024.06.12	14:00:00	5391.000	5398.500	5365.000	5378.500	47583	187428	500
2024.06.12	15:00:00	5378.000	5402.500	5365.000	5393.500	143260	494309	500
2024.06.12	16:00:00	5393.500	5419.000	5392.500	5411.500	74529	280893	500
2024.06.12	17:00:00	5411.500	5425.500	5411.000	5422.000	29295	135984	500
2024.06.12	18:00:00	5422.000	5422.000	5409.500	5412.500	4781	24384	500
2024.06.13	09:00:00	5400.500	5425.000	5392.500	5410.500	225161	735718	500
2024.06.13	10:00:00	5411.000	5421.000	5404.000	5416.500	134130	472519	500
2024.06.13	11:00:00	5416.500	5424.000	5408.500	5411.000	90472	368397	500
2024.06.13	12:00:00	5411.000	5416.500	5374.500	5387.500	123758	532676	500
2024.06.13	13:00:00	5387.500	5398.500	5373.500	5377.000	80823	331745	500
2024.06.13	14:00:00	5377.000	5391.000	5371.000	5379.500	58898	224261	500
2024.06.13	15:00:00	5380.000	5383.500	5371.500	5379.000	42723	167547	500
2024.06.13	16:00:00	5379.000	5383.500	5375.500	5376.000	24593	96721	500
2024.06.13	17:00:00	5376.500	5378.500	5372.000	5373.500	19537	88716	500
2024.06.13	18:00:00	5374.000	5374.500	5368.500	5373.000	6004	30883	500
2024.06.14	09:00:00	5385.000	5390.000	5352.000	5367.500	193805	666584	500
2024.06.14	10:00:00	5367.000	5385.500	5364.000	5378.000	138140	484769	500
2024.06.14	11:00:00	5377.500	5384.000	5361.000	5361.500	107083	442607	500
2024.06.14	12:00:00	5361.500	5369.500	5357.000	5364.000	59280	243515	500
2024.06.14	13:00:00	5364.000	5383.000	5364.000	5378.500	48342	191491	500
2024.06.14	14:00:00	5378.500	5392.000	5377.500	5389.000	55244	225745	500
2024.06.14	15:00:00	5389.000	5394.500	5382.000	5386.500	44124	173811	500
2024.06.14	16:00:00	5386.500	5390.500	5382.500	5388.500	25659	101999	500
2024.06.14	17:00:00	5388.000	5392.000	5383.000	5383.500	17171	67696	500
2024.06.14	18:00:00	5384.000	5388.000	5381.500	5382.500	5574	22633	500
2024.06.17	09:00:00	5380.000	5419.000	5378.000	5414.000	150067	484245	500
2024.06.17	10:00:00	5413.500	5418.000	5403.000	5414.000	104270	368641	500
2024.06.17	11:00:00	5414.000	5425.500	5413.000	5421.500	71251	264410	500
2024.06.17	12:00:00	5420.500	5432.500	5418.000	5423.000	62286	253747	500
2024.06.17	13:00:00	5423.000	5423.500	5409.500	5412.500	46687	188215	500
2024.06.17	14:00:00	5412.000	5421.500	5411.500	5418.500	31429	123708	500
2024.06.17	15:00:00	5418.500	5436.000	5418.000	5429.000	55880	220841	500
2024.06.17	16:00:00	5429.500	5432.000	5426.500	5426.500	22120	85076	500
2024.06.17	17:00:00	5426.500	5428.500	5424.000	5424.000	15208	60239	500
2024.06.17	18:00:00	5424.000	5432.500	5423.500	5431.500	7568	32918	500
2024.06.18	09:00:00	5440.500	5450.000	5416.500	5427.000	181586	691580	500
2024.06.18	10:00:00	5427.500	5433.000	5398.500	5402.000	154964	612122	500
2024.06.18	11:00:00	5402.000	5419.500	5396.500	5414.000	99403	382618	500
2024.06.18	12:00:00	5414.000	5418.000	5404.500	5410.000	44388	187465	500
2024.06.18	13:00:00	5409.500	5416.000	5405.500	5412.500	30426	141442	500
2024.06.18	14:00:00	5412.000	5419.000	5407.000	5415.500	43512	170605	500
2024.06.18	15:00:00	5415.500	5432.000	5412.500	5428.500	66151	298213	500
2024.06.18	16:00:00	5428.500	5443.500	5428.500	5437.500	55623	271584	500
2024.06.18	17:00:00	5437.500	5444.000	5437.000	5440.000	21464	95592	500
2024.06.18	18:00:00	5440.000	5448.000	5439.000	5445.000	7909	31987	500
2024.06.19	09:00:00	5438.500	5461.000	5430.500	5459.000	125729	452066	500
2024.06.19	10:00:00	5459.000	5476.500	5458.000	5475.500	104783	411728	500
2024.06.19	11:00:00	5475.500	5476.500	5466.000	5470.000	72196	292882	500
2024.06.19	12:00:00	5470.000	5472.000	5462.000	5467.500	43268	188254	500
2024.06.19	13:00:00	5467.500	5479.000	5467.000	5474.000	39061	176150	500
2024.06.19	14:00:00	5473.500	5487.500	5473.500	5477.500	45501	229897	500
2024.06.19	15:00:00	5478.000	5479.000	5459.000	5459.500	38448	199459	500
2024.06.19	16:00:00	5460.000	5461.000	5440.000	5444.500	50692	286892	500
2024.06.19	17:00:00	5445.000	5447.000	5434.000	5440.500	21795	123074	500
2024.06.19	18:00:00	5440.500	5441.000	5420.000	5420.500	9221	45814	500
2024.06.20	09:00:00	5383.000	5417.000	5383.000	5415.000	206167	830703	500
2024.06.20	10:00:00	5415.000	5425.500	5407.000	5418.000	136237	571876	500
2024.06.20	11:00:00	5418.500	5439.000	5413.500	5433.000	105101	502372	500
2024.06.20	12:00:00	5433.000	5457.500	5431.000	5451.000	100698	497567	500
2024.06.20	13:00:00	5451.500	5473.500	5450.500	5465.000	72196	330009	500
2024.06.20	14:00:00	5465.000	5466.500	5443.000	5452.500	80226	351302	500
2024.06.20	15:00:00	5452.500	5457.000	5444.000	5448.000	54123	226187	500
2024.06.20	16:00:00	5448.000	5468.500	5447.000	5466.000	53914	241008	500
2024.06.20	17:00:00	5465.500	5467.000	5452.500	5453.000	26672	116869	500
2024.06.20	18:00:00	5453.500	5463.000	5452.500	5454.500	8256	32760	500
2024.06.21	09:00:00	5450.000	5457.500	5437.500	5444.000	155472	574416	500
2024.06.21	10:00:00	5444.000	5454.500	5433.500	5435.500	121462	481525	500
2024.06.21	11:00:00	5436.000	5450.000	5426.000	5450.000	109403	466956	500
2024.06.21	12:00:00	5449.500	5464.500	5445.500	5457.500	77441	358698	500
2024.06.21	13:00:00	5457.000	5458.500	5441.000	5442.500	43633	184652	500
2024.06.21	14:00:00	5442.500	5451.000	5436.000	5446.000	55008	238087	500
2024.06.21	15:00:00	5446.000	5465.500	5434.500	5451.500	87589	393833	500
2024.06.21	16:00:00	5452.000	5453.500	5443.500	5444.000	40103	186308	500
2024.06.21	17:00:00	5444.000	5446.000	5433.000	5433.500	25384	112897	500
2024.06.21	18:00:00	5434.000	5438.000	5432.000	5438.000	4731	20828	500
2024.06.24	09:00:00	5433.000	5440.000	5415.000	5416.000	135962	478476	500
2024.06.24	10:00:00	5416.000	5418.000	5378.000	5379.500	144513	609348	500
2024.06.24	11:00:00	5380.000	5396.000	5380.000	5394.500	78876	361397	500
2024.06.24	12:00:00	5394.500	5411.000	5393.000	5405.000	57649	264473	500
2024.06.24	13:00:00	5405.000	5411.000	5395.000	5396.000	46909	193901	500
2024.06.24	14:00:00	5396.000	5400.500	5386.000	5390.500	47217	192094	500
2024.06.24	15:00:00	5391.000	5396.000	5387.500	5393.500	33253	148684	500
2024.06.24	16:00:00	5393.500	5398.500	5391.000	5392.000	30064	133114	500
2024.06.24	17:00:00	5392.000	5397.000	5391.000	5396.500	17995	79352	500
2024.06.24	18:00:00	5396.500	5396.500	5391.000	5396.500	6106	21717	500
2024.06.25	09:00:00	5413.500	5422.500	5406.500	5422.500	159452	562208	500
2024.06.25	10:00:00	5422.500	5438.000	5408.500	5432.000	152219	574584	500
2024.06.25	11:00:00	5432.500	5443.000	5428.000	5434.500	103918	401938	500
2024.06.25	12:00:00	5434.000	5448.000	5431.500	5437.500	81473	341673	500
2024.06.25	13:00:00	5437.500	5452.000	5436.500	5450.500	54119	219286	500
2024.06.25	14:00:00	5450.500	5454.000	5444.500	5448.000	54840	214573	500
2024.06.25	15:00:00	5448.500	5454.000	5445.500	5451.500	34810	156294	500
2024.06.25	16:00:00	5452.000	5457.500	5450.000	5455.000	33030	135395	500
2024.06.25	17:00:00	5455.500	5455.500	5450.500	5452.500	23511	94075	500
2024.06.25	18:00:00	5452.000	5463.000	5451.500	5459.000	12718	41297	500
2024.06.26	09:00:00	5467.500	5513.500	5460.000	5511.000	253703	960868	500
2024.06.26	10:00:00	5511.000	5521.500	5507.000	5510.500	145785	631284	500
2024.06.26	11:00:00	5511.000	5512.000	5497.000	5505.500	108468	453704	500
2024.06.26	12:00:00	5505.000	5509.500	5495.500	5509.000	65355	272204	500
2024.06.26	13:00:00	5509.000	5518.500	5508.000	5515.500	54642	240715	500
2024.06.26	14:00:00	5515.000	5518.500	5510.000	5513.000	40106	175641	500
2024.06.26	15:00:00	5513.000	5523.500	5509.500	5522.000	43863	197435	500
2024.06.26	16:00:00	5522.500	5527.000	5514.000	5519.000	52566	257114	500
2024.06.26	17:00:00	5519.000	5522.000	5513.500	5519.500	23963	101604	500
2024.06.26	18:00:00	5520.000	5537.500	5518.000	5530.000	11674	49246	500
2024.06.27	09:00:00	5523.000	5524.500	5484.000	5504.500	198073	671098	500
2024.06.27	10:00:00	5504.500	5523.000	5503.500	5518.500	158281	555237	500
2024.06.27	11:00:00	5519.000	5530.000	5511.000	5528.500	124372	520484	500
2024.06.27	12:00:00	5529.000	5540.000	5526.500	5531.500	89767	424429	500
2024.06.27	13:00:00	5531.500	5536.500	5527.000	5529.500	39819	173216	500
2024.06.27	14:00:00	5529.500	5532.500	5512.500	5516.000	60523	283281	500
2024.06.27	15:00:00	5516.000	5532.000	5494.000	5496.500	96585	400770	500
2024.06.27	16:00:00	5496.500	5510.000	5493.000	5509.500	62390	262337	500
2024.06.27	17:00:00	5509.000	5510.000	5498.000	5503.500	27176	107986	500
2024.06.27	18:00:00	5503.000	5508.000	5500.500	5503.000	6351	21181	500
2024.06.28	09:00:00	5509.000	5556.000	5502.000	5556.000	194556	669081	500
2024.06.28	10:00:00	5556.000	5599.500	5555.000	5599.500	176866	763205	500
2024.06.28	11:00:00	5599.000	5604.500	5570.500	5575.500	136489	627631	500
2024.06.28	12:00:00	5576.000	5580.000	5559.000	5579.500	97975	458011	500
2024.06.28	13:00:00	5579.500	5595.500	5574.000	5588.000	63985	281677	500
2024.06.28	14:00:00	5588.500	5596.500	5579.000	5593.000	55642	221909	500
2024.06.28	15:00:00	5593.500	5618.000	5593.000	5604.000	79711	342373	500
2024.06.28	16:00:00	5604.000	5613.000	5599.500	5609.000	50510	211395	500
2024.06.28	17:00:00	5609.000	5618.500	5605.500	5611.500	35661	149265	500
2024.06.28	18:00:00	5611.500	5618.000	5611.000	5611.000	8680	36227	500
2024.07.01	09:00:00	5600.000	5623.000	5587.500	5611.000	215145	749452	500
2024.07.01	10:00:00	5611.000	5619.500	5584.500	5595.000	142682	507990	500
2024.07.01	11:00:00	5595.500	5612.000	5587.000	5607.500	112900	453066	500
2024.07.01	12:00:00	5607.000	5610.000	5590.500	5607.500	76345	317004	500
2024.07.01	13:00:00	5607.500	5626.000	5604.000	5621.500	61711	246031	500
2024.07.01	14:00:00	5621.500	5628.000	5614.500	5623.500	47642	174944	500
2024.07.01	15:00:00	5623.500	5647.500	5623.000	5647.500	82415	340444	500
2024.07.01	16:00:00	5647.500	5676.000	5646.500	5671.500	80467	403210	500
2024.07.01	17:00:00	5672.000	5683.000	5665.000	5679.500	48419	224180	500
2024.07.01	18:00:00	5679.000	5681.500	5670.000	5672.500	13649	47698	500
2024.07.02	09:00:00	5674.500	5676.000	5646.000	5667.000	177732	652071	500
2024.07.02	10:00:00	5666.500	5690.500	5661.000	5674.000	186969	731332	500
2024.07.02	11:00:00	5673.500	5703.000	5665.500	5680.000	189550	769819	500
2024.07.02	12:00:00	5679.500	5702.000	5678.500	5693.500	78118	330594	500
2024.07.02	13:00:00	5693.000	5716.500	5693.000	5712.000	72689	303824	500
2024.07.02	14:00:00	5712.000	5717.000	5706.000	5711.500	60763	257432	500
2024.07.02	15:00:00	5712.000	5715.500	5688.000	5689.500	72558	304483	500
2024.07.02	16:00:00	5689.000	5692.000	5662.500	5682.000	108468	458620	500
2024.07.02	17:00:00	5681.500	5697.500	5675.000	5694.000	44030	179653	500
2024.07.02	18:00:00	5693.500	5696.000	5684.500	5693.000	9363	30262	500
2024.07.03	09:00:00	5680.500	5685.500	5636.500	5637.500	174193	640665	500
2024.07.03	10:00:00	5637.500	5639.000	5594.000	5606.000	174995	726685	500
2024.07.03	11:00:00	5605.500	5605.500	5581.000	5591.500	149734	635952	500
2024.07.03	12:00:00	5591.500	5619.000	5587.500	5589.000	105676	455234	500
2024.07.03	13:00:00	5589.000	5592.500	5557.500	5559.000	94357	427923	500
2024.07.03	14:00:00	5559.000	5582.000	5558.500	5577.500	55558	222019	500
2024.07.03	15:00:00	5577.500	5589.500	5572.000	5573.000	59725	220684	500
2024.07.03	16:00:00	5573.000	5588.000	5573.000	5585.500	31316	119814	500
2024.07.03	17:00:00	5586.000	5586.500	5569.000	5574.000	31433	133966	500
2024.07.03	18:00:00	5574.500	5580.000	5568.000	5570.500	8552	31154	500
2024.07.04	09:00:00	5529.000	5532.000	5483.000	5485.500	202467	699071	500
2024.07.04	10:00:00	5485.500	5497.000	5483.500	5493.500	111816	414159	500
2024.07.04	11:00:00	5493.500	5511.500	5487.500	5511.000	99264	377211	500
2024.07.04	12:00:00	5511.500	5516.500	5501.000	5516.500	58313	239201	500
2024.07.04	13:00:00	5516.500	5520.000	5510.000	5510.500	37739	153806	500
2024.07.04	14:00:00	5511.000	5515.000	5497.500	5502.000	43029	152227	500
2024.07.04	15:00:00	5502.000	5518.000	5498.000	5507.000	47567	179844	500
2024.07.04	16:00:00	5507.000	5509.000	5498.500	5502.500	24782	117302	500
2024.07.04	17:00:00	5503.000	5507.000	5499.000	5507.000	15526	72471	500
2024.07.04	18:00:00	5506.500	5507.000	5498.000	5498.000	4899	20336	500
2024.07.05	09:00:00	5485.000	5521.000	5479.500	5515.000	242148	836336	500
2024.07.05	10:00:00	5515.000	5550.000	5506.000	5541.000	181500	648245	500
2024.07.05	11:00:00	5541.000	5543.000	5505.000	5505.500	120233	449453	500
2024.07.05	12:00:00	5505.500	5510.000	5493.000	5496.500	74467	280036	500
2024.07.05	13:00:00	5496.500	5502.500	5486.500	5499.000	59942	227856	500
2024.07.05	14:00:00	5499.000	5501.000	5478.500	5482.500	55918	218627	500
2024.07.05	15:00:00	5482.000	5487.000	5474.000	5475.500	56891	204091	500
2024.07.05	16:00:00	5475.000	5483.500	5471.500	5478.000	38945	151484	500
2024.07.05	17:00:00	5477.500	5485.000	5474.000	5475.500	24460	109961	500
2024.07.05	18:00:00	5475.000	5478.000	5471.500	5474.000	5378	19591	500
2024.07.08	09:00:00	5470.000	5496.000	5469.500	5488.000	146286	499967	500
2024.07.08	10:00:00	5488.500	5509.000	5487.500	5502.500	120557	431124	500
2024.07.08	11:00:00	5503.000	5509.000	5492.000	5492.500	110505	375570	500
2024.07.08	12:00:00	5492.500	5494.000	5472.000	5473.000	101678	400850	500
2024.07.08	13:00:00	5473.500	5481.500	5471.000	5479.500	40551	148141	500
2024.07.08	14:00:00	5479.500	5487.000	5475.500	5481.500	40252	142622	500
2024.07.08	15:00:00	5481.500	5492.500	5479.500	5490.500	35563	135061	500
2024.07.08	16:00:00	5490.500	5494.000	5486.000	5491.500	30729	123120	500
2024.07.08	17:00:00	5491.000	5492.000	5484.000	5484.500	15704	64768	500
2024.07.08	18:00:00	5485.000	5488.000	5483.500	5487.000	4643	20952	500
2024.07.09	09:00:00	5487.000	5492.000	5463.500	5469.500	151231	516729	500
2024.07.09	10:00:00	5469.500	5470.000	5447.500	5450.500	134224	497825	500
2024.07.09	11:00:00	5450.500	5463.500	5446.500	5452.500	96408	395179	500
2024.07.09	12:00:00	5453.000	5462.000	5444.000	5445.500	62450	263980	500
2024.07.09	13:00:00	5445.500	5446.000	5432.000	5439.000	57150	249699	500
2024.07.09	14:00:00	5439.000	5439.500	5428.000	5433.000	43619	178714	500
2024.07.09	15:00:00	5433.000	5433.500	5427.000	5430.000	27561	112068	500
2024.07.09	16:00:00	5429.500	5433.500	5427.500	5428.000	21616	97996	500
2024.07.09	17:00:00	5428.000	5438.000	5424.000	5436.500	27131	112705	500
2024.07.09	18:00:00	5437.000	5437.500	5430.500	5431.500	5879	23540	500
2024.07.10	09:00:00	5419.000	5429.500	5384.000	5389.000	225462	861898	500
2024.07.10	10:00:00	5389.500	5415.000	5388.500	5413.500	125123	506717	500
2024.07.10	11:00:00	5413.000	5417.000	5403.000	5411.500	94303	375577	500
2024.07.10	12:00:00	5411.500	5418.000	5409.500	5415.500	37124	144152	500
2024.07.10	13:00:00	5415.500	5434.500	5412.000	5433.000	61418	273965	500
2024.07.10	14:00:00	5433.500	5439.000	5423.000	5428.500	69399	323553	500
2024.07.10	15:00:00	5428.500	5430.000	5418.500	5423.500	45349	194163	500
2024.07.10	16:00:00	5424.000	5427.500	5421.500	5425.000	26131	108822	500
2024.07.10	17:00:00	5425.000	5434.000	5423.000	5428.000	22959	102589	500
2024.07.10	18:00:00	5428.500	5431.000	5426.000	5429.000	4844	22289	500
2024.07.11	09:00:00	5420.500	5435.500	5383.000	5417.000	234018	806420	500
2024.07.11	10:00:00	5417.500	5433.000	5393.500	5420.000	191924	711898	500
2024.07.11	11:00:00	5420.500	5446.500	5408.000	5436.500	148101	604775	500
2024.07.11	12:00:00	5437.000	5447.500	5433.500	5440.000	67586	277847	500
2024.07.11	13:00:00	5440.500	5466.500	5438.000	5457.000	73893	328653	500
2024.07.11	14:00:00	5456.500	5464.000	5447.000	5454.500	60969	266265	500
2024.07.11	15:00:00	5454.500	5458.000	5449.000	5450.000	38388	166255	500
2024.07.11	16:00:00	5450.500	5458.000	5449.500	5454.500	21711	93622	500
2024.07.11	17:00:00	5455.000	5461.500	5451.000	5451.500	20795	92651	500
2024.07.11	18:00:00	5452.000	5456.000	5446.000	5451.000	6440	21899	500
2024.07.12	09:00:00	5437.000	5447.500	5427.000	5445.500	182347	607478	500
2024.07.12	10:00:00	5445.000	5477.500	5441.000	5472.000	181030	631938	500
2024.07.12	11:00:00	5472.000	5475.000	5456.000	5472.000	106512	394593	500
2024.07.12	12:00:00	5472.000	5473.500	5463.000	5468.500	45664	180366	500
2024.07.12	13:00:00	5468.500	5470.000	5447.000	5447.000	48757	224544	500
2024.07.12	14:00:00	5447.500	5452.000	5433.500	5436.500	44331	186660	500
2024.07.12	15:00:00	5436.500	5450.000	5433.000	5443.000	53387	220436	500
2024.07.12	16:00:00	5443.000	5446.000	5441.000	5442.000	21318	87435	500
2024.07.12	17:00:00	5442.000	5443.500	5439.000	5441.000	11949	53760	500
2024.07.12	18:00:00	5441.500	5443.000	5439.500	5440.500	3406	14343	500
2024.07.15	09:00:00	5465.000	5488.000	5449.500	5479.500	162992	547928	500
2024.07.15	10:00:00	5479.500	5483.500	5463.500	5474.500	157834	508143	500
2024.07.15	11:00:00	5474.500	5481.000	5459.000	5464.000	88897	331917	500
2024.07.15	12:00:00	5464.000	5465.500	5446.500	5450.500	51186	193312	500
2024.07.15	13:00:00	5450.500	5463.500	5440.000	5459.500	73145	300070	500
2024.07.15	14:00:00	5459.500	5470.000	5459.000	5462.500	56012	213097	500
2024.07.15	15:00:00	5462.000	5465.000	5449.500	5453.000	42868	160815	500
2024.07.15	16:00:00	5453.000	5457.500	5450.500	5456.500	28513	108397	500
2024.07.15	17:00:00	5456.500	5457.000	5452.000	5456.500	13015	52999	500
2024.07.15	18:00:00	5457.000	5460.000	5455.500	5460.000	4946	17001	500
2024.07.16	09:00:00	5446.500	5450.500	5430.500	5445.000	201227	666962	500
2024.07.16	10:00:00	5445.500	5447.000	5415.000	5422.500	169974	609574	500
2024.07.16	11:00:00	5423.000	5436.500	5421.500	5427.000	92911	342204	500
2024.07.16	12:00:00	5426.500	5470.000	5422.500	5466.000	104380	450521	500
2024.07.16	13:00:00	5466.000	5472.000	5456.500	5460.000	77198	318527	500
2024.07.16	14:00:00	5459.500	5465.000	5438.500	5441.500	79553	340215	500
2024.07.16	15:00:00	5441.500	5442.000	5431.500	5438.500	44829	187803	500
2024.07.16	16:00:00	5438.500	5443.500	5435.000	5438.500	32357	140368	500
2024.07.16	17:00:00	5438.000	5442.000	5437.500	5438.000	11723	51607	500
2024.07.16	18:00:00	5438.000	5442.500	5433.500	5434.000	4290	15693	500
2024.07.17	09:00:00	5450.000	5464.500	5443.000	5463.000	155072	534183	500
2024.07.17	10:00:00	5463.000	5484.000	5462.500	5475.000	164979	654141	500
2024.07.17	11:00:00	5475.500	5484.500	5467.500	5472.500	104383	420584	500
2024.07.17	12:00:00	5472.500	5488.500	5469.500	5485.000	67823	280135	500
2024.07.17	13:00:00	5485.000	5495.500	5483.500	5489.000	57441	264201	500
2024.07.17	14:00:00	5488.500	5491.000	5480.500	5483.500	50586	201978	500
2024.07.17	15:00:00	5483.500	5495.500	5479.000	5495.500	51886	239635	500
2024.07.17	16:00:00	5496.000	5496.000	5489.500	5493.000	28963	116055	500
2024.07.17	17:00:00	5492.500	5493.000	5486.500	5491.000	22919	115518	500
2024.07.17	18:00:00	5490.000	5499.000	5489.500	5498.500	8825	40247	500
2024.07.18	09:00:00	5492.500	5547.500	5489.000	5544.500	209033	775765	500
2024.07.18	10:00:00	5544.500	5557.000	5541.000	5545.000	145714	544427	500
2024.07.18	11:00:00	5544.500	5561.000	5541.000	5553.000	111763	427245	500
2024.07.18	12:00:00	5553.000	5557.500	5547.000	5549.000	47245	186911	500
2024.07.18	13:00:00	5548.500	5577.500	5546.000	5572.000	76529	341612	500
2024.07.18	14:00:00	5572.000	5580.000	5571.000	5575.500	54264	231020	500
2024.07.18	15:00:00	5576.000	5595.000	5575.500	5584.500	82297	378143	500
2024.07.18	16:00:00	5584.500	5598.000	5582.500	5598.000	41685	181885	500
2024.07.18	17:00:00	5598.000	5598.000	5546.500	5555.500	68457	313050	500
2024.07.18	18:00:00	5555.000	5567.500	5549.000	5558.500	17497	56799	500
2024.07.19	09:00:00	5548.000	5561.000	5529.500	5556.000	129734	449909	500
2024.07.19	10:00:00	5556.000	5577.500	5540.500	5551.000	118157	441011	500
2024.07.19	11:00:00	5551.000	5566.500	5542.000	5557.500	70274	272674	500
2024.07.19	12:00:00	5558.000	5582.000	5557.500	5565.000	55339	228376	500
2024.07.19	13:00:00	5565.000	5591.000	5562.500	5586.000	65015	270554	500
2024.07.19	14:00:00	5585.500	5589.000	5577.000	5586.000	62710	243808	500
2024.07.19	15:00:00	5585.500	5608.500	5585.500	5606.500	63435	270911	500
2024.07.19	16:00:00	5606.500	5615.000	5600.500	5611.500	45870	185385	500
2024.07.19	17:00:00	5611.500	5617.000	5603.000	5604.000	28449	120979	500
2024.07.19	18:00:00	5604.000	5621.500	5602.000	5619.000	11609	39624	500
2024.07.22	09:00:00	5600.000	5617.500	5577.000	5579.000	223397	738422	500
2024.07.22	10:00:00	5579.500	5583.500	5565.000	5567.500	135834	480016	500
2024.07.22	11:00:00	5568.000	5575.000	5555.500	5560.000	104407	391530	500
2024.07.22	12:00:00	5560.000	5567.500	5553.000	5555.500	73399	296582	500
2024.07.22	13:00:00	5555.000	5559.500	5542.000	5553.500	69977	292149	500
2024.07.22	14:00:00	5553.500	5561.500	5550.500	5560.500	44183	174222	500
2024.07.22	15:00:00	5560.000	5580.500	5559.000	5576.000	67958	278964	500
2024.07.22	16:00:00	5576.000	5581.500	5572.000	5575.500	43530	179829	500
2024.07.22	17:00:00	5575.000	5585.000	5571.500	5584.500	22582	96354	500
2024.07.22	18:00:00	5585.000	5585.000	5575.000	5578.500	6871	26609	500
2024.07.23	09:00:00	5589.500	5613.000	5582.000	5595.000	205088	734223	500
2024.07.23	10:00:00	5595.500	5608.500	5587.000	5598.500	167311	607031	500
2024.07.23	11:00:00	5598.500	5600.000	5564.000	5570.500	164197	670106	500
2024.07.23	12:00:00	5571.000	5583.500	5568.500	5574.000	75374	329028	500
2024.07.23	13:00:00	5574.000	5594.500	5572.500	5584.500	69841	296826	500
2024.07.23	14:00:00	5584.500	5602.500	5576.500	5601.500	79681	331262	500
2024.07.23	15:00:00	5601.000	5603.000	5593.000	5598.000	47366	214289	500
2024.07.23	16:00:00	5598.000	5602.000	5591.000	5592.500	28928	129366	500
2024.07.23	17:00:00	5592.500	5596.500	5590.500	5592.500	20139	87565	500
2024.07.23	18:00:00	5593.000	5597.500	5592.000	5593.000	6894	25087	500
2024.07.24	09:00:00	5605.000	5643.500	5602.000	5632.500	202858	685409	500
2024.07.24	10:00:00	5632.500	5653.000	5630.500	5645.000	165556	624530	500
2024.07.24	11:00:00	5645.000	5647.000	5620.000	5622.000	125207	458340	500
2024.07.24	12:00:00	5621.500	5641.000	5609.000	5640.500	111890	433920	500
2024.07.24	13:00:00	5640.500	5648.000	5623.500	5632.000	81457	309544	500
2024.07.24	14:00:00	5631.500	5642.000	5625.500	5641.000	65246	252201	500
2024.07.24	15:00:00	5641.000	5666.000	5641.000	5663.500	89866	382402	500
2024.07.24	16:00:00	5663.500	5664.500	5656.000	5661.000	37165	144872	500
2024.07.24	17:00:00	5661.000	5663.500	5657.500	5658.500	19494	82860	500
2024.07.24	18:00:00	5659.000	5663.500	5657.500	5659.000	6989	28794	500
2024.07.25	09:00:00	5691.000	5699.500	5639.000	5644.500	258697	916541	500
2024.07.25	10:00:00	5645.000	5657.000	5636.500	5655.500	170413	595921	500
2024.07.25	11:00:00	5655.500	5668.000	5644.500	5647.500	153303	550869	500
2024.07.25	12:00:00	5647.000	5650.500	5630.000	5630.500	70327	267880	500
2024.07.25	13:00:00	5630.000	5639.500	5623.500	5629.500	65718	248724	500
2024.07.25	14:00:00	5629.500	5648.500	5627.000	5639.500	78750	311086	500
2024.07.25	15:00:00	5639.500	5659.000	5634.500	5654.500	84029	335238	500
2024.07.25	16:00:00	5655.000	5655.000	5642.500	5652.500	42726	161045	500
2024.07.25	17:00:00	5652.000	5658.000	5645.500	5650.000	22722	87812	500
2024.07.25	18:00:00	5650.000	5651.500	5640.000	5640.500	5607	22584	500
2024.07.26	09:00:00	5620.500	5655.000	5619.500	5630.000	213621	766679	500
2024.07.26	10:00:00	5630.000	5654.500	5626.000	5643.500	173592	646903	500
2024.07.26	11:00:00	5644.000	5662.000	5634.000	5660.000	146280	581856	500
2024.07.26	12:00:00	5660.000	5669.500	5652.500	5660.000	80803	330439	500
2024.07.26	13:00:00	5660.000	5665.000	5656.500	5657.500	44204	169681	500
2024.07.26	14:00:00	5657.500	5676.000	5655.500	5671.500	68772	287220	500
2024.07.26	15:00:00	5671.500	5672.000	5661.500	5670.500	45119	185736	500
2024.07.26	16:00:00	5670.500	5671.000	5660.500	5661.000	34099	162864	500
2024.07.26	17:00:00	5661.000	5662.500	5655.500	5659.500	24917	126434	500
2024.07.26	18:00:00	5659.000	5671.000	5656.000	5669.000	8228	34193	500
2024.07.29	09:00:00	5666.500	5667.000	5635.000	5649.000	166156	592236	500
2024.07.29	10:00:00	5648.500	5654.000	5636.500	5649.500	158063	539282	500
2024.07.29	11:00:00	5649.000	5667.500	5645.000	5665.500	105794	428756	500
2024.07.29	12:00:00	5665.000	5671.000	5654.000	5655.000	81434	351082	500
2024.07.29	13:00:00	5655.000	5656.000	5635.500	5644.000	74839	318916	500
2024.07.29	14:00:00	5643.500	5652.000	5630.500	5633.500	66504	284051	500
2024.07.29	15:00:00	5633.500	5638.000	5628.500	5635.000	46420	195778	500
2024.07.29	16:00:00	5635.500	5635.500	5626.000	5627.500	29584	121414	500
2024.07.29	17:00:00	5628.000	5629.000	5616.500	5619.500	25461	107971	500
2024.07.29	18:00:00	5619.500	5620.000	5615.000	5616.000	6109	24250	500
2024.07.30	09:00:00	5617.000	5658.500	5613.000	5657.500	157455	544842	500
2024.07.30	10:00:00	5657.500	5664.500	5643.500	5655.500	161229	604999	500
2024.07.30	11:00:00	5655.500	5663.000	5633.000	5641.000	147470	553282	500
2024.07.30	12:00:00	5641.500	5657.000	5636.000	5656.500	81231	316364	500
2024.07.30	13:00:00	5656.500	5657.000	5646.000	5650.000	47510	196787	500
2024.07.30	14:00:00	5649.500	5650.500	5624.500	5625.500	64473	280740	500
2024.07.30	15:00:00	5625.500	5629.500	5622.500	5626.500	45540	161006	500
2024.07.30	16:00:00	5626.000	5630.500	5618.500	5620.000	32586	151744	500
2024.07.30	17:00:00	5620.000	5622.000	5612.500	5614.000	25891	101142	500
2024.07.30	18:00:00	5614.500	5616.500	5610.000	5611.500	6990	30625	500
2024.07.31	09:00:00	5627.000	5692.500	5621.500	5692.000	248066	865346	500
2024.07.31	10:00:00	5691.500	5702.000	5659.000	5668.500	207188	799904	500
2024.07.31	11:00:00	5669.000	5676.500	5648.000	5672.000	137490	545561	500
2024.07.31	12:00:00	5672.500	5682.500	5660.000	5681.000	87669	396758	500
2024.07.31	13:00:00	5681.000	5682.000	5664.000	5668.500	65806	276138	500
2024.07.31	14:00:00	5669.000	5695.000	5665.500	5677.500	60457	216847	500
2024.07.31	15:00:00	5677.500	5686.500	5646.000	5654.500	123800	469728	500
2024.07.31	16:00:00	5654.500	5683.500	5651.000	5673.000	90247	356702	500
2024.07.31	17:00:00	5673.500	5676.000	5662.500	5668.500	31561	125980	500
2024.07.31	18:00:00	5668.500	5680.000	5667.500	5677.500	6796	26679	500
2024.08.01	09:00:00	5690.500	5713.000	5679.500	5689.000	276417	914754	500
2024.08.01	10:00:00	5689.000	5695.000	5657.500	5660.500	182562	659444	500
2024.08.01	11:00:00	5660.000	5689.000	5651.000	5683.500	147406	566270	500
2024.08.01	12:00:00	5683.500	5714.500	5678.000	5713.000	101430	384245	500
2024.08.01	13:00:00	5713.000	5752.000	5712.500	5740.500	134356	579887	500
2024.08.01	14:00:00	5740.000	5755.000	5734.500	5742.000	92873	390344	500
2024.08.01	15:00:00	5742.000	5762.000	5741.500	5761.000	78732	334737	500
2024.08.01	16:00:00	5761.000	5762.000	5750.000	5754.000	49676	210356	500
2024.08.01	17:00:00	5754.000	5770.500	5752.500	5766.000	52079	221303	500
2024.08.01	18:00:00	5765.000	5774.000	5764.500	5770.500	10885	46367	500
2024.08.02	09:00:00	5778.000	5811.500	5759.000	5772.500	334654	1115189	500
2024.08.02	10:00:00	5772.500	5777.000	5723.000	5735.000	282999	1022512	500
2024.08.02	11:00:00	5735.000	5767.500	5728.000	5766.500	163819	605463	500
2024.08.02	12:00:00	5766.500	5771.500	5750.500	5754.500	107207	382416	500
2024.08.02	13:00:00	5755.000	5758.500	5731.000	5731.500	81269	296446	500
2024.08.02	14:00:00	5731.500	5739.000	5716.500	5734.500	90683	333266	500
2024.08.02	15:00:00	5734.500	5746.000	5722.000	5745.000	82445	304659	500
2024.08.02	16:00:00	5745.500	5745.500	5726.000	5727.500	48698	172311	500
2024.08.02	17:00:00	5728.000	5747.500	5725.500	5746.500	28615	109099	500
2024.08.02	18:00:00	5746.000	5749.500	5741.500	5749.000	6587	26090	500
2024.08.05	09:00:00	5880.000	5883.000	5791.000	5794.500	400363	1124048	500
2024.08.05	10:00:00	5795.000	5824.500	5778.500	5819.500	236818	720615	500
2024.08.05	11:00:00	5819.000	5823.000	5787.500	5791.500	192232	643671	500
2024.08.05	12:00:00	5792.000	5795.000	5761.000	5767.500	125381	444958	500
2024.08.05	13:00:00	5767.500	5772.000	5747.000	5765.500	102395	358113	500
2024.08.05	14:00:00	5766.000	5767.000	5730.000	5743.000	110089	380653	500
2024.08.05	15:00:00	5742.500	5758.000	5733.500	5757.000	87200	302998	500
2024.08.05	16:00:00	5757.000	5758.500	5747.500	5756.000	46604	152389	500
2024.08.05	17:00:00	5756.500	5759.000	5734.000	5742.000	38138	130168	500
2024.08.05	18:00:00	5742.000	5744.000	5732.000	5736.000	7697	27215	500
2024.08.06	09:00:00	5728.500	5729.500	5675.000	5687.000	302890	1029147	500
2024.08.06	10:00:00	5687.000	5696.500	5662.000	5679.000	252260	937784	500
2024.08.06	11:00:00	5679.000	5689.500	5666.500	5680.500	166655	638161	500
2024.08.06	12:00:00	5681.000	5690.500	5655.500	5658.000	113674	418236	500
2024.08.06	13:00:00	5657.500	5667.000	5646.500	5665.000	94835	385265	500
2024.08.06	14:00:00	5664.500	5670.000	5655.000	5663.500	75215	294131	500
2024.08.06	15:00:00	5663.500	5669.000	5656.500	5667.500	56044	220497	500
2024.08.06	16:00:00	5668.000	5678.000	5662.500	5675.000	56153	211978	500
2024.08.06	17:00:00	5674.500	5680.000	5670.000	5678.500	26098	104444	500
2024.08.06	18:00:00	5678.500	5679.000	5670.000	5672.500	8593	33500	500
2024.08.07	09:00:00	5632.000	5655.000	5622.500	5639.000	268367	872843	500
2024.08.07	10:00:00	5639.000	5639.500	5611.500	5618.000	194315	677014	500
2024.08.07	11:00:00	5617.500	5641.500	5616.500	5626.500	131020	482761	500
2024.08.07	12:00:00	5626.500	5627.500	5611.500	5615.000	88556	337349	500
2024.08.07	13:00:00	5615.000	5631.500	5614.500	5626.000	60302	228329	500
2024.08.07	14:00:00	5626.500	5632.500	5616.000	5626.500	72690	274687	500
2024.08.07	15:00:00	5626.500	5647.000	5626.000	5639.500	84959	318141	500
2024.08.07	16:00:00	5639.500	5642.500	5635.000	5638.000	43670	146758	500
2024.08.07	17:00:00	5637.500	5650.000	5637.500	5649.500	29478	110424	500
2024.08.07	18:00:00	5649.000	5654.000	5647.500	5654.000	5649	27302	500
2024.08.08	09:00:00	5646.000	5670.000	5639.000	5663.500	261548	834072	500
2024.08.08	10:00:00	5663.500	5664.000	5631.500	5631.500	221859	792100	500
2024.08.08	11:00:00	5632.000	5637.000	5616.500	5623.000	130104	502850	500
2024.08.08	12:00:00	5623.500	5631.000	5613.500	5616.000	83186	339598	500
2024.08.08	13:00:00	5616.000	5616.500	5599.000	5604.500	73223	306282	500
2024.08.08	14:00:00	5604.000	5610.000	5594.000	5602.000	60801	233607	500
2024.08.08	15:00:00	5602.000	5606.500	5578.000	5584.000	77325	318062	500
2024.08.08	16:00:00	5584.000	5591.000	5582.000	5587.500	42354	163189	500
2024.08.08	17:00:00	5587.500	5590.500	5558.000	5563.500	52594	202583	500
2024.08.08	18:00:00	5564.000	5568.000	5546.000	5547.500	13224	55991	500
2024.08.09	09:00:00	5548.000	5567.500	5517.500	5527.500	261597	862060	500
2024.08.09	10:00:00	5527.500	5546.000	5517.500	5530.500	178262	675450	500
2024.08.09	11:00:00	5530.500	5538.000	5505.500	5508.500	150575	605852	500
2024.08.09	12:00:00	5509.000	5525.500	5506.500	5523.500	80012	328529	500
2024.08.09	13:00:00	5523.500	5527.500	5515.500	5522.000	39209	161856	500
2024.08.09	14:00:00	5522.000	5525.000	5504.000	5521.000	73917	288561	500
2024.08.09	15:00:00	5521.000	5533.000	5516.500	5521.000	62317	261398	500
2024.08.09	16:00:00	5521.500	5532.000	5520.000	5527.500	36763	155553	500
2024.08.09	17:00:00	5528.000	5529.000	5515.500	5520.000	24952	114884	500
2024.08.09	18:00:00	5520.500	5524.000	5518.000	5521.000	5866	24065	500
2024.08.12	09:00:00	5519.500	5520.000	5492.500	5499.500	215623	709109	500
2024.08.12	10:00:00	5499.500	5514.000	5483.500	5510.500	210254	735725	500
2024.08.12	11:00:00	5511.000	5512.000	5489.500	5496.000	130537	487153	500
2024.08.12	12:00:00	5495.500	5535.500	5494.500	5518.000	119202	473056	500
2024.08.12	13:00:00	5518.000	5528.000	5503.000	5508.500	79265	334226	500
2024.08.12	14:00:00	5509.000	5529.500	5508.500	5519.000	68580	276827	500
2024.08.12	15:00:00	5519.500	5525.500	5509.500	5510.500	54155	201974	500
2024.08.12	16:00:00	5510.500	5519.500	5508.500	5510.000	38006	138805	500
2024.08.12	17:00:00	5510.000	5515.500	5504.000	5512.000	25161	103890	500
2024.08.12	18:00:00	5512.000	5516.000	5502.000	5506.000	7226	26305	500
2024.08.13	09:00:00	5484.000	5508.000	5477.000	5497.500	226815	817575	500
2024.08.13	10:00:00	5498.000	5513.500	5492.000	5502.500	181140	713199	500
2024.08.13	11:00:00	5502.500	5510.500	5488.000	5496.500	122322	517597	500
2024.08.13	12:00:00	5497.000	5503.000	5491.000	5498.500	51829	206968	500
2024.08.13	13:00:00	5498.500	5500.000	5480.500	5481.000	43962	193310	500
2024.08.13	14:00:00	5480.500	5489.000	5467.500	5474.000	82238	360012	500
2024.08.13	15:00:00	5474.000	5475.500	5464.500	5468.000	45392	170032	500
2024.08.13	16:00:00	5468.000	5470.000	5458.500	5459.500	43856	211898	500
2024.08.13	17:00:00	5459.500	5468.000	5458.000	5465.500	23360	93959	500
2024.08.13	18:00:00	5465.500	5469.000	5460.500	5468.000	6036	24331	500
2024.08.14	09:00:00	5457.000	5470.000	5436.500	5455.500	244340	811405	500
2024.08.14	10:00:00	5455.500	5474.500	5453.000	5459.000	188476	704842	500
2024.08.14	11:00:00	5458.500	5464.000	5442.500	5450.500	122220	456993	500
2024.08.14	12:00:00	5451.000	5469.000	5447.500	5467.500	68433	263449	500
2024.08.14	13:00:00	5467.500	5489.500	5465.500	5485.000	85731	340616	500
2024.08.14	14:00:00	5485.000	5497.000	5481.000	5482.500	64855	244689	500
2024.08.14	15:00:00	5483.000	5489.500	5474.000	5478.500	47041	199945	500
2024.08.14	16:00:00	5479.000	5485.000	5476.000	5479.000	33123	136865	500
2024.08.14	17:00:00	5479.000	5484.500	5478.000	5483.000	22004	94251	500
2024.08.14	18:00:00	5483.000	5485.500	5478.500	5479.000	5946	25647	500
2024.08.15	09:00:00	5478.500	5497.000	5463.000	5476.500	211277	772617	500
2024.08.15	10:00:00	5476.500	5494.500	5463.000	5465.000	161270	587316	500
2024.08.15	11:00:00	5465.500	5485.500	5465.000	5483.000	95462	348566	500
2024.08.15	12:00:00	5483.000	5483.500	5460.500	5471.500	69189	265229	500
2024.08.15	13:00:00	5472.000	5478.500	5465.500	5476.000	37738	143614	500
2024.08.15	14:00:00	5476.000	5492.000	5475.500	5491.500	57975	235257	500
2024.08.15	15:00:00	5491.500	5505.000	5487.500	5493.000	69157	286568	500
2024.08.15	16:00:00	5493.000	5498.000	5491.500	5493.500	24714	93429	500
2024.08.15	17:00:00	5493.500	5498.000	5491.500	5493.500	18246	76525	500
2024.08.15	18:00:00	5493.500	5497.500	5490.000	5495.500	6953	32601	500
2024.08.16	09:00:00	5486.000	5493.000	5446.000	5450.500	198744	718385	500
2024.08.16	10:00:00	5450.500	5470.500	5445.500	5463.500	129503	477536	500
2024.08.16	11:00:00	5464.000	5495.000	5461.500	5489.000	132834	515253	500
2024.08.16	12:00:00	5488.500	5492.000	5483.000	5485.000	45582	193506	500
2024.08.16	13:00:00	5484.500	5485.500	5473.000	5478.000	45416	197565	500
2024.08.16	14:00:00	5478.000	5490.000	5476.500	5481.500	45929	176183	500
2024.08.16	15:00:00	5481.500	5490.000	5476.000	5478.000	40020	168014	500
2024.08.16	16:00:00	5478.000	5483.500	5474.000	5475.000	30463	133479	500
2024.08.16	17:00:00	5475.500	5485.500	5474.500	5484.000	19654	80895	500
2024.08.16	18:00:00	5484.000	5485.000	5480.000	5484.500	4994	23143	500
2024.08.19	09:00:00	5480.000	5481.500	5458.000	5464.500	166142	572137	500
2024.08.19	10:00:00	5464.500	5465.500	5435.500	5438.500	182071	670911	500
2024.08.19	11:00:00	5438.500	5443.500	5412.500	5419.000	138974	567456	500
2024.08.19	12:00:00	5419.000	5426.500	5409.500	5413.500	70226	313844	500
2024.08.19	13:00:00	5413.000	5430.000	5409.000	5411.500	71324	277374	500
2024.08.19	14:00:00	5411.500	5412.500	5391.000	5394.500	90150	382401	500
2024.08.19	15:00:00	5395.000	5415.000	5384.000	5412.500	78270	351177	500
2024.08.19	16:00:00	5412.000	5422.500	5411.000	5421.500	44656	202280	500
2024.08.19	17:00:00	5421.500	5423.500	5417.000	5420.500	20980	91487	500
2024.08.19	18:00:00	5420.000	5421.000	5413.000	5414.500	7929	39697	500
2024.08.20	09:00:00	5446.000	5469.000	5440.500	5450.500	233081	841206	500
2024.08.20	10:00:00	5450.500	5464.000	5443.000	5445.000	158152	558286	500
2024.08.20	11:00:00	5445.000	5476.000	5443.500	5468.000	129802	514606	500
2024.08.20	12:00:00	5468.500	5483.000	5468.500	5479.500	71904	296239	500
2024.08.20	13:00:00	5479.500	5489.000	5477.000	5487.500	60334	243877	500
2024.08.20	14:00:00	5487.500	5499.000	5485.500	5493.000	64297	279249	500
2024.08.20	15:00:00	5493.000	5499.000	5484.500	5489.500	64145	260110	500
2024.08.20	16:00:00	5489.500	5493.000	5472.500	5493.000	63037	280003	500
2024.08.20	17:00:00	5492.500	5493.000	5482.000	5484.000	28978	129908	500
2024.08.20	18:00:00	5484.000	5492.000	5483.000	5485.000	9549	36854	500
2024.08.21	09:00:00	5478.500	5491.000	5464.000	5479.500	190650	614596	500
2024.08.21	10:00:00	5479.000	5486.000	5466.500	5476.000	167142	584861	500
2024.08.21	11:00:00	5475.500	5488.000	5465.000	5482.500	162735	575250	500
2024.08.21	12:00:00	5482.500	5485.000	5468.000	5480.500	72828	276092	500
2024.08.21	13:00:00	5480.500	5501.000	5477.000	5497.500	63340	247769	500
2024.08.21	14:00:00	5497.500	5516.000	5497.500	5507.000	89664	354369	500
2024.08.21	15:00:00	5507.000	5508.500	5481.000	5482.500	102989	427586	500
2024.08.21	16:00:00	5482.000	5489.500	5476.000	5487.500	37482	156438	500
2024.08.21	17:00:00	5487.500	5498.000	5486.000	5491.500	24219	103670	500
2024.08.21	18:00:00	5492.000	5494.000	5484.000	5484.000	6077	21994	500
2024.08.22	09:00:00	5490.000	5551.500	5485.500	5550.000	231407	822823	500
2024.08.22	10:00:00	5549.500	5565.000	5535.500	5552.500	177786	692727	500
2024.08.22	11:00:00	5552.000	5569.500	5545.500	5559.500	128513	494702	500
2024.08.22	12:00:00	5559.500	5580.500	5555.000	5574.500	86088	365113	500
2024.08.22	13:00:00	5574.500	5587.500	5574.000	5574.500	56002	230596	500
2024.08.22	14:00:00	5575.000	5586.500	5553.500	5584.000	110612	436135	500
2024.08.22	15:00:00	5584.000	5603.000	5577.000	5600.000	108782	428350	500
2024.08.22	16:00:00	5600.000	5601.000	5591.000	5596.000	38191	153906	500
2024.08.22	17:00:00	5596.000	5599.000	5585.000	5592.000	39601	157042	500
2024.08.22	18:00:00	5591.000	5614.000	5590.000	5606.500	7982	33634	500
2024.08.23	09:00:00	5589.000	5589.000	5563.000	5571.500	194621	626315	500
2024.08.23	10:00:00	5571.500	5577.500	5554.500	5559.000	135801	472603	500
2024.08.23	11:00:00	5559.000	5561.500	5496.000	5505.500	238166	889588	500
2024.08.23	12:00:00	5505.500	5520.500	5497.500	5517.000	78555	313860	500
2024.08.23	13:00:00	5517.500	5517.500	5488.000	5498.000	70134	262442	500
2024.08.23	14:00:00	5498.500	5511.500	5495.000	5497.000	59419	230833	500
2024.08.23	15:00:00	5497.000	5500.500	5484.000	5485.000	55233	208972	500
2024.08.23	16:00:00	5485.000	5489.500	5479.500	5484.500	43258	173418	500
2024.08.23	17:00:00	5485.000	5496.500	5484.000	5492.500	28468	110487	500
2024.08.23	18:00:00	5492.500	5493.000	5481.000	5484.500	5573	25566	500
2024.08.26	09:00:00	5496.500	5504.500	5474.500	5490.500	213192	665349	500
2024.08.26	10:00:00	5490.500	5508.500	5482.000	5488.000	171472	579414	500
2024.08.26	11:00:00	5488.500	5503.500	5484.500	5499.500	113622	392552	500
2024.08.26	12:00:00	5499.000	5517.000	5495.500	5503.000	85737	307176	500
2024.08.26	13:00:00	5503.000	5505.000	5488.500	5496.000	49936	177842	500
2024.08.26	14:00:00	5496.000	5496.000	5480.500	5486.000	65146	248403	500
2024.08.26	15:00:00	5486.000	5492.000	5478.500	5488.500	53871	211230	500
2024.08.26	16:00:00	5489.000	5496.000	5483.500	5495.000	32327	130360	500
2024.08.26	17:00:00	5495.500	5506.500	5494.500	5500.500	34902	131731	500
2024.08.26	18:00:00	5500.000	5504.500	5497.500	5500.000	7028	27401	500
2024.08.27	09:00:00	5484.000	5513.500	5479.000	5493.500	222645	693171	500
2024.08.27	10:00:00	5493.000	5507.000	5490.500	5498.500	151923	502203	500
2024.08.27	11:00:00	5498.500	5501.500	5487.000	5498.500	93284	349132	500
2024.08.27	12:00:00	5499.000	5522.000	5491.500	5507.500	90001	356728	500
2024.08.27	13:00:00	5507.500	5513.000	5500.500	5506.500	54622	185523	500
2024.08.27	14:00:00	5506.500	5516.500	5500.500	5502.000	58861	194347	500
2024.08.27	15:00:00	5502.000	5507.000	5496.500	5503.500	44751	155478	500
2024.08.27	16:00:00	5503.500	5507.500	5501.000	5505.500	21533	82231	500
2024.08.27	17:00:00	5505.000	5520.000	5504.500	5512.000	35930	126555	500
2024.08.27	18:00:00	5512.000	5517.500	5508.000	5512.500	7642	33759	500
2024.08.28	09:00:00	5513.500	5547.500	5513.000	5542.000	193963	601781	500
2024.08.28	10:00:00	5542.000	5542.000	5522.000	5532.000	166884	578816	500
2024.08.28	11:00:00	5532.000	5537.000	5516.000	5527.500	113241	402600	500
2024.08.28	12:00:00	5528.000	5546.000	5522.500	5537.500	84389	310296	500
2024.08.28	13:00:00	5538.000	5554.000	5536.500	5543.000	69534	249010	500
2024.08.28	14:00:00	5543.500	5551.500	5539.000	5545.500	60269	192478	500
2024.08.28	15:00:00	5545.000	5556.000	5532.000	5549.500	81075	285732	500
2024.08.28	16:00:00	5550.000	5566.000	5547.500	5557.000	58528	203647	500
2024.08.28	17:00:00	5556.500	5572.000	5554.500	5567.000	39736	148739	500
2024.08.28	18:00:00	5567.000	5571.000	5564.000	5566.500	7902	32978	500
2024.08.29	09:00:00	5559.500	5605.000	5557.000	5603.000	201684	630123	500
2024.08.29	10:00:00	5603.500	5647.000	5603.000	5641.500	210975	726236	500
2024.08.29	11:00:00	5641.500	5664.500	5636.000	5639.000	159307	594711	500
2024.08.29	12:00:00	5639.000	5654.500	5634.500	5637.500	106084	348551	500
2024.08.29	13:00:00	5637.000	5649.000	5632.000	5635.000	90284	290863	500
2024.08.29	14:00:00	5634.500	5637.500	5614.500	5621.500	84882	281455	500
2024.08.29	15:00:00	5621.500	5630.000	5619.000	5623.000	75841	260662	500
2024.08.29	16:00:00	5623.500	5634.500	5617.000	5622.500	52564	197749	500
2024.08.29	17:00:00	5623.000	5635.500	5622.500	5629.000	31767	121944	500
2024.08.29	18:00:00	5628.500	5635.000	5628.000	5629.000	7193	24697	500
2024.08.30	09:00:00	5596.000	5686.500	5590.000	5671.000	282905	953460	500
2024.08.30	10:00:00	5671.500	5709.500	5667.500	5682.500	225356	809286	500
2024.08.30	11:00:00	5682.500	5703.000	5649.000	5685.000	216517	794276	500
2024.08.30	12:00:00	5685.000	5685.500	5627.500	5637.500	144607	586919	500
2024.08.30	13:00:00	5637.500	5672.000	5634.000	5671.500	100417	373815	500
2024.08.30	14:00:00	5671.000	5686.500	5651.500	5672.500	67086	213314	500
2024.08.30	15:00:00	5673.000	5678.000	5657.000	5667.000	50984	168166	500
2024.08.30	16:00:00	5667.000	5676.000	5647.500	5652.500	41071	155879	500
2024.08.30	17:00:00	5652.500	5654.500	5598.000	5628.000	78927	285501	500
2024.08.30	18:00:00	5628.500	5632.000	5619.000	5629.500	5953	18358	500
2024.09.02	09:00:00	5642.500	5662.500	5630.000	5639.000	248977	753530	500
2024.09.02	10:00:00	5639.000	5672.500	5632.500	5657.500	168772	515066	500
2024.09.02	11:00:00	5657.500	5677.500	5653.000	5655.500	108957	340060	500
2024.09.02	12:00:00	5655.500	5657.000	5633.500	5633.500	81612	274701	500
2024.09.02	13:00:00	5633.500	5641.500	5624.500	5636.000	61127	190287	500
2024.09.02	14:00:00	5636.500	5644.500	5620.500	5631.000	54959	167989	500
2024.09.02	15:00:00	5631.000	5642.000	5628.500	5639.500	31655	97182	500
2024.09.02	16:00:00	5639.500	5639.500	5624.500	5633.500	34608	116105	500
2024.09.02	17:00:00	5633.500	5636.500	5628.000	5635.000	16935	54751	500
2024.09.02	18:00:00	5635.000	5635.000	5630.000	5632.000	4761	14581	500
2024.09.03	09:00:00	5656.000	5657.000	5595.000	5603.000	235656	752621	500
2024.09.03	10:00:00	5603.000	5647.000	5592.000	5644.000	207814	700499	500
2024.09.03	11:00:00	5644.000	5669.000	5637.000	5649.000	191338	633980	500
2024.09.03	12:00:00	5649.000	5667.500	5647.000	5666.500	83217	284101	500
2024.09.03	13:00:00	5666.500	5667.000	5650.000	5655.000	57023	185734	500
2024.09.03	14:00:00	5655.000	5662.000	5648.500	5658.000	55504	176050	500
2024.09.03	15:00:00	5658.500	5661.000	5649.500	5658.000	48027	176307	500
2024.09.03	16:00:00	5657.500	5665.000	5655.500	5658.500	38005	126615	500
2024.09.03	17:00:00	5659.000	5664.000	5653.000	5661.000	29457	99294	500
2024.09.03	18:00:00	5661.500	5668.500	5660.500	5663.500	6094	21028	500
2024.09.04	09:00:00	5661.500	5677.000	5634.500	5650.000	257079	738759	500
2024.09.04	10:00:00	5649.500	5664.500	5645.500	5648.000	167137	554128	500
2024.09.04	11:00:00	5648.500	5659.000	5631.000	5635.500	165821	557960	500
2024.09.04	12:00:00	5635.000	5658.500	5634.500	5656.000	74407	271826	500
2024.09.04	13:00:00	5655.500	5665.500	5652.000	5655.000	53910	191014	500
2024.09.04	14:00:00	5655.500	5659.500	5648.500	5650.000	48934	168760	500
2024.09.04	15:00:00	5650.000	5656.500	5645.000	5649.500	42265	151971	500
2024.09.04	16:00:00	5649.500	5658.000	5649.000	5653.500	34231	124362	500
2024.09.04	17:00:00	5654.000	5660.000	5653.500	5655.500	20898	76983	500
2024.09.04	18:00:00	5656.000	5660.000	5655.000	5657.000	5912	25539	500
2024.09.05	09:00:00	5654.000	5665.000	5619.000	5631.500	247916	767780	500
2024.09.05	10:00:00	5631.500	5634.500	5613.000	5619.000	153232	483327	500
2024.09.05	11:00:00	5619.000	5637.000	5616.500	5626.000	111331	386953	500
2024.09.05	12:00:00	5625.500	5630.500	5607.000	5608.000	79794	291606	500
2024.09.05	13:00:00	5608.000	5613.000	5586.000	5598.000	99011	355690	500
2024.09.05	14:00:00	5598.000	5605.000	5593.000	5598.500	52506	179986	500
2024.09.05	15:00:00	5598.500	5600.500	5591.000	5597.500	32947	117580	500
2024.09.05	16:00:00	5597.500	5597.500	5585.500	5587.500	33533	125197	500
2024.09.05	17:00:00	5587.500	5599.000	5586.000	5590.000	30428	103329	500
2024.09.05	18:00:00	5590.500	5590.500	5580.000	5586.000	5988	26334	500
2024.09.06	09:00:00	5592.500	5599.500	5543.000	5561.500	282040	830604	500
2024.09.06	10:00:00	5561.500	5579.000	5550.000	5576.500	178039	571393	500
2024.09.06	11:00:00	5576.500	5610.500	5576.500	5604.500	155255	508532	500
2024.09.06	12:00:00	5604.500	5613.500	5574.500	5604.000	142529	472706	500
2024.09.06	13:00:00	5604.000	5615.500	5595.500	5605.000	59860	195402	500
2024.09.06	14:00:00	5605.000	5606.500	5595.500	5602.000	46571	161046	500
2024.09.06	15:00:00	5601.500	5616.000	5599.000	5604.000	52239	188665	500
2024.09.06	16:00:00	5604.500	5610.500	5603.000	5603.500	24594	83137	500
2024.09.06	17:00:00	5604.000	5614.500	5602.000	5614.000	20272	72820	500
2024.09.06	18:00:00	5614.000	5615.000	5607.500	5614.000	5312	22382	500
2024.09.09	09:00:00	5600.000	5654.000	5596.000	5645.500	205377	632366	500
2024.09.09	10:00:00	5646.000	5646.000	5626.000	5628.500	163037	536073	500
2024.09.09	11:00:00	5629.000	5632.500	5612.500	5612.500	114020	367237	500
2024.09.09	12:00:00	5613.000	5623.000	5610.000	5618.000	55736	193379	500
2024.09.09	13:00:00	5617.500	5618.500	5605.000	5609.000	41153	151837	500
2024.09.09	14:00:00	5609.000	5609.500	5588.000	5601.500	69151	257398	500
2024.09.09	15:00:00	5601.000	5604.500	5592.500	5595.500	44381	162141	500
2024.09.09	16:00:00	5595.500	5599.500	5590.000	5594.000	27650	100213	500
2024.09.09	17:00:00	5594.000	5601.000	5593.500	5598.000	22209	75446	500
2024.09.09	18:00:00	5598.500	5599.500	5594.500	5599.000	4832	17909	500
2024.09.10	09:00:00	5588.500	5618.500	5581.000	5614.500	250504	766885	500
2024.09.10	10:00:00	5614.500	5630.000	5607.500	5629.000	147481	492443	500
2024.09.10	11:00:00	5629.000	5647.000	5623.500	5640.500	144435	540665	500
2024.09.10	12:00:00	5640.500	5662.500	5637.000	5661.000	96544	350643	500
2024.09.10	13:00:00	5660.500	5664.500	5648.000	5658.000	68079	237856	500
2024.09.10	14:00:00	5658.000	5673.500	5657.000	5669.000	64204	234089	500
2024.09.10	15:00:00	5669.500	5684.000	5662.500	5666.000	77115	298592	500
2024.09.10	16:00:00	5666.500	5673.000	5660.500	5665.500	40797	152473	500
2024.09.10	17:00:00	5665.500	5675.000	5665.000	5672.000	23893	89567	500
2024.09.10	18:00:00	5672.000	5682.000	5671.500	5676.500	8832	37354	500
2024.09.11	09:00:00	5647.000	5666.500	5633.500	5638.500	275355	815812	500
2024.09.11	10:00:00	5639.000	5654.500	5617.500	5653.000	204867	671128	500
2024.09.11	11:00:00	5652.500	5685.500	5642.000	5670.000	178960	594045	500
2024.09.11	12:00:00	5670.000	5673.500	5654.000	5655.500	86593	292369	500
2024.09.11	13:00:00	5656.000	5666.500	5643.000	5654.000	70986	246435	500
2024.09.11	14:00:00	5654.000	5665.000	5643.000	5659.500	63511	222586	500
2024.09.11	15:00:00	5659.500	5664.500	5651.000	5660.000	44229	148717	500
2024.09.11	16:00:00	5659.500	5666.500	5658.000	5660.500	29077	99000	500
2024.09.11	17:00:00	5660.000	5675.000	5659.500	5673.500	26084	86774	500
2024.09.11	18:00:00	5674.000	5681.000	5673.500	5678.000	7417	27826	500
2024.09.12	09:00:00	5659.500	5669.000	5644.500	5654.500	189627	570810	500
2024.09.12	10:00:00	5654.500	5677.000	5650.000	5669.500	160768	508004	500
2024.09.12	11:00:00	5669.000	5688.000	5655.500	5681.500	140313	458592	500
2024.09.12	12:00:00	5681.500	5681.500	5660.500	5662.500	77482	284210	500
2024.09.12	13:00:00	5662.500	5663.500	5646.500	5650.000	72645	252610	500
2024.09.12	14:00:00	5650.000	5656.500	5645.500	5648.500	52791	185953	500
2024.09.12	15:00:00	5648.000	5651.500	5634.500	5635.500	64513	215915	500
2024.09.12	16:00:00	5635.500	5636.500	5625.500	5629.000	43276	157087	500
2024.09.12	17:00:00	5629.000	5643.500	5629.000	5639.500	33755	118582	500
2024.09.12	18:00:00	5639.500	5642.500	5635.500	5635.500	4980	20841	500
2024.09.13	09:00:00	5620.000	5629.500	5601.000	5610.500	199764	591074	500
2024.09.13	10:00:00	5610.000	5622.000	5575.000	5584.000	194688	663409	500
2024.09.13	11:00:00	5584.500	5592.000	5554.000	5559.000	145669	551837	500
2024.09.13	12:00:00	5559.500	5571.500	5558.000	5562.500	60424	229700	500
2024.09.13	13:00:00	5562.500	5569.000	5555.000	5558.000	51446	193767	500
2024.09.13	14:00:00	5558.500	5565.000	5556.000	5563.000	34847	132607	500
2024.09.13	15:00:00	5563.500	5582.000	5563.000	5576.500	68882	266209	500
2024.09.13	16:00:00	5576.500	5579.000	5571.500	5577.000	27002	89344	500
2024.09.13	17:00:00	5577.000	5583.000	5574.000	5575.500	21276	74391	500
2024.09.13	18:00:00	5575.000	5575.500	5571.500	5574.500	4877	19933	500
2024.09.16	09:00:00	5572.500	5590.000	5558.000	5571.500	208402	656441	500
2024.09.16	10:00:00	5571.500	5572.000	5506.000	5520.500	238932	860726	500
2024.09.16	11:00:00	5520.500	5531.500	5513.000	5518.000	109433	405750	500
2024.09.16	12:00:00	5518.000	5527.500	5509.000	5520.500	75554	262101	500
2024.09.16	13:00:00	5520.500	5527.500	5518.500	5527.000	29523	100153	500
2024.09.16	14:00:00	5527.000	5530.500	5516.000	5518.000	46474	158487	500
2024.09.16	15:00:00	5518.000	5530.000	5514.500	5521.500	43568	163236	500
2024.09.16	16:00:00	5521.500	5526.000	5517.000	5519.000	32081	117681	500
2024.09.16	17:00:00	5519.500	5521.000	5515.000	5519.500	18994	66221	500
2024.09.16	18:00:00	5519.500	5521.000	5512.000	5513.000	5680	26609	500
2024.09.17	09:00:00	5519.000	5522.500	5494.000	5511.000	221815	712714	500
2024.09.17	10:00:00	5511.000	5517.500	5497.500	5502.500	144599	504797	500
2024.09.17	11:00:00	5502.000	5523.500	5500.000	5512.000	107998	392800	500
2024.09.17	12:00:00	5511.500	5515.000	5505.500	5510.000	53003	185985	500
2024.09.17	13:00:00	5509.500	5513.500	5493.000	5507.000	65326	248370	500
2024.09.17	14:00:00	5506.500	5514.000	5495.000	5495.500	53522	206078	500
2024.09.17	15:00:00	5495.500	5509.500	5486.000	5488.000	88188	340476	500
2024.09.17	16:00:00	5488.000	5497.000	5487.000	5494.000	34098	126158	500
2024.09.17	17:00:00	5494.000	5496.500	5489.500	5490.500	18030	66311	500
2024.09.17	18:00:00	5490.500	5491.000	5486.000	5488.000	7102	31086	500
2024.09.18	09:00:00	5483.000	5503.000	5475.500	5490.500	195200	581484	500
2024.09.18	10:00:00	5491.000	5498.500	5468.500	5475.000	153606	512472	500
2024.09.18	11:00:00	5475.500	5483.500	5464.500	5474.000	94312	340091	500
2024.09.18	12:00:00	5474.000	5492.500	5471.500	5488.000	65302	250082	500
2024.09.18	13:00:00	5488.000	5494.000	5481.000	5490.500	47160	165891	500
2024.09.18	14:00:00	5490.500	5492.000	5477.000	5484.500	55724	197502	500
2024.09.18	15:00:00	5485.000	5485.500	5417.000	5448.000	240546	877117	500
2024.09.18	16:00:00	5448.000	5473.000	5444.000	5466.000	144658	463650	500
2024.09.18	17:00:00	5466.000	5470.000	5450.500	5467.500	38599	126270	500
2024.09.18	18:00:00	5467.500	5472.000	5463.500	5467.500	7062	30982	500
2024.09.19	09:00:00	5408.000	5447.500	5401.500	5446.000	247159	769066	500
2024.09.19	10:00:00	5445.500	5446.500	5418.500	5430.000	170265	582957	500
2024.09.19	11:00:00	5430.000	5441.000	5413.000	5429.500	132381	506352	500
2024.09.19	12:00:00	5429.000	5432.500	5410.000	5411.500	81426	289792	500
2024.09.19	13:00:00	5411.500	5428.500	5410.500	5424.000	48656	176304	500
2024.09.19	14:00:00	5424.000	5435.000	5416.500	5431.000	51947	218664	500
2024.09.19	15:00:00	5431.500	5439.000	5429.500	5432.500	45637	180437	500
2024.09.19	16:00:00	5432.000	5437.000	5428.500	5429.500	24579	105619	500
2024.09.19	17:00:00	5429.000	5438.000	5427.500	5432.000	21240	79004	500
2024.09.19	18:00:00	5432.000	5433.000	5428.000	5428.000	4056	19193	500
2024.09.20	09:00:00	5439.500	5450.000	5423.000	5449.000	214800	678660	500
2024.09.20	10:00:00	5448.500	5495.000	5447.000	5484.000	219723	827496	500
2024.09.20	11:00:00	5484.000	5500.000	5477.500	5498.500	110805	412930	500
2024.09.20	12:00:00	5499.000	5504.000	5485.500	5494.500	84698	317722	500
2024.09.20	13:00:00	5494.500	5517.500	5491.500	5514.500	82651	314076	500
2024.09.20	14:00:00	5514.500	5522.500	5505.500	5514.000	64047	255743	500
2024.09.20	15:00:00	5514.000	5528.000	5512.000	5520.000	49473	192941	500
2024.09.20	16:00:00	5519.500	5529.000	5519.500	5524.500	37912	148185	500
2024.09.20	17:00:00	5525.000	5528.500	5514.000	5515.500	27239	94342	500
2024.09.20	18:00:00	5515.000	5524.000	5514.000	5519.000	7752	32447	500
2024.09.23	09:00:00	5573.000	5603.500	5560.000	5565.500	271094	870470	500
2024.09.23	10:00:00	5566.000	5567.500	5544.000	5559.500	163705	553577	500
2024.09.23	11:00:00	5560.000	5562.500	5536.000	5537.000	111069	390144	500
2024.09.23	12:00:00	5537.000	5544.500	5533.000	5539.000	58408	211598	500
2024.09.23	13:00:00	5539.000	5555.500	5539.000	5545.000	60417	211162	500
2024.09.23	14:00:00	5545.000	5546.500	5530.000	5535.500	52163	181605	500
2024.09.23	15:00:00	5535.000	5542.000	5533.000	5535.500	41290	160247	500
2024.09.23	16:00:00	5536.000	5541.000	5532.500	5537.500	27334	96448	500
2024.09.23	17:00:00	5538.000	5545.500	5534.500	5541.000	26376	98898	500
2024.09.23	18:00:00	5540.500	5546.500	5538.000	5541.000	5748	21409	500
2024.09.24	09:00:00	5522.000	5530.000	5473.500	5482.000	244376	807276	500
2024.09.24	10:00:00	5481.500	5484.500	5452.500	5465.500	166908	620157	500
2024.09.24	11:00:00	5465.500	5469.000	5448.000	5467.500	133348	509599	500
2024.09.24	12:00:00	5467.500	5474.000	5457.000	5468.000	67490	260480	500
2024.09.24	13:00:00	5468.000	5470.000	5454.500	5456.500	49656	195277	500
2024.09.24	14:00:00	5456.500	5467.500	5454.000	5462.000	41661	160311	500
2024.09.24	15:00:00	5462.000	5462.500	5454.000	5455.000	37775	138269	500
2024.09.24	16:00:00	5455.000	5465.000	5454.000	5462.500	27552	105104	500
2024.09.24	17:00:00	5462.000	5469.500	5453.500	5457.000	33252	132912	500
2024.09.24	18:00:00	5456.500	5458.000	5450.500	5453.000	6183	24262	500
2024.09.25	09:00:00	5455.500	5479.500	5441.000	5472.000	221063	697334	500
2024.09.25	10:00:00	5472.000	5476.500	5464.000	5468.500	112986	387913	500
2024.09.25	11:00:00	5468.500	5495.000	5468.000	5491.500	113645	452521	500
2024.09.25	12:00:00	5491.500	5497.500	5479.500	5482.500	77973	289226	500
2024.09.25	13:00:00	5482.500	5485.500	5474.000	5481.000	43132	161231	500
2024.09.25	14:00:00	5481.000	5493.500	5469.500	5473.000	63899	263188	500
2024.09.25	15:00:00	5473.000	5481.500	5469.000	5479.000	42304	160921	500
2024.09.25	16:00:00	5479.000	5480.500	5475.000	5477.500	20001	82317	500
2024.09.25	17:00:00	5477.000	5484.000	5474.500	5476.000	21883	88101	500
2024.09.25	18:00:00	5476.000	5479.000	5473.000	5475.000	5701	26163	500
2024.09.26	09:00:00	5445.000	5446.000	5406.500	5440.500	237823	792450	500
2024.09.26	10:00:00	5441.000	5448.500	5430.000	5448.500	133419	494090	500
2024.09.26	11:00:00	5448.500	5451.000	5435.500	5441.500	106723	406924	500
2024.09.26	12:00:00	5441.000	5446.500	5424.500	5436.000	74094	300839	500
2024.09.26	13:00:00	5436.000	5445.500	5434.000	5442.000	53965	212078	500
2024.09.26	14:00:00	5442.500	5456.000	5438.500	5442.000	61208	226500	500
2024.09.26	15:00:00	5442.000	5446.000	5438.500	5442.500	39112	126185	500
2024.09.26	16:00:00	5442.500	5451.500	5438.500	5447.000	36607	149699	500
2024.09.26	17:00:00	5447.000	5449.000	5438.000	5440.500	21656	91895	500
2024.09.26	18:00:00	5440.000	5442.000	5437.000	5438.000	4723	22469	500
2024.09.27	09:00:00	5430.000	5459.000	5426.500	5455.500	200404	603729	500
2024.09.27	10:00:00	5455.500	5457.000	5437.000	5446.500	124091	403124	500
2024.09.27	11:00:00	5446.500	5450.000	5430.500	5437.000	106308	377594	500
2024.09.27	12:00:00	5437.500	5440.000	5430.000	5433.500	51028	188775	500
2024.09.27	13:00:00	5433.500	5447.500	5430.500	5432.000	55824	214137	500
2024.09.27	14:00:00	5432.000	5444.000	5430.500	5434.500	53274	196596	500
2024.09.27	15:00:00	5434.000	5438.500	5430.500	5435.000	33943	143625	500
2024.09.27	16:00:00	5435.500	5440.000	5435.000	5437.000	22153	99635	500
2024.09.27	17:00:00	5436.500	5438.000	5428.000	5428.000	15269	42419	500
2024.09.30	09:00:00	5449.500	5454.000	5422.000	5443.000	158388	514022	500
2024.09.30	10:00:00	5443.500	5493.500	5443.000	5489.000	141176	558525	500
2024.09.30	11:00:00	5489.000	5492.000	5458.000	5465.500	87343	347699	500
2024.09.30	12:00:00	5466.000	5476.000	5458.000	5471.000	50140	210756	500
2024.09.30	13:00:00	5471.000	5472.000	5461.000	5461.000	33434	127946	500
2024.09.30	14:00:00	5461.000	5475.000	5461.000	5469.500	31024	117520	500
2024.09.30	15:00:00	5469.500	5486.500	5466.500	5468.000	65901	261423	500
2024.09.30	16:00:00	5468.000	5477.500	5466.500	5468.500	31082	135442	500
2024.09.30	17:00:00	5468.500	5472.000	5463.000	5469.000	23464	90307	500
2024.09.30	18:00:00	5468.500	5474.000	5466.500	5471.000	4543	21431	500
2024.10.01	09:00:00	5497.000	5497.500	5448.500	5454.000	203342	713310	500
2024.10.01	10:00:00	5454.500	5494.500	5449.000	5487.500	189430	704624	500
2024.10.01	11:00:00	5488.000	5497.000	5476.000	5483.000	151571	556252	500
2024.10.01	12:00:00	5483.000	5489.000	5463.500	5465.500	71656	295246	500
2024.10.01	13:00:00	5465.500	5484.000	5461.000	5475.000	75656	305619	500
2024.10.01	14:00:00	5475.000	5497.500	5474.500	5485.000	97913	394073	500
2024.10.01	15:00:00	5485.000	5485.000	5474.000	5480.000	44977	169145	500
2024.10.01	16:00:00	5480.000	5484.500	5475.500	5482.000	31779	114280	500
2024.10.01	17:00:00	5482.500	5487.500	5452.500	5456.500	52582	225303	500
2024.10.01	18:00:00	5456.500	5458.500	5440.000	5443.500	12854	60940	500
2024.10.02	09:00:00	5435.000	5447.500	5422.500	5433.000	213672	669044	500
2024.10.02	10:00:00	5433.000	5457.000	5432.000	5452.000	146513	487676	500
2024.10.02	11:00:00	5452.000	5455.000	5436.000	5453.500	95210	323211	500
2024.10.02	12:00:00	5453.500	5465.000	5450.000	5454.000	74132	289590	500
2024.10.02	13:00:00	5454.500	5464.500	5451.000	5460.500	36746	137035	500
2024.10.02	14:00:00	5460.500	5469.000	5457.000	5461.500	42782	170667	500
2024.10.02	15:00:00	5462.000	5466.500	5458.500	5463.500	39866	149432	500
2024.10.02	16:00:00	5463.500	5466.000	5460.500	5462.500	17709	65578	500
2024.10.02	17:00:00	5462.500	5463.500	5451.500	5459.500	22661	82121	500
2024.10.02	18:00:00	5459.500	5462.000	5457.000	5459.000	5190	24834	500
2024.10.03	09:00:00	5472.500	5502.500	5468.000	5491.500	184492	597786	500
2024.10.03	10:00:00	5492.000	5509.500	5485.500	5501.500	123696	401860	500
2024.10.03	11:00:00	5501.000	5530.000	5499.500	5513.500	149203	561882	500
2024.10.03	12:00:00	5513.500	5515.500	5503.500	5510.500	53526	202411	500
2024.10.03	13:00:00	5511.000	5513.000	5498.000	5498.000	41003	159009	500
2024.10.03	14:00:00	5498.000	5510.000	5497.000	5503.000	35742	144408	500
2024.10.03	15:00:00	5503.500	5504.000	5482.000	5486.500	56124	241311	500
2024.10.03	16:00:00	5486.500	5494.000	5485.500	5492.000	32505	137544	500
2024.10.03	17:00:00	5492.500	5499.000	5491.000	5496.000	22497	83688	500
2024.10.03	18:00:00	5496.500	5498.000	5493.000	5495.000	5474	22385	500
2024.10.04	09:00:00	5490.000	5538.000	5479.500	5530.000	233223	750671	500
2024.10.04	10:00:00	5530.000	5530.500	5486.000	5492.500	193588	656713	500
2024.10.04	11:00:00	5492.000	5498.500	5472.500	5473.000	120358	450323	500
2024.10.04	12:00:00	5473.500	5488.000	5470.000	5477.500	65225	250829	500
2024.10.04	13:00:00	5477.000	5481.000	5470.500	5480.000	38365	147817	500
2024.10.04	14:00:00	5480.500	5485.500	5475.000	5485.000	37165	155757	500
2024.10.04	15:00:00	5485.000	5486.000	5475.500	5480.000	30952	127221	500
2024.10.04	16:00:00	5480.500	5482.000	5472.500	5473.500	28151	103364	500
2024.10.04	17:00:00	5473.000	5478.500	5471.500	5473.500	15252	58992	500
2024.10.04	18:00:00	5473.500	5475.000	5465.000	5465.000	4910	25862	500
2024.10.07	09:00:00	5486.000	5488.000	5437.000	5454.500	190719	598134	500
2024.10.07	10:00:00	5454.500	5482.000	5450.000	5472.500	160859	567357	500
2024.10.07	11:00:00	5472.500	5495.000	5464.500	5493.500	100097	370349	500
2024.10.07	12:00:00	5493.000	5509.500	5491.000	5502.500	78935	312444	500
2024.10.07	13:00:00	5502.500	5505.500	5493.000	5494.500	36566	138452	500
2024.10.07	14:00:00	5494.500	5500.500	5493.000	5495.000	36079	157116	500
2024.10.07	15:00:00	5494.500	5509.000	5494.000	5506.500	53491	211921	500
2024.10.07	16:00:00	5506.500	5509.000	5499.500	5502.000	32196	128494	500
2024.10.07	17:00:00	5502.000	5507.000	5501.500	5507.000	17296	64548	500
2024.10.07	18:00:00	5506.500	5515.000	5506.000	5514.000	8871	35631	500
2024.10.08	09:00:00	5521.000	5538.000	5515.000	5519.000	226511	701315	500
2024.10.08	10:00:00	5519.500	5532.500	5511.500	5527.000	162285	557372	500
2024.10.08	11:00:00	5527.000	5549.500	5523.000	5542.000	123182	469877	500
2024.10.08	12:00:00	5541.500	5548.000	5541.000	5545.500	47081	188928	500
2024.10.08	13:00:00	5546.000	5547.000	5532.000	5541.000	53354	200055	500
2024.10.08	14:00:00	5541.500	5552.500	5535.500	5544.500	61984	224043	500
2024.10.08	15:00:00	5545.000	5546.500	5538.500	5544.000	32925	127684	500
2024.10.08	16:00:00	5544.000	5549.000	5543.000	5547.000	24928	99731	500
2024.10.08	17:00:00	5547.500	5554.500	5545.500	5551.000	23308	93580	500
2024.10.08	18:00:00	5550.500	5557.000	5550.000	5551.000	7078	35742	500
2024.10.09	09:00:00	5548.000	5581.500	5545.000	5576.000	202366	632936	500
2024.10.09	10:00:00	5576.500	5599.000	5573.500	5588.500	139697	503328	500
2024.10.09	11:00:00	5588.500	5604.500	5583.500	5594.500	101355	384447	500
2024.10.09	12:00:00	5595.000	5598.500	5585.000	5596.500	54537	208758	500
2024.10.09	13:00:00	5597.000	5608.500	5592.000	5603.500	55140	236429	500
2024.10.09	14:00:00	5603.000	5607.000	5601.500	5604.000	32504	140927	500
2024.10.09	15:00:00	5604.000	5613.500	5602.000	5607.000	54897	224499	500
2024.10.09	16:00:00	5607.000	5607.000	5595.000	5601.000	36529	147846	500
2024.10.09	17:00:00	5601.000	5609.500	5600.000	5608.500	24771	105460	500
2024.10.09	18:00:00	5609.000	5615.000	5607.000	5610.000	8896	33018	500
2024.10.10	09:00:00	5595.000	5618.500	5585.000	5597.500	292276	848687	500
2024.10.10	10:00:00	5597.000	5610.500	5580.000	5608.500	169773	585579	500
2024.10.10	11:00:00	5609.000	5609.000	5582.500	5594.000	116935	423821	500
2024.10.10	12:00:00	5594.500	5600.500	5591.000	5597.000	45202	182270	500
2024.10.10	13:00:00	5596.500	5606.500	5592.000	5602.500	55240	215315	500
2024.10.10	14:00:00	5602.000	5612.500	5593.500	5593.500	59740	218451	500
2024.10.10	15:00:00	5594.000	5601.000	5589.500	5597.000	37749	149306	500
2024.10.10	16:00:00	5597.000	5599.500	5594.500	5598.500	23802	95954	500
2024.10.10	17:00:00	5598.000	5604.000	5595.000	5597.000	22307	83138	500
2024.10.10	18:00:00	5597.000	5599.000	5595.500	5598.000	4694	15297	500
2024.10.11	09:00:00	5587.500	5612.500	5570.500	5608.000	218746	671943	500
2024.10.11	10:00:00	5608.000	5666.500	5604.500	5658.000	211149	838760	500
2024.10.11	11:00:00	5658.000	5659.000	5638.000	5650.500	135069	529387	500
2024.10.11	12:00:00	5650.500	5653.000	5639.000	5647.000	59410	247648	500
2024.10.11	13:00:00	5647.500	5658.000	5642.500	5648.500	45634	193126	500
2024.10.11	14:00:00	5648.500	5649.000	5634.000	5639.000	45325	188990	500
2024.10.11	15:00:00	5639.500	5649.000	5636.500	5640.000	41730	180924	500
2024.10.11	16:00:00	5640.000	5641.500	5625.500	5626.000	40666	188022	500
2024.10.11	17:00:00	5626.000	5629.000	5617.500	5624.500	29102	125220	500
2024.10.11	18:00:00	5624.500	5625.500	5614.500	5616.000	7656	30947	500
2024.10.14	09:00:00	5627.000	5664.500	5626.000	5647.000	181624	587060	500
2024.10.14	10:00:00	5647.000	5649.000	5603.500	5615.500	186426	620131	500
2024.10.14	11:00:00	5615.500	5627.500	5610.500	5613.500	105582	370133	500
2024.10.14	12:00:00	5613.500	5621.500	5593.500	5596.500	82684	331764	500
2024.10.14	13:00:00	5597.000	5597.500	5582.500	5590.500	63262	238635	500
2024.10.14	14:00:00	5591.000	5596.000	5575.500	5588.000	60280	231795	500
2024.10.14	15:00:00	5587.500	5594.500	5581.000	5590.000	45680	184747	500
2024.10.14	16:00:00	5589.500	5598.000	5589.500	5593.500	36014	134175	500
2024.10.14	17:00:00	5593.500	5609.000	5592.500	5607.000	36195	134042	500
2024.10.14	18:00:00	5606.500	5610.000	5595.000	5597.500	5375	23597	500
2024.10.15	09:00:00	5602.500	5635.500	5591.500	5631.500	242719	764103	500
2024.10.15	10:00:00	5632.000	5657.000	5625.500	5648.000	176276	632950	500
2024.10.15	11:00:00	5648.000	5667.500	5648.000	5653.500	118729	443211	500
2024.10.15	12:00:00	5654.000	5658.000	5645.500	5656.000	64705	252440	500
2024.10.15	13:00:00	5656.000	5676.000	5656.000	5670.000	76082	310495	500
2024.10.15	14:00:00	5670.000	5675.000	5661.500	5664.000	53892	216924	500
2024.10.15	15:00:00	5663.500	5673.500	5663.000	5666.000	43885	168282	500
2024.10.15	16:00:00	5665.500	5673.000	5661.500	5669.500	38893	158557	500
2024.10.15	17:00:00	5669.000	5670.000	5652.500	5662.500	53553	211465	500
2024.10.15	18:00:00	5663.000	5669.000	5661.500	5666.000	7604	33675	500
2024.10.16	09:00:00	5665.000	5710.000	5640.500	5700.500	301502	1003764	500
2024.10.16	10:00:00	5700.500	5707.500	5690.000	5699.000	155735	541119	500
2024.10.16	11:00:00	5699.000	5699.000	5669.500	5671.000	139773	502259	500
2024.10.16	12:00:00	5670.500	5676.500	5662.000	5668.500	81365	305650	500
2024.10.16	13:00:00	5669.000	5677.000	5662.500	5672.000	45627	162965	500
2024.10.16	14:00:00	5672.000	5675.500	5653.500	5660.000	51879	204555	500
2024.10.16	15:00:00	5660.500	5682.500	5659.000	5673.000	59524	244862	500
2024.10.16	16:00:00	5673.500	5678.000	5669.500	5672.500	25290	104208	500
2024.10.16	17:00:00	5673.000	5680.500	5668.500	5675.000	25409	96221	500
2024.10.16	18:00:00	5674.500	5679.000	5672.000	5679.000	5198	20124	500
2024.10.17	09:00:00	5690.500	5698.500	5681.000	5688.000	227240	697794	500
2024.10.17	10:00:00	5688.000	5698.000	5671.000	5680.000	174650	567398	500
2024.10.17	11:00:00	5680.000	5692.000	5672.000	5685.500	101547	366765	500
2024.10.17	12:00:00	5685.500	5693.500	5674.500	5686.500	58034	219857	500
2024.10.17	13:00:00	5686.000	5692.000	5682.500	5685.500	29932	117461	500
2024.10.17	14:00:00	5685.000	5688.000	5680.500	5682.500	26962	109925	500
2024.10.17	15:00:00	5682.500	5682.500	5672.000	5680.000	44636	190991	500
2024.10.17	16:00:00	5680.000	5682.000	5667.000	5669.000	35166	148542	500
2024.10.17	17:00:00	5668.500	5670.500	5661.000	5664.500	27111	111555	500
2024.10.17	18:00:00	5664.000	5665.000	5660.500	5660.500	5391	23904	500
2024.10.18	09:00:00	5644.500	5667.500	5637.500	5661.000	195678	604570	500
2024.10.18	10:00:00	5661.000	5680.500	5656.000	5680.000	152344	511333	500
2024.10.18	11:00:00	5679.500	5687.500	5668.000	5678.500	105933	380465	500
2024.10.18	12:00:00	5679.000	5696.000	5676.000	5687.000	70703	273814	500
2024.10.18	13:00:00	5687.500	5692.000	5684.000	5688.000	31480	119066	500
2024.10.18	14:00:00	5688.500	5701.500	5683.500	5699.000	44605	198101	500
2024.10.18	15:00:00	5699.500	5702.500	5694.500	5698.500	32129	134547	500
2024.10.18	16:00:00	5698.000	5711.500	5696.500	5708.000	59005	247263	500
2024.10.18	17:00:00	5708.000	5708.500	5698.000	5701.000	32077	129639	500
2024.10.18	18:00:00	5701.500	5709.000	5700.000	5708.500	7244	33359	500
2024.10.21	09:00:00	5711.000	5742.500	5705.000	5727.000	230820	743430	500
2024.10.21	10:00:00	5726.500	5741.500	5717.500	5718.500	172949	559820	500
2024.10.21	11:00:00	5718.500	5721.500	5703.000	5709.500	143690	489794	500
2024.10.21	12:00:00	5709.500	5714.000	5699.000	5710.000	62031	234409	500
2024.10.21	13:00:00	5710.000	5719.000	5708.000	5710.500	57115	235440	500
2024.10.21	14:00:00	5710.000	5711.500	5704.000	5707.000	30420	117202	500
2024.10.21	15:00:00	5707.000	5714.500	5705.500	5711.000	35032	130585	500
2024.10.21	16:00:00	5711.000	5711.500	5693.500	5700.000	33660	144724	500
2024.10.21	17:00:00	5699.500	5706.000	5693.500	5701.000	25293	100671	500
2024.10.21	18:00:00	5701.500	5703.000	5695.000	5696.500	5939	25003	500
2024.10.22	09:00:00	5691.500	5719.000	5690.500	5714.500	176215	521320	500
2024.10.22	10:00:00	5714.000	5723.500	5680.000	5701.500	216753	734253	500
2024.10.22	11:00:00	5702.000	5711.500	5691.500	5699.500	109547	383234	500
2024.10.22	12:00:00	5699.500	5709.500	5694.500	5698.000	65791	238064	500
2024.10.22	13:00:00	5698.000	5700.500	5687.500	5693.500	45875	172643	500
2024.10.22	14:00:00	5693.000	5710.500	5690.500	5709.500	43639	178785	500
2024.10.22	15:00:00	5709.500	5721.000	5707.500	5710.500	71526	279018	500
2024.10.22	16:00:00	5710.500	5711.500	5701.500	5701.500	27289	112980	500
2024.10.22	17:00:00	5702.000	5703.500	5693.500	5695.000	27466	110546	500
2024.10.22	18:00:00	5695.000	5700.000	5695.000	5698.500	4675	19094	500
2024.10.23	09:00:00	5722.000	5734.500	5716.000	5726.000	188663	562579	500
2024.10.23	10:00:00	5726.500	5726.500	5709.000	5725.000	152755	520096	500
2024.10.23	11:00:00	5724.500	5736.500	5721.000	5730.500	111614	414350	500
2024.10.23	12:00:00	5731.000	5732.000	5708.000	5709.000	91531	384412	500
2024.10.23	13:00:00	5709.000	5717.500	5703.500	5717.000	55776	208391	500
2024.10.23	14:00:00	5717.000	5719.000	5707.500	5711.000	54038	219188	500
2024.10.23	15:00:00	5711.000	5714.000	5690.000	5697.500	74551	298403	500
2024.10.23	16:00:00	5697.500	5698.000	5689.000	5697.000	37657	144905	500
2024.10.23	17:00:00	5697.000	5701.500	5690.500	5693.000	24658	103240	500
2024.10.23	18:00:00	5693.000	5693.000	5690.000	5691.000	4442	16373	500
2024.10.24	09:00:00	5688.500	5722.000	5679.000	5708.000	221380	700126	500
2024.10.24	10:00:00	5708.000	5724.500	5707.000	5713.500	132954	451546	500
2024.10.24	11:00:00	5713.500	5717.000	5702.500	5708.000	102129	390330	500
2024.10.24	12:00:00	5707.500	5713.000	5704.000	5712.000	51465	205346	500
2024.10.24	13:00:00	5712.000	5718.000	5707.000	5715.500	39026	169611	500
2024.10.24	14:00:00	5716.000	5717.000	5678.000	5697.000	110421	466909	500
2024.10.24	15:00:00	5697.500	5704.500	5688.500	5694.000	52718	207763	500
2024.10.24	16:00:00	5694.000	5696.500	5666.000	5668.000	64451	279289	500
2024.10.24	17:00:00	5667.500	5674.000	5665.000	5669.500	26278	93571	500
2024.10.24	18:00:00	5669.500	5671.000	5665.500	5671.000	5449	23585	500
2024.10.25	09:00:00	5675.000	5697.000	5672.500	5693.500	170108	518904	500
2024.10.25	10:00:00	5693.500	5707.500	5688.500	5699.500	139142	450927	500
2024.10.25	11:00:00	5699.000	5700.000	5675.500	5697.000	126677	476369	500
2024.10.25	12:00:00	5697.000	5707.500	5692.500	5706.000	61323	220223	500
2024.10.25	13:00:00	5705.500	5710.000	5693.500	5704.000	56271	221216	500
2024.10.25	14:00:00	5703.500	5717.000	5701.000	5712.500	56896	229278	500
2024.10.25	15:00:00	5712.000	5714.500	5706.500	5709.000	37575	158450	500
2024.10.25	16:00:00	5709.000	5713.500	5707.500	5709.000	27433	114508	500
2024.10.25	17:00:00	5708.500	5712.000	5705.000	5711.000	21835	93684	500
2024.10.25	18:00:00	5711.500	5719.000	5709.500	5714.000	9789	39593	500
2024.10.28	09:00:00	5705.000	5722.500	5688.000	5689.500	201165	630933	500
2024.10.28	10:00:00	5689.000	5707.500	5687.500	5697.500	125086	434774	500
2024.10.28	11:00:00	5698.000	5709.000	5696.000	5704.000	72361	263233	500
2024.10.28	12:00:00	5704.000	5711.000	5700.000	5708.000	49443	189591	500
2024.10.28	13:00:00	5708.000	5713.500	5705.500	5707.000	38878	155232	500
2024.10.28	14:00:00	5706.500	5712.000	5692.000	5697.000	59623	250336	500
2024.10.28	15:00:00	5697.000	5706.500	5694.000	5704.000	40320	167460	500
2024.10.28	16:00:00	5703.500	5714.000	5702.500	5709.500	34370	137366	500
2024.10.28	17:00:00	5710.000	5714.000	5706.500	5711.500	24172	84586	500
2024.10.28	18:00:00	5711.500	5715.000	5710.000	5714.000	7381	27555	500
2024.10.29	09:00:00	5710.000	5739.000	5707.000	5719.000	214416	689257	500
2024.10.29	10:00:00	5719.000	5724.000	5707.500	5714.500	152874	545287	500
2024.10.29	11:00:00	5714.500	5715.000	5698.000	5707.000	134940	474565	500
2024.10.29	12:00:00	5707.000	5733.000	5705.500	5726.000	88937	389717	500
2024.10.29	13:00:00	5726.500	5764.000	5723.500	5751.000	137983	578453	500
2024.10.29	14:00:00	5751.000	5761.000	5740.500	5755.000	82298	327195	500
2024.10.29	15:00:00	5755.000	5765.500	5742.000	5760.000	76158	309637	500
2024.10.29	16:00:00	5760.000	5768.000	5756.000	5762.500	48710	182174	500
2024.10.29	17:00:00	5763.000	5765.000	5756.000	5762.000	29501	120610	500
2024.10.29	18:00:00	5762.000	5767.000	5759.000	5764.500	9994	42351	500
2024.10.30	09:00:00	5762.000	5789.500	5761.000	5782.500	217166	676885	500
2024.10.30	10:00:00	5782.500	5792.500	5771.000	5776.000	169139	553919	500
2024.10.30	11:00:00	5775.500	5779.500	5764.000	5770.500	125535	420886	500
2024.10.30	12:00:00	5770.500	5786.000	5769.500	5778.500	92337	332590	500
2024.10.30	13:00:00	5778.500	5782.000	5775.500	5778.500	42607	160245	500
2024.10.30	14:00:00	5778.500	5783.000	5765.000	5770.000	62892	254554	500
2024.10.30	15:00:00	5769.500	5771.500	5759.000	5760.500	50440	204021	500
2024.10.30	16:00:00	5760.500	5766.500	5754.000	5763.500	47115	203118	500
2024.10.30	17:00:00	5763.500	5766.000	5761.500	5763.500	18083	86643	500
2024.10.30	18:00:00	5763.500	5770.000	5761.500	5767.500	5505	27481	500
2024.10.31	09:00:00	5783.000	5796.000	5771.000	5785.000	179485	536204	500
2024.10.31	10:00:00	5785.000	5801.000	5770.000	5797.000	166917	579494	500
2024.10.31	11:00:00	5797.000	5802.000	5790.500	5798.000	82387	309307	500
2024.10.31	12:00:00	5797.500	5811.000	5795.000	5807.000	75789	280770	500
2024.10.31	13:00:00	5807.500	5812.000	5797.000	5798.000	63776	277238	500
2024.10.31	14:00:00	5798.000	5807.500	5794.000	5799.000	57029	232326	500
2024.10.31	15:00:00	5799.000	5802.000	5791.500	5796.500	42898	159107	500
2024.10.31	16:00:00	5796.500	5801.500	5795.000	5800.000	27463	101548	500
2024.10.31	17:00:00	5799.500	5808.500	5798.500	5807.000	30864	116047	500
2024.10.31	18:00:00	5807.000	5813.500	5804.500	5811.500	9662	41014	500
2024.11.01	09:00:00	5805.500	5822.000	5779.500	5786.000	196529	642259	500
2024.11.01	10:00:00	5785.500	5830.000	5784.500	5817.000	188740	670512	500
2024.11.01	11:00:00	5816.500	5852.000	5812.000	5842.500	157326	581933	500
2024.11.01	12:00:00	5842.500	5850.000	5836.500	5847.500	59740	239001	500
2024.11.01	13:00:00	5847.000	5849.500	5840.000	5847.000	48691	203264	500
2024.11.01	14:00:00	5847.500	5871.500	5844.000	5867.000	76365	328407	500
2024.11.01	15:00:00	5867.000	5889.000	5864.000	5888.500	88896	404451	500
2024.11.01	16:00:00	5888.500	5893.500	5881.000	5887.000	57563	236070	500
2024.11.01	17:00:00	5887.500	5891.500	5882.500	5886.500	31496	134727	500
2024.11.01	18:00:00	5886.000	5904.500	5885.500	5895.000	14100	64251	500
2024.11.04	09:00:00	5852.500	5856.000	5815.000	5818.000	230453	667348	500
2024.11.04	10:00:00	5818.000	5833.500	5816.000	5819.000	142829	458471	500
2024.11.04	11:00:00	5819.500	5822.000	5787.000	5795.500	151997	536803	500
2024.11.04	12:00:00	5795.000	5801.000	5773.500	5783.000	104606	376943	500
2024.11.04	13:00:00	5783.000	5791.500	5772.000	5787.000	64916	241576	500
2024.11.04	14:00:00	5787.500	5795.000	5782.500	5789.000	50020	174339	500
2024.11.04	15:00:00	5789.000	5802.500	5779.000	5785.000	67173	250665	500
2024.11.04	16:00:00	5785.500	5799.500	5784.000	5799.000	31336	125898	500
2024.11.04	17:00:00	5799.000	5809.500	5798.000	5799.500	45583	170783	500
2024.11.04	18:00:00	5799.500	5810.000	5799.000	5809.000	10038	41161	500
2024.11.05	09:00:00	5800.000	5820.000	5794.500	5800.000	227931	669592	500
2024.11.05	10:00:00	5800.000	5808.000	5787.500	5798.500	153857	508670	500
2024.11.05	11:00:00	5799.000	5818.000	5792.000	5797.000	136519	510657	500
2024.11.05	12:00:00	5797.000	5809.500	5795.000	5807.000	80120	305986	500
2024.11.05	13:00:00	5806.500	5812.500	5786.000	5787.000	67574	270705	500
2024.11.05	14:00:00	5787.000	5790.500	5760.500	5767.500	100692	375867	500
2024.11.05	15:00:00	5767.500	5770.000	5754.500	5767.500	53856	202982	500
2024.11.05	16:00:00	5767.500	5770.000	5753.500	5761.000	38456	144594	500
2024.11.05	17:00:00	5760.500	5763.000	5755.500	5759.000	23524	89755	500
2024.11.05	18:00:00	5759.000	5767.000	5758.500	5765.500	9382	43505	500
2024.11.06	09:00:00	5868.000	5875.000	5815.500	5821.500	326266	930840	500
2024.11.06	10:00:00	5821.500	5825.500	5785.000	5788.000	216098	735656	500
2024.11.06	11:00:00	5787.500	5807.000	5773.000	5787.000	176469	624286	500
2024.11.06	12:00:00	5787.000	5788.000	5728.500	5729.000	176952	646670	500
2024.11.06	13:00:00	5729.500	5736.000	5708.500	5717.500	118649	465784	500
2024.11.06	14:00:00	5717.500	5726.500	5703.500	5705.500	78906	328253	500
2024.11.06	15:00:00	5705.500	5707.000	5677.000	5698.500	119669	486478	500
2024.11.06	16:00:00	5698.500	5702.500	5687.500	5689.500	58138	205677	500
2024.11.06	17:00:00	5690.000	5691.000	5681.000	5689.500	32389	118664	500
2024.11.06	18:00:00	5689.500	5729.500	5684.000	5727.000	23483	114727	500
2024.11.07	09:00:00	5707.000	5722.500	5680.000	5707.000	279131	840476	500
2024.11.07	10:00:00	5707.500	5713.500	5646.500	5657.000	265412	897035	500
2024.11.07	11:00:00	5657.000	5678.000	5645.000	5671.000	148068	516673	500
2024.11.07	12:00:00	5671.000	5693.500	5658.500	5688.500	95685	365801	500
2024.11.07	13:00:00	5689.000	5726.000	5687.500	5715.000	127734	459370	500
2024.11.07	14:00:00	5715.500	5735.500	5695.000	5724.000	139584	540948	500
2024.11.07	15:00:00	5724.000	5730.500	5688.000	5691.500	80148	299073	500
2024.11.07	16:00:00	5691.500	5706.500	5679.500	5687.500	108232	359217	500
2024.11.07	17:00:00	5687.000	5709.000	5675.000	5704.500	56463	180460	500
2024.11.07	18:00:00	5704.000	5714.000	5698.000	5707.000	14306	45676	500
2024.11.08	09:00:00	5743.500	5764.000	5736.500	5757.500	205188	580797	500
2024.11.08	10:00:00	5757.500	5779.000	5757.000	5768.000	158277	507398	500
2024.11.08	11:00:00	5767.500	5786.000	5757.000	5780.500	119201	398036	500
2024.11.08	12:00:00	5781.000	5796.500	5775.000	5793.500	85484	314226	500
2024.11.08	13:00:00	5793.500	5800.000	5784.500	5800.000	70995	259000	500
2024.11.08	14:00:00	5799.500	5801.500	5778.000	5780.500	81751	324755	500
2024.11.08	15:00:00	5780.500	5785.500	5767.000	5772.500	75819	279415	500
2024.11.08	16:00:00	5772.000	5775.000	5743.500	5746.500	62460	229662	500
2024.11.08	17:00:00	5746.500	5750.500	5732.500	5744.500	59860	204654	500
2024.11.08	18:00:00	5744.500	5759.500	5743.500	5757.000	10801	43965	500
2024.11.11	09:00:00	5787.000	5823.000	5781.000	5816.500	186094	588320	500
2024.11.11	10:00:00	5816.500	5827.000	5803.000	5809.500	148919	473772	500
2024.11.11	11:00:00	5809.500	5815.500	5790.000	5811.500	130554	416870	500
2024.11.11	12:00:00	5811.500	5815.000	5792.500	5797.000	77693	259671	500
2024.11.11	13:00:00	5797.000	5800.000	5780.500	5784.500	50189	182090	500
2024.11.11	14:00:00	5784.000	5785.000	5774.500	5778.000	49712	187426	500
2024.11.11	15:00:00	5778.000	5785.000	5772.500	5778.000	48863	180446	500
2024.11.11	16:00:00	5777.500	5785.000	5777.500	5780.000	33816	130365	500
2024.11.11	17:00:00	5780.000	5780.000	5759.000	5767.000	49440	184752	500
2024.11.11	18:00:00	5767.000	5776.000	5764.000	5772.000	12038	47872	500
2024.11.12	09:00:00	5795.000	5804.000	5764.500	5773.000	197419	613257	500
2024.11.12	10:00:00	5773.500	5793.000	5761.500	5791.000	162166	540373	500
2024.11.12	11:00:00	5791.000	5798.000	5770.500	5772.500	146235	541568	500
2024.11.12	12:00:00	5772.500	5794.500	5766.500	5790.000	108980	410976	500
2024.11.12	13:00:00	5790.000	5790.500	5775.500	5786.500	71538	253756	500
2024.11.12	14:00:00	5787.000	5807.000	5786.000	5800.000	87689	318748	500
2024.11.12	15:00:00	5800.000	5801.000	5769.000	5775.000	84582	342991	500
2024.11.12	16:00:00	5775.000	5782.500	5773.000	5781.000	37448	149817	500
2024.11.12	17:00:00	5781.000	5781.500	5763.000	5765.000	29759	122544	500
2024.11.12	18:00:00	5764.500	5765.000	5749.000	5758.000	13631	67466	500
2024.11.13	09:00:00	5740.000	5768.500	5735.500	5754.500	176895	513145	500
2024.11.13	10:00:00	5754.500	5765.500	5733.500	5754.000	200887	685895	500
2024.11.13	11:00:00	5753.500	5800.500	5753.000	5795.500	165639	564013	500
2024.11.13	12:00:00	5795.500	5821.500	5791.000	5812.500	121381	449941	500
2024.11.13	13:00:00	5812.500	5826.000	5809.500	5823.500	76612	276867	500
2024.11.13	14:00:00	5823.500	5824.500	5812.000	5820.000	59963	227624	500
2024.11.13	15:00:00	5820.500	5829.000	5815.000	5824.000	48464	196270	500
2024.11.13	16:00:00	5823.500	5825.500	5800.500	5803.000	78083	303648	500
2024.11.13	17:00:00	5803.000	5811.000	5799.000	5807.500	42026	149824	500
2024.11.13	18:00:00	5807.500	5820.000	5807.000	5817.500	16142	62799	500
2024.11.14	09:00:00	5815.000	5839.000	5804.500	5822.000	232137	661469	500
2024.11.14	10:00:00	5822.000	5828.000	5787.500	5792.000	189950	645611	500
2024.11.14	11:00:00	5792.000	5802.500	5784.500	5799.000	110002	395527	500
2024.11.14	12:00:00	5799.000	5799.000	5772.000	5791.000	100552	360058	500
2024.11.14	13:00:00	5791.000	5793.000	5780.500	5787.000	54429	207314	500
2024.11.14	14:00:00	5786.500	5804.000	5779.500	5786.500	69071	268092	500
2024.11.14	15:00:00	5786.500	5796.500	5783.500	5790.500	51900	191073	500
2024.11.14	16:00:00	5790.500	5800.000	5782.500	5797.000	40776	150493	500
2024.11.14	17:00:00	5797.500	5816.500	5794.500	5804.500	69459	249743	500
2024.11.14	18:00:00	5804.500	5809.500	5788.500	5789.500	11432	46884	500
2024.11.18	09:00:00	5785.000	5808.500	5776.000	5797.000	167400	503320	500
2024.11.18	10:00:00	5797.000	5804.000	5771.500	5776.500	144816	486835	500
2024.11.18	11:00:00	5776.000	5778.500	5748.500	5751.500	117785	418559	500
2024.11.18	12:00:00	5751.500	5761.000	5744.500	5748.500	73195	250457	500
2024.11.18	13:00:00	5748.000	5764.500	5748.000	5754.500	60656	223435	500
2024.11.18	14:00:00	5754.000	5770.000	5750.000	5752.500	63914	243979	500
2024.11.18	15:00:00	5753.000	5755.500	5744.000	5749.000	50728	181560	500
2024.11.18	16:00:00	5748.500	5757.500	5745.000	5755.500	31501	112789	500
2024.11.18	17:00:00	5755.500	5765.500	5750.500	5759.000	29809	100757	500
2024.11.18	18:00:00	5759.500	5760.000	5753.000	5754.500	9069	44798	500
2024.11.19	09:00:00	5770.000	5781.500	5754.000	5780.500	197750	605605	500
2024.11.19	10:00:00	5780.500	5804.000	5772.500	5776.500	171172	651520	500
2024.11.19	11:00:00	5776.000	5785.000	5760.000	5783.500	135173	505296	500
2024.11.19	12:00:00	5783.500	5795.000	5776.000	5781.000	74185	269501	500
2024.11.19	13:00:00	5781.000	5785.000	5764.500	5766.000	51121	190530	500
2024.11.19	14:00:00	5766.000	5783.000	5764.000	5782.000	47184	182816	500
2024.11.19	15:00:00	5782.000	5792.500	5777.000	5781.000	56582	233173	500
2024.11.19	16:00:00	5781.500	5782.500	5772.000	5774.500	30072	123663	500
2024.11.19	17:00:00	5774.500	5781.500	5771.500	5779.000	22871	97309	500
2024.11.19	18:00:00	5779.000	5779.500	5772.000	5775.500	8320	38048	500
2024.11.21	09:00:00	5790.000	5829.500	5788.000	5819.500	220057	691185	500
2024.11.21	10:00:00	5819.500	5834.500	5812.500	5825.000	176089	624140	500
2024.11.21	11:00:00	5825.000	5831.500	5816.000	5824.500	100711	377216	500
2024.11.21	12:00:00	5824.500	5827.000	5809.500	5820.500	83634	325733	500
2024.11.21	13:00:00	5820.000	5840.500	5817.000	5836.000	88955	307203	500
2024.11.21	14:00:00	5835.500	5839.500	5813.000	5816.500	72581	275752	500
2024.11.21	15:00:00	5817.000	5827.000	5812.000	5820.500	59287	223551	500
2024.11.21	16:00:00	5821.000	5826.500	5818.000	5818.500	30216	117737	500
2024.11.21	17:00:00	5818.000	5824.000	5816.500	5820.000	24466	90801	500
2024.11.21	18:00:00	5820.000	5825.000	5818.500	5822.500	9382	43618	500
2024.11.22	09:00:00	5828.000	5832.500	5794.000	5797.000	222747	654346	500
2024.11.22	10:00:00	5797.000	5838.000	5795.500	5835.500	190029	662940	500
2024.11.22	11:00:00	5836.000	5837.500	5818.500	5835.500	102860	382738	500
2024.11.22	12:00:00	5835.000	5836.000	5808.000	5817.000	97773	348643	500
2024.11.22	13:00:00	5817.000	5818.500	5804.000	5810.500	52406	201922	500
2024.11.22	14:00:00	5810.500	5828.000	5808.500	5824.000	50885	189308	500
2024.11.22	15:00:00	5824.500	5825.000	5813.500	5815.000	42091	161790	500
2024.11.22	16:00:00	5815.000	5819.500	5812.000	5819.000	26060	106225	500
2024.11.22	17:00:00	5818.500	5821.000	5809.500	5810.000	23195	91384	500
2024.11.22	18:00:00	5810.000	5811.500	5802.500	5810.000	15311	68818	500
2024.11.25	09:00:00	5790.000	5809.000	5781.500	5808.000	212559	627160	500
2024.11.25	10:00:00	5808.500	5815.000	5789.500	5801.500	166432	506245	500
2024.11.25	11:00:00	5801.500	5802.000	5779.000	5796.500	125206	423566	500
2024.11.25	12:00:00	5796.500	5823.000	5787.500	5821.500	115217	470468	500
2024.11.25	13:00:00	5821.500	5823.000	5808.500	5815.500	74501	294633	500
2024.11.25	14:00:00	5815.000	5824.000	5811.500	5813.000	43066	172587	500
2024.11.25	15:00:00	5813.000	5821.000	5808.000	5809.000	44656	163840	500
2024.11.25	16:00:00	5809.000	5816.000	5801.000	5806.000	45647	186797	500
2024.11.25	17:00:00	5806.500	5818.500	5806.000	5815.000	31427	113356	500
2024.11.25	18:00:00	5815.000	5816.000	5799.000	5801.500	14117	61431	500
2024.11.26	09:00:00	5815.500	5828.500	5783.000	5789.500	205762	631945	500
2024.11.26	10:00:00	5789.500	5811.000	5786.000	5804.500	163008	549724	500
2024.11.26	11:00:00	5804.500	5812.500	5799.500	5801.000	102700	408032	500
2024.11.26	12:00:00	5801.500	5807.000	5793.500	5803.000	74262	294922	500
2024.11.26	13:00:00	5802.500	5813.000	5801.500	5810.500	48973	191910	500
2024.11.26	14:00:00	5810.500	5821.500	5801.500	5818.000	61569	259400	500
2024.11.26	15:00:00	5818.500	5823.000	5803.500	5807.000	55906	229435	500
2024.11.26	16:00:00	5806.500	5811.500	5804.000	5809.000	30031	115834	500
2024.11.26	17:00:00	5809.000	5834.500	5807.500	5813.500	64799	244495	500
2024.11.26	18:00:00	5813.500	5814.000	5805.000	5811.000	10683	45767	500
2024.11.27	09:00:00	5806.500	5834.000	5805.000	5831.500	192370	587164	500
2024.11.27	10:00:00	5831.500	5834.000	5817.000	5826.500	134741	526843	500
2024.11.27	11:00:00	5826.500	5826.500	5815.000	5824.000	82209	345119	500
2024.11.27	12:00:00	5824.500	5849.500	5823.500	5843.000	113607	455583	500
2024.11.27	13:00:00	5843.000	5903.000	5832.000	5874.000	162940	656464	500
2024.11.27	14:00:00	5873.500	5907.500	5873.000	5892.000	189750	647300	500
2024.11.27	15:00:00	5892.000	5931.000	5883.000	5920.500	125339	461848	500
2024.11.27	16:00:00	5920.500	5926.000	5905.000	5915.500	71747	257358	500
2024.11.27	17:00:00	5915.500	5943.500	5898.000	5936.500	72784	275257	500
2024.11.27	18:00:00	5936.500	5966.000	5929.000	5963.500	31047	115385	500
2024.11.28	09:00:00	5977.500	6003.000	5947.000	5975.500	267684	793772	500
2024.11.28	10:00:00	5976.000	5994.000	5959.500	5988.500	144934	457580	500
2024.11.28	11:00:00	5988.500	6002.000	5983.000	5991.000	108382	378187	500
2024.11.28	12:00:00	5991.000	5998.000	5982.500	5994.500	55304	211449	500
2024.11.28	13:00:00	5995.000	6007.000	5987.500	5995.500	74094	281260	500
2024.11.28	14:00:00	5995.000	5997.000	5975.500	5985.500	63599	245040	500
2024.11.28	15:00:00	5985.500	5990.000	5980.000	5986.500	31484	128229	500
2024.11.28	16:00:00	5986.000	6000.500	5981.500	5991.000	35693	142505	500
2024.11.28	17:00:00	5991.500	6026.500	5990.000	6016.000	43996	149966	500
2024.11.28	18:00:00	6015.500	6030.000	6010.000	6024.000	15057	61915	500
2024.11.29	09:00:00	6025.000	6092.500	6015.500	6092.000	269619	819547	500
2024.11.29	10:00:00	6092.000	6138.000	6092.000	6115.000	218296	805124	500
2024.11.29	11:00:00	6115.000	6120.500	6053.500	6076.500	213894	710384	500
2024.11.29	12:00:00	6076.500	6080.000	5977.000	5992.500	246217	779078	500
2024.11.29	13:00:00	5992.500	6033.500	5989.500	6018.500	126482	389855	500
2024.11.29	14:00:00	6018.000	6043.500	6013.000	6038.000	94263	291532	500
2024.11.29	15:00:00	6038.000	6039.000	6025.000	6036.500	42822	137828	500
2024.11.29	16:00:00	6036.500	6045.000	6002.500	6023.000	70655	239798	500
2024.11.29	17:00:00	6023.000	6024.500	5982.500	5997.000	56114	180650	500
2024.11.29	18:00:00	5997.000	6010.000	5990.000	6008.000	11362	44420	500
2024.12.02	09:00:00	6026.000	6057.000	6023.000	6045.500	219488	650379	500
2024.12.02	10:00:00	6045.500	6094.500	6042.000	6084.500	179689	583057	500
2024.12.02	11:00:00	6084.500	6106.500	6083.000	6087.000	157601	520589	500
2024.12.02	12:00:00	6087.000	6106.000	6076.500	6095.500	121981	410821	500
2024.12.02	13:00:00	6095.500	6110.500	6083.000	6093.000	105021	364430	500
2024.12.02	14:00:00	6093.500	6099.500	6064.000	6068.000	81737	288593	500
2024.12.02	15:00:00	6067.500	6091.000	6066.000	6083.500	64539	239796	500
2024.12.02	16:00:00	6084.000	6092.000	6077.000	6086.500	61327	222709	500
2024.12.02	17:00:00	6087.000	6095.500	6085.000	6086.500	51349	169262	500
2024.12.02	18:00:00	6086.500	6091.500	6074.500	6080.500	18251	62185	500
2024.12.03	09:00:00	6068.500	6090.500	6049.500	6086.000	212071	603918	500
2024.12.03	10:00:00	6086.000	6100.000	6071.000	6090.000	178493	544426	500
2024.12.03	11:00:00	6090.000	6113.000	6088.000	6094.000	139567	504536	500
2024.12.03	12:00:00	6094.500	6102.500	6073.500	6074.000	110321	390212	500
2024.12.03	13:00:00	6074.000	6087.500	6068.000	6082.500	73047	253848	500
2024.12.03	14:00:00	6082.500	6099.000	6080.000	6090.500	59339	209256	500
2024.12.03	15:00:00	6091.000	6094.500	6055.000	6058.500	74685	286418	500
2024.12.03	16:00:00	6058.500	6081.000	6058.000	6078.500	72078	278451	500
2024.12.03	17:00:00	6078.000	6078.500	6064.000	6066.500	46957	168206	500
2024.12.03	18:00:00	6066.000	6069.000	6058.500	6059.000	12676	47751	500
2024.12.04	09:00:00	6070.000	6089.500	6065.000	6082.500	182808	524304	500
2024.12.04	10:00:00	6082.500	6087.000	6061.000	6075.500	155858	505416	500
2024.12.04	11:00:00	6075.500	6081.500	6066.500	6076.500	103459	359182	500
2024.12.04	12:00:00	6076.000	6081.500	6046.500	6050.500	126715	478708	500
2024.12.04	13:00:00	6050.500	6059.000	6043.500	6048.500	70213	250462	500
2024.12.04	14:00:00	6048.500	6055.000	6036.000	6038.000	57460	223047	500
2024.12.04	15:00:00	6038.500	6065.500	6037.500	6059.500	82377	317757	500
2024.12.04	16:00:00	6059.500	6062.500	6049.000	6061.000	49866	184055	500
2024.12.04	17:00:00	6060.500	6065.500	6051.500	6055.500	30259	122932	500
2024.12.04	18:00:00	6055.000	6060.000	6053.500	6056.000	6310	28067	500
2024.12.05	09:00:00	6049.000	6052.500	6018.000	6020.500	196731	564136	500
2024.12.05	10:00:00	6020.000	6021.000	6005.000	6011.000	150085	533890	500
2024.12.05	11:00:00	6010.500	6011.500	5976.000	5979.000	153595	598277	500
2024.12.05	12:00:00	5979.000	5998.000	5975.500	5988.500	85195	340257	500
2024.12.05	13:00:00	5988.500	5994.000	5982.000	5991.500	47354	205604	500
2024.12.05	14:00:00	5991.000	6014.000	5991.000	6009.000	71215	273444	500
2024.12.05	15:00:00	6008.500	6019.000	6006.500	6011.500	55092	206016	500
2024.12.05	16:00:00	6011.000	6027.000	6008.500	6024.000	48460	190276	500
2024.12.05	17:00:00	6024.500	6030.000	6019.500	6024.500	33312	125771	500
2024.12.05	18:00:00	6024.500	6030.000	6019.000	6030.000	11325	46822	500
2024.12.06	09:00:00	6035.000	6045.000	6008.000	6012.500	202395	599497	500
2024.12.06	10:00:00	6012.500	6028.000	5998.500	6021.000	169858	538278	500
2024.12.06	11:00:00	6021.000	6063.000	6016.500	6060.000	152645	569440	500
2024.12.06	12:00:00	6060.000	6086.500	6056.000	6077.500	117814	453077	500
2024.12.06	13:00:00	6078.000	6090.000	6072.000	6089.500	56978	214773	500
2024.12.06	14:00:00	6089.500	6106.000	6088.000	6096.500	80131	326926	500
2024.12.06	15:00:00	6096.500	6107.000	6092.500	6103.000	65316	274443	500
2024.12.06	16:00:00	6103.000	6107.500	6089.000	6090.000	47787	196928	500
2024.12.06	17:00:00	6090.000	6105.000	6085.000	6104.000	40530	150899	500
2024.12.06	18:00:00	6104.500	6108.500	6101.000	6101.500	15005	63065	500
2024.12.09	09:00:00	6092.000	6096.000	6056.000	6068.500	180737	558817	500
2024.12.09	10:00:00	6068.500	6080.500	6053.000	6078.500	130515	405413	500
2024.12.09	11:00:00	6078.500	6081.500	6050.500	6060.500	120400	410177	500
2024.12.09	12:00:00	6060.500	6089.500	6059.000	6078.000	106813	404020	500
2024.12.09	13:00:00	6078.000	6086.000	6072.500	6079.000	61894	210895	500
2024.12.09	14:00:00	6078.500	6094.500	6076.000	6094.500	57608	200788	500
2024.12.09	15:00:00	6094.000	6100.500	6084.000	6100.500	51391	179374	500
2024.12.09	16:00:00	6100.500	6104.000	6091.500	6095.500	50412	193451	500
2024.12.09	17:00:00	6095.500	6100.500	6093.500	6097.000	22990	79896	500
2024.12.09	18:00:00	6096.500	6099.000	6092.000	6092.000	9384	41199	500
2024.12.10	09:00:00	6067.000	6083.500	6029.500	6062.500	281176	904924	500
2024.12.10	10:00:00	6062.500	6080.000	6046.500	6058.500	146725	494223	500
2024.12.10	11:00:00	6059.000	6070.000	6042.000	6053.000	119368	395138	500
2024.12.10	12:00:00	6053.500	6066.000	6051.500	6061.500	75520	278583	500
2024.12.10	13:00:00	6062.000	6073.500	6059.500	6066.500	63648	247794	500
2024.12.10	14:00:00	6066.500	6077.500	6056.500	6075.000	55441	196638	500
2024.12.10	15:00:00	6074.500	6078.500	6066.500	6071.500	41830	148753	500
2024.12.10	16:00:00	6071.000	6076.000	6056.500	6059.000	38211	147998	500
2024.12.10	17:00:00	6058.500	6066.000	6051.500	6064.000	35026	135806	500
2024.12.10	18:00:00	6064.000	6067.500	6056.500	6057.500	10238	49935	500
2024.12.11	09:00:00	6080.000	6084.000	6052.500	6072.000	186091	582256	500
2024.12.11	10:00:00	6072.000	6072.500	6036.500	6042.000	202726	685071	500
2024.12.11	11:00:00	6042.000	6044.000	6023.000	6036.500	134390	511424	500
2024.12.11	12:00:00	6036.500	6062.000	6034.000	6048.500	105011	393591	500
2024.12.11	13:00:00	6049.000	6051.000	6014.000	6018.500	92677	388480	500
2024.12.11	14:00:00	6018.500	6025.500	6012.500	6023.500	49751	180562	500
2024.12.11	15:00:00	6024.000	6038.000	6021.500	6025.500	61074	236089	500
2024.12.11	16:00:00	6025.500	6026.500	5959.500	5965.500	159328	589084	500
2024.12.11	17:00:00	5966.000	5999.000	5948.000	5970.500	116421	385830	500
2024.12.11	18:00:00	5970.000	5976.500	5949.000	5965.000	21834	77056	500
2024.12.12	09:00:00	5899.000	5921.000	5877.000	5909.500	278468	927111	500
2024.12.12	10:00:00	5909.000	5932.500	5896.000	5931.500	170089	562861	500
2024.12.12	11:00:00	5931.500	5959.000	5923.000	5953.000	163069	633354	500
2024.12.12	12:00:00	5953.000	6024.000	5949.500	6015.500	163050	648988	500
2024.12.12	13:00:00	6015.000	6026.500	5994.000	6020.500	95071	370020	500
2024.12.12	14:00:00	6020.500	6059.000	6020.000	6042.000	137282	534164	500
2024.12.12	15:00:00	6041.500	6049.000	6035.000	6041.000	66252	236878	500
2024.12.12	16:00:00	6041.000	6049.500	5994.500	6021.500	104710	423861	500
2024.12.12	17:00:00	6021.000	6027.000	6001.000	6008.000	68544	219430	500
2024.12.12	18:00:00	6008.000	6013.000	5980.500	5984.500	21633	88761	500
2024.12.13	09:00:00	5992.500	6045.000	5980.500	6044.500	226122	652398	500
2024.12.13	10:00:00	6044.500	6052.500	6013.000	6027.500	197396	621317	500
2024.12.13	11:00:00	6027.500	6039.000	6020.000	6036.000	136605	417957	500
2024.12.13	12:00:00	6036.000	6057.000	6034.000	6056.500	122117	386593	500
2024.12.13	13:00:00	6056.500	6081.000	6055.500	6073.500	103399	364339	500
2024.12.13	14:00:00	6074.000	6085.500	6015.500	6043.500	161700	607363	500
2024.12.13	15:00:00	6044.000	6059.500	6030.000	6057.000	90138	303599	500
2024.12.13	16:00:00	6057.000	6062.500	6033.000	6038.500	65907	229422	500
2024.12.13	17:00:00	6038.000	6069.000	6038.000	6066.500	52062	184443	500
2024.12.13	18:00:00	6066.000	6069.000	6032.500	6048.500	18838	64628	500
2024.12.16	09:00:00	6078.500	6107.000	6033.500	6057.000	337277	1070409	500
2024.12.16	10:00:00	6056.500	6065.000	6032.500	6050.000	157169	467142	500
2024.12.16	11:00:00	6050.000	6092.000	6050.000	6064.000	159626	509050	500
2024.12.16	12:00:00	6064.500	6086.500	6061.500	6077.500	99222	309603	500
2024.12.16	13:00:00	6077.500	6079.500	6060.000	6068.000	74070	237282	500
2024.12.16	14:00:00	6068.500	6094.000	6066.000	6091.000	78733	256925	500
2024.12.16	15:00:00	6091.000	6100.000	6084.000	6086.500	71214	245087	500
2024.12.16	16:00:00	6086.500	6104.500	6082.500	6101.500	51988	170890	500
2024.12.16	17:00:00	6101.500	6150.000	6101.000	6141.500	98174	333437	500
2024.12.16	18:00:00	6141.500	6161.000	6140.000	6160.500	23579	105645	500
2024.12.17	09:00:00	6155.000	6172.500	6104.000	6147.000	377528	1066939	500
2024.12.17	10:00:00	6147.500	6184.000	6147.000	6158.000	213754	654622	500
2024.12.17	11:00:00	6158.500	6197.000	6156.500	6195.500	162314	502539	500
2024.12.17	12:00:00	6196.000	6217.500	6165.000	6177.500	259738	926975	500
2024.12.17	13:00:00	6177.500	6183.500	6112.500	6122.500	194503	550928	500
2024.12.17	14:00:00	6122.500	6137.500	6100.000	6101.000	143044	398922	500
2024.12.17	15:00:00	6101.000	6113.500	6067.500	6101.500	180190	486773	500
2024.12.17	16:00:00	6101.500	6112.000	6081.000	6105.000	111715	298617	500
2024.12.17	17:00:00	6105.000	6121.500	6097.000	6115.000	75891	189925	500
2024.12.17	18:00:00	6115.000	6118.000	6105.500	6114.000	18616	67609	500
2024.12.18	09:00:00	6107.500	6152.000	6100.000	6148.500	309651	802675	500
2024.12.18	10:00:00	6148.500	6168.000	6148.000	6167.000	146989	440052	500
2024.12.18	11:00:00	6167.000	6175.000	6139.000	6160.000	184866	577375	500
2024.12.18	12:00:00	6160.000	6195.000	6155.000	6191.000	135411	450751	500
2024.12.18	13:00:00	6191.000	6204.000	6188.000	6199.000	107637	375650	500
2024.12.18	14:00:00	6198.500	6213.000	6188.500	6207.500	86439	279497	500
2024.12.18	15:00:00	6207.500	6230.000	6204.500	6222.000	101216	336461	500
2024.12.18	16:00:00	6221.500	6278.500	6220.000	6273.000	183594	544652	500
2024.12.18	17:00:00	6272.500	6324.500	6265.000	6297.500	160361	422490	500
2024.12.18	18:00:00	6297.500	6310.000	6253.500	6253.500	30839	109762	500
2024.12.19	09:00:00	6250.000	6304.000	6241.000	6270.500	325283	875048	500
2024.12.19	10:00:00	6271.000	6308.500	6190.000	6196.000	447572	1436160	500
2024.12.19	11:00:00	6196.000	6204.000	6147.500	6157.500	298431	980645	500
2024.12.19	12:00:00	6157.500	6193.000	6140.000	6140.500	200083	616735	500
2024.12.19	13:00:00	6141.000	6157.500	6126.500	6149.500	152208	523742	500
2024.12.19	14:00:00	6150.000	6158.000	6126.500	6130.500	123354	314238	500
2024.12.19	15:00:00	6130.500	6136.500	6112.000	6119.500	117538	325064	500
2024.12.19	16:00:00	6119.500	6137.500	6116.500	6131.500	95534	288282	500
2024.12.19	17:00:00	6131.500	6155.000	6121.000	6151.500	91566	252551	500
2024.12.19	18:00:00	6152.000	6168.000	6150.000	6164.500	25365	85170	500
2024.12.20	09:00:00	6106.000	6118.500	6056.500	6065.500	309251	785079	500
2024.12.20	10:00:00	6066.000	6121.500	6064.500	6102.000	243037	660166	500
2024.12.20	11:00:00	6102.000	6107.000	6078.500	6086.000	199670	519945	500
2024.12.20	12:00:00	6086.500	6101.500	6074.500	6090.000	158411	509224	500
2024.12.20	13:00:00	6090.000	6105.500	6074.000	6090.000	116187	363400	500
2024.12.20	14:00:00	6089.500	6102.000	6076.500	6098.500	91819	261045	500
2024.12.20	15:00:00	6099.000	6112.000	6051.000	6063.000	184184	538360	500
2024.12.20	16:00:00	6062.500	6081.000	6060.500	6076.500	69957	207343	500
2024.12.20	17:00:00	6077.000	6093.000	6070.500	6090.000	52877	151677	500
2024.12.20	18:00:00	6089.500	6108.000	6082.000	6100.500	18515	69772	500
2024.12.23	09:00:00	6123.000	6161.500	6113.000	6158.500	230985	594709	500
2024.12.23	10:00:00	6158.000	6166.000	6145.000	6159.500	121935	328324	500
2024.12.23	11:00:00	6159.500	6174.000	6149.000	6163.500	128445	352382	500
2024.12.23	12:00:00	6163.500	6182.500	6159.500	6173.000	116273	345249	500
2024.12.23	13:00:00	6173.000	6189.500	6169.000	6184.000	66237	201224	500
2024.12.23	14:00:00	6183.500	6200.500	6182.500	6191.500	66846	203634	500
2024.12.23	15:00:00	6191.500	6206.000	6185.500	6195.000	79282	248533	500
2024.12.23	16:00:00	6195.000	6198.000	6185.500	6189.500	55149	170522	500
2024.12.23	17:00:00	6189.500	6203.500	6186.000	6195.500	53442	142298	500
2024.12.23	18:00:00	6196.000	6204.500	6190.000	6201.500	17207	53622	500
2024.12.26	09:00:00	6165.000	6198.000	6152.000	6169.000	228238	615884	500
2024.12.26	10:00:00	6168.500	6202.000	6163.500	6179.000	182292	517610	500
2024.12.26	11:00:00	6179.000	6194.500	6165.500	6167.500	119999	374315	500
2024.12.26	12:00:00	6167.500	6177.000	6150.500	6155.000	98442	325195	500
2024.12.26	13:00:00	6155.000	6166.500	6152.000	6162.500	67517	217404	500
2024.12.26	14:00:00	6162.500	6183.500	6160.500	6175.500	83687	238118	500
2024.12.26	15:00:00	6175.500	6182.000	6164.000	6177.000	72188	222029	500
2024.12.26	16:00:00	6177.500	6187.500	6176.000	6182.000	56316	152965	500
2024.12.26	17:00:00	6181.500	6187.000	6178.500	6184.000	35748	103962	500
2024.12.26	18:00:00	6183.500	6188.000	6179.500	6186.000	12835	40007	500
2024.12.27	09:00:00	6200.000	6218.000	6172.000	6183.000	219859	558610	500
2024.12.27	10:00:00	6183.500	6217.000	6183.000	6210.500	159815	435460	500
2024.12.27	11:00:00	6210.000	6215.500	6190.000	6200.000	112434	301668	500
2024.12.27	12:00:00	6200.000	6213.000	6190.000	6204.000	109697	303588	500
2024.12.27	13:00:00	6203.500	6213.000	6200.500	6204.500	68222	179443	500
2024.12.27	14:00:00	6205.000	6206.500	6191.000	6198.500	68619	184979	500
2024.12.27	15:00:00	6198.000	6208.000	6193.000	6204.500	50895	148900	500
2024.12.27	16:00:00	6204.000	6205.000	6188.500	6194.000	49378	143257	500
2024.12.27	17:00:00	6194.000	6197.000	6175.000	6190.500	53654	145568	500
2024.12.27	18:00:00	6191.000	6199.000	6190.500	6198.500	9359	27166	500
2024.12.30	09:00:00	6240.000	6254.500	6206.500	6216.500	184142	470598	500
2024.12.30	10:00:00	6216.000	6236.500	6186.500	6205.500	170164	498624	500
2024.12.30	11:00:00	6205.500	6221.500	6198.500	6219.000	112319	357179	500
2024.12.30	12:00:00	6218.500	6261.500	6209.000	6256.500	111114	358073	500
2024.12.30	13:00:00	6257.000	6277.500	6218.000	6237.000	127360	397431	500
2024.12.30	14:00:00	6237.000	6240.000	6196.000	6213.500	119260	356784	500
2024.12.30	15:00:00	6213.500	6229.000	6211.000	6218.000	54748	171090	500
2024.12.30	16:00:00	6218.000	6220.000	6205.500	6215.000	44716	128805	500
2024.12.30	17:00:00	6215.000	6218.000	6209.000	6212.500	33420	89899	500
2024.12.30	18:00:00	6212.500	6215.500	6202.500	6204.000	8237	32050	500
2025.01.02	09:00:00	6219.500	6261.000	6192.500	6247.500	203726	555766	500
2025.01.02	10:00:00	6248.000	6259.500	6236.500	6242.500	121671	331368	500
2025.01.02	11:00:00	6242.000	6253.000	6228.500	6237.000	125383	371241	500
2025.01.02	12:00:00	6237.500	6244.000	6216.500	6219.500	100128	317417	500
2025.01.02	13:00:00	6220.000	6226.500	6184.000	6188.000	130121	383329	500
2025.01.02	14:00:00	6187.500	6211.500	6186.500	6198.000	82538	231505	500
2025.01.02	15:00:00	6198.000	6209.500	6190.000	6191.000	67033	181719	500
2025.01.02	16:00:00	6190.500	6206.500	6188.000	6197.500	55651	168144	500
2025.01.02	17:00:00	6197.500	6200.000	6175.000	6185.000	48447	135065	500
2025.01.02	18:00:00	6185.000	6191.000	6181.500	6185.000	12231	37008	500
2025.01.03	09:00:00	6180.000	6232.000	6177.000	6218.000	203466	549641	500
2025.01.03	10:00:00	6218.500	6221.500	6166.500	6175.000	220654	644819	500
2025.01.03	11:00:00	6174.500	6190.000	6168.000	6186.500	111755	310694	500
2025.01.03	12:00:00	6187.000	6207.500	6186.000	6189.500	108072	319301	500
2025.01.03	13:00:00	6189.000	6210.500	6183.000	6207.500	63859	188550	500
2025.01.03	14:00:00	6208.000	6220.000	6196.500	6217.500	85412	244086	500
2025.01.03	15:00:00	6217.500	6221.500	6209.500	6217.000	53350	144890	500
2025.01.03	16:00:00	6216.500	6217.500	6205.000	6214.000	48653	141894	500
2025.01.03	17:00:00	6213.500	6217.000	6208.000	6216.500	30680	77572	500
2025.01.03	18:00:00	6216.000	6218.000	6199.500	6213.500	12782	39225	500
2025.01.06	09:00:00	6176.500	6179.500	6150.000	6153.000	257040	649494	500
2025.01.06	10:00:00	6153.000	6153.000	6121.000	6136.000	203991	548515	500
2025.01.06	11:00:00	6136.000	6183.500	6133.000	6145.500	205213	578424	500
2025.01.06	12:00:00	6145.500	6149.000	6127.000	6143.500	100034	275970	500
2025.01.06	13:00:00	6143.500	6147.500	6129.500	6139.000	61399	184714	500
2025.01.06	14:00:00	6138.500	6157.500	6131.000	6148.500	66304	198661	500
2025.01.06	15:00:00	6149.000	6155.500	6139.000	6140.500	58029	171066	500
2025.01.06	16:00:00	6140.000	6145.000	6137.000	6143.000	37063	111596	500
2025.01.06	17:00:00	6142.500	6147.000	6135.500	6145.000	39256	107150	500
2025.01.06	18:00:00	6145.000	6147.000	6135.000	6140.000	13810	41154	500
2025.01.07	09:00:00	6143.000	6147.000	6107.000	6126.500	244838	640805	500
2025.01.07	10:00:00	6126.500	6127.500	6090.000	6090.000	193908	541254	500
2025.01.07	11:00:00	6090.000	6116.500	6090.000	6097.500	141655	397442	500
2025.01.07	12:00:00	6097.500	6112.500	6083.000	6091.500	130316	376893	500
2025.01.07	13:00:00	6091.500	6103.000	6080.500	6092.000	94819	273638	500
2025.01.07	14:00:00	6091.500	6109.500	6085.500	6102.000	72422	221163	500
2025.01.07	15:00:00	6102.000	6135.500	6101.500	6132.000	89079	301061	500
2025.01.07	16:00:00	6132.500	6145.000	6130.500	6132.500	73485	238046	500
2025.01.07	17:00:00	6132.000	6139.000	6124.500	6128.500	49805	126556	500
2025.01.07	18:00:00	6128.500	6139.000	6128.000	6131.000	12514	40372	500
2025.01.08	09:00:00	6151.500	6173.500	6149.000	6155.000	237231	610066	500
2025.01.08	10:00:00	6154.500	6182.000	6150.000	6173.000	210821	576778	500
2025.01.08	11:00:00	6173.000	6175.500	6145.000	6159.000	154290	465415	500
2025.01.08	12:00:00	6159.000	6162.500	6137.500	6145.500	99651	298594	500
2025.01.08	13:00:00	6145.500	6161.000	6145.000	6155.000	70381	217203	500
2025.01.08	14:00:00	6155.000	6160.500	6143.500	6147.000	55978	160868	500
2025.01.08	15:00:00	6147.000	6152.500	6139.000	6146.000	70487	206749	500
2025.01.08	16:00:00	6146.000	6147.500	6128.500	6136.500	52579	151425	500
2025.01.08	17:00:00	6136.000	6138.000	6130.500	6136.500	31246	90895	500
2025.01.08	18:00:00	6136.500	6137.500	6127.500	6130.500	13876	41826	500
2025.01.09	09:00:00	6132.000	6147.500	6121.000	6135.500	202278	526228	500
2025.01.09	10:00:00	6136.000	6144.500	6122.000	6130.500	154553	466051	500
2025.01.09	11:00:00	6130.000	6140.000	6100.000	6102.000	143627	460749	500
2025.01.09	12:00:00	6101.500	6112.000	6080.500	6095.500	111048	371329	500
2025.01.09	13:00:00	6095.000	6103.000	6088.500	6095.000	63832	218076	500
2025.01.09	14:00:00	6095.000	6106.500	6089.000	6097.000	54584	175829	500
2025.01.09	15:00:00	6097.000	6097.500	6072.500	6079.500	77617	289396	500
2025.01.09	16:00:00	6080.000	6083.000	6060.000	6068.500	49240	187355	500
2025.01.09	17:00:00	6068.000	6068.500	6060.500	6061.500	34496	115639	500
2025.01.09	18:00:00	6061.000	6064.500	6056.000	6061.000	15448	51642	500
2025.01.10	09:00:00	6064.000	6087.000	6055.000	6076.500	158660	402331	500
2025.01.10	10:00:00	6077.000	6150.000	6073.500	6127.500	268688	1036251	500
2025.01.10	11:00:00	6127.500	6135.500	6114.500	6125.000	141019	434638	500
2025.01.10	12:00:00	6125.000	6138.500	6119.000	6135.000	103011	320455	500
2025.01.10	13:00:00	6134.500	6144.500	6127.000	6136.500	76410	223183	500
2025.01.10	14:00:00	6136.000	6141.500	6125.000	6126.500	56610	166865	500
2025.01.10	15:00:00	6127.000	6133.500	6117.500	6119.000	60409	208016	500
2025.01.10	16:00:00	6118.500	6126.500	6116.000	6126.500	43637	149148	500
2025.01.10	17:00:00	6126.500	6134.500	6124.000	6133.500	32927	100417	500
2025.01.10	18:00:00	6133.500	6135.000	6118.000	6128.500	17279	52048	500
2025.01.13	09:00:00	6149.500	6159.000	6097.500	6120.000	215489	571680	500
2025.01.13	10:00:00	6120.000	6144.500	6102.500	6139.000	181387	496428	500
2025.01.13	11:00:00	6139.500	6153.000	6127.500	6136.500	159225	466208	500
2025.01.13	12:00:00	6136.000	6141.500	6117.500	6128.500	89349	260994	500
2025.01.13	13:00:00	6129.000	6134.000	6115.000	6131.500	72148	225765	500
2025.01.13	14:00:00	6131.000	6132.500	6113.000	6115.500	59892	173677	500
2025.01.13	15:00:00	6115.500	6117.000	6101.000	6109.500	69093	218736	500
2025.01.13	16:00:00	6109.500	6125.000	6109.000	6119.500	48024	147191	500
2025.01.13	17:00:00	6119.000	6121.000	6114.000	6119.500	23489	66992	500
2025.01.13	18:00:00	6119.000	6120.000	6113.500	6116.500	8136	28109	500
2025.01.14	09:00:00	6113.500	6113.500	6088.000	6100.500	209564	553040	500
2025.01.14	10:00:00	6100.000	6107.500	6061.500	6079.000	244652	745932	500
2025.01.14	11:00:00	6079.000	6094.500	6072.500	6090.500	152547	473436	500
2025.01.14	12:00:00	6090.500	6096.000	6068.000	6070.500	100124	341399	500
2025.01.14	13:00:00	6070.500	6078.500	6063.500	6071.500	70476	224017	500
2025.01.14	14:00:00	6071.000	6083.000	6063.500	6081.500	64768	216706	500
2025.01.14	15:00:00	6081.500	6082.500	6065.000	6071.000	54799	217331	500
2025.01.14	16:00:00	6071.000	6074.000	6060.500	6065.500	40473	124667	500
2025.01.14	17:00:00	6065.500	6077.000	6064.000	6075.500	33662	103538	500
2025.01.14	18:00:00	6075.500	6082.000	6074.000	6080.500	8673	27299	500
2025.01.15	09:00:00	6065.000	6081.000	6052.000	6075.000	186436	469511	500
2025.01.15	10:00:00	6075.500	6087.000	6030.000	6032.000	275147	845287	500
2025.01.15	11:00:00	6032.500	6058.000	6028.000	6057.000	120306	378960	500
2025.01.15	12:00:00	6057.000	6078.000	6053.000	6058.000	114602	375354	500
2025.01.15	13:00:00	6058.000	6076.500	6056.500	6064.500	81045	255946	500
2025.01.15	14:00:00	6065.000	6070.000	6051.000	6059.000	64792	205512	500
2025.01.15	15:00:00	6059.000	6062.500	6040.000	6042.000	62652	197953	500
2025.01.15	16:00:00	6042.000	6045.000	6034.500	6041.500	50783	154688	500
2025.01.15	17:00:00	6041.500	6043.000	6025.500	6030.500	44501	133599	500
2025.01.15	18:00:00	6030.500	6031.000	6020.000	6028.000	17122	57627	500
2025.01.16	09:00:00	6040.000	6045.000	6011.000	6043.500	249185	697438	500
2025.01.16	10:00:00	6043.500	6065.000	6042.500	6062.000	178169	543326	500
2025.01.16	11:00:00	6062.500	6064.500	6037.000	6037.000	130492	434237	500
2025.01.16	12:00:00	6037.000	6051.500	6020.000	6039.500	148596	500942	500
2025.01.16	13:00:00	6040.000	6067.500	6037.500	6061.000	103566	355595	500
2025.01.16	14:00:00	6060.500	6074.500	6052.000	6071.000	72561	235168	500
2025.01.16	15:00:00	6071.000	6086.000	6070.500	6083.500	58978	196548	500
2025.01.16	16:00:00	6083.500	6084.000	6069.500	6070.000	45014	145607	500
2025.01.16	17:00:00	6070.000	6074.500	6064.000	6071.000	34063	98106	500
2025.01.16	18:00:00	6071.000	6073.000	6063.500	6064.500	11606	33620	500
2025.01.17	09:00:00	6072.000	6075.500	6041.500	6069.500	188676	536212	500
2025.01.17	10:00:00	6069.500	6099.000	6067.500	6097.500	182023	556403	500
2025.01.17	11:00:00	6098.000	6104.500	6061.000	6070.500	174739	577527	500
2025.01.17	12:00:00	6070.500	6073.000	6043.500	6051.500	109297	352450	500
2025.01.17	13:00:00	6051.000	6060.000	6045.000	6051.000	73350	237802	500
2025.01.17	14:00:00	6051.500	6072.500	6046.500	6067.000	64219	221254	500
2025.01.17	15:00:00	6067.000	6082.000	6065.500	6072.000	63243	216029	500
2025.01.17	16:00:00	6072.500	6080.000	6071.000	6078.000	28417	87843	500
2025.01.17	17:00:00	6078.000	6094.500	6078.000	6092.000	49057	144688	500
2025.01.17	18:00:00	6092.000	6092.000	6077.000	6085.000	13281	38735	500
2025.01.20	09:00:00	6080.000	6100.000	6068.000	6095.000	185983	464858	500
2025.01.20	10:00:00	6094.500	6099.500	6056.000	6061.000	211060	603321	500
2025.01.20	11:00:00	6061.500	6072.000	6042.500	6047.500	142066	427021	500
2025.01.20	12:00:00	6048.000	6061.000	6044.000	6060.000	75777	227121	500
2025.01.20	13:00:00	6060.000	6061.000	6050.500	6057.000	46184	138511	500
2025.01.20	14:00:00	6057.500	6079.500	6051.000	6062.500	104756	332243	500
2025.01.20	15:00:00	6062.500	6062.500	6045.000	6054.500	56612	179830	500
2025.01.20	16:00:00	6054.500	6063.000	6051.000	6055.500	32004	98380	500
2025.01.20	17:00:00	6056.000	6057.500	6041.000	6047.500	30155	93026	500
2025.01.20	18:00:00	6047.000	6048.500	6035.000	6035.000	10905	35237	500
2025.01.21	09:00:00	6065.000	6080.000	6054.000	6056.000	230982	623308	500
2025.01.21	10:00:00	6056.000	6070.000	6055.500	6066.000	141074	440450	500
2025.01.21	11:00:00	6066.500	6071.500	6055.000	6061.500	116478	389978	500
2025.01.21	12:00:00	6061.500	6066.000	6038.500	6043.000	106461	352453	500
2025.01.21	13:00:00	6043.500	6047.000	6035.000	6040.000	69755	240437	500
2025.01.21	14:00:00	6040.000	6047.500	6035.500	6046.000	48575	160961	500
2025.01.21	15:00:00	6046.000	6048.500	6029.000	6039.000	63210	223241	500
2025.01.21	16:00:00	6039.500	6048.000	6034.500	6043.500	41608	146531	500
2025.01.21	17:00:00	6043.000	6044.500	6031.500	6037.000	31441	96636	500
2025.01.21	18:00:00	6036.500	6038.000	6030.000	6035.000	10914	36833	500
2025.01.22	09:00:00	6023.000	6030.000	6006.000	6011.500	230111	648358	500
2025.01.22	10:00:00	6011.500	6024.500	5997.000	5999.500	152910	488132	500
2025.01.22	11:00:00	6000.000	6003.000	5937.000	5949.500	241348	907572	500
2025.01.22	12:00:00	5949.500	5954.500	5940.000	5951.500	107399	408155	500
2025.01.22	13:00:00	5951.500	5955.000	5925.000	5935.000	102010	410654	500
2025.01.22	14:00:00	5935.000	5948.500	5930.500	5945.000	75657	277850	500
2025.01.22	15:00:00	5945.000	5947.000	5937.500	5941.000	55646	272783	500
2025.01.22	16:00:00	5941.000	5956.500	5940.000	5956.000	53144	215404	500
2025.01.22	17:00:00	5956.000	5957.000	5949.000	5951.500	31004	100696	500
2025.01.22	18:00:00	5952.000	5956.500	5950.000	5951.000	12023	42122	500
2025.01.23	09:00:00	5952.000	5980.000	5948.000	5969.500	207324	550699	500
2025.01.23	10:00:00	5969.500	5974.000	5950.000	5957.000	171423	518250	500
2025.01.23	11:00:00	5957.000	5965.000	5947.000	5951.500	105139	345408	500
2025.01.23	12:00:00	5952.000	5952.500	5920.000	5929.000	120735	420795	500
2025.01.23	13:00:00	5929.000	5939.500	5908.500	5916.500	128729	426459	500
2025.01.23	14:00:00	5916.500	5918.500	5882.500	5894.000	98572	363621	500
2025.01.23	15:00:00	5894.000	5919.000	5892.000	5917.500	73319	266475	500
2025.01.23	16:00:00	5917.500	5942.000	5915.500	5934.000	102333	389896	500
2025.01.23	17:00:00	5934.000	5947.000	5924.000	5933.500	62990	215416	500
2025.01.23	18:00:00	5934.000	5936.000	5928.000	5931.000	14479	53970	500
2025.01.24	09:00:00	5912.000	5921.500	5893.000	5907.500	195699	519473	500
2025.01.24	10:00:00	5907.000	5920.000	5879.500	5887.500	178825	550135	500
2025.01.24	11:00:00	5887.500	5909.000	5885.500	5897.500	126320	409420	500
2025.01.24	12:00:00	5898.000	5901.000	5875.000	5892.000	99324	364992	500
2025.01.24	13:00:00	5892.000	5893.000	5875.000	5888.500	73208	254671	500
2025.01.24	14:00:00	5889.000	5904.500	5885.000	5903.500	56622	191280	500
2025.01.24	15:00:00	5903.500	5913.500	5898.000	5913.000	51112	174185	500
2025.01.24	16:00:00	5912.500	5932.500	5910.000	5925.000	55416	207666	500
2025.01.24	17:00:00	5925.500	5929.000	5918.000	5922.000	34112	118754	500
2025.01.24	18:00:00	5922.000	5927.000	5915.000	5918.000	11253	40453	500
2025.01.27	09:00:00	5950.500	5962.000	5931.000	5939.500	203757	583371	500
2025.01.27	10:00:00	5940.000	5942.500	5908.500	5918.500	178716	551535	500
2025.01.27	11:00:00	5919.000	5943.000	5915.000	5928.000	123330	394930	500
2025.01.27	12:00:00	5928.000	5948.000	5927.000	5938.500	84631	270282	500
2025.01.27	13:00:00	5938.500	5947.500	5919.000	5922.000	84374	270738	500
2025.01.27	14:00:00	5922.000	5931.500	5910.500	5916.500	76261	239619	500
2025.01.27	15:00:00	5916.500	5921.000	5903.000	5919.500	55622	195031	500
2025.01.27	16:00:00	5919.000	5922.500	5915.000	5918.500	35350	112598	500
2025.01.27	17:00:00	5918.500	5919.500	5898.500	5913.500	50943	159363	500
2025.01.27	18:00:00	5913.500	5914.000	5898.500	5899.500	15158	48692	500
2025.01.28	09:00:00	5916.500	5925.000	5900.000	5912.000	182859	501340	500
2025.01.28	10:00:00	5912.000	5920.000	5905.500	5914.500	134894	479467	500
2025.01.28	11:00:00	5915.000	5915.000	5886.000	5888.000	142100	468350	500
2025.01.28	12:00:00	5888.000	5888.000	5871.500	5879.500	122955	417661	500
2025.01.28	13:00:00	5879.500	5880.500	5863.500	5864.000	70792	236999	500
2025.01.28	14:00:00	5864.000	5878.500	5861.000	5872.500	69887	243818	500
2025.01.28	15:00:00	5872.500	5876.000	5861.500	5870.000	66538	229754	500
2025.01.28	16:00:00	5870.500	5877.000	5868.500	5873.500	42140	150813	500
2025.01.28	17:00:00	5873.500	5877.500	5866.000	5871.000	36887	116084	500
2025.01.28	18:00:00	5871.500	5873.000	5860.000	5864.500	17510	61350	500
2025.01.29	09:00:00	5866.000	5877.500	5846.500	5848.000	176814	527787	500
2025.01.29	10:00:00	5847.500	5891.000	5845.000	5881.500	172322	589534	500
2025.01.29	11:00:00	5881.500	5886.500	5856.000	5858.000	137799	451681	500
2025.01.29	12:00:00	5857.500	5877.500	5845.000	5871.500	114813	452505	500
2025.01.29	13:00:00	5871.500	5885.000	5862.000	5884.000	79394	317752	500
2025.01.29	14:00:00	5884.000	5884.500	5868.000	5880.000	60707	213529	500
2025.01.29	15:00:00	5880.500	5882.500	5869.000	5872.000	41851	132691	500
2025.01.29	16:00:00	5873.000	5888.000	5863.500	5869.500	93268	266757	500
2025.01.29	17:00:00	5870.000	5873.500	5863.000	5868.000	41293	108482	500
2025.01.29	18:00:00	5867.500	5868.000	5850.000	5852.000	11720	40792	500
2025.01.30	09:00:00	5864.000	5957.500	5863.500	5917.500	281207	788122	500
2025.01.30	10:00:00	5917.000	5921.500	5897.500	5901.000	132644	419765	500
2025.01.30	11:00:00	5901.000	5918.500	5883.500	5900.500	156530	543167	500
2025.01.30	12:00:00	5900.000	5904.000	5876.500	5886.000	97192	331673	500
2025.01.30	13:00:00	5886.000	5902.000	5876.000	5898.000	66636	208908	500
2025.01.30	14:00:00	5898.500	5899.000	5867.000	5874.000	67575	245911	500
2025.01.30	15:00:00	5874.000	5875.500	5861.000	5865.500	68543	246611	500
2025.01.30	16:00:00	5865.500	5874.000	5853.500	5855.000	49677	198731	500
2025.01.30	17:00:00	5855.500	5897.500	5850.000	5883.500	95929	309138	500
2025.01.30	18:00:00	5883.000	5891.000	5870.000	5877.500	25076	98926	500
2025.01.31	09:00:00	5900.000	5905.000	5880.500	5888.500	176228	467384	500
2025.01.31	10:00:00	5888.000	5888.000	5842.000	5845.500	203868	659552	500
2025.01.31	11:00:00	5845.500	5868.500	5843.500	5848.500	128824	445310	500
2025.01.31	12:00:00	5848.500	5882.500	5848.000	5872.500	107084	426098	500
2025.01.31	13:00:00	5872.500	5885.500	5861.500	5868.500	81181	315165	500
2025.01.31	14:00:00	5868.500	5877.000	5848.500	5869.000	99864	339195	500
2025.01.31	15:00:00	5869.000	5888.500	5861.500	5870.500	99072	308673	500
2025.01.31	16:00:00	5870.500	5874.000	5864.500	5867.000	46868	146114	500
2025.01.31	17:00:00	5867.000	5878.500	5867.000	5877.500	37485	116277	500
2025.01.31	18:00:00	5877.000	5877.500	5867.500	5872.500	15184	45851	500
2025.02.03	09:00:00	5897.000	5918.500	5878.500	5888.500	146471	408235	500
2025.02.03	10:00:00	5888.500	5924.000	5873.000	5910.500	184468	561434	500
2025.02.03	11:00:00	5911.000	5935.000	5907.500	5929.500	152516	471132	500
2025.02.03	12:00:00	5929.000	5935.000	5852.500	5855.000	233451	725306	500
2025.02.03	13:00:00	5855.000	5867.500	5845.500	5862.500	101904	310600	500
2025.02.03	14:00:00	5862.500	5868.500	5848.500	5863.500	89733	291916	500
2025.02.03	15:00:00	5863.000	5866.500	5845.000	5848.000	68210	221130	500
2025.02.03	16:00:00	5848.000	5849.000	5841.500	5846.000	37468	130888	500
2025.02.03	17:00:00	5846.000	5846.000	5823.500	5841.500	61780	227211	500
2025.02.03	18:00:00	5841.500	5842.500	5832.000	5837.000	13923	51869	500
2025.02.04	09:00:00	5828.500	5854.500	5826.500	5837.500	194769	546968	500
2025.02.04	10:00:00	5837.000	5851.000	5836.000	5838.000	144410	434770	500
2025.02.04	11:00:00	5838.500	5841.500	5816.000	5819.500	145782	472939	500
2025.02.04	12:00:00	5819.500	5820.000	5783.000	5791.000	165646	586839	500
2025.02.04	13:00:00	5791.000	5794.500	5784.000	5788.000	57847	197392	500
2025.02.04	14:00:00	5788.000	5806.500	5787.500	5799.000	80313	268306	500
2025.02.04	15:00:00	5799.000	5804.500	5792.500	5802.500	50300	156686	500
2025.02.04	16:00:00	5803.000	5803.000	5794.500	5798.000	38146	127239	500
2025.02.04	17:00:00	5798.000	5801.000	5784.500	5786.000	40444	143906	500
2025.02.04	18:00:00	5785.500	5790.000	5776.500	5780.000	19070	76193	500
2025.02.05	09:00:00	5787.000	5814.500	5775.000	5813.000	215136	580603	500
2025.02.05	10:00:00	5813.000	5832.000	5812.000	5830.000	139214	433490	500
2025.02.05	11:00:00	5830.000	5844.000	5820.000	5822.500	135133	441914	500
2025.02.05	12:00:00	5822.000	5833.000	5806.000	5829.000	135497	441571	500
2025.02.05	13:00:00	5829.500	5834.500	5817.000	5825.500	61550	201521	500
2025.02.05	14:00:00	5825.000	5825.000	5794.000	5797.500	74430	239312	500
2025.02.05	15:00:00	5797.500	5816.000	5795.500	5815.500	57928	213038	500
2025.02.05	16:00:00	5815.500	5821.500	5811.500	5819.500	42557	129545	500
2025.02.05	17:00:00	5819.000	5837.000	5819.000	5833.000	41395	141359	500
2025.02.05	18:00:00	5833.000	5835.000	5818.000	5818.500	15723	56403	500
2025.02.06	09:00:00	5830.500	5850.000	5823.500	5826.500	206607	578069	500
2025.02.06	10:00:00	5827.000	5844.500	5810.000	5811.000	177863	537063	500
2025.02.06	11:00:00	5811.000	5822.000	5788.000	5805.000	160090	550350	500
2025.02.06	12:00:00	5804.500	5815.500	5797.500	5800.000	93744	328650	500
2025.02.06	13:00:00	5800.000	5805.000	5792.000	5799.500	58894	192095	500
2025.02.06	14:00:00	5800.000	5801.000	5773.500	5783.500	81550	317076	500
2025.02.06	15:00:00	5784.000	5786.000	5775.000	5781.500	58944	206317	500
2025.02.06	16:00:00	5781.000	5800.000	5780.500	5790.500	67507	252977	500
2025.02.06	17:00:00	5790.000	5794.500	5785.500	5788.500	30698	93705	500
2025.02.06	18:00:00	5788.500	5792.500	5786.500	5786.500	12425	40322	500
2025.02.07	09:00:00	5796.500	5801.000	5784.500	5793.000	145059	387389	500
2025.02.07	10:00:00	5793.500	5798.500	5760.000	5769.500	231310	696953	500
2025.02.07	11:00:00	5769.000	5788.500	5762.000	5769.500	147501	446639	500
2025.02.07	12:00:00	5770.000	5793.500	5758.000	5780.000	158986	501363	500
2025.02.07	13:00:00	5779.500	5814.500	5779.000	5808.500	132450	459751	500
2025.02.07	14:00:00	5808.500	5812.500	5790.500	5800.500	102208	325558	500
2025.02.07	15:00:00	5800.500	5832.000	5795.500	5826.000	90117	317903	500
2025.02.07	16:00:00	5826.000	5827.000	5806.500	5815.500	78590	273162	500
2025.02.07	17:00:00	5815.000	5835.000	5814.500	5832.500	39694	144741	500
2025.02.07	18:00:00	5833.000	5837.000	5824.500	5830.500	15540	51123	500
2025.02.10	09:00:00	5831.500	5846.000	5810.000	5811.000	192038	539234	500
2025.02.10	10:00:00	5811.000	5812.500	5785.500	5801.500	177576	595379	500
2025.02.10	11:00:00	5801.000	5826.500	5801.000	5812.000	137026	422826	500
2025.02.10	12:00:00	5812.500	5813.000	5793.500	5797.000	74825	255240	500
2025.02.10	13:00:00	5797.500	5809.000	5795.500	5797.000	62861	206774	500
2025.02.10	14:00:00	5797.000	5805.500	5792.000	5799.500	46454	150893	500
2025.02.10	15:00:00	5799.500	5804.500	5796.000	5804.000	31520	103759	500
2025.02.10	16:00:00	5804.000	5813.000	5803.500	5806.000	42904	147666	500
2025.02.10	17:00:00	5806.000	5813.500	5805.500	5809.000	28586	90777	500
2025.02.10	18:00:00	5808.500	5811.000	5806.500	5810.000	9688	32824	500
2025.02.11	09:00:00	5818.000	5823.000	5797.000	5809.000	219280	606916	500
2025.02.11	10:00:00	5809.000	5826.000	5805.000	5807.500	174021	507287	500
2025.02.11	11:00:00	5807.500	5809.000	5782.000	5794.500	156830	482710	500
2025.02.11	12:00:00	5795.000	5796.000	5776.000	5783.000	100244	305756	500
2025.02.11	13:00:00	5783.000	5786.500	5777.500	5781.500	54079	182246	500
2025.02.11	14:00:00	5781.500	5789.000	5776.000	5787.000	44754	168306	500
2025.02.11	15:00:00	5787.000	5790.000	5779.500	5787.000	40602	139339	500
2025.02.11	16:00:00	5786.500	5789.500	5776.500	5786.000	44307	161644	500
2025.02.11	17:00:00	5786.000	5790.000	5781.000	5784.000	26924	88528	500
2025.02.11	18:00:00	5783.500	5786.000	5780.500	5781.000	9373	32481	500
2025.02.12	09:00:00	5787.000	5790.000	5773.500	5786.500	179386	488909	500
2025.02.12	10:00:00	5787.000	5805.000	5765.500	5783.500	266682	830871	500
2025.02.12	11:00:00	5783.500	5791.000	5767.500	5784.000	130970	429884	500
2025.02.12	12:00:00	5784.000	5800.000	5775.000	5784.500	126455	452062	500
2025.02.12	13:00:00	5784.500	5789.500	5775.000	5777.500	46450	150992	500
2025.02.12	14:00:00	5777.500	5783.000	5772.000	5774.500	55841	196044	500
2025.02.12	15:00:00	5774.000	5785.000	5760.000	5776.500	89518	336454	500
2025.02.12	16:00:00	5776.000	5780.500	5773.000	5779.500	33313	113100	500
2025.02.12	17:00:00	5780.000	5780.500	5773.000	5777.000	23837	82731	500
2025.02.12	18:00:00	5777.500	5785.000	5775.500	5780.000	15633	57974	500
2025.02.13	09:00:00	5775.000	5799.000	5770.500	5785.500	177919	483553	500
2025.02.13	10:00:00	5785.500	5808.000	5781.000	5805.500	190946	586672	500
2025.02.13	11:00:00	5805.000	5814.000	5797.500	5801.000	118722	347852	500
2025.02.13	12:00:00	5801.000	5802.000	5773.500	5774.500	116502	396752	500
2025.02.13	13:00:00	5774.500	5781.500	5774.000	5777.000	41271	130059	500
2025.02.13	14:00:00	5777.500	5787.000	5774.500	5787.000	54428	181550	500
2025.02.13	15:00:00	5787.000	5808.000	5781.000	5793.000	127695	441568	500
2025.02.13	16:00:00	5793.500	5794.000	5777.500	5781.500	51519	179034	500
2025.02.13	17:00:00	5782.000	5785.000	5777.000	5782.500	28831	121918	500
2025.02.13	18:00:00	5782.500	5782.500	5776.000	5776.000	9901	34736	500
2025.02.14	09:00:00	5778.500	5783.500	5742.000	5752.000	176041	573571	500
2025.02.14	10:00:00	5752.000	5754.000	5733.000	5743.000	149461	512078	500
2025.02.14	11:00:00	5743.000	5746.000	5734.500	5735.500	90015	307856	500
2025.02.14	12:00:00	5735.500	5738.500	5720.000	5733.500	99218	360344	500
2025.02.14	13:00:00	5734.000	5736.000	5725.500	5727.500	37939	134178	500
2025.02.14	14:00:00	5727.000	5731.000	5717.000	5729.000	55037	203234	500
2025.02.14	15:00:00	5728.500	5730.000	5722.000	5727.000	36506	131250	500
2025.02.14	16:00:00	5727.000	5729.000	5706.500	5709.500	76349	299302	500
2025.02.14	17:00:00	5710.000	5717.500	5705.000	5712.500	43000	156086	500
2025.02.14	18:00:00	5712.000	5719.000	5709.000	5718.000	17028	62638	500
2025.02.17	09:00:00	5724.500	5734.500	5712.000	5721.500	147038	439179	500
2025.02.17	10:00:00	5721.500	5727.500	5707.500	5717.000	120015	357998	500
2025.02.17	11:00:00	5717.500	5723.000	5710.500	5718.500	75734	239281	500
2025.02.17	12:00:00	5718.500	5729.500	5716.000	5727.500	51047	189905	500
2025.02.17	13:00:00	5728.000	5728.500	5718.000	5722.500	46781	161135	500
2025.02.17	14:00:00	5722.500	5725.500	5718.500	5720.500	28761	111761	500
2025.02.17	15:00:00	5720.500	5726.000	5718.500	5722.500	23477	91886	500
2025.02.17	16:00:00	5723.000	5725.000	5720.000	5724.500	15316	59221	500
2025.02.17	17:00:00	5724.000	5730.000	5724.000	5725.000	22670	85541	500
2025.02.17	18:00:00	5725.500	5727.500	5723.000	5725.000	7985	30377	500
2025.02.18	09:00:00	5724.000	5732.500	5711.500	5716.000	158035	450149	500
2025.02.18	10:00:00	5716.000	5726.000	5710.500	5723.000	128081	413113	500
2025.02.18	11:00:00	5723.000	5735.000	5701.000	5703.500	152555	544267	500
2025.02.18	12:00:00	5703.500	5705.000	5686.000	5689.000	101635	399890	500
2025.02.18	13:00:00	5689.000	5701.000	5688.500	5698.500	51601	193437	500
2025.02.18	14:00:00	5698.500	5708.000	5696.500	5706.500	53724	219417	500
2025.02.18	15:00:00	5706.500	5711.000	5700.000	5702.500	44678	164057	500
2025.02.18	16:00:00	5702.500	5703.000	5697.000	5699.500	26530	91545	500
2025.02.18	17:00:00	5699.500	5700.000	5688.500	5695.500	40304	167618	500
2025.02.18	18:00:00	5695.500	5701.500	5694.000	5699.500	12619	50960	500
2025.02.19	09:00:00	5712.000	5731.500	5694.000	5728.500	196838	611797	500
2025.02.19	10:00:00	5728.000	5741.500	5714.000	5715.500	146196	500091	500
2025.02.19	11:00:00	5715.500	5722.000	5698.000	5700.500	130537	474137	500
2025.02.19	12:00:00	5700.000	5712.000	5691.000	5705.500	93477	339188	500
2025.02.19	13:00:00	5705.500	5724.000	5704.500	5723.000	72352	254369	500
2025.02.19	14:00:00	5723.000	5725.000	5713.000	5720.000	46117	168138	500
2025.02.19	15:00:00	5720.000	5728.000	5718.000	5724.000	38739	159170	500
2025.02.19	16:00:00	5724.000	5739.500	5721.500	5734.500	47039	185770	500
2025.02.19	17:00:00	5734.000	5736.000	5721.500	5730.500	35186	142581	500
2025.02.19	18:00:00	5730.500	5735.500	5727.000	5731.000	9218	41309	500
2025.02.20	09:00:00	5712.000	5722.500	5699.500	5706.500	164282	480009	500
2025.02.20	10:00:00	5706.500	5725.000	5703.500	5720.000	157648	512336	500
2025.02.20	11:00:00	5719.500	5722.000	5699.000	5702.000	135121	442819	500
2025.02.20	12:00:00	5702.000	5716.500	5698.000	5706.500	99651	350704	500
2025.02.20	13:00:00	5706.000	5711.500	5704.000	5706.000	37964	143782	500
2025.02.20	14:00:00	5706.000	5709.000	5695.000	5702.000	49098	193675	500
2025.02.20	15:00:00	5702.500	5709.000	5702.000	5708.000	35284	144698	500
2025.02.20	16:00:00	5708.000	5718.500	5706.500	5713.000	48497	219451	500
2025.02.20	17:00:00	5713.000	5713.500	5706.500	5711.500	25670	95679	500
2025.02.20	18:00:00	5712.000	5716.500	5710.000	5713.000	8902	42846	500
2025.02.21	09:00:00	5711.500	5725.000	5710.500	5715.500	146474	453465	500
2025.02.21	10:00:00	5715.000	5723.500	5706.000	5709.000	115737	414758	500
2025.02.21	11:00:00	5709.000	5719.000	5703.500	5708.000	117655	428325	500
2025.02.21	12:00:00	5708.500	5715.000	5700.500	5705.000	83100	307377	500
2025.02.21	13:00:00	5705.000	5711.000	5701.500	5705.000	39990	165958	500
2025.02.21	14:00:00	5704.500	5715.000	5703.500	5709.500	48036	188107	500
2025.02.21	15:00:00	5710.000	5743.000	5709.500	5738.000	130213	499416	500
2025.02.21	16:00:00	5737.500	5739.000	5731.000	5737.000	43277	152988	500
2025.02.21	17:00:00	5736.500	5739.500	5733.000	5737.500	29942	110896	500
2025.02.21	18:00:00	5737.000	5740.500	5733.500	5739.000	13994	50337	500
2025.02.24	09:00:00	5724.000	5727.500	5712.500	5716.000	140762	444033	500
2025.02.24	10:00:00	5715.500	5735.000	5715.500	5729.500	118017	399290	500
2025.02.24	11:00:00	5729.500	5740.000	5727.000	5737.500	95236	341760	500
2025.02.24	12:00:00	5737.500	5741.000	5730.000	5736.000	66912	230598	500
2025.02.24	13:00:00	5736.000	5746.500	5730.500	5738.500	67807	241793	500
2025.02.24	14:00:00	5738.500	5746.500	5734.500	5740.000	66045	247095	500
2025.02.24	15:00:00	5740.000	5755.000	5736.000	5753.000	62185	252324	500
2025.02.24	16:00:00	5753.500	5760.000	5750.500	5759.500	49525	204120	500
2025.02.24	17:00:00	5759.500	5782.000	5759.000	5779.500	70846	261567	500
2025.02.24	18:00:00	5780.000	5789.500	5779.000	5782.000	16845	70938	500
2025.02.25	09:00:00	5768.500	5816.500	5767.500	5812.500	257465	812228	500
2025.02.25	10:00:00	5812.500	5813.500	5780.000	5784.000	169438	559974	500
2025.02.25	11:00:00	5784.500	5790.000	5768.500	5779.000	120515	405486	500
2025.02.25	12:00:00	5779.000	5781.500	5759.000	5762.000	95713	324845	500
2025.02.25	13:00:00	5761.500	5778.000	5760.000	5771.500	85698	323092	500
2025.02.25	14:00:00	5771.000	5775.500	5760.000	5762.000	48918	183972	500
2025.02.25	15:00:00	5762.000	5768.000	5745.000	5751.500	69570	265296	500
2025.02.25	16:00:00	5751.500	5760.500	5749.500	5756.000	51536	191758	500
2025.02.25	17:00:00	5755.500	5760.500	5754.000	5755.000	29619	90086	500
2025.02.25	18:00:00	5755.000	5755.500	5742.000	5742.500	16051	69478	500
2025.02.26	09:00:00	5742.500	5756.000	5735.000	5745.000	169436	500004	500
2025.02.26	10:00:00	5744.500	5779.000	5740.500	5777.000	154752	534284	500
2025.02.26	11:00:00	5776.500	5806.500	5774.000	5801.000	150980	575421	500
2025.02.26	12:00:00	5801.500	5805.000	5776.500	5781.500	121665	493018	500
2025.02.26	13:00:00	5782.000	5784.500	5772.000	5781.500	69988	256753	500
2025.02.26	14:00:00	5781.000	5789.500	5771.500	5785.500	91320	321840	500
2025.02.26	15:00:00	5786.000	5794.000	5781.500	5792.500	55283	197728	500
2025.02.26	16:00:00	5792.500	5802.500	5791.000	5802.500	61392	219543	500
2025.02.26	17:00:00	5802.500	5819.000	5801.500	5812.000	71524	300362	500
2025.02.26	18:00:00	5811.500	5817.000	5801.000	5804.000	14417	60494	500
2025.02.27	09:00:00	5819.000	5825.500	5797.500	5808.000	208817	568512	500
2025.02.27	10:00:00	5807.500	5829.500	5799.500	5825.000	180220	579796	500
2025.02.27	11:00:00	5825.000	5833.000	5809.000	5831.000	161404	508105	500
2025.02.27	12:00:00	5830.500	5837.000	5825.000	5830.000	104140	336167	500
2025.02.27	13:00:00	5830.000	5839.000	5828.500	5830.500	67007	231906	500
2025.02.27	14:00:00	5830.500	5836.000	5821.500	5828.000	64486	202038	500
2025.02.27	15:00:00	5828.000	5838.000	5822.500	5824.000	55751	176949	500
2025.02.27	16:00:00	5824.000	5839.000	5820.000	5830.500	58982	190449	500
2025.02.27	17:00:00	5831.000	5836.000	5825.000	5832.000	39201	135699	500
2025.02.27	18:00:00	5832.000	5843.000	5831.000	5833.000	11918	44721	500
2025.02.28	09:00:00	5867.000	5894.000	5864.000	5875.500	179210	550116	500
2025.02.28	10:00:00	5875.500	5878.500	5855.000	5868.000	137809	448210	500
2025.02.28	11:00:00	5867.500	5881.000	5860.000	5875.500	114196	489758	500
2025.02.28	12:00:00	5876.000	5905.500	5875.000	5902.000	108036	432484	500
2025.02.28	13:00:00	5902.000	5926.000	5888.500	5916.500	111208	410877	500
2025.02.28	14:00:00	5916.500	5924.500	5901.500	5918.500	95247	353121	500
2025.02.28	15:00:00	5918.500	5940.000	5918.500	5937.000	95410	326500	500
2025.02.28	16:00:00	5937.000	5951.000	5925.000	5948.500	66205	244845	500
2025.02.28	17:00:00	5948.500	5950.500	5915.500	5918.000	63599	224696	500
2025.02.28	18:00:00	5917.500	5929.000	5908.000	5912.000	21064	71127	500
2025.03.05	13:00:00	5871.500	5873.500	5823.500	5838.500	228540	823787	500
2025.03.05	14:00:00	5839.000	5847.000	5822.500	5823.500	96430	321550	500
2025.03.05	15:00:00	5823.000	5826.500	5800.000	5805.500	117681	394468	500
2025.03.05	16:00:00	5805.500	5806.500	5781.500	5786.000	84843	339885	500
2025.03.05	17:00:00	5785.500	5796.000	5778.000	5787.000	63175	230079	500
2025.03.05	18:00:00	5787.500	5787.500	5768.000	5771.000	22245	98416	500
2025.03.06	09:00:00	5781.000	5796.500	5773.500	5774.000	181065	519781	500
2025.03.06	10:00:00	5774.000	5784.500	5765.000	5769.000	144981	459748	500
2025.03.06	11:00:00	5769.000	5798.000	5762.000	5788.500	147395	485273	500
2025.03.06	12:00:00	5788.000	5792.000	5765.000	5782.000	136819	440881	500
2025.03.06	13:00:00	5782.000	5810.500	5780.000	5808.500	110247	360145	500
2025.03.06	14:00:00	5808.000	5809.500	5792.000	5799.500	73499	243927	500
2025.03.06	15:00:00	5799.500	5800.000	5781.000	5789.000	62577	200933	500
2025.03.06	16:00:00	5789.000	5797.000	5784.500	5789.000	48180	154769	500
2025.03.06	17:00:00	5789.000	5796.500	5785.000	5793.000	37810	128130	500
2025.03.06	18:00:00	5793.000	5795.000	5788.000	5794.500	8521	40232	500
2025.03.07	09:00:00	5788.000	5803.000	5780.500	5796.000	147488	416704	500
2025.03.07	10:00:00	5796.500	5807.000	5783.000	5799.500	165829	502372	500
2025.03.07	11:00:00	5799.500	5810.000	5790.000	5800.500	143194	417640	500
2025.03.07	12:00:00	5800.500	5812.500	5789.500	5793.500	105523	331681	500
2025.03.07	13:00:00	5793.000	5820.500	5792.000	5814.500	82343	282552	500
2025.03.07	14:00:00	5814.500	5823.500	5812.000	5820.000	74456	248663	500
2025.03.07	15:00:00	5819.500	5823.000	5812.000	5822.500	57868	194172	500
2025.03.07	16:00:00	5822.500	5827.500	5815.500	5816.500	47415	157151	500
2025.03.07	17:00:00	5816.500	5821.000	5815.500	5817.000	26874	90795	500
2025.03.07	18:00:00	5817.000	5819.500	5814.000	5814.500	10107	45669	500
2025.03.10	09:00:00	5818.000	5839.500	5810.000	5826.500	178017	518571	500
2025.03.10	10:00:00	5827.000	5830.000	5810.000	5815.500	127379	399437	500
2025.03.10	11:00:00	5815.000	5818.500	5798.000	5804.000	118218	381478	500
2025.03.10	12:00:00	5804.000	5825.000	5802.000	5823.500	85525	293021	500
2025.03.10	13:00:00	5823.000	5845.500	5822.500	5842.000	93651	324266	500
2025.03.10	14:00:00	5842.500	5868.500	5837.500	5866.500	91658	321552	500
2025.03.10	15:00:00	5866.500	5895.500	5863.000	5892.500	112723	430960	500
2025.03.10	16:00:00	5892.500	5899.000	5877.000	5880.500	84532	299076	500
2025.03.10	17:00:00	5880.500	5889.000	5875.000	5882.500	35233	114768	500
2025.03.10	18:00:00	5882.000	5884.500	5880.500	5880.500	5460	26303	500
2025.03.11	09:00:00	5864.000	5873.500	5855.500	5864.500	173088	496420	500
2025.03.11	10:00:00	5864.000	5867.000	5847.000	5852.000	161923	506262	500
2025.03.11	11:00:00	5852.000	5870.000	5849.500	5865.000	141846	468208	500
2025.03.11	12:00:00	5865.000	5865.500	5844.500	5850.000	78702	277156	500
2025.03.11	13:00:00	5850.000	5858.500	5846.000	5857.500	52620	186873	500
2025.03.11	14:00:00	5858.000	5867.000	5855.000	5856.000	70674	236357	500
2025.03.11	15:00:00	5856.000	5859.500	5831.500	5833.000	85906	295066	500
2025.03.11	16:00:00	5833.000	5839.500	5828.000	5835.000	54765	200044	500
2025.03.11	17:00:00	5835.500	5841.000	5833.000	5835.500	22841	84380	500
2025.03.11	18:00:00	5835.500	5837.500	5829.500	5834.000	4963	26222	500
2025.03.12	09:00:00	5836.000	5867.500	5824.000	5867.000	202975	620929	500
2025.03.12	10:00:00	5867.000	5870.000	5829.500	5833.500	159734	519670	500
2025.03.12	11:00:00	5834.000	5855.000	5830.000	5846.000	114325	373135	500
2025.03.12	12:00:00	5846.500	5851.500	5836.000	5844.000	61248	197280	500
2025.03.12	13:00:00	5844.500	5847.500	5835.000	5841.000	42285	131164	500
2025.03.12	14:00:00	5841.000	5847.000	5825.500	5832.000	56356	187416	500
2025.03.12	15:00:00	5831.500	5833.000	5808.000	5824.000	104246	406952	500
2025.03.12	16:00:00	5824.000	5831.500	5822.000	5830.500	46402	149984	500
2025.03.12	17:00:00	5830.500	5831.000	5818.500	5821.500	26763	86973	500
2025.03.12	18:00:00	5821.500	5827.500	5821.000	5827.000	5375	24647	500
2025.03.13	09:00:00	5843.500	5846.500	5831.500	5836.000	145915	426098	500
2025.03.13	10:00:00	5836.000	5858.000	5831.500	5847.500	139234	427024	500
2025.03.13	11:00:00	5848.000	5849.000	5826.500	5829.500	110294	363823	500
2025.03.13	12:00:00	5829.000	5833.500	5817.000	5826.000	76388	267271	500
2025.03.13	13:00:00	5825.500	5830.000	5821.000	5823.000	36526	118447	500
2025.03.13	14:00:00	5823.000	5834.000	5818.000	5833.500	46165	180309	500
2025.03.13	15:00:00	5833.500	5833.500	5825.000	5831.500	32416	116883	500
2025.03.13	16:00:00	5832.000	5832.000	5813.500	5819.500	46095	179347	500
2025.03.13	17:00:00	5819.000	5826.500	5819.000	5822.000	21697	98263	500
2025.03.13	18:00:00	5822.500	5823.500	5819.000	5823.000	5365	20319	500
2025.03.14	09:00:00	5810.000	5812.000	5776.000	5779.000	185319	570196	500
2025.03.14	10:00:00	5779.000	5782.000	5757.000	5761.500	164908	578867	500
2025.03.14	11:00:00	5761.500	5767.500	5746.500	5752.500	135267	473487	500
2025.03.14	12:00:00	5753.000	5757.000	5741.500	5750.000	67169	223738	500
2025.03.14	13:00:00	5750.500	5753.000	5734.500	5736.500	65420	231939	500
2025.03.14	14:00:00	5736.500	5751.500	5732.000	5750.000	67459	250197	500
2025.03.14	15:00:00	5750.500	5762.000	5744.000	5757.500	71010	257172	500
2025.03.14	16:00:00	5757.000	5765.000	5752.000	5765.000	51206	180097	500
2025.03.14	17:00:00	5764.500	5770.500	5759.000	5762.500	31827	126420	500
2025.03.14	18:00:00	5762.500	5766.500	5761.000	5766.000	6424	24207	500
2025.03.17	09:00:00	5756.000	5761.000	5718.000	5725.000	170776	515810	500
2025.03.17	10:00:00	5725.500	5744.500	5723.500	5743.500	132841	424241	500
2025.03.17	11:00:00	5743.500	5746.000	5720.000	5724.500	118605	386170	500
2025.03.17	12:00:00	5725.000	5725.500	5702.500	5705.000	93584	346319	500
2025.03.17	13:00:00	5705.500	5710.000	5698.500	5702.500	62908	255983	500
2025.03.17	14:00:00	5703.000	5712.500	5699.000	5712.000	48123	185584	500
2025.03.17	15:00:00	5712.000	5712.500	5684.500	5685.500	74129	258153	500
2025.03.17	16:00:00	5686.000	5704.500	5683.500	5703.000	60494	221247	500
2025.03.17	17:00:00	5703.000	5706.000	5697.000	5701.000	27724	102494	500
2025.03.17	18:00:00	5701.500	5706.000	5699.500	5705.000	6430	25821	500
2025.03.18	09:00:00	5719.000	5730.500	5706.500	5706.500	183370	547228	500
2025.03.18	10:00:00	5706.500	5710.500	5695.500	5707.500	155422	473638	500
2025.03.18	11:00:00	5708.000	5716.000	5701.000	5704.500	101456	339510	500
2025.03.18	12:00:00	5704.500	5707.500	5684.500	5687.500	93487	329744	500
2025.03.18	13:00:00	5687.500	5689.000	5671.000	5683.500	84693	299544	500
2025.03.18	14:00:00	5683.500	5686.500	5675.500	5681.000	55591	192719	500
2025.03.18	15:00:00	5681.000	5686.000	5678.000	5683.000	41178	138989	500
2025.03.18	16:00:00	5683.000	5690.500	5682.500	5688.500	36309	118014	500
2025.03.18	17:00:00	5688.500	5690.000	5685.000	5686.500	18564	63269	500
2025.03.18	18:00:00	5687.000	5689.000	5681.500	5689.000	6874	26004	500
2025.03.19	09:00:00	5698.500	5704.500	5684.000	5698.500	155550	451232	500
2025.03.19	10:00:00	5698.500	5699.000	5686.500	5693.000	111343	367099	500
2025.03.19	11:00:00	5693.000	5695.000	5668.500	5674.000	115464	410329	500
2025.03.19	12:00:00	5673.500	5675.500	5662.000	5662.000	71654	269505	500
2025.03.19	13:00:00	5662.000	5672.000	5660.000	5669.500	54371	207388	500
2025.03.19	14:00:00	5669.500	5678.500	5669.000	5674.500	44531	172712	500
2025.03.19	15:00:00	5674.000	5675.000	5645.500	5649.000	104699	361812	500
2025.03.19	16:00:00	5648.500	5666.000	5646.000	5661.500	73310	254263	500
2025.03.19	17:00:00	5661.000	5664.500	5655.500	5662.500	27164	93104	500
2025.03.19	18:00:00	5663.000	5665.000	5658.000	5663.000	5830	23390	500
2025.03.20	09:00:00	5675.000	5675.500	5661.500	5669.000	139981	398043	500
2025.03.20	10:00:00	5669.000	5692.000	5660.000	5684.500	176464	561471	500
2025.03.20	11:00:00	5684.000	5690.000	5677.500	5679.000	99816	330557	500
2025.03.20	12:00:00	5679.500	5694.000	5673.000	5686.500	78854	276236	500
2025.03.20	13:00:00	5686.500	5695.000	5678.000	5685.000	59592	221802	500
2025.03.20	14:00:00	5685.500	5686.000	5673.000	5676.500	49751	181063	500
2025.03.20	15:00:00	5677.000	5688.000	5667.000	5685.500	69656	264272	500
2025.03.20	16:00:00	5685.500	5690.500	5676.500	5689.000	48499	174499	500
2025.03.20	17:00:00	5689.500	5694.000	5680.500	5693.500	31658	120499	500
2025.03.20	18:00:00	5693.000	5695.000	5688.000	5688.500	6040	28927	500
2025.03.21	09:00:00	5699.500	5733.000	5692.500	5729.500	207961	662227	500
2025.03.21	10:00:00	5729.500	5742.000	5724.000	5736.500	135214	451332	500
2025.03.21	11:00:00	5736.500	5743.500	5732.500	5742.000	88863	300937	500
2025.03.21	12:00:00	5741.500	5745.500	5733.000	5735.500	67267	260382	500
2025.03.21	13:00:00	5735.500	5736.000	5717.500	5718.500	66993	250752	500
2025.03.21	14:00:00	5718.500	5731.500	5715.000	5726.000	60642	211858	500
2025.03.21	15:00:00	5726.000	5733.000	5723.000	5733.000	41798	142478	500
2025.03.21	16:00:00	5732.500	5733.000	5724.000	5726.000	27142	94096	500
2025.03.21	17:00:00	5726.000	5742.500	5725.500	5739.500	32216	124424	500
2025.03.21	18:00:00	5739.500	5748.000	5738.500	5738.500	8675	39330	500
2025.03.24	09:00:00	5722.500	5781.500	5711.500	5765.500	207926	699138	500
2025.03.24	10:00:00	5765.500	5770.000	5731.000	5745.000	151517	513735	500
2025.03.24	11:00:00	5745.500	5753.000	5732.500	5749.000	97339	324178	500
2025.03.24	12:00:00	5749.000	5751.000	5737.000	5738.500	53308	181760	500
2025.03.24	13:00:00	5738.500	5744.500	5733.500	5739.500	39899	149585	500
2025.03.24	14:00:00	5739.500	5759.000	5736.000	5757.500	58628	221182	500
2025.03.24	15:00:00	5757.500	5770.000	5755.500	5761.000	73231	276061	500
2025.03.24	16:00:00	5761.000	5764.500	5759.000	5760.500	30588	103934	500
2025.03.24	17:00:00	5760.000	5774.500	5760.000	5774.000	29282	114773	500
2025.03.24	18:00:00	5773.500	5774.000	5769.000	5769.500	8124	29459	500
2025.03.25	09:00:00	5761.000	5761.500	5733.000	5736.500	180985	528942	500
2025.03.25	10:00:00	5736.000	5742.500	5713.500	5715.500	154108	519899	500
2025.03.25	11:00:00	5715.000	5719.500	5688.500	5689.500	143590	552480	500
2025.03.25	12:00:00	5689.500	5697.000	5684.500	5691.000	72055	268928	500
2025.03.25	13:00:00	5691.000	5708.000	5688.500	5705.500	61928	262521	500
2025.03.25	14:00:00	5705.500	5714.000	5696.500	5701.000	68586	263107	500
2025.03.25	15:00:00	5701.000	5704.000	5691.000	5704.000	48583	174273	500
2025.03.25	16:00:00	5704.000	5716.000	5701.000	5714.000	44032	153033	500
2025.03.25	17:00:00	5714.000	5719.000	5705.500	5706.000	35972	132309	500
2025.03.25	18:00:00	5706.500	5709.500	5705.000	5706.000	7153	26344	500
2025.03.26	09:00:00	5711.000	5734.000	5699.000	5729.000	164285	497509	500
2025.03.26	10:00:00	5729.000	5742.500	5724.500	5733.500	152687	523266	500
2025.03.26	11:00:00	5734.000	5738.500	5722.500	5733.000	85369	276342	500
2025.03.26	12:00:00	5733.000	5747.500	5729.000	5743.000	81926	296862	500
2025.03.26	13:00:00	5743.000	5752.500	5735.000	5738.000	60024	231157	500
2025.03.26	14:00:00	5737.500	5750.500	5737.000	5745.000	53138	176963	500
2025.03.26	15:00:00	5745.000	5745.500	5734.000	5737.500	45215	161943	500
2025.03.26	16:00:00	5737.500	5742.000	5731.500	5738.000	39323	155476	500
2025.03.26	17:00:00	5738.500	5744.000	5735.000	5741.000	22938	103481	500
2025.03.26	18:00:00	5741.500	5744.000	5739.000	5742.000	7987	28002	500
2025.03.27	09:00:00	5729.000	5764.500	5726.000	5762.000	177995	543635	500
2025.03.27	10:00:00	5762.000	5775.500	5753.000	5755.000	134928	462464	500
2025.03.27	11:00:00	5754.500	5760.500	5731.500	5745.000	139732	467637	500
2025.03.27	12:00:00	5744.500	5748.500	5735.000	5738.500	63272	228582	500
2025.03.27	13:00:00	5739.000	5743.000	5737.000	5742.000	37793	138404	500
2025.03.27	14:00:00	5741.500	5769.000	5736.000	5753.500	58364	234192	500
2025.03.27	15:00:00	5753.500	5757.500	5743.500	5756.000	60510	224106	500
2025.03.27	16:00:00	5756.000	5767.000	5752.000	5761.500	49857	180544	500
2025.03.27	17:00:00	5762.000	5762.500	5747.000	5750.000	29101	105658	500
2025.03.27	18:00:00	5750.000	5751.500	5742.000	5744.500	6021	27593	500
2025.03.28	09:00:00	5750.500	5780.000	5749.500	5770.000	173737	550786	500
2025.03.28	10:00:00	5770.000	5780.000	5756.000	5757.500	157601	489003	500
2025.03.28	11:00:00	5757.500	5784.000	5755.000	5770.500	136452	464412	500
2025.03.28	12:00:00	5770.000	5772.500	5756.500	5769.500	70908	247590	500
2025.03.28	13:00:00	5769.500	5775.000	5767.500	5771.000	39980	136013	500
2025.03.28	14:00:00	5770.500	5773.000	5757.000	5759.000	74957	281462	500
2025.03.28	15:00:00	5759.500	5763.500	5748.000	5758.500	70230	258647	500
2025.03.28	16:00:00	5759.000	5764.500	5758.500	5763.000	27866	102022	500
2025.03.28	17:00:00	5763.000	5768.000	5760.000	5762.500	20907	71335	500
2025.03.28	18:00:00	5763.000	5765.000	5759.000	5759.500	4760	18374	500
2025.03.31	09:00:00	5797.000	5817.000	5784.500	5789.500	200132	556156	500
2025.03.31	10:00:00	5789.500	5794.500	5765.000	5772.500	165166	567245	500
2025.03.31	11:00:00	5773.000	5786.500	5753.000	5758.000	128568	468226	500
2025.03.31	12:00:00	5758.000	5773.000	5757.500	5772.500	69233	268636	500
2025.03.31	13:00:00	5772.500	5773.000	5750.000	5754.000	63009	234213	500
2025.03.31	14:00:00	5754.500	5757.500	5748.500	5753.500	37960	133580	500
2025.03.31	15:00:00	5753.000	5754.500	5732.500	5744.000	67792	255070	500
2025.03.31	16:00:00	5743.500	5747.500	5733.000	5738.000	53384	207132	500
2025.03.31	17:00:00	5738.000	5740.000	5733.000	5737.000	24347	97444	500
2025.03.31	18:00:00	5737.000	5737.500	5730.000	5731.000	8381	35569	500
2025.04.01	09:00:00	5744.000	5757.500	5733.000	5756.500	167113	469495	500
2025.04.01	10:00:00	5756.500	5762.000	5738.000	5749.000	153941	475838	500
2025.04.01	11:00:00	5748.500	5753.000	5719.000	5721.500	147578	480409	500
2025.04.01	12:00:00	5721.500	5724.500	5710.500	5718.000	84887	299585	500
2025.04.01	13:00:00	5718.000	5722.000	5702.000	5716.500	76349	265705	500
2025.04.01	14:00:00	5716.000	5723.000	5711.000	5714.500	46953	169517	500
2025.04.01	15:00:00	5715.000	5717.500	5709.000	5711.000	44135	172090	500
2025.04.01	16:00:00	5711.000	5716.000	5709.000	5711.500	31507	107876	500
2025.04.01	17:00:00	5711.500	5716.000	5709.500	5711.000	16505	68191	500
2025.04.01	18:00:00	5711.500	5714.000	5709.000	5711.000	6997	27585	500
2025.04.02	09:00:00	5710.000	5715.000	5691.000	5711.500	192811	544280	500
2025.04.02	10:00:00	5711.500	5720.500	5688.000	5715.000	180379	554044	500
2025.04.02	11:00:00	5715.000	5742.000	5713.500	5729.500	146450	492415	500
2025.04.02	12:00:00	5729.000	5738.500	5717.500	5728.000	88249	300820	500
2025.04.02	13:00:00	5728.000	5729.500	5717.000	5718.500	50665	168940	500
2025.04.02	14:00:00	5718.500	5730.000	5713.500	5722.500	54656	193908	500
2025.04.02	15:00:00	5722.500	5723.000	5711.000	5720.000	52135	180045	500
2025.04.02	16:00:00	5720.000	5727.000	5716.500	5724.000	32340	107950	500
2025.04.02	17:00:00	5724.000	5738.000	5675.000	5690.500	190312	542338	500
2025.04.02	18:00:00	5691.000	5724.000	5690.000	5719.500	10091	46084	500
2025.04.03	09:00:00	5652.500	5672.000	5633.500	5663.000	255821	803685	500
2025.04.03	10:00:00	5663.000	5668.000	5625.000	5640.000	213052	644735	500
2025.04.03	11:00:00	5640.000	5640.000	5619.500	5622.500	144129	440450	500
2025.04.03	12:00:00	5622.500	5641.000	5620.000	5630.000	111299	340512	500
2025.04.03	13:00:00	5629.500	5638.500	5625.500	5633.000	61210	193267	500
2025.04.03	14:00:00	5633.000	5645.000	5631.000	5644.500	56359	176422	500
2025.04.03	15:00:00	5644.000	5653.000	5637.500	5645.000	72346	213509	500
2025.04.03	16:00:00	5645.000	5657.000	5643.000	5655.000	48412	136917	500
2025.04.03	17:00:00	5655.000	5660.500	5653.000	5656.000	35902	119892	500
2025.04.03	18:00:00	5656.000	5663.000	5654.000	5661.500	6043	31455	500
2025.04.04	09:00:00	5726.500	5779.500	5724.000	5762.000	300246	913605	500
2025.04.04	10:00:00	5761.500	5816.000	5752.500	5809.500	217280	700643	500
2025.04.04	11:00:00	5809.500	5848.500	5800.000	5838.500	197666	663081	500
2025.04.04	12:00:00	5838.000	5849.000	5810.000	5829.500	180903	537169	500
2025.04.04	13:00:00	5829.500	5851.000	5825.500	5834.000	91271	301907	500
2025.04.04	14:00:00	5834.500	5867.500	5831.000	5848.000	132755	436804	500
2025.04.04	15:00:00	5848.500	5869.500	5842.500	5866.000	104684	334085	500
2025.04.04	16:00:00	5866.000	5872.000	5853.000	5864.000	74707	213555	500
2025.04.04	17:00:00	5864.000	5879.500	5857.500	5869.000	52864	178350	500
2025.04.04	18:00:00	5869.000	5884.500	5867.500	5883.000	10227	41984	500
2025.04.07	09:00:00	5905.000	5924.500	5881.500	5890.000	285747	892331	500
2025.04.07	10:00:00	5890.000	5933.000	5882.000	5910.500	224242	699963	500
2025.04.07	11:00:00	5911.000	5924.000	5839.500	5900.000	319066	867936	500
2025.04.07	12:00:00	5900.000	5957.000	5886.500	5949.000	181650	537146	500
2025.04.07	13:00:00	5949.500	5958.500	5939.000	5946.000	89669	260807	500
2025.04.07	14:00:00	5945.500	5945.500	5912.000	5918.000	119682	360337	500
2025.04.07	15:00:00	5918.000	5943.000	5911.000	5941.500	93464	286444	500
2025.04.07	16:00:00	5941.500	5942.500	5927.000	5934.500	67305	181609	500
2025.04.07	17:00:00	5934.500	5943.500	5930.000	5938.500	28672	81865	500
2025.04.07	18:00:00	5938.500	5940.000	5934.500	5937.000	5148	23418	500
2025.04.08	09:00:00	5898.500	5924.000	5883.500	5919.000	208816	624611	500
2025.04.08	10:00:00	5919.000	5932.500	5893.000	5914.000	190939	597344	500
2025.04.08	11:00:00	5913.500	5980.000	5908.000	5968.000	188554	664299	500
2025.04.08	12:00:00	5967.500	6012.500	5965.500	6011.000	179262	602422	500
2025.04.08	13:00:00	6011.000	6022.000	5994.500	6014.000	154032	486697	500
2025.04.08	14:00:00	6014.500	6025.000	5997.000	5998.000	117409	360018	500
2025.04.08	15:00:00	5998.000	6013.500	5992.000	6007.000	109136	329823	500
2025.04.08	16:00:00	6007.500	6027.500	5999.500	6019.500	90074	264007	500
2025.04.08	17:00:00	6019.500	6042.000	6015.500	6034.000	50824	171019	500
2025.04.08	18:00:00	6034.000	6040.000	6032.000	6037.000	10710	35355	500
2025.04.09	09:00:00	6049.500	6117.500	6047.500	6103.000	294128	867758	500
2025.04.09	10:00:00	6102.500	6107.500	6050.500	6062.000	268418	809656	500
2025.04.09	11:00:00	6062.000	6092.500	6055.000	6083.000	201635	575472	500
2025.04.09	12:00:00	6082.500	6092.000	6058.000	6075.000	139660	471767	500
2025.04.09	13:00:00	6074.500	6075.500	6031.000	6035.500	120470	409674	500
2025.04.09	14:00:00	6035.500	6053.500	5888.000	5905.000	311304	932008	500
2025.04.09	15:00:00	5905.000	5909.000	5862.000	5880.000	147951	436531	500
2025.04.09	16:00:00	5880.000	5888.500	5848.000	5866.500	90816	294817	500
2025.04.09	17:00:00	5866.000	5869.000	5839.000	5842.500	44582	143437	500
2025.04.09	18:00:00	5842.500	5844.500	5836.000	5844.000	6612	25567	500
2025.04.10	09:00:00	5879.500	5904.000	5842.500	5900.500	262503	730700	500
2025.04.10	10:00:00	5901.000	5930.000	5895.500	5920.500	220937	651394	500
2025.04.10	11:00:00	5920.500	5946.000	5909.000	5942.000	163273	499540	500
2025.04.10	12:00:00	5942.000	5974.500	5933.500	5962.500	135784	447750	500
2025.04.10	13:00:00	5962.000	5975.000	5946.000	5953.500	113475	342227	500
2025.04.10	14:00:00	5953.500	5956.000	5911.000	5919.000	120495	362577	500
2025.04.10	15:00:00	5918.500	5950.000	5904.000	5912.500	127790	402598	500
2025.04.10	16:00:00	5912.500	5929.000	5906.000	5917.500	85395	249544	500
2025.04.10	17:00:00	5918.000	5920.000	5901.500	5904.500	33018	106008	500
2025.04.10	18:00:00	5905.000	5907.000	5898.500	5898.500	5142	21527	500
2025.04.11	09:00:00	5843.000	5889.000	5833.000	5868.500	279539	773594	500
2025.04.11	10:00:00	5868.000	5935.500	5868.000	5901.000	273914	831090	500
2025.04.11	11:00:00	5900.500	5930.000	5885.000	5907.500	170633	506470	500
2025.04.11	12:00:00	5907.000	5914.000	5893.000	5895.000	101834	287175	500
2025.04.11	13:00:00	5895.000	5904.000	5875.500	5898.000	105639	313291	500
2025.04.11	14:00:00	5898.000	5903.500	5866.500	5875.500	113376	341357	500
2025.04.11	15:00:00	5876.000	5899.000	5871.000	5889.500	77079	209199	500
2025.04.11	16:00:00	5890.000	5892.500	5881.500	5885.000	46749	118452	500
2025.04.11	17:00:00	5885.500	5890.000	5877.000	5882.000	27786	80229	500
2025.04.11	18:00:00	5882.000	5884.000	5876.000	5881.000	4929	25031	500
2025.04.14	09:00:00	5859.500	5870.500	5851.000	5869.500	205891	509168	500
2025.04.14	10:00:00	5869.500	5873.500	5842.000	5850.000	187417	516984	500
2025.04.14	11:00:00	5850.000	5860.000	5841.500	5856.000	113612	325024	500
2025.04.14	12:00:00	5856.000	5886.500	5851.000	5879.000	119994	357088	500
2025.04.14	13:00:00	5879.000	5888.500	5865.500	5868.000	81571	218444	500
2025.04.14	14:00:00	5868.000	5879.500	5858.000	5875.500	77343	227426	500
2025.04.14	15:00:00	5876.000	5876.000	5863.500	5867.500	45315	135749	500
2025.04.14	16:00:00	5867.500	5872.000	5861.000	5866.000	35251	113408	500
2025.04.14	17:00:00	5865.500	5872.000	5860.500	5869.500	22158	81397	500
2025.04.14	18:00:00	5870.000	5875.000	5867.500	5874.500	3819	15136	500
2025.04.15	09:00:00	5870.000	5878.500	5845.000	5873.000	214972	601331	500
2025.04.15	10:00:00	5873.000	5887.500	5863.500	5876.000	160733	473872	500
2025.04.15	11:00:00	5876.000	5906.500	5872.000	5889.500	164348	501452	500
2025.04.15	12:00:00	5889.500	5909.500	5888.500	5894.000	88330	256679	500
2025.04.15	13:00:00	5894.000	5915.500	5893.500	5908.000	76100	236758	500
2025.04.15	14:00:00	5908.000	5915.000	5900.500	5903.500	55373	168854	500
2025.04.15	15:00:00	5904.000	5911.000	5899.500	5908.000	56195	185064	500
2025.04.15	16:00:00	5907.500	5909.000	5899.500	5902.500	34907	104369	500
2025.04.15	17:00:00	5902.500	5902.500	5896.000	5899.000	18367	68810	500
2025.04.15	18:00:00	5898.500	5899.000	5888.000	5890.000	4906	26172	500
2025.04.16	09:00:00	5880.000	5923.500	5875.000	5916.500	216565	634299	500
2025.04.16	10:00:00	5917.000	5929.000	5891.000	5894.500	185495	540642	500
2025.04.16	11:00:00	5894.000	5898.500	5883.000	5896.000	133990	409355	500
2025.04.16	12:00:00	5895.500	5897.500	5868.000	5874.500	102295	338300	500
2025.04.16	13:00:00	5874.500	5881.500	5868.000	5871.000	61233	195024	500
2025.04.16	14:00:00	5871.000	5888.500	5865.000	5885.000	84970	262155	500
2025.04.16	15:00:00	5885.500	5885.500	5866.000	5869.500	74718	217932	500
2025.04.16	16:00:00	5869.500	5884.000	5869.000	5878.500	48244	139123	500
2025.04.16	17:00:00	5878.000	5882.500	5871.000	5879.500	23167	73773	500
2025.04.16	18:00:00	5879.500	5885.000	5878.500	5878.500	4594	18005	500
2025.04.17	09:00:00	5885.500	5899.500	5873.000	5879.500	192205	540372	500
2025.04.17	10:00:00	5880.000	5894.500	5864.000	5869.000	165489	501207	500
2025.04.17	11:00:00	5869.000	5882.000	5860.000	5869.500	104670	307058	500
2025.04.17	12:00:00	5869.500	5872.500	5840.000	5842.000	96147	347141	500
2025.04.17	13:00:00	5842.000	5847.500	5811.000	5815.000	131454	436766	500
2025.04.17	14:00:00	5815.500	5831.000	5811.000	5817.000	74731	244527	500
2025.04.17	15:00:00	5817.000	5822.000	5807.000	5811.500	63166	196350	500
2025.04.17	16:00:00	5811.500	5822.500	5810.000	5817.000	37902	114627	500
2025.04.17	17:00:00	5817.000	5820.000	5809.500	5818.000	23009	77564	500
2025.04.17	18:00:00	5818.000	5825.500	5817.000	5824.000	5496	24304	500
2025.04.22	09:00:00	5804.000	5810.500	5779.500	5781.500	169493	504190	500
2025.04.22	10:00:00	5781.500	5784.500	5763.500	5765.500	153666	469107	500
2025.04.22	11:00:00	5766.000	5774.500	5759.500	5761.000	111852	349927	500
2025.04.22	12:00:00	5761.000	5763.000	5743.500	5751.000	91627	313946	500
2025.04.22	13:00:00	5751.000	5751.500	5732.500	5737.000	78724	249909	500
2025.04.22	14:00:00	5737.000	5753.500	5735.000	5745.500	78423	250109	500
2025.04.22	15:00:00	5746.000	5747.000	5726.500	5730.000	70823	246269	500
2025.04.22	16:00:00	5730.000	5736.500	5727.500	5736.500	42089	148485	500
2025.04.22	17:00:00	5736.500	5741.000	5731.000	5734.000	28066	122715	500
2025.04.22	18:00:00	5734.500	5735.000	5725.500	5730.500	6183	26400	500
2025.04.23	09:00:00	5708.000	5716.500	5683.000	5692.500	218339	659483	500
2025.04.23	10:00:00	5692.000	5699.000	5664.000	5685.000	210274	678440	500
2025.04.23	11:00:00	5684.500	5707.500	5672.500	5700.500	156746	473338	500
2025.04.23	12:00:00	5701.000	5718.500	5695.500	5703.500	106288	347562	500
2025.04.23	13:00:00	5703.500	5715.000	5700.000	5715.000	61093	193904	500
2025.04.23	14:00:00	5714.500	5729.000	5709.000	5714.500	80374	262645	500
2025.04.23	15:00:00	5714.000	5722.000	5710.000	5716.500	58045	200503	500
2025.04.23	16:00:00	5716.500	5735.000	5715.000	5723.500	56278	194108	500
2025.04.23	17:00:00	5723.500	5726.500	5713.000	5716.000	26117	99876	500
2025.04.23	18:00:00	5715.500	5718.500	5709.000	5710.000	5330	23158	500
2025.04.24	09:00:00	5711.000	5711.000	5675.000	5684.500	200808	596477	500
2025.04.24	10:00:00	5684.500	5697.000	5669.000	5682.000	193176	612452	500
2025.04.24	11:00:00	5682.500	5698.000	5677.500	5682.000	130907	443197	500
2025.04.24	12:00:00	5682.500	5684.500	5667.500	5677.500	85372	290625	500
2025.04.24	13:00:00	5677.500	5692.000	5671.000	5682.500	86095	286893	500
2025.04.24	14:00:00	5682.000	5688.500	5677.500	5688.500	47386	144861	500
2025.04.24	15:00:00	5688.500	5691.000	5682.000	5689.000	45967	149743	500
2025.04.24	16:00:00	5689.000	5699.000	5687.000	5699.000	38927	126375	500
2025.04.24	17:00:00	5699.000	5699.500	5686.000	5689.000	24947	99618	500
2025.04.24	18:00:00	5689.500	5691.000	5684.000	5688.500	4652	22445	500
2025.04.25	09:00:00	5705.500	5712.000	5684.000	5690.000	209930	574763	500
2025.04.25	10:00:00	5690.000	5704.000	5681.500	5687.000	152730	488599	500
2025.04.25	11:00:00	5687.000	5697.000	5681.000	5681.500	100223	317138	500
2025.04.25	12:00:00	5681.000	5696.000	5680.000	5685.500	69594	237918	500
2025.04.25	13:00:00	5685.500	5692.500	5669.000	5674.500	75724	250341	500
2025.04.25	14:00:00	5674.500	5692.000	5674.500	5687.500	62127	207396	500
2025.04.25	15:00:00	5687.500	5695.000	5684.000	5690.000	46797	168874	500
2025.04.25	16:00:00	5690.000	5694.000	5685.500	5693.500	34383	102050	500
2025.04.25	17:00:00	5693.500	5696.500	5687.000	5688.500	21639	78250	500
2025.04.25	18:00:00	5689.000	5694.000	5686.000	5691.500	5240	20962	500
2025.04.28	09:00:00	5700.000	5702.500	5665.000	5669.000	187874	533308	500
2025.04.28	10:00:00	5669.000	5674.000	5652.500	5652.500	166461	556656	500
2025.04.28	11:00:00	5652.500	5678.000	5650.000	5677.000	125357	435574	500
2025.04.28	12:00:00	5676.500	5689.500	5673.000	5680.000	95398	390532	500
2025.04.28	13:00:00	5679.500	5690.500	5677.500	5681.000	52595	185645	500
2025.04.28	14:00:00	5681.500	5688.000	5664.000	5668.500	76479	269773	500
2025.04.28	15:00:00	5668.500	5669.000	5652.000	5653.500	63904	228157	500
2025.04.28	16:00:00	5653.000	5658.500	5648.500	5649.500	44376	159603	500
2025.04.28	17:00:00	5649.500	5658.000	5648.000	5656.500	22063	81331	500
2025.04.28	18:00:00	5656.500	5658.500	5651.500	5657.000	7120	24991	500
2025.04.29	09:00:00	5661.500	5664.000	5639.000	5646.500	193512	528341	500
2025.04.29	10:00:00	5646.500	5660.000	5644.500	5653.500	169514	513539	500
2025.04.29	11:00:00	5653.500	5657.000	5638.500	5647.500	118086	376886	500
2025.04.29	12:00:00	5647.500	5649.500	5620.500	5634.500	122316	398384	500
2025.04.29	13:00:00	5634.000	5639.500	5628.500	5636.000	51788	163254	500
2025.04.29	14:00:00	5636.500	5641.000	5627.500	5634.000	51157	165396	500
2025.04.29	15:00:00	5634.500	5638.500	5628.000	5633.500	41861	137372	500
2025.04.29	16:00:00	5633.500	5638.000	5631.000	5631.000	36862	118840	500
2025.04.29	17:00:00	5631.500	5634.000	5620.500	5621.500	21411	78993	500
2025.04.29	18:00:00	5621.500	5622.000	5614.000	5615.500	9594	40801	500
2025.04.30	09:00:00	5663.000	5674.500	5644.500	5672.500	212323	609340	500
2025.04.30	10:00:00	5673.000	5718.000	5667.000	5711.000	211409	715660	500
2025.04.30	11:00:00	5710.500	5717.500	5699.000	5701.000	117687	432423	500
2025.04.30	12:00:00	5701.000	5708.000	5692.000	5701.000	101433	374541	500
2025.04.30	13:00:00	5701.000	5727.000	5697.000	5722.500	79117	300456	500
2025.04.30	14:00:00	5722.500	5726.500	5713.000	5716.500	57523	204976	500
2025.04.30	15:00:00	5716.500	5718.500	5701.000	5704.000	70606	248275	500
2025.04.30	16:00:00	5704.500	5722.000	5700.000	5715.000	55779	193550	500
2025.04.30	17:00:00	5715.500	5722.000	5710.500	5714.500	30857	108877	500
2025.04.30	18:00:00	5715.000	5720.000	5709.000	5710.500	5618	30124	500
2025.05.02	09:00:00	5710.000	5715.000	5677.500	5684.000	210752	605410	500
2025.05.02	10:00:00	5684.000	5684.500	5664.000	5670.000	145806	442349	500
2025.05.02	11:00:00	5670.000	5683.000	5664.500	5671.500	113253	355326	500
2025.05.02	12:00:00	5671.000	5693.500	5670.000	5686.500	76679	238520	500
2025.05.02	13:00:00	5686.000	5696.000	5680.000	5692.500	55948	171186	500
2025.05.02	14:00:00	5693.000	5699.500	5687.000	5691.500	46663	150024	500
2025.05.02	15:00:00	5691.500	5694.000	5686.000	5691.500	36318	139504	500
2025.05.02	16:00:00	5691.500	5696.000	5688.000	5693.000	26624	89069	500
2025.05.02	17:00:00	5692.500	5696.000	5688.000	5695.500	19454	77248	500
2025.05.02	18:00:00	5695.000	5698.000	5691.000	5695.000	5138	25895	500
2025.05.05	09:00:00	5691.500	5691.500	5664.500	5671.500	163668	495177	500
2025.05.05	10:00:00	5672.000	5683.000	5669.000	5678.500	121768	388266	500
2025.05.05	11:00:00	5678.500	5693.000	5677.000	5691.000	101277	352912	500
2025.05.05	12:00:00	5691.000	5704.000	5689.500	5702.500	86407	276774	500
2025.05.05	13:00:00	5703.000	5721.000	5700.000	5720.000	76896	263091	500
2025.05.05	14:00:00	5720.500	5721.000	5713.000	5719.000	37463	134996	500
2025.05.05	15:00:00	5719.500	5726.500	5716.000	5724.000	47434	166427	500
2025.05.05	16:00:00	5723.500	5726.500	5720.000	5725.500	35882	131022	500
2025.05.05	17:00:00	5725.500	5726.500	5721.500	5724.000	18467	74011	500
2025.05.05	18:00:00	5724.500	5739.500	5723.500	5733.000	9196	43474	500
2025.05.06	09:00:00	5733.000	5747.500	5726.500	5739.500	224906	665123	500
2025.05.06	10:00:00	5739.500	5772.000	5739.000	5765.000	170596	572473	500
2025.05.06	11:00:00	5765.000	5767.500	5750.500	5752.500	123448	446172	500
2025.05.06	12:00:00	5752.000	5757.000	5740.000	5755.000	92400	322315	500
2025.05.06	13:00:00	5755.000	5762.000	5742.000	5746.000	84606	274865	500
2025.05.06	14:00:00	5745.500	5747.000	5733.000	5735.000	58475	196624	500
2025.05.06	15:00:00	5734.500	5746.000	5730.500	5742.000	54114	189294	500
2025.05.06	16:00:00	5741.500	5745.500	5737.500	5745.000	32794	116425	500
2025.05.06	17:00:00	5744.500	5757.500	5743.500	5748.000	28690	108151	500
2025.05.06	18:00:00	5748.000	5751.000	5744.000	5749.500	5831	25184	500
2025.05.07	09:00:00	5740.000	5762.500	5730.000	5762.000	198586	564573	500
2025.05.07	10:00:00	5762.500	5775.000	5758.500	5774.500	143761	464404	500
2025.05.07	11:00:00	5774.500	5776.500	5760.000	5771.500	110987	366950	500
2025.05.07	12:00:00	5772.000	5780.500	5761.500	5777.000	92960	328716	500
2025.05.07	13:00:00	5777.000	5782.500	5770.500	5773.500	51981	171618	500
2025.05.07	14:00:00	5773.000	5779.000	5767.500	5775.500	47237	169027	500
2025.05.07	15:00:00	5775.500	5786.500	5767.000	5779.000	93140	287341	500
2025.05.07	16:00:00	5779.000	5795.500	5775.500	5777.000	83014	268715	500
2025.05.07	17:00:00	5776.500	5781.500	5771.500	5778.000	28351	114598	500
2025.05.07	18:00:00	5778.000	5780.000	5770.500	5772.500	4743	25505	500
2025.05.08	09:00:00	5752.000	5780.500	5728.500	5732.500	256875	800871	500
2025.05.08	10:00:00	5732.500	5734.500	5712.000	5714.500	154347	505623	500
2025.05.08	11:00:00	5714.500	5720.000	5702.000	5708.500	111397	400620	500
2025.05.08	12:00:00	5708.500	5712.500	5692.500	5712.500	93877	331546	500
2025.05.08	13:00:00	5712.500	5719.000	5701.500	5707.000	66295	242777	500
2025.05.08	14:00:00	5707.000	5715.000	5705.500	5713.500	38503	124394	500
2025.05.08	15:00:00	5713.000	5715.000	5706.500	5707.500	45837	157090	500
2025.05.08	16:00:00	5707.000	5709.500	5692.500	5693.000	54304	202560	500
2025.05.08	17:00:00	5693.000	5703.000	5691.500	5694.000	33758	143727	500
2025.05.08	18:00:00	5693.500	5696.000	5689.500	5690.500	9164	38181	500
2025.05.09	09:00:00	5697.500	5698.500	5675.000	5686.000	191122	541968	500
2025.05.09	10:00:00	5685.500	5698.000	5681.000	5684.500	146552	454516	500
2025.05.09	11:00:00	5684.500	5689.000	5674.500	5675.500	99070	344299	500
2025.05.09	12:00:00	5675.000	5686.000	5666.500	5673.500	86048	301348	500
2025.05.09	13:00:00	5673.500	5681.500	5672.000	5677.000	44671	170017	500
2025.05.09	14:00:00	5677.500	5685.500	5676.500	5680.500	40736	141914	500
2025.05.09	15:00:00	5681.000	5682.500	5670.000	5679.500	46355	183840	500
2025.05.09	16:00:00	5679.000	5685.500	5679.000	5684.000	33050	132075	500
2025.05.09	17:00:00	5683.500	5685.500	5680.500	5684.500	17127	69105	500
2025.05.09	18:00:00	5684.500	5685.000	5670.500	5679.000	6768	34815	500
2025.05.12	09:00:00	5700.000	5725.000	5689.000	5702.500	223592	649261	500
2025.05.12	10:00:00	5702.500	5710.500	5687.000	5703.500	166712	503984	500
2025.05.12	11:00:00	5704.000	5722.500	5699.500	5710.000	131312	456593	500
2025.05.12	12:00:00	5710.000	5719.000	5707.000	5711.000	66017	237436	500
2025.05.12	13:00:00	5711.500	5720.000	5708.000	5719.000	41850	149822	500
2025.05.12	14:00:00	5719.500	5728.500	5717.000	5727.000	45066	149092	500
2025.05.12	15:00:00	5726.500	5733.000	5717.000	5719.500	62507	220280	500
2025.05.12	16:00:00	5719.500	5720.500	5704.500	5709.000	54731	208820	500
2025.05.12	17:00:00	5709.000	5712.000	5701.500	5702.000	24449	92012	500
2025.05.12	18:00:00	5702.000	5702.500	5695.500	5697.500	6175	30776	500
2025.05.13	09:00:00	5686.500	5699.000	5662.500	5663.000	207996	624046	500
2025.05.13	10:00:00	5663.500	5668.000	5646.500	5659.000	195096	623452	500
2025.05.13	11:00:00	5659.000	5665.500	5647.500	5653.500	117093	427832	500
2025.05.13	12:00:00	5653.500	5654.000	5624.500	5627.500	117298	457107	500
2025.05.13	13:00:00	5627.500	5639.500	5624.500	5634.000	65100	247326	500
2025.05.13	14:00:00	5634.500	5642.000	5630.000	5636.000	52997	203457	500
2025.05.13	15:00:00	5635.500	5637.500	5619.000	5621.000	67814	279233	500
2025.05.13	16:00:00	5621.000	5632.000	5619.500	5632.000	45508	189631	500
2025.05.13	17:00:00	5632.000	5634.000	5628.000	5633.000	25283	111908	500
2025.05.13	18:00:00	5633.000	5638.500	5631.500	5638.500	7406	31805	500
2025.05.14	09:00:00	5627.000	5639.000	5604.500	5618.000	258230	760186	500
2025.05.14	10:00:00	5618.000	5635.000	5617.000	5623.500	172793	570530	500
2025.05.14	11:00:00	5624.000	5639.500	5617.500	5636.000	125588	400529	500
2025.05.14	12:00:00	5636.000	5643.000	5625.500	5635.500	95111	313188	500
2025.05.14	13:00:00	5635.500	5639.000	5630.500	5633.000	44013	152069	500
2025.05.14	14:00:00	5633.000	5647.000	5633.000	5639.500	51054	183606	500
2025.05.14	15:00:00	5639.000	5658.000	5638.500	5644.000	69163	271087	500
2025.05.14	16:00:00	5644.000	5655.000	5643.500	5654.500	41477	145868	500
2025.05.14	17:00:00	5655.000	5661.000	5653.500	5660.000	21672	87635	500
2025.05.14	18:00:00	5660.000	5665.000	5658.000	5662.500	6657	30591	500
2025.05.15	09:00:00	5654.000	5660.000	5635.000	5641.500	182889	531739	500
2025.05.15	10:00:00	5642.000	5650.000	5635.500	5649.500	156757	496029	500
2025.05.15	11:00:00	5649.500	5668.000	5641.500	5666.000	134526	442413	500
2025.05.15	12:00:00	5666.000	5673.500	5658.000	5659.000	87307	297316	500
2025.05.15	13:00:00	5658.500	5663.000	5654.500	5655.500	57475	201186	500
2025.05.15	14:00:00	5655.500	5712.000	5655.500	5699.500	132177	475335	500
2025.05.15	15:00:00	5699.500	5719.000	5679.500	5702.500	125004	453622	500
2025.05.15	16:00:00	5702.500	5713.500	5700.000	5701.000	53609	181395	500
2025.05.15	17:00:00	5700.500	5707.000	5694.000	5703.500	27466	93050	500
2025.05.15	18:00:00	5703.500	5708.500	5701.000	5703.000	6152	25716	500
2025.05.16	09:00:00	5693.000	5728.000	5688.500	5715.500	224984	663757	500
2025.05.16	10:00:00	5715.500	5733.000	5708.000	5709.000	153742	475095	500
2025.05.16	11:00:00	5709.000	5722.500	5704.500	5716.500	102317	355201	500
2025.05.16	12:00:00	5716.500	5718.500	5697.000	5697.500	83255	298190	500
2025.05.16	13:00:00	5697.500	5699.000	5687.000	5694.000	54691	198674	500
2025.05.16	14:00:00	5694.500	5698.500	5691.000	5696.500	42706	153664	500
2025.05.16	15:00:00	5697.000	5697.000	5680.000	5689.000	57881	207585	500
2025.05.16	16:00:00	5689.500	5689.500	5680.000	5687.500	32047	121635	500
2025.05.16	17:00:00	5687.500	5690.500	5680.500	5682.500	18844	78170	500
2025.05.16	18:00:00	5683.000	5688.500	5680.500	5688.000	5122	23942	500
2025.05.19	09:00:00	5676.500	5708.500	5672.000	5699.000	181739	543525	500
2025.05.19	10:00:00	5699.000	5704.500	5676.500	5679.500	205611	550743	500
2025.05.19	11:00:00	5679.500	5685.500	5666.500	5670.000	151847	423511	500
2025.05.19	12:00:00	5670.000	5670.000	5650.000	5660.500	111372	361613	500
2025.05.19	13:00:00	5660.500	5664.000	5654.000	5663.500	38250	125288	500
2025.05.19	14:00:00	5663.000	5668.500	5658.000	5664.000	45457	153241	500
2025.05.19	15:00:00	5664.000	5667.500	5660.500	5661.500	31595	99120	500
2025.05.19	16:00:00	5662.000	5673.000	5658.500	5671.500	48526	176146	500
2025.05.19	17:00:00	5671.500	5672.500	5665.000	5668.500	20739	81797	500
2025.05.19	18:00:00	5669.000	5669.500	5663.000	5663.000	5079	23744	500
2025.05.20	09:00:00	5662.500	5679.500	5657.500	5667.000	226153	649017	500
2025.05.20	10:00:00	5666.500	5684.500	5657.500	5678.500	177300	617973	500
2025.05.20	11:00:00	5678.500	5690.500	5671.500	5683.000	117934	402075	500
2025.05.20	12:00:00	5682.500	5688.000	5673.000	5685.000	87457	326056	500
2025.05.20	13:00:00	5685.000	5689.500	5679.000	5682.000	46272	170891	500
2025.05.20	14:00:00	5682.000	5689.000	5680.500	5684.000	39511	144198	500
2025.05.20	15:00:00	5684.000	5698.500	5682.500	5695.000	54364	215894	500
2025.05.20	16:00:00	5695.500	5695.500	5680.500	5682.500	46831	168405	500
2025.05.20	17:00:00	5682.500	5686.000	5680.500	5683.000	16697	62311	500
2025.05.20	18:00:00	5682.500	5685.000	5676.500	5676.500	4607	25946	500
2025.05.21	09:00:00	5683.000	5691.000	5663.000	5670.500	206397	602494	500
2025.05.21	10:00:00	5670.500	5682.000	5668.000	5669.000	124753	392446	500
2025.05.21	11:00:00	5669.500	5675.500	5657.500	5660.000	101444	335966	500
2025.05.21	12:00:00	5660.000	5677.500	5659.000	5672.500	71253	247824	500
2025.05.21	13:00:00	5672.000	5672.500	5665.000	5666.500	35481	126669	500
2025.05.21	14:00:00	5666.500	5679.500	5659.000	5670.000	98533	350317	500
2025.05.21	15:00:00	5670.000	5673.000	5663.500	5668.500	40354	145640	500
2025.05.21	16:00:00	5669.000	5671.500	5652.500	5653.000	56231	202938	500
2025.05.21	17:00:00	5653.000	5660.000	5652.500	5658.000	20947	81184	500
2025.05.21	18:00:00	5658.500	5659.500	5655.000	5657.500	5070	22376	500
2025.05.22	09:00:00	5660.500	5691.000	5659.000	5668.500	239271	686690	500
2025.05.22	10:00:00	5668.500	5668.500	5648.500	5654.000	169412	570753	500
2025.05.22	11:00:00	5654.000	5660.500	5645.000	5646.500	107288	381194	500
2025.05.22	12:00:00	5647.000	5648.500	5624.500	5631.000	103055	419977	500
2025.05.22	13:00:00	5631.000	5639.000	5626.500	5638.000	49199	185003	500
2025.05.22	14:00:00	5638.000	5643.000	5604.500	5612.000	126747	510152	500
2025.05.22	15:00:00	5612.500	5665.000	5611.500	5664.500	132325	519641	500
2025.05.22	16:00:00	5664.000	5674.500	5639.000	5670.000	109382	381216	500
2025.05.22	17:00:00	5669.500	5728.000	5665.500	5725.500	98862	455029	500
2025.05.22	18:00:00	5726.000	5783.500	5724.500	5765.000	32076	164685	500
2025.05.23	09:00:00	5740.000	5748.500	5690.000	5704.000	284245	893859	500
2025.05.23	10:00:00	5703.500	5752.500	5699.500	5715.500	210209	687300	500
2025.05.23	11:00:00	5715.000	5718.500	5687.500	5691.000	117045	362281	500
2025.05.23	12:00:00	5691.000	5697.000	5679.000	5696.500	77300	263236	500
2025.05.23	13:00:00	5696.000	5697.000	5676.500	5686.500	61517	192574	500
2025.05.23	14:00:00	5686.500	5688.000	5672.500	5678.000	46120	145060	500
2025.05.23	15:00:00	5678.000	5680.000	5659.500	5660.500	62413	221952	500
2025.05.23	16:00:00	5661.000	5663.500	5652.500	5653.000	53313	185225	500
2025.05.23	17:00:00	5653.000	5657.000	5650.500	5654.000	26301	87579	500
2025.05.23	18:00:00	5653.500	5664.000	5653.000	5659.500	6545	32756	500
2025.05.26	09:00:00	5650.000	5669.000	5642.000	5666.000	154675	422276	500
2025.05.26	10:00:00	5665.500	5673.000	5653.000	5663.500	121604	340739	500
2025.05.26	11:00:00	5663.000	5678.000	5659.000	5671.500	80731	254576	500
2025.05.26	12:00:00	5672.000	5682.500	5667.000	5681.000	44178	137231	500
2025.05.26	13:00:00	5681.000	5681.500	5672.000	5673.500	31357	115653	500
2025.05.26	14:00:00	5673.000	5677.000	5670.000	5676.000	28620	100103	500
2025.05.26	15:00:00	5676.000	5686.000	5674.000	5680.000	34024	123407	500
2025.05.26	16:00:00	5680.000	5684.500	5677.500	5682.000	17794	59413	500
2025.05.26	17:00:00	5682.000	5683.000	5672.500	5676.000	14174	50594	500
2025.05.26	18:00:00	5676.000	5677.000	5669.000	5669.000	4218	17813	500
2025.05.27	09:00:00	5665.000	5676.500	5648.500	5660.000	198048	593316	500
2025.05.27	10:00:00	5660.000	5677.000	5653.500	5663.500	148654	461949	500
2025.05.27	11:00:00	5663.000	5673.500	5654.000	5659.000	109846	398698	500
2025.05.27	12:00:00	5659.000	5666.500	5652.000	5656.500	67653	227843	500
2025.05.27	13:00:00	5657.000	5668.000	5653.000	5666.500	42972	174319	500
2025.05.27	14:00:00	5667.000	5668.000	5654.000	5658.500	41684	134980	500
2025.05.27	15:00:00	5659.000	5660.000	5645.500	5649.500	60043	199964	500
2025.05.27	16:00:00	5649.000	5655.500	5647.500	5650.000	33598	106353	500
2025.05.27	17:00:00	5650.000	5653.000	5640.000	5647.000	23986	92052	500
2025.05.27	18:00:00	5646.500	5647.500	5641.500	5643.000	4960	20069	500
2025.05.28	09:00:00	5653.000	5670.000	5647.000	5669.000	154724	465480	500
2025.05.28	10:00:00	5669.500	5690.000	5667.000	5684.000	187802	616803	500
2025.05.28	11:00:00	5684.000	5702.500	5683.000	5699.500	117519	369606	500
2025.05.28	12:00:00	5700.000	5714.000	5696.000	5713.000	91821	316809	500
2025.05.28	13:00:00	5713.000	5721.000	5706.000	5709.500	80658	276716	500
2025.05.28	14:00:00	5709.500	5712.000	5691.500	5698.000	70130	256073	500
2025.05.28	15:00:00	5698.000	5703.500	5684.500	5692.000	70626	249835	500
2025.05.28	16:00:00	5691.500	5700.500	5686.000	5698.000	40976	142216	500
2025.05.28	17:00:00	5698.000	5701.000	5689.000	5691.500	21905	90609	500
2025.05.28	18:00:00	5691.500	5694.000	5688.500	5694.000	4345	19410	500
2025.05.29	09:00:00	5700.500	5706.000	5666.000	5666.500	198687	567843	500
2025.05.29	10:00:00	5666.500	5680.000	5661.000	5668.500	161644	485476	500
2025.05.29	11:00:00	5668.500	5669.000	5645.500	5647.500	125207	433603	500
2025.05.29	12:00:00	5648.000	5656.500	5645.000	5654.000	65891	235771	500
2025.05.29	13:00:00	5654.000	5656.500	5650.000	5654.500	39030	138707	500
2025.05.29	14:00:00	5655.000	5663.500	5652.500	5663.000	64612	220538	500
2025.05.29	15:00:00	5663.500	5663.500	5655.500	5658.000	42435	142391	500
2025.05.29	16:00:00	5658.500	5671.000	5657.000	5668.000	39953	144813	500
2025.05.29	17:00:00	5668.000	5677.500	5667.000	5669.500	23197	96785	500
2025.05.29	18:00:00	5669.000	5671.000	5664.500	5668.500	5494	25151	500
2025.05.30	09:00:00	5707.000	5729.000	5696.000	5715.000	208748	595457	500
2025.05.30	10:00:00	5715.000	5754.000	5711.000	5753.500	149209	517874	500
2025.05.30	11:00:00	5753.500	5777.500	5744.500	5769.000	143708	567787	500
2025.05.30	12:00:00	5768.500	5771.000	5747.500	5757.000	89441	358065	500
2025.05.30	13:00:00	5757.000	5760.500	5748.000	5749.000	49586	176482	500
2025.05.30	14:00:00	5748.500	5753.500	5744.000	5752.500	44484	144111	500
2025.05.30	15:00:00	5752.500	5755.500	5743.000	5749.000	50672	183388	500
2025.05.30	16:00:00	5748.500	5761.000	5748.500	5758.000	40125	150989	500
2025.05.30	17:00:00	5758.500	5761.500	5750.500	5760.000	22127	100832	500
2025.05.30	18:00:00	5760.000	5770.000	5760.000	5769.000	7274	34700	500
2025.06.02	09:00:00	5737.500	5745.000	5712.000	5712.500	205286	597110	500
2025.06.02	10:00:00	5713.000	5727.500	5701.500	5720.000	163374	499536	500
2025.06.02	11:00:00	5720.000	5732.500	5713.000	5724.500	112109	362499	500
2025.06.02	12:00:00	5724.500	5743.000	5721.000	5742.000	83329	260146	500
2025.06.02	13:00:00	5741.500	5745.000	5730.500	5736.500	59596	186031	500
2025.06.02	14:00:00	5737.000	5743.000	5732.000	5733.500	42465	134740	500
2025.06.02	15:00:00	5733.500	5736.000	5716.000	5718.000	54469	176182	500
2025.06.02	16:00:00	5717.500	5722.000	5709.000	5710.000	41403	139461	500
2025.06.02	17:00:00	5709.500	5713.000	5707.500	5709.500	25076	98483	500
2025.06.02	18:00:00	5709.000	5714.000	5708.500	5713.500	4402	20915	500
2025.06.03	09:00:00	5714.000	5745.000	5705.000	5743.000	162916	515629	500
2025.06.03	10:00:00	5743.000	5743.500	5713.500	5724.000	180520	556912	500
2025.06.03	11:00:00	5724.500	5731.500	5675.500	5677.500	184266	651075	500
2025.06.03	12:00:00	5678.000	5692.000	5675.000	5679.500	78043	255794	500
2025.06.03	13:00:00	5680.000	5686.500	5675.000	5676.500	44937	161729	500
2025.06.03	14:00:00	5676.000	5677.000	5666.500	5671.000	52889	173792	500
2025.06.03	15:00:00	5671.000	5679.500	5658.500	5673.000	83971	293321	500
2025.06.03	16:00:00	5673.000	5680.000	5668.000	5670.000	45304	161178	500
2025.06.03	17:00:00	5670.000	5674.000	5666.000	5672.500	25400	88863	500
2025.06.03	18:00:00	5672.500	5675.500	5668.500	5672.000	5724	27064	500
2025.06.04	09:00:00	5670.000	5670.500	5641.500	5656.000	209191	568588	500
2025.06.04	10:00:00	5656.000	5672.000	5653.500	5669.000	141681	447328	500
2025.06.04	11:00:00	5668.500	5674.500	5648.500	5659.000	129910	409260	500
2025.06.04	12:00:00	5659.500	5676.500	5659.500	5671.000	72131	232991	500
2025.06.04	13:00:00	5671.500	5678.500	5668.000	5670.000	54503	185135	500
2025.06.04	14:00:00	5670.000	5675.500	5665.000	5672.500	52298	188724	500
2025.06.04	15:00:00	5673.000	5680.000	5670.000	5678.000	38235	136931	500
2025.06.04	16:00:00	5678.000	5684.000	5673.000	5675.000	37996	134724	500
2025.06.04	17:00:00	5675.000	5676.500	5664.000	5667.500	31468	125756	500
2025.06.04	18:00:00	5668.000	5669.500	5662.000	5662.000	5304	23969	500
2025.06.05	09:00:00	5665.000	5668.500	5635.500	5643.500	209132	603215	500
2025.06.05	10:00:00	5643.500	5644.000	5619.000	5626.000	190025	637562	500
2025.06.05	11:00:00	5626.500	5639.000	5621.000	5627.500	122532	430722	500
2025.06.05	12:00:00	5627.500	5633.500	5620.000	5622.500	68957	248678	500
2025.06.05	13:00:00	5622.500	5628.000	5611.500	5618.000	75429	284329	500
2025.06.05	14:00:00	5618.500	5621.000	5608.000	5616.500	59063	204434	500
2025.06.05	15:00:00	5616.000	5625.500	5615.000	5618.000	48348	172028	500
2025.06.05	16:00:00	5618.500	5624.500	5614.000	5616.500	38364	140096	500
2025.06.05	17:00:00	5616.500	5620.000	5612.500	5618.500	23232	94814	500
2025.06.05	18:00:00	5619.000	5619.500	5611.000	5613.000	6825	29254	500
2025.06.06	09:00:00	5624.000	5627.000	5591.500	5608.500	248319	717445	500
2025.06.06	10:00:00	5608.500	5634.000	5606.500	5621.000	172587	539174	500
2025.06.06	11:00:00	5620.500	5640.000	5610.500	5638.000	116557	384238	500
2025.06.06	12:00:00	5638.000	5645.500	5625.500	5626.500	91039	304916	500
2025.06.06	13:00:00	5626.500	5626.500	5601.000	5609.500	72458	265983	500
2025.06.06	14:00:00	5609.500	5613.000	5595.500	5610.500	62893	220065	500
2025.06.06	15:00:00	5611.000	5614.500	5588.500	5592.500	78609	276457	500
2025.06.06	16:00:00	5593.000	5598.000	5587.500	5597.500	38612	127011	500
2025.06.06	17:00:00	5598.000	5598.500	5585.500	5587.500	24713	96269	500
2025.06.06	18:00:00	5587.500	5593.000	5585.000	5592.000	7047	31146	500
2025.06.09	09:00:00	5596.500	5606.000	5577.500	5596.000	197024	554503	500
2025.06.09	10:00:00	5596.000	5624.500	5590.500	5611.000	170798	534643	500
2025.06.09	11:00:00	5611.000	5618.000	5603.500	5612.000	103150	311174	500
2025.06.09	12:00:00	5612.000	5612.500	5594.000	5602.000	78195	254294	500
2025.06.09	13:00:00	5601.500	5607.500	5596.500	5601.000	46785	148415	500
2025.06.09	14:00:00	5601.000	5604.000	5595.500	5599.500	33453	109183	500
2025.06.09	15:00:00	5600.000	5601.000	5580.500	5583.500	64751	212075	500
2025.06.09	16:00:00	5584.000	5593.000	5582.000	5587.500	46441	149178	500
2025.06.09	17:00:00	5588.000	5588.000	5583.000	5584.500	12929	61953	500
2025.06.09	18:00:00	5584.000	5587.000	5583.500	5584.000	5688	26619	500
2025.06.10	09:00:00	5581.500	5595.500	5568.500	5576.000	219093	687818	500
2025.06.10	10:00:00	5576.500	5584.500	5567.500	5576.000	119215	367195	500
2025.06.10	11:00:00	5576.500	5587.500	5561.500	5584.000	133744	477318	500
2025.06.10	12:00:00	5584.500	5589.000	5575.000	5588.500	63906	206381	500
2025.06.10	13:00:00	5588.500	5598.000	5582.000	5583.000	59902	201557	500
2025.06.10	14:00:00	5582.500	5593.000	5581.500	5590.000	41600	133192	500
2025.06.10	15:00:00	5590.500	5601.000	5588.500	5597.000	42218	140521	500
2025.06.10	16:00:00	5597.500	5600.000	5590.500	5592.000	43834	138810	500
2025.06.10	17:00:00	5591.500	5600.000	5588.500	5597.500	24957	87809	500
2025.06.10	18:00:00	5597.000	5599.000	5592.500	5592.500	4507	20682	500
2025.06.11	09:00:00	5591.000	5602.000	5562.500	5575.000	232483	689022	500
2025.06.11	10:00:00	5574.500	5585.000	5560.000	5560.500	166149	549228	500
2025.06.11	11:00:00	5560.500	5567.500	5552.000	5564.500	120078	439932	500
2025.06.11	12:00:00	5564.500	5566.500	5546.500	5549.500	81196	305023	500
2025.06.11	13:00:00	5550.000	5555.500	5542.500	5552.000	61034	216255	500
2025.06.11	14:00:00	5552.000	5554.500	5548.000	5552.000	33023	113212	500
2025.06.11	15:00:00	5552.000	5567.500	5551.000	5560.500	59681	200055	500
2025.06.11	16:00:00	5560.500	5567.000	5559.000	5559.000	35002	127366	500
2025.06.11	17:00:00	5559.500	5561.500	5555.500	5557.500	17943	90688	500
2025.06.11	18:00:00	5557.500	5560.000	5556.500	5560.000	5780	24071	500
2025.06.12	09:00:00	5550.000	5562.500	5544.500	5550.000	205139	595917	500
2025.06.12	10:00:00	5550.000	5561.000	5546.000	5554.500	125509	397607	500
2025.06.12	11:00:00	5554.500	5579.000	5549.000	5566.500	102373	365458	500
2025.06.12	12:00:00	5566.500	5576.500	5558.000	5565.500	76651	290062	500
2025.06.12	13:00:00	5565.500	5579.500	5563.000	5573.000	46852	167959	500
2025.06.12	14:00:00	5573.000	5575.000	5563.500	5564.500	37738	132478	500
2025.06.12	15:00:00	5564.000	5566.000	5557.000	5563.000	43020	194167	500
2025.06.12	16:00:00	5563.000	5566.500	5560.000	5563.000	28301	103536	500
2025.06.12	17:00:00	5562.500	5563.000	5555.500	5557.500	20203	86622	500
2025.06.12	18:00:00	5557.000	5558.000	5552.000	5553.000	5142	25423	500
2025.06.13	09:00:00	5587.000	5599.500	5576.000	5595.500	175906	562466	500
2025.06.13	10:00:00	5596.000	5612.000	5580.000	5585.500	192932	625526	500
2025.06.13	11:00:00	5585.500	5589.500	5563.500	5569.500	119416	410614	500
2025.06.13	12:00:00	5570.000	5576.500	5554.500	5563.500	85918	298503	500
2025.06.13	13:00:00	5563.500	5571.000	5560.000	5562.000	45634	158219	500
2025.06.13	14:00:00	5562.500	5566.000	5556.000	5559.500	47042	171678	500
2025.06.13	15:00:00	5560.000	5569.500	5551.000	5552.500	55758	247395	500
2025.06.13	16:00:00	5552.500	5560.000	5548.500	5558.000	38557	172243	500
2025.06.13	17:00:00	5558.000	5563.000	5556.500	5561.000	21224	92479	500
2025.06.13	18:00:00	5561.500	5569.500	5561.000	5569.000	5832	27108	500
2025.06.16	09:00:00	5543.000	5553.500	5525.000	5534.500	164054	524351	500
2025.06.16	10:00:00	5534.500	5552.000	5516.500	5517.500	176162	547601	500
2025.06.16	11:00:00	5518.000	5526.000	5512.500	5519.500	96022	350419	500
2025.06.16	12:00:00	5519.000	5536.000	5518.500	5533.500	90029	325384	500
2025.06.16	13:00:00	5533.500	5534.000	5521.500	5526.000	43296	158488	500
2025.06.16	14:00:00	5525.500	5529.000	5514.500	5517.000	47201	179316	500
2025.06.16	15:00:00	5517.000	5518.000	5507.000	5513.000	65059	247396	500
2025.06.16	16:00:00	5513.000	5513.500	5500.500	5502.000	49971	210617	500
2025.06.16	17:00:00	5502.500	5510.000	5501.000	5507.000	28757	133520	500
2025.06.16	18:00:00	5507.500	5508.000	5498.000	5498.500	8564	39842	500
2025.06.17	09:00:00	5508.000	5520.000	5498.500	5505.000	195088	561058	500
2025.06.17	10:00:00	5505.000	5505.500	5481.500	5483.000	163425	549749	500
2025.06.17	11:00:00	5483.000	5507.000	5480.000	5500.000	137732	487798	500
2025.06.17	12:00:00	5500.000	5502.000	5489.500	5490.000	68190	238341	500
2025.06.17	13:00:00	5490.000	5505.000	5483.000	5502.500	79283	299957	500
2025.06.17	14:00:00	5502.000	5517.500	5495.500	5515.000	85312	333730	500
2025.06.17	15:00:00	5515.000	5521.000	5505.500	5516.000	66478	240057	500
2025.06.17	16:00:00	5516.000	5518.500	5507.000	5510.000	48705	172933	500
2025.06.17	17:00:00	5510.500	5516.500	5509.000	5513.500	17956	76589	500
2025.06.17	18:00:00	5514.000	5514.500	5507.500	5507.500	5335	25216	500
2025.06.18	09:00:00	5506.000	5524.500	5491.000	5516.000	196659	616447	500
2025.06.18	10:00:00	5516.000	5517.000	5488.000	5497.500	145586	485358	500
2025.06.18	11:00:00	5497.000	5502.000	5488.000	5495.000	91943	304280	500
2025.06.18	12:00:00	5495.000	5509.000	5494.500	5505.500	60819	212351	500
2025.06.18	13:00:00	5506.000	5522.000	5503.500	5521.000	61184	214194	500
2025.06.18	14:00:00	5520.500	5521.000	5508.000	5510.000	48180	173537	500
2025.06.18	15:00:00	5510.000	5521.000	5500.000	5518.500	82637	296702	500
2025.06.18	16:00:00	5518.500	5519.500	5507.500	5513.500	49509	164387	500
2025.06.18	17:00:00	5513.000	5514.500	5503.000	5504.500	18499	88117	500
2025.06.18	18:00:00	5504.500	5506.000	5493.000	5496.000	5871	33765	500
2025.06.20	09:00:00	5483.000	5509.500	5480.000	5507.000	156930	475553	500
2025.06.20	10:00:00	5507.000	5508.500	5486.500	5498.000	127378	388626	500
2025.06.20	11:00:00	5498.500	5516.500	5490.500	5514.000	111517	399568	500
2025.06.20	12:00:00	5513.500	5525.000	5511.000	5515.000	89382	307538	500
2025.06.20	13:00:00	5515.000	5524.000	5509.500	5522.500	54943	182862	500
2025.06.20	14:00:00	5522.000	5527.500	5514.500	5524.500	43862	151036	500
2025.06.20	15:00:00	5524.000	5535.000	5524.000	5534.000	49265	161815	500
2025.06.20	16:00:00	5534.500	5538.000	5531.500	5536.500	33855	110733	500
2025.06.20	17:00:00	5536.500	5537.000	5522.500	5524.000	34439	124512	500
2025.06.20	18:00:00	5523.000	5530.500	5521.500	5527.000	6418	33518	500
2025.06.23	09:00:00	5545.500	5552.500	5528.500	5530.000	201750	620358	500
2025.06.23	10:00:00	5530.500	5540.500	5520.000	5537.500	147920	462066	500
2025.06.23	11:00:00	5538.000	5542.000	5515.500	5522.000	131634	430234	500
2025.06.23	12:00:00	5522.000	5526.000	5505.000	5525.500	97917	351948	500
2025.06.23	13:00:00	5525.500	5534.000	5518.000	5530.000	81494	291045	500
2025.06.23	14:00:00	5530.000	5531.000	5510.500	5519.500	72931	248044	500
2025.06.23	15:00:00	5520.000	5522.000	5509.000	5510.500	49072	170987	500
2025.06.23	16:00:00	5510.500	5516.500	5509.500	5512.500	27988	96866	500
2025.06.23	17:00:00	5512.500	5513.000	5503.000	5505.500	26456	107236	500
2025.06.23	18:00:00	5505.000	5506.000	5501.000	5505.000	6668	29598	500
2025.06.24	09:00:00	5482.000	5509.500	5482.000	5503.500	194244	630415	500
2025.06.24	10:00:00	5504.000	5513.000	5499.500	5510.500	124580	400174	500
2025.06.24	11:00:00	5510.500	5510.500	5482.000	5502.000	150246	541081	500
2025.06.24	12:00:00	5502.500	5511.500	5493.000	5505.500	83779	300588	500
2025.06.24	13:00:00	5505.500	5516.000	5504.500	5512.500	53834	210988	500
2025.06.24	14:00:00	5513.000	5515.500	5502.000	5512.500	46168	186997	500
2025.06.24	15:00:00	5512.000	5530.000	5508.500	5528.000	63858	262307	500
2025.06.24	16:00:00	5528.000	5528.500	5517.000	5525.000	51039	184346	500
2025.06.24	17:00:00	5525.000	5530.000	5516.000	5518.000	25601	112394	500
2025.06.24	18:00:00	5517.500	5525.000	5517.000	5519.500	5978	28514	500
2025.06.25	09:00:00	5517.500	5553.500	5515.000	5533.000	206161	641903	500
2025.06.25	10:00:00	5533.500	5551.000	5530.000	5544.500	150488	473347	500
2025.06.25	11:00:00	5545.000	5558.000	5542.500	5549.000	114606	429929	500
2025.06.25	12:00:00	5549.000	5579.000	5548.000	5564.000	109051	405484	500
2025.06.25	13:00:00	5563.500	5564.000	5536.000	5541.000	70497	265564	500
2025.06.25	14:00:00	5541.000	5551.000	5540.000	5549.500	52101	190100	500
2025.06.25	15:00:00	5549.000	5557.000	5547.500	5556.500	49876	186129	500
2025.06.25	16:00:00	5556.500	5564.500	5555.000	5562.000	44551	160526	500
2025.06.25	17:00:00	5561.500	5570.000	5558.000	5568.500	28807	127902	500
2025.06.25	18:00:00	5568.500	5569.000	5562.000	5562.000	5540	27192	500
2025.06.26	09:00:00	5552.000	5567.000	5540.000	5541.000	199944	633474	500
2025.06.26	10:00:00	5541.000	5543.500	5514.000	5519.000	175132	584873	500
2025.06.26	11:00:00	5519.000	5524.000	5507.000	5510.000	114241	368569	500
2025.06.26	12:00:00	5510.000	5516.000	5505.000	5509.000	86006	295363	500
2025.06.26	13:00:00	5508.500	5514.500	5499.000	5503.000	65022	207209	500
2025.06.26	14:00:00	5503.500	5506.000	5494.500	5499.500	54912	195495	500
2025.06.26	15:00:00	5499.500	5503.500	5496.000	5498.000	44079	161630	500
2025.06.26	16:00:00	5498.000	5510.500	5498.000	5502.000	53584	179507	500
2025.06.26	17:00:00	5502.000	5505.000	5490.500	5492.000	31514	182707	500
2025.06.26	18:00:00	5491.500	5492.500	5411.500	5483.000	18815	113632	500
2025.06.27	09:00:00	5489.500	5494.000	5461.500	5470.500	196943	645641	500
2025.06.27	10:00:00	5471.000	5495.000	5468.000	5493.500	175086	525141	500
2025.06.27	11:00:00	5493.000	5507.000	5488.000	5489.000	131476	450652	500
2025.06.27	12:00:00	5489.500	5490.500	5473.500	5483.000	103478	378772	500
2025.06.27	13:00:00	5483.500	5484.500	5466.500	5470.000	62313	229926	500
2025.06.27	14:00:00	5470.500	5497.000	5468.000	5486.500	77533	289645	500
2025.06.27	15:00:00	5486.500	5498.500	5483.500	5490.500	62062	234004	500
2025.06.27	16:00:00	5490.000	5493.000	5483.500	5484.500	40677	139898	500
2025.06.27	17:00:00	5485.000	5490.500	5481.500	5487.500	19532	78403	500
2025.06.27	18:00:00	5487.500	5488.000	5479.500	5482.000	5809	25664	500
2025.06.30	09:00:00	5525.500	5547.500	5513.500	5515.500	181403	538851	500
2025.06.30	10:00:00	5516.000	5526.500	5505.000	5514.000	153591	521097	500
2025.06.30	11:00:00	5514.000	5522.500	5496.500	5497.500	132337	488546	500
2025.06.30	12:00:00	5497.500	5501.500	5465.000	5468.500	126088	550603	500
2025.06.30	13:00:00	5468.000	5484.500	5468.000	5478.000	60813	232572	500
2025.06.30	14:00:00	5478.000	5482.500	5474.000	5477.500	43271	156013	500
2025.06.30	15:00:00	5477.500	5477.500	5466.500	5468.500	56969	213812	500
2025.06.30	16:00:00	5468.500	5478.000	5468.000	5476.500	38870	152602	500
2025.06.30	17:00:00	5476.500	5478.000	5472.000	5474.500	18173	91644	500
2025.06.30	18:00:00	5474.000	5475.000	5468.500	5473.500	5895	33493	500
2025.07.01	09:00:00	5467.500	5479.000	5457.500	5478.000	190384	587909	500
2025.07.01	10:00:00	5478.000	5494.500	5473.000	5485.500	156894	518308	500
2025.07.01	11:00:00	5485.500	5499.000	5485.500	5491.000	102865	330204	500
2025.07.01	12:00:00	5491.000	5509.000	5488.500	5499.000	82450	281426	500
2025.07.01	13:00:00	5499.500	5504.000	5491.000	5492.500	49272	162886	500
2025.07.01	14:00:00	5492.500	5505.000	5491.000	5504.000	50011	200270	500
2025.07.01	15:00:00	5504.000	5509.500	5502.500	5507.000	44645	167526	500
2025.07.01	16:00:00	5506.500	5509.000	5492.000	5500.500	47358	181815	500
2025.07.01	17:00:00	5500.500	5502.500	5495.500	5498.500	15958	79210	500
2025.07.01	18:00:00	5498.500	5501.500	5493.000	5495.500	5180	24504	500
2025.07.02	09:00:00	5502.000	5518.500	5488.000	5496.500	210818	631272	500
2025.07.02	10:00:00	5497.000	5510.000	5493.000	5498.500	158729	521216	500
2025.07.02	11:00:00	5498.500	5508.000	5479.500	5483.500	114105	436826	500
2025.07.02	12:00:00	5484.000	5485.000	5464.500	5466.500	101993	379139	500
2025.07.02	13:00:00	5466.500	5470.000	5461.500	5464.500	50487	192198	500
2025.07.02	14:00:00	5464.500	5470.000	5458.000	5468.000	52402	219688	500
2025.07.02	15:00:00	5468.000	5470.000	5456.000	5460.500	51675	194694	500
2025.07.02	16:00:00	5460.000	5464.000	5452.500	5456.000	40299	153874	500
2025.07.02	17:00:00	5455.500	5462.500	5455.500	5462.000	25975	119672	500
2025.07.02	18:00:00	5462.000	5465.000	5457.500	5464.500	7533	39669	500
2025.07.03	09:00:00	5465.000	5482.500	5459.500	5468.500	167230	571888	500
2025.07.03	10:00:00	5468.000	5472.500	5440.000	5450.000	168987	583844	500
2025.07.03	11:00:00	5450.500	5453.500	5440.500	5445.500	94402	336277	500
2025.07.03	12:00:00	5446.000	5457.000	5445.000	5454.000	63969	208468	500
2025.07.03	13:00:00	5453.500	5468.500	5451.000	5452.500	66220	241428	500
2025.07.03	14:00:00	5452.500	5459.000	5452.500	5457.500	34228	127826	500
2025.07.03	15:00:00	5457.000	5459.000	5447.000	5447.500	30561	117708	500
2025.07.03	16:00:00	5447.000	5449.500	5438.500	5439.000	30216	138020	500
2025.07.03	17:00:00	5439.000	5445.000	5437.500	5444.000	21911	93987	500
2025.07.03	18:00:00	5444.500	5449.000	5440.500	5448.000	7075	29358	500
2025.07.04	09:00:00	5455.500	5460.000	5448.500	5451.000	102763	300381	500
2025.07.04	10:00:00	5451.000	5453.000	5437.500	5443.000	103009	297578	500
2025.07.04	11:00:00	5443.000	5448.000	5438.000	5441.000	51431	174264	500
2025.07.04	12:00:00	5441.500	5446.500	5440.000	5442.500	25279	92127	500
2025.07.04	13:00:00	5442.500	5447.000	5442.500	5445.500	14722	63635	500
2025.07.04	14:00:00	5446.000	5457.500	5444.500	5454.000	34335	131804	500
2025.07.04	15:00:00	5454.500	5460.500	5453.000	5458.000	29124	103812	500
2025.07.04	16:00:00	5457.500	5462.000	5457.000	5459.000	16208	59249	500
2025.07.04	17:00:00	5459.500	5460.000	5452.000	5456.000	11218	46776	500
2025.07.04	18:00:00	5455.500	5458.500	5452.500	5455.500	4761	22278	500
2025.07.07	09:00:00	5474.000	5489.500	5470.500	5479.000	152670	479338	500
2025.07.07	10:00:00	5479.000	5491.000	5475.000	5480.500	150865	506932	500
2025.07.07	11:00:00	5480.500	5502.000	5477.500	5489.500	138353	489418	500
2025.07.07	12:00:00	5489.000	5503.500	5488.000	5497.500	77878	294368	500
2025.07.07	13:00:00	5498.000	5517.000	5493.000	5515.500	92050	363295	500
2025.07.07	14:00:00	5516.000	5516.500	5506.000	5510.500	46623	176319	500
2025.07.07	15:00:00	5510.500	5516.500	5506.500	5515.000	44241	156018	500
2025.07.07	16:00:00	5515.500	5516.000	5511.000	5511.500	23319	79128	500
2025.07.07	17:00:00	5512.000	5523.000	5507.500	5521.500	29858	147457	500
2025.07.07	18:00:00	5521.500	5526.000	5518.000	5520.500	8605	38089	500
2025.07.08	09:00:00	5505.500	5510.500	5480.500	5484.500	181573	585271	500
2025.07.08	10:00:00	5484.500	5502.000	5479.500	5485.500	150856	492014	500
2025.07.08	11:00:00	5485.000	5496.500	5481.500	5491.000	97148	337233	500
2025.07.08	12:00:00	5491.000	5496.000	5486.500	5492.500	51189	177380	500
2025.07.08	13:00:00	5492.500	5505.000	5488.500	5493.500	93230	309678	500
2025.07.08	14:00:00	5493.500	5495.000	5478.000	5479.500	65605	235229	500
2025.07.08	15:00:00	5479.000	5480.000	5467.000	5471.500	67733	246710	500
2025.07.08	16:00:00	5471.500	5479.500	5470.500	5477.000	39439	153856	500
2025.07.08	17:00:00	5477.000	5481.000	5472.500	5478.500	20158	81942	500
2025.07.08	18:00:00	5478.500	5485.000	5476.500	5483.500	5941	28524	500
2025.07.09	09:00:00	5488.000	5506.500	5486.000	5496.500	145218	466215	500
2025.07.09	10:00:00	5497.000	5500.000	5479.500	5492.000	107417	368175	500
2025.07.09	11:00:00	5492.500	5502.500	5488.000	5500.500	77654	299605	500
2025.07.09	12:00:00	5500.500	5501.000	5485.000	5485.500	52545	202692	500
2025.07.09	13:00:00	5485.500	5488.000	5480.000	5483.000	37793	146263	500
2025.07.09	14:00:00	5482.500	5520.000	5478.000	5512.500	101307	412708	500
2025.07.09	15:00:00	5512.500	5526.500	5506.500	5516.000	84470	341160	500
2025.07.09	16:00:00	5516.500	5532.500	5515.000	5532.000	48130	169962	500
2025.07.09	17:00:00	5532.000	5638.000	5530.500	5606.000	159171	692814	500
2025.07.09	18:00:00	5606.500	5633.000	5602.000	5608.500	17188	99182	500
2025.07.10	09:00:00	5643.500	5658.000	5598.500	5605.000	296569	1066062	500
2025.07.10	10:00:00	5605.000	5605.500	5553.000	5577.000	267423	943678	500
2025.07.10	11:00:00	5577.000	5582.500	5564.000	5575.500	133325	423381	500
2025.07.10	12:00:00	5576.000	5591.000	5563.500	5564.500	96945	356249	500
2025.07.10	13:00:00	5565.000	5585.500	5555.000	5574.000	83114	307128	500
2025.07.10	14:00:00	5574.000	5593.000	5568.000	5585.000	72489	265440	500
2025.07.10	15:00:00	5585.500	5591.000	5575.000	5578.000	64317	216170	500
2025.07.10	16:00:00	5578.000	5579.500	5565.500	5570.000	58051	193495	500
2025.07.10	17:00:00	5570.000	5574.000	5559.500	5561.000	32185	118008	500
2025.07.10	18:00:00	5560.500	5566.500	5558.000	5561.500	6240	27437	500
2025.07.11	09:00:00	5579.500	5604.000	5577.000	5597.500	170354	516141	500
2025.07.11	10:00:00	5598.000	5619.000	5585.000	5610.500	164897	586054	500
2025.07.11	11:00:00	5611.000	5619.000	5583.500	5598.000	166912	627201	500
2025.07.11	12:00:00	5598.500	5610.000	5591.500	5599.500	71404	272238	500
2025.07.11	13:00:00	5599.000	5602.000	5586.000	5590.500	52278	198103	500
2025.07.11	14:00:00	5590.500	5592.500	5578.000	5579.500	40488	141729	500
2025.07.11	15:00:00	5579.000	5580.000	5569.000	5574.000	47161	166885	500
2025.07.11	16:00:00	5573.500	5574.500	5567.500	5573.500	31840	107105	500
2025.07.11	17:00:00	5574.000	5589.000	5572.000	5585.000	25150	108322	500
2025.07.11	18:00:00	5584.500	5597.000	5584.500	5590.500	6953	31968	500
2025.07.14	09:00:00	5591.500	5599.500	5573.500	5581.500	184934	550222	500
2025.07.14	10:00:00	5581.000	5584.000	5568.500	5570.000	129004	428992	500
2025.07.14	11:00:00	5570.000	5594.000	5569.000	5588.000	101770	354536	500
2025.07.14	12:00:00	5587.500	5601.000	5587.000	5599.000	76902	282192	500
2025.07.14	13:00:00	5599.000	5600.000	5590.000	5593.000	44143	155231	500
2025.07.14	14:00:00	5593.500	5600.000	5588.500	5598.000	34724	118762	500
2025.07.14	15:00:00	5598.000	5614.000	5596.500	5607.000	57972	226449	500
2025.07.14	16:00:00	5607.000	5618.000	5604.000	5610.500	48250	226726	500
2025.07.14	17:00:00	5610.000	5615.000	5605.000	5613.500	25552	119945	500
2025.07.14	18:00:00	5613.000	5621.500	5611.500	5613.000	7606	33810	500
2025.07.15	09:00:00	5599.000	5623.000	5567.500	5573.000	252281	850136	500
2025.07.15	10:00:00	5573.500	5588.000	5556.500	5576.000	174309	633309	500
2025.07.15	11:00:00	5576.000	5588.000	5573.000	5577.000	102391	371295	500
2025.07.15	12:00:00	5577.000	5598.000	5570.000	5589.000	95573	380646	500
2025.07.15	13:00:00	5589.000	5627.000	5585.500	5618.500	113639	457407	500
2025.07.15	14:00:00	5618.500	5618.500	5589.000	5598.000	94251	354997	500
2025.07.15	15:00:00	5598.000	5600.500	5580.000	5583.500	64414	228800	500
2025.07.15	16:00:00	5583.500	5586.500	5574.000	5580.000	45479	160862	500
2025.07.15	17:00:00	5579.500	5584.500	5577.000	5578.000	19573	81223	500
2025.07.15	18:00:00	5578.500	5580.000	5572.500	5574.000	5963	29204	500
2025.07.16	09:00:00	5585.000	5597.000	5576.500	5594.000	177245	532614	500
2025.07.16	10:00:00	5594.000	5613.500	5585.500	5602.500	169664	568934	500
2025.07.16	11:00:00	5602.500	5605.500	5586.000	5590.500	124889	459569	500
2025.07.16	12:00:00	5591.000	5594.000	5571.000	5585.500	167778	647335	500
2025.07.16	13:00:00	5585.500	5590.000	5575.500	5583.000	58338	205945	500
2025.07.16	14:00:00	5583.000	5586.000	5560.000	5569.000	74894	286423	500
2025.07.16	15:00:00	5569.000	5598.000	5567.000	5578.000	93259	365784	500
2025.07.16	16:00:00	5577.500	5583.500	5575.000	5579.500	31833	113495	500
2025.07.16	17:00:00	5579.500	5590.000	5578.500	5588.000	19180	83652	500
2025.07.16	18:00:00	5588.000	5588.000	5583.000	5587.000	4925	20055	500
2025.07.17	09:00:00	5601.000	5629.000	5597.500	5605.000	210249	700322	500
2025.07.17	10:00:00	5605.000	5611.000	5595.000	5599.500	125253	407718	500
2025.07.17	11:00:00	5599.500	5608.000	5575.500	5580.000	117244	420934	500
2025.07.17	12:00:00	5580.000	5588.000	5575.500	5583.500	58725	213693	500
2025.07.17	13:00:00	5583.500	5590.000	5577.500	5582.500	48915	169456	500
2025.07.17	14:00:00	5582.000	5586.500	5573.000	5574.000	40053	152668	500
2025.07.17	15:00:00	5574.000	5577.000	5561.000	5566.500	58776	218689	500
2025.07.17	16:00:00	5566.500	5570.000	5564.500	5566.500	25742	89884	500
2025.07.17	17:00:00	5566.000	5568.500	5556.500	5567.000	30054	152551	500
2025.07.17	18:00:00	5567.000	5572.500	5563.000	5567.000	11073	53737	500
2025.07.18	09:00:00	5581.000	5585.000	5563.500	5574.000	170105	541444	500
2025.07.18	10:00:00	5574.500	5577.500	5544.500	5545.000	163037	573875	500
2025.07.18	11:00:00	5544.500	5563.000	5539.500	5561.500	104882	384486	500
2025.07.18	12:00:00	5561.000	5582.500	5555.500	5580.500	74612	280929	500
2025.07.18	13:00:00	5581.000	5592.500	5577.000	5589.500	65552	262326	500
2025.07.18	14:00:00	5589.500	5597.000	5581.500	5592.500	55959	215198	500
2025.07.18	15:00:00	5592.500	5615.000	5589.500	5611.000	63089	281508	500
2025.07.18	16:00:00	5611.000	5611.000	5600.500	5604.500	47859	206549	500
2025.07.18	17:00:00	5604.500	5606.000	5595.000	5596.500	19565	86964	500
2025.07.18	18:00:00	5596.500	5598.500	5588.000	5592.500	6786	34758	500
2025.07.21	09:00:00	5610.000	5626.500	5573.000	5574.000	186470	624648	500
2025.07.21	10:00:00	5574.000	5593.000	5570.000	5590.000	130550	414649	500
2025.07.21	11:00:00	5590.000	5591.500	5572.500	5574.000	105357	342738	500
2025.07.21	12:00:00	5574.000	5576.000	5565.000	5567.000	63375	233989	500
2025.07.21	13:00:00	5567.000	5576.000	5565.500	5571.500	37838	124403	500
2025.07.21	14:00:00	5571.000	5585.000	5570.000	5579.500	45457	174069	500
2025.07.21	15:00:00	5579.000	5582.000	5576.500	5578.500	31377	108412	500
2025.07.21	16:00:00	5578.000	5584.000	5576.000	5579.500	30084	106531	500
2025.07.21	17:00:00	5579.000	5582.500	5577.000	5582.500	15363	57898	500
2025.07.21	18:00:00	5582.000	5583.500	5580.000	5581.000	5570	26274	500
2025.07.22	09:00:00	5584.500	5599.500	5573.000	5589.000	178819	557560	500
2025.07.22	10:00:00	5589.500	5592.500	5574.000	5590.500	145379	475955	500
2025.07.22	11:00:00	5591.000	5603.500	5576.000	5579.000	127392	463613	500
2025.07.22	12:00:00	5579.500	5584.000	5565.000	5567.500	76156	289584	500
2025.07.22	13:00:00	5567.500	5574.500	5564.000	5574.500	50234	174359	500
2025.07.22	14:00:00	5574.000	5583.500	5572.500	5578.500	53344	206282	500
2025.07.22	15:00:00	5579.000	5584.000	5576.000	5579.000	36838	136714	500
2025.07.22	16:00:00	5578.500	5586.500	5575.500	5578.500	36067	132223	500
2025.07.22	17:00:00	5578.500	5580.000	5572.500	5578.500	18586	82773	500
2025.07.22	18:00:00	5578.000	5578.500	5572.000	5575.000	4644	20451	500
2025.07.23	09:00:00	5575.000	5588.500	5570.000	5573.000	164507	556221	500
2025.07.23	10:00:00	5573.500	5579.000	5565.000	5571.500	124814	417414	500
2025.07.23	11:00:00	5571.500	5580.000	5565.000	5567.000	90216	331263	500
2025.07.23	12:00:00	5567.500	5572.000	5550.000	5552.500	79169	296470	500
2025.07.23	13:00:00	5552.000	5552.500	5541.500	5544.500	64214	251958	500
2025.07.23	14:00:00	5544.500	5545.500	5530.000	5533.000	69561	275487	500
2025.07.23	15:00:00	5533.000	5535.500	5525.500	5529.000	51833	208509	500
2025.07.23	16:00:00	5529.000	5534.000	5527.500	5533.500	28030	107588	500
2025.07.23	17:00:00	5533.000	5533.500	5526.000	5532.000	21899	105742	500
2025.07.23	18:00:00	5531.500	5532.000	5520.500	5521.000	9179	41911	500
2025.07.24	09:00:00	5534.500	5549.000	5529.000	5536.500	144032	502522	500
2025.07.24	10:00:00	5536.500	5549.000	5526.000	5543.500	152151	526991	500
2025.07.24	11:00:00	5543.000	5546.000	5531.000	5537.500	80728	278143	500
2025.07.24	12:00:00	5538.000	5541.000	5530.500	5530.500	54913	225963	500
2025.07.24	13:00:00	5530.500	5545.500	5527.000	5539.000	53951	219423	500
2025.07.24	14:00:00	5539.000	5541.000	5529.500	5540.000	41219	168138	500
2025.07.24	15:00:00	5539.500	5541.000	5530.000	5531.000	31860	118961	500
2025.07.24	16:00:00	5531.500	5532.500	5521.500	5530.000	43118	178862	500
2025.07.24	17:00:00	5530.500	5533.500	5525.500	5531.000	18220	76858	500
2025.07.24	18:00:00	5531.000	5532.500	5526.000	5532.500	4953	18885	500
2025.07.25	09:00:00	5540.000	5545.000	5528.500	5534.500	140128	473085	500
2025.07.25	10:00:00	5534.500	5554.000	5534.000	5546.000	135079	472450	500
2025.07.25	11:00:00	5546.000	5553.000	5536.000	5545.500	77557	291102	500
2025.07.25	12:00:00	5546.000	5581.000	5544.500	5575.000	119563	477575	500
2025.07.25	13:00:00	5575.000	5576.000	5557.000	5567.000	51656	190557	500
2025.07.25	14:00:00	5567.000	5574.000	5565.500	5572.000	31262	118612	500
2025.07.25	15:00:00	5572.500	5577.000	5568.000	5575.500	31695	124363	500
2025.07.25	16:00:00	5575.500	5576.000	5568.000	5569.500	25453	108988	500
2025.07.25	17:00:00	5569.000	5574.000	5565.500	5570.500	19315	90287	500
2025.07.25	18:00:00	5571.000	5574.500	5567.500	5568.000	5010	26463	500
2025.07.28	09:00:00	5592.500	5599.000	5576.000	5579.500	149127	508492	500
2025.07.28	10:00:00	5579.500	5611.500	5573.500	5600.500	154448	619332	500
2025.07.28	11:00:00	5600.000	5604.000	5586.500	5588.500	89225	338094	500
2025.07.28	12:00:00	5588.500	5602.500	5586.500	5599.500	65070	257976	500
2025.07.28	13:00:00	5599.500	5600.000	5592.500	5596.500	34258	128978	500
2025.07.28	14:00:00	5596.000	5609.000	5596.000	5605.000	44725	177820	500
2025.07.28	15:00:00	5605.000	5608.500	5597.000	5604.000	42879	155543	500
2025.07.28	16:00:00	5604.000	5605.500	5597.000	5597.500	29273	108989	500
2025.07.28	17:00:00	5597.000	5598.500	5590.500	5594.000	21865	104696	500
2025.07.28	18:00:00	5594.500	5597.500	5593.000	5594.500	5303	22814	500
2025.07.29	09:00:00	5604.000	5607.500	5589.500	5598.500	147803	522858	500
2025.07.29	10:00:00	5599.000	5606.000	5585.000	5591.500	138167	523792	500
2025.07.29	11:00:00	5592.000	5601.000	5573.000	5596.000	141829	631778	500
2025.07.29	12:00:00	5596.000	5598.000	5572.000	5573.000	81303	348984	500
2025.07.29	13:00:00	5572.500	5573.500	5562.000	5572.500	56564	231214	500
2025.07.29	14:00:00	5572.500	5574.000	5567.500	5573.000	37523	141205	500
2025.07.29	15:00:00	5573.000	5583.000	5568.500	5572.000	54141	218580	500
2025.07.29	16:00:00	5572.000	5576.000	5569.000	5571.500	29243	109945	500
2025.07.29	17:00:00	5571.500	5580.000	5571.500	5577.500	19568	85056	500
2025.07.29	18:00:00	5577.500	5585.000	5577.000	5580.000	5875	32260	500
2025.07.30	09:00:00	5580.500	5597.500	5580.500	5585.500	147229	517470	500
2025.07.30	10:00:00	5585.000	5605.500	5581.500	5596.500	139059	512984	500
2025.07.30	11:00:00	5596.500	5616.000	5593.000	5605.500	110336	427705	500
2025.07.30	12:00:00	5606.000	5627.000	5604.000	5620.500	80335	312301	500
2025.07.30	13:00:00	5620.500	5632.000	5596.500	5598.500	117546	476519	500
2025.07.30	14:00:00	5598.000	5608.000	5587.000	5600.500	77844	291891	500
2025.07.30	15:00:00	5600.000	5631.000	5536.000	5573.500	241318	906168	500
2025.07.30	16:00:00	5573.500	5589.500	5567.000	5589.500	76705	235988	500
2025.07.30	17:00:00	5589.000	5592.500	5570.500	5571.000	29747	101090	500
2025.07.30	18:00:00	5571.500	5584.500	5570.500	5581.000	6104	23467	500
2025.07.31	09:00:00	5610.000	5646.000	5606.000	5642.000	165816	569664	500
2025.07.31	10:00:00	5642.500	5668.000	5641.000	5659.000	147810	584294	500
2025.07.31	11:00:00	5659.000	5661.000	5628.500	5641.000	127957	547473	500
2025.07.31	12:00:00	5641.000	5642.500	5624.500	5628.500	67945	287860	500
2025.07.31	13:00:00	5628.500	5637.000	5623.500	5633.000	39232	156492	500
2025.07.31	14:00:00	5633.500	5648.000	5631.500	5645.500	43938	168516	500
2025.07.31	15:00:00	5645.500	5660.000	5639.500	5640.500	73281	302249	500
2025.07.31	16:00:00	5641.000	5647.000	5637.500	5643.000	37295	142697	500
2025.07.31	17:00:00	5643.000	5645.500	5638.000	5645.500	20970	83491	500
2025.07.31	18:00:00	5645.000	5652.000	5645.000	5649.500	6367	26811	500
2025.08.01	09:00:00	5662.000	5669.500	5586.000	5592.000	249318	929932	500
2025.08.01	10:00:00	5592.000	5599.000	5568.000	5588.500	208958	774207	500
2025.08.01	11:00:00	5588.500	5603.000	5577.000	5589.000	113479	461827	500
2025.08.01	12:00:00	5589.000	5593.000	5581.500	5583.500	64065	246740	500
2025.08.01	13:00:00	5584.000	5594.500	5578.000	5590.500	45588	170215	500
2025.08.01	14:00:00	5590.500	5598.000	5589.000	5592.000	46532	182077	500
2025.08.01	15:00:00	5591.500	5603.000	5584.000	5599.000	64444	253846	500
2025.08.01	16:00:00	5599.500	5599.500	5581.500	5586.500	49948	187827	500
2025.08.01	17:00:00	5586.000	5591.500	5574.000	5584.000	30431	135958	500
2025.08.01	18:00:00	5584.000	5585.000	5578.500	5581.000	6087	25616	500
2025.08.04	09:00:00	5572.000	5583.000	5554.000	5557.000	152307	473567	500
2025.08.04	10:00:00	5557.500	5560.500	5535.000	5537.000	150353	562114	500
2025.08.04	11:00:00	5537.500	5547.500	5534.000	5545.000	77458	315628	500
2025.08.04	12:00:00	5544.500	5555.000	5542.500	5554.500	73114	294672	500
2025.08.04	13:00:00	5554.500	5565.000	5553.000	5559.500	57852	222007	500
2025.08.04	14:00:00	5559.500	5562.000	5555.500	5558.000	28028	103373	500
2025.08.04	15:00:00	5558.500	5560.500	5545.500	5550.500	45806	180125	500
2025.08.04	16:00:00	5550.500	5552.000	5542.500	5545.000	30816	124976	500
2025.08.04	17:00:00	5545.500	5546.000	5536.000	5537.500	25762	117683	500
2025.08.04	18:00:00	5537.000	5559.000	5531.500	5559.000	15840	87946	500
2025.08.05	09:00:00	5570.500	5573.000	5544.500	5555.000	174710	562255	500
2025.08.05	10:00:00	5555.000	5562.500	5535.000	5539.500	160467	567266	500
2025.08.05	11:00:00	5539.000	5551.000	5535.500	5549.000	85333	289740	500
2025.08.05	12:00:00	5549.000	5551.000	5539.000	5544.000	52737	194826	500
2025.08.05	13:00:00	5543.500	5545.500	5538.000	5541.500	35735	143064	500
2025.08.05	14:00:00	5542.000	5548.500	5536.000	5543.500	42982	169551	500
2025.08.05	15:00:00	5543.500	5549.500	5539.500	5542.500	35789	133580	500
2025.08.05	16:00:00	5542.500	5545.000	5541.000	5542.000	20621	68954	500
2025.08.05	17:00:00	5542.000	5545.500	5538.500	5544.500	19403	82409	500
2025.08.05	18:00:00	5544.500	5545.000	5539.000	5541.500	6216	23890	500
2025.08.06	09:00:00	5538.500	5545.500	5519.000	5522.000	163162	529904	500
2025.08.06	10:00:00	5521.500	5526.500	5494.000	5504.000	155622	621957	500
2025.08.06	11:00:00	5503.500	5524.500	5501.500	5515.000	101657	419612	500
2025.08.06	12:00:00	5515.000	5517.500	5506.000	5511.500	65486	270030	500
2025.08.06	13:00:00	5511.500	5515.000	5507.500	5510.500	32553	130553	500
2025.08.06	14:00:00	5510.500	5510.500	5496.000	5497.000	55471	221813	500
2025.08.06	15:00:00	5497.500	5502.500	5492.500	5498.500	46711	193856	500
2025.08.06	16:00:00	5498.500	5501.000	5495.500	5496.500	27321	102814	500
2025.08.06	17:00:00	5496.500	5501.500	5495.000	5498.500	24699	119472	500
2025.08.06	18:00:00	5498.000	5499.000	5492.000	5493.000	8712	37442	500
2025.08.07	09:00:00	5498.000	5504.500	5488.000	5494.000	165194	541541	500
2025.08.07	10:00:00	5494.000	5498.000	5484.000	5496.500	131169	466974	500
2025.08.07	11:00:00	5497.000	5508.000	5495.500	5503.500	115682	437318	500
2025.08.07	12:00:00	5504.000	5509.000	5487.500	5488.500	75077	286032	500
2025.08.07	13:00:00	5488.500	5497.000	5484.000	5489.000	59959	255966	500
2025.08.07	14:00:00	5489.000	5494.500	5485.500	5494.000	34507	125753	500
2025.08.07	15:00:00	5493.500	5494.000	5477.500	5481.500	53368	235822	500
2025.08.07	16:00:00	5481.000	5482.500	5448.000	5455.500	99145	455341	500
2025.08.07	17:00:00	5455.500	5460.500	5453.500	5456.000	24166	114095	500
2025.08.07	18:00:00	5456.000	5457.500	5445.500	5448.000	9509	45338	500
2025.08.08	09:00:00	5457.000	5467.000	5447.500	5461.000	155725	540205	500
2025.08.08	10:00:00	5461.000	5468.500	5445.000	5455.000	128915	442775	500
2025.08.08	11:00:00	5455.000	5460.000	5449.000	5456.000	77682	298846	500
2025.08.08	12:00:00	5456.000	5456.500	5446.500	5452.000	48549	213056	500
2025.08.08	13:00:00	5452.500	5456.500	5449.000	5453.500	31176	129205	500
2025.08.08	14:00:00	5454.000	5458.500	5451.000	5457.500	24236	100714	500
2025.08.08	15:00:00	5457.000	5473.500	5448.000	5464.000	101995	451135	500
2025.08.08	16:00:00	5463.500	5473.000	5460.500	5463.500	46337	177031	500
2025.08.08	17:00:00	5464.000	5471.000	5463.000	5463.500	19275	87729	500
2025.08.08	18:00:00	5464.000	5466.500	5459.500	5462.000	4742	21431	500
2025.08.11	09:00:00	5470.000	5485.500	5464.000	5478.500	130348	441976	500
2025.08.11	10:00:00	5478.000	5480.500	5470.000	5471.500	94043	339150	500
2025.08.11	11:00:00	5471.500	5486.500	5470.000	5481.000	79366	296465	500
2025.08.11	12:00:00	5481.000	5487.500	5470.500	5471.000	57097	216286	500
2025.08.11	13:00:00	5470.500	5474.500	5462.000	5473.500	57457	219780	500
2025.08.11	14:00:00	5473.500	5480.500	5471.000	5476.000	39873	142606	500
2025.08.11	15:00:00	5476.000	5477.000	5467.500	5472.000	33387	145894	500
2025.08.11	16:00:00	5472.000	5474.000	5465.500	5472.000	27860	122331	500
2025.08.11	17:00:00	5471.500	5472.000	5466.000	5471.000	18999	75492	500
2025.08.11	18:00:00	5471.000	5472.000	5467.000	5467.500	4558	22114	500
2025.08.12	09:00:00	5468.500	5470.500	5432.000	5433.500	194399	663187	500
2025.08.12	10:00:00	5433.500	5449.000	5430.500	5443.000	137542	503395	500
2025.08.12	11:00:00	5442.500	5447.000	5431.500	5435.000	81385	333670	500
2025.08.12	12:00:00	5435.000	5435.500	5414.500	5418.500	94561	443887	500
2025.08.12	13:00:00	5419.000	5426.500	5417.000	5420.000	42335	181900	500
2025.08.12	14:00:00	5420.000	5427.000	5416.500	5420.500	40436	166389	500
2025.08.12	15:00:00	5420.500	5421.000	5412.000	5417.000	50574	218255	500
2025.08.12	16:00:00	5417.500	5421.500	5411.500	5412.500	40312	166451	500
2025.08.12	17:00:00	5412.000	5417.000	5411.500	5415.500	22491	115123	500
2025.08.12	18:00:00	5415.500	5430.000	5414.000	5428.500	11218	59575	500
2025.08.13	09:00:00	5413.000	5423.500	5404.000	5409.500	152656	534263	500
2025.08.13	10:00:00	5409.500	5428.000	5408.000	5418.500	126077	479873	500
2025.08.13	11:00:00	5418.500	5421.500	5411.500	5417.500	82550	312197	500
2025.08.13	12:00:00	5417.500	5435.000	5414.000	5429.500	67309	272214	500
2025.08.13	13:00:00	5430.000	5431.500	5420.500	5423.500	43787	187987	500
2025.08.13	14:00:00	5423.500	5425.000	5416.000	5421.000	45438	190275	500
2025.08.13	15:00:00	5421.000	5430.000	5420.000	5428.500	33285	137792	500
2025.08.13	16:00:00	5429.000	5431.000	5424.000	5425.500	30072	113278	500
2025.08.13	17:00:00	5425.000	5426.500	5421.000	5423.000	19366	94290	500
2025.08.13	18:00:00	5423.500	5423.500	5413.000	5415.000	6095	26544	500
2025.08.14	09:00:00	5425.500	5435.500	5417.500	5428.500	162294	557990	500
2025.08.14	10:00:00	5428.500	5446.500	5427.000	5446.000	127569	465239	500
2025.08.14	11:00:00	5446.000	5447.000	5419.500	5422.500	117415	444161	500
2025.08.14	12:00:00	5423.000	5443.000	5422.000	5437.500	69257	298960	500
2025.08.14	13:00:00	5437.500	5448.000	5430.500	5447.500	57414	231214	500
2025.08.14	14:00:00	5447.000	5447.500	5438.500	5443.000	42640	166300	500
2025.08.14	15:00:00	5443.000	5455.500	5432.000	5436.500	64634	284319	500
2025.08.14	16:00:00	5436.500	5441.500	5435.500	5441.000	25007	106471	500
2025.08.14	17:00:00	5440.500	5443.000	5438.500	5439.000	16066	74375	500
2025.08.14	18:00:00	5439.500	5440.000	5433.500	5434.500	5201	27070	500
2025.08.15	09:00:00	5428.000	5429.500	5407.500	5411.500	141345	504930	500
2025.08.15	10:00:00	5411.500	5418.000	5405.500	5416.500	102549	369769	500
2025.08.15	11:00:00	5416.500	5417.000	5410.000	5415.000	59895	218042	500
2025.08.15	12:00:00	5414.500	5421.000	5413.500	5417.500	38804	158535	500
2025.08.15	13:00:00	5417.000	5425.000	5413.000	5421.500	40174	154385	500
2025.08.15	14:00:00	5421.000	5426.000	5414.500	5420.500	41565	173831	500
2025.08.15	15:00:00	5420.500	5424.500	5417.000	5422.000	27064	114168	500
2025.08.15	16:00:00	5421.500	5422.500	5417.500	5419.500	21050	94597	500
2025.08.15	17:00:00	5420.000	5424.000	5415.500	5422.500	20008	87380	500
2025.08.15	18:00:00	5422.000	5423.000	5412.000	5414.000	5653	25183	500
2025.08.18	09:00:00	5422.000	5439.000	5422.000	5429.000	112674	363777	500
2025.08.18	10:00:00	5429.500	5433.500	5423.500	5428.000	90173	313494	500
2025.08.18	11:00:00	5428.500	5441.000	5422.500	5434.000	91550	369110	500
2025.08.18	12:00:00	5434.000	5441.500	5432.000	5439.500	50900	225931	500
2025.08.18	13:00:00	5439.500	5453.500	5439.000	5453.000	59041	238429	500
2025.08.18	14:00:00	5453.000	5459.000	5446.500	5450.000	46849	201383	500
2025.08.18	15:00:00	5449.500	5458.500	5449.500	5453.500	43593	177907	500
2025.08.18	16:00:00	5453.000	5455.000	5449.500	5453.000	27959	115941	500
2025.08.18	17:00:00	5453.000	5455.500	5451.500	5455.000	15560	72459	500
2025.08.18	18:00:00	5455.000	5460.000	5454.000	5456.500	9191	41984	500
2025.08.19	09:00:00	5451.500	5480.000	5446.000	5477.000	167081	633930	500
2025.08.19	10:00:00	5477.000	5506.500	5476.500	5487.000	156050	669594	500
2025.08.19	11:00:00	5487.500	5501.500	5481.000	5497.000	93205	392992	500
2025.08.19	12:00:00	5497.500	5502.500	5485.500	5494.500	75757	312190	500
2025.08.19	13:00:00	5494.000	5495.000	5479.000	5493.000	67905	291678	500
2025.08.19	14:00:00	5492.500	5502.500	5491.500	5499.500	50724	214550	500
2025.08.19	15:00:00	5500.000	5513.000	5499.500	5508.500	65663	295394	500
2025.08.19	16:00:00	5508.500	5522.500	5508.000	5516.000	55901	254845	500
2025.08.19	17:00:00	5516.000	5525.000	5514.500	5520.500	32058	163835	500
2025.08.19	18:00:00	5520.500	5524.000	5514.500	5515.500	9379	45587	500
2025.08.20	09:00:00	5513.000	5519.500	5486.000	5488.500	186960	671522	500
2025.08.20	10:00:00	5488.500	5494.000	5479.500	5489.500	116067	425402	500
2025.08.20	11:00:00	5489.500	5492.000	5480.000	5487.000	80212	332400	500
2025.08.20	12:00:00	5486.500	5491.000	5479.000	5489.000	50287	232126	500
2025.08.20	13:00:00	5489.500	5491.500	5480.000	5480.500	34212	148029	500
2025.08.20	14:00:00	5480.500	5501.500	5476.500	5486.500	100021	430390	500
2025.08.20	15:00:00	5487.000	5490.000	5484.000	5487.500	29332	113960	500
2025.08.20	16:00:00	5487.000	5492.500	5485.500	5486.500	29321	117293	500
2025.08.20	17:00:00	5487.000	5501.500	5486.000	5497.000	30504	147815	500
2025.08.20	18:00:00	5497.000	5498.500	5490.000	5492.500	7457	32446	500
2025.08.21	09:00:00	5503.000	5510.500	5494.000	5495.000	140430	484290	500
2025.08.21	10:00:00	5495.500	5499.500	5480.000	5491.500	178476	636399	500
2025.08.21	11:00:00	5491.500	5504.500	5485.500	5498.000	109792	394712	500
2025.08.21	12:00:00	5498.000	5508.500	5496.500	5501.500	75894	285763	500
2025.08.21	13:00:00	5501.500	5508.500	5496.500	5498.000	43957	173640	500
2025.08.21	14:00:00	5497.500	5498.000	5485.500	5489.500	52726	221711	500
2025.08.21	15:00:00	5489.500	5492.000	5481.000	5488.500	46020	191896	500
2025.08.21	16:00:00	5488.000	5495.000	5488.000	5491.500	24530	101321	500
2025.08.21	17:00:00	5491.500	5495.000	5488.500	5489.000	17698	85991	500
2025.08.21	18:00:00	5489.500	5490.000	5484.500	5484.500	6110	27628	500
2025.08.22	09:00:00	5486.500	5486.500	5473.000	5480.500	132548	464355	500
2025.08.22	10:00:00	5480.500	5488.500	5473.000	5487.500	95584	367159	500
2025.08.22	11:00:00	5487.000	5487.000	5430.000	5434.000	211016	837956	500
2025.08.22	12:00:00	5434.000	5438.500	5423.500	5435.500	76012	331610	500
2025.08.22	13:00:00	5435.000	5439.000	5431.000	5438.000	33174	125547	500
2025.08.22	14:00:00	5437.500	5438.500	5430.500	5432.000	26954	114821	500
2025.08.22	15:00:00	5432.000	5438.000	5428.000	5436.000	36983	141478	500
2025.08.22	16:00:00	5435.500	5440.000	5435.000	5436.500	24802	101084	500
2025.08.22	17:00:00	5436.500	5438.500	5433.000	5437.500	15977	71929	500
2025.08.22	18:00:00	5437.500	5441.000	5435.000	5437.500	5174	25491	500
2025.08.25	09:00:00	5438.500	5446.500	5430.500	5431.500	103926	370535	500
2025.08.25	10:00:00	5431.500	5440.500	5430.000	5434.500	73971	257202	500
2025.08.25	11:00:00	5434.000	5434.500	5410.500	5414.500	98004	400303	500
2025.08.25	12:00:00	5414.000	5420.500	5413.000	5418.500	59103	259415	500
2025.08.25	13:00:00	5418.000	5419.500	5413.500	5415.000	26221	110618	500
2025.08.25	14:00:00	5415.500	5421.500	5414.000	5418.500	29253	131800	500
2025.08.25	15:00:00	5418.500	5422.500	5415.500	5421.500	28906	115655	500
2025.08.25	16:00:00	5421.500	5424.500	5420.500	5424.000	29808	118768	500
2025.08.25	17:00:00	5423.500	5424.500	5420.000	5421.500	16268	72472	500
2025.08.25	18:00:00	5421.000	5421.500	5417.000	5418.500	5735	31008	500
2025.08.26	09:00:00	5410.000	5417.500	5405.500	5413.500	119127	429778	500
2025.08.26	10:00:00	5414.000	5425.500	5411.000	5420.000	89500	339416	500
2025.08.26	11:00:00	5420.000	5440.000	5419.500	5434.500	102062	442690	500
2025.08.26	12:00:00	5434.500	5444.000	5431.000	5441.500	49676	219181	500
2025.08.26	13:00:00	5441.500	5456.000	5440.000	5451.500	58207	272864	500
2025.08.26	14:00:00	5451.500	5454.500	5442.000	5442.500	37080	160398	500
2025.08.26	15:00:00	5442.000	5450.500	5441.000	5442.000	37633	147716	500
2025.08.26	16:00:00	5442.000	5443.500	5438.500	5440.500	27331	128061	500
2025.08.26	17:00:00	5440.500	5442.500	5435.500	5438.500	20871	94714	500
2025.08.26	18:00:00	5438.000	5440.500	5436.000	5439.500	5218	25535	500
2025.08.27	09:00:00	5455.000	5460.000	5432.500	5450.000	158204	610899	500
2025.08.27	10:00:00	5450.000	5455.500	5444.500	5451.000	106517	420247	500
2025.08.27	11:00:00	5451.000	5462.500	5447.500	5450.500	103650	432610	500
2025.08.27	12:00:00	5450.500	5452.500	5437.000	5439.000	67183	255129	500
2025.08.27	13:00:00	5439.000	5442.500	5427.500	5433.000	65492	262527	500
2025.08.27	14:00:00	5432.500	5433.500	5419.500	5425.500	56981	240388	500
2025.08.27	15:00:00	5425.500	5431.000	5423.000	5426.000	43529	189945	500
2025.08.27	16:00:00	5426.500	5428.000	5420.500	5422.000	28825	125107	500
2025.08.27	17:00:00	5421.500	5425.500	5420.500	5423.500	16784	77275	500
2025.08.27	18:00:00	5423.000	5425.000	5419.500	5424.500	5509	26568	500
2025.08.28	09:00:00	5417.500	5420.500	5406.500	5417.000	126162	479647	500
2025.08.28	10:00:00	5417.000	5434.000	5413.000	5418.500	161102	632008	500
2025.08.28	11:00:00	5419.000	5419.500	5407.000	5411.000	104312	405680	500
2025.08.28	12:00:00	5411.500	5417.500	5409.500	5414.000	37907	147991	500
2025.08.28	13:00:00	5414.000	5414.500	5401.500	5407.500	53339	228766	500
2025.08.28	14:00:00	5407.000	5410.500	5398.500	5409.500	59094	252908	500
2025.08.28	15:00:00	5409.500	5410.500	5403.000	5409.000	29543	119604	500
2025.08.28	16:00:00	5408.500	5410.000	5403.000	5408.500	23191	103988	500
2025.08.28	17:00:00	5408.500	5421.000	5405.500	5416.000	20462	95155	500
2025.08.28	18:00:00	5416.000	5420.000	5413.000	5420.000	6445	28191	500
2025.08.29	09:00:00	5460.000	5483.000	5454.000	5478.000	179147	659456	500
2025.08.29	10:00:00	5478.500	5481.500	5452.000	5457.500	125295	487848	500
2025.08.29	11:00:00	5457.500	5469.500	5453.000	5467.500	100084	425077	500
2025.08.29	12:00:00	5467.000	5475.000	5465.500	5469.500	56326	266723	500
2025.08.29	13:00:00	5469.500	5473.000	5463.000	5468.000	35564	165787	500
2025.08.29	14:00:00	5468.500	5472.500	5464.000	5467.500	28315	131386	500
2025.08.29	15:00:00	5467.500	5469.000	5461.000	5463.500	26701	127120	500
2025.08.29	16:00:00	5463.500	5466.000	5457.500	5461.500	32098	140534	500
2025.08.29	17:00:00	5461.500	5470.500	5460.500	5470.500	17740	86715	500
2025.08.29	18:00:00	5470.500	5474.000	5467.000	5467.000	5336	27219	500
2025.09.01	09:00:00	5463.500	5470.000	5454.500	5459.500	81752	282565	500
2025.09.01	10:00:00	5459.500	5476.000	5459.500	5464.500	96455	399705	500
2025.09.01	11:00:00	5464.000	5481.500	5464.000	5479.500	57896	247769	500
2025.09.01	12:00:00	5479.000	5489.000	5478.000	5484.500	50812	221343	500
2025.09.01	13:00:00	5484.500	5488.000	5483.500	5485.500	23853	93826	500
2025.09.01	14:00:00	5486.000	5488.000	5483.500	5485.000	14605	63497	500
2025.09.01	15:00:00	5485.000	5487.000	5482.000	5482.500	21452	92186	500
2025.09.01	16:00:00	5482.500	5485.000	5477.500	5478.500	14565	62278	500
2025.09.01	17:00:00	5478.500	5481.000	5477.000	5479.500	13281	58011	500
2025.09.01	18:00:00	5479.500	5483.000	5477.000	5477.500	4984	24791	500
2025.09.02	09:00:00	5505.000	5536.500	5499.500	5534.500	199413	773157	500
2025.09.02	10:00:00	5534.500	5539.000	5503.500	5507.000	163024	626821	500
2025.09.02	11:00:00	5507.000	5507.500	5491.500	5496.500	98436	384088	500
2025.09.02	12:00:00	5497.000	5507.000	5492.500	5500.500	66934	261178	500
2025.09.02	13:00:00	5501.000	5502.500	5482.500	5485.500	56002	225631	500
2025.09.02	14:00:00	5485.500	5498.000	5485.000	5497.500	29015	112991	500
2025.09.02	15:00:00	5497.500	5513.000	5495.000	5508.000	67861	290460	500
2025.09.02	16:00:00	5508.000	5515.500	5506.000	5511.500	31186	127593	500
2025.09.02	17:00:00	5511.500	5513.500	5501.000	5502.500	21918	106674	500
2025.09.02	18:00:00	5502.000	5508.000	5501.500	5506.000	4967	23312	500
2025.09.03	09:00:00	5499.000	5500.000	5478.000	5482.500	125762	463958	500
2025.09.03	10:00:00	5483.000	5494.000	5482.000	5485.000	113244	426678	500
2025.09.03	11:00:00	5484.500	5485.000	5469.000	5476.000	105737	411548	500
2025.09.03	12:00:00	5476.500	5493.500	5475.500	5492.500	65168	274113	500
2025.09.03	13:00:00	5492.500	5504.000	5492.000	5498.500	60572	243830	500
2025.09.03	14:00:00	5498.500	5500.500	5492.000	5496.500	31224	126458	500
2025.09.03	15:00:00	5496.500	5497.000	5489.000	5494.500	32167	131238	500
2025.09.03	16:00:00	5494.000	5495.000	5488.000	5489.000	23176	93440	500
2025.09.03	17:00:00	5488.500	5492.500	5484.000	5486.500	21008	103961	500
2025.09.03	18:00:00	5486.500	5487.000	5483.000	5484.000	4597	20017	500
2025.09.04	09:00:00	5499.500	5500.000	5481.000	5492.000	144792	532077	500
2025.09.04	10:00:00	5491.500	5495.500	5482.000	5486.000	87510	321314	500
2025.09.04	11:00:00	5486.500	5498.000	5485.500	5495.500	77372	300640	500
2025.09.04	12:00:00	5495.500	5502.000	5493.000	5498.500	51994	210949	500
2025.09.04	13:00:00	5498.500	5507.000	5496.500	5505.000	43925	188010	500
2025.09.04	14:00:00	5504.500	5506.000	5490.000	5491.500	40224	164005	500
2025.09.04	15:00:00	5491.500	5493.500	5476.500	5482.500	61750	262642	500
2025.09.04	16:00:00	5482.500	5483.000	5478.500	5481.500	24114	100691	500
2025.09.04	17:00:00	5481.500	5484.500	5478.500	5481.500	19424	75902	500
2025.09.04	18:00:00	5481.000	5482.500	5478.500	5480.500	5639	23129	500
2025.09.05	09:00:00	5463.500	5472.500	5426.000	5430.500	203313	789512	500
2025.09.05	10:00:00	5431.000	5436.000	5415.000	5415.000	140768	549714	500
2025.09.05	11:00:00	5415.500	5451.500	5415.000	5441.500	120731	503592	500
2025.09.05	12:00:00	5441.500	5451.000	5429.000	5431.000	77480	312525	500
2025.09.05	13:00:00	5431.000	5435.000	5427.000	5432.500	43016	164027	500
2025.09.05	14:00:00	5433.000	5439.500	5430.000	5435.000	34509	149648	500
2025.09.05	15:00:00	5434.500	5444.500	5434.500	5442.500	31165	121983	500
2025.09.05	16:00:00	5442.500	5452.000	5441.500	5446.500	37110	154012	500
2025.09.05	17:00:00	5447.000	5449.000	5442.000	5446.500	22065	93847	500
2025.09.05	18:00:00	5446.500	5452.500	5444.000	5444.000	6500	32309	500
2025.09.08	09:00:00	5439.000	5445.500	5433.000	5442.500	113691	406946	500
2025.09.08	10:00:00	5443.000	5466.000	5441.000	5463.500	114957	466374	500
2025.09.08	11:00:00	5463.500	5478.500	5462.500	5468.500	94977	393841	500
2025.09.08	12:00:00	5469.000	5469.000	5454.500	5458.500	58721	244523	500
2025.09.08	13:00:00	5458.000	5469.000	5457.500	5465.000	35380	145912	500
2025.09.08	14:00:00	5464.500	5465.500	5459.500	5462.000	21668	79381	500
2025.09.08	15:00:00	5462.000	5462.000	5449.000	5450.500	39268	162098	500
2025.09.08	16:00:00	5451.000	5452.500	5446.500	5448.000	28149	118069	500
2025.09.08	17:00:00	5447.500	5454.500	5446.000	5450.000	21295	83008	500
2025.09.08	18:00:00	5450.000	5454.500	5448.500	5452.000	4946	20064	500
2025.09.09	09:00:00	5450.000	5463.500	5447.000	5463.500	122752	438953	500
2025.09.09	10:00:00	5463.500	5467.000	5446.500	5450.500	121878	446272	500
2025.09.09	11:00:00	5450.000	5459.000	5441.000	5451.000	121764	465580	500
2025.09.09	12:00:00	5451.000	5458.000	5450.500	5456.500	42278	166852	500
2025.09.09	13:00:00	5457.000	5467.500	5453.000	5462.000	49920	187702	500
2025.09.09	14:00:00	5462.000	5466.500	5457.500	5464.000	42066	169182	500
2025.09.09	15:00:00	5464.500	5466.500	5458.500	5460.500	28956	116049	500
2025.09.09	16:00:00	5460.000	5464.500	5460.000	5463.000	18642	71734	500
2025.09.09	17:00:00	5463.500	5472.000	5462.500	5467.000	26600	110636	500
2025.09.09	18:00:00	5467.000	5470.000	5460.000	5460.500	6688	34200	500
2025.09.10	09:00:00	5460.500	5465.000	5437.000	5458.000	160295	567039	500
2025.09.10	10:00:00	5458.500	5459.000	5430.500	5439.000	143314	547149	500
2025.09.10	11:00:00	5439.500	5439.500	5426.000	5431.000	83568	316501	500
2025.09.10	12:00:00	5431.000	5436.500	5424.000	5435.000	58916	250704	500
2025.09.10	13:00:00	5434.500	5435.500	5428.500	5431.000	34786	152377	500
2025.09.10	14:00:00	5430.500	5433.000	5427.500	5428.500	27279	107017	500
2025.09.10	15:00:00	5429.000	5432.000	5427.000	5431.500	20850	86168	500
2025.09.10	16:00:00	5431.000	5434.500	5431.000	5431.500	18281	67770	500
2025.09.10	17:00:00	5431.500	5436.500	5430.000	5434.000	22559	98807	500
2025.09.10	18:00:00	5434.000	5434.000	5426.000	5427.500	6410	29709	500
2025.09.11	09:00:00	5435.000	5449.000	5424.000	5425.000	167976	643658	500
2025.09.11	10:00:00	5425.000	5425.500	5410.500	5413.500	126259	454727	500
2025.09.11	11:00:00	5413.500	5417.000	5400.000	5406.000	94675	422671	500
2025.09.11	12:00:00	5406.000	5408.500	5399.000	5408.000	53593	230365	500
2025.09.11	13:00:00	5408.000	5411.000	5402.500	5406.000	34794	168199	500
2025.09.11	14:00:00	5406.500	5408.000	5402.000	5404.000	30624	140188	500
2025.09.11	15:00:00	5404.000	5417.000	5403.000	5412.500	57696	269433	500
2025.09.11	16:00:00	5413.000	5418.500	5410.500	5416.000	30658	138057	500
2025.09.11	17:00:00	5415.500	5417.000	5410.000	5414.500	22773	99747	500
2025.09.11	18:00:00	5415.000	5416.500	5409.000	5414.500	6741	30884	500
2025.09.12	09:00:00	5423.000	5431.500	5410.500	5412.500	135952	475417	500
2025.09.12	10:00:00	5412.000	5413.000	5389.000	5392.000	121391	500583	500
2025.09.12	11:00:00	5391.500	5396.500	5376.000	5385.000	115271	537131	500
2025.09.12	12:00:00	5385.500	5388.000	5373.500	5377.000	78495	388014	500
2025.09.12	13:00:00	5377.000	5383.500	5373.500	5376.500	38045	184568	500
2025.09.12	14:00:00	5376.000	5377.000	5366.000	5372.500	54735	267435	500
2025.09.12	15:00:00	5372.500	5376.500	5368.000	5373.000	33496	160919	500
2025.09.12	16:00:00	5373.000	5378.500	5371.500	5376.000	30283	131189	500
2025.09.12	17:00:00	5375.500	5380.000	5374.000	5377.000	22248	93978	500
2025.09.12	18:00:00	5377.000	5377.500	5363.500	5370.500	11676	58988	500
2025.09.15	09:00:00	5369.500	5371.500	5344.000	5345.500	152765	610474	500
2025.09.15	10:00:00	5345.000	5353.000	5341.500	5345.000	93469	376301	500
2025.09.15	11:00:00	5345.500	5357.500	5335.500	5336.500	105837	464307	500
2025.09.15	12:00:00	5336.500	5339.000	5329.000	5329.500	55191	258694	500
2025.09.15	13:00:00	5329.500	5339.500	5329.000	5339.000	40123	211939	500
2025.09.15	14:00:00	5339.500	5340.500	5332.500	5336.500	31680	135677	500
2025.09.15	15:00:00	5336.500	5340.500	5336.000	5337.000	30318	128173	500
2025.09.15	16:00:00	5337.000	5341.500	5336.500	5341.500	22352	88928	500
2025.09.15	17:00:00	5341.000	5343.000	5336.500	5337.500	21781	94179	500
2025.09.15	18:00:00	5337.500	5340.000	5334.000	5337.500	6897	30131	500
2025.09.16	09:00:00	5324.500	5333.500	5315.500	5320.500	136599	502064	500
2025.09.16	10:00:00	5320.500	5336.000	5319.500	5330.500	126816	487628	500
2025.09.16	11:00:00	5331.000	5340.000	5324.500	5330.000	88955	346030	500
2025.09.16	12:00:00	5330.000	5332.500	5316.000	5318.500	61239	251019	500
2025.09.16	13:00:00	5318.500	5320.500	5313.000	5317.000	40273	171162	500
2025.09.16	14:00:00	5317.500	5318.500	5310.000	5316.000	40440	183186	500
2025.09.16	15:00:00	5316.000	5321.000	5315.000	5319.000	29582	148373	500
2025.09.16	16:00:00	5319.000	5319.500	5312.000	5316.000	30065	139877	500
2025.09.16	17:00:00	5316.500	5317.500	5312.000	5315.500	18712	92727	500
2025.09.16	18:00:00	5315.000	5315.500	5312.500	5313.000	5445	28561	500
2025.09.17	09:00:00	5317.500	5324.500	5314.000	5316.000	95425	349470	500
2025.09.17	10:00:00	5316.000	5319.500	5310.500	5312.500	77645	317020	500
2025.09.17	11:00:00	5312.500	5320.500	5308.500	5318.500	76652	332730	500
2025.09.17	12:00:00	5318.500	5326.000	5315.500	5323.000	41982	170478	500
2025.09.17	13:00:00	5323.000	5328.500	5320.000	5322.000	36542	153389	500
2025.09.17	14:00:00	5322.000	5325.000	5316.000	5318.000	38379	170086	500
2025.09.17	15:00:00	5318.000	5329.000	5291.000	5318.000	210218	840791	500
2025.09.17	16:00:00	5318.500	5321.000	5311.000	5317.500	73904	237331	500
2025.09.17	17:00:00	5317.000	5322.500	5310.000	5321.500	22990	119414	500
2025.09.17	18:00:00	5321.500	5327.500	5320.000	5327.000	5875	27818	500
2025.09.18	09:00:00	5309.500	5309.500	5284.500	5306.000	165441	647010	500
2025.09.18	10:00:00	5306.000	5329.000	5306.000	5320.500	135990	548506	500
2025.09.18	11:00:00	5320.500	5322.000	5305.500	5315.500	102222	428644	500
2025.09.18	12:00:00	5316.000	5322.500	5309.000	5319.500	54994	254330	500
2025.09.18	13:00:00	5319.000	5319.500	5313.500	5313.500	29828	150458	500
2025.09.18	14:00:00	5313.500	5315.500	5309.000	5313.500	29402	142737	500
2025.09.18	15:00:00	5313.500	5319.000	5312.500	5317.000	26621	124757	500
2025.09.18	16:00:00	5317.000	5334.000	5317.000	5333.000	43309	192198	500
2025.09.18	17:00:00	5333.500	5334.000	5324.000	5328.500	22791	90726	500
2025.09.18	18:00:00	5328.500	5328.500	5320.000	5321.000	5982	26223	500
2025.09.19	09:00:00	5338.000	5351.500	5329.500	5341.500	131611	517112	500
2025.09.19	10:00:00	5341.500	5345.000	5334.500	5340.500	100664	382381	500
2025.09.19	11:00:00	5341.000	5341.500	5330.000	5330.500	67208	297258	500
2025.09.19	12:00:00	5330.500	5342.500	5330.500	5338.500	58192	275042	500
2025.09.19	13:00:00	5338.500	5342.000	5333.000	5333.500	24583	105688	500
2025.09.19	14:00:00	5334.000	5337.500	5330.500	5337.000	26224	117081	500
2025.09.19	15:00:00	5337.000	5338.500	5331.000	5332.500	23935	114768	500
2025.09.19	16:00:00	5332.000	5334.000	5328.000	5332.500	26438	110931	500
2025.09.19	17:00:00	5333.000	5338.500	5331.500	5336.000	16485	80138	500
2025.09.19	18:00:00	5336.500	5347.500	5336.000	5346.000	6351	31219	500
2025.09.22	09:00:00	5335.000	5355.000	5331.000	5341.000	125590	508625	500
2025.09.22	10:00:00	5340.500	5359.500	5340.000	5354.000	128867	516976	500
2025.09.22	11:00:00	5354.500	5376.000	5354.000	5364.000	110388	505086	500
2025.09.22	12:00:00	5364.000	5367.000	5358.500	5361.500	51338	227840	500
2025.09.22	13:00:00	5361.500	5362.000	5349.000	5359.000	50190	216681	500
2025.09.22	14:00:00	5359.000	5361.000	5344.000	5348.000	42377	189187	500
2025.09.22	15:00:00	5348.000	5349.500	5341.500	5349.500	31669	133352	500
2025.09.22	16:00:00	5349.000	5350.000	5345.500	5348.000	24422	95918	500
2025.09.22	17:00:00	5348.000	5351.000	5345.000	5346.000	17248	69924	500
2025.09.22	18:00:00	5345.500	5347.000	5343.500	5346.500	4827	26480	500
2025.09.23	09:00:00	5347.500	5354.500	5342.500	5344.500	100113	371295	500
2025.09.23	10:00:00	5344.500	5344.500	5328.500	5328.500	141270	589372	500
2025.09.23	11:00:00	5328.500	5329.000	5300.500	5309.500	123582	605769	500
2025.09.23	12:00:00	5309.500	5312.000	5287.000	5298.500	109694	524922	500
2025.09.23	13:00:00	5298.000	5305.500	5293.500	5297.000	47224	223377	500
2025.09.23	14:00:00	5297.000	5299.000	5285.000	5295.000	56512	262229	500
2025.09.23	15:00:00	5295.000	5296.000	5289.000	5293.000	33101	151040	500
2025.09.23	16:00:00	5292.500	5295.500	5285.000	5286.000	33584	154450	500
2025.09.23	17:00:00	5286.000	5292.000	5285.500	5291.000	21713	114190	500
2025.09.23	18:00:00	5291.500	5292.000	5284.500	5285.000	8772	45279	500
2025.09.24	09:00:00	5302.000	5316.500	5300.000	5311.500	119378	496869	500
2025.09.24	10:00:00	5311.500	5321.000	5310.500	5317.500	86618	361859	500
2025.09.24	11:00:00	5317.500	5324.000	5311.000	5315.000	81891	325192	500
2025.09.24	12:00:00	5315.000	5326.000	5314.000	5324.500	50692	223509	500
2025.09.24	13:00:00	5325.000	5328.000	5322.000	5323.500	37653	155534	500
2025.09.24	14:00:00	5323.000	5332.000	5321.000	5330.000	39569	161908	500
2025.09.24	15:00:00	5330.000	5336.500	5329.500	5335.000	37719	172972	500
2025.09.24	16:00:00	5334.500	5336.500	5331.500	5333.500	25742	117520	500
2025.09.24	17:00:00	5333.500	5341.000	5330.500	5339.000	27215	121108	500
2025.09.24	18:00:00	5339.500	5341.000	5307.000	5313.000	23310	153575	500
2025.09.25	09:00:00	5331.000	5345.500	5314.500	5329.500	169727	668328	500
2025.09.25	10:00:00	5329.500	5350.000	5328.500	5346.500	128966	531703	500
2025.09.25	11:00:00	5346.500	5359.000	5344.500	5356.500	112329	514496	500
2025.09.25	12:00:00	5356.500	5360.500	5349.000	5349.500	55382	275103	500
2025.09.25	13:00:00	5349.500	5355.500	5348.500	5351.000	39127	195918	500
2025.09.25	14:00:00	5350.500	5366.000	5349.000	5360.000	55107	259483	500
2025.09.25	15:00:00	5360.000	5374.000	5359.000	5371.000	60364	279548	500
2025.09.25	16:00:00	5370.500	5377.000	5369.000	5370.000	40772	173325	500
2025.09.25	17:00:00	5370.000	5372.000	5364.500	5369.000	23146	107180	500
2025.09.25	18:00:00	5369.500	5373.000	5368.000	5369.000	6576	29254	500
2025.09.26	09:00:00	5370.000	5370.000	5350.000	5355.500	148610	591363	500
2025.09.26	10:00:00	5355.500	5360.000	5340.000	5357.000	135233	571876	500
2025.09.26	11:00:00	5357.500	5357.500	5345.500	5349.500	86415	349799	500
2025.09.26	12:00:00	5349.500	5351.500	5342.500	5344.500	47100	199478	500
2025.09.26	13:00:00	5344.000	5349.500	5342.500	5345.000	35830	125326	500
2025.09.26	14:00:00	5345.000	5347.500	5339.000	5343.500	35849	167424	500
2025.09.26	15:00:00	5343.000	5344.500	5338.000	5342.000	28964	105610	500
2025.09.26	16:00:00	5341.500	5343.500	5339.000	5339.500	20016	80418	500
2025.09.26	17:00:00	5340.000	5348.000	5339.500	5345.500	17470	80252	500
2025.09.26	18:00:00	5345.500	5355.000	5343.000	5354.500	6540	27281	500
2025.09.29	09:00:00	5345.000	5346.500	5319.500	5324.500	130952	501506	500
2025.09.29	10:00:00	5325.000	5334.000	5306.500	5319.000	147626	622305	500
2025.09.29	11:00:00	5319.000	5329.500	5315.000	5327.000	75159	332665	500
2025.09.29	12:00:00	5326.500	5332.500	5320.500	5328.000	61640	270286	500
2025.09.29	13:00:00	5328.500	5329.500	5317.000	5317.000	35456	155268	500
2025.09.29	14:00:00	5317.500	5322.500	5315.000	5320.500	33779	141376	500
2025.09.29	15:00:00	5320.500	5322.500	5313.000	5315.000	30138	132084	500
2025.09.29	16:00:00	5315.500	5324.000	5314.500	5323.000	24830	107202	500
2025.09.29	17:00:00	5323.000	5326.000	5320.000	5325.000	17063	79527	500
2025.09.29	18:00:00	5325.000	5328.000	5320.500	5322.000	6220	26636	500
2025.09.30	09:00:00	5355.000	5368.500	5346.000	5364.500	152328	560805	500
2025.09.30	10:00:00	5364.500	5364.500	5351.000	5355.500	97409	423042	500
2025.09.30	11:00:00	5355.500	5370.000	5352.500	5370.000	80953	406944	500
2025.09.30	12:00:00	5370.000	5376.000	5363.000	5370.000	68433	347454	500
2025.09.30	13:00:00	5370.000	5371.000	5358.000	5359.500	44404	210165	500
2025.09.30	14:00:00	5359.500	5364.000	5354.000	5363.500	35511	150253	500
2025.09.30	15:00:00	5363.000	5372.000	5359.500	5360.500	41360	187830	500
2025.09.30	16:00:00	5361.000	5367.000	5360.500	5364.500	25304	112152	500
2025.09.30	17:00:00	5364.000	5367.500	5358.000	5365.000	18993	93063	500
2025.09.30	18:00:00	5365.000	5365.000	5358.500	5361.000	4704	20263	500
2025.10.01	09:00:00	5347.500	5356.500	5334.000	5353.000	180095	709396	500
2025.10.01	10:00:00	5353.000	5359.500	5348.000	5351.000	108710	446566	500
2025.10.01	11:00:00	5350.500	5366.500	5348.500	5360.000	93723	397985	500
2025.10.01	12:00:00	5360.500	5376.500	5357.000	5374.500	78280	367296	500
2025.10.01	13:00:00	5374.500	5376.500	5369.000	5373.500	34511	150963	500
2025.10.01	14:00:00	5374.000	5374.500	5369.000	5374.000	20752	86574	500
2025.10.01	15:00:00	5374.000	5376.000	5359.000	5362.000	51357	223138	500
2025.10.01	16:00:00	5362.000	5368.500	5360.000	5368.500	25113	110044	500
2025.10.01	17:00:00	5368.000	5374.000	5368.000	5369.500	20197	92900	500
2025.10.01	18:00:00	5369.500	5371.000	5366.000	5368.000	5190	22830	500
2025.10.02	09:00:00	5359.500	5370.000	5347.000	5368.500	124315	485417	500
2025.10.02	10:00:00	5368.500	5376.000	5359.500	5373.500	113627	437140	500
2025.10.02	11:00:00	5374.000	5393.500	5373.500	5388.000	111818	488603	500
2025.10.02	12:00:00	5388.000	5413.000	5385.500	5405.500	102995	476236	500
2025.10.02	13:00:00	5406.000	5407.000	5384.500	5385.000	56295	254584	500
2025.10.02	14:00:00	5385.500	5388.000	5376.500	5386.500	48204	231502	500
2025.10.02	15:00:00	5386.500	5391.500	5378.500	5379.500	33780	154527	500
2025.10.02	16:00:00	5379.000	5380.500	5374.500	5379.000	28699	139353	500
2025.10.02	17:00:00	5379.000	5382.000	5377.000	5377.500	18059	87395	500
2025.10.02	18:00:00	5378.000	5380.000	5375.500	5379.000	3936	21292	500
2025.10.03	09:00:00	5370.000	5385.500	5361.500	5370.500	156952	606036	500
2025.10.03	10:00:00	5370.000	5392.500	5370.000	5390.000	122755	503747	500
2025.10.03	11:00:00	5390.000	5396.500	5382.500	5391.500	102972	426347	500
2025.10.03	12:00:00	5391.500	5399.000	5382.000	5386.500	64126	266817	500
2025.10.03	13:00:00	5386.500	5392.000	5372.500	5378.000	60415	258274	500
2025.10.03	14:00:00	5377.500	5381.000	5371.500	5379.000	42389	177511	500
2025.10.03	15:00:00	5379.000	5382.500	5371.000	5372.000	28721	119762	500
2025.10.03	16:00:00	5371.500	5373.500	5365.000	5373.000	40442	175650	500
2025.10.03	17:00:00	5373.500	5379.000	5371.500	5374.500	18712	90866	500
2025.10.03	18:00:00	5375.000	5378.500	5374.500	5378.000	4311	17699	500
2025.10.06	09:00:00	5382.000	5386.000	5354.000	5361.500	149140	573469	500
2025.10.06	10:00:00	5362.000	5364.500	5348.500	5355.500	121160	490957	500
2025.10.06	11:00:00	5356.000	5362.500	5348.500	5357.000	104500	460041	500
2025.10.06	12:00:00	5357.500	5359.500	5349.500	5350.500	38685	196409	500
2025.10.06	13:00:00	5351.000	5354.500	5343.000	5347.500	42412	197633	500
2025.10.06	14:00:00	5347.500	5352.000	5346.500	5349.500	25726	101399	500
2025.10.06	15:00:00	5349.000	5350.500	5343.500	5345.500	27468	112812	500
2025.10.06	16:00:00	5346.000	5347.000	5343.000	5345.000	23878	97641	500
2025.10.06	17:00:00	5345.000	5349.500	5344.000	5348.000	20455	95866	500
2025.10.06	18:00:00	5348.000	5349.000	5342.000	5343.000	8321	37937	500
2025.10.07	09:00:00	5354.500	5379.000	5352.000	5368.000	158662	606919	500
2025.10.07	10:00:00	5368.000	5369.500	5357.000	5363.000	115896	423563	500
2025.10.07	11:00:00	5362.500	5375.000	5362.500	5369.500	78997	343464	500
2025.10.07	12:00:00	5369.500	5377.000	5364.000	5374.500	66003	286362	500
2025.10.07	13:00:00	5375.000	5380.000	5370.500	5378.000	39498	166674	500
2025.10.07	14:00:00	5378.000	5383.500	5376.000	5381.500	49032	228029	500
2025.10.07	15:00:00	5381.500	5386.000	5378.000	5383.500	40001	172815	500
2025.10.07	16:00:00	5383.500	5384.000	5379.500	5382.500	22294	99614	500
2025.10.07	17:00:00	5383.000	5390.000	5382.000	5384.000	26366	139600	500
2025.10.07	18:00:00	5383.500	5391.000	5382.500	5388.000	8509	40986	500
2025.10.08	09:00:00	5388.000	5395.000	5366.500	5370.500	155855	588885	500
2025.10.08	10:00:00	5370.000	5373.000	5360.000	5372.000	111199	443914	500
2025.10.08	11:00:00	5371.500	5379.500	5369.500	5378.500	95457	383496	500
2025.10.08	12:00:00	5378.000	5383.500	5374.000	5376.500	57588	245889	500
2025.10.08	13:00:00	5376.500	5380.500	5373.500	5376.000	31988	141173	500
2025.10.08	14:00:00	5376.000	5386.000	5375.000	5381.000	35372	155370	500
2025.10.08	15:00:00	5380.500	5390.000	5379.000	5385.000	52952	237598	500
2025.10.08	16:00:00	5384.500	5385.000	5371.000	5373.000	43123	190297	500
2025.10.08	17:00:00	5373.500	5377.500	5373.000	5374.500	17497	90446	500
2025.10.08	18:00:00	5374.500	5374.500	5364.000	5364.000	7826	43031	500
2025.10.09	09:00:00	5360.000	5369.000	5352.500	5365.500	144175	506889	500
2025.10.09	10:00:00	5365.500	5387.000	5360.000	5382.500	155450	611622	500
2025.10.09	11:00:00	5383.000	5395.500	5380.000	5392.500	97477	420125	500
2025.10.09	12:00:00	5392.500	5397.000	5388.500	5392.000	63910	299187	500
2025.10.09	13:00:00	5392.500	5400.500	5388.500	5399.500	61178	267455	500
2025.10.09	14:00:00	5399.500	5403.500	5393.000	5397.000	52617	236520	500
2025.10.09	15:00:00	5397.500	5408.000	5397.000	5405.000	43178	191704	500
2025.10.09	16:00:00	5404.500	5407.500	5400.000	5403.000	31814	137403	500
2025.10.09	17:00:00	5403.000	5407.000	5396.500	5397.500	20922	108330	500
2025.10.09	18:00:00	5397.500	5409.500	5397.000	5406.500	9153	45579	500
2025.10.10	09:00:00	5399.500	5416.000	5387.500	5415.500	149778	570383	500
2025.10.10	10:00:00	5416.000	5523.000	5415.000	5487.500	246200	1102565	500
2025.10.10	11:00:00	5487.000	5493.500	5450.500	5481.500	230664	888502	500
2025.10.10	12:00:00	5481.000	5517.500	5477.000	5511.000	182052	696791	500
2025.10.10	13:00:00	5511.000	5517.500	5503.000	5516.500	85197	352878	500
2025.10.10	14:00:00	5516.500	5545.500	5514.500	5517.500	124819	478488	500
2025.10.10	15:00:00	5517.500	5531.500	5513.500	5529.000	66307	248234	500
2025.10.10	16:00:00	5528.500	5530.500	5520.500	5529.500	47659	204277	500
2025.10.10	17:00:00	5529.000	5549.500	5527.500	5548.000	45876	236768	500
2025.10.10	18:00:00	5548.000	5560.000	5540.000	5559.500	12607	53237	500
2025.10.13	09:00:00	5520.000	5526.000	5481.000	5486.500	213158	741149	500
2025.10.13	10:00:00	5486.500	5507.500	5482.500	5497.000	144203	509716	500
2025.10.13	11:00:00	5497.000	5507.000	5478.000	5478.000	108232	439541	500
2025.10.13	12:00:00	5478.000	5481.500	5473.000	5479.500	56595	226829	500
2025.10.13	13:00:00	5479.000	5481.500	5472.500	5480.000	42028	167113	500
2025.10.13	14:00:00	5480.500	5482.500	5468.000	5473.000	47366	196937	500
2025.10.13	15:00:00	5473.000	5478.000	5469.000	5474.500	31503	116922	500
2025.10.13	16:00:00	5474.500	5487.500	5473.500	5485.500	34291	141700	500
2025.10.13	17:00:00	5485.500	5494.500	5484.500	5491.000	20000	94762	500
2025.10.13	18:00:00	5491.500	5494.000	5484.000	5484.000	6166	28082	500
2025.10.14	09:00:00	5506.000	5538.500	5506.000	5525.500	217779	829541	500
2025.10.14	10:00:00	5525.500	5543.000	5520.000	5531.500	156871	599312	500
2025.10.14	11:00:00	5531.500	5535.000	5515.500	5523.500	113681	463982	500
2025.10.14	12:00:00	5524.000	5531.000	5500.500	5504.000	83338	341958	500
2025.10.14	13:00:00	5503.500	5512.500	5485.500	5493.000	98611	439761	500
2025.10.14	14:00:00	5492.500	5496.500	5484.000	5485.000	47618	201666	500
2025.10.14	15:00:00	5485.500	5492.500	5480.500	5489.500	47885	188430	500
2025.10.14	16:00:00	5489.500	5504.000	5486.500	5493.500	49221	192779	500
2025.10.14	17:00:00	5493.500	5509.500	5493.000	5505.500	22637	100428	500
2025.10.14	18:00:00	5505.500	5509.500	5500.500	5500.500	5523	24084	500
2025.10.15	09:00:00	5482.500	5493.500	5478.500	5479.000	135895	479327	500
2025.10.15	10:00:00	5479.000	5483.500	5464.000	5466.500	148484	590136	500
2025.10.15	11:00:00	5466.000	5471.500	5454.500	5456.000	91052	377255	500
2025.10.15	12:00:00	5456.000	5469.000	5455.000	5464.500	57524	256635	500
2025.10.15	13:00:00	5465.000	5472.500	5462.000	5468.000	39350	176780	500
2025.10.15	14:00:00	5468.500	5490.000	5468.000	5476.500	77659	319925	500
2025.10.15	15:00:00	5477.000	5479.000	5471.000	5479.000	33331	123118	500
2025.10.15	16:00:00	5479.000	5485.000	5475.500	5484.000	30486	121181	500
2025.10.15	17:00:00	5484.000	5485.000	5475.000	5476.500	20338	100953	500
2025.10.15	18:00:00	5476.500	5477.000	5469.500	5475.000	5678	27765	500
2025.10.16	09:00:00	5470.000	5473.500	5459.000	5467.000	131500	485944	500
2025.10.16	10:00:00	5467.000	5473.000	5455.500	5459.000	119243	467506	500
2025.10.16	11:00:00	5458.500	5464.500	5442.000	5444.000	96564	413409	500
2025.10.16	12:00:00	5444.000	5459.500	5442.500	5456.000	60406	269843	500
2025.10.16	13:00:00	5456.000	5479.500	5452.000	5463.500	96475	411666	500
2025.10.16	14:00:00	5463.500	5472.500	5460.500	5468.500	48026	177276	500
2025.10.16	15:00:00	5468.000	5478.500	5464.500	5466.000	53592	212512	500
2025.10.16	16:00:00	5466.000	5470.000	5460.500	5463.000	32044	130773	500
2025.10.16	17:00:00	5463.500	5467.500	5462.500	5467.000	13369	65706	500
2025.10.16	18:00:00	5466.500	5473.500	5464.500	5473.000	4840	30845	500
2025.10.17	09:00:00	5469.500	5473.000	5450.500	5470.000	143756	545866	500
2025.10.17	10:00:00	5470.500	5479.000	5462.000	5465.500	123286	464253	500
2025.10.17	11:00:00	5466.000	5471.000	5440.500	5449.500	116019	476223	500
2025.10.17	12:00:00	5449.500	5450.000	5433.500	5436.500	65804	281907	500
2025.10.17	13:00:00	5436.000	5439.500	5426.000	5433.500	53072	240615	500
2025.10.17	14:00:00	5433.000	5435.500	5427.000	5431.500	35397	141932	500
2025.10.17	15:00:00	5431.000	5432.000	5422.000	5423.000	35414	146867	500
2025.10.17	16:00:00	5422.500	5426.500	5421.500	5424.500	22163	83810	500
2025.10.17	17:00:00	5425.000	5430.000	5423.500	5427.000	18220	79650	500
2025.10.17	18:00:00	5427.500	5429.500	5421.000	5425.000	6773	33880	500
2025.10.20	09:00:00	5429.500	5429.500	5400.500	5401.000	125801	462257	500
2025.10.20	10:00:00	5401.000	5401.500	5386.500	5398.500	104893	439300	500
2025.10.20	11:00:00	5398.500	5398.500	5383.000	5394.000	79550	333056	500
2025.10.20	12:00:00	5394.000	5398.500	5383.500	5388.000	54661	239158	500
2025.10.20	13:00:00	5387.500	5390.000	5383.000	5387.000	27220	137771	500
2025.10.20	14:00:00	5387.000	5393.500	5386.500	5390.000	24994	112620	500
2025.10.20	15:00:00	5390.000	5391.500	5384.500	5386.500	26624	115237	500
2025.10.20	16:00:00	5386.500	5390.500	5385.500	5387.000	17125	77172	500
2025.10.20	17:00:00	5387.000	5392.500	5386.500	5391.000	16238	77110	500
2025.10.20	18:00:00	5391.500	5392.500	5387.000	5389.500	6700	32614	500
2025.10.21	09:00:00	5404.500	5406.500	5392.500	5400.000	125366	455853	500
2025.10.21	10:00:00	5400.000	5419.500	5398.500	5413.000	125630	495480	500
2025.10.21	11:00:00	5413.000	5415.500	5398.500	5399.500	99260	407479	500
2025.10.21	12:00:00	5399.500	5401.000	5384.000	5386.500	77582	295083	500
2025.10.21	13:00:00	5386.500	5399.000	5384.000	5397.500	57588	243476	500
2025.10.21	14:00:00	5398.000	5404.000	5393.000	5398.000	47836	203843	500
2025.10.21	15:00:00	5398.000	5401.500	5394.500	5398.500	23953	97701	500
2025.10.21	16:00:00	5398.000	5405.500	5398.000	5404.500	23587	102844	500
2025.10.21	17:00:00	5404.000	5405.000	5396.500	5403.000	16210	90709	500
2025.10.21	18:00:00	5403.000	5404.500	5398.500	5402.500	4016	22631	500
2025.10.22	09:00:00	5407.500	5410.000	5389.000	5399.000	113048	405294	500
2025.10.22	10:00:00	5399.500	5409.500	5398.000	5403.000	103558	397016	500
2025.10.22	11:00:00	5403.500	5414.000	5396.500	5406.000	98035	400799	500
2025.10.22	12:00:00	5406.000	5408.500	5399.000	5405.500	57523	258633	500
2025.10.22	13:00:00	5405.000	5426.000	5404.500	5414.500	84251	343763	500
2025.10.22	14:00:00	5414.000	5425.500	5412.500	5419.500	60804	265684	500
2025.10.22	15:00:00	5419.500	5423.500	5413.500	5415.000	35506	148798	500
2025.10.22	16:00:00	5414.500	5416.500	5408.500	5409.500	30075	123788	500
2025.10.22	17:00:00	5410.000	5414.500	5406.500	5413.000	16369	88912	500
2025.10.22	18:00:00	5413.000	5414.000	5410.000	5414.000	4039	20491	500
2025.10.23	09:00:00	5414.000	5415.000	5394.000	5399.500	114992	431788	500
2025.10.23	10:00:00	5399.500	5400.000	5390.500	5393.500	86987	349137	500
2025.10.23	11:00:00	5393.000	5399.000	5391.000	5395.500	58219	251165	500
2025.10.23	12:00:00	5395.500	5407.000	5394.000	5396.000	55590	244513	500
2025.10.23	13:00:00	5396.000	5400.000	5391.000	5398.000	33244	163804	500
2025.10.23	14:00:00	5397.500	5402.500	5389.500	5393.000	37410	183348	500
2025.10.23	15:00:00	5392.500	5394.500	5390.000	5392.000	23679	106204	500
2025.10.23	16:00:00	5392.000	5399.000	5391.000	5397.500	21319	95632	500
2025.10.23	17:00:00	5397.000	5398.500	5394.500	5394.500	10663	47771	500
2025.10.23	18:00:00	5395.000	5395.000	5391.000	5392.000	4868	24331	500
2025.10.24	09:00:00	5397.000	5401.500	5373.000	5377.000	139164	533335	500
2025.10.24	10:00:00	5376.500	5390.000	5372.000	5386.500	92502	338779	500
2025.10.24	11:00:00	5386.000	5401.000	5385.000	5396.500	81353	327001	500
2025.10.24	12:00:00	5396.500	5400.500	5388.000	5392.500	52973	240022	500
2025.10.24	13:00:00	5392.000	5399.000	5390.500	5396.500	22752	92115	500
2025.10.24	14:00:00	5396.500	5401.000	5394.000	5400.500	23992	97822	500
2025.10.24	15:00:00	5400.500	5405.000	5398.000	5399.000	32955	152846	500
2025.10.24	16:00:00	5398.500	5405.000	5397.500	5402.500	20252	74438	500
2025.10.24	17:00:00	5403.000	5403.500	5398.000	5399.000	10554	46909	500
2025.10.24	18:00:00	5399.500	5400.500	5395.500	5395.500	4217	29236	500
2025.10.27	09:00:00	5372.500	5384.500	5368.000	5370.500	106626	399820	500
2025.10.27	10:00:00	5371.000	5387.500	5370.000	5384.000	96594	365209	500
2025.10.27	11:00:00	5383.500	5393.500	5383.500	5385.500	66155	282943	500
2025.10.27	12:00:00	5385.500	5390.500	5378.500	5384.500	58561	285106	500
2025.10.27	13:00:00	5385.000	5388.000	5381.000	5383.500	31825	157446	500
2025.10.27	14:00:00	5383.500	5387.000	5376.000	5378.000	33455	159403	500
2025.10.27	15:00:00	5378.000	5381.500	5375.500	5377.000	26380	126767	500
2025.10.27	16:00:00	5377.000	5381.500	5377.000	5377.500	19733	100066	500
2025.10.27	17:00:00	5377.500	5383.000	5377.500	5381.000	13804	69257	500
2025.10.27	18:00:00	5381.500	5382.500	5379.000	5382.000	3679	17460	500
2025.10.28	09:00:00	5385.500	5393.500	5381.500	5382.500	87163	358945	500
2025.10.28	10:00:00	5383.000	5388.500	5370.000	5377.000	96242	406968	500
2025.10.28	11:00:00	5377.500	5384.000	5370.500	5372.500	81612	365709	500
2025.10.28	12:00:00	5372.500	5374.000	5367.000	5368.500	50144	247023	500
2025.10.28	13:00:00	5369.000	5369.500	5362.500	5366.500	41553	212563	500
2025.10.28	14:00:00	5366.500	5370.500	5362.500	5365.000	28198	128589	500
2025.10.28	15:00:00	5365.000	5365.500	5358.500	5361.500	37516	161375	500
2025.10.28	16:00:00	5362.000	5367.500	5361.500	5365.000	25874	109144	500
2025.10.28	17:00:00	5365.500	5368.000	5363.500	5364.500	13086	59766	500
2025.10.28	18:00:00	5364.000	5367.500	5362.000	5365.000	5105	26703	500
2025.10.29	09:00:00	5367.000	5369.000	5348.500	5350.500	113804	510612	500
2025.10.29	10:00:00	5350.500	5352.500	5340.000	5343.500	98659	455379	500
2025.10.29	11:00:00	5343.500	5349.500	5340.500	5344.000	58878	259337	500
2025.10.29	12:00:00	5344.500	5350.000	5338.000	5349.000	66382	341807	500
2025.10.29	13:00:00	5349.500	5352.500	5345.000	5346.000	37335	191454	500
2025.10.29	14:00:00	5346.000	5350.500	5344.000	5345.000	28806	141627	500
2025.10.29	15:00:00	5345.000	5371.000	5344.000	5362.000	150891	559828	500
2025.10.29	16:00:00	5361.500	5370.500	5359.000	5361.000	71391	257665	500
2025.10.29	17:00:00	5361.000	5366.000	5360.000	5364.500	18443	85980	500
2025.10.29	18:00:00	5364.500	5365.500	5358.000	5359.000	4276	21787	500
2025.10.30	09:00:00	5365.500	5391.000	5365.500	5390.500	108076	437606	500
2025.10.30	10:00:00	5391.000	5398.000	5378.000	5386.500	127791	493336	500
2025.10.30	11:00:00	5386.000	5390.000	5377.500	5385.500	85582	324990	500
2025.10.30	12:00:00	5386.000	5390.500	5380.000	5386.500	56486	225641	500
2025.10.30	13:00:00	5386.500	5390.500	5383.500	5386.500	40422	153180	500
2025.10.30	14:00:00	5386.500	5390.000	5378.500	5379.500	36279	163458	500
2025.10.30	15:00:00	5379.000	5384.000	5377.500	5380.000	36015	143011	500
2025.10.30	16:00:00	5380.500	5385.000	5379.500	5382.500	25736	106071	500
2025.10.30	17:00:00	5382.500	5386.500	5380.500	5384.000	16493	90714	500
2025.10.30	18:00:00	5384.500	5389.000	5382.000	5387.500	3560	16872	500
2025.10.31	09:00:00	5425.000	5431.500	5406.500	5412.500	125721	461851	500
2025.10.31	10:00:00	5412.000	5422.500	5410.000	5417.000	84559	394391	500
2025.10.31	11:00:00	5416.500	5427.000	5414.000	5426.000	74361	377273	500
2025.10.31	12:00:00	5426.000	5434.500	5417.000	5421.500	79088	389722	500
2025.10.31	13:00:00	5421.500	5422.000	5407.000	5415.000	59284	330778	500
2025.10.31	14:00:00	5415.000	5420.000	5410.500	5418.500	38182	176547	500
2025.10.31	15:00:00	5418.500	5419.500	5412.500	5414.000	31015	140705	500
2025.10.31	16:00:00	5413.500	5419.000	5413.500	5416.000	24353	118206	500
2025.10.31	17:00:00	5416.000	5417.000	5410.500	5410.500	14472	66923	500
2025.10.31	18:00:00	5410.500	5414.000	5409.000	5414.000	3779	20161	500
2025.11.03	09:00:00	5409.500	5417.000	5384.000	5388.000	120564	483903	500
2025.11.03	10:00:00	5388.000	5395.000	5380.000	5384.500	89582	365845	500
2025.11.03	11:00:00	5384.500	5391.500	5382.000	5386.500	51842	232167	500
2025.11.03	12:00:00	5386.500	5405.000	5378.000	5393.500	102455	442319	500
2025.11.03	13:00:00	5393.500	5397.000	5387.000	5394.500	39911	182135	500
2025.11.03	14:00:00	5394.000	5399.000	5388.000	5390.000	31609	139193	500
2025.11.03	15:00:00	5389.500	5396.000	5388.500	5390.500	28962	143050	500
2025.11.03	16:00:00	5391.000	5394.000	5388.500	5392.000	21080	91882	500
2025.11.03	17:00:00	5392.000	5395.000	5390.500	5390.500	16399	74695	500
2025.11.03	18:00:00	5390.500	5397.500	5390.500	5396.000	7869	45656	500
2025.11.04	09:00:00	5417.500	5431.500	5414.000	5421.500	133652	545419	500
2025.11.04	10:00:00	5421.000	5429.500	5412.000	5420.500	98170	415434	500
2025.11.04	11:00:00	5421.000	5427.500	5413.000	5414.000	81669	384820	500
2025.11.04	12:00:00	5414.000	5418.000	5410.500	5412.500	52942	257042	500
2025.11.04	13:00:00	5412.500	5420.000	5411.000	5417.000	35699	175961	500
2025.11.04	14:00:00	5417.000	5428.500	5416.500	5427.000	36714	187486	500
2025.11.04	15:00:00	5427.000	5434.000	5425.500	5430.000	42138	186569	500
2025.11.04	16:00:00	5429.500	5432.000	5427.500	5431.000	25208	105393	500
2025.11.04	17:00:00	5431.000	5434.000	5427.500	5433.000	27652	129594	500
2025.11.04	18:00:00	5432.500	5443.500	5430.500	5442.500	11474	69199	500
2025.11.05	09:00:00	5433.000	5435.500	5422.000	5429.500	81442	298467	500
2025.11.05	10:00:00	5429.000	5432.000	5410.500	5413.000	99112	399155	500
2025.11.05	11:00:00	5412.500	5414.500	5396.000	5400.500	95730	425405	500
2025.11.05	12:00:00	5400.500	5406.500	5392.000	5392.000	72697	306508	500
2025.11.05	13:00:00	5392.000	5395.500	5383.000	5388.000	63568	296294	500
2025.11.05	14:00:00	5388.500	5391.500	5384.000	5390.000	32331	152095	500
2025.11.05	15:00:00	5390.500	5395.000	5388.500	5390.500	28882	127833	500
2025.11.05	16:00:00	5390.000	5393.000	5387.500	5390.500	21107	93233	500
2025.11.05	17:00:00	5390.500	5393.000	5385.500	5387.500	19905	89508	500
2025.11.05	18:00:00	5387.500	5389.000	5382.500	5386.000	10329	54409	500
2025.11.06	09:00:00	5380.000	5383.500	5366.000	5370.500	111208	434947	500
2025.11.06	10:00:00	5370.500	5372.000	5359.500	5365.500	93961	410251	500
2025.11.06	11:00:00	5365.500	5382.000	5364.000	5379.500	86903	396177	500
2025.11.06	12:00:00	5379.000	5392.000	5375.500	5383.000	85890	378168	500
2025.11.06	13:00:00	5382.500	5390.000	5380.500	5386.500	43867	185355	500
2025.11.06	14:00:00	5387.000	5393.000	5380.000	5383.000	42639	174002	500
2025.11.06	15:00:00	5383.000	5389.000	5374.500	5381.000	44092	208186	500
2025.11.06	16:00:00	5380.500	5382.500	5374.500	5377.500	27794	132798	500
2025.11.06	17:00:00	5378.000	5381.500	5377.000	5379.000	17123	87730	500
2025.11.06	18:00:00	5379.000	5381.500	5375.500	5378.500	6158	39985	500
2025.11.07	09:00:00	5376.000	5390.500	5369.000	5388.500	105277	377924	500
2025.11.07	10:00:00	5389.000	5390.500	5378.500	5384.500	73684	303207	500
2025.11.07	11:00:00	5384.500	5389.000	5374.000	5376.500	83964	379099	500
2025.11.07	12:00:00	5376.500	5379.000	5366.500	5371.500	69676	341655	500
2025.11.07	13:00:00	5371.500	5375.000	5361.000	5367.500	57125	284258	500
2025.11.07	14:00:00	5367.500	5372.000	5363.000	5364.500	37879	161892	500
2025.11.07	15:00:00	5364.000	5366.000	5360.500	5362.000	27370	107311	500
2025.11.07	16:00:00	5362.000	5362.500	5357.000	5359.000	29322	133625	500
2025.11.07	17:00:00	5358.500	5362.500	5357.500	5357.500	20838	92031	500
2025.11.07	18:00:00	5357.500	5358.000	5352.000	5354.500	10381	66341	500
2025.11.10	09:00:00	5340.000	5344.500	5327.000	5338.000	105900	483897	500
2025.11.10	10:00:00	5338.500	5347.000	5332.000	5341.000	82696	372003	500
2025.11.10	11:00:00	5340.500	5345.500	5335.500	5338.500	59571	259470	500
2025.11.10	12:00:00	5339.000	5345.000	5336.000	5340.500	41252	211387	500
2025.11.10	13:00:00	5341.000	5345.000	5340.000	5342.000	27375	141125	500
2025.11.10	14:00:00	5342.000	5342.500	5328.000	5329.500	45129	204511	500
2025.11.10	15:00:00	5329.000	5331.000	5326.000	5327.500	32354	144681	500
2025.11.10	16:00:00	5327.500	5331.500	5326.500	5329.000	17521	80658	500
2025.11.10	17:00:00	5329.000	5329.500	5321.500	5322.000	28852	133854	500
2025.11.10	18:00:00	5321.500	5322.000	5308.500	5314.500	13005	105950	500
2025.11.11	09:00:00	5313.500	5321.500	5303.000	5310.000	116960	481646	500
2025.11.11	10:00:00	5310.500	5313.000	5293.000	5294.000	107767	450301	500
2025.11.11	11:00:00	5294.000	5297.000	5286.500	5287.500	81074	372526	500
2025.11.11	12:00:00	5287.000	5303.000	5286.000	5298.000	66089	349908	500
2025.11.11	13:00:00	5297.500	5301.000	5291.500	5300.500	40130	208892	500
2025.11.11	14:00:00	5300.000	5301.000	5292.500	5296.500	32245	146205	500
2025.11.11	15:00:00	5296.500	5297.000	5293.000	5293.500	21215	103131	500
2025.11.11	16:00:00	5294.000	5297.000	5292.000	5295.500	20310	88279	500
2025.11.11	17:00:00	5295.000	5296.500	5293.000	5294.000	17678	74170	500
2025.11.11	18:00:00	5293.500	5297.500	5292.500	5295.500	8901	52720	500
2025.11.12	09:00:00	5298.500	5300.500	5286.500	5287.500	74912	296732	500
2025.11.12	10:00:00	5287.000	5310.500	5286.000	5309.000	97801	399600	500
2025.11.12	11:00:00	5309.500	5319.500	5307.000	5316.000	74198	317205	500
2025.11.12	12:00:00	5315.500	5322.500	5311.000	5320.500	58249	259048	500
2025.11.12	13:00:00	5320.500	5322.000	5314.500	5316.000	34582	163449	500
2025.11.12	14:00:00	5315.500	5318.500	5313.000	5315.500	22526	87926	500
2025.11.12	15:00:00	5315.500	5317.000	5309.000	5314.500	27317	113998	500
2025.11.12	16:00:00	5314.000	5316.500	5310.000	5313.000	21468	97545	500
2025.11.12	17:00:00	5313.000	5314.000	5309.000	5310.000	18110	84336	500
2025.11.12	18:00:00	5310.000	5315.000	5309.000	5313.000	6922	43590	500
2025.11.13	09:00:00	5301.500	5310.000	5292.000	5294.000	104882	395783	500
2025.11.13	10:00:00	5294.000	5306.000	5293.000	5296.500	101290	395311	500
2025.11.13	11:00:00	5296.500	5308.000	5296.000	5307.000	72596	315657	500
2025.11.13	12:00:00	5307.000	5308.500	5299.000	5300.500	57991	270970	500
2025.11.13	13:00:00	5300.500	5305.500	5299.000	5304.000	43504	203786	500
2025.11.13	14:00:00	5304.000	5309.000	5300.000	5308.500	36848	186810	500
2025.11.13	15:00:00	5308.500	5320.500	5306.500	5317.500	59664	287363	500
2025.11.13	16:00:00	5317.500	5322.000	5314.000	5317.000	39057	176867	500
2025.11.13	17:00:00	5316.500	5324.500	5315.500	5316.000	33450	166460	500
2025.11.13	18:00:00	5315.500	5316.500	5308.000	5309.500	7995	58617	500
2025.11.14	09:00:00	5325.000	5333.500	5311.000	5313.000	125352	478098	500
2025.11.14	10:00:00	5313.500	5328.500	5313.000	5323.000	102973	458006	500
2025.11.14	11:00:00	5322.500	5329.000	5302.000	5305.500	101558	447111	500
2025.11.14	12:00:00	5305.500	5309.500	5289.000	5290.000	81756	374543	500
2025.11.14	13:00:00	5290.500	5303.500	5289.500	5303.500	43404	206676	500
2025.11.14	14:00:00	5303.500	5304.000	5295.500	5299.000	29716	124966	500
2025.11.14	15:00:00	5299.500	5315.000	5299.500	5314.000	52776	248664	500
2025.11.14	16:00:00	5314.500	5317.000	5311.500	5312.500	24333	124504	500
2025.11.14	17:00:00	5312.500	5317.000	5312.500	5313.000	17164	79649	500
2025.11.14	18:00:00	5312.500	5319.000	5312.500	5313.000	5600	35584	500
2025.11.17	09:00:00	5317.000	5324.500	5308.500	5318.500	94787	366392	500
2025.11.17	10:00:00	5318.000	5326.000	5314.000	5324.000	63612	260536	500
2025.11.17	11:00:00	5324.000	5329.000	5320.500	5327.000	55641	239522	500
2025.11.17	12:00:00	5326.500	5329.500	5320.000	5324.500	48469	222822	500
2025.11.17	13:00:00	5324.500	5328.000	5320.500	5321.000	32762	171692	500
2025.11.17	14:00:00	5321.000	5327.500	5319.000	5325.000	28482	125672	500
2025.11.17	15:00:00	5325.000	5333.000	5324.500	5331.500	39040	178332	500
2025.11.17	16:00:00	5331.500	5347.000	5331.500	5346.000	56905	265783	500
2025.11.17	17:00:00	5346.500	5348.500	5335.500	5335.500	34963	145804	500
2025.11.17	18:00:00	5336.000	5344.000	5334.000	5344.000	9967	60778	500
2025.11.18	09:00:00	5351.000	5358.500	5346.000	5356.500	85303	302266	500
2025.11.18	10:00:00	5357.000	5357.500	5328.500	5336.500	109424	471966	500
2025.11.18	11:00:00	5336.000	5350.000	5330.500	5350.000	76386	303935	500
2025.11.18	12:00:00	5350.000	5355.500	5345.500	5351.000	71129	286698	500
2025.11.18	13:00:00	5351.000	5356.500	5331.000	5333.500	67334	293727	500
2025.11.18	14:00:00	5333.000	5341.500	5332.000	5335.000	37073	139550	500
2025.11.18	15:00:00	5334.500	5335.000	5328.000	5332.000	35733	143268	500
2025.11.18	16:00:00	5332.000	5333.000	5328.000	5331.000	22132	75283	500
2025.11.18	17:00:00	5330.500	5339.000	5330.000	5334.500	24699	99809	500
2025.11.18	18:00:00	5334.500	5340.000	5334.000	5339.500	6158	34534	500
2025.11.19	09:00:00	5336.500	5351.000	5332.500	5351.000	96129	375052	500
2025.11.19	10:00:00	5351.000	5353.000	5344.000	5347.500	66916	280110	500
2025.11.19	11:00:00	5347.500	5355.000	5340.500	5341.000	62771	261282	500
2025.11.19	12:00:00	5341.500	5349.500	5336.500	5347.000	52985	229434	500
2025.11.19	13:00:00	5347.000	5352.000	5345.500	5349.500	34436	165420	500
2025.11.19	14:00:00	5349.500	5359.500	5348.000	5352.500	51766	232442	500
2025.11.19	15:00:00	5353.000	5355.500	5341.500	5343.500	44762	192827	500
2025.11.19	16:00:00	5343.000	5353.000	5342.500	5349.000	34231	148228	500
2025.11.19	17:00:00	5349.000	5352.500	5342.500	5343.000	23410	94667	500
2025.11.19	18:00:00	5343.500	5348.000	5336.000	5338.500	9277	50401	500
2025.11.21	09:00:00	5362.500	5390.500	5360.500	5367.500	161765	595711	500
2025.11.21	10:00:00	5367.500	5388.000	5364.500	5384.000	91987	366836	500
2025.11.21	11:00:00	5384.000	5407.500	5383.500	5404.500	96590	386398	500
2025.11.21	12:00:00	5405.000	5443.000	5401.500	5425.500	142070	574257	500
2025.11.21	13:00:00	5425.500	5436.500	5399.500	5399.500	97895	414422	500
2025.11.21	14:00:00	5399.500	5412.500	5395.500	5411.500	58742	251568	500
2025.11.21	15:00:00	5412.000	5425.000	5406.000	5413.000	62608	245896	500
2025.11.21	16:00:00	5413.000	5413.500	5406.500	5411.000	24081	91150	500
2025.11.21	17:00:00	5411.500	5417.500	5410.500	5414.500	22738	98187	500
2025.11.21	18:00:00	5414.000	5419.500	5410.500	5416.500	7767	44955	500
2025.11.24	09:00:00	5408.000	5408.000	5386.500	5394.500	118415	428801	500
2025.11.24	10:00:00	5394.500	5414.500	5393.500	5413.500	101000	406684	500
2025.11.24	11:00:00	5413.500	5415.000	5394.000	5402.500	99265	399245	500
2025.11.24	12:00:00	5402.000	5406.000	5397.000	5400.000	61306	286529	500
2025.11.24	13:00:00	5400.000	5406.500	5396.500	5402.500	34513	172110	500
2025.11.24	14:00:00	5403.000	5404.000	5399.000	5402.500	24596	109819	500
2025.11.24	15:00:00	5402.500	5406.500	5397.500	5399.000	28375	130116	500
2025.11.24	16:00:00	5399.000	5402.500	5398.500	5402.000	18338	87023	500
2025.11.24	17:00:00	5402.000	5402.500	5396.000	5397.000	16726	82961	500
2025.11.24	18:00:00	5397.500	5398.000	5392.000	5394.500	8110	55089	500
2025.11.25	09:00:00	5392.000	5392.000	5371.000	5374.000	128507	486270	500
2025.11.25	10:00:00	5374.500	5375.500	5358.500	5372.500	112231	500300	500
2025.11.25	11:00:00	5372.500	5415.500	5372.500	5402.000	144760	661655	500
2025.11.25	12:00:00	5402.500	5403.000	5382.000	5398.000	82906	378163	500
2025.11.25	13:00:00	5398.000	5399.500	5389.000	5393.000	36799	171886	500
2025.11.25	14:00:00	5393.500	5395.500	5380.000	5386.500	59170	269211	500
2025.11.25	15:00:00	5386.500	5386.500	5377.500	5379.500	46125	188998	500
2025.11.25	16:00:00	5379.500	5382.000	5374.000	5379.000	29565	139764	500
2025.11.25	17:00:00	5379.000	5392.000	5377.500	5390.000	24404	128785	500
2025.11.25	18:00:00	5389.500	5390.000	5382.000	5385.000	6410	39463	500
2025.11.26	09:00:00	5385.000	5392.500	5376.000	5386.000	99004	350317	500
2025.11.26	10:00:00	5386.000	5386.000	5374.000	5381.500	112205	418213	500
2025.11.26	11:00:00	5381.500	5384.500	5371.500	5375.000	73241	280585	500
2025.11.26	12:00:00	5374.500	5376.500	5354.000	5355.500	80852	335176	500
2025.11.26	13:00:00	5356.000	5356.500	5347.500	5352.000	56278	239749	500
2025.11.26	14:00:00	5351.500	5352.000	5340.500	5343.500	45918	226481	500
2025.11.26	15:00:00	5343.000	5346.000	5338.000	5339.000	38834	173713	500
2025.11.26	16:00:00	5339.500	5340.500	5333.500	5335.500	27429	144061	500
2025.11.26	17:00:00	5335.000	5340.500	5334.000	5334.000	26124	149437	500
2025.11.26	18:00:00	5334.000	5337.000	5331.500	5335.500	11949	61141	500
2025.11.27	09:00:00	5340.000	5355.000	5330.500	5349.500	86101	325541	500
2025.11.27	10:00:00	5350.000	5353.000	5345.500	5349.500	48484	170708	500
2025.11.27	11:00:00	5349.500	5357.500	5348.500	5355.500	42048	171830	500
2025.11.27	12:00:00	5355.500	5356.000	5346.500	5349.500	29003	108890	500
2025.11.27	13:00:00	5350.000	5351.000	5340.500	5349.000	35013	133378	500
2025.11.27	14:00:00	5349.500	5353.500	5346.000	5351.000	24500	103381	500
2025.11.27	15:00:00	5351.000	5360.500	5346.000	5358.000	30928	138195	500
2025.11.27	16:00:00	5358.000	5359.000	5352.500	5353.500	15710	70004	500
2025.11.27	17:00:00	5353.500	5357.000	5353.000	5355.000	10826	46295	500
2025.11.27	18:00:00	5355.000	5357.500	5351.000	5357.500	4237	26075	500
2025.11.28	09:00:00	5388.000	5396.000	5374.500	5376.500	86778	356875	500
2025.11.28	10:00:00	5377.000	5384.000	5365.500	5366.500	86360	379143	500
2025.11.28	11:00:00	5366.500	5376.500	5361.500	5365.500	68504	349244	500
2025.11.28	12:00:00	5365.000	5386.500	5363.500	5382.500	61896	316207	500
2025.11.28	13:00:00	5382.500	5383.500	5374.000	5378.500	37534	216114	500
2025.11.28	14:00:00	5378.500	5381.000	5374.000	5375.000	22548	97595	500
2025.11.28	15:00:00	5374.500	5377.000	5364.500	5367.500	34174	169289	500
2025.11.28	16:00:00	5367.500	5372.000	5364.500	5371.000	17037	89879	500
2025.11.28	17:00:00	5371.000	5373.000	5368.500	5370.500	11327	52845	500
2025.11.28	18:00:00	5370.000	5374.000	5370.000	5371.500	5124	34346	500
2025.12.01	09:00:00	5371.500	5378.000	5362.000	5377.000	109086	388634	500
2025.12.01	10:00:00	5376.500	5385.500	5375.500	5380.000	90686	369586	500
2025.12.01	11:00:00	5380.500	5385.500	5372.500	5377.500	67762	274250	500
2025.12.01	12:00:00	5377.500	5383.000	5370.500	5380.000	66536	296474	500
2025.12.01	13:00:00	5380.000	5390.000	5377.000	5389.000	51244	237604	500
2025.12.01	14:00:00	5389.000	5392.500	5383.500	5389.000	32549	135715	500
2025.12.01	15:00:00	5388.500	5395.500	5387.000	5393.000	32796	147917	500
2025.12.01	16:00:00	5393.000	5396.500	5392.500	5394.000	20696	94715	500
2025.12.01	17:00:00	5394.500	5400.000	5389.000	5391.000	29459	147407	500
2025.12.01	18:00:00	5391.500	5392.000	5385.500	5386.000	5544	32327	500
2025.12.02	09:00:00	5388.000	5396.500	5374.500	5387.000	97887	380329	500
2025.12.02	10:00:00	5387.500	5394.000	5379.000	5379.500	86478	343995	500
2025.12.02	11:00:00	5379.500	5382.000	5370.500	5372.500	80939	342294	500
2025.12.02	12:00:00	5373.000	5377.500	5368.000	5374.000	57580	262177	500
2025.12.02	13:00:00	5374.000	5379.500	5373.000	5377.500	37346	171665	500
2025.12.02	14:00:00	5377.000	5377.500	5362.500	5369.000	47798	214528	500
2025.12.02	15:00:00	5369.000	5370.500	5365.000	5368.000	26260	108553	500
2025.12.02	16:00:00	5368.000	5368.500	5363.000	5364.500	22207	102823	500
2025.12.02	17:00:00	5364.500	5366.500	5361.000	5361.500	18492	84321	500
2025.12.02	18:00:00	5362.000	5363.500	5360.000	5361.500	7092	40413	500
2025.12.03	09:00:00	5350.000	5355.500	5344.000	5353.500	89490	338551	500
2025.12.03	10:00:00	5354.000	5355.000	5332.000	5347.500	116144	492732	500
2025.12.03	11:00:00	5347.000	5351.000	5331.000	5337.000	93392	387060	500
2025.12.03	12:00:00	5337.000	5342.500	5331.500	5333.000	57721	259902	500
2025.12.03	13:00:00	5333.000	5344.500	5330.000	5343.000	44584	215397	500
2025.12.03	14:00:00	5343.500	5344.000	5336.500	5340.500	25766	115009	500
2025.12.03	15:00:00	5340.500	5346.000	5336.000	5341.000	32141	142530	500
2025.12.03	16:00:00	5341.000	5346.000	5339.500	5345.500	21858	94623	500
2025.12.03	17:00:00	5345.500	5345.500	5341.500	5342.500	19089	78765	500
2025.12.03	18:00:00	5343.000	5344.500	5339.000	5341.500	6332	36272	500
2025.12.04	09:00:00	5336.000	5341.500	5329.000	5335.000	86494	328743	500
2025.12.04	10:00:00	5335.500	5338.000	5319.500	5321.500	99478	439159	500
2025.12.04	11:00:00	5321.500	5326.500	5318.500	5326.000	60155	251250	500
2025.12.04	12:00:00	5326.500	5328.000	5322.000	5323.000	39924	188457	500
2025.12.04	13:00:00	5323.000	5334.500	5322.500	5333.000	47545	241279	500
2025.12.04	14:00:00	5333.500	5342.500	5331.500	5339.500	40534	183052	500
2025.12.04	15:00:00	5339.000	5347.000	5339.000	5341.500	39462	186432	500
2025.12.04	16:00:00	5341.500	5347.000	5335.000	5340.500	36696	182837	500
2025.12.04	17:00:00	5340.500	5344.500	5340.000	5343.000	18585	78786	500
2025.12.04	18:00:00	5343.000	5344.500	5339.500	5341.000	6393	36928	500
2025.12.05	09:00:00	5327.500	5340.000	5326.000	5337.500	72811	277082	500
2025.12.05	10:00:00	5337.500	5350.000	5336.000	5348.500	77296	317909	500
2025.12.05	11:00:00	5348.500	5378.500	5345.000	5372.000	119432	544169	500
2025.12.05	12:00:00	5372.000	5417.000	5362.000	5403.500	133079	589200	500
2025.12.05	13:00:00	5404.000	5461.000	5396.500	5435.000	278168	1047558	500
2025.12.05	14:00:00	5434.500	5456.500	5400.500	5445.000	183947	741396	500
2025.12.05	15:00:00	5445.500	5514.500	5438.000	5506.500	167207	637063	500
2025.12.05	16:00:00	5506.500	5512.000	5461.500	5463.500	124504	429252	500
2025.12.05	17:00:00	5463.500	5486.000	5458.500	5483.000	60536	239557	500
2025.12.05	18:00:00	5483.000	5486.000	5464.500	5466.000	14254	68175	500
2025.12.08	09:00:00	5451.500	5465.000	5422.500	5443.000	198145	734874	500
2025.12.08	10:00:00	5443.000	5450.000	5414.000	5418.500	125841	513192	500
2025.12.08	11:00:00	5418.500	5458.500	5416.500	5452.000	108834	429601	500
2025.12.08	12:00:00	5452.000	5495.000	5452.000	5474.500	143952	562948	500
2025.12.08	13:00:00	5475.000	5479.500	5460.000	5470.500	72483	278997	500
2025.12.08	14:00:00	5470.500	5478.500	5454.500	5456.500	70625	264355	500
2025.12.08	15:00:00	5456.000	5457.500	5444.000	5448.500	57309	210003	500
2025.12.08	16:00:00	5449.000	5456.500	5447.000	5449.000	35856	166706	500
2025.12.08	17:00:00	5448.500	5472.500	5446.500	5460.000	40829	174843	500
2025.12.08	18:00:00	5460.000	5464.500	5457.500	5457.500	7632	40443	500
2025.12.09	09:00:00	5449.000	5495.000	5446.000	5492.500	186938	660065	500
2025.12.09	10:00:00	5492.500	5522.000	5483.000	5496.000	179256	688690	500
2025.12.09	11:00:00	5496.000	5503.000	5483.500	5493.000	99693	376556	500
2025.12.09	12:00:00	5493.000	5504.500	5452.500	5458.500	137675	588701	500
2025.12.09	13:00:00	5458.500	5468.500	5447.000	5462.500	78411	316854	500
2025.12.09	14:00:00	5462.500	5475.500	5456.000	5472.500	47440	175692	500
2025.12.09	15:00:00	5473.000	5475.500	5462.500	5465.000	40044	163078	500
2025.12.09	16:00:00	5464.500	5471.000	5458.000	5464.000	46002	191375	500
2025.12.09	17:00:00	5463.500	5467.000	5457.500	5465.500	25968	108712	500
2025.12.09	18:00:00	5465.500	5466.500	5459.000	5459.500	7365	31234	500
2025.12.10	09:00:00	5449.500	5470.000	5442.500	5468.500	132144	470718	500
2025.12.10	10:00:00	5468.000	5493.000	5467.000	5486.000	124321	453564	500
2025.12.10	11:00:00	5486.500	5493.000	5481.000	5491.000	73229	282504	500
2025.12.10	12:00:00	5491.000	5515.000	5483.000	5504.000	92472	396621	500
2025.12.10	13:00:00	5504.500	5509.000	5495.000	5497.500	48908	193155	500
2025.12.10	14:00:00	5497.000	5508.000	5496.500	5506.000	42418	168847	500
2025.12.10	15:00:00	5506.000	5513.000	5499.000	5509.000	39465	151643	500
2025.12.10	16:00:00	5509.500	5510.000	5488.500	5491.500	122999	387243	500
2025.12.10	17:00:00	5491.500	5498.500	5479.500	5497.000	60139	221447	500
2025.12.10	18:00:00	5497.000	5500.000	5493.500	5497.000	9725	42631	500
2025.12.11	09:00:00	5499.500	5500.000	5465.500	5467.500	131338	468804	500
2025.12.11	10:00:00	5467.500	5473.500	5448.500	5451.500	110194	442247	500
2025.12.11	11:00:00	5451.500	5454.000	5441.500	5443.000	83506	362832	500
2025.12.11	12:00:00	5443.000	5444.500	5424.500	5427.500	85092	417336	500
2025.12.11	13:00:00	5427.000	5431.000	5420.500	5427.500	54060	246323	500
2025.12.11	14:00:00	5427.500	5439.000	5424.000	5434.500	45894	202610	500
2025.12.11	15:00:00	5434.500	5438.500	5417.500	5421.000	63325	277056	500
2025.12.11	16:00:00	5421.000	5427.500	5418.500	5426.500	27164	142828	500
2025.12.11	17:00:00	5426.500	5431.000	5426.000	5428.000	18259	80071	500
2025.12.11	18:00:00	5428.500	5432.000	5425.500	5431.500	9507	55227	500
2025.12.12	09:00:00	5429.500	5440.000	5420.000	5421.500	115635	400285	500
2025.12.12	10:00:00	5421.000	5424.000	5399.000	5408.000	130421	523088	500
2025.12.12	11:00:00	5408.000	5416.000	5400.000	5404.000	69819	285350	500
2025.12.12	12:00:00	5404.000	5446.000	5403.500	5437.000	116771	506454	500
2025.12.12	13:00:00	5437.500	5444.500	5426.000	5427.500	67217	298115	500
2025.12.12	14:00:00	5427.500	5430.000	5412.500	5422.000	61235	300019	500
2025.12.12	15:00:00	5422.500	5428.500	5416.000	5426.000	34503	150225	500
2025.12.12	16:00:00	5425.500	5434.500	5425.500	5432.000	33064	138515	500
2025.12.12	17:00:00	5432.000	5441.500	5430.000	5438.500	26311	98674	500
2025.12.12	18:00:00	5439.000	5445.000	5431.000	5433.000	8101	42206	500
2025.12.15	09:00:00	5420.000	5430.500	5404.500	5406.500	113237	407529	500
2025.12.15	10:00:00	5406.000	5411.000	5399.000	5408.500	81404	321858	500
2025.12.15	11:00:00	5408.500	5430.000	5406.000	5425.000	96261	407772	500
2025.12.15	12:00:00	5424.500	5431.000	5417.000	5420.500	77362	313862	500
2025.12.15	13:00:00	5420.500	5427.500	5412.500	5425.000	57010	237064	500
2025.12.15	14:00:00	5425.000	5435.500	5422.500	5434.000	36457	134149	500
2025.12.15	15:00:00	5433.500	5444.000	5431.500	5442.000	49938	208367	500
2025.12.15	16:00:00	5442.000	5444.000	5437.500	5439.500	22875	88689	500
2025.12.15	17:00:00	5439.500	5441.500	5433.000	5438.000	24294	97323	500
2025.12.15	18:00:00	5438.000	5440.500	5431.500	5433.500	8269	35991	500
2025.12.16	09:00:00	5438.500	5475.000	5432.500	5451.500	200022	772102	500
2025.12.16	10:00:00	5451.000	5469.000	5434.000	5459.000	146345	521430	500
2025.12.16	11:00:00	5459.500	5475.000	5456.000	5466.500	110291	423163	500
2025.12.16	12:00:00	5467.000	5491.500	5464.500	5483.500	92168	407125	500
2025.12.16	13:00:00	5483.000	5487.000	5474.500	5477.000	55941	246352	500
2025.12.16	14:00:00	5476.500	5477.000	5462.500	5475.500	60900	260021	500
2025.12.16	15:00:00	5475.500	5481.500	5472.500	5480.500	44362	164268	500
2025.12.16	16:00:00	5480.000	5488.500	5477.500	5479.000	35243	130076	500
2025.12.16	17:00:00	5479.500	5489.500	5478.000	5483.500	31467	122714	500
2025.12.16	18:00:00	5484.000	5540.500	5483.000	5528.500	31726	181553	500
2025.12.17	09:00:00	5516.000	5535.000	5498.500	5507.500	164273	564990	500
2025.12.17	10:00:00	5508.000	5533.000	5503.500	5514.000	153507	584146	500
2025.12.17	11:00:00	5514.500	5523.000	5505.500	5514.500	109662	483234	500
2025.12.17	12:00:00	5514.500	5539.500	5512.500	5536.000	92935	381539	500
2025.12.17	13:00:00	5536.000	5545.000	5530.500	5538.000	76399	306655	500
2025.12.17	14:00:00	5538.000	5538.000	5521.000	5527.500	57884	248401	500
2025.12.17	15:00:00	5528.000	5540.000	5527.500	5533.000	47935	208361	500
2025.12.17	16:00:00	5532.500	5542.000	5530.000	5535.500	31377	137560	500
2025.12.17	17:00:00	5536.000	5537.500	5522.500	5528.000	29792	112238	500
2025.12.17	18:00:00	5528.000	5539.500	5525.000	5534.500	10730	53795	500
2025.12.18	09:00:00	5519.000	5571.500	5516.000	5568.500	152778	629966	500
2025.12.18	10:00:00	5568.000	5569.500	5528.500	5551.000	170424	689858	500
2025.12.18	11:00:00	5551.000	5553.500	5536.000	5542.500	101196	412576	500
2025.12.18	12:00:00	5542.000	5544.500	5514.500	5525.000	85654	376640	500
2025.12.18	13:00:00	5525.000	5534.000	5513.500	5529.000	70598	317836	500
2025.12.18	14:00:00	5528.500	5543.500	5524.000	5527.500	67171	257083	500
2025.12.18	15:00:00	5527.500	5532.000	5521.500	5531.000	36935	171664	500
2025.12.18	16:00:00	5531.000	5536.500	5527.500	5535.000	23228	109822	500
2025.12.18	17:00:00	5535.000	5537.500	5529.500	5535.000	23145	91209	500
2025.12.18	18:00:00	5535.000	5537.000	5531.500	5534.500	7842	38592	500
2025.12.19	09:00:00	5535.000	5556.500	5530.500	5549.500	143236	508064	500
2025.12.19	10:00:00	5549.500	5549.500	5521.500	5523.000	111930	431262	500
2025.12.19	11:00:00	5522.500	5528.500	5508.000	5516.500	105088	501135	500
2025.12.19	12:00:00	5516.000	5524.000	5513.000	5522.000	59325	287144	500
2025.12.19	13:00:00	5522.000	5523.000	5513.000	5521.500	32901	159524	500
2025.12.19	14:00:00	5521.500	5542.000	5520.000	5540.500	36950	181570	500
2025.12.19	15:00:00	5540.500	5543.500	5534.500	5541.500	36384	164932	500
2025.12.19	16:00:00	5541.500	5543.000	5535.000	5540.000	28276	130068	500
2025.12.19	17:00:00	5540.000	5558.500	5537.500	5552.500	29823	141112	500
2025.12.19	18:00:00	5552.500	5560.500	5550.500	5555.000	8899	45973	500
2025.12.22	09:00:00	5538.500	5552.000	5528.500	5535.500	116451	412699	500
2025.12.22	10:00:00	5535.500	5545.500	5525.000	5542.000	102204	388922	500
2025.12.22	11:00:00	5542.000	5560.500	5535.500	5553.000	92311	361685	500
2025.12.22	12:00:00	5553.000	5571.000	5546.000	5568.500	84552	379810	500
2025.12.22	13:00:00	5568.500	5592.000	5566.500	5587.500	94409	407350	500
2025.12.22	14:00:00	5587.500	5604.500	5584.000	5597.000	76250	344354	500
2025.12.22	15:00:00	5597.000	5614.000	5588.000	5590.500	80502	330319	500
2025.12.22	16:00:00	5590.500	5595.000	5584.000	5591.500	49235	200244	500
2025.12.22	17:00:00	5591.500	5602.500	5590.500	5598.500	29037	131921	500
2025.12.22	18:00:00	5599.000	5604.000	5596.000	5598.500	10851	47984	500
2025.12.23	09:00:00	5588.500	5603.000	5582.000	5595.500	127267	460149	500
2025.12.23	10:00:00	5595.000	5599.500	5575.500	5586.000	111788	455081	500
2025.12.23	11:00:00	5585.500	5588.000	5560.000	5561.000	87860	341546	500
2025.12.23	12:00:00	5561.000	5563.000	5538.000	5551.500	92325	395932	500
2025.12.23	13:00:00	5551.000	5553.000	5540.000	5545.000	39254	158537	500
2025.12.23	14:00:00	5545.000	5548.500	5539.500	5546.500	30973	140383	500
2025.12.23	15:00:00	5546.500	5548.500	5541.500	5543.500	29966	118973	500
2025.12.23	16:00:00	5543.500	5545.000	5535.000	5536.000	28972	104559	500
2025.12.23	17:00:00	5536.000	5538.000	5532.000	5534.000	24176	88027	500
2025.12.23	18:00:00	5534.000	5534.000	5523.000	5528.500	10077	53047	500
2025.12.26	09:00:00	5550.000	5570.000	5543.000	5558.000	105732	376971	500
2025.12.26	10:00:00	5557.500	5566.000	5552.500	5555.500	77060	299219	500
2025.12.26	11:00:00	5555.500	5555.500	5541.000	5542.500	75810	282072	500
2025.12.26	12:00:00	5542.500	5543.000	5523.000	5538.000	74831	308078	500
2025.12.26	13:00:00	5538.000	5543.500	5536.500	5541.500	31463	130987	500
2025.12.26	14:00:00	5542.000	5549.000	5528.000	5543.500	50553	208134	500
2025.12.26	15:00:00	5543.000	5550.000	5542.000	5546.500	25114	81798	500
2025.12.26	16:00:00	5546.000	5552.500	5545.000	5547.000	20570	78561	500
2025.12.26	17:00:00	5547.000	5550.500	5543.500	5545.500	14003	52790	500
2025.12.26	18:00:00	5546.000	5550.000	5540.000	5545.500	6781	32605	500
2025.12.29	09:00:00	5545.500	5568.000	5543.000	5566.500	101319	352769	500
2025.12.29	10:00:00	5566.500	5581.500	5566.000	5575.500	80982	310362	500
2025.12.29	11:00:00	5575.500	5580.000	5566.000	5573.000	68164	270782	500
2025.12.29	12:00:00	5573.000	5582.000	5562.000	5566.500	79693	366485	500
2025.12.29	13:00:00	5566.500	5584.500	5563.500	5579.500	55558	250832	500
2025.12.29	14:00:00	5579.000	5582.500	5576.500	5581.000	24057	79509	500
2025.12.29	15:00:00	5581.000	5586.000	5577.500	5578.000	38631	153535	500
2025.12.29	16:00:00	5578.500	5583.000	5568.500	5571.000	30310	126701	500
2025.12.29	17:00:00	5570.500	5573.500	5562.000	5572.500	26786	98813	500
2025.12.29	18:00:00	5572.500	5577.000	5571.000	5572.500	7924	37117	500
2025.12.30	09:00:00	5604.000	5608.000	5560.000	5561.000	132409	453334	500
2025.12.30	10:00:00	5560.500	5568.000	5534.000	5541.000	112630	464169	500
2025.12.30	11:00:00	5541.000	5547.000	5530.500	5537.000	86298	366589	500
2025.12.30	12:00:00	5537.000	5545.000	5527.500	5539.500	68177	311052	500
2025.12.30	13:00:00	5540.000	5544.500	5529.000	5540.000	49698	247401	500
2025.12.30	14:00:00	5540.000	5542.000	5525.500	5526.500	32822	150591	500
2025.12.30	15:00:00	5527.000	5537.500	5525.500	5531.500	36877	183105	500
2025.12.30	16:00:00	5531.500	5533.000	5525.000	5528.000	27089	115197	500
2025.12.30	17:00:00	5527.500	5531.000	5514.000	5518.000	25515	107577	500
2025.12.30	18:00:00	5518.000	5521.000	5513.000	5519.000	9132	49064	500
2026.01.02	09:00:00	5507.000	5508.000	5467.500	5471.500	120850	444320	500
2026.01.02	10:00:00	5471.500	5481.000	5459.000	5470.000	85855	361467	500
2026.01.02	11:00:00	5470.000	5480.000	5457.000	5475.000	87535	361182	500
2026.01.02	12:00:00	5475.000	5491.500	5473.500	5475.000	72453	267069	500
2026.01.02	13:00:00	5475.000	5480.000	5460.000	5461.000	51971	215104	500
2026.01.02	14:00:00	5460.500	5462.500	5454.000	5460.500	38427	155629	500
2026.01.02	15:00:00	5460.500	5463.500	5454.000	5463.000	30714	127983	500
2026.01.02	16:00:00	5463.000	5465.000	5455.000	5461.000	28620	131627	500
2026.01.02	17:00:00	5460.500	5466.000	5460.000	5462.500	19420	80069	500
2026.01.02	18:00:00	5462.000	5464.000	5452.000	5456.000	7636	40421	500
2026.01.05	09:00:00	5455.000	5480.000	5455.000	5475.000	122792	398498	500
2026.01.05	10:00:00	5475.500	5489.500	5475.000	5479.500	96714	349106	500
2026.01.05	11:00:00	5479.500	5482.500	5462.500	5471.500	99291	393837	500
2026.01.05	12:00:00	5471.500	5476.500	5449.000	5450.500	81285	325984	500
2026.01.05	13:00:00	5451.000	5455.500	5444.500	5446.000	47793	207196	500
2026.01.05	14:00:00	5446.500	5448.500	5431.500	5433.500	48892	205674	500
2026.01.05	15:00:00	5433.500	5438.500	5432.500	5436.000	32695	151298	500
2026.01.05	16:00:00	5436.500	5442.500	5434.500	5441.000	28250	121855	500
2026.01.05	17:00:00	5441.500	5445.000	5440.000	5445.000	22393	97109	500
2026.01.05	18:00:00	5445.000	5449.000	5443.000	5449.000	8051	46952	500
2026.01.06	09:00:00	5449.000	5452.000	5430.500	5434.000	128696	427548	500
2026.01.06	10:00:00	5434.000	5440.000	5420.000	5428.000	107223	407767	500
2026.01.06	11:00:00	5428.000	5429.500	5397.500	5403.500	109663	464303	500
2026.01.06	12:00:00	5403.500	5417.500	5401.000	5405.500	68448	289119	500
2026.01.06	13:00:00	5405.500	5408.500	5400.000	5405.500	41017	187862	500
2026.01.06	14:00:00	5405.500	5409.500	5399.500	5406.000	28236	113137	500
2026.01.06	15:00:00	5406.000	5415.500	5402.000	5408.000	40828	185129	500
2026.01.06	16:00:00	5408.000	5418.000	5407.000	5415.500	29264	138086	500
2026.01.06	17:00:00	5415.500	5416.000	5405.500	5410.000	19673	90904	500
2026.01.06	18:00:00	5410.500	5414.000	5408.500	5409.000	8004	43811	500
2026.01.07	09:00:00	5403.000	5421.000	5401.000	5415.000	106397	375379	500
2026.01.07	10:00:00	5414.500	5424.000	5410.500	5413.500	100971	371796	500
2026.01.07	11:00:00	5413.500	5432.500	5410.000	5422.000	94526	374794	500
2026.01.07	12:00:00	5422.500	5434.000	5420.500	5425.500	71675	305913	500
2026.01.07	13:00:00	5425.000	5430.000	5421.000	5423.000	35471	151616	500
2026.01.07	14:00:00	5423.000	5430.000	5420.000	5427.500	27224	115345	500
2026.01.07	15:00:00	5428.000	5429.000	5415.000	5418.500	43029	185354	500
2026.01.07	16:00:00	5418.500	5423.500	5417.500	5418.000	21058	91720	500
2026.01.07	17:00:00	5418.000	5422.500	5418.000	5420.500	15938	76601	500
2026.01.07	18:00:00	5421.000	5424.000	5418.000	5420.500	6501	36723	500
2026.01.08	09:00:00	5424.000	5427.500	5410.000	5412.500	107596	350598	500
2026.01.08	10:00:00	5412.500	5423.500	5406.500	5417.500	88578	327014	500
2026.01.08	11:00:00	5418.000	5428.500	5413.500	5418.500	89686	352798	500
2026.01.08	12:00:00	5419.000	5428.000	5413.000	5421.000	55929	213652	500
2026.01.08	13:00:00	5420.500	5428.000	5414.500	5417.500	37925	159365	500
2026.01.08	14:00:00	5417.500	5421.000	5413.500	5417.000	27426	111492	500
2026.01.08	15:00:00	5417.000	5426.000	5416.500	5425.000	31222	135264	500
2026.01.08	16:00:00	5425.500	5427.000	5419.000	5420.500	21869	94700	500
2026.01.08	17:00:00	5421.000	5422.000	5418.000	5418.500	13731	63038	500
2026.01.08	18:00:00	5419.000	5420.500	5417.000	5417.500	5128	26195	500
2026.01.09	09:00:00	5428.500	5428.500	5411.000	5416.000	88451	304329	500
2026.01.09	10:00:00	5416.500	5424.000	5384.000	5396.500	162692	641083	500
2026.01.09	11:00:00	5396.000	5402.000	5389.000	5393.000	86578	339568	500
2026.01.09	12:00:00	5393.500	5400.500	5383.000	5384.000	63283	261573	500
2026.01.09	13:00:00	5384.000	5390.500	5381.500	5384.500	44254	192495	500
2026.01.09	14:00:00	5384.500	5396.500	5382.000	5395.000	32346	136723	500
2026.01.09	15:00:00	5395.000	5397.000	5391.000	5394.500	21568	89579	500
2026.01.09	16:00:00	5394.000	5398.500	5393.500	5395.000	20115	93659	500
2026.01.09	17:00:00	5395.000	5396.000	5391.000	5395.500	14858	72769	500
2026.01.09	18:00:00	5395.500	5402.000	5393.000	5402.000	8226	44786	500
2026.01.12	09:00:00	5388.000	5408.500	5377.000	5408.000	116105	407752	500
2026.01.12	10:00:00	5408.000	5412.000	5388.000	5405.500	128688	503918	500
2026.01.12	11:00:00	5406.000	5413.000	5392.500	5400.500	79093	308957	500
2026.01.12	12:00:00	5401.000	5405.500	5393.500	5396.000	44200	188329	500
2026.01.12	13:00:00	5396.000	5398.000	5388.000	5395.000	40373	168547	500
2026.01.12	14:00:00	5395.000	5400.000	5390.500	5396.500	26907	115909	500
2026.01.12	15:00:00	5396.000	5399.000	5395.000	5399.000	21227	87082	500
2026.01.12	16:00:00	5399.000	5399.000	5395.000	5398.000	11900	56110	500
2026.01.12	17:00:00	5398.500	5401.500	5397.500	5401.500	14366	63328	500
2026.01.12	18:00:00	5401.500	5404.000	5399.000	5401.500	7034	41776	500
2026.01.13	09:00:00	5397.500	5411.000	5394.500	5405.000	100465	370338	500
2026.01.13	10:00:00	5404.500	5410.500	5390.000	5401.000	114892	438366	500
2026.01.13	11:00:00	5401.500	5404.000	5388.500	5400.000	84229	347889	500
2026.01.13	12:00:00	5400.500	5414.500	5396.500	5404.500	74889	336514	500
2026.01.13	13:00:00	5404.000	5419.000	5402.000	5408.500	50371	222655	500
2026.01.13	14:00:00	5408.500	5413.000	5405.000	5409.500	28212	129688	500
2026.01.13	15:00:00	5409.500	5413.000	5400.500	5403.500	28979	117898	500
2026.01.13	16:00:00	5403.500	5405.500	5398.000	5398.500	20517	90953	500
2026.01.13	17:00:00	5398.500	5402.000	5396.000	5398.000	18103	79189	500
2026.01.13	18:00:00	5398.000	5399.000	5396.000	5396.000	5764	37898	500
2026.01.14	09:00:00	5393.500	5404.000	5387.000	5393.500	89950	324293	500
2026.01.14	10:00:00	5393.500	5395.000	5380.000	5390.500	112598	454675	500
2026.01.14	11:00:00	5390.500	5446.000	5387.000	5396.000	209250	834796	500
2026.01.14	12:00:00	5396.500	5417.000	5395.500	5413.500	69565	292375	500
2026.01.14	13:00:00	5414.000	5416.000	5399.000	5401.500	42158	169918	500
2026.01.14	14:00:00	5401.000	5412.000	5399.500	5411.500	33846	142961	500
2026.01.14	15:00:00	5411.500	5422.000	5409.000	5416.000	43518	183623	500
2026.01.14	16:00:00	5416.000	5425.500	5409.000	5422.500	42221	182650	500
2026.01.14	17:00:00	5422.000	5423.500	5412.500	5414.000	25955	107887	500
2026.01.14	18:00:00	5414.500	5419.000	5412.500	5419.000	6807	33473	500
2026.01.15	09:00:00	5412.000	5412.000	5401.000	5403.500	75289	273075	500
2026.01.15	10:00:00	5404.000	5423.500	5397.500	5418.000	116859	437034	500
2026.01.15	11:00:00	5418.000	5419.500	5405.000	5409.000	80040	314984	500
2026.01.15	12:00:00	5409.000	5409.500	5388.000	5388.500	78287	337013	500
2026.01.15	13:00:00	5389.000	5393.000	5380.000	5382.000	58342	269488	500
2026.01.15	14:00:00	5381.500	5384.500	5375.000	5383.000	41034	179724	500
2026.01.15	15:00:00	5383.000	5383.500	5372.500	5378.000	42641	175978	500
2026.01.15	16:00:00	5378.500	5389.000	5377.500	5386.000	27566	124256	500
2026.01.15	17:00:00	5386.500	5391.500	5385.000	5389.500	23142	101880	500
2026.01.15	18:00:00	5389.000	5390.500	5384.000	5386.500	7525	38070	500
2026.01.16	09:00:00	5385.500	5397.000	5381.500	5391.500	89186	306164	500
2026.01.16	10:00:00	5392.000	5395.500	5385.000	5395.000	51716	206262	500
2026.01.16	11:00:00	5395.000	5413.000	5394.000	5401.500	61613	278187	500
2026.01.16	12:00:00	5401.500	5411.500	5391.000	5400.000	72827	318934	500
2026.01.16	13:00:00	5400.000	5401.500	5386.000	5390.000	44232	198128	500
2026.01.16	14:00:00	5390.000	5395.000	5387.500	5394.000	27967	135228	500
2026.01.16	15:00:00	5393.500	5395.000	5384.000	5385.500	25149	115275	500
2026.01.16	16:00:00	5386.000	5391.000	5384.500	5390.000	16792	69136	500
2026.01.16	17:00:00	5390.000	5391.500	5387.500	5388.500	13849	57087	500
2026.01.16	18:00:00	5388.500	5390.000	5385.500	5387.000	5329	35144	500
2026.01.19	09:00:00	5397.000	5400.000	5381.500	5386.000	68547	244171	500
2026.01.19	10:00:00	5386.000	5391.500	5375.500	5380.500	67778	239969	500
2026.01.19	11:00:00	5381.000	5388.000	5380.000	5384.000	34598	153095	500
2026.01.19	12:00:00	5383.500	5386.000	5375.500	5376.000	30574	131254	500
2026.01.19	13:00:00	5376.000	5377.500	5362.500	5372.000	55087	256936	500
2026.01.19	14:00:00	5372.500	5379.500	5369.500	5370.500	27099	121169	500
2026.01.19	15:00:00	5370.500	5383.500	5369.000	5381.500	25912	116013	500
2026.01.19	16:00:00	5381.500	5385.000	5378.500	5381.500	14998	65096	500
2026.01.19	17:00:00	5381.500	5385.000	5380.000	5383.500	10456	49058	500
2026.01.19	18:00:00	5383.500	5389.000	5382.500	5387.500	5620	30740	500
2026.01.20	09:00:00	5394.000	5412.500	5387.000	5396.500	138909	562742	500
2026.01.20	10:00:00	5396.500	5424.000	5396.000	5406.000	133802	553211	500
2026.01.20	11:00:00	5405.500	5409.000	5390.000	5391.000	97175	454297	500
2026.01.20	12:00:00	5391.500	5394.500	5373.500	5380.000	80435	360458	500
2026.01.20	13:00:00	5380.500	5382.000	5374.000	5377.000	35371	153962	500
2026.01.20	14:00:00	5377.000	5389.500	5374.500	5386.500	37026	167582	500
2026.01.20	15:00:00	5387.000	5401.500	5385.000	5397.500	50829	232134	500
2026.01.20	16:00:00	5397.500	5398.000	5390.500	5394.000	28785	130107	500
2026.01.20	17:00:00	5394.500	5395.500	5388.000	5389.500	19042	88627	500
2026.01.20	18:00:00	5389.000	5393.000	5388.000	5392.000	5859	33844	500
2026.01.21	09:00:00	5383.500	5385.500	5362.000	5363.500	114718	425001	500
2026.01.21	10:00:00	5363.000	5369.500	5356.500	5360.500	98920	426798	500
2026.01.21	11:00:00	5360.500	5367.500	5335.500	5341.000	124961	531243	500
2026.01.21	12:00:00	5341.500	5351.500	5335.500	5336.000	77397	371036	500
2026.01.21	13:00:00	5336.000	5341.000	5330.000	5335.500	59495	310405	500
2026.01.21	14:00:00	5335.500	5346.000	5334.000	5337.500	43966	192182	500
2026.01.21	15:00:00	5337.500	5341.500	5330.000	5330.500	38133	175152	500
2026.01.21	16:00:00	5331.000	5336.500	5327.500	5331.500	46552	199710	500
2026.01.21	17:00:00	5331.000	5335.500	5326.500	5328.500	21783	91083	500
2026.01.21	18:00:00	5328.500	5334.000	5328.000	5333.000	10423	57447	500
2026.01.22	09:00:00	5327.500	5335.500	5316.000	5325.000	101167	370081	500
2026.01.22	10:00:00	5324.500	5337.000	5324.000	5337.000	84244	345127	500
2026.01.22	11:00:00	5336.500	5337.000	5321.000	5325.000	77743	307570	500
2026.01.22	12:00:00	5325.000	5327.500	5305.000	5305.500	78209	357082	500
2026.01.22	13:00:00	5305.500	5310.500	5300.500	5308.000	53962	273770	500
2026.01.22	14:00:00	5308.000	5312.000	5297.000	5303.500	52436	262004	500
2026.01.22	15:00:00	5303.500	5304.500	5293.000	5293.500	44346	202900	500
2026.01.22	16:00:00	5294.000	5297.000	5292.000	5294.500	23097	98382	500
2026.01.22	17:00:00	5294.000	5300.500	5291.000	5300.500	25210	107171	500
2026.01.22	18:00:00	5300.500	5307.500	5296.500	5298.000	9927	62024	500
2026.01.23	09:00:00	5299.000	5308.000	5296.000	5296.000	83070	312890	500
2026.01.23	10:00:00	5296.000	5308.000	5286.000	5303.500	97637	385802	500
2026.01.23	11:00:00	5304.000	5314.500	5301.000	5308.000	78309	326600	500
2026.01.23	12:00:00	5308.000	5308.000	5292.000	5292.500	68114	309058	500
2026.01.23	13:00:00	5292.500	5307.500	5290.500	5304.500	50188	237249	500
2026.01.23	14:00:00	5305.000	5307.000	5282.500	5301.000	75513	348718	500
2026.01.23	15:00:00	5301.000	5308.000	5293.500	5298.000	50386	218460	500
2026.01.23	16:00:00	5297.500	5299.500	5292.500	5296.000	25935	102776	500
2026.01.23	17:00:00	5295.500	5299.000	5286.000	5296.000	34142	138398	500
2026.01.23	18:00:00	5296.000	5304.000	5293.000	5300.000	9029	46296	500
2026.01.26	09:00:00	5289.000	5298.000	5275.000	5290.000	80579	303548	500
2026.01.26	10:00:00	5290.500	5298.000	5287.000	5290.000	75822	319308	500
2026.01.26	11:00:00	5290.000	5293.000	5275.000	5277.000	94927	394880	500
2026.01.26	12:00:00	5277.000	5285.000	5268.000	5269.500	67396	308850	500
2026.01.26	13:00:00	5269.500	5282.500	5268.500	5281.500	40871	193759	500
2026.01.26	14:00:00	5281.500	5284.000	5274.000	5277.000	29313	119808	500
2026.01.26	15:00:00	5277.500	5284.000	5274.000	5283.500	31348	152277	500
2026.01.26	16:00:00	5284.000	5293.000	5283.500	5287.000	34874	158065	500
2026.01.26	17:00:00	5287.500	5292.500	5282.000	5291.000	24216	113554	500
2026.01.26	18:00:00	5290.500	5294.500	5287.500	5289.500	8966	41890	500
2026.01.27	09:00:00	5282.000	5283.500	5260.000	5262.000	97605	377889	500
2026.01.27	10:00:00	5262.000	5262.000	5250.000	5251.000	85987	419420	500
2026.01.27	11:00:00	5251.500	5257.500	5248.500	5252.000	61713	281151	500
2026.01.27	12:00:00	5252.000	5253.000	5223.000	5223.500	91982	456335	500
2026.01.27	13:00:00	5223.500	5228.000	5212.000	5218.500	75636	373675	500
2026.01.27	14:00:00	5219.000	5227.000	5214.500	5216.500	45565	215174	500
2026.01.27	15:00:00	5216.500	5220.500	5208.500	5210.000	46385	249559	500
2026.01.27	16:00:00	5210.000	5213.500	5202.500	5212.500	51241	277854	500
2026.01.27	17:00:00	5212.500	5213.000	5182.000	5194.000	62779	293132	500
2026.01.27	18:00:00	5194.000	5195.500	5180.000	5183.500	21014	87701	500
2026.01.28	09:00:00	5192.000	5206.500	5180.000	5182.500	125311	480861	500
2026.01.28	10:00:00	5183.000	5190.500	5174.000	5180.000	113385	489847	500
2026.01.28	11:00:00	5179.500	5200.000	5177.000	5192.000	110430	479601	500
2026.01.28	12:00:00	5192.000	5216.000	5184.000	5214.000	131863	608805	500
2026.01.28	13:00:00	5214.500	5220.000	5204.500	5215.000	67752	326584	500
2026.01.28	14:00:00	5214.500	5216.500	5204.500	5213.000	44870	182865	500
2026.01.28	15:00:00	5213.000	5227.000	5209.000	5224.500	55400	235950	500
2026.01.28	16:00:00	5224.500	5228.000	5208.500	5210.500	77116	267935	500
2026.01.28	17:00:00	5210.500	5211.000	5194.500	5200.500	41917	156701	500
2026.01.28	18:00:00	5200.000	5201.500	5195.000	5197.000	8015	52115	500
2026.01.29	09:00:00	5200.000	5206.000	5180.000	5195.000	117279	442233	500
2026.01.29	10:00:00	5194.500	5196.000	5183.000	5186.500	97570	420491	500
2026.01.29	11:00:00	5186.500	5202.000	5167.500	5200.000	131031	525748	500
2026.01.29	12:00:00	5199.500	5252.500	5199.500	5233.500	230793	808046	500
2026.01.29	13:00:00	5233.500	5234.000	5205.500	5217.500	116408	398765	500
2026.01.29	14:00:00	5217.000	5218.000	5199.500	5210.000	72646	260557	500
2026.01.29	15:00:00	5210.500	5212.500	5189.000	5192.500	56343	218140	500
2026.01.29	16:00:00	5192.500	5197.500	5187.000	5196.500	40863	161225	500
2026.01.29	17:00:00	5196.500	5197.500	5190.000	5191.500	22399	106350	500
2026.01.29	18:00:00	5191.500	5198.500	5190.500	5196.000	7575	36709	500
2026.01.30	09:00:00	5239.500	5258.000	5227.000	5251.500	125683	469272	500
2026.01.30	10:00:00	5252.000	5275.500	5247.500	5270.500	128555	545580	500
2026.01.30	11:00:00	5270.500	5271.000	5247.000	5253.500	107974	448162	500
2026.01.30	12:00:00	5253.000	5270.500	5249.000	5269.500	104031	427912	500
2026.01.30	13:00:00	5269.500	5284.000	5264.500	5278.500	82101	365295	500
2026.01.30	14:00:00	5278.500	5297.500	5276.000	5290.500	89795	365660	500
2026.01.30	15:00:00	5290.500	5312.000	5280.500	5285.000	117987	503302	500
2026.01.30	16:00:00	5285.000	5286.000	5273.000	5279.000	62544	237061	500
2026.01.30	17:00:00	5279.500	5298.500	5278.500	5294.500	40919	170348	500
2026.01.30	18:00:00	5294.500	5298.000	5288.500	5290.500	9865	54982	500
2026.02.02	09:00:00	5297.500	5297.500	5266.500	5274.500	126818	504657	500
2026.02.02	10:00:00	5274.000	5295.500	5273.000	5288.500	93440	338684	500
2026.02.02	11:00:00	5288.500	5312.000	5278.000	5289.500	116456	490730	500
2026.02.02	12:00:00	5289.500	5301.000	5284.500	5293.500	83129	343884	500
2026.02.02	13:00:00	5294.000	5296.500	5284.000	5290.500	49183	201562	500
2026.02.02	14:00:00	5291.000	5291.500	5280.500	5289.000	33834	132516	500
2026.02.02	15:00:00	5289.500	5298.500	5289.000	5291.500	39993	165485	500
2026.02.02	16:00:00	5291.500	5295.000	5286.000	5288.500	24950	107106	500
2026.02.02	17:00:00	5288.000	5290.500	5286.500	5288.000	18933	77809	500
2026.02.02	18:00:00	5288.000	5291.500	5286.500	5291.500	6298	33042	500
2026.02.03	09:00:00	5275.500	5278.000	5254.500	5262.000	115212	466500	500
2026.02.03	10:00:00	5262.000	5263.000	5239.500	5243.500	98300	433535	500
2026.02.03	11:00:00	5244.000	5258.500	5235.000	5258.000	92637	438885	500
2026.02.03	12:00:00	5258.500	5267.500	5243.500	5243.500	89899	417626	500
2026.02.03	13:00:00	5244.000	5257.000	5241.500	5253.500	55571	253128	500
2026.02.03	14:00:00	5253.000	5268.000	5251.500	5261.500	57430	262802	500
2026.02.03	15:00:00	5261.000	5271.000	5256.500	5270.000	47985	224294	500
2026.02.03	16:00:00	5270.000	5292.500	5264.000	5276.500	74725	364266	500
2026.02.03	17:00:00	5276.500	5282.500	5266.000	5268.500	30043	137412	500
2026.02.03	18:00:00	5268.000	5271.500	5266.000	5266.500	5323	35437	500
2026.02.04	09:00:00	5268.000	5269.500	5244.000	5245.500	91121	341662	500
2026.02.04	10:00:00	5246.000	5255.000	5241.500	5245.500	83128	325939	500
2026.02.04	11:00:00	5245.000	5273.500	5245.000	5272.500	109072	476815	500
2026.02.04	12:00:00	5272.500	5283.500	5267.500	5276.500	91597	371841	500
2026.02.04	13:00:00	5276.000	5285.500	5273.000	5274.000	56961	234878	500
2026.02.04	14:00:00	5274.000	5288.000	5265.500	5281.000	78534	324095	500
2026.02.04	15:00:00	5281.500	5288.000	5280.000	5283.500	47985	175916	500
2026.02.04	16:00:00	5283.500	5291.500	5272.500	5276.000	50038	204616	500
2026.02.04	17:00:00	5276.000	5279.000	5266.000	5268.000	30497	139400	500
2026.02.04	18:00:00	5268.500	5271.000	5265.000	5268.000	7504	34629	500
2026.02.05	09:00:00	5276.000	5300.000	5266.000	5292.500	124015	503488	500
2026.02.05	10:00:00	5292.500	5293.000	5269.500	5273.500	96170	393061	500
2026.02.05	11:00:00	5274.000	5279.000	5260.500	5270.500	120297	496583	500
2026.02.05	12:00:00	5270.500	5314.000	5267.000	5299.000	136415	612344	500
2026.02.05	13:00:00	5299.500	5311.000	5283.000	5287.000	88338	371192	500
2026.02.05	14:00:00	5287.500	5296.000	5277.000	5280.500	59862	242036	500
2026.02.05	15:00:00	5280.500	5281.000	5272.000	5275.000	42988	161013	500
2026.02.05	16:00:00	5274.500	5281.000	5274.000	5279.000	28234	100760	500
2026.02.05	17:00:00	5278.500	5299.500	5278.500	5297.000	38664	170339	500
2026.02.05	18:00:00	5297.500	5303.500	5295.500	5298.500	10009	64538	500
2026.02.06	09:00:00	5269.000	5273.500	5247.500	5271.500	126177	477730	500
2026.02.06	10:00:00	5271.500	5278.500	5249.000	5249.500	117537	510784	500
2026.02.06	11:00:00	5250.000	5252.500	5233.500	5250.000	111956	508065	500
2026.02.06	12:00:00	5249.500	5257.000	5245.000	5249.500	70661	273941	500
2026.02.06	13:00:00	5249.500	5253.000	5234.500	5242.000	54061	236755	500
2026.02.06	14:00:00	5242.500	5244.000	5228.000	5233.000	41971	191952	500
2026.02.06	15:00:00	5233.000	5255.000	5232.500	5241.500	68310	316954	500
2026.02.06	16:00:00	5241.500	5247.000	5238.500	5242.000	24739	94110	500
2026.02.06	17:00:00	5242.000	5244.000	5238.500	5239.500	17423	82107	500
2026.02.06	18:00:00	5239.500	5247.500	5235.000	5240.500	7514	46578	500
2026.02.09	09:00:00	5230.000	5233.500	5217.000	5226.000	113652	420312	500
2026.02.09	10:00:00	5226.000	5232.500	5210.500	5230.500	115330	472143	500
2026.02.09	11:00:00	5231.000	5232.000	5206.500	5209.500	95745	395386	500
2026.02.09	12:00:00	5210.000	5210.500	5197.000	5197.500	65378	291459	500
2026.02.09	13:00:00	5197.500	5215.500	5195.000	5212.500	58260	270836	500
2026.02.09	14:00:00	5212.000	5215.500	5204.000	5211.500	35969	166092	500
2026.02.09	15:00:00	5212.000	5226.500	5207.500	5212.500	56663	252122	500
2026.02.09	16:00:00	5212.500	5215.500	5205.500	5208.500	26865	116429	500
2026.02.09	17:00:00	5208.500	5214.500	5207.500	5213.000	20053	95438	500
2026.02.09	18:00:00	5213.000	5219.000	5212.000	5216.500	6360	34269	500
2026.02.10	09:00:00	5214.000	5226.500	5208.000	5223.500	106732	388036	500
2026.02.10	10:00:00	5223.000	5228.500	5218.000	5218.500	78510	306874	500
2026.02.10	11:00:00	5219.000	5224.000	5202.000	5216.000	117018	490814	500
2026.02.10	12:00:00	5215.500	5231.500	5215.500	5224.500	72447	313952	500
2026.02.10	13:00:00	5224.000	5225.500	5213.500	5218.500	49642	236934	500
2026.02.10	14:00:00	5218.000	5224.500	5216.500	5223.000	28338	146433	500
2026.02.10	15:00:00	5223.000	5227.000	5219.500	5221.500	31066	136442	500
2026.02.10	16:00:00	5222.000	5224.500	5214.000	5215.500	26616	109852	500
2026.02.10	17:00:00	5215.500	5216.500	5213.000	5215.500	20657	90394	500
2026.02.10	18:00:00	5215.500	5216.500	5210.000	5210.000	7439	43900	500
2026.02.11	09:00:00	5204.500	5207.500	5190.500	5198.500	96935	377170	500
2026.02.11	10:00:00	5199.000	5220.500	5195.000	5199.500	132685	557067	500
2026.02.11	11:00:00	5199.500	5203.000	5185.000	5200.000	114750	512020	500
2026.02.11	12:00:00	5200.500	5212.000	5192.500	5204.000	81232	365119	500
2026.02.11	13:00:00	5204.000	5204.500	5191.500	5192.500	48221	209550	500
2026.02.11	14:00:00	5192.500	5197.500	5190.000	5195.000	36244	168773	500
2026.02.11	15:00:00	5194.500	5202.500	5193.000	5201.500	36680	164672	500
2026.02.11	16:00:00	5202.000	5205.500	5198.000	5203.000	27537	134748	500
2026.02.11	17:00:00	5203.000	5205.000	5198.000	5200.500	16628	87642	500
2026.02.11	18:00:00	5200.500	5202.500	5195.500	5198.500	6407	38721	500
2026.02.12	09:00:00	5194.000	5201.500	5185.500	5193.000	82823	331173	500
2026.02.12	10:00:00	5193.500	5196.000	5178.500	5179.500	84939	379674	500
2026.02.12	11:00:00	5180.000	5183.500	5172.500	5177.500	80637	395164	500
2026.02.12	12:00:00	5178.000	5189.500	5171.000	5188.000	73949	387065	500
2026.02.12	13:00:00	5188.000	5219.500	5182.500	5213.000	130023	612243	500
2026.02.12	14:00:00	5213.000	5222.000	5208.500	5213.500	70448	288616	500
2026.02.12	15:00:00	5213.500	5227.000	5211.000	5223.000	71789	342793	500
2026.02.12	16:00:00	5222.500	5225.500	5213.000	5216.000	42663	198823	500
2026.02.12	17:00:00	5215.500	5236.000	5215.500	5228.500	35161	169120	500
2026.02.12	18:00:00	5229.000	5235.500	5226.000	5229.000	9036	61869	500
2026.02.13	09:00:00	5234.000	5245.500	5226.000	5227.500	111339	479245	500
2026.02.13	10:00:00	5227.500	5241.500	5217.500	5234.000	106041	476094	500
2026.02.13	11:00:00	5234.500	5264.000	5225.000	5254.000	136234	641296	500
2026.02.13	12:00:00	5254.500	5264.500	5241.500	5250.500	101360	468478	500
2026.02.13	13:00:00	5250.500	5254.000	5240.000	5245.000	52774	226162	500
2026.02.13	14:00:00	5245.000	5247.000	5232.500	5236.000	39953	185489	500
2026.02.13	15:00:00	5235.500	5245.500	5233.000	5240.500	35916	156858	500
2026.02.13	16:00:00	5240.500	5245.500	5236.500	5244.500	30285	138091	500
2026.02.13	17:00:00	5245.000	5245.500	5236.000	5237.500	23531	114658	500
2026.02.13	18:00:00	5237.500	5237.500	5231.000	5231.000	6260	36414	500
2026.02.18	13:00:00	5218.000	5230.000	5205.500	5228.500	110028	594975	500
2026.02.18	14:00:00	5228.500	5248.500	5225.000	5239.500	68629	335382	500
2026.02.18	15:00:00	5239.500	5262.500	5239.500	5254.000	69988	352276	500
2026.02.18	16:00:00	5254.500	5261.500	5252.500	5255.500	39429	182206	500
2026.02.18	17:00:00	5256.000	5256.000	5247.500	5248.500	29776	146614	500
2026.02.18	18:00:00	5248.500	5254.000	5248.000	5249.500	6623	48893	500
2026.02.19	09:00:00	5260.000	5266.500	5237.000	5244.000	110930	507169	500
2026.02.19	10:00:00	5244.000	5253.500	5227.000	5230.000	111887	566677	500
2026.02.19	11:00:00	5229.500	5245.500	5228.000	5243.500	103941	494391	500
2026.02.19	12:00:00	5243.500	5246.000	5227.000	5228.500	91264	472386	500
2026.02.19	13:00:00	5228.500	5239.000	5227.500	5237.000	45447	258454	500
2026.02.19	14:00:00	5237.500	5244.500	5233.500	5243.000	39834	188509	500
2026.02.19	15:00:00	5242.500	5244.500	5236.500	5238.000	33157	159710	500
2026.02.19	16:00:00	5238.000	5245.000	5236.000	5240.500	35609	185522	500
2026.02.19	17:00:00	5240.500	5241.000	5225.000	5226.500	31018	160720	500
2026.02.19	18:00:00	5227.000	5227.500	5221.500	5223.000	7797	58154	500
2026.02.20	09:00:00	5222.500	5233.500	5215.000	5228.500	84596	345682	500
2026.02.20	10:00:00	5228.500	5232.500	5212.000	5213.000	99750	433116	500
2026.02.20	11:00:00	5213.000	5217.500	5200.000	5207.000	86066	418239	500
2026.02.20	12:00:00	5207.500	5210.000	5191.500	5195.500	146439	640018	500
2026.02.20	13:00:00	5196.000	5197.500	5187.000	5196.500	59568	242428	500
2026.02.20	14:00:00	5196.000	5207.500	5194.000	5201.000	58753	248105	500
2026.02.20	15:00:00	5200.500	5203.500	5183.000	5187.500	80769	327399	500
2026.02.20	16:00:00	5187.000	5190.000	5183.500	5185.500	30238	119684	500
2026.02.20	17:00:00	5185.500	5186.000	5181.500	5184.500	28087	123214	500
2026.02.20	18:00:00	5185.000	5186.500	5179.500	5186.000	10658	59811	500
2026.02.23	09:00:00	5192.000	5198.000	5184.500	5190.000	81175	329873	500
2026.02.23	10:00:00	5189.500	5197.000	5169.500	5175.500	101686	412357	500
2026.02.23	11:00:00	5175.500	5176.000	5145.500	5150.000	116098	613886	500
2026.02.23	12:00:00	5149.500	5163.000	5147.000	5161.500	81144	378551	500
2026.02.23	13:00:00	5161.500	5173.000	5153.000	5161.500	80220	443847	500
2026.02.23	14:00:00	5162.000	5176.000	5159.000	5168.500	57620	262924	500
2026.02.23	15:00:00	5169.000	5175.500	5166.500	5173.500	40669	179208	500
2026.02.23	16:00:00	5174.000	5179.500	5172.500	5176.000	28085	117604	500
2026.02.23	17:00:00	5176.000	5176.500	5171.500	5172.500	21524	91745	500
2026.02.23	18:00:00	5173.000	5181.000	5171.000	5179.500	8682	57053	500
2026.02.24	09:00:00	5179.000	5190.500	5170.500	5179.000	90851	357742	500
2026.02.24	10:00:00	5178.500	5190.000	5177.500	5184.500	77336	309559	500
2026.02.24	11:00:00	5184.000	5185.500	5173.000	5176.500	89250	429920	500
2026.02.24	12:00:00	5177.000	5178.500	5156.000	5158.500	88688	409949	500
2026.02.24	13:00:00	5158.500	5161.500	5148.000	5153.500	66487	323287	500
2026.02.24	14:00:00	5153.000	5157.000	5151.500	5154.000	29057	132872	500
2026.02.24	15:00:00	5154.500	5156.000	5151.000	5155.000	25693	123416	500
2026.02.24	16:00:00	5155.000	5161.500	5154.500	5160.000	31837	151972	500
2026.02.24	17:00:00	5160.000	5167.500	5158.000	5161.000	33858	162604	500
2026.02.24	18:00:00	5161.000	5167.000	5158.500	5161.000	8435	56711	500
2026.02.25	09:00:00	5144.000	5146.500	5121.000	5128.000	122134	574217	500
2026.02.25	10:00:00	5127.500	5152.500	5126.500	5152.000	93320	373193	500
2026.02.25	11:00:00	5152.000	5159.500	5142.000	5156.500	97712	411915	500
2026.02.25	12:00:00	5156.000	5172.500	5149.500	5150.000	104271	498861	500
2026.02.25	13:00:00	5150.000	5151.000	5139.500	5141.000	55020	260514	500
2026.02.25	14:00:00	5141.500	5142.000	5128.500	5134.500	48980	232727	500
2026.02.25	15:00:00	5134.500	5137.000	5131.000	5131.500	31547	128594	500
2026.02.25	16:00:00	5132.000	5133.000	5126.000	5128.000	26536	112821	500
2026.02.25	17:00:00	5128.000	5129.500	5123.500	5128.500	22697	101643	500
2026.02.25	18:00:00	5128.500	5129.000	5124.500	5128.000	9457	56236	500
2026.02.26	09:00:00	5133.000	5144.500	5129.000	5130.500	82449	323064	500
2026.02.26	10:00:00	5130.500	5138.000	5123.000	5135.000	87120	342466	500
2026.02.26	11:00:00	5135.500	5155.000	5134.500	5147.000	111027	457322	500
2026.02.26	12:00:00	5147.500	5163.000	5141.000	5144.500	121394	553582	500
2026.02.26	13:00:00	5145.000	5158.500	5142.500	5155.000	61428	253072	500
2026.02.26	14:00:00	5155.500	5168.500	5154.000	5162.000	52488	216401	500
2026.02.26	15:00:00	5161.500	5161.500	5141.000	5142.500	57135	221558	500
2026.02.26	16:00:00	5142.500	5147.000	5141.000	5141.000	32908	124651	500
2026.02.26	17:00:00	5141.500	5142.000	5136.000	5140.000	21223	99686	500
2026.02.26	18:00:00	5140.500	5144.000	5137.000	5139.000	5851	36809	500
2026.02.27	09:00:00	5180.500	5199.500	5176.000	5191.500	32148	411321	0
2026.02.27	10:00:00	5191.000	5212.000	5184.500	5206.000	27631	490569	0
2026.02.27	11:00:00	5206.000	5206.500	5185.500	5198.000	24126	477846	0
2026.02.27	12:00:00	5198.000	5199.500	5166.000	5169.500	24121	478298	0
2026.02.27	13:00:00	5169.500	5179.500	5164.000	5179.000	14434	316901	0
2026.02.27	14:00:00	5178.500	5183.500	5175.000	5178.500	9645	184381	0
2026.02.27	15:00:00	5178.500	5186.000	5176.000	5178.000	9237	157397	0
2026.02.27	16:00:00	5177.500	5180.500	5175.000	5175.500	6250	142330	0
2026.02.27	17:00:00	5175.500	5176.000	5157.000	5168.500	8563	183484	0
2026.02.27	18:00:00	5168.500	5174.500	5168.000	5170.500	2820	51583	0
