;range_dia_anterior;posicao_range_d1;distancia_mm20;mes_sin;mes_cos;dia_mes_sin;dia_mes_cos;dia_semana_sin;dia_semana_cos;Abertura_c1;Abertura_c2;Abertura_c3;Abertura_c4;Abertura_c5;Abertura_c6;Abertura_c7;Maxima_c1;Maxima_c2;Maxima_c3;Maxima_c4;Maxima_c5;Maxima_c6;Maxima_c7;Minima_c1;Minima_c2;Minima_c3;Minima_c4;Minima_c5;Minima_c6;Minima_c7;Fechamento_c1;Fechamento_c2;Fechamento_c3;Fechamento_c4;Fechamento_c5;Fechamento_c6;Fechamento_c7;Volume_Real_c1;Volume_Real_c2;Volume_Real_c3;Volume_Real_c4;Volume_Real_c5;Volume_Real_c6;Volume_Real_c7;Volume_Tick_c1;Volume_Tick_c2;Volume_Tick_c3;Volume_Tick_c4;Volume_Tick_c5;Volume_Tick_c6;Volume_Tick_c7;Abertura_dolar_c1;Abertura_dolar_c2;Abertura_dolar_c3;Abertura_dolar_c4;Abertura_dolar_c5;Abertura_dolar_c6;Abertura_dolar_c7;Maxima_dolar_c1;Maxima_dolar_c2;Maxima_dolar_c3;Maxima_dolar_c4;Maxima_dolar_c5;Maxima_dolar_c6;Maxima_dolar_c7;Minima_dolar_c1;Minima_dolar_c2;Minima_dolar_c3;Minima_dolar_c4;Minima_dolar_c5;Minima_dolar_c6;Minima_dolar_c7;Fechamento_dolar_c1;Fechamento_dolar_c2;Fechamento_dolar_c3;Fechamento_dolar_c4;Fechamento_dolar_c5;Fechamento_dolar_c6;Fechamento_dolar_c7;Volume_Real_dolar_c1;Volume_Real_dolar_c2;Volume_Real_dolar_c3;Volume_Real_dolar_c4;Volume_Real_dolar_c5;Volume_Real_dolar_c6;Volume_Real_dolar_c7;Volume_Tick_dolar_c1;Volume_Tick_dolar_c2;Volume_Tick_dolar_c3;Volume_Tick_dolar_c4;Volume_Tick_dolar_c5;Volume_Tick_dolar_c6;Volume_Tick_dolar_c7;label_binario
2021-03-29;0.020881874532905437;0.48210526315789476;0.006984135374612635;1.0;6.123233995736766e-17;-0.3943558551133187;0.9189578116202306;0.0;1.0;114300;114080;115025;114370;114875;115195;115120;114710;115220;115430;115085;115330;115665;115415;113770;114020;114250;114095;114675;114935;114540;114075;115025;114370;114875;115195;115125;114795;1767904;3172236;2868512;2334019;1739595;1916544;2063918;595394;931230;800114;647005;469399;535383;544722;5767.0;5788.5;5787.0;5804.0;5781.0;5750.5;5753.0;5796.5;5803.0;5806.5;5806.5;5784.0;5761.0;5792.0;5759.0;5782.0;5780.0;5775.0;5737.5;5737.0;5752.5;5788.0;5786.5;5804.0;5781.5;5751.0;5753.0;5785.0;506009;429033;404054;309723;372058;227976;320432;174524;153933;136710;103219;119039;77194;102384;1
2021-03-30;0.017716535433070866;0.8049382716049382;0.014378418527788827;1.0;6.123233995736766e-17;-0.20129852008866114;0.9795299412524943;0.7818314824680298;0.6234898018587336;115400;114865;116080;116355;116855;116650;116690;115645;116265;116520;117190;116975;116870;116965;114665;114730;115990;116345;116550;116425;116520;114870;116080;116350;116850;116655;116695;116880;1820244;3381282;2452692;2162983;1615385;2020652;1811269;606160;988893;673160;585523;420858;508896;436390;5784.0;5776.0;5769.0;5763.0;5745.0;5748.0;5741.5;5793.0;5783.5;5804.0;5768.0;5755.0;5759.0;5755.5;5757.0;5759.0;5751.0;5735.0;5743.0;5738.0;5722.0;5776.0;5768.5;5763.5;5745.0;5747.5;5741.5;5751.5;562651;447827;537956;450609;181711;214384;359642;217549;159800;173282;134711;56095;72202;108807;1
2021-03-31;0.021880415944540727;0.8752475247524752;0.025088914129343196;1.0;6.123233995736766e-17;-2.4492935982947064e-16;1.0;0.9749279121818236;-0.22252093395631434;116875;116730;116685;117200;116460;116265;116105;117065;117115;117350;117245;116660;116390;116735;116615;116430;116530;116360;115915;115945;116000;116735;116690;117200;116460;116265;116105;116495;1342465;2954537;2515571;2206575;1799696;1706101;1852591;468106;832585;678632;601470;471930;447241;475716;5773.0;5763.5;5742.5;5645.5;5668.0;5690.5;5684.0;5778.0;5776.5;5745.5;5676.5;5706.0;5693.5;5686.5;5736.0;5741.0;5643.0;5645.0;5659.5;5667.0;5632.5;5764.0;5742.5;5645.0;5668.0;5690.5;5684.0;5651.0;500323;362412;776539;421127;370970;285671;371545;193007;126012;229657;122965;110792;90145;116731;1
2021-04-01;0.01227807486631016;0.8501742160278746;0.024989225953092973;0.8660254037844387;-0.4999999999999998;0.20791169081775931;0.9781476007338057;0.43388373911755823;-0.900968867902419;117135;116970;116265;115945;115905;115645;115630;117515;117095;116390;116020;116030;115825;115890;116530;116130;115340;115380;115275;115230;115505;116970;116260;115940;115900;115645;115625;115660;1770418;2909174;2936689;1949431;1730757;1739989;1463695;547241;818412;774593;522988;457594;460700;379835;5635.0;5680.5;5706.5;5690.5;5698.0;5705.5;5709.5;5692.5;5716.5;5709.5;5703.5;5713.0;5726.0;5719.0;5616.5;5670.0;5684.5;5685.0;5694.5;5705.5;5701.0;5680.0;5707.0;5690.5;5698.0;5706.0;5709.0;5716.5;638945;483433;353605;247294;240751;237951;190817;229959;169175;119284;79773;78894;78271;60964;0
2021-04-05;0.024202842873607376;0.32098765432098764;0.010899152773981962;0.8660254037844387;-0.4999999999999998;0.8660254037844386;0.5000000000000001;0.0;1.0;115590;116225;116790;117095;117225;116850;117105;116390;116970;117260;117240;117260;117260;117675;115580;116175;116750;116950;116520;116700;116965;116225;116790;117090;117225;116850;117100;117400;1590679;2673729;2600011;1419000;2207322;2030351;2165345;500039;685506;627370;355202;525642;491412;498560;5678.5;5685.0;5661.0;5661.0;5667.0;5674.5;5670.0;5692.5;5689.0;5673.0;5668.0;5675.5;5685.0;5687.5;5663.5;5645.0;5642.0;5650.0;5657.0;5667.5;5670.0;5685.0;5661.0;5660.5;5667.0;5675.0;5670.0;5678.5;446336;489883;378396;237225;204464;304538;257445;186579;175729;131082;77493;68924;94714;81249;1
2021-04-06;0.019465351674020245;0.76;0.024809852294223268;0.8660254037844387;-0.4999999999999998;0.9510565162951535;0.30901699437494745;0.7818314824680298;0.6234898018587336;117290;117575;117620;118075;117670;117755;117680;117585;117870;118215;118135;118260;117795;118130;117100;117270;117180;117565;117620;117365;117600;117575;117615;118075;117675;117760;117680;117720;1753122;3287807;3194722;1743887;1802212;1966127;1744695;551200;907250;802987;444392;449948;509262;428474;5675.0;5656.0;5645.5;5622.5;5623.5;5619.0;5617.0;5678.5;5664.0;5651.5;5629.5;5623.5;5636.5;5617.5;5641.5;5644.5;5618.0;5617.0;5604.0;5614.0;5583.0;5656.0;5646.0;5622.5;5623.0;5619.5;5616.5;5609.5;579331;404229;477810;205627;274432;315468;369220;224114;144047;161258;64167;82192;102575;98505;0
2021-04-07;0.009890016199164464;0.4482758620689655;0.023759631474385336;0.8660254037844387;-0.4999999999999998;0.9945218953682733;0.10452846326765346;0.9749279121818236;-0.22252093395631434;117620;117275;117945;117585;116930;117980;118125;117765;118150;118085;117720;118090;118500;118355;117205;117070;117510;116680;116830;117870;117510;117275;117945;117590;116935;117975;118125;117550;1824740;3149656;2293049;2516517;1973339;1712846;2174709;576577;871885;595601;660459;499790;421895;528417;5597.0;5604.5;5588.0;5566.0;5615.5;5619.5;5602.5;5614.0;5608.5;5593.0;5626.5;5641.5;5626.0;5648.0;5580.5;5574.0;5556.5;5563.5;5610.5;5601.0;5595.0;5605.0;5587.5;5565.5;5615.0;5619.5;5603.0;5642.0;649886;528672;468811;464769;346215;238308;358868;239361;194443;159939;148473;112583;77893;113870;1
2021-04-08;0.015473558918551266;0.8598901098901099;0.02614279825570043;0.8660254037844387;-0.4999999999999998;0.9945218953682734;-0.10452846326765333;0.43388373911755823;-0.900968867902419;118245;117890;117920;117625;118435;118380;118090;118420;118040;117945;118610;119020;118425;118550;117735;117565;117460;117410;118300;118035;117965;117890;117915;117625;118435;118385;118095;118310;1428017;2654529;2085739;1955502;1613566;1679168;2296587;468778;763430;561918;545163;445240;418622;534677;5615.0;5603.0;5589.5;5591.5;5582.5;5549.5;5561.0;5621.5;5608.0;5625.0;5612.0;5590.0;5566.5;5587.0;5592.0;5578.5;5585.5;5572.5;5548.0;5546.0;5553.0;5602.5;5589.0;5591.5;5582.5;5549.5;5560.5;5576.5;560385;505404;502354;322061;379006;267332;314330;219421;185618;169277;110654;123680;85364;103717;1
2021-04-09;0.013615797708148336;0.391304347826087;0.022033373666882405;0.8660254037844387;-0.4999999999999998;0.9510565162951536;-0.30901699437494734;-0.433883739117558;-0.9009688679024191;118040;117690;117790;118175;118590;118515;117775;118125;117930;118275;118695;118590;118525;118230;117450;117205;117675;117855;118150;117730;117445;117690;117795;118175;118590;118515;117775;117815;1435508;2711656;2484255;1931937;1328873;1464397;2148737;476364;777242;682206;518178;357346;382812;551457;5605.0;5635.5;5644.0;5650.0;5661.0;5664.5;5683.0;5650.5;5653.5;5657.0;5680.5;5674.0;5685.0;5689.5;5600.0;5627.0;5640.0;5646.5;5655.0;5662.0;5673.0;5635.5;5644.0;5650.0;5661.0;5664.5;5682.5;5684.0;547110;476085;418916;416420;236319;194620;264540;200733;168019;135016;127845;74236;63703;83521;1
2021-04-12;0.012622839715350729;0.18120805369127516;0.015740848821273707;0.8660254037844387;-0.4999999999999998;0.5877852522924732;-0.8090169943749473;0.0;1.0;117475;118025;118285;118455;118410;118450;118770;118135;118540;118565;118680;118620;118790;118840;117430;117855;118235;118245;118275;118370;118255;118020;118290;118455;118415;118450;118770;118605;1237723;2787081;1818568;1684157;1332674;1446036;1937688;386638;774296;478437;439842;352037;372611;487502;5684.0;5643.0;5645.5;5668.5;5705.5;5693.0;5705.0;5684.0;5653.0;5670.0;5709.5;5714.0;5710.0;5749.0;5637.5;5639.5;5640.0;5665.5;5688.0;5688.5;5696.0;5643.0;5646.0;5668.5;5705.5;5693.0;5705.0;5735.5;556901;405070;387712;481333;220178;208835;388840;202936;131456;129002;151254;72673;70431;116684;1
2021-04-13;0.012938923175143648;0.4769736842105263;0.019608181545570848;0.8660254037844387;-0.4999999999999998;0.40673664307580004;-0.913545457642601;0.7818314824680298;0.6234898018587336;118155;118570;118285;118525;119305;119445;119435;118660;118730;118875;119345;119475;119565;119465;117880;117950;118050;118450;119260;119350;119105;118570;118285;118530;119300;119440;119435;119210;1705559;3186069;2678068;1907137;1138448;1225912;1581202;528100;852218;699987;495233;285946;308810;387487;5740.5;5709.0;5717.5;5722.5;5698.5;5700.5;5684.0;5763.0;5749.0;5747.0;5730.0;5720.0;5702.0;5707.0;5696.0;5701.0;5709.0;5693.0;5695.0;5669.0;5679.0;5709.0;5717.5;5722.5;5698.0;5700.5;5683.5;5700.0;783343;575386;447414;363030;304285;448871;374845;290064;205238;145659;117947;93070;131227;98246;0
2021-04-14;0.014260928441454022;0.9554896142433235;0.029347472611250976;0.8660254037844387;-0.4999999999999998;0.20791169081775931;-0.9781476007338057;0.9749279121818236;-0.22252093395631434;119490;119700;120595;120925;120885;121300;120960;120020;120675;120950;120960;121370;121345;120985;119490;119625;120540;120775;120755;120855;120545;119705;120595;120925;120890;121300;120955;120645;1230564;2571533;1395736;841828;1283700;1394217;1729597;377743;676297;344875;205535;304245;317414;399555;5708.0;5725.0;5685.5;5689.5;5687.5;5684.5;5695.5;5734.0;5741.5;5694.0;5701.0;5692.0;5699.0;5702.5;5689.0;5682.5;5676.0;5682.0;5670.0;5681.0;5680.0;5725.0;5685.5;5689.0;5687.5;5684.0;5695.5;5701.0;701898;616209;398427;376344;335554;322203;367610;270129;211869;134073;113418;102804;92330;101360;1
2021-04-15;0.015733534186961252;0.8031914893617021;0.039407280146032425;0.8660254037844387;-0.4999999999999998;5.66553889764798e-16;-1.0;0.43388373911755823;-0.900968867902419;121000;121160;121605;120970;121190;121140;121160;121250;121880;121645;121260;121560;121300;121200;120760;121040;120700;120905;121110;120840;120540;121165;121610;120975;121185;121145;121160;121065;1603553;2790960;2670303;2025816;1717312;2200206;1988910;495405;736877;645127;479404;416922;518620;492993;5659.0;5614.5;5635.5;5632.5;5619.0;5624.0;5616.5;5668.5;5638.5;5651.5;5636.0;5630.0;5636.0;5635.5;5601.5;5604.5;5627.0;5612.5;5608.5;5612.5;5612.5;5614.5;5635.5;5632.0;5619.0;5624.0;5616.0;5621.5;719100;574104;468941;323160;266061;272365;274760;274566;180137;152414;102232;78628;85747;85925;1
2021-04-16;0.011074380165289256;0.4925373134328358;0.039054563224155445;0.8660254037844387;-0.4999999999999998;-0.20791169081775907;-0.9781476007338057;-0.433883739117558;-0.9009688679024191;121200;120975;120710;121125;121370;121365;121670;121410;121470;121370;121570;121665;121750;121860;120880;120655;120620;121100;121195;121290;121480;120970;120710;121130;121370;121370;121665;121550;1493129;3303643;2345004;1965725;1694594;1571739;1650293;467875;844957;585700;466023;388112;349681;362930;5620.0;5664.0;5675.0;5627.5;5616.0;5593.5;5584.0;5674.5;5682.0;5675.0;5631.5;5616.0;5607.0;5592.5;5619.0;5658.0;5620.0;5596.0;5580.5;5571.0;5580.0;5664.0;5675.0;5627.5;5615.5;5593.5;5584.0;5583.5;578705;439701;619797;462430;377804;335171;209812;209933;151568;197746;139010;107444;98986;61982;0
2021-04-19;0.01023102310231023;0.7096774193548387;0.038812248579648684;0.8660254037844387;-0.4999999999999998;-0.743144825477394;-0.6691306063588585;0.0;1.0;121500;121535;121440;121625;122170;121790;121920;121925;121710;122065;122475;122360;122110;122360;121465;121220;121090;121525;121625;121765;121730;121530;121440;121625;122170;121795;121925;121880;1279774;2801066;2990987;2279203;1557122;1313372;1648568;392388;777288;725175;549446;400190;346559;418421;5575.5;5587.0;5599.5;5553.5;5572.0;5570.5;5569.0;5603.0;5626.0;5614.0;5573.0;5579.0;5575.0;5571.0;5561.5;5582.0;5545.0;5546.0;5557.5;5551.0;5531.5;5587.0;5600.0;5553.5;5572.0;5571.0;5569.0;5557.5;659950;620069;655076;314419;255111;318967;436738;246474;221834;217683;101000;83554;99131;128015;0
2021-04-20;0.011728395061728396;-0.10526315789473684;0.03126859258279897;0.8660254037844387;-0.4999999999999998;-0.8660254037844384;-0.5000000000000004;0.7818314824680298;0.6234898018587336;120900;121040;120925;121010;120845;120470;120700;121200;121765;121490;121150;120930;120770;120850;120795;120735;120780;120410;120315;120260;120325;121040;120925;121005;120850;120470;120700;120405;1255617;3678234;2714869;2343199;1445561;1553864;1532555;388355;928237;670359;566842;353323;378469;376243;5571.0;5547.5;5534.5;5515.0;5522.0;5533.5;5532.5;5592.0;5552.0;5538.0;5535.5;5534.5;5538.0;5568.5;5542.5;5524.5;5506.5;5511.0;5517.0;5521.0;5531.0;5547.5;5534.5;5515.0;5522.0;5533.5;5533.0;5563.0;720080;593012;579623;363865;242066;257500;426074;271544;203895;190623;115813;75975;84567;132860;1
2021-04-22;0.01248966087675765;0.3443708609271523;0.028075768183917243;0.8660254037844387;-0.4999999999999998;-0.9945218953682733;-0.10452846326765423;0.43388373911755823;-0.900968867902419;120775;121160;120280;120610;120630;120665;120055;121175;121460;121335;120850;121020;120780;120420;120465;120225;120010;120415;120525;119625;119740;121155;120275;120610;120630;120665;120055;120040;1467502;3284873;3125405;1791550;1611035;2908874;1727440;473341;889717;776795;444266;414769;729228;433448;5558.0;5492.5;5501.0;5501.5;5502.0;5495.5;5466.5;5563.5;5508.0;5507.0;5517.0;5505.0;5505.5;5482.5;5484.5;5487.0;5482.0;5493.5;5490.0;5461.5;5464.0;5492.0;5500.5;5501.5;5502.0;5495.5;5466.0;5469.5;876213;535989;518203;439317;258724;572104;312576;302529;178517;160449;138895;78857;176233;98846;0
2021-04-23;0.015276340302214862;0.5880758807588076;0.02436147144815178;0.8660254037844387;-0.4999999999999998;-0.9945218953682734;0.10452846326765299;-0.433883739117558;-0.9009688679024191;120700;120575;120910;120515;120525;120830;120665;120865;121310;121085;120870;120930;120995;120980;120420;120400;120405;120300;120510;120640;120550;120575;120910;120510;120520;120835;120665;120925;1445602;3265720;2749820;1776219;1140663;1117524;1114660;498877;943791;737595;491179;326831;315362;306557;5432.0;5453.5;5466.5;5489.0;5503.5;5502.5;5502.0;5460.5;5474.0;5492.5;5526.0;5512.0;5505.5;5507.5;5427.0;5449.0;5465.5;5484.0;5499.0;5480.0;5490.0;5453.5;5466.5;5489.5;5503.5;5502.5;5502.5;5496.0;659277;565081;515487;522692;217660;315610;231371;246912;201155;169651;149933;70212;104577;75643;1
2021-04-26;0.008367854183927092;1.1485148514851484;0.02670090130070477;0.8660254037844387;-0.4999999999999998;-0.743144825477394;0.6691306063588585;0.0;1.0;121460;121475;121420;121300;120915;120900;120820;121595;121750;121440;121435;121095;120965;120960;121180;121090;121025;120730;120810;120585;120685;121470;121415;121295;120915;120900;120820;120915;1389369;3068412;2304897;1812476;1017351;1297756;1134119;470014;901353;597985;487177;280856;358231;304785;5458.0;5465.0;5468.0;5456.5;5454.5;5452.0;5448.5;5469.0;5492.0;5470.5;5461.0;5457.0;5458.0;5469.0;5444.5;5459.0;5440.5;5450.0;5447.5;5443.0;5444.0;5464.5;5468.0;5456.5;5454.0;5451.5;5448.5;5455.5;536891;587917;565326;233847;147579;284753;321400;212123;204024;182022;74305;47063;86459;96623;1
2021-04-27;0.013214226905977277;0.719626168224299;0.021990058134636448;0.8660254037844387;-0.4999999999999998;-0.5877852522924734;0.8090169943749473;0.7818314824680298;0.6234898018587336;121300;121115;121365;120710;120530;120200;119785;121425;121435;121540;120715;120625;120340;119800;120980;120710;120535;120320;120100;119660;119355;121115;121370;120710;120530;120195;119790;119575;1067726;3336104;2740852;1845466;1463821;2047487;1793796;343301;857765;646846;459866;326998;514838;423718;5441.0;5447.0;5447.0;5440.0;5436.0;5437.0;5428.5;5451.5;5467.0;5457.0;5446.0;5439.5;5439.5;5469.0;5417.5;5436.5;5434.0;5420.0;5423.5;5412.0;5428.0;5447.0;5447.0;5440.0;5436.5;5436.5;5428.0;5468.5;697721;613824;428954;323587;296120;338114;450887;261635;219552;143494;100393;85998;103707;138431;1
2021-04-28;0.019620774938169827;0.18907563025210083;0.00580010553290966;0.8660254037844387;-0.4999999999999998;-0.40673664307580015;0.913545457642601;0.9749279121818236;-0.22252093395631434;119610;120320;120665;120845;121070;121095;121215;120335;120735;120895;121190;121270;121425;121620;119525;120285;120555;120780;121010;120935;121080;120315;120660;120845;121070;121095;121205;121545;1747231;2107865;2108655;1704361;1040661;1453049;1872510;537237;554141;518995;442482;253247;382300;446738;5453.0;5418.5;5406.5;5407.0;5400.0;5404.5;5391.0;5458.0;5419.0;5410.5;5421.5;5412.5;5407.5;5403.0;5414.5;5403.0;5387.0;5394.0;5394.0;5382.5;5357.5;5418.5;5406.5;5407.5;5400.0;5404.0;5391.5;5364.5;647823;554383;651150;487640;316263;284145;566085;242178;171856;190264;130944;83370;83936;175445;0
2021-04-29;0.020608644762143632;0.8843813387423936;0.020691853041507408;0.8660254037844387;-0.4999999999999998;-0.20791169081775898;0.9781476007338057;0.43388373911755823;-0.900968867902419;121705;121665;121180;120690;120160;120565;120690;122050;121895;121185;120695;120580;120690;120770;121620;121165;120570;120125;120080;120240;120525;121665;121185;120690;120160;120570;120690;120670;1506404;3003581;2974705;1880961;1795952;1739488;1425263;490914;785154;689705;430953;412235;418880;324873;5350.5;5355.0;5369.5;5354.5;5364.0;5359.0;5370.5;5377.0;5380.0;5380.0;5373.0;5376.0;5373.5;5376.0;5344.5;5350.0;5348.5;5353.5;5357.5;5356.5;5348.5;5355.0;5370.0;5354.0;5364.0;5359.0;5370.5;5351.0;661231;581501;498853;343702;290139;219472;251523;236456;186077;155440;100598;87850;66600;74869;0
2021-04-30;0.016186680908754775;-0.02284263959390863;0.005303523608322323;0.8660254037844387;-0.4999999999999998;-1.133107779529596e-15;1.0;-0.433883739117558;-0.9009688679024191;120035;119675;120280;119720;119910;120160;119770;120095;120465;120300;120385;120250;120235;120540;119475;119350;119610;119515;119850;119610;119620;119680;120285;119720;119910;120160;119770;119910;1866535;3282038;2581103;2404577;1507347;1675737;2316169;580942;845282;638244;589118;373253;413261;573097;5369.0;5362.0;5397.5;5442.5;5432.0;5431.0;5446.0;5373.0;5408.0;5444.5;5451.5;5444.0;5461.0;5449.0;5348.0;5360.0;5396.5;5427.5;5425.5;5429.0;5420.0;5361.5;5397.0;5442.5;5432.5;5431.5;5445.5;5443.0;460342;602225;568226;470619;248878;261360;366902;159797;188531;155674;127351;66673;73695;103363;0
2021-05-03;0.013621027200399883;0.5474006116207951;0.002317545577001916;0.49999999999999994;-0.8660254037844387;0.5712682150947923;0.8207634412072763;0.0;1.0;119800;119690;119355;119980;118995;119175;119260;119925;119940;120335;120010;119235;119335;119985;119520;119125;119200;118945;118815;118920;119160;119690;119350;119975;118995;119175;119265;119870;1153094;3375055;2634195;1960737;1396547;1613573;1824408;360035;935798;701864;490213;350169;379288;444249;5428.0;5443.5;5444.0;5414.0;5400.5;5422.0;5424.5;5468.5;5467.0;5444.0;5424.0;5431.0;5427.5;5426.0;5420.0;5432.5;5407.0;5386.5;5400.5;5416.0;5404.0;5443.5;5444.0;5414.0;5401.0;5422.0;5424.5;5423.0;674816;560218;567916;398960;281453;159837;274048;251059;194036;184173;124179;90564;52153;91622;0
2021-05-04;0.012687813021702838;0.29276315789473684;-0.004193725485284386;0.49999999999999994;-0.8660254037844387;0.7247927872291199;0.6889669190756866;0.7818314824680298;0.6234898018587336;119260;119390;118695;118355;118670;118695;118400;119430;119700;118890;118765;119050;118895;118520;118945;118600;118275;118210;118505;118300;118010;119390;118700;118360;118665;118700;118395;118105;1732383;3728704;2638108;2037768;1861999;1794929;1864381;547187;975522;661337;516537;464350;454632;442998;5474.0;5484.5;5451.0;5472.5;5461.5;5437.5;5434.0;5496.5;5486.5;5476.0;5474.0;5462.5;5446.0;5451.0;5467.0;5444.5;5441.5;5452.0;5424.5;5424.0;5433.5;5485.0;5451.5;5472.5;5462.0;5437.5;5434.0;5449.0;643355;633164;505922;364032;342711;311149;229877;248267;219074;163988;111650;109059;98970;72459;0
2021-05-05;0.014967298339761865;0.43977591036414565;-0.009109596902945749;0.49999999999999994;-0.8660254037844387;0.8486442574947509;0.5289640103269624;0.9749279121818236;-0.22252093395631434;118700;118800;119140;119815;119890;119785;119900;118925;119240;119955;119980;119965;120130;120035;118470;118540;118970;119755;119770;119770;119820;118800;119140;119820;119890;119785;119895;119975;1453244;3224457;2767415;1601171;1075099;1464277;1310191;455295;873637;706952;362937;244965;350571;272577;5450.5;5413.0;5402.0;5402.5;5379.0;5393.0;5387.5;5457.5;5415.5;5415.0;5411.5;5393.5;5396.0;5389.5;5412.0;5392.0;5389.0;5375.0;5373.5;5384.5;5366.5;5413.0;5402.5;5402.5;5378.5;5393.0;5387.5;5372.5;672765;581740;507388;410085;242788;215428;349415;250042;188283;156211;118463;69068;63616;98890;1
2021-05-06;0.014616680707666386;0.8962536023054755;0.001011227755595634;0.49999999999999994;-0.8660254037844387;0.9377521321470804;0.3473052528448203;0.43388373911755823;-0.900968867902419;120025;120145;119775;119745;119815;119870;119740;120260;120315;119810;119910;119880;120115;119825;119800;119645;119355;119545;119320;119700;119370;120145;119770;119750;119815;119870;119740;119665;1627567;3574265;2572977;1699540;1705112;1622898;1968409;500681;960616;648738;417771;430019;406864;488980;5358.0;5334.5;5306.0;5270.5;5293.5;5303.5;5306.5;5386.5;5347.0;5313.0;5297.0;5306.0;5307.5;5309.0;5333.0;5306.0;5270.0;5269.0;5285.0;5287.0;5285.0;5334.5;5306.0;5271.0;5294.0;5303.5;5307.0;5293.5;895958;772787;620864;450885;287759;249046;365595;311848;242288;177081;122086;88281;76860;108178;1
2021-05-07;0.009164757342220371;1.190909090909091;0.00505736400523233;0.49999999999999994;-0.8660254037844387;0.9884683243281114;0.1514277775045767;-0.433883739117558;-0.9009688679024191;120630;120825;121265;121415;121115;121125;121265;121000;121270;121510;121430;121235;121360;121780;120380;120540;121255;120970;121025;121025;121235;120825;121265;121420;121120;121125;121265;121765;1552848;3001311;1598514;1579880;863296;1033513;1376469;505153;813725;384454;364078;207809;250583;323410;5292.5;5259.0;5247.5;5216.0;5223.0;5231.0;5238.0;5305.5;5270.5;5250.0;5227.0;5237.0;5249.0;5240.0;5253.0;5244.5;5214.0;5214.5;5223.0;5227.5;5230.0;5258.5;5247.5;5216.0;5223.0;5230.5;5238.5;5238.0;881886;684517;553957;301876;265367;286159;248256;302162;224782;171169;86466;81443;88356;72364;1
2021-05-10;0.0192738124844566;0.8236559139784946;0.017169068645084558;0.49999999999999994;-0.8660254037844387;0.8978045395707416;-0.4403941515576344;0.0;1.0;122295;122895;122460;122315;122575;122605;122420;123020;123045;122530;122675;122765;122640;122625;122295;122405;122125;122115;122525;122320;122045;122895;122460;122315;122570;122605;122415;122445;1707634;2767727;2073392;1717022;1059467;1437272;2179282;554323;744337;521453;427346;271064;353273;516748;5248.5;5233.0;5237.0;5223.0;5234.5;5240.5;5231.5;5262.0;5244.0;5239.0;5248.0;5242.0;5249.0;5260.0;5224.0;5223.0;5206.5;5220.5;5223.5;5228.0;5230.5;5232.5;5237.0;5223.5;5234.5;5240.5;5231.5;5249.5;704777;546733;610679;427974;217188;236635;345417;260929;187806;198815;132420;69343;76569;109096;0
2021-05-11;0.008176949180260846;-0.755;0.006967578035006009;0.49999999999999994;-0.8660254037844387;0.7907757369376989;-0.6121059825476626;0.7818314824680298;0.6234898018587336;121290;120890;121900;121890;122345;122030;122625;121550;121915;122005;122430;122365;122685;122790;120790;120465;121230;121775;121960;122000;122300;120890;121900;121890;122340;122030;122625;122665;1727335;3618069;2989718;2164562;1390385;1793220;1931200;545111;953681;744648;522129;345110;417622;435947;5247.5;5273.0;5251.0;5246.0;5222.0;5229.5;5232.0;5277.0;5291.0;5265.0;5250.0;5233.0;5239.0;5249.5;5227.0;5250.0;5242.5;5212.5;5216.5;5225.0;5228.5;5272.5;5251.0;5245.5;5222.5;5229.5;5232.0;5236.0;812029;649009;545632;442438;228859;242646;279734;285032;215507;173673;128431;70273;72062;87084;1
2021-05-12;0.02296149723802457;0.822262118491921;0.0173375434060151;0.49999999999999994;-0.8660254037844387;0.6513724827222223;-0.7587581226927909;0.9749279121818236;-0.22252093395631434;122755;122120;121585;121120;120675;120990;120980;122895;122145;121590;121235;121065;121170;121020;121575;121505;121080;120595;120550;120740;120335;122120;121590;121115;120675;120985;120980;120450;2700808;3022196;2343968;2028567;1755628;1675920;2067557;804707;863371;624380;487244;446111;429922;487716;5243.5;5235.5;5231.0;5245.0;5261.5;5260.0;5282.0;5272.5;5251.5;5248.0;5280.0;5274.0;5287.0;5299.0;5232.5;5219.5;5222.0;5237.0;5258.0;5247.5;5275.5;5236.0;5230.5;5245.5;5261.0;5259.5;5282.0;5295.0;815178;670023;551407;530151;260001;431713;349869;292996;226509;168156;157728;76621;122761;98381;0
2021-05-13;0.026434768441204026;0.14175654853620956;-0.0049499823954601;0.49999999999999994;-0.8660254037844387;0.48530196253108104;-0.8743466161445821;0.43388373911755823;-0.900968867902419;120110;120360;121310;121140;121115;121325;120315;120420;121380;121575;121470;121725;121405;121405;119830;120175;121085;120865;121035;120030;120295;120360;121315;121140;121120;121325;120315;121270;1942973;3355330;2312698;2073696;1661700;2499311;1992372;606132;892235;573464;509144;414032;601706;488495;5311.5;5293.5;5271.5;5286.0;5288.0;5284.0;5332.0;5330.0;5317.0;5291.0;5313.5;5291.5;5341.0;5332.5;5278.5;5263.0;5261.0;5283.0;5273.0;5283.0;5299.5;5293.5;5271.0;5286.0;5288.0;5284.0;5332.0;5304.5;827302;705174;504999;458641;250471;479602;322384;295486;242178;157174;140432;77857;148229;95011;0
2021-05-14;0.015777204229456332;0.8891820580474934;0.006629264443657465;0.49999999999999994;-0.8660254037844387;0.29936312297335804;-0.9541392564000488;-0.433883739117558;-0.9009688679024191;121515;122075;122135;121925;121735;121680;121275;122295;122475;122375;122050;121820;121775;122300;121515;121900;121560;121460;121185;121235;121240;122075;122135;121920;121730;121685;121280;122215;1868603;2845318;2518505;2065806;1839989;1520332;1893689;550278;729839;632219;525839;464166;373956;455271;5295.0;5295.5;5267.5;5270.5;5269.0;5271.0;5286.0;5304.5;5302.0;5291.0;5283.5;5274.5;5288.0;5289.0;5273.5;5263.0;5266.5;5258.5;5252.5;5268.0;5271.0;5296.0;5267.0;5270.5;5269.0;5271.0;5286.5;5271.0;679010;524086;480626;338413;299276;222037;203686;240161;184233;143913;99137;86737;64556;59217;0
2021-05-17;0.010615973336625109;0.1937984496124031;0.005712440033872968;0.49999999999999994;-0.8660254037844387;-0.2993631229733582;-0.9541392564000488;0.0;1.0;121435;121575;122280;122580;122420;122365;122420;121680;122520;122715;122620;122480;122585;123285;121335;121545;122100;122215;122040;122300;122365;121575;122280;122580;122425;122360;122415;123235;1291516;2997480;2137087;1500001;1282088;1202190;1593658;415307;836022;595326;410723;358760;340081;403162;5295.0;5325.0;5300.5;5259.5;5267.5;5268.0;5270.0;5325.5;5327.0;5302.5;5275.0;5276.0;5274.5;5271.0;5290.0;5300.0;5258.5;5257.5;5265.0;5252.5;5259.5;5325.0;5300.5;5259.0;5267.5;5268.5;5269.5;5262.5;637431;535329;556415;299020;184361;279080;230569;231319;173397;175520;86043;54826;81219;59863;0
2021-05-18;0.016757936344546465;1.0884520884520885;0.022640033605168242;0.49999999999999994;-0.8660254037844387;-0.4853019625310808;-0.8743466161445822;0.7818314824680298;0.6234898018587336;123550;123070;122900;122935;123040;123430;123710;123680;123475;123320;123255;123450;123840;123715;122940;122720;122710;122770;122835;123430;123155;123070;122895;122940;123045;123430;123710;123400;1831513;3408548;2571820;1927345;1713120;1779235;1767168;558921;908623;627142;484301;409006;420764;416969;5270.0;5269.0;5277.0;5269.0;5242.5;5254.5;5266.5;5278.0;5283.0;5287.5;5271.0;5262.0;5269.0;5269.5;5247.0;5255.5;5267.5;5237.0;5242.5;5251.0;5256.0;5269.5;5277.0;5269.0;5243.0;5254.5;5266.5;5259.5;644150;576234;448680;519454;309864;210287;266962;239498;193768;144245;148103;88192;65118;79201;0
2021-05-19;0.009146094698502631;-0.668141592920354;0.008788799966912753;0.49999999999999994;-0.8660254037844387;-0.651372482722222;-0.7587581226927911;0.9749279121818236;-0.22252093395631434;121955;121800;122665;122525;122725;122815;122855;122325;122945;122735;122855;123020;123145;123495;121705;121690;122080;122315;122480;122755;122000;121800;122660;122525;122720;122810;122855;122205;1782835;3412482;2936883;1742400;1451018;1396051;2949439;532778;900326;764118;452123;381398;360137;760224;5292.5;5300.5;5286.0;5299.5;5272.0;5280.5;5281.5;5308.0;5306.0;5311.5;5304.0;5284.0;5287.0;5329.5;5283.5;5274.0;5285.0;5271.0;5265.0;5272.5;5273.0;5300.5;5285.5;5299.5;5272.0;5280.5;5281.5;5324.5;544862;512758;539671;381070;232066;207631;619812;187294;180067;171628;113480;68524;63108;183872;1
2021-05-20;0.01480054118322332;0.7202216066481995;0.016160748219508567;0.49999999999999994;-0.8660254037844387;-0.7907757369376986;-0.6121059825476627;0.43388373911755823;-0.900968867902419;122990;122925;122665;122840;122775;122445;122495;123220;122950;123020;123010;122795;122715;122795;122805;122405;122530;122520;122300;122385;122450;122925;122665;122845;122775;122445;122495;122740;1515554;2793487;2340877;1763267;1690915;1450997;1441354;469249;715440;570087;428109;427154;353485;325292;5310.0;5299.0;5300.5;5300.0;5288.5;5295.0;5288.0;5312.5;5303.5;5303.0;5304.5;5300.5;5299.5;5296.0;5287.5;5285.5;5291.5;5280.5;5284.0;5285.0;5282.0;5298.5;5300.5;5300.0;5289.0;5295.0;5288.0;5283.5;537942;497137;368988;335633;232150;166826;201375;190076;151694;103512;84677;60596;46256;55271;1
2021-05-21;0.00748028294983332;0.9728260869565217;0.01681065878716472;0.49999999999999994;-0.8660254037844387;-0.8978045395707417;-0.44039415155763423;-0.433883739117558;-0.9009688679024191;123195;122790;122620;122355;122030;122115;122200;123245;122915;122660;122390;122220;122315;122530;122775;122475;122210;121950;121910;122050;122190;122790;122620;122350;122030;122110;122200;122445;1048160;2125043;1914406;1351350;1272828;1104117;1293042;318419;577217;498772;343497;319769;264593;316502;5290.0;5282.0;5289.5;5315.5;5329.0;5352.5;5347.5;5313.5;5293.5;5324.0;5333.5;5356.0;5353.5;5359.5;5280.5;5275.5;5289.0;5313.0;5326.5;5341.0;5343.5;5282.0;5289.5;5315.5;5329.0;5353.0;5347.5;5359.0;558736;490433;599722;337735;400058;222173;209073;183957;156606;172568;91940;107038;63494;60600;1
2021-05-24;0.010836478753196153;0.7790262172284644;0.0141460799274137;0.49999999999999994;-0.8660254037844387;-0.9884683243281114;0.15142777750457667;0.0;1.0;122950;122970;123780;123215;123515;123930;124185;123150;123810;123825;123560;124075;124270;124315;122700;122805;123115;123215;123450;123925;123910;122970;123785;123220;123510;123935;124190;124200;1385726;2906353;1953774;1263939;1493866;1324589;1431372;419924;739026;468155;313267;360247;303403;312466;5365.0;5329.5;5324.5;5321.5;5326.5;5322.5;5323.5;5378.5;5334.5;5330.0;5329.5;5331.5;5326.5;5334.0;5328.5;5320.0;5316.0;5314.0;5316.0;5318.0;5321.0;5329.0;5324.5;5322.0;5326.5;5322.0;5323.5;5323.5;532200;464391;316692;279999;208336;153329;182494;176641;146064;87225;75543;61109;40052;54936;1
2021-05-25;0.014030093533956893;0.7913043478260869;0.022141665465180944;0.49999999999999994;-0.8660254037844387;-0.9377521321470804;0.3473052528448203;0.7818314824680298;0.6234898018587336;124065;124445;124350;124100;123725;123760;123420;124660;124930;124470;124110;123880;123850;123465;124055;124210;124005;123545;123565;123260;123070;124450;124350;124100;123725;123755;123420;123080;1797836;2983314;2390664;2083313;1229356;1650467;1601087;515526;740623;568741;472684;279095;370313;343333;5314.0;5306.5;5321.5;5311.5;5311.0;5315.0;5327.0;5316.0;5328.0;5327.0;5317.5;5322.0;5328.5;5335.0;5297.0;5301.0;5309.0;5304.0;5309.5;5311.5;5323.0;5307.0;5321.5;5311.5;5310.5;5315.0;5327.5;5334.0;518465;586864;372098;289078;198413;197202;274054;178799;189390;106231;77790;56632;55652;80215;1
2021-05-26;0.016442993592068675;0.3088235294117647;0.015929414619201245;0.49999999999999994;-0.8660254037844387;-0.848644257494751;0.5289640103269624;0.9749279121818236;-0.22252093395631434;123520;123575;124240;124385;124270;124190;123965;123860;124365;124400;124510;124380;124275;124115;123505;123565;124055;124090;124000;123800;123785;123580;124245;124380;124275;124190;123960;123985;1522344;3244972;1815030;1704096;1293597;1410526;1218493;423181;838807;438721;410291;295701;319734;270075;5326.5;5318.5;5336.0;5310.0;5308.0;5304.5;5317.5;5329.0;5344.0;5340.0;5311.0;5314.5;5323.5;5322.0;5303.0;5316.0;5304.0;5289.5;5303.0;5300.0;5310.5;5318.5;5336.0;5310.0;5308.0;5304.5;5317.5;5318.0;614072;524613;484136;416124;176361;261162;181570;204551;158696;140780;112128;48996;72135;50956;1
2021-05-27;0.008136334196891191;0.38308457711442784;0.018164485051949893;0.49999999999999994;-0.8660254037844387;-0.72479278722912;0.6889669190756865;0.43388373911755823;-0.900968867902419;123890;124275;124470;124165;123940;123945;124465;124295;124740;124620;124280;124080;124615;124570;123875;124205;123975;123915;123625;123920;124295;124280;124475;124170;123940;123945;124460;124515;1349943;2770707;2629077;1514562;1738394;1890231;1544403;375757;650400;599331;329399;371634;390840;315375;5307.0;5292.5;5294.5;5265.0;5265.0;5275.5;5246.5;5313.5;5300.0;5299.5;5271.5;5279.0;5275.5;5259.5;5285.0;5287.5;5262.0;5260.0;5264.5;5241.5;5240.5;5293.0;5294.5;5264.5;5265.5;5275.5;5246.5;5242.0;677935;473476;658879;309135;269148;403529;379767;228542;131718;182728;81291;70144;108629;91079;0
2021-05-28;0.008999919283235128;1.0896860986547086;0.024147534998954032;0.49999999999999994;-0.8660254037844387;-0.5712682150947924;0.8207634412072763;-0.433883739117558;-0.9009688679024191;124840;124505;124800;125025;125230;125250;125555;124880;124850;125145;125320;125365;125710;125820;124420;124350;124625;124880;125090;125190;125535;124505;124800;125030;125230;125250;125555;125800;1363883;2763088;2327658;1350541;1102840;1559616;1265894;390787;677566;558369;315542;245705;329616;267252;5258.0;5252.0;5231.5;5223.5;5219.5;5231.5;5217.0;5261.0;5254.0;5234.5;5227.5;5234.5;5232.0;5223.0;5240.5;5226.0;5220.5;5219.0;5217.0;5212.5;5211.0;5252.5;5232.0;5223.5;5219.5;5232.0;5217.5;5214.5;391387;471273;312002;169046;224754;234076;197056;140909;156004;92984;47682;64884;72192;54576;0
2021-05-31;0.01225568727971804;0.761437908496732;0.0269637823751529;0.49999999999999994;-0.8660254037844387;-2.4492935982947064e-16;1.0;0.0;1.0;125515;125585;125990;125985;125865;125920;126065;125720;126015;126130;126010;126060;126130;126180;125390;125560;125760;125615;125655;125870;125895;125585;125985;125985;125860;125925;126065;126020;993685;2180714;1791011;1586010;1226831;1031536;908121;288271;535352;433682;381852;289340;272842;246591;5243.0;5236.0;5228.0;5262.0;5262.0;5256.5;5241.5;5251.5;5237.5;5268.5;5277.0;5276.5;5256.5;5244.0;5232.0;5212.5;5228.0;5260.5;5253.0;5241.0;5228.0;5236.5;5228.0;5262.0;5262.0;5256.0;5241.5;5238.5;329052;394691;408658;301945;217801;136676;203475;109234;122900;122431;84654;61419;40430;59202;1
2021-06-01;0.007568816476118392;1.2736842105263158;0.03304562822189265;1.2246467991473532e-16;-1.0;0.20791169081775931;0.9781476007338057;0.7818314824680298;0.6234898018587336;126600;127345;127895;128145;128265;128330;128310;127390;128495;128300;128480;128495;128380;128420;126345;127345;127870;128075;128200;128155;128250;127350;127895;128145;128265;128325;128305;128325;1986860;3538667;2110394;1844460;1324411;1362912;1230359;572638;798388;489834;383742;274149;292317;237879;5213.5;5191.0;5170.0;5166.5;5178.5;5175.5;5180.0;5222.0;5192.5;5179.5;5181.0;5184.5;5185.0;5181.0;5185.5;5160.0;5161.0;5166.0;5171.0;5175.0;5167.5;5191.5;5170.5;5166.5;5178.0;5175.5;5180.0;5171.5;735915;660768;419999;287511;261603;230576;236659;244665;192644;118946;76769;81745;62515;64534;1
2021-06-02;0.017496050552922592;0.8645598194130926;0.04223251958858387;1.2246467991473532e-16;-1.0;0.40673664307580015;0.9135454576426009;0.9749279121818236;-0.22252093395631434;128260;128340;128740;128875;129175;129180;129490;128395;128865;128985;129225;129415;129535;129675;128050;128240;128685;128780;129120;129155;129405;128345;128745;128875;129170;129180;129490;129535;1595911;3366910;2096399;1655689;1408605;1471313;1975186;447111;801241;483447;354142;303387;313248;384735;5170.0;5171.0;5158.5;5103.5;5087.5;5100.5;5091.5;5180.0;5187.5;5159.5;5109.5;5101.5;5106.0;5093.0;5162.5;5157.0;5102.5;5080.0;5087.5;5089.0;5081.5;5171.0;5158.5;5103.5;5087.5;5100.0;5091.0;5092.0;612689;649860;903057;560856;336902;305263;326197;206451;182356;232516;138615;85039;75024;84192;1
2021-06-04;0.012669577420863871;0.6492307692307693;0.04511381666288897;1.2246467991473532e-16;-1.0;0.7431448254773941;0.6691306063588582;-0.433883739117558;-0.9009688679024191;129105;129335;129955;129350;129535;129530;129935;129745;129970;129990;129920;129795;129935;130280;129105;129305;129260;129200;129450;129390;129735;129330;129960;129350;129530;129525;129935;130185;2029839;2907356;2657023;1986552;1415291;1635707;1755821;594491;738157;642366;478921;331892;377561;385133;5122.0;5080.5;5069.5;5079.5;5081.0;5081.0;5063.0;5124.0;5087.5;5089.5;5101.0;5090.0;5082.5;5067.5;5073.5;5066.0;5068.5;5075.0;5079.0;5062.0;5044.5;5080.0;5069.0;5079.5;5081.0;5081.0;5063.0;5055.5;768057;519524;403583;392828;179698;257580;337090;253932;154536;103707;109204;49950;75316;93807;1
2021-06-07;0.00910111924402618;0.9106382978723404;0.049654482853157225;1.2246467991473532e-16;-1.0;0.9945218953682733;0.10452846326765346;0.0;1.0;130175;129795;129690;130215;130600;130970;130895;130185;130130;130265;130650;131075;130995;131360;129735;129645;129560;130055;130550;130770;130885;129800;129690;130215;130600;130970;130895;131280;1796072;3537130;2836558;2322022;2047037;1383740;1737881;529740;855528;635556;511526;439350;296874;347360;5052.0;5071.0;5072.5;5062.5;5033.0;5049.5;5054.0;5073.5;5078.5;5082.0;5066.0;5055.0;5058.5;5055.0;5041.0;5057.5;5059.0;5032.5;5030.0;5047.0;5040.5;5071.5;5072.5;5062.5;5033.0;5049.0;5054.0;5047.0;625013;537561;442022;421532;345526;194230;235331;221248;178597;140395;125885;98877;54984;68736;0
2021-06-08;0.013827539850201652;0.5805555555555556;0.04968956579396813;1.2246467991473532e-16;-1.0;0.9945218953682734;-0.10452846326765333;0.7818314824680298;0.6234898018587336;130605;130845;130085;130490;130600;130295;130025;130895;130860;130640;130875;130625;130295;130095;130600;129960;130060;130340;130030;129895;129320;130840;130085;130490;130600;130295;130020;129595;1604720;3942910;2599589;2459956;2312553;1562466;2467097;445818;910265;573956;518293;478188;322945;492077;5055.0;5066.5;5076.0;5047.5;5050.5;5041.5;5046.0;5067.5;5080.0;5078.0;5052.0;5057.5;5053.5;5060.0;5038.5;5061.0;5038.5;5033.0;5041.5;5041.5;5042.5;5066.5;5076.5;5047.0;5050.5;5041.5;5045.5;5047.0;615170;506106;566064;392799;317110;233384;252480;218974;153896;166573;113433;85992;64373;73804;1
2021-06-09;0.012059262662225796;0.45714285714285713;0.04187238986089273;1.2246467991473532e-16;-1.0;0.9510565162951536;-0.30901699437494734;0.9749279121818236;-0.22252093395631434;130040;129920;130110;130045;130840;130590;130600;130140;130130;130300;130930;130960;130810;130680;129695;129365;129815;129995;130440;130415;129865;129920;130110;130045;130840;130595;130605;130110;1679693;4387947;3236736;2617044;1873734;1853405;2495058;462394;1014551;708484;551480;412985;392632;520087;5036.0;5043.0;5054.5;5069.0;5075.5;5089.0;5087.0;5050.0;5061.5;5070.0;5079.5;5095.5;5096.5;5087.5;5030.0;5036.5;5045.0;5064.5;5074.0;5079.5;5073.0;5043.0;5054.5;5068.5;5076.0;5089.0;5087.5;5073.5;474907;687736;478828;346770;359440;312128;266126;166354;214631;145834;97885;102149;83494;67510;0
2021-06-10;0.012265456782528453;0.2727272727272727;0.037122265369065315;1.2246467991473532e-16;-1.0;0.8660254037844387;-0.4999999999999998;0.43388373911755823;-0.900968867902419;129800;130365;130010;129750;130010;129975;130325;130440;130525;130440;130045;130025;130660;130640;129700;129885;129525;129640;129500;129970;130225;130365;130010;129750;130010;129975;130325;130510;2383831;4062985;3658544;1970493;2038349;2505046;1912077;646996;925896;822203;447950;449917;530962;414047;5072.5;5056.0;5061.5;5084.5;5078.0;5083.0;5085.0;5077.5;5072.0;5084.5;5091.5;5102.0;5095.5;5092.5;5042.5;5047.0;5048.0;5075.5;5076.0;5080.5;5081.0;5056.5;5061.5;5084.5;5077.5;5083.0;5085.5;5082.0;703147;609961;592180;317985;324111;293784;186924;232704;191753;169450;88042;90979;76680;50278;0
2021-06-11;0.008936825885978428;0.7629310344827587;0.03756843646549529;1.2246467991473532e-16;-1.0;0.7431448254773945;-0.6691306063588579;-0.433883739117558;-0.9009688679024191;130385;130170;129670;129355;129070;128980;129285;130425;130325;129895;129490;129135;129350;129305;129865;129655;129070;128905;128640;128890;128930;130175;129670;129350;129070;128980;129290;129290;1768729;2712115;2704317;1897852;1474412;1379401;1293162;518497;686683;656698;448684;353816;331780;285627;5060.0;5106.0;5120.0;5138.5;5140.5;5128.5;5127.0;5114.5;5120.5;5142.5;5149.0;5145.0;5138.5;5137.5;5059.5;5092.0;5114.0;5133.0;5127.0;5123.0;5121.5;5105.5;5120.0;5138.5;5140.5;5128.5;5127.5;5123.0;599667;480318;536358;326182;198495;219913;186895;200070;156284;156228;93273;56660;61226;50556;1
2021-06-14;0.01369022510258082;0.6274509803921569;0.029077628902362138;1.2246467991473532e-16;-1.0;0.20791169081775931;-0.9781476007338057;0.0;1.0;129760;130050;130710;131120;130820;130350;130005;130195;130760;131150;131135;130840;130410;130140;129690;130020;130485;130670;130230;129940;129650;130050;130710;131120;130825;130350;130005;130060;1364853;3068111;2443582;1696317;1945960;1892502;2044339;388368;735520;551317;387011;417164;398883;404603;5115.0;5106.0;5086.0;5071.5;5066.5;5070.0;5079.0;5121.0;5107.0;5094.0;5076.5;5074.5;5080.5;5089.0;5105.5;5085.5;5070.0;5064.5;5065.5;5068.5;5077.5;5106.0;5086.0;5071.5;5067.0;5070.5;5079.0;5080.5;458676;537181;424600;295608;199262;174352;280819;145896;157932;118890;81377;52361;47208;72767;1
2021-06-15;0.01155980271270037;0.4866666666666667;0.03058232090490155;1.2246467991473532e-16;-1.0;5.66553889764798e-16;-1.0;0.7818314824680298;0.6234898018587336;130380;130150;130140;130100;129510;129965;130110;130385;130330;130265;130140;129970;130200;130195;129865;129730;129625;129235;129440;129655;129875;130155;130135;130100;129510;129960;130105;130080;2246198;4167265;3167301;2655803;1867982;2182284;1813044;644884;1033850;717103;574227;397017;481299;394718;5073.0;5088.5;5090.0;5088.0;5101.0;5092.5;5069.0;5092.0;5097.5;5113.5;5104.0;5103.5;5098.0;5071.5;5064.5;5077.0;5083.0;5083.5;5087.5;5054.0;5047.5;5088.0;5090.0;5088.5;5101.5;5092.5;5069.5;5051.0;668207;572574;556495;331076;203696;383758;321070;230007;176998;161785;95715;57701;101122;84068;1
2021-06-16;0.008820371222580151;1.2782608695652173;0.030274486311155428;1.2246467991473532e-16;-1.0;-0.20791169081775907;-0.9781476007338057;0.9749279121818236;-0.22252093395631434;130705;131000;130465;130635;130605;131095;130855;131020;131120;130675;130790;131145;131165;130855;130580;130455;130255;130415;130530;130260;129085;130995;130470;130640;130600;131095;130855;129750;1490045;3295985;2473484;1995180;1865148;2798232;3901274;413894;781299;550230;418852;380537;568528;905940;5061.0;5058.0;5040.0;5023.0;5007.0;5009.5;5013.0;5065.0;5058.5;5043.5;5026.5;5020.0;5024.5;5089.5;5041.0;5035.5;5021.5;5001.0;5004.5;5008.0;5013.0;5058.0;5040.0;5023.5;5007.0;5010.0;5013.0;5069.5;580154;512864;471414;587397;280327;238387;1146678;201244;156325;125373;146070;75300;65363;313735;1
2021-06-17;0.01591369878734555;0.36778846153846156;0.02070093108991365;1.2246467991473532e-16;-1.0;-0.4067366430758002;-0.9135454576426009;0.43388373911755823;-0.900968867902419;129850;129560;130425;130325;129205;129035;129250;130000;130745;130630;130405;129325;129380;129375;129415;129545;130115;129175;128600;128930;128325;129560;130425;130325;129205;129035;129255;128380;1656835;3721324;2781952;3147535;2710819;2030705;2190404;467501;885669;623318;691017;606287;450037;475232;5075.0;5077.0;5044.0;5029.0;5032.0;5037.0;5028.5;5083.5;5078.5;5048.5;5050.5;5044.5;5041.0;5037.5;5051.0;5027.0;5024.0;5015.0;5026.0;5028.0;5024.0;5077.0;5044.0;5029.0;5032.0;5037.5;5028.5;5036.5;792310;792861;489596;499232;269678;193733;195741;243455;232760;147132;136314;76189;57288;56849;1
2021-06-18;0.01863688871775125;0.42355371900826444;0.014302965669745777;1.2246467991473532e-16;-1.0;-0.587785252292473;-0.8090169943749476;-0.433883739117558;-0.9009688679024191;129350;128730;128525;128940;128590;128565;129120;129520;129095;129085;129050;128725;129120;129580;128355;128390;128250;128450;128275;128400;128845;128730;128520;128940;128590;128565;129120;128870;2175408;3974473;3296732;2123951;1638141;1990562;2348251;603140;995554;758751;480950;352312;426262;514949;5013.5;5004.5;5027.0;5041.5;5047.0;5086.0;5070.5;5033.0;5032.5;5063.5;5063.0;5089.0;5090.0;5077.5;5002.5;4988.0;5025.0;5041.5;5039.5;5063.5;5059.0;5005.0;5027.0;5041.5;5047.0;5086.5;5070.5;5073.5;733339;873995;825498;411825;392475;257907;273996;239349;253428;226715;114815;110677;76505;78996;1
2021-06-21;0.010282180131426363;0.5601503759398496;0.009236041294219358;1.2246467991473532e-16;-1.0;-0.9510565162951535;-0.30901699437494756;0.0;1.0;128995;129335;128995;129695;129590;129590;129705;129440;129340;129850;129860;129740;129760;130230;128850;128755;128875;129515;129450;129510;129660;129330;129000;129695;129590;129585;129705;129945;1606299;3581947;2596915;1553913;1381593;1398232;1939100;476505;915863;632073;380416;325877;333001;447113;5078.5;5059.0;5052.5;5043.5;5037.0;5036.0;5034.0;5087.5;5061.0;5055.0;5049.0;5043.5;5045.5;5035.0;5055.0;5040.5;5038.5;5036.5;5028.5;5032.0;5022.0;5059.0;5053.0;5043.5;5036.5;5036.5;5034.0;5025.5;528591;509714;429530;228274;245592;204210;262276;175002;157115;132643;60991;75397;61557;78631;1
2021-06-22;0.011434551726811116;0.7864406779661017;0.013600890991969759;1.2246467991473532e-16;-1.0;-0.9945218953682733;-0.10452846326765423;0.7818314824680298;0.6234898018587336;129915;129405;128600;128730;129005;129000;128830;129930;129505;128945;129265;129210;129105;129000;129225;128580;128480;128710;128835;128640;128675;129400;128595;128725;129005;129000;128830;128890;2050444;3379247;2676271;2174609;1785444;2033909;1850000;542275;788506;623776;490736;391672;445419;400973;5019.0;5037.5;5040.5;5019.0;5004.0;5002.0;4995.0;5050.0;5048.5;5043.0;5025.5;5010.0;5009.5;5002.0;5010.5;5025.0;5013.0;5000.0;4994.5;4983.0;4984.5;5037.5;5040.5;5018.5;5004.5;5001.5;4995.0;4985.0;691903;689654;611650;445312;350430;325658;294693;213488;202421;167869;120786;90067;88762;83594;1
2021-06-23;0.011161143824808529;0.8827586206896552;0.01017689383839583;1.2246467991473532e-16;-1.0;-0.9945218953682734;0.10452846326765299;0.9749279121818236;-0.22252093395631434;129760;129470;130600;130305;130210;129160;129415;129890;130600;130645;130480;130230;129470;129470;129365;129425;130235;130085;129130;129105;128835;129470;130595;130310;130210;129155;129420;129275;1803250;3493997;1863926;1690624;2284789;1652587;1913530;517501;847713;430843;384188;507080;366406;404787;4966.5;4950.0;4945.5;4970.5;4957.0;4965.0;4962.0;4969.0;4973.5;4983.5;4981.5;4969.5;4972.5;4982.0;4942.5;4945.0;4943.5;4956.0;4940.5;4954.5;4961.0;4949.5;4945.5;4970.5;4957.0;4965.0;4961.5;4972.0;670145;659601;679828;481691;437637;287017;338396;218420;208889;193787;130078;119017;80669;86374;0
2021-06-24;0.013948828606658446;0.4696132596685083;0.007269959378325268;1.2246467991473532e-16;-1.0;-0.9510565162951536;0.30901699437494723;0.43388373911755823;-0.900968867902419;129685;130090;129920;129860;130075;130050;130195;130100;130325;130090;130105;130170;130285;130310;129620;129655;129525;129500;129765;129955;129670;130090;129920;129860;130070;130055;130190;129800;1537796;3176630;2695712;1985963;1534678;1722929;1752851;434567;771331;622324;454955;346470;371342;383534;4968.5;4933.5;4934.0;4930.5;4920.5;4913.5;4906.5;4970.5;4952.5;4943.0;4935.5;4928.0;4916.0;4919.0;4926.0;4927.5;4927.0;4917.5;4912.5;4905.0;4905.0;4933.5;4934.5;4930.5;4920.0;4913.5;4906.5;4918.5;715789;593639;452513;402597;280176;333165;314889;221000;181059;132117;108230;73216;81298;74192;1
2021-06-25;0.00636156841577669;0.9515151515151515;0.00948584290731303;1.2246467991473532e-16;-1.0;-0.8660254037844386;0.5000000000000001;-0.433883739117558;-0.9009688679024191;130285;130160;129980;129595;129450;129225;128685;130410;130450;130090;129640;129530;129250;128780;129880;129910;129560;129130;129160;128350;127465;130160;129980;129595;129450;129230;128690;127565;1965992;2952860;2317430;1991554;1358235;2526396;2891018;553197;741680;540478;443212;301558;561211;623719;4916.5;4918.0;4904.5;4933.0;4927.5;4941.5;4957.5;4928.0;4926.0;4934.5;4948.0;4944.0;4960.0;4977.0;4895.5;4903.0;4904.5;4927.0;4927.5;4940.0;4949.5;4918.0;4904.5;4933.0;4927.5;4941.0;4957.5;4956.0;732620;588909;394636;448135;212077;322441;355403;235010;178352;103204;120061;58563;87432;95434;1
2021-06-28;0.024676670376482326;0.25194401244167963;-0.00923103112087776;1.2246467991473532e-16;-1.0;-0.40673664307580015;0.913545457642601;0.0;1.0;128045;127915;128150;127520;127515;127935;128010;128135;128765;128215;127720;127980;128120;128120;126945;127835;127280;127330;127270;127550;127660;127915;128150;127520;127510;127935;128010;128040;2380958;3459818;2950599;1738819;1704836;2250881;1895342;680324;817965;705004;394418;389434;510229;403643;4951.0;4946.0;4940.5;4939.5;4945.5;4952.5;4937.5;4973.5;4949.0;4955.0;4967.0;4961.5;4958.0;4939.5;4941.5;4928.0;4936.0;4935.0;4945.0;4935.5;4929.0;4946.0;4940.5;4939.5;4945.5;4952.5;4937.5;4929.5;637597;489209;482180;394263;220538;254582;194784;198113;148502;140143;111128;62851;69718;59008;1
2021-06-29;0.014213752977468859;0.5247252747252747;-0.011303529429953484;1.2246467991473532e-16;-1.0;-0.20791169081775898;0.9781476007338057;0.7818314824680298;0.6234898018587336;127900;127885;127210;127320;127595;127270;127520;127995;128100;127360;127775;127710;127610;127715;127585;127200;126765;127270;127070;127210;127250;127880;127205;127320;127595;127275;127520;127670;1853768;3842362;3018112;2361358;1784090;1876135;1760423;498811;843933;684457;514114;391493;411988;347398;4943.0;4938.5;4947.0;4949.5;4939.5;4942.0;4931.5;4951.0;4951.0;4971.5;4952.5;4945.5;4943.5;4944.5;4932.0;4934.5;4947.0;4934.5;4938.5;4922.0;4929.5;4938.5;4947.5;4949.5;4939.5;4942.0;4931.5;4943.5;550009;435302;599372;299177;133071;279201;228434;185416;134461;172190;85598;36742;77647;62046;1
2021-06-30;0.010437842064112588;0.4756554307116105;-0.015790612156608264;1.2246467991473532e-16;-1.0;-1.133107779529596e-15;1.0;0.9749279121818236;-0.22252093395631434;127400;127280;127520;127085;127465;127520;127305;127620;127765;127660;127485;127835;127565;127710;126930;127115;126915;126750;127400;126910;127110;127280;127520;127090;127465;127520;127300;127400;2403032;3228656;3195728;2322033;1788983;1944881;2115349;620561;717070;669154;487875;377481;394034;427621;4977.0;4992.0;5015.0;5033.5;5023.5;5023.0;5013.5;5012.0;5027.0;5038.5;5040.0;5031.5;5023.5;5018.0;4967.5;4990.5;4997.0;5022.0;5006.5;5008.0;4995.0;4992.0;5015.0;5033.5;5023.5;5022.5;5013.5;4996.5;624752;537744;567006;367435;346389;202010;209607;198986;160124;157737;92802;94115;53229;55335;0
2021-07-01;0.008516483516483516;0.631336405529954;-0.014970424377810458;-0.4999999999999997;-0.8660254037844388;0.20129852008866006;0.9795299412524945;0.43388373911755823;-0.900968867902419;127435;127445;126765;126460;126105;126045;125590;127640;127735;126890;126565;126290;126195;125965;127325;126635;126055;125720;125855;125515;125485;127445;126760;126465;126105;126045;125590;125570;1649644;4496838;3719776;2694883;1824556;2157054;2316570;443943;1012081;838294;601665;397051;449815;453525;4979.0;4973.5;5009.0;5028.5;5050.5;5046.0;5056.5;4992.5;5009.5;5038.5;5063.5;5053.5;5057.5;5063.0;4966.5;4962.0;5006.0;5027.5;5036.0;5043.5;5036.0;4974.0;5009.5;5028.0;5051.0;5046.0;5056.5;5051.5;614015;703993;629892;474795;261390;221850;303485;200960;212176;178649;127366;69239;65815;84799;1
2021-07-02;0.01765605995213246;0.3622222222222222;-0.022477975763181165;-0.4999999999999997;-0.8660254037844388;0.39435585511331855;0.9189578116202306;-0.433883739117558;-0.9009688679024191;126300;127140;127265;127480;127665;127615;127990;127225;127385;127620;127760;127790;128070;128330;126080;126790;126570;127395;127455;127545;127960;127140;127265;127480;127670;127615;127985;128145;2453009;3106493;3326007;1757002;1376795;1566758;1709601;720741;746855;780415;389937;284089;337862;347023;5051.0;5006.0;5037.0;5067.5;5059.0;5073.5;5054.0;5078.0;5038.0;5088.5;5074.0;5073.5;5083.0;5061.5;5004.0;5001.5;5030.5;5045.0;5055.5;5043.0;5044.5;5006.0;5037.5;5067.0;5059.0;5073.5;5054.5;5060.5;798953;544726;737617;321975;187672;279351;197523;254343;166062;202056;92592;56243;77964;57466;1
2021-07-05;0.018606492478226443;0.8170212765957446;-0.008683698461717184;-0.4999999999999997;-0.8660254037844388;0.8486442574947509;0.5289640103269624;0.0;1.0;128000;128140;127320;127400;127515;127780;127490;128235;128150;127430;127730;127850;127915;127840;127755;127300;127015;127355;127510;127350;127150;128140;127320;127400;127510;127780;127490;127735;1510941;2942154;2025355;1725925;1280110;1347969;1516574;433734;739539;484948;404908;310291;359226;404096;5070.0;5082.5;5084.0;5095.0;5093.0;5083.5;5099.0;5083.5;5089.5;5100.0;5107.5;5094.5;5103.0;5105.0;5062.5;5071.5;5083.5;5088.5;5080.0;5077.0;5094.0;5082.5;5084.0;5095.0;5093.0;5083.0;5099.0;5096.0;402756;387881;323826;247303;180222;214414;144750;147863;133684;107288;78265;56866;71897;50829;0
2021-07-06;0.00953125;0.4180327868852459;-0.011284651555855342;-0.4999999999999997;-0.8660254037844388;0.9377521321470804;0.3473052528448203;0.7818314824680298;0.6234898018587336;127525;126890;126680;125770;125960;125705;125730;127625;126925;126710;126275;126060;126010;125730;126815;126475;125725;125740;125525;125600;125325;126890;126675;125770;125955;125710;125730;125600;2518472;3564377;3676051;2235157;2059664;1894811;1994264;679963;828105;819589;513398;460330;442895;458255;5092.0;5127.0;5161.5;5213.5;5195.0;5198.5;5190.0;5134.0;5170.0;5215.0;5221.0;5209.5;5203.5;5218.0;5090.0;5123.5;5158.0;5191.0;5193.5;5185.0;5187.5;5127.0;5161.0;5213.5;5195.0;5199.0;5189.5;5215.0;688447;718140;725098;430224;249430;314792;321480;230162;220953;220023;139702;87137;99238;96550;0
2021-07-07;0.01823171927073123;0.2924731182795699;-0.021493662971442107;-0.4999999999999997;-0.8660254037844388;0.9884683243281114;0.1514277775045767;0.9749279121818236;-0.22252093395631434;125980;126625;126485;126215;126770;127175;127395;126845;126940;126500;126970;127265;127455;127745;125900;126270;125670;126180;126590;127045;127240;126625;126485;126220;126770;127180;127395;127550;2294708;3735977;3261932;2472736;1958234;1651638;2061620;613872;890756;716740;528059;419312;351994;424357;5194.0;5214.0;5209.5;5274.0;5281.0;5283.5;5263.5;5216.5;5228.0;5279.5;5295.0;5292.5;5294.0;5275.5;5183.5;5204.0;5207.0;5265.0;5274.5;5257.0;5219.5;5214.0;5209.5;5274.5;5280.5;5283.5;5264.0;5252.5;702551;669950;847298;537945;296160;388692;657924;253730;225714;241928;150647;85057;111034;186739;1
2021-07-08;0.016470868391808224;0.004819277108433735;-0.022924501715207525;-0.4999999999999997;-0.8660254037844388;0.9987165071710528;-0.05064916883871264;0.43388373911755823;-0.900968867902419;125680;125060;125400;125300;126195;126180;125800;125690;125835;125410;126260;126310;126440;125865;124925;124970;124725;125295;125940;125610;125260;125055;125400;125305;126195;126180;125800;125700;2506844;3697829;3442770;2598220;1578435;1972037;2096270;694813;906614;878392;603038;357847;461847;467066;5290.0;5299.0;5284.0;5299.5;5248.5;5251.5;5257.0;5309.0;5305.5;5327.0;5300.0;5253.0;5271.0;5273.0;5277.5;5271.0;5275.5;5246.0;5232.0;5247.5;5254.0;5299.0;5284.0;5299.0;5249.0;5251.0;5257.5;5268.5;746094;696792;812690;603474;366541;335997;223082;249670;227806;242417;174423;104157;97363;62606;1
2021-07-12;0.013645767027371102;1.064139941690962;-0.01447525966883098;-0.4999999999999997;-0.8660254037844388;0.6513724827222223;-0.7587581226927909;0.0;1.0;126550;126585;126945;127165;127625;127905;128130;126825;127115;127225;127690;127975;128230;128320;126160;126560;126730;127035;127560;127835;128070;126585;126940;127165;127630;127905;128135;128165;1661894;3353418;2903916;2188915;1635620;1622898;1603179;470003;787020;657843;446591;322136;319343;300556;5266.5;5259.0;5256.0;5225.5;5206.5;5196.0;5194.5;5296.5;5265.0;5267.0;5230.5;5216.5;5200.5;5206.0;5257.5;5243.0;5223.5;5202.0;5192.0;5186.5;5191.0;5259.0;5256.0;5225.5;5206.5;5196.0;5194.5;5194.5;758476;530308;503770;467989;328342;271967;224273;260153;177648;152548;133632;94003;77433;66146;0
2021-07-13;0.01849071513235875;0.8611111111111112;-0.0014081955814211674;-0.4999999999999997;-0.8660254037844388;0.48530196253108104;-0.8743466161445821;0.7818314824680298;0.6234898018587336;128175;127455;127320;126985;127530;127940;128665;128195;127890;127825;127535;128175;128740;128945;127425;127240;126925;126820;127345;127935;128480;127455;127320;126985;127530;127935;128665;128780;2360507;3636172;3176534;2315431;2073073;2740521;2007541;640921;863589;701398;494659;454088;572905;388859;5189.5;5228.0;5200.0;5177.0;5166.0;5170.0;5184.5;5233.5;5229.5;5200.5;5184.5;5171.5;5198.0;5197.5;5178.5;5192.5;5166.5;5164.0;5158.5;5167.0;5171.0;5227.5;5200.5;5176.5;5165.5;5170.0;5184.5;5178.0;775995;702000;597866;372368;252797;478238;279873;250702;226134;183517;105242;73830;123344;83621;0
2021-07-14;0.016929978544958067;0.9723502304147466;0.005018074813161972;-0.4999999999999997;-0.8660254037844388;0.29936312297335804;-0.9541392564000488;0.9749279121818236;-0.22252093395631434;128930;129615;129690;129120;128850;128940;128705;129765;130140;129860;129295;129285;129050;129165;128720;129390;129115;128550;128785;128530;128635;129615;129690;129125;128850;128940;128700;129135;2696257;3679007;3079155;2587750;2180131;2550873;2205486;731192;845737;708343;540627;460933;533811;444430;5163.0;5115.5;5097.0;5090.0;5095.0;5095.5;5096.5;5167.5;5122.5;5101.5;5110.5;5102.0;5100.0;5104.5;5102.0;5094.5;5076.5;5080.0;5090.5;5091.0;5082.0;5115.5;5097.5;5089.5;5095.0;5095.5;5097.0;5088.5;845845;620125;627420;422722;235560;178715;312273;259221;192477;185567;125519;66126;48178;87273;0
2021-07-15;0.012487396261537269;0.024844720496894408;0.00263193808121966;-0.4999999999999997;-0.8660254037844388;0.10116832198743272;-0.994869323391895;0.43388373911755823;-0.900968867902419;128570;128610;128965;128840;128135;128180;127435;128990;129485;129380;128855;128255;128195;127950;128375;128465;128675;128040;127850;127430;127305;128610;128965;128840;128135;128180;127435;127860;2329089;4249491;2998975;2457513;2190204;2427367;2179943;641209;1002280;705584;532054;457120;506893;441697;5093.5;5086.0;5104.0;5111.5;5128.0;5122.5;5146.5;5105.0;5118.5;5120.0;5133.0;5132.5;5147.0;5147.5;5062.0;5081.5;5090.5;5105.5;5110.0;5120.0;5125.5;5086.0;5104.0;5111.5;5127.5;5122.5;5147.0;5141.5;702053;741493;564905;380735;299198;369270;273986;246324;239538;176606;114104;90456;107660;78060;1
2021-07-16;0.016955743952710586;0.3853211009174312;5.85308750365818e-05;-0.4999999999999997;-0.8660254037844388;-0.10116832198743204;-0.9948693233918952;-0.433883739117558;-0.9009688679024191;128145;128415;127950;128145;127675;127610;127240;128480;128530;128170;128150;127725;127690;127250;128090;127765;127625;127575;127435;127165;126885;128415;127950;128145;127675;127605;127240;126960;2000863;2997593;2978052;2025276;1582641;1975070;1802915;591835;757337;702114;461319;348753;422573;376710;5114.0;5111.5;5117.0;5085.0;5100.5;5087.5;5103.5;5128.0;5135.0;5134.5;5115.5;5105.5;5107.5;5123.5;5086.5;5101.0;5084.0;5083.5;5082.0;5084.5;5103.5;5111.5;5117.5;5084.5;5100.0;5088.0;5103.5;5120.5;776654;598460;680024;373578;253305;240432;261249;261910;182463;208250;111903;76886;71685;76454;0
2021-07-19;0.018338600803776972;-0.6085106382978723;-0.02535826384860435;-0.4999999999999997;-0.8660254037844388;-0.651372482722222;-0.7587581226927911;0.0;1.0;124750;124475;124735;124060;124570;123935;123750;124990;125080;124750;124735;124570;124185;124280;124250;124395;123985;123980;123800;123660;123725;124480;124735;124065;124570;123935;123750;124060;2433713;3670376;3604328;2478116;2208444;2552947;2170729;712089;956264;886022;585933;520006;572940;475790;5165.0;5202.5;5191.5;5214.5;5216.0;5229.0;5243.5;5206.0;5209.0;5218.0;5224.5;5238.0;5245.0;5263.0;5159.0;5170.0;5190.5;5204.5;5209.5;5223.0;5233.5;5202.5;5192.0;5214.0;5216.5;5228.5;5244.0;5260.5;698387;729023;600733;373310;340710;290178;336738;261850;246242;203716;117153;103669;96656;97969;1
2021-07-20;0.012264529058116232;1.3202614379084967;-0.01676729389997516;-0.4999999999999997;-0.8660254037844388;-0.7907757369376986;-0.6121059825476627;0.7818314824680298;0.6234898018587336;125680;124780;124955;125205;125020;125390;125140;125805;124985;125480;125300;125440;125430;125975;124660;123905;124820;124760;124710;124800;125025;124785;124960;125205;125025;125385;125140;125920;2275050;4517677;3456031;2441132;2320785;2107411;2411338;646550;1051072;802510;552754;512457;451742;495350;5247.5;5278.0;5259.5;5255.0;5227.0;5215.5;5227.5;5287.5;5301.5;5272.0;5259.5;5239.5;5232.5;5230.5;5238.0;5256.0;5237.0;5208.5;5214.0;5215.0;5216.5;5277.5;5259.5;5255.5;5227.0;5215.5;5227.0;5216.5;749722;729102;666996;494074;324237;245596;173574;249940;221963;198559;137327;91852;72094;52761;0
2021-07-21;0.017146721833227244;0.8561484918793504;-0.014554423827799753;-0.4999999999999997;-0.8660254037844388;-0.8978045395707417;-0.44039415155763423;0.9749279121818236;-0.22252093395631434;125750;125750;126415;125850;126090;126090;126095;126130;126490;126480;126200;126300;126340;126265;125530;125625;125550;125720;125955;126000;125730;125750;126420;125855;126090;126090;126095;126205;2392330;3627774;2941940;2351570;1496298;1512354;1818993;641797;888231;691488;567673;345352;347332;377422;5238.5;5269.5;5249.0;5259.5;5237.0;5232.5;5221.0;5274.0;5270.0;5283.5;5271.0;5239.5;5232.5;5225.0;5233.5;5244.0;5248.0;5227.5;5221.0;5208.5;5204.0;5269.0;5248.5;5260.0;5236.5;5232.5;5220.5;5206.5;698156;683366;637188;544068;318284;291604;277806;227962;209302;186128;155463;86890;86994;80030;1
2021-07-22;0.00779324055666004;0.9387755102040817;-0.007772254503081831;-0.4999999999999997;-0.8660254037844388;-0.9680771188662041;-0.2506525322587213;0.43388373911755823;-0.900968867902419;126450;126250;125890;125820;125890;126135;126585;126690;126425;126140;126085;126270;126620;126820;125950;125830;125690;125735;125885;125980;126530;126255;125895;125820;125890;126135;126585;126650;2179530;3409954;2570668;1832791;1691840;1732421;1790939;586713;821306;593486;393956;339730;349202;355483;5188.0;5180.5;5212.0;5211.5;5211.0;5197.0;5203.0;5205.0;5217.5;5227.5;5230.0;5213.5;5214.5;5219.0;5173.0;5177.5;5207.0;5202.5;5191.5;5196.5;5200.0;5180.0;5212.5;5211.5;5211.0;5196.5;5202.5;5209.5;716630;707642;513032;416153;338729;248879;305300;248463;215629;148905;115916;95660;69766;82149;0
2021-07-23;0.008936338473705022;1.0707964601769913;-0.0031989537123769465;-0.4999999999999997;-0.8660254037844388;-0.9987165071710528;-0.05064916883871355;-0.433883739117558;-0.9009688679024191;126900;126610;125885;125955;125485;125050;125295;126945;126620;126010;125975;125610;125435;125385;126420;125840;125725;125110;125010;124885;124685;126615;125885;125955;125485;125045;125295;125065;1534629;2956536;2029486;2092192;1411396;1821491;1957214;423692;690187;467020;458649;299840;378548;384235;5202.5;5166.5;5182.5;5171.0;5181.5;5192.5;5194.0;5203.0;5184.0;5195.0;5186.0;5193.5;5207.5;5232.5;5165.0;5163.5;5170.0;5162.5;5175.5;5185.0;5193.0;5167.0;5182.5;5170.5;5181.5;5193.0;5194.0;5225.0;508703;485096;528179;354279;197701;335091;324965;170876;156597;152408;99406;54774;92988;82044;1
2021-07-26;0.01780929866036249;0.18805309734513273;-0.015271516584973268;-0.4999999999999997;-0.8660254037844388;-0.848644257494751;0.5289640103269624;0.0;1.0;125110;125315;126255;126430;126365;126370;126215;125385;126295;126440;126580;126470;126390;126455;125015;125215;126125;126320;126230;126080;126105;125315;126260;126430;126365;126370;126215;126115;1582895;3047328;2257800;1444652;1399029;1612732;1675874;429272;688823;477367;298529;279263;321942;307304;5195.0;5223.5;5183.5;5176.0;5175.0;5167.5;5178.5;5233.5;5228.5;5188.5;5185.0;5176.0;5179.5;5185.0;5192.5;5182.0;5167.0;5168.5;5154.5;5165.0;5173.0;5223.0;5183.5;5176.5;5175.0;5167.5;5178.5;5182.0;588119;658049;518652;299011;319356;223976;246001;201287;203351;147058;84443;88007;61875;67288;1
2021-07-27;0.012508992086963473;0.5431309904153354;-0.00857595777990016;-0.4999999999999997;-0.8660254037844388;-0.72479278722912;0.6889669190756865;0.7818314824680298;0.6234898018587336;125865;125605;125230;125200;124580;124295;124080;125955;125865;125370;125350;124590;124345;124590;125440;125040;124830;124430;124200;123945;124030;125605;125230;125200;124575;124295;124080;124535;1645633;3476194;2929589;2378712;1875329;1835791;1823334;432945;825855;656841;496059;390449;371413;354025;5196.0;5194.5;5168.0;5166.0;5163.0;5173.5;5181.0;5208.5;5199.0;5177.0;5173.0;5177.5;5184.0;5187.0;5170.0;5164.0;5161.0;5152.0;5162.0;5170.0;5176.0;5195.0;5168.0;5166.5;5162.5;5174.0;5181.0;5184.0;698743;688096;484443;414914;220574;270143;214272;244610;210464;141081;114215;62052;77157;61470;1
2021-07-28;0.01596949112143964;0.654228855721393;-0.012082781248028267;-0.4999999999999997;-0.8660254037844388;-0.5712682150947924;0.8207634412072763;0.9749279121818236;-0.22252093395631434;125260;125590;126195;125475;125875;125925;125990;125815;126295;126310;125920;126270;126110;127060;125245;125570;125240;125420;125785;125410;125550;125590;126195;125480;125875;125930;125990;126880;1617745;3575455;2946096;2107722;1642898;1963378;3198147;447220;826397;646227;452887;350740;431535;645746;5173.5;5169.0;5137.5;5170.5;5157.0;5169.0;5175.0;5179.5;5169.0;5174.0;5176.0;5173.5;5185.0;5194.5;5155.5;5136.0;5130.0;5156.0;5152.5;5162.0;5118.5;5169.0;5137.5;5170.5;5157.5;5169.5;5174.5;5127.0;517966;639221;601208;359749;241189;257071;742288;173199;202244;167140;97423;68937;73632;211886;0
2021-07-29;0.014529778061631806;0.6456043956043956;-0.0023950725426831916;-0.4999999999999997;-0.8660254037844388;-0.3943558551133187;0.9189578116202306;0.43388373911755823;-0.900968867902419;126415;126640;125550;125395;125940;125770;125830;127145;126745;125810;125955;126020;125920;126230;126375;125525;125140;125275;125600;125555;125710;126645;125545;125400;125940;125775;125830;125955;1905200;3995606;3034864;2132611;1975735;1552473;2181951;514926;853064;645561;459067;407372;326410;442056;5087.5;5079.5;5086.5;5061.5;5052.5;5059.0;5067.5;5092.0;5089.5;5088.0;5063.0;5059.5;5068.5;5081.5;5072.0;5070.5;5060.5;5044.0;5041.5;5056.0;5061.5;5079.5;5086.5;5062.0;5052.5;5059.0;5067.0;5063.5;446664;567807;573059;352611;250293;288457;324724;146258;173797;159408;92545;69796;70353;80241;0
2021-07-30;0.01586045959735791;-0.14962593516209477;-0.014242708384740661;-0.4999999999999997;-0.8660254037844388;-0.20129852008866114;0.9795299412524943;-0.433883739117558;-0.9009688679024191;124840;124775;124880;123910;123880;123400;122900;125125;125245;124905;124095;124090;123400;122940;124360;124380;123870;123715;123295;122765;122175;124770;124885;123910;123885;123395;122895;122590;2203206;3510084;3080643;1848700;1825303;2419851;2448858;613008;782639;671442;410351;383195;479185;463670;5098.5;5130.0;5110.5;5169.5;5163.5;5180.5;5194.0;5144.5;5133.0;5172.5;5176.5;5184.5;5200.0;5219.5;5098.5;5099.5;5105.0;5158.5;5158.0;5180.0;5192.5;5130.0;5110.5;5169.0;5163.5;5181.0;5193.5;5212.5;489352;446964;624379;351526;235990;279837;293955;173899;136240;172297;93200;67652;75533;77134;0
2021-08-02;0.027595322012175585;0.5500725689404935;-0.021839482668975757;-0.8660254037844384;-0.5000000000000004;0.39435585511331855;0.9189578116202306;0.0;1.0;123695;123605;124650;124345;123920;124310;124260;123700;124660;124805;124700;124685;124575;124345;123230;123535;124230;123905;123650;123935;123540;123605;124655;124350;123920;124305;124260;123545;1824976;3104529;2904096;2202476;2368415;2296920;2466069;505302;724653;658440;490876;522297;487571;489290;5210.0;5163.0;5161.5;5153.0;5145.5;5140.5;5154.0;5214.5;5172.5;5165.0;5163.5;5162.5;5154.5;5183.0;5150.0;5153.0;5143.0;5136.0;5134.0;5135.5;5152.5;5163.0;5162.0;5153.0;5145.5;5140.0;5154.5;5177.5;689548;436180;477966;359509;312979;235929;346085;226568;135496;151619;106837;89780;70979;102394;0
2021-08-03;0.022798011237317596;0.4379432624113475;-0.02357269220787711;-0.8660254037844384;-0.5000000000000004;0.5712682150947923;0.8207634412072763;0.7818314824680298;0.6234898018587336;123220;122780;121380;121660;122680;123175;122890;123480;123150;121770;122925;123250;123560;123600;121880;121235;120955;121640;122390;122765;122860;122785;121375;121665;122685;123180;122885;123370;3015559;4652122;3289714;2513134;1880268;2270663;1984417;836394;1153436;876113;674462;524199;613594;504666;5187.0;5254.0;5284.0;5274.5;5253.5;5251.0;5248.5;5275.5;5289.0;5294.0;5277.0;5264.5;5251.5;5250.0;5183.0;5252.0;5266.0;5246.0;5241.0;5232.0;5218.5;5254.0;5284.0;5274.5;5254.0;5251.0;5248.5;5224.5;974029;635234;543503;449043;340074;314950;290793;326786;208638;172622;140737;101957;97461;86528;1
2021-08-04;0.024874208732348645;0.7422512234910277;-0.021760917669706382;-0.8660254037844384;-0.5000000000000004;0.7247927872291199;0.6889669190756866;0.9749279121818236;-0.22252093395631434;123230;123310;122735;122135;121450;121675;122455;123820;123415;122735;122195;122000;122490;122710;122925;122500;121655;121135;121370;121675;122025;123310;122725;122135;121450;121680;122450;122255;2948102;4280187;3486187;2289384;1796759;2215913;2042475;875902;1254926;1011791;592842;459527;559126;499432;5204.0;5217.0;5194.5;5236.5;5253.0;5249.5;5211.0;5238.5;5224.0;5256.0;5265.0;5260.0;5249.5;5215.0;5191.5;5184.0;5194.0;5232.5;5241.0;5208.5;5196.5;5217.0;5194.0;5236.5;5253.5;5249.5;5211.0;5207.5;797200;662910;778062;402764;243410;361290;278951;284700;220062;242779;119924;79493;111824;83651;0
2021-08-05;0.02178852552138278;0.7877094972067039;-0.020303368129455084;-0.8660254037844384;-0.5000000000000004;0.8486442574947509;0.5289640103269624;0.43388373911755823;-0.900968867902419;123250;123435;123450;123315;122735;122260;121995;123800;123800;123800;123465;122950;122325;122155;123215;123005;122935;122590;122205;121665;121230;123440;123455;123315;122730;122255;121990;121540;1836966;3934096;3176728;2379726;1968635;2101487;2303879;589198;1089302;856246;601676;529855;540743;551818;5142.5;5156.5;5138.5;5156.5;5195.5;5201.0;5216.0;5184.0;5164.5;5161.5;5197.0;5210.5;5228.5;5244.0;5137.0;5128.5;5133.5;5154.0;5191.5;5199.0;5212.0;5156.0;5138.5;5156.5;5195.5;5201.0;5215.5;5225.5;753319;790739;551726;531825;356618;368114;384607;252637;253576;166954;156792;102081;114382;111758;1
2021-08-06;0.024056795131845842;0.23102866779089376;-0.031632128584463244;-0.8660254037844384;-0.5000000000000004;0.9377521321470804;0.3473052528448203;-0.433883739117558;-0.9009688679024191;121520;121865;122235;122325;123085;123075;122915;122100;122685;122435;123225;123290;123470;123180;121100;121810;121660;122145;122755;122910;122850;121865;122235;122325;123085;123070;122910;122930;2342720;3380482;2550868;2166209;1807586;1476398;1423541;816253;967750;701723;542322;441071;366516;338358;5249.0;5270.0;5269.5;5260.5;5243.0;5244.0;5257.0;5292.5;5277.0;5286.5;5266.5;5260.0;5265.0;5268.0;5232.0;5222.0;5251.5;5226.0;5240.0;5238.0;5247.0;5270.0;5269.5;5260.5;5243.0;5244.5;5257.0;5261.5;860940;813675;510895;434083;259025;231797;233406;303925;251438;164010;138219;82563;74204;72091;1
2021-08-09;0.019502962475312705;0.5907172995780591;-0.022798704510282552;-0.8660254037844384;-0.5000000000000004;0.9680771188662043;-0.2506525322587204;0.0;1.0;122500;122340;123500;122385;123065;123050;123490;122590;123565;123550;123255;123230;123790;123680;122160;122280;122350;122325;122835;122975;123260;122340;123500;122390;123065;123050;123490;123275;1539604;3435213;3303322;2386197;1690615;2280061;1527397;481664;890223;827501;576236;410091;552628;368198;5245.0;5290.0;5257.0;5309.5;5306.0;5282.5;5243.0;5298.5;5293.0;5315.0;5315.0;5306.0;5285.5;5255.0;5241.0;5246.0;5254.0;5293.5;5281.5;5232.0;5230.5;5290.5;5256.5;5310.0;5306.0;5282.5;5243.0;5255.0;677304;734958;681150;391784;261485;505770;339056;247329;248205;214970;126934;83657;150867;95036;0
2021-08-10;0.013306122448979591;0.6901840490797546;-0.014380365155345918;-0.8660254037844384;-0.5000000000000004;0.8978045395707416;-0.4403941515576344;0.7818314824680298;0.6234898018587336;123285;123300;123315;123475;123180;123175;122615;123575;123655;123545;123660;123340;123230;122805;123105;122850;122950;123125;122730;122400;122305;123295;123315;123475;123175;123175;122615;122605;1861825;4036444;2924883;2136628;2064550;2097472;1871746;564005;1072706;740834;518143;499827;496228;434382;5252.0;5256.5;5257.0;5234.0;5208.0;5217.0;5225.0;5278.5;5277.5;5271.5;5241.5;5225.5;5233.0;5232.0;5236.0;5234.0;5229.0;5206.0;5207.5;5200.5;5210.0;5257.0;5257.5;5233.5;5208.0;5217.0;5225.5;5212.0;932775;792961;663468;456146;310177;391431;287442;343858;264714;207570;140930;97492;120497;88383;0
2021-08-11;0.012248043152046072;0.38079470198675497;-0.016352710390112633;-0.8660254037844384;-0.5000000000000004;0.7907757369376989;-0.6121059825476626;0.9749279121818236;-0.22252093395631434;122725;122520;121415;121320;122090;122610;122770;122820;122585;121530;122150;122635;122900;122780;121865;121170;120855;121140;121970;122560;122480;122520;121415;121315;122090;122610;122770;122600;2560487;4201279;2746403;2490198;2021402;1881686;1658837;785883;1113808;718429;620380;483710;447207;371706;5210.5;5189.5;5213.5;5228.5;5219.5;5232.5;5228.5;5234.0;5223.5;5249.0;5239.0;5236.0;5237.5;5235.5;5178.0;5185.0;5210.5;5219.0;5215.0;5222.5;5223.0;5189.5;5213.5;5228.5;5219.0;5233.0;5228.0;5233.0;875318;820897;616728;434228;273748;288186;179624;292494;268218;182927;118609;79067;81134;55712;0
2021-08-12;0.016663271542065594;0.7506112469437652;-0.016329540454140857;-0.8660254037844384;-0.5000000000000004;0.6513724827222223;-0.7587581226927909;0.43388373911755823;-0.900968867902419;122390;121745;121405;121020;121380;121645;121065;122455;121745;121520;121455;121910;121740;121135;121520;121065;120530;120955;121325;120950;120745;121740;121400;121015;121380;121640;121070;121060;2147913;3430469;2951227;1934874;1801156;2181762;1934358;621857;894279;750465;472008;429675;527430;446875;5233.0;5243.5;5236.0;5256.5;5250.5;5239.5;5233.0;5257.5;5263.5;5267.0;5270.5;5250.5;5243.5;5267.5;5226.0;5236.0;5235.0;5243.0;5229.0;5222.5;5233.0;5243.5;5236.5;5256.0;5250.0;5240.0;5233.5;5266.5;630934;611822;508111;332401;277707;282643;316844;236373;204270;167162;106772;89396;91519;100328;0
2021-08-13;0.01703570553149767;0.24940047961630696;-0.025508949695496736;-0.8660254037844384;-0.5000000000000004;0.48530196253108104;-0.8743466161445821;-0.433883739117558;-0.9009688679024191;120890;121250;120220;120420;120890;121005;120605;121300;121265;120715;120895;121140;121240;120960;120725;120140;119940;120345;120600;120545;120390;121245;120220;120425;120890;121000;120605;120890;2225922;3622473;3140091;2104043;1780111;1799183;2097601;645937;1008471;860165;555471;464877;468246;530297;5255.0;5249.0;5282.0;5261.0;5248.0;5249.5;5253.0;5269.5;5290.0;5294.0;5264.0;5253.0;5255.5;5259.0;5241.5;5245.0;5259.0;5237.0;5239.0;5232.5;5242.0;5249.0;5282.0;5260.5;5248.0;5249.5;5253.5;5257.0;627608;674420;603702;457430;221433;281471;262659;218087;219874;182794;128726;68449;79736;74697;1
2021-08-16;0.011539415998014724;0.43727598566308246;-0.026185158108593887;-0.8660254037844384;-0.5000000000000004;-0.10116832198743204;-0.9948693233918952;0.0;1.0;120550;120545;119670;119480;119060;119165;119275;120600;120760;119845;119630;119245;119575;119460;120015;119520;119320;118820;118700;119075;118870;120545;119665;119485;119065;119160;119275;119190;1605958;3686397;2887241;2652527;2152149;2248883;2309075;449949;891214;696148;626011;512914;515206;522796;5286.0;5271.5;5264.0;5247.0;5258.0;5260.0;5268.5;5309.0;5279.5;5264.0;5266.5;5262.0;5273.5;5285.5;5271.5;5258.0;5240.0;5245.5;5248.0;5254.0;5264.0;5271.5;5264.0;5247.0;5258.0;5260.0;5268.0;5282.0;569983;574808;583973;417614;255380;274474;271127;200504;192096;174748;125272;71929;85714;79764;0
2021-08-17;0.01708834508502696;0.29854368932038833;-0.03404306994818653;-0.8660254037844384;-0.5000000000000004;-0.2993631229733582;-0.9541392564000488;0.7818314824680298;0.6234898018587336;119315;118835;118205;118140;117700;116745;116620;119340;119125;118740;118465;117890;117150;117220;118435;118060;118110;117610;116685;116220;116465;118835;118210;118135;117695;116740;116620;117145;3006706;4658910;3498704;2826348;2856203;3102945;2731220;877564;1144568;863282;656317;661220;705433;623172;5291.5;5283.5;5267.0;5262.5;5264.5;5293.5;5298.0;5292.5;5309.5;5274.0;5269.5;5298.0;5314.0;5307.0;5265.0;5258.5;5255.5;5246.0;5258.5;5283.0;5265.5;5283.5;5266.5;5262.5;5264.0;5293.0;5298.0;5281.0;669116;833725;494992;453001;451425;437308;458706;235609;267267;159580;125622;132531;126927;128793;1
2021-08-18;0.026149268742404558;0.8557692307692307;-0.03418806890417024;-0.8660254037844384;-0.5000000000000004;-0.4853019625310808;-0.8743466161445822;0.9749279121818236;-0.22252093395631434;118890;118335;118365;117815;117995;118610;119195;118965;118555;118375;118165;118615;119685;119490;117965;117465;117290;117485;117610;118570;118275;118340;118365;117815;118000;118615;119195;118345;2056038;3808892;3539711;2756307;2146419;2487281;2708352;650214;984572;900121;687539;523371;576639;650373;5295.0;5294.5;5274.0;5318.0;5353.0;5347.5;5353.5;5306.5;5299.0;5333.5;5364.0;5364.0;5359.5;5370.0;5282.5;5273.0;5271.5;5315.0;5345.0;5338.0;5328.5;5295.0;5274.5;5318.0;5352.5;5347.5;5353.5;5367.5;555403;556908;820289;611737;266682;298792;503251;202221;188155;256580;175429;87906;93452;158526;0
2021-08-19;0.027041803347632266;-0.39502332814930013;-0.06055237400127625;-0.8660254037844384;-0.5000000000000004;-0.651372482722222;-0.7587581226927911;0.43388373911755823;-0.900968867902419;115200;115440;116370;116280;116950;117515;117610;115850;116545;116750;117025;117695;118415;118095;114825;115435;115670;115940;116840;117130;117320;115435;116370;116280;116950;117515;117610;117985;2619569;4095107;3723206;3035818;2364269;3067453;2816040;809439;1121711;946544;742472;566469;713374;627778;5426.5;5443.0;5411.5;5427.0;5414.0;5402.0;5423.0;5464.5;5447.0;5444.5;5445.0;5424.5;5425.0;5446.5;5420.0;5404.0;5393.0;5406.5;5390.0;5387.5;5415.0;5442.5;5411.0;5426.5;5414.5;5402.0;5423.0;5433.0;818601;756296;734047;526209;392529;377896;367311;283066;250497;221179;157477;109701;113156;109133;0
2021-08-20;0.031163194444444445;0.6838440111420613;-0.04025008490284251;-0.8660254037844384;-0.5000000000000004;-0.7907757369376986;-0.6121059825476627;-0.433883739117558;-0.9009688679024191;117280;116700;117275;117715;118105;118680;118695;117470;117515;117795;118315;118825;118715;119160;116670;116425;117055;117640;118080;118275;118630;116700;117275;117715;118110;118685;118690;118830;2046538;4305823;3344389;2136242;1709582;1774365;1807133;564807;1101088;917280;582847;465828;447854;442860;5450.0;5473.0;5454.0;5420.5;5406.5;5406.0;5413.0;5478.5;5483.0;5469.0;5426.5;5409.5;5421.0;5418.5;5434.5;5451.0;5418.0;5401.0;5393.0;5399.5;5393.5;5473.0;5453.5;5420.0;5406.5;5405.5;5413.0;5396.0;601380;607046;574274;401563;251253;216104;227970;216898;200028;189782;121898;79057;70455;74935;0
2021-08-23;0.02332025920873124;1.0511882998171846;-0.02129684321060576;-0.8660254037844384;-0.5000000000000004;-0.9987165071710528;-0.05064916883871355;0.0;1.0;119300;118945;118640;118675;117970;118200;118280;119595;119120;118735;118850;118240;118635;118470;118910;118230;118230;117800;117745;118090;118025;118945;118645;118675;117970;118200;118280;118340;1866614;3947551;3123771;2832782;1573525;1981596;1896881;560680;1066853;822172;725213;415565;501028;446031;5372.0;5360.0;5377.5;5380.5;5391.5;5388.0;5390.0;5382.5;5395.0;5394.5;5408.5;5393.5;5399.5;5402.5;5351.5;5353.0;5374.5;5379.5;5376.0;5378.5;5381.5;5360.5;5377.5;5380.5;5391.0;5388.0;5390.0;5383.0;556045;694456;449445;413066;274876;301719;253690;200743;246903;152079;131264;84893;93782;83865;0
2021-08-24;0.01550712489522213;0.6297297297297297;-0.021222216963368887;-0.8660254037844384;-0.5000000000000004;-0.9884683243281114;0.15142777750457667;0.7818314824680298;0.6234898018587336;118910;119440;120190;120915;120740;120815;120815;119560;120405;121090;121170;121005;121135;121245;118880;119410;120040;120720;120570;120725;120780;119440;120190;120915;120740;120815;120820;121100;1827353;3385967;3017471;1923108;2202993;2124001;1812281;520784;817785;710707;453195;501146;480785;397711;5368.5;5344.5;5327.5;5283.5;5283.0;5263.5;5268.0;5371.0;5353.5;5328.5;5284.0;5285.0;5269.5;5270.0;5331.0;5321.5;5276.5;5266.0;5255.5;5255.5;5253.0;5344.5;5327.5;5283.5;5283.5;5263.5;5267.5;5255.5;648629;648663;709986;365171;369677;251615;243002;213658;207272;201012;101717;103609;70887;69277;0
2021-08-25;0.02014128332352199;0.9457202505219207;-0.0013910212156495038;-0.8660254037844384;-0.5000000000000004;-0.9377521321470804;0.3473052528448203;0.9749279121818236;-0.22252093395631434;121145;120415;120220;120360;120445;120260;120635;121215;120625;120655;120680;120525;120650;121325;120320;119845;120160;120215;120110;120200;120590;120410;120215;120360;120445;120265;120640;121205;2435250;3443069;2891923;2171416;1598461;1623987;2301844;654752;880949;731597;526006;386109;372481;503577;5271.5;5246.5;5266.0;5251.0;5250.0;5252.0;5243.0;5274.0;5275.0;5272.0;5255.0;5254.5;5259.0;5246.0;5234.5;5230.5;5245.5;5232.5;5242.0;5242.5;5210.5;5246.5;5265.5;5250.5;5250.5;5252.0;5242.5;5212.0;691391;731277;520997;399502;222869;245881;398882;231690;229973;166654;115562;66768;78080;114584;1
2021-08-26;0.014404226340335962;0.6905444126074498;-0.0001486767766874814;-0.8660254037844384;-0.5000000000000004;-0.848644257494751;0.5289640103269624;0.43388373911755823;-0.900968867902419;121050;120740;121460;120705;120405;120345;120030;121185;121480;121560;120710;120690;120520;120070;120585;120595;120615;120015;120215;119980;119700;120740;121455;120705;120405;120350;120030;119775;1813878;3782283;3521201;2699413;1742565;1897550;1974670;530743;953480;870526;632052;415085;443354;444184;5228.0;5234.5;5243.5;5253.0;5245.5;5251.5;5256.0;5245.0;5252.5;5259.5;5261.5;5252.5;5261.0;5265.0;5219.5;5234.0;5234.0;5240.5;5239.5;5247.0;5251.0;5234.0;5243.5;5253.0;5245.5;5252.0;5256.0;5262.0;482479;486995;545289;361351;197298;206526;203662;170722;163151;173507;105934;58067;61566;58999;0
2021-08-27;0.020900454357703428;0.3774703557312253;-0.006518467611558118;-0.8660254037844384;-0.5000000000000004;-0.72479278722912;0.6889669190756865;-0.433883739117558;-0.9009688679024191;119985;120035;120285;120660;120880;121045;121000;120130;120465;120890;121030;121125;121125;121170;119715;119660;120165;120380;120725;120775;120830;120040;120285;120660;120880;121040;121005;120875;1715538;3326045;2811987;1933908;1378269;1392423;1550622;498174;864510;680250;453682;322511;330647;353739;5258.5;5238.5;5238.0;5211.5;5197.0;5203.0;5213.5;5263.5;5255.0;5245.5;5217.0;5209.5;5214.5;5214.5;5236.0;5226.0;5208.5;5193.0;5196.5;5200.0;5189.0;5239.0;5238.0;5212.0;5197.5;5203.0;5213.0;5193.5;527181;571441;718880;339295;252793;224130;265185;180996;182980;220159;101813;69731;60665;74343;1
2021-08-30;0.014501812726590823;0.8390804597701149;0.0034984082139062245;-0.8660254037844384;-0.5000000000000004;-0.20129852008866114;0.9795299412524943;0.0;1.0;121120;120555;119985;120675;120860;120865;120200;121200;120975;120685;120935;121020;120895;120580;120555;119900;119970;120540;120635;120160;120130;120555;119985;120675;120865;120870;120200;120545;1419265;3345784;2534067;2048769;1632119;2268339;1621305;423681;815517;594841;461709;369039;527420;351101;5200.0;5212.5;5213.0;5186.5;5193.5;5190.5;5197.0;5227.5;5222.5;5213.5;5201.0;5199.5;5201.0;5199.0;5199.5;5201.5;5183.5;5183.5;5185.5;5181.0;5184.0;5212.5;5213.5;5186.5;5193.0;5190.5;5197.5;5188.0;522043;460938;532306;309770;200725;290307;196357;189514;152376;162969;89280;62326;79535;58065;0
2021-08-31;0.010733157199471599;0.2230769230769231;-0.0031537630551483472;-0.8660254037844384;-0.5000000000000004;-2.4492935982947064e-16;1.0;0.7818314824680298;0.6234898018587336;120190;120215;120010;120140;119510;118870;118545;120420;120795;120550;120395;119705;119045;119015;119805;119865;119985;119480;118825;118415;118455;120215;120010;120145;119510;118865;118545;118755;2218526;3769135;3097926;2806458;2375979;2304692;2006177;673149;992536;810632;710312;586896;531400;463829;5207.0;5192.5;5172.0;5141.0;5163.0;5179.5;5186.5;5220.0;5198.5;5176.0;5167.5;5183.0;5198.5;5196.5;5184.0;5165.0;5138.0;5139.5;5158.5;5174.0;5182.5;5193.0;5172.5;5141.0;5163.0;5179.0;5187.0;5189.5;541769;568613;560176;392948;342754;316872;235599;191598;180612;166191;103902;102990;94092;66620;1
2021-09-01;0.019801980198019802;0.41386554621848737;-0.008048185264032401;-1.0;-1.8369701987210297e-16;0.20791169081775931;0.9781476007338057;0.9749279121818236;-0.22252093395631434;119400;119635;119620;119875;119525;119715;120400;119665;119705;119980;120040;119940;120560;120615;119005;118625;119440;119190;119450;119660;120065;119635;119625;119875;119525;119720;120400;120120;2067617;4229527;2730418;2515310;1954122;2162957;1774566;620217;1099948;702151;630312;492444;509391;399945;5177.0;5172.0;5178.0;5177.0;5203.0;5200.5;5183.5;5185.5;5192.5;5184.0;5209.0;5204.0;5203.5;5196.5;5164.0;5162.5;5167.0;5169.5;5185.0;5175.5;5182.5;5172.0;5178.0;5177.0;5203.0;5200.5;5183.5;5187.0;538958;642988;457313;478311;289602;250682;205244;195247;202574;124628;132755;84923;76155;64599;0
2021-09-02;0.016666666666666666;0.48743718592964824;-0.005254654226284915;-1.0;-1.8369701987210297e-16;0.40673664307580015;0.9135454576426009;0.43388373911755823;-0.900968867902419;119595;119260;118285;118790;118555;118235;117880;119735;119330;119040;119140;118645;118520;118040;119140;118085;118160;118325;118025;117805;117330;119265;118285;118795;118555;118240;117885;117540;2326284;4150482;3302071;2817817;2257489;2639715;2247613;671531;1074600;836265;741649;561589;642284;561030;5194.0;5203.5;5208.5;5164.5;5185.0;5179.0;5189.0;5215.5;5220.0;5209.0;5187.0;5189.5;5193.0;5211.5;5189.5;5198.0;5161.5;5162.5;5172.0;5174.0;5178.0;5203.5;5209.0;5164.0;5185.0;5179.5;5189.0;5204.0;595243;567458;661888;433796;271959;303787;381867;215343;181294;193728;113926;74600;76919;101138;0
2021-09-03;0.023537773318282537;0.26465364120781526;-0.01970136570308611;-1.0;-1.8369701987210297e-16;0.5877852522924731;0.8090169943749475;-0.433883739117558;-0.9009688679024191;117665;118145;117375;116640;116385;116200;116165;118350;118200;117480;116940;116730;116395;117185;117520;117250;116620;116295;116115;116085;116130;118145;117380;116645;116390;116200;116165;117155;2492344;3846395;2943888;2225629;1904368;1706768;2171623;796501;1092830;765551;551885;470704;408959;503310;5192.5;5175.0;5200.0;5192.0;5188.5;5197.5;5204.5;5193.5;5206.5;5210.0;5202.0;5202.5;5207.0;5210.0;5150.0;5164.5;5182.5;5183.5;5183.5;5191.5;5200.5;5175.0;5199.5;5192.0;5188.5;5197.0;5204.5;5202.5;730837;669126;585021;345021;183541;194674;201877;242117;208662;161854;91606;54711;54031;55852;0
2021-09-06;0.019249564441422683;0.4922737306843267;-0.02104093752871307;-1.0;-1.8369701987210297e-16;0.9510565162951535;0.30901699437494745;0.0;1.0;117200;116675;117550;117940;117760;118100;118435;117305;117575;118040;118040;118310;118585;118550;116530;116620;117425;117570;117690;118085;118065;116670;117555;117935;117760;118095;118430;118260;1498974;2910089;2170508;1613716;1446899;1131808;1359064;478554;793409;538477;405672;371445;297157;363537;5207.5;5225.0;5208.5;5184.5;5180.5;5185.5;5184.0;5230.5;5227.0;5210.0;5188.5;5186.0;5186.0;5192.5;5204.0;5206.0;5182.5;5173.0;5177.5;5180.0;5182.0;5224.5;5208.5;5184.0;5181.0;5186.0;5184.5;5191.0;298678;391562;334104;250692;99410;62204;96614;107467;130894;104336;76979;33188;19553;28656;0
2021-09-08;0.017534129692832766;0.30170316301703165;-0.019556561710817308;-1.0;-1.8369701987210297e-16;0.9945218953682734;-0.10452846326765333;0.9749279121818236;-0.22252093395631434;117150;117890;116330;115245;115270;115140;115005;117920;117980;116510;115345;115550;115330;115275;117010;116320;115055;114785;114670;114555;114575;117890;116330;115240;115265;115140;115000;114645;2093102;4255959;3641628;2728398;2816006;2504544;2085989;625837;1098449;875714;662693;709874;625328;496443;5211.5;5216.0;5253.0;5298.0;5302.0;5311.5;5307.5;5241.0;5253.5;5306.0;5327.0;5316.5;5321.5;5330.0;5210.5;5216.0;5248.5;5292.5;5286.5;5288.5;5300.0;5216.0;5253.0;5298.0;5301.5;5311.5;5307.5;5327.0;612197;604064;688399;627771;378311;358841;306718;211765;195489;192565;155935;107966;101159;86511;0
2021-09-09;0.03764404609475032;0.22675736961451248;-0.03767772661127245;-1.0;-1.8369701987210297e-16;0.9510565162951536;-0.30901699437494734;0.43388373911755823;-0.900968867902419;114570;114150;114230;113970;113485;114145;113160;114930;114750;114485;114105;114460;114235;113560;113500;113655;113840;113100;113475;113005;112815;114145;114230;113970;113480;114145;113160;113265;3897780;4461258;2903242;2740306;2311623;2766968;2531470;1236816;1323308;816691;761562;635403;735320;640997;5322.0;5326.5;5302.5;5286.5;5293.5;5298.5;5322.0;5351.5;5334.5;5305.5;5306.5;5301.0;5328.0;5344.0;5304.0;5285.0;5278.0;5281.0;5286.0;5292.5;5310.5;5326.5;5302.5;5286.5;5293.5;5298.0;5322.0;5321.0;935490;806860;563480;403980;237168;424201;393619;302586;248492;161477;108506;63506;121042;100833;1
2021-09-10;0.03866631753513136;1.0011286681715577;-0.013074137281597936;-1.0;-1.8369701987210297e-16;0.8660254037844387;-0.4999999999999998;-0.433883739117558;-0.9009688679024191;117250;117275;116365;115885;116030;116250;115580;118195;117350;116580;116345;116505;116405;115985;117250;116125;115670;115735;115920;114680;115340;117270;116365;115880;116030;116250;115580;115750;2170224;3819018;2963714;2107926;1721478;3013926;2062564;780958;1218567;919457;654470;526929;899726;592527;5179.0;5234.5;5224.0;5242.5;5235.0;5235.5;5266.5;5241.0;5243.0;5255.5;5254.5;5241.5;5282.5;5279.0;5174.0;5218.5;5218.5;5231.0;5231.0;5233.0;5260.5;5234.5;5224.5;5242.0;5235.5;5235.5;5266.5;5268.0;761961;556136;515711;364078;151418;458223;222352;234388;187945;157609;104124;46204;132929;66260;0
2021-09-13;0.032366737739872066;0.31620553359683795;-0.024491096160621423;-1.0;-1.8369701987210297e-16;0.40673664307580004;-0.913545457642601;0.0;1.0;115600;116365;116515;116960;117235;117065;116920;116445;116685;117150;117455;117585;117295;117370;115515;115875;116035;116630;116980;116740;116530;116370;116515;116960;117240;117070;116920;117240;1944852;4157815;3699927;2191905;1883030;1766640;2395119;652484;1316261;1121575;696164;574269;535298;694083;5253.0;5241.5;5239.0;5225.5;5225.5;5230.0;5237.0;5257.0;5254.0;5252.0;5231.5;5235.5;5247.0;5251.5;5218.0;5230.5;5221.0;5216.0;5222.5;5225.5;5237.0;5241.5;5239.5;5225.0;5225.0;5230.0;5237.0;5247.0;672338;600173;507756;335573;214510;241908;216703;238401;207395;161705;106189;63829;71206;61170;0
2021-09-14;0.017906574394463668;0.37922705314009664;-0.01671084281323847;-1.0;-1.8369701987210297e-16;0.20791169081775931;-0.9781476007338057;0.7818314824680298;0.6234898018587336;116300;117015;117010;116700;117595;117305;117360;117145;117735;117300;117620;117715;117470;117435;115980;116725;116525;116675;117250;117015;116825;117015;117015;116705;117595;117305;117360;116940;2607753;3703379;3013151;2025600;1591954;1970067;1853497;912751;1132719;914358;589287;450775;552425;502431;5250.0;5222.0;5257.0;5246.0;5237.0;5252.0;5254.5;5252.5;5259.5;5266.5;5248.5;5259.5;5256.0;5266.0;5212.5;5218.0;5238.0;5227.5;5233.0;5241.0;5250.5;5222.0;5256.5;5246.5;5237.0;5252.0;5254.5;5262.5;663864;616401;525645;294496;246316;237788;238267;229705;198053;162245;85993;74183;70690;69920;0
2021-09-15;0.015090283748925194;0.3817663817663818;-0.01261215507025563;-1.0;-1.8369701987210297e-16;5.66553889764798e-16;-1.0;0.9749279121818236;-0.22252093395631434;116650;116770;116040;115415;115500;115625;115425;116980;116770;116100;115630;115760;115670;115670;116435;115585;115260;115105;115265;115115;115320;116770;116040;115415;115495;115625;115430;115525;2032315;3832666;2953050;1775482;1805207;1782548;1508181;714074;1165159;888648;519211;522680;535271;421580;5255.0;5264.0;5268.0;5267.0;5267.0;5260.0;5269.0;5276.0;5284.5;5281.5;5275.0;5273.0;5274.0;5276.0;5243.5;5261.0;5260.5;5264.5;5254.5;5256.5;5251.0;5263.5;5268.0;5267.0;5267.0;5260.0;5269.0;5263.0;692366;724203;531921;254794;249810;235850;239208;213394;212578;139529;67410;69550;70264;69749;0
2021-09-16;0.01607372481783112;-0.13866666666666666;-0.027252514557967178;-1.0;-1.8369701987210297e-16;-0.20791169081775907;-0.9781476007338057;0.43388373911755823;-0.900968867902419;114845;114560;113880;114355;114295;114175;114390;115130;114850;114500;114655;114310;114580;114675;114430;113710;113705;114025;113860;113960;114050;114555;113875;114350;114295;114175;114385;114185;2450544;3860185;2782657;1962775;1447924;1417920;1689656;842954;1229067;881423;591747;430582;404351;462630;5250.0;5265.5;5279.5;5266.0;5265.0;5272.0;5279.0;5272.5;5290.0;5288.5;5272.0;5273.0;5279.5;5292.0;5243.5;5261.0;5262.5;5257.5;5261.0;5265.5;5276.5;5265.0;5279.5;5266.5;5265.0;5271.5;5279.0;5278.5;503416;678700;450032;265404;175015;164573;265477;168561;188725;135174;71470;48073;49610;73823;1
2021-09-17;0.01240802821193783;0.05263157894736842;-0.03523127146309408;-1.0;-1.8369701987210297e-16;-0.4067366430758002;-0.9135454576426009;-0.433883739117558;-0.9009688679024191;113780;114035;112535;111745;111860;111685;111725;114145;114115;112600;112060;111955;111985;112210;113555;112415;111655;111575;111425;111530;111690;114035;112535;111750;111865;111680;111730;112060;2207863;3650268;2837651;1901741;1868043;1663168;1784897;735157;1071174;780049;532825;494542;469633;461820;5266.5;5304.0;5352.0;5327.5;5307.5;5296.5;5306.0;5312.5;5354.5;5358.0;5329.5;5310.0;5313.5;5312.0;5261.5;5301.0;5324.5;5302.5;5289.0;5293.0;5291.5;5304.0;5352.0;5327.0;5307.5;5297.0;5306.0;5297.0;661940;721941;690413;468487;272124;271118;230370;200055;202339;165363;111484;77116;75234;61876;0
2021-09-20;0.025839339075408682;-0.6802721088435374;-0.07133275081690488;-1.0;-1.8369701987210297e-16;-0.8660254037844384;-0.5000000000000004;0.0;1.0;109205;109335;109185;108710;108160;107940;108345;109385;110165;109475;108895;108310;108635;108425;108725;108920;108610;107925;107825;107800;107875;109340;109185;108705;108155;107940;108350;108020;2382744;4296879;3202223;2470295;2159220;2048823;2234676;793142;1358708;979975;689932;611998;578589;609710;5331.0;5342.5;5339.5;5340.0;5337.0;5370.0;5355.0;5356.5;5347.5;5349.0;5343.5;5371.0;5370.5;5378.5;5330.5;5316.0;5327.5;5324.0;5335.5;5343.5;5351.5;5342.5;5339.0;5340.0;5336.5;5370.0;5355.0;5374.5;547193;632270;457587;300503;340286;333884;295608;194228;216538;152747;88770;104909;102012;93260;1
2021-09-21;0.021656517558719838;1.1839323467230445;-0.05576614417921661;-1.0;-1.8369701987210297e-16;-0.9510565162951535;-0.30901699437494756;0.7818314824680298;0.6234898018587336;110600;109860;110040;109640;110625;110750;110940;110875;110135;110320;110710;111160;111190;111085;109745;109175;109330;109450;110605;110665;110350;109855;110040;109635;110620;110755;110940;110755;2489191;4550861;3587244;2636945;2233259;2109276;2178886;838979;1366803;1100784;796061;621541;600697;580961;5320.5;5319.5;5313.0;5325.5;5299.5;5298.5;5285.5;5334.5;5332.5;5346.0;5334.5;5303.5;5301.5;5298.0;5302.5;5307.0;5310.5;5296.0;5286.5;5276.5;5271.5;5319.5;5313.0;5325.5;5299.0;5299.0;5285.5;5276.5;530599;521754;528767;453016;272055;291246;280121;190525;181333;171649;134105;77038;82642;76127;0
2021-09-22;0.01821880650994575;1.1538461538461537;-0.044894253090173974;-1.0;-1.8369701987210297e-16;-0.9945218953682733;-0.10452846326765423;0.9749279121818236;-0.22252093395631434;111500;111995;112525;112195;113010;112940;113070;112460;112695;112810;113165;113135;113250;113605;111500;111910;112060;112115;112785;112750;112170;111990;112525;112195;113010;112940;113075;112690;2252112;3079921;2545601;2295649;1416104;1757781;3289300;748736;943956;742646;636152;405935;469332;924898;5262.0;5285.5;5292.0;5291.0;5280.0;5289.0;5284.0;5288.0;5299.5;5297.0;5293.5;5293.5;5293.5;5327.0;5257.5;5282.0;5280.5;5277.0;5276.0;5279.5;5259.5;5285.5;5292.5;5291.5;5280.5;5289.0;5284.0;5316.0;452473;453214;355465;271729;207099;170427;770864;155393;134824;109971;77462;57686;47953;232920;0
2021-09-23;0.018878923766816144;0.66270783847981;-0.02926938322771477;-1.0;-1.8369701987210297e-16;-0.9945218953682734;0.10452846326765299;0.43388373911755823;-0.900968867902419;112895;112970;113800;113880;114435;114265;114445;113395;113945;114015;114460;114575;114640;114465;112770;112670;113510;113585;114225;114185;113950;112975;113805;113880;114440;114265;114445;114145;1889397;3898861;2525224;2239010;1751394;1637591;1596750;629688;1200258;767448;635180;490588;454944;427064;5268.0;5300.0;5290.0;5292.5;5296.0;5301.5;5302.5;5305.0;5311.5;5316.0;5311.0;5303.5;5303.5;5314.5;5263.0;5284.0;5282.5;5289.0;5289.0;5293.5;5299.0;5299.5;5290.0;5292.5;5296.5;5302.0;5302.5;5307.5;563666;558866;499945;307015;192008;160566;233737;185379;170669;143172;88961;53821;43459;63124;1
2021-09-24;0.017449842774259268;0.3020304568527919;-0.022988010006038128;-1.0;-1.8369701987210297e-16;-0.9510565162951536;0.30901699437494723;-0.433883739117558;-0.9009688679024191;113265;113195;113255;112795;113375;113130;113350;113495;113690;113595;113445;113820;113580;113780;112990;112805;112685;112655;113110;113110;113240;113190;113255;112790;113375;113130;113350;113725;2013176;3371427;2940085;1949567;1939133;1783917;1378173;690938;1069216;898024;558406;514412;489754;377294;5320.0;5348.0;5340.5;5354.0;5347.5;5342.0;5350.0;5349.0;5358.0;5360.0;5358.0;5350.5;5350.5;5355.5;5320.0;5336.0;5336.0;5343.5;5335.0;5336.0;5340.0;5347.5;5340.5;5354.5;5348.0;5342.5;5349.5;5342.5;501850;528112;409478;201546;188292;181388;215701;150656;157103;122641;60223;55112;50426;58289;0
2021-09-27;0.01028561338454068;1.2231759656652361;-0.013479478116115922;-1.0;-1.8369701987210297e-16;-0.5877852522924734;0.8090169943749473;0.0;1.0;114080;113495;113715;113760;113555;113835;113495;114150;113730;114020;113880;114115;113920;113660;113120;112870;113575;113365;113480;113315;112355;113500;113715;113765;113555;113830;113495;112855;2026205;3597081;2679235;2052317;1928048;1871061;2925464;628954;1000909;699323;533161;483231;449786;713733;5326.0;5345.5;5332.5;5352.0;5360.5;5364.0;5372.5;5349.0;5356.5;5354.0;5370.5;5365.0;5379.0;5392.5;5311.5;5331.5;5332.0;5350.0;5353.5;5362.5;5369.0;5345.5;5333.0;5351.5;5360.0;5364.5;5372.5;5387.5;640048;760825;416274;388463;192701;263119;306423;209895;191448;117734;99386;54743;71407;78975;1
2021-09-28;0.024193548387096774;0.07246376811594203;-0.02352162927136087;-1.0;-1.8369701987210297e-16;-0.40673664307580015;0.913545457642601;0.7818314824680298;0.6234898018587336;112555;112780;112710;111520;111325;111000;110285;112940;113360;112800;111625;111650;111120;110680;112270;112430;111360;111050;110875;110270;110105;112780;112710;111520;111330;110995;110285;110575;2185562;3887258;3999219;2496164;1959239;2390777;2241308;723428;1144490;1123999;693502;534619;637964;565724;5408.5;5406.0;5416.5;5437.5;5430.5;5438.5;5449.5;5416.5;5428.5;5439.5;5445.0;5445.0;5451.0;5454.0;5400.0;5391.0;5411.0;5429.0;5423.5;5434.0;5427.5;5406.5;5417.0;5437.0;5430.5;5438.5;5450.0;5430.0;795338;735699;544998;356349;276448;252752;269738;208775;199481;163011;93454;74420;69444;71907;0
2021-09-29;0.030029763226866867;0.21301775147928995;-0.03517430269118387;-1.0;-1.8369701987210297e-16;-0.20791169081775898;0.9781476007338057;0.9749279121818236;-0.22252093395631434;110700;111145;111295;111875;111965;111825;111150;111355;111440;111975;112195;112120;111885;111585;110630;110490;111240;111590;111460;110845;111005;111145;111295;111880;111960;111820;111150;111005;2468754;4218896;2656880;2495857;2007587;2585122;2162921;804020;1265371;760532;635445;530358;657492;569938;5410.0;5422.5;5433.5;5425.5;5407.5;5417.0;5444.0;5439.0;5446.0;5438.5;5426.0;5422.0;5444.5;5447.0;5410.0;5420.0;5418.0;5390.0;5403.5;5416.0;5424.0;5422.0;5433.5;5425.0;5407.5;5417.0;5444.0;5431.5;599506;551053;462830;438800;268098;379515;313499;191800;173747;135074;117142;70416;96570;82493;1
2021-09-30;0.015401987353206865;0.6803519061583577;-0.02346440543063995;-1.0;-1.8369701987210297e-16;-1.133107779529596e-15;1.0;0.43388373911755823;-0.900968867902419;111650;112120;112225;111860;111950;111570;111530;112365;112475;112455;112515;112075;111825;111925;111525;111555;111710;111530;111010;111215;111280;112120;112220;111860;111950;111575;111530;111415;2141211;3943864;3364816;2885097;2678674;2153734;2385443;669472;1129410;942769;769312;730611;591890;627255;5431.5;5414.0;5471.5;5473.0;5475.5;5482.5;5483.5;5443.0;5474.0;5484.5;5478.5;5491.0;5490.5;5500.0;5392.5;5414.0;5459.0;5438.0;5466.5;5474.5;5463.5;5414.0;5471.5;5473.5;5476.0;5482.0;5483.5;5470.5;645253;930273;593471;574700;345796;221247;412199;198118;244369;142046;131873;91535;63935;105382;0
2021-10-01;0.018405732198835647;0.2871046228710462;-0.02509256353249216;-0.8660254037844386;0.5000000000000001;0.20129852008866006;0.9795299412524945;-0.433883739117558;-0.9009688679024191;111050;111295;111790;111790;112210;112290;112955;111345;111980;112140;112425;112400;113065;113150;110930;111205;111410;111650;112055;112220;112760;111290;111795;111790;112215;112290;112950;112845;2210057;3383863;3672549;2658837;1531863;1990587;1692910;693394;948915;991888;725094;400999;493873;410528;5442.5;5443.0;5418.5;5413.0;5391.0;5399.5;5386.5;5456.0;5443.5;5424.5;5414.5;5406.0;5400.0;5388.0;5431.0;5405.0;5396.5;5384.0;5389.5;5382.0;5376.0;5442.5;5418.5;5413.0;5391.5;5400.0;5386.0;5382.5;494186;610448;619146;401023;232591;209951;224905;154631;181059;182709;110899;65869;58192;62891;0
2021-10-04;0.019990995047276;0.6171171171171171;-0.012367394052657616;-0.8660254037844386;0.5000000000000001;0.7247927872291199;0.6889669190756866;0.0;1.0;112300;112280;111550;110690;110370;110255;110235;112420;112300;111620;110820;110450;110435;110570;112000;111235;110515;109900;110105;110100;110210;112280;111550;110690;110370;110250;110235;110380;1720335;3644902;3614454;2813340;1974903;2024679;2106638;551647;1044588;956142;725389;502749;506594;541367;5408.5;5408.5;5442.5;5459.0;5455.0;5458.0;5468.0;5414.5;5445.5;5464.0;5465.0;5468.0;5468.0;5470.5;5395.5;5407.5;5431.5;5454.0;5452.5;5453.0;5460.0;5408.5;5442.0;5459.5;5455.0;5457.5;5468.0;5467.0;444812;555263;436345;283385;228253;224291;214028;154991;179729;134986;82606;66155;61146;58795;1
2021-10-05;0.022439893143365985;0.4642857142857143;-0.02040420343348018;-0.8660254037844386;0.5000000000000001;0.8486442574947509;0.5289640103269624;0.7818314824680298;0.6234898018587336;111070;110915;110555;110800;111570;111545;111090;111265;111060;111020;111645;111815;111630;111260;110655;110060;110460;110745;111485;111040;110635;110910;110555;110800;111570;111550;111095;110935;2552726;4283863;3325608;2834559;1752680;1978518;2208479;845352;1288130;901661;706637;456252;518728;564849;5450.0;5470.5;5485.0;5490.0;5484.0;5490.5;5492.0;5478.5;5494.0;5496.5;5496.5;5493.0;5499.5;5497.0;5446.5;5464.0;5479.0;5460.5;5483.5;5483.5;5482.0;5470.5;5485.0;5490.0;5483.5;5491.0;5492.5;5493.0;670831;597153;356351;471988;139084;217914;184035;219097;197805;105525;124919;44958;64986;56194;0
2021-10-06;0.01580084631313586;-0.43874643874643876;-0.03266064790228359;-0.8660254037844386;0.5000000000000001;0.9377521321470804;0.3473052528448203;0.9749279121818236;-0.22252093395631434;109290;108805;108810;109225;109275;109025;109735;109320;109695;109265;109425;109380;109750;110485;108210;108715;108120;108660;108515;108725;109585;108805;108805;109230;109270;109020;109735;110255;2836548;4645812;4303921;2477951;2369838;2738284;2791092;906286;1355911;1143491;691933;619951;688983;677553;5535.0;5527.5;5536.0;5521.5;5535.5;5547.0;5526.5;5541.0;5540.0;5547.5;5544.0;5558.0;5551.0;5532.5;5509.0;5513.0;5518.0;5518.0;5532.0;5526.5;5496.0;5527.5;5536.0;5521.0;5536.0;5547.5;5526.5;5505.5;731123;615231;597551;324978;309767;261408;453555;228547;196845;165078;87933;91739;72717;116422;1
2021-10-07;0.024430414493549272;1.3651685393258426;-0.00937971561712679;-0.8660254037844386;0.5000000000000001;0.9884683243281114;0.1514277775045767;0.43388373911755823;-0.900968867902419;111765;110930;110895;111005;111230;111140;110970;111765;111135;111280;111265;111485;111290;111480;110880;110530;110575;110635;110955;110735;110850;110935;110895;111010;111230;111140;110965;110955;2281833;3855612;3241573;2483911;2086649;2202485;2245414;721747;1133180;909322;664336;563371;575781;594904;5491.5;5518.0;5538.0;5531.0;5526.0;5528.0;5516.5;5526.0;5547.5;5541.0;5544.0;5533.0;5535.0;5527.5;5487.5;5517.5;5523.0;5520.5;5522.0;5511.0;5506.0;5518.0;5538.0;5531.5;5526.0;5527.5;5516.5;5522.5;594431;640322;466380;400387;222696;299257;294235;192778;193118;136260;102438;54549;78873;74698;0
2021-10-08;0.011542074889276607;0.6744186046511628;-0.010427197365760666;-0.8660254037844386;0.5000000000000001;0.9987165071710528;-0.05064916883871264;-0.433883739117558;-0.9009688679024191;111345;111820;112725;113320;113935;113705;113615;112140;112855;113490;114485;114000;113855;113755;111245;111815;112720;113265;113570;113395;113220;111820;112730;113320;113935;113710;113620;113245;2596082;3514536;3115957;2948983;1834383;1947453;1865296;844985;1007735;760511;739459;447969;465208;433022;5519.0;5517.0;5531.5;5532.5;5535.5;5547.5;5529.5;5528.0;5533.0;5548.5;5542.0;5548.5;5549.5;5536.5;5494.0;5504.5;5524.5;5523.0;5532.0;5527.0;5521.0;5517.0;5531.5;5532.0;5535.5;5547.0;5529.0;5528.5;713333;547959;519290;308826;247932;265063;233971;240705;174473;148745;84009;60905;66743;60028;0
2021-10-11;0.029098747137276035;0.6033950617283951;0.006810647111534074;-0.8660254037844386;0.5000000000000001;0.7907757369376989;-0.6121059825476626;0.0;1.0;113200;113150;113555;113195;113620;113255;112475;113615;113960;113595;113805;113650;113280;112765;113030;112670;113100;113120;113075;112405;112310;113150;113555;113200;113620;113260;112480;112485;2005972;3872421;3167197;2145725;1904487;1835968;2029402;639941;1118058;882707;623587;518709;508620;504330;5517.0;5529.5;5531.5;5541.5;5529.5;5547.0;5550.0;5532.0;5542.0;5544.5;5546.5;5542.5;5548.0;5555.0;5509.0;5518.5;5524.5;5527.0;5528.5;5547.0;5533.0;5529.5;5531.5;5542.0;5529.5;5540.0;5548.0;5544.0;446674;458997;328456;272760;153926;2070;160553;157199;149917;102951;77214;45710;623;47234;0
2021-10-13;0.017314487632508833;0.6989795918367347;0.010380530322779014;-0.8660254037844386;0.5000000000000001;0.48530196253108104;-0.8743466161445821;0.9749279121818236;-0.22252093395631434;113370;113390;113710;114040;114960;115225;114900;113735;114290;114145;115090;115295;115260;115440;113170;113145;113350;114010;114720;114735;114670;113395;113710;114040;114960;115225;114905;114860;1808388;3477375;2844135;2179451;2003655;2227335;2460848;601822;960963;763178;545485;467791;499485;577794;5532.5;5551.5;5552.0;5567.0;5570.0;5575.5;5582.5;5555.0;5563.0;5575.0;5580.0;5577.5;5589.0;5586.0;5526.0;5536.5;5551.5;5556.5;5560.0;5575.5;5514.5;5551.5;5552.5;5567.0;5569.5;5576.0;5583.0;5527.0;615942;789818;578086;373661;210834;236972;723014;195248;218085;150506;104305;57103;68885;172498;0
2021-10-14;0.02024345064831966;0.9368191721132898;0.028707813789565256;-0.8660254037844386;0.5000000000000001;0.29936312297335804;-0.9541392564000488;0.43388373911755823;-0.900968867902419;115295;114930;114515;114785;114125;114220;114280;115530;114950;114855;114850;114265;114400;114365;114790;114250;114260;113955;113905;114130;114035;114925;114515;114785;114125;114225;114280;114090;1931938;3537165;2633477;2432952;1533993;1360119;1454573;596858;984036;709462;660263;396452;351976;375942;5487.0;5490.5;5507.5;5514.5;5518.0;5518.0;5532.0;5508.0;5520.0;5525.0;5543.0;5531.5;5533.5;5545.0;5480.5;5488.5;5505.5;5513.5;5514.5;5517.0;5531.0;5490.5;5508.0;5514.0;5518.5;5518.0;5532.5;5534.0;677440;647731;443359;450682;229697;183273;250127;207363;179839;120730;120513;61145;49296;64976;1
2021-10-15;0.015438657357214104;0.6292134831460674;0.025348064473657783;-0.8660254037844386;0.5000000000000001;0.10116832198743272;-0.994869323391895;-0.433883739117558;-0.9009688679024191;114870;114595;115235;115435;115625;115695;115620;114880;115250;115680;115780;115730;115770;115940;114480;114110;115080;115390;115450;115470;115450;114600;115240;115430;115630;115700;115620;115775;1564299;3726667;3039024;1575090;1299270;1363614;1674956;479380;961615;707535;391243;300779;316285;387762;5501.0;5500.5;5468.5;5454.5;5459.0;5459.5;5461.5;5512.0;5520.0;5471.0;5463.0;5461.0;5463.5;5471.5;5484.5;5467.5;5447.0;5447.5;5448.0;5452.5;5457.0;5501.0;5468.0;5454.5;5458.5;5459.5;5461.5;5469.0;701066;783272;617662;352888;195424;186235;266020;204706;217145;154491;88182;51434;44512;66067;0
2021-10-18;0.01593105249412379;0.5191256830601093;0.026517170698849787;-0.8660254037844386;0.5000000000000001;-0.4853019625310808;-0.8743466161445822;0.0;1.0;115060;114390;114125;114270;115390;115755;115785;115190;114480;114670;115415;115885;116060;115930;114225;113750;114020;114170;115330;115715;115570;114390;114130;114275;115390;115755;115785;115900;2052243;3384571;3200460;2557242;1980677;1538746;1507713;635270;942805;856554;661827;468608;380084;373783;5480.0;5521.5;5538.0;5544.5;5532.5;5529.0;5525.0;5527.0;5554.5;5550.0;5547.0;5535.5;5531.0;5528.0;5476.5;5521.0;5531.0;5532.5;5524.0;5515.5;5513.0;5521.0;5538.0;5544.0;5532.5;5529.5;5525.0;5520.0;700266;724074;439394;298202;261465;299998;233129;222000;199352;119332;73696;67510;76802;61200;0
2021-10-19;0.020076481835564052;0.4935064935064935;0.023136109428988708;-0.8660254037844386;0.5000000000000001;-0.651372482722222;-0.7587581226927911;0.7818314824680298;0.6234898018587336;114890;113815;113320;113085;112830;112730;112650;114900;114210;113555;113115;112835;113180;112750;113655;112955;112820;112335;112365;112620;111320;113815;113320;113085;112830;112730;112650;111375;2569774;3899652;2776871;2692695;1953463;2108994;3157057;827679;1119400;756364;671644;511194;537950;823405;5555.0;5574.0;5556.5;5557.0;5563.5;5575.5;5587.0;5584.5;5576.5;5564.0;5586.5;5577.5;5587.5;5616.0;5551.0;5555.5;5546.5;5556.0;5561.0;5570.5;5584.0;5574.5;5556.5;5557.0;5563.5;5575.5;5587.5;5606.5;889613;531872;506717;489324;251961;263267;540369;243254;156760;140063;125983;70897;73486;137319;1
2021-10-20;0.03498999042562451;0.3756218905472637;-0.00021349653957692102;-0.8660254037844386;0.5000000000000001;-0.7907757369376986;-0.6121059825476627;0.9749279121818236;-0.22252093395631434;112390;112580;111715;112165;112085;112270;112155;112725;112775;112595;112750;112405;112445;113135;111520;111460;111575;111955;112015;111115;111905;112585;111715;112160;112085;112270;112150;112365;2923120;4491143;3651533;2279915;1718689;2767825;2603089;918880;1318863;1021056;659802;478172;734250;671069;5592.0;5580.5;5577.0;5560.5;5558.5;5552.0;5560.5;5604.0;5591.5;5581.5;5563.5;5565.0;5573.0;5563.0;5574.0;5561.0;5551.0;5544.0;5548.0;5548.0;5529.5;5580.5;5577.0;5560.0;5558.0;5552.0;5560.0;5550.0;620083;658979;589331;330991;218342;326370;390407;188740;198044;161518;93135;58629;91762;103833;0
2021-10-21;0.029362042886377792;-0.3803030303030303;-0.03403303219148529;-0.8660254037844386;0.5000000000000001;-0.8978045395707417;-0.44039415155763423;0.43388373911755823;-0.900968867902419;108580;109095;109910;109755;109095;109295;107005;109800;110460;110280;109765;109555;109345;108735;108500;109015;109580;108965;108650;106730;106595;109100;109910;109755;109095;109295;107005;108045;2395662;3926960;3464044;2677007;2680808;3690742;3211731;809524;1175161;999113;753897;739928;972259;894720;5671.5;5657.5;5640.5;5634.0;5654.0;5660.0;5689.5;5683.5;5664.5;5656.0;5666.5;5670.5;5697.5;5699.0;5636.0;5629.5;5633.5;5633.5;5646.5;5657.0;5663.0;5657.5;5640.0;5633.5;5654.5;5660.5;5689.5;5678.0;782508;622453;461272;404651;295371;481591;403979;235148;191449;139829;120315;86871;133829;113265;1
2021-10-22;0.035595874009946585;0.32470892626131953;-0.03891353117961445;-0.8660254037844386;0.5000000000000001;-0.9680771188662041;-0.2506525322587213;-0.433883739117558;-0.9009688679024191;107850;107385;106540;104305;105165;105450;106770;108375;107880;106605;105645;106620;107365;108865;107185;106105;103985;103660;104410;105235;106015;107380;106535;104310;105165;105455;106765;107805;2800093;4408721;4872050;3431896;2795538;2814858;2819497;971068;1250119;1258749;1042967;887592;966328;968002;5690.0;5713.5;5699.5;5735.5;5728.5;5714.0;5680.0;5717.5;5725.5;5739.0;5762.0;5737.0;5719.5;5686.5;5680.0;5696.0;5692.0;5727.0;5701.5;5662.5;5649.5;5713.5;5699.0;5735.5;5728.5;5713.5;5680.0;5659.0;714066;708517;743509;603780;368285;488668;435151;225346;210335;213218;168078;109075;143425;127794;0
2021-10-25;0.04826147426981919;0.8155619596541787;-0.03541059077246265;-0.8660254037844386;0.5000000000000001;-0.9377521321470804;0.3473052528448203;0.0;1.0;107905;108000;109105;109320;108930;109290;109215;108300;109130;109595;109550;109475;109490;110310;107255;107790;109000;108685;108725;108950;109050;108000;109110;109320;108935;109285;109215;110175;2669198;3939236;2644158;2272757;2118636;2320664;2632327;908560;1287002;810455;668676;605675;631480;720859;5661.0;5619.5;5606.5;5595.0;5606.5;5573.0;5558.0;5667.0;5626.0;5613.5;5614.0;5610.5;5575.0;5564.5;5616.5;5604.5;5587.0;5585.5;5573.0;5554.0;5545.5;5619.0;5606.0;5594.5;5606.5;5573.0;5557.5;5546.5;619787;517702;516365;367710;321034;363832;339044;206174;158248;148822;105510;96339;103513;92223;0
2021-10-26;0.02858996339372596;0.6612641815235009;-0.021165028110327718;-0.8660254037844386;0.5000000000000001;-0.848644257494751;0.5289640103269624;0.7818314824680298;0.6234898018587336;109295;108275;107810;107690;107445;107620;107580;109305;108635;108580;108160;107745;108065;108165;108070;107625;107560;107430;107160;107475;107570;108270;107810;107695;107445;107630;107580;107840;2739037;3882575;3673444;2723270;2265224;2539874;2260875;906134;1181058;1045612;775287;637276;697458;614509;5558.0;5574.0;5590.0;5580.0;5586.5;5597.5;5586.0;5581.5;5597.0;5593.0;5594.0;5611.5;5598.5;5586.5;5552.5;5563.5;5566.0;5577.5;5586.0;5573.0;5569.0;5574.5;5590.5;5580.0;5586.5;5597.0;5586.0;5570.0;691809;520971;487999;340413;321232;320039;227366;230823;164436;142675;101336;91969;94239;66281;0
2021-10-27;0.020769477103252665;0.16079295154185022;-0.03558849081721304;-0.8660254037844386;0.5000000000000001;-0.72479278722912;0.6889669190756865;0.9749279121818236;-0.22252093395631434;107400;107935;108645;108685;108360;108390;108600;107950;108785;109150;109175;108860;108685;108740;107210;107725;108585;108295;108345;108110;107930;107935;108650;108685;108355;108385;108600;107980;2409376;3173723;3014236;2462998;1882208;1991630;1963305;813819;939885;849538;690958;545653;566033;537370;5573.0;5562.5;5563.0;5590.0;5586.0;5581.0;5570.0;5576.5;5576.0;5592.0;5596.0;5587.0;5587.0;5574.0;5552.5;5559.5;5539.5;5579.0;5572.0;5566.5;5552.5;5562.5;5563.5;5589.5;5586.5;5580.5;5570.0;5569.0;640818;453663;843278;355516;251143;267146;309057;203931;151185;237049;96482;69159;71930;84955;0
2021-10-28;0.02132216014897579;0.2576419213973799;-0.03401507287018187;-0.8660254037844386;0.5000000000000001;-0.5712682150947924;0.8207634412072763;0.43388373911755823;-0.900968867902419;107475;106780;107705;106815;106665;106610;107510;107550;107925;107850;106925;107225;108190;107695;106430;106510;106660;106055;106525;106435;106425;106785;107705;106810;106665;106605;107510;106570;2720578;3737906;3061437;2747506;2322853;2624100;2110551;920775;1130644;898045;827044;714267;781829;632022;5556.0;5617.0;5600.5;5620.0;5613.5;5613.0;5603.0;5626.0;5624.5;5624.0;5637.5;5624.0;5621.5;5622.5;5552.0;5595.0;5595.5;5612.0;5601.0;5589.5;5595.0;5617.5;5600.0;5620.0;5614.0;5613.0;5603.5;5619.0;840804;561690;502824;478301;309649;384082;233057;260115;170432;147351;129777;83678;107236;64219;1
2021-10-29;0.031309606885322167;0.3060921248142645;-0.046145112456747406;-0.8660254037844386;0.5000000000000001;-0.3943558551133187;0.9189578116202306;-0.433883739117558;-0.9009688679024191;105855;106895;105035;106335;105730;105765;105730;107040;107100;106390;106475;105920;106245;105910;105780;105005;104985;105570;105300;105625;104465;106895;105040;106340;105730;105765;105735;105285;2762394;4148090;3193858;2588034;1744327;2004991;2945488;974380;1337943;1000018;828838;583479;641780;875235;5670.0;5669.0;5682.0;5668.5;5662.5;5677.0;5679.0;5687.0;5685.0;5695.5;5679.5;5692.5;5685.0;5681.5;5663.0;5648.0;5657.0;5651.5;5661.0;5663.5;5629.0;5668.5;5682.5;5668.5;5662.5;5677.5;5679.0;5646.0;556113;636223;534146;414452;265517;292663;354408;174376;184646;142892;102717;78955;77419;97806;0
2021-11-01;0.02824618582022578;0.4080267558528428;-0.04832895129157293;-0.5000000000000004;0.8660254037844384;0.20791169081775931;0.9781476007338057;0.0;1.0;105330;105820;105565;105695;106260;106755;106665;105865;105920;106280;106265;106785;106930;106775;105070;105170;105470;105450;106135;106465;106235;105815;105560;105695;106260;106755;106665;106445;1889353;3495234;3187907;2450885;2144356;2106504;2087283;648710;1134830;948256;746826;615359;593624;592140;5658.5;5679.0;5692.5;5708.0;5709.5;5704.0;5706.0;5687.0;5693.0;5711.5;5719.0;5712.0;5712.0;5711.0;5652.5;5671.0;5687.0;5706.0;5701.5;5700.0;5698.0;5679.0;5692.5;5708.0;5709.5;5704.0;5706.0;5698.0;401571;389807;389255;271831;162962;208745;196068;132542;119299;116612;79321;45654;59255;53522;1
2021-11-03;0.017658786670464256;0.1586021505376344;-0.04494076484504591;-0.5000000000000004;0.8660254037844384;0.5877852522924731;0.8090169943749475;0.9749279121818236;-0.22252093395631434;105365;105375;105325;106180;107575;106320;105840;105680;105915;106590;107635;107590;106650;107545;105010;104830;105245;105875;106320;105600;105560;105375;105325;106185;107575;106320;105840;107030;2268869;3734520;3541930;3396858;2212204;2136197;3170821;776305;1195328;1070168;1007698;670217;656577;1061815;5703.0;5708.0;5719.0;5693.0;5645.5;5642.5;5654.5;5717.0;5725.5;5728.0;5704.5;5651.5;5656.5;5657.0;5685.5;5694.5;5677.0;5644.0;5631.5;5638.0;5611.0;5708.5;5719.0;5692.5;5645.0;5642.5;5654.5;5615.0;582440;553396;612472;484860;385317;202599;462818;187617;174256;177766;138406;105341;60705;147421;0
2021-11-04;0.026621743463199354;0.9518716577540107;-0.024230844289935053;-0.5000000000000004;0.8660254037844384;0.7431448254773941;0.6691306063588582;0.43388373911755823;-0.900968867902419;107500;106565;105660;105265;105305;104395;103990;107525;106570;105970;105395;105375;104730;104445;106215;105360;105210;104860;104275;103840;103520;106570;105660;105270;105305;104395;103995;104065;2189591;3828580;3385773;2366065;2442711;2286281;2549795;719276;1167086;997801;701043;723604;696999;772665;5596.5;5631.0;5618.5;5611.0;5615.5;5643.0;5646.5;5646.5;5639.5;5625.0;5629.0;5649.0;5648.5;5652.5;5590.5;5613.5;5590.0;5610.0;5606.5;5630.5;5629.5;5631.0;5618.5;5611.0;5616.0;5643.0;5646.5;5648.5;553292;507795;534935;298487;375677;262831;279129;181761;156355;164802;90775;108216;78204;83577;1
2021-11-05;0.03725581395348837;0.2696629213483146;-0.04784445091756481;-0.5000000000000004;0.8660254037844384;0.8660254037844386;0.5000000000000001;-0.433883739117558;-0.9009688679024191;104600;105195;106220;105555;105540;105870;105625;105325;106335;106385;105855;106080;106125;105935;104000;105065;105135;105330;105525;105070;105475;105195;106220;105560;105545;105875;105625;105485;2148249;3291247;2920531;1993773;1850316;2383391;1593268;823381;1026306;855456;607911;566736;706722;484229;5624.0;5595.0;5559.0;5564.5;5562.5;5554.0;5545.5;5633.0;5606.5;5584.5;5573.0;5567.0;5559.5;5546.0;5587.5;5553.0;5547.5;5558.0;5536.5;5537.5;5527.5;5595.0;5559.0;5564.5;5562.0;5554.0;5546.0;5538.5;584366;605414;417993;208801;278211;259504;271312;209406;195721;133055;66176;83733;73924;73837;1
2021-11-08;0.02280114722753346;0.35639412997903563;-0.043201919983939296;-0.5000000000000004;0.8660254037844384;0.9945218953682734;-0.10452846326765333;0.0;1.0;104850;104510;105465;106230;105610;105880;105810;104965;105545;106475;106260;105995;106185;105935;104340;104465;105435;105575;105325;105655;105165;104510;105465;106225;105605;105875;105810;105320;2254269;3097200;3029730;2287955;2035451;2268307;1793323;830034;1019086;945797;685327;601115;667251;536297;5581.5;5615.0;5592.5;5571.0;5570.5;5573.0;5568.5;5621.0;5618.5;5594.5;5579.5;5577.0;5578.5;5581.0;5581.0;5589.0;5570.0;5562.0;5566.0;5559.0;5562.0;5614.5;5592.0;5571.0;5571.0;5573.5;5568.5;5571.0;481889;437411;408026;244036;171423;212736;207554;171131;152727;142045;80378;56376;68519;62433;1
2021-11-09;0.020362422508345256;0.702576112412178;-0.031788867035630976;-0.5000000000000004;0.8660254037844384;0.9510565162951536;-0.30901699437494734;0.7818314824680298;0.6234898018587336;105840;105795;107090;106620;106635;106720;106915;106140;107145;107410;107035;106885;107170;107170;105455;105480;106530;106480;106255;106380;106530;105795;107095;106620;106635;106720;106915;106610;2061458;3371471;3104483;2416290;2134500;2093284;1730149;755558;1067843;968563;760532;672958;672821;553721;5570.5;5540.5;5515.5;5501.5;5509.5;5521.5;5496.5;5571.5;5547.0;5519.5;5526.5;5524.0;5523.0;5507.0;5535.0;5511.5;5492.5;5500.0;5508.0;5496.5;5476.0;5541.0;5515.0;5501.0;5510.0;5522.0;5497.0;5498.5;456568;512652;499315;392041;219865;212277;340259;159423;171078;155134;117403;65244;65782;100762;0
2021-11-10;0.01847127739984883;0.14578005115089515;-0.029610017757751236;-0.5000000000000004;0.8660254037844384;0.8660254037844387;-0.4999999999999998;0.9749279121818236;-0.22252093395631434;105740;106065;106540;107520;107465;107900;107675;106145;106635;107575;107730;108070;107970;107705;105260;105645;106510;107225;107220;107530;106785;106070;106540;107520;107460;107895;107670;106895;2246718;3751703;3063136;2169420;2005701;1442981;2738598;808653;1248092;906855;652957;618281;436887;808938;5524.0;5480.5;5462.0;5474.5;5498.5;5488.5;5499.0;5530.0;5489.5;5479.0;5507.0;5509.0;5507.5;5528.5;5478.5;5456.5;5454.0;5470.0;5483.5;5488.0;5497.5;5480.5;5461.5;5475.0;5499.0;5488.5;5499.5;5514.0;580922;756716;441884;438147;300026;247672;417508;198792;243321;138168;142016;97895;76256;126372;0
2021-11-11;0.026574616985057687;0.8149466192170819;-0.010656940349650671;-0.5000000000000004;0.8660254037844384;0.7431448254773945;-0.6691306063588579;0.43388373911755823;-0.900968867902419;107550;108355;108775;108775;109215;108990;108695;108390;108830;109070;109285;109325;109245;108805;107460;108040;108475;108735;108720;108660;108335;108360;108775;108775;109210;108985;108690;108745;2043961;2828176;2726027;2175011;1824571;1863985;2176723;726799;937282;836598;655784;557152;572599;657019;5502.0;5459.0;5455.5;5426.5;5415.0;5417.5;5423.5;5504.5;5466.5;5456.5;5428.5;5429.0;5424.0;5433.5;5458.5;5449.0;5418.0;5410.0;5412.5;5406.0;5417.5;5459.0;5455.5;5426.5;5415.0;5417.5;5423.5;5419.0;433173;417808;556717;371282;228336;247606;241356;154296;140634;168904;103589;68040;76502;75820;0
2021-11-12;0.017340771734077172;0.5576407506702413;0.0006340423079140009;-0.5000000000000004;0.8660254037844384;0.5877852522924732;-0.8090169943749473;-0.433883739117558;-0.9009688679024191;108500;107675;108020;106895;106830;107110;106720;108675;108600;108185;107030;107180;107270;107180;107655;107650;106555;106420;106540;106300;106675;107675;108025;106895;106830;107110;106720;107075;2333843;3815163;3231286;2048081;1851335;2087187;1418817;828552;1294718;993500;619488;558717;643430;438869;5420.0;5440.0;5434.0;5437.0;5444.0;5451.0;5477.5;5445.5;5441.5;5446.5;5448.0;5460.0;5479.0;5485.0;5410.5;5416.0;5424.0;5428.5;5440.5;5446.5;5471.5;5440.0;5434.0;5437.0;5444.5;5451.0;5477.5;5472.5;546439;549580;414219;275009;264578;306471;273261;188598;174609;130784;86351;76358;85657;80406;0
2021-11-16;0.021889400921658985;0.3831578947368421;-0.007732853288660795;-0.5000000000000004;0.8660254037844384;-0.20791169081775907;-0.9781476007338057;0.7818314824680298;0.6234898018587336;107210;107565;106485;105195;104715;105120;105650;107630;107630;106540;105260;105245;105685;105795;106915;106335;105150;104610;104635;104950;105285;107570;106490;105200;104710;105115;105650;105310;2184556;3582857;3145336;2290763;1736422;1881683;1806757;797924;1162014;918032;639941;487501;523105;496772;5460.5;5446.0;5469.0;5509.5;5520.0;5513.5;5509.0;5478.0;5470.0;5511.0;5522.0;5524.0;5521.5;5515.5;5446.0;5444.5;5468.0;5504.0;5509.5;5505.5;5504.5;5446.5;5468.5;5509.5;5520.0;5513.5;5508.5;5514.0;575343;555494;559431;324066;244452;244557;184934;201662;176770;169027;91744;66178;70366;52533;0
2021-11-17;0.028169014084507043;0.06291390728476821;-0.025274955239844677;-0.5000000000000004;0.8660254037844384;-0.4067366430758002;-0.9135454576426009;0.9749279121818236;-0.22252093395631434;104800;105900;105080;104290;104665;104260;103550;105980;106165;105365;104785;104825;104475;103590;104765;104765;104240;103985;103900;103530;102915;105900;105080;104285;104670;104265;103550;103235;2282537;3807385;3557292;2388759;1895253;2298643;2303024;792101;1227660;1133084;753884;588255;677684;693460;5500.0;5483.0;5512.5;5524.0;5513.5;5521.5;5522.0;5507.0;5516.5;5532.5;5532.0;5529.5;5526.0;5547.0;5482.0;5479.0;5508.0;5512.0;5511.0;5504.5;5521.5;5482.5;5512.5;5524.0;5514.0;5521.0;5522.0;5545.0;443825;459361;446901;281895;179706;262344;271272;150513;151555;135887;84605;55343;74106;77965;1
2021-11-18;0.03101145038167939;0.2723076923076923;-0.02934410593053919;-0.5000000000000004;0.8660254037844384;-0.587785252292473;-0.8090169943749476;0.43388373911755823;-0.900968867902419;103800;104075;103715;103260;102845;102795;102755;104225;104315;104170;103315;103180;103260;103270;103410;103110;103250;102515;102610;102685;102560;104075;103715;103260;102845;102790;102755;102830;2637994;3749780;3291741;2583571;1910824;1960154;1778928;946087;1213971;1048280;775479;572220;573311;524200;5537.0;5544.5;5563.0;5563.0;5555.0;5561.5;5580.5;5563.5;5572.0;5576.0;5578.5;5565.0;5583.0;5587.0;5536.5;5543.5;5552.0;5547.5;5543.5;5556.0;5573.5;5544.0;5562.5;5563.0;5555.0;5561.5;5580.5;5586.0;458149;455395;421507;387711;236849;203307;189883;160694;153338;129776;113911;73201;66170;59570;1
2021-11-19;0.017341040462427744;0.2833333333333333;-0.032656357097922126;-0.5000000000000004;0.8660254037844384;-0.743144825477394;-0.6691306063588585;-0.433883739117558;-0.9009688679024191;103025;103180;103695;104295;103965;104130;104130;103495;103950;104495;104430;104425;104345;104215;102650;102700;103465;103850;103710;103870;103430;103175;103690;104300;103965;104130;104130;103430;2395125;3627288;2850380;2148847;1761167;1803926;1650413;837486;1160368;887813;684256;535246;523998;495733;5589.0;5569.5;5569.5;5542.0;5570.5;5583.0;5600.0;5590.0;5579.0;5571.0;5574.0;5587.0;5621.0;5624.0;5556.0;5552.5;5531.0;5532.5;5568.0;5579.0;5599.0;5569.5;5570.0;5542.0;5570.0;5583.5;5600.5;5624.0;453408;523335;526206;360258;288121;371436;217627;153898;177330;160360;104001;85818;112947;65414;1
2021-11-22;0.017908274690609075;0.8997289972899729;-0.017606976864649015;-0.5000000000000004;0.8660254037844384;-0.9945218953682733;-0.10452846326765423;0.0;1.0;104310;103870;104750;104340;105000;104390;103860;104325;104760;104935;105115;105125;104560;103960;103670;103455;104250;104175;104280;103850;102560;103865;104750;104345;104995;104395;103860;102745;1937206;3382206;2812959;2104039;1667407;1878388;2624050;712078;1091428;828968;615382;501747;553635;689557;5611.5;5605.0;5577.0;5595.5;5588.5;5596.5;5598.5;5623.0;5610.0;5598.0;5614.5;5599.0;5604.0;5620.0;5597.5;5572.5;5572.0;5581.0;5579.5;5588.5;5590.0;5605.5;5576.5;5595.0;5589.0;5597.0;5598.5;5615.5;425906;533296;496355;384332;217106;185296;295266;154593;176434;159513;123915;71040;60933;91079;1
2021-11-23;0.026124053302655544;0.11009174311926606;-0.0299103115716492;-0.5000000000000004;0.8660254037844384;-0.9945218953682734;0.10452846326765299;0.7818314824680298;0.6234898018587336;102700;103435;103395;103910;102310;102870;102750;103490;103645;104115;103960;102975;103320;104205;102580;102800;103180;102275;102140;102635;102720;103435;103390;103905;102310;102865;102750;103895;2176051;3871847;3154321;3085087;2327823;2299416;2586242;751185;1220011;961488;938438;711645;673081;760328;5615.0;5635.5;5647.5;5643.5;5664.0;5656.0;5651.5;5641.0;5652.5;5655.5;5665.0;5669.5;5659.5;5653.0;5603.5;5625.5;5639.5;5643.0;5651.0;5645.0;5611.5;5635.5;5647.5;5643.0;5664.0;5656.5;5652.0;5618.5;467363;514771;425584;367718;265403;204152;403679;162410;176925;128099;105129;78653;60077;112521;0
2021-11-24;0.02356377799415774;0.768595041322314;-0.016469408888657718;-0.5000000000000004;0.8660254037844384;-0.9510565162951536;0.30901699437494723;0.9749279121818236;-0.22252093395631434;104000;103355;103005;104255;105030;104950;105055;104240;103910;104280;105145;105540;105165;105095;103325;102805;102935;104145;104875;104695;104515;103355;103000;104255;105030;104955;105055;104600;2368681;3709885;3621260;2559769;1728982;1918863;1659926;827129;1168613;1122364;764536;493670;545269;476431;5583.0;5595.5;5623.5;5609.5;5604.0;5600.0;5599.5;5597.5;5628.0;5624.5;5612.0;5607.0;5607.0;5601.0;5560.0;5595.0;5604.0;5591.0;5590.0;5588.0;5589.0;5595.5;5623.0;5609.5;5603.5;5599.5;5600.0;5595.0;528715;584908;448314;393587;222772;199648;181539;183110;175421;131729;118634;68451;63699;48378;1
2021-11-25;0.026298076923076924;0.7111517367458866;-0.00717487939188869;-0.5000000000000004;0.8660254037844384;-0.8660254037844386;0.5000000000000001;0.43388373911755823;-0.900968867902419;104750;105150;105790;106285;106605;106495;106485;105620;105845;106360;106875;106815;106735;106605;104575;105080;105560;106175;106415;106370;106185;105150;105785;106285;106600;106495;106485;106200;2384699;3373842;2479942;2004818;1498923;1342231;1368299;800924;1012595;718747;554043;439646;388636;446096;5591.5;5587.0;5591.0;5567.5;5560.0;5566.5;5568.5;5601.5;5602.0;5603.5;5571.0;5569.0;5571.0;5584.0;5574.0;5578.0;5567.0;5552.5;5555.0;5561.5;5568.0;5587.0;5591.0;5567.5;5560.0;5566.5;5568.5;5579.5;357677;359715;351358;241636;160684;115377;155314;136481;126792;109872;73907;50663;37635;46041;1
2021-11-26;0.021957040572792363;-0.6413043478260869;-0.02232021146711236;-0.5000000000000004;0.8660254037844384;-0.743144825477394;0.6691306063588585;-0.433883739117558;-0.9009688679024191;103100;103575;103350;102395;102135;102085;102670;104000;103595;103410;102450;102275;102960;102865;103100;102700;102180;101770;101925;102070;102445;103570;103350;102395;102135;102080;102665;102515;2031334;3671114;3312542;2395508;1738748;2387290;1267533;727613;1158934;1030824;732207;521617;684977;411342;5668.0;5608.0;5590.5;5588.0;5589.5;5597.0;5581.5;5670.0;5616.5;5608.0;5604.5;5614.0;5597.0;5595.5;5606.5;5590.0;5583.5;5581.5;5585.5;5577.5;5575.5;5608.0;5590.5;5588.0;5590.0;5597.5;5581.5;5594.0;541063;511089;446382;380867;295755;214455;181180;184643;161289;140670;112509;90829;73693;53768;0
2021-11-29;0.02162948593598448;0.827354260089686;-0.014827738662888819;-0.5000000000000004;0.8660254037844384;-0.20791169081775898;0.9781476007338057;0.0;1.0;103615;104070;104250;103240;103410;103120;103885;104310;104460;104515;103445;103530;104025;104150;103530;103555;103185;102880;103100;103025;103565;104070;104250;103240;103410;103120;103880;104130;2011336;3703037;3768833;2692832;1995124;2251465;1903421;710116;1135570;1044181;794798;564607;597321;475746;5600.0;5602.5;5608.5;5623.5;5626.0;5623.5;5609.5;5609.0;5612.5;5626.5;5641.5;5630.0;5630.0;5621.5;5583.0;5595.0;5581.0;5618.0;5617.0;5607.5;5604.5;5602.5;5608.5;5623.5;5626.0;5623.0;5609.0;5608.5;447876;385081;583164;366238;187430;225656;192801;159196;125038;179723;115105;57483;68501;58583;0
2021-11-30;0.015779568595280607;-0.3241590214067278;-0.025859689531441844;-0.5000000000000004;0.8660254037844384;-1.133107779529596e-15;1.0;0.7818314824680298;0.6234898018587336;102350;102550;103260;102565;101050;100960;100770;102970;103285;103390;103025;101565;100985;101080;102250;102275;102545;101045;100660;100390;100455;102550;103265;102555;101055;100960;100770;101040;2246505;4000547;3508128;3718448;2936911;2314972;1972380;741688;1193708;1048127;1064869;822716;647150;519545;5637.0;5646.5;5645.5;5642.5;5692.0;5691.0;5673.0;5648.0;5652.5;5649.5;5692.5;5707.0;5701.5;5686.5;5627.5;5632.5;5619.5;5615.0;5678.5;5665.0;5664.0;5646.5;5645.5;5642.5;5692.0;5691.0;5673.0;5682.5;422056;425039;453784;617627;493764;309748;269140;133411;133761;128386;185958;148755;97189;83703;1
2021-12-01;0.029311187103077674;0.9416666666666667;-0.016601957935354787;-2.4492935982947064e-16;1.0;0.20129852008866006;0.9795299412524945;0.9749279121818236;-0.22252093395631434;103215;103650;103895;104120;104050;102975;102480;103735;104110;104190;104435;104095;103360;102715;103150;103310;103505;103800;102780;102425;101180;103650;103895;104120;104045;102975;102480;101395;1933874;3598575;3148288;2574966;2593324;2705183;3305711;639030;1090098;937961;738788;710901;745661;903327;5620.0;5647.5;5653.0;5653.0;5654.0;5672.0;5686.5;5652.5;5658.0;5664.5;5661.0;5675.0;5689.0;5705.0;5612.5;5640.0;5651.0;5643.0;5653.0;5665.5;5684.0;5648.0;5653.5;5653.0;5654.0;5672.0;5686.5;5703.5;437926;450365;379370;294853;239451;245686;362056;140379;139197;113828;98479;75637;77824;108283;1
2021-12-02;0.03521774935813593;0.21458046767537828;-0.029776260178132237;-2.4492935982947064e-16;1.0;0.39435585511331855;0.9189578116202306;0.43388373911755823;-0.900968867902419;101580;102295;103025;103950;103980;104190;104135;102370;103170;103980;104175;104280;104540;104220;101505;102250;102565;103525;103770;103805;103420;102290;103020;103950;103985;104190;104130;103760;2336331;3361835;3492118;2848132;2400777;2353640;2395394;793808;1005010;994862;794834;666294;640398;650807;5700.5;5688.0;5661.0;5662.5;5664.0;5660.5;5673.5;5714.5;5688.0;5681.5;5678.5;5669.0;5686.5;5698.0;5687.0;5655.0;5659.0;5658.0;5648.0;5659.5;5673.5;5688.0;5660.5;5662.5;5663.5;5660.5;5674.0;5685.5;490702;525492;436960;332306;329859;321352;285145;169855;158991;135882;98077;94340;91528;81170;0
2021-12-03;0.031994487103760585;0.8861538461538462;-0.0017548305656101026;-2.4492935982947064e-16;1.0;0.5712682150947923;0.8207634412072763;-0.433883739117558;-0.9009688679024191;104385;104495;106620;106255;105575;105075;105405;104645;106820;107130;106395;106030;105845;105820;103955;104405;106115;105175;105020;104905;105300;104495;106620;106255;105575;105070;105405;105585;2460529;3907638;3264679;3191839;2658683;2327351;1994651;822476;1230269;983842;931273;827909;710213;600060;5685.0;5682.5;5635.5;5682.0;5701.5;5708.5;5691.0;5707.0;5683.0;5690.0;5714.0;5715.0;5712.5;5697.5;5681.0;5633.0;5634.5;5681.5;5682.5;5677.5;5681.0;5682.5;5635.5;5682.0;5702.0;5708.5;5690.5;5683.0;318413;631671;484741;420968;295389;283440;187913;118619;202228;159331;133574;96459;89325;63388;0
2021-12-06;0.030416247545145374;0.694488188976378;0.014433896005236528;-2.4492935982947064e-16;1.0;0.9377521321470804;0.3473052528448203;0.0;1.0;106160;106175;106835;107280;107570;107485;107715;106395;106855;107350;107685;107645;107860;107730;105790;105835;106080;107005;107235;107240;107100;106175;106840;107280;107565;107490;107715;107270;2548581;4175933;4020769;2636441;1736453;1941420;1896171;863330;1337364;1206491;775156;522242;547539;536530;5676.0;5726.5;5706.5;5721.5;5714.0;5714.0;5723.5;5730.0;5729.5;5734.0;5727.0;5721.5;5731.0;5730.0;5667.0;5706.5;5706.0;5702.5;5711.5;5711.5;5718.0;5727.0;5706.5;5721.0;5714.0;5714.5;5723.0;5718.5;501959;400763;452852;342632;155495;215384;193991;164443;124499;142803;102253;49038;66206;57697;0
2021-12-07;0.019498869630746044;1.326086956521739;0.03615838086827848;-2.4492935982947064e-16;1.0;0.9884683243281114;0.1514277775045767;0.7818314824680298;0.6234898018587336;108535;108845;108105;108015;108565;108035;108045;108985;108905;108300;108635;108580;108380;108125;108300;108060;107755;107885;107905;107835;107520;108845;108100;108015;108565;108035;108045;107835;2001774;3324123;2898647;2504912;1907284;2162664;2175223;716436;1067183;878243;735303;566072;642193;618225;5697.0;5670.5;5676.0;5669.5;5667.0;5662.0;5660.0;5703.5;5683.0;5684.0;5689.0;5681.0;5667.0;5677.0;5667.5;5654.0;5668.5;5666.5;5661.0;5652.0;5652.5;5670.5;5675.5;5669.5;5667.5;5662.5;5660.0;5658.0;542240;617755;328979;312455;275736;209191;278322;180418;191316;107309;98162;83267;63534;81073;1
2021-12-08;0.015478877781360851;0.6934523809523809;0.034350408013903225;-2.4492935982947064e-16;1.0;0.9987165071710528;-0.05064916883871264;0.9749279121818236;-0.22252093395631434;108470;108195;108120;108600;107790;108040;107945;108645;108275;108780;108625;108220;108210;108345;107815;107480;107600;107655;107690;107815;107805;108190;108120;108600;107795;108045;107945;108245;2192929;3242734;3109344;2514885;1783031;1568754;1695226;763227;993660;884922;735146;524773;449725;457310;5634.0;5645.0;5607.5;5579.5;5579.0;5569.5;5572.0;5664.5;5649.5;5619.5;5591.0;5588.5;5573.0;5578.5;5631.0;5605.0;5576.0;5575.0;5554.0;5565.5;5561.5;5645.0;5607.5;5579.0;5579.0;5569.0;5572.0;5564.5;576987;644245;594966;284260;335726;152670;181202;195774;184259;170890;83988;96579;43603;57056;1
2021-12-09;0.011984880612150825;-0.023076923076923078;0.02346735882079796;-2.4492935982947064e-16;1.0;0.9680771188662043;-0.2506525322587204;0.43388373911755823;-0.900968867902419;107450;107500;106880;106420;106780;106690;106620;107630;107680;107080;106785;106875;106740;106890;107235;106770;106305;106250;106525;106285;106595;107500;106875;106415;106785;106690;106625;106690;1791332;3178689;2873077;1912783;1672147;1788305;1738950;585900;940612;822808;530614;449894;476764;459490;5564.0;5553.0;5590.5;5590.5;5602.0;5608.5;5614.5;5570.0;5593.0;5603.0;5604.0;5609.0;5625.5;5621.5;5545.0;5552.5;5575.0;5589.5;5591.5;5608.0;5608.5;5552.5;5590.5;5590.0;5602.0;5608.5;5614.0;5610.0;458619;544024;412917;222934;224297;264843;217682;158224;174183;122543;65677;66199;75322;61142;0
2021-12-10;0.016053978594695206;0.518840579710145;0.018009284511443673;-2.4492935982947064e-16;1.0;0.8978045395707416;-0.4403941515576344;-0.433883739117558;-0.9009688679024191;106850;107710;108195;107580;107650;107840;107740;107735;108455;108290;107830;107960;107885;107880;106850;107680;107540;107425;107455;107415;107570;107705;108195;107580;107650;107840;107740;107700;1696763;2930287;2915998;2222981;1662820;1492409;1447309;546732;833125;802534;597232;453442;395370;384448;5585.0;5603.5;5616.0;5618.0;5628.5;5624.5;5636.0;5609.5;5621.0;5660.0;5642.0;5632.0;5639.0;5645.0;5584.0;5585.0;5606.5;5616.0;5618.0;5619.5;5633.0;5604.0;5616.0;5618.5;5628.5;5624.5;5636.5;5642.5;347387;679411;898462;286909;184192;145073;166187;116983;212450;247959;91871;53353;43890;52121;1
2021-12-13;0.01502105755732335;1.0591900311526479;0.03459532359101317;-2.4492935982947064e-16;1.0;0.48530196253108104;-0.8743466161445821;0.0;1.0;108550;108115;109570;109170;108205;107745;107985;108560;109625;109605;109185;108330;108085;108230;108070;107940;109110;108085;107555;107565;107805;108115;109575;109165;108205;107750;107985;108065;1250608;3226498;2105069;2268232;2443148;1524546;1737504;394046;872856;584752;610201;632749;399459;446447;5629.0;5635.0;5651.0;5656.5;5698.0;5682.5;5691.0;5656.5;5659.0;5669.0;5701.5;5700.0;5693.5;5696.0;5628.0;5624.5;5647.5;5653.0;5658.5;5681.5;5682.0;5635.5;5651.5;5656.5;5698.0;5682.5;5691.5;5690.5;418149;601517;381718;441360;523029;153466;153498;146744;197195;123011;131976;136874;48522;49949;1
2021-12-14;0.021234454168585905;0.008676789587852495;0.02263389677914147;-2.4492935982947064e-16;1.0;0.29936312297335804;-0.9541392564000488;0.7818314824680298;0.6234898018587336;107340;108595;108320;108290;107945;106980;106825;108635;109255;108665;108395;108120;107190;107245;107335;107925;107610;107750;106915;106775;106570;108595;108320;108290;107945;106980;106825;106740;2060591;3821663;3649122;2579980;2413499;1798987;2043901;665272;1059466;1017231;723592;682926;495899;542014;5686.5;5678.5;5668.0;5657.0;5683.0;5692.5;5704.5;5699.0;5680.0;5669.0;5686.5;5694.0;5705.0;5720.0;5675.5;5640.0;5645.5;5656.0;5676.5;5686.0;5703.0;5678.5;5667.5;5657.0;5682.5;5693.0;5705.0;5714.0;413439;647463;424053;290758;214574;217314;275477;146241;205137;126689;95320;63220;66360;83582;1
2021-12-15;0.0262250791876281;0.6962699822380106;0.03198535799372145;-2.4492935982947064e-16;1.0;0.10116832198743272;-0.994869323391895;0.9749279121818236;-0.22252093395631434;108400;108750;107940;107350;107675;107910;108305;108780;108880;108490;107985;108350;108485;108520;108235;107675;107280;107175;107645;107700;108065;108750;107935;107355;107680;107910;108310;108420;1575683;3612568;3039941;1824929;1714521;1662339;1614728;521209;1138604;907584;543793;491250;445993;449142;5700.5;5720.5;5720.0;5743.0;5745.0;5733.0;5736.0;5723.5;5746.5;5745.0;5746.0;5748.5;5741.5;5746.0;5679.5;5715.0;5705.5;5726.0;5725.5;5725.5;5729.0;5720.5;5719.5;5742.5;5745.5;5733.0;5736.5;5743.0;590459;700375;405806;310956;303275;196247;154365;210330;217908;136988;93022;87673;56267;52882;0
2021-12-16;0.018173431734317343;1.3477157360406091;0.04293080363501695;-2.4492935982947064e-16;1.0;-0.10116832198743204;-0.9948693233918952;0.43388373911755823;-0.900968867902419;109830;109980;109935;109560;109665;109715;109465;110500;110535;110265;109900;110205;109955;109975;109725;109860;109360;109200;109425;109445;109440;109980;109940;109565;109660;109715;109460;109875;2189898;2738050;3526096;2291210;1734068;1439905;1286025;754850;818473;1030116;662034;493720;405464;358159;5688.0;5696.0;5703.5;5731.0;5697.0;5683.5;5691.0;5726.5;5709.0;5736.0;5743.5;5713.5;5695.5;5695.5;5683.0;5683.0;5696.5;5692.5;5677.5;5677.5;5677.5;5696.0;5703.5;5731.5;5696.5;5683.0;5691.5;5689.5;610771;446868;489211;459415;337355;189114;192172;224764;156593;159582;136888;103808;67015;62077;0
2021-12-17;0.012701447691887462;0.23655913978494625;0.03630670778318688;-2.4492935982947064e-16;1.0;-0.2993631229733582;-0.9541392564000488;-0.433883739117558;-0.9009688679024191;109470;108870;108755;108285;108870;108865;109140;109500;108945;108990;108985;109150;109335;109275;108715;108510;108080;107910;108635;108560;108900;108865;108755;108280;108870;108870;109145;109250;1823828;2414022;3153534;2501035;1985118;2028488;1663470;616468;729162;900332;722584;576418;577586;476124;5701.5;5726.0;5717.5;5704.0;5690.0;5691.0;5691.5;5730.0;5731.5;5721.5;5711.0;5697.5;5693.5;5702.0;5700.5;5707.5;5700.0;5678.5;5679.0;5676.5;5685.5;5726.0;5717.5;5703.5;5690.5;5691.0;5691.5;5693.0;443106;410526;338526;388924;215808;190543;145233;161892;137948;105435;117928;65837;59715;45250;0
2021-12-20;0.014524527267744588;-0.44654088050314467;0.012471724932588461;-2.4492935982947064e-16;1.0;-0.7907757369376986;-0.6121059825476627;0.0;1.0;107200;107260;106565;106485;105850;106215;105970;107420;107360;106705;106820;106220;106310;106460;106915;106430;106095;105685;105740;105950;105895;107260;106560;106490;105855;106215;105965;106230;1810042;3294642;2948417;2455619;1623373;1616776;1774203;619854;1027931;908955;755668;492033;466498;487905;5724.5;5712.5;5721.0;5715.5;5738.0;5734.5;5740.0;5734.0;5722.0;5727.5;5745.0;5741.5;5740.5;5750.5;5711.0;5702.0;5709.0;5707.5;5729.0;5728.0;5733.5;5712.5;5721.0;5716.0;5737.5;5734.5;5739.5;5746.0;409307;410464;338171;347189;206644;157941;150248;148480;141399;117058;114140;65021;50218;52911;0
2021-12-21;0.016184701492537312;0.9913544668587896;0.012423765400096147;-2.4492935982947064e-16;1.0;-0.8978045395707417;-0.44039415155763423;0.7818314824680298;0.6234898018587336;107405;107235;106695;106485;106520;106815;106750;107580;107240;106810;106925;106955;106890;107135;107115;106670;106335;106475;106470;106560;106665;107235;106700;106485;106520;106815;106750;106860;1487330;2671374;2945475;2019348;1532019;1548702;1713299;485184;797490;856182;598723;440769;422496;434160;5734.5;5726.0;5749.0;5759.0;5758.0;5758.5;5761.5;5742.0;5750.5;5765.0;5759.5;5763.5;5768.0;5764.0;5725.5;5722.0;5748.0;5745.5;5747.0;5755.5;5749.0;5726.5;5749.5;5759.0;5757.5;5758.5;5761.5;5750.0;344248;376060;496425;241321;203549;185234;185830;122631;126471;155046;70667;63713;51806;56823;1
2021-12-22;0.01159163912294586;0.17269076305220885;0.003352355123641637;-2.4492935982947064e-16;1.0;-0.9680771188662041;-0.2506525322587213;0.9749279121818236;-0.22252093395631434;106550;106675;106235;105760;106015;106365;106590;106890;107070;106295;106200;106510;106630;106625;106550;106085;105645;105725;105955;106300;106415;106670;106240;105755;106020;106360;106590;106520;1559799;2988446;2646361;1930195;1460733;1391792;1149183;508660;887014;755894;542701;408089;379212;292177;5744.5;5717.0;5734.0;5735.5;5726.0;5712.5;5691.0;5752.0;5737.5;5748.5;5739.5;5728.0;5714.0;5693.0;5714.5;5715.0;5725.5;5716.5;5709.0;5690.0;5678.0;5716.5;5734.0;5735.0;5726.0;5712.5;5690.5;5681.0;412953;350978;344097;271542;193736;193038;205712;145152;116106;108721;82324;59821;62732;62479;0
2021-12-23;0.01337400281557954;1.0070175438596491;0.007425387439640796;-2.4492935982947064e-16;1.0;-0.9987165071710528;-0.05064916883871355;0.43388373911755823;-0.900968867902419;107080;106875;106135;106155;106180;106065;106170;107245;106950;106240;106340;106230;106175;106270;106850;106115;105945;105935;105830;105940;106130;106875;106135;106155;106185;106065;106170;106170;1299285;2297144;2437105;1907451;1512701;1096035;962057;430224;647615;604107;460564;365543;270239;222820;5665.0;5660.5;5684.0;5719.0;5723.0;5690.0;5681.5;5669.5;5686.0;5726.0;5726.0;5725.5;5695.0;5682.5;5635.5;5659.5;5682.5;5712.0;5683.0;5662.5;5666.0;5661.0;5684.0;5719.0;5723.0;5689.5;5681.0;5668.0;428885;346439;476672;276973;492560;313016;141988;145924;108264;136833;78837;129374;93176;48466;0
2021-12-27;0.015362345909600299;0.303951367781155;-0.001402366139916611;-2.4492935982947064e-16;1.0;-0.72479278722912;0.6889669190756865;0.0;1.0;106100;106130;106735;106335;106900;106635;106765;106210;106865;106815;106960;106930;106885;106865;105935;106100;106045;106175;106615;106615;106670;106125;106735;106335;106900;106640;106765;106795;1175073;2293812;2365195;1767360;1264213;1064510;1083929;370636;666469;623778;471290;334220;274995;257110;5670.5;5700.0;5665.0;5666.5;5655.5;5645.0;5642.5;5711.0;5701.0;5675.0;5672.0;5662.0;5648.0;5647.0;5670.5;5660.5;5650.5;5648.5;5639.5;5636.5;5638.0;5699.5;5665.5;5666.5;5655.0;5645.0;5642.0;5645.0;372262;408584;307935;196890;158455;128954;135645;136034;139220;111564;70577;55744;43201;41344;0
2021-12-28;0.009660697455230915;1.1365853658536584;0.005860475600135241;-2.4492935982947064e-16;1.0;-0.5712682150947924;0.8207634412072763;0.7818314824680298;0.6234898018587336;107100;106875;106100;106020;105815;105895;105910;107165;107070;106115;106120;106015;105945;106010;106825;106085;105635;105625;105755;105670;105765;106875;106100;106015;105815;105895;105910;105840;1433213;2537119;2429176;1682702;1156092;1188202;1053545;469589;716225;637456;463729;303511;303798;264626;5622.0;5662.0;5637.5;5633.0;5642.0;5637.0;5649.0;5663.5;5664.5;5645.5;5652.0;5645.5;5653.0;5651.0;5620.0;5635.5;5627.0;5626.0;5628.5;5634.0;5635.5;5662.0;5637.5;5632.5;5642.5;5637.0;5649.5;5636.5;359735;349397;282751;250731;167995;166667;151552;130609;121099;97287;82535;52849;51344;49448;1
2021-12-29;0.01437908496732026;0.30844155844155846;-0.004765120816449047;-2.4492935982947064e-16;1.0;-0.3943558551133187;0.9189578116202306;0.9749279121818236;-0.22252093395631434;106100;106215;105920;105735;105605;105355;105080;106270;106255;106445;105750;105695;105360;105300;105870;105440;105730;105010;105325;104905;105050;106220;105920;105735;105610;105355;105080;105270;1394469;2707205;2603141;2149869;1083155;1137267;862334;462435;860022;790984;637062;329530;337818;246331;5638.5;5642.0;5651.5;5667.5;5679.5;5691.5;5699.0;5648.0;5660.0;5667.5;5681.0;5694.5;5699.5;5699.5;5624.5;5639.5;5648.0;5667.0;5672.0;5688.5;5690.5;5642.0;5652.0;5667.5;5680.0;5692.0;5699.0;5693.5;331421;255182;292563;261839;193699;155190;131525;121705;89286;90741;83969;64621;49886;40980;0
2021-12-30;0.014514608859566448;0.19155844155844157;-0.014332929665814826;-2.4492935982947064e-16;1.0;-0.20129852008866114;0.9795299412524943;0.43388373911755823;-0.900968867902419;105200;105815;105760;106035;105950;106225;106320;105820;106040;106260;106170;106250;106490;106410;105180;105485;105260;105770;105735;106165;106205;105820;105760;106040;105955;106225;106320;106305;1443090;2736261;2555246;1473335;1075067;1132712;758703;505983;908793;842430;486031;339951;332292;216460;5735.0;5684.5;5607.0;5605.0;5614.5;5614.5;5600.5;5742.5;5685.0;5638.5;5641.5;5625.5;5619.0;5624.0;5683.5;5601.5;5586.5;5604.0;5606.5;5596.0;5598.0;5684.5;5607.5;5605.0;5614.5;5615.0;5600.0;5617.5;346860;599170;494137;327400;184757;155408;144082;115569;172922;144490;87799;52190;44886;46412;0
2022-01-03;0.012452471482889733;0.9274809160305344;-0.005496200330893693;0.49999999999999994;0.8660254037844387;0.5712682150947923;0.8207634412072763;0.0;1.0;106395;106430;106690;104780;105230;105360;105315;106650;107245;106695;105325;105470;105440;105410;106230;106225;104360;104685;104955;105185;105160;106430;106690;104780;105235;105360;105310;105325;1731757;3138280;3806456;1803403;1521065;1210172;954009;593273;973700;1074136;527266;435912;343763;263808;5609.5;5620.5;5651.0;5678.0;5698.0;5698.5;5700.0;5633.5;5652.0;5686.5;5704.5;5710.0;5703.0;5707.5;5595.0;5620.0;5650.5;5676.0;5692.5;5686.5;5696.0;5620.5;5651.5;5678.5;5698.0;5699.0;5699.5;5698.5;418627;403925;381786;301374;209443;184393;153227;155552;141738;124423;92895;66234;55555;45246;0
2022-01-04;0.027115935899243385;0.37435008665511266;-0.014427458439852875;0.49999999999999994;0.8660254037844387;0.7247927872291199;0.6889669190756866;0.7818314824680298;0.6234898018587336;105440;105695;104745;104450;104955;104885;104760;105785;105715;104885;105310;104975;104965;104890;105235;104390;104040;104380;104545;104660;104295;105695;104740;104455;104950;104880;104760;104480;2243144;3724874;2866173;2083497;1677334;1444765;1491810;730333;1153303;862329;620217;506875;411173;427479;5704.5;5726.0;5729.5;5689.0;5705.0;5711.5;5717.5;5737.5;5744.5;5746.5;5709.0;5718.5;5719.0;5730.0;5702.5;5716.5;5685.5;5672.5;5697.0;5702.5;5707.5;5726.0;5729.5;5689.5;5705.5;5711.5;5717.5;5723.0;491452;431512;535982;387830;234241;165770;197756;191902;163436;185826;129913;74947;53865;63418;0
2022-01-05;0.01654969650986343;0.3037249283667622;-0.022004203969688396;0.49999999999999994;0.8660254037844387;0.8486442574947509;0.5289640103269624;0.9749279121818236;-0.22252093395631434;104570;104055;103695;104260;104155;103715;102990;104695;104175;104285;104465;104225;103840;103075;103790;103360;103330;103725;103520;102975;102735;104060;103700;104260;104150;103715;102990;102805;2169467;3482851;3186400;2377197;1802157;1909248;1356603;697526;1052887;909539;668290;497935;516098;374317;5715.0;5718.0;5697.0;5681.5;5695.0;5718.0;5712.5;5726.0;5719.5;5709.5;5706.5;5723.0;5722.5;5721.5;5688.5;5694.0;5675.5;5678.0;5691.5;5697.0;5708.0;5717.5;5697.5;5681.5;5695.0;5718.0;5712.5;5711.0;438750;440868;379457;253039;241409;249737;182658;170970;166120;122525;87070;73218;80110;59306;0
2022-01-06;0.029788658315004303;0.12680577849117175;-0.04375203662764937;0.49999999999999994;0.8660254037844387;0.9377521321470804;0.3473052528448203;0.43388373911755823;-0.900968867902419;101975;102375;102400;102530;102935;102775;102735;102400;102575;102970;103180;103130;103015;102760;101645;101900;102160;102215;102540;102655;102315;102370;102395;102525;102935;102780;102740;102605;2284995;3535555;3218191;2758895;1946490;1654524;1628529;775531;1104226;971187;838126;585144;491799;478101;5727.0;5730.5;5734.5;5745.0;5734.0;5734.0;5728.5;5756.0;5744.0;5750.0;5757.0;5741.0;5743.5;5733.5;5718.0;5721.0;5718.5;5727.5;5726.5;5723.5;5712.0;5730.0;5734.5;5745.5;5734.0;5734.0;5728.0;5714.0;445112;376631;428563;391102;201478;185203;175522;168713;137014;137654;124712;62237;57066;53562;0
2022-01-07;0.01505270899730326;0.4820846905537459;-0.03747035721756216;0.49999999999999994;0.8660254037844387;0.9884683243281114;0.1514277775045767;-0.433883739117558;-0.9009688679024191;102385;102595;102585;103215;102450;102925;102995;102720;102675;103265;103230;103010;103100;103385;102315;101855;102510;102335;102255;102780;102930;102595;102590;103220;102455;102925;102995;103150;1778609;3944895;3204759;2402296;1980688;1518506;1513965;590440;1197095;905724;653952;537559;419291;391972;5711.5;5723.5;5730.5;5676.5;5686.5;5657.0;5660.5;5732.5;5740.0;5736.0;5693.0;5687.5;5666.5;5669.5;5695.5;5700.0;5674.0;5672.5;5655.5;5648.5;5655.0;5723.5;5730.5;5676.0;5686.5;5657.0;5661.0;5660.0;332534;455418;526785;299462;269369;231828;165782;125871;169423;169559;95817;83685;65900;54657;1
2022-01-10;0.018215558919763637;0.5603217158176944;-0.03035442948514082;0.49999999999999994;0.8660254037844387;0.8978045395707416;-0.4403941515576344;0.0;1.0;102900;102585;102995;102240;102125;102415;102205;103320;103100;103405;102245;102500;102450;102535;102570;102455;102225;101750;102075;102065;102180;102585;102995;102240;102125;102415;102210;102470;1666941;3448444;3678055;2540679;1948710;1798691;2032527;546458;990532;1017372;673602;530843;456711;481303;5673.5;5684.0;5696.0;5716.5;5709.5;5708.0;5710.0;5688.5;5697.0;5720.0;5720.0;5718.5;5714.5;5711.0;5657.5;5671.5;5695.5;5702.0;5704.0;5703.5;5694.5;5684.5;5696.5;5716.5;5709.5;5708.5;5710.0;5704.0;393958;381643;369616;239977;198458;141840;245133;154412;144748;126130;78100;64264;46770;71761;1
2022-01-11;0.01608357628765792;0.9969788519637462;-0.024219918559167285;0.49999999999999994;0.8660254037844387;0.7907757369376989;-0.6121059825476626;0.7818314824680298;0.6234898018587336;103400;102685;103265;103405;103755;104235;104250;103620;103355;103450;103930;104350;104290;104425;102655;102565;102880;103400;103745;104100;104060;102685;103265;103400;103755;104240;104245;104310;1506824;3863617;3477713;2739952;1987566;1155749;1600558;482818;1058152;938824;727420;497117;287983;375423;5679.5;5686.0;5681.5;5665.0;5637.0;5625.0;5622.0;5701.0;5689.0;5691.5;5666.5;5640.0;5634.0;5628.5;5674.0;5659.0;5664.5;5633.0;5604.0;5620.5;5607.5;5685.5;5681.5;5665.0;5637.0;5624.5;5622.0;5609.0;397475;549530;407123;471235;377259;165173;243504;146748;191170;138261;146371;107347;48987;72450;1
2022-01-12;0.022340425531914895;0.9675324675324676;-0.009496265526831263;0.49999999999999994;0.8660254037844387;0.6513724827222223;-0.7587581226927909;0.9749279121818236;-0.22252093395631434;104800;104470;105635;106290;105940;106125;106250;104915;105690;106305;106345;106210;106345;106300;104375;104410;105565;105785;105695;105915;106010;104465;105635;106290;105940;106125;106250;106160;2037758;3727830;2998736;2072970;2093758;1728358;1518396;643560;1053266;822310;559797;541986;411082;354981;5604.5;5611.5;5584.0;5574.5;5578.0;5577.0;5565.0;5624.5;5620.5;5604.0;5589.0;5588.0;5581.5;5571.0;5600.0;5571.0;5574.0;5573.0;5573.5;5560.5;5552.5;5611.0;5584.0;5574.5;5578.0;5576.5;5565.0;5552.5;410730;653040;510282;302587;225765;284592;337747;162042;236357;175986;95240;69442;87778;108955;1
2022-01-13;0.02256679389312977;0.813953488372093;0.005193816592317312;0.49999999999999994;0.8660254037844387;0.48530196253108104;-0.8743466161445821;0.43388373911755823;-0.900968867902419;106300;105895;106040;106900;106255;106485;106435;106360;106275;107015;106905;106820;106570;106885;105865;105650;105905;105940;106150;106065;106255;105895;106040;106900;106255;106490;106435;106800;1807058;3747428;3066551;2875170;2045731;2254421;1965769;582454;1060182;828463;807044;559971;615443;514774;5573.0;5567.5;5547.5;5527.0;5536.0;5532.5;5543.5;5577.0;5575.5;5549.5;5549.0;5538.5;5549.5;5548.0;5555.0;5547.0;5521.0;5526.5;5523.5;5531.0;5534.0;5567.5;5547.5;5526.5;5536.5;5533.0;5543.0;5534.0;459183;536301;609893;371923;274816;223342;182633;176791;192630;178957;114143;82879;69639;57934;0
2022-01-14;0.01284101599247413;0.3553113553113553;0.0037379509597857004;0.49999999999999994;0.8660254037844387;0.29936312297335804;-0.9541392564000488;-0.433883739117558;-0.9009688679024191;106135;105945;105930;106750;107190;107065;106865;106460;106440;106840;107340;107285;107165;107315;105930;105700;105800;106575;106875;106760;106780;105945;105935;106755;107195;107060;106870;107250;2244025;3841225;3465728;2688954;1788885;1382018;1689742;717905;1164120;996005;747443;503717;363731;399385;5550.0;5562.5;5563.0;5554.5;5554.0;5559.5;5564.5;5565.0;5567.0;5571.5;5560.0;5570.5;5565.5;5566.5;5543.5;5545.5;5550.5;5544.5;5548.0;5554.0;5540.5;5563.0;5562.5;5554.0;5554.0;5559.0;5564.0;5541.5;314564;505233;420673;270326;252651;147741;192425;126333;177066;137306;82555;76416;48208;60231;1
2022-01-17;0.021529184529137418;0.8577680525164114;0.01868519968491346;0.49999999999999994;0.8660254037844387;-0.2993631229733582;-0.9541392564000488;0.0;1.0;107660;107185;106960;107125;107275;107110;107465;107855;107470;107125;107355;107420;107475;107545;107170;106905;106715;107045;106980;107040;107285;107180;106965;107120;107280;107115;107465;107305;1628420;2984372;2197439;1447626;1375422;1277254;1167226;508225;835337;580145;379307;356595;325469;314447;5555.0;5530.5;5519.0;5525.0;5525.0;5540.5;5532.0;5559.0;5531.0;5537.0;5535.0;5546.5;5543.5;5544.0;5522.0;5512.5;5516.5;5521.5;5522.0;5530.0;5526.5;5531.0;5518.5;5525.0;5524.5;5540.5;5532.0;5540.0;373565;366744;270986;193943;212078;131398;168228;136393;132627;100530;70503;68733;45512;53886;0
2022-01-18;0.010588890953000186;-0.36403508771929827;0.007229691956375489;0.49999999999999994;0.8660254037844387;-0.4853019625310808;-0.8743466161445822;0.7818314824680298;0.6234898018587336;106300;106700;107025;106980;107205;107620;106620;106725;107125;107190;107515;107745;107655;107280;106155;106490;106565;106905;106990;106405;106385;106705;107025;106980;107200;107620;106625;107270;1459212;3249267;3958229;2734041;2407913;2798416;2166129;463018;904971;1065561;711911;587366;687287;521903;5551.5;5548.5;5525.5;5538.5;5536.5;5549.5;5590.5;5567.5;5552.0;5545.0;5554.5;5553.5;5598.0;5599.0;5546.5;5524.5;5521.0;5535.0;5535.0;5549.0;5587.0;5549.0;5525.5;5538.0;5536.0;5550.0;5590.5;5587.0;382582;539581;409420;303569;228110;417898;209088;139388;182969;141294;98728;72060;121125;62314;1
2022-01-19;0.01495766698024459;0.8647798742138365;0.019350404664004454;0.49999999999999994;0.8660254037844387;-0.651372482722222;-0.7587581226927911;0.9749279121818236;-0.22252093395631434;107530;108175;108925;109105;109090;109125;109055;108335;109060;109245;109315;109130;109215;109135;107510;108155;108760;108805;108770;108910;108860;108175;108925;109110;109090;109130;109055;109030;1919693;3260485;3407866;2752295;1887359;1578280;1617824;580001;893006;929338;738029;525665;412861;397180;5560.0;5538.5;5536.5;5489.0;5488.0;5482.0;5481.0;5567.0;5541.5;5540.5;5504.0;5494.5;5487.5;5485.0;5537.0;5531.0;5486.5;5480.0;5475.0;5472.0;5475.0;5538.0;5536.5;5488.5;5488.0;5482.0;5481.0;5478.0;479151;452061;796097;485676;288347;229344;203699;157434;138104;219687;123819;83772;64811;56691;0
2022-01-20;0.016786013205617036;1.0470914127423823;0.035948060556561676;0.49999999999999994;0.8660254037844387;-0.7907757369376986;-0.6121059825476627;0.43388373911755823;-0.900968867902419;109400;108865;109595;110065;110070;110065;110410;109425;109765;110080;110150;110175;110465;110440;108810;108800;109575;109805;109910;110040;110190;108865;109600;110065;110075;110060;110410;110395;1706369;3650152;2818247;1936135;1222420;1547117;1612065;548877;1039863;799299;543238;352601;388572;377423;5460.0;5458.5;5426.0;5430.5;5419.0;5420.5;5410.0;5474.0;5459.0;5442.5;5440.0;5426.5;5424.0;5421.5;5451.5;5413.0;5414.5;5416.5;5413.5;5390.0;5399.5;5458.0;5425.5;5430.0;5419.5;5420.5;5410.0;5401.5;479071;681148;403077;350617;225647;320838;271523;158515;200765;123100;97089;63187;82271;77548;0
2022-01-21;0.015676416819012797;0.40816326530612246;0.03532148150249257;0.49999999999999994;0.8660254037844387;-0.8978045395707417;-0.44039415155763423;-0.433883739117558;-0.9009688679024191;109500;109235;109815;109965;109900;109860;109730;109580;109840;110430;110135;110160;109965;109790;108890;108900;109535;109470;109740;109585;109250;109235;109820;109970;109900;109865;109735;109545;2154382;3406855;3833908;3388307;2277314;2339827;2261846;688690;966563;1054100;1005845;682800;682192;656643;5451.0;5463.5;5453.5;5433.5;5431.0;5434.0;5456.5;5479.5;5485.0;5460.0;5446.5;5442.0;5459.0;5472.0;5436.5;5452.5;5420.5;5424.5;5413.0;5432.0;5452.0;5463.0;5453.5;5433.5;5430.5;5434.0;5456.5;5467.5;530742;498344;524148;346818;335548;229772;282344;185161;171854;164161;110177;96917;67592;82216;0
2022-01-24;0.014063926940639269;0.04220779220779221;0.028847969782813974;0.49999999999999994;0.8660254037844387;-0.9884683243281114;0.15142777750457667;0.0;1.0;108955;109195;108175;107755;107875;107685;107625;109315;109350;108620;108245;107950;107710;108015;108745;108130;107655;107610;107285;107135;107575;109200;108175;107755;107880;107685;107625;107755;1873647;4124756;4145681;3487680;2862809;2930713;2603611;633606;1200466;1169335;1052739;886898;907275;814313;5487.0;5487.0;5492.0;5510.0;5502.0;5519.0;5517.5;5499.0;5494.5;5511.0;5524.5;5529.0;5533.5;5521.0;5476.5;5480.0;5484.0;5485.0;5501.5;5515.5;5501.5;5487.0;5492.0;5510.0;5502.5;5519.0;5517.5;5505.5;430379;375064;523423;517770;331024;326026;275975;153060;127077;164975;152471;93909;92308;78499;1
2022-01-25;0.020329493827727044;0.6049661399548533;0.022666474970715302;0.49999999999999994;0.8660254037844387;-0.9377521321470804;0.3473052528448203;0.7818314824680298;0.6234898018587336;108475;107785;108765;108690;108825;108940;109555;108490;108840;109315;109240;109415;109695;110380;107720;107625;108520;108155;108610;108845;109425;107785;108765;108690;108825;108935;109555;110355;1793506;3832780;3723787;3514318;2744047;2497437;2214097;573069;1096236;1044337;1047024;802948;709434;616475;5506.0;5521.0;5505.5;5503.0;5489.0;5488.5;5469.5;5528.5;5526.0;5512.0;5513.0;5500.0;5490.5;5474.5;5506.0;5502.5;5492.5;5484.0;5480.5;5458.5;5448.0;5520.5;5505.0;5502.5;5489.5;5489.0;5469.5;5450.0;373623;325858;441793;389462;271706;347038;275843;142074;110840;146210;108470;76888;92954;79523;1
2022-01-26;0.03424752247061535;1.0619111709286675;0.04991248376715036;0.49999999999999994;0.8660254037844387;-0.848644257494751;0.5289640103269624;0.9749279121818236;-0.22252093395631434;111570;111895;112405;112725;112800;112735;112770;112230;112790;112915;112915;112985;112865;112940;111445;111850;112125;112285;112475;112645;112475;111895;112405;112725;112800;112735;112765;112790;2379263;3571343;3517188;2782284;1851497;1421543;1715644;758697;1028966;1039386;831831;539938;396104;469212;5433.0;5437.5;5428.5;5444.0;5441.5;5442.0;5426.0;5446.5;5438.5;5463.5;5451.0;5449.5;5445.0;5432.5;5423.0;5417.5;5428.0;5435.5;5431.5;5422.0;5406.0;5438.0;5428.5;5444.0;5442.0;5442.5;5426.0;5411.0;442265;420651;590332;322888;222081;194215;312988;155011;143171;185340;97663;65260;56353;95797;0
2022-01-27;0.016536703414896478;0.3712737127371274;0.05196486882107871;0.49999999999999994;0.8660254037844387;-0.72479278722912;0.6889669190756865;0.43388373911755823;-0.900968867902419;112110;112865;113090;113010;113355;113310;112875;112925;113320;113430;113475;113580;113335;112950;112100;112790;112810;112690;113185;112600;112160;112860;113085;113010;113360;113310;112880;112605;2345410;3420532;3586753;3166423;2227359;2556281;2986130;760750;993952;1024205;936669;641764;714613;861333;5435.0;5385.0;5364.5;5369.5;5415.5;5428.0;5421.5;5438.0;5399.0;5385.0;5421.0;5430.0;5436.5;5439.0;5379.5;5362.5;5356.0;5369.0;5408.5;5413.0;5419.0;5385.0;5364.5;5370.0;5416.0;5428.0;5421.5;5434.0;628378;585929;641432;624822;425284;395295;304027;188017;166008;176246;152376;96425;97346;78138;1
2022-01-28;0.013201320132013201;0.36486486486486486;0.053032587076885684;0.49999999999999994;0.8660254037844387;-0.5712682150947924;0.8207634412072763;-0.433883739117558;-0.9009688679024191;112640;112425;113200;112515;112695;112540;112160;112745;113480;113210;112775;112920;112695;112515;112170;112290;112465;112215;112340;111900;112100;112425;113205;112515;112695;112535;112160;112370;2204516;3627721;3231387;3047056;2188660;2162090;2053870;780790;1107147;1005025;953220;677663;609815;568030;5430.0;5401.0;5384.0;5394.5;5407.0;5397.5;5402.5;5435.0;5410.0;5400.5;5415.5;5410.0;5405.0;5403.5;5394.0;5376.0;5380.0;5384.5;5390.0;5388.0;5386.0;5401.0;5383.5;5394.5;5407.0;5397.5;5402.5;5391.5;506716;629119;424982;447968;262586;238658;190567;171284;204861;117913;121049;76551;64189;53858;0
2022-01-31;0.014115767045454546;0.36477987421383645;0.048221741723829405;0.49999999999999994;0.8660254037844387;-2.4492935982947064e-16;1.0;0.0;1.0;112470;112315;112545;112405;112185;112435;112375;112470;112645;112615;112500;112650;112485;112600;111775;111575;112155;111820;111900;112190;112075;112315;112545;112400;112190;112435;112375;112600;1511109;3343762;2909070;2420320;1990814;1392446;1591101;530745;1043946;921357;751241;579197;406759;469205;5399.5;5414.0;5400.5;5404.5;5349.0;5328.5;5344.5;5436.0;5429.0;5410.0;5406.0;5354.0;5344.5;5352.5;5391.0;5393.0;5390.0;5342.5;5322.5;5327.5;5338.5;5414.0;5400.0;5405.0;5349.0;5328.5;5344.0;5339.5;415605;407744;332629;579035;434564;249570;236777;135701;124856;103632;149399;111041;67719;66655;1
2022-02-01;0.013025695741086512;0.658703071672355;0.04513858255285361;0.8660254037844386;0.5000000000000001;0.2225209339563144;0.9749279121818236;0.7818314824680298;0.6234898018587336;112540;112455;112790;113205;113460;113300;113280;112880;113020;113270;113710;113500;113320;113535;112400;112430;112475;112875;113205;113085;113135;112455;112790;113200;113455;113295;113280;113270;1786610;2884871;3060099;2596542;1427555;1310109;1365023;624440;898504;952606;781300;431292;384109;379671;5334.0;5322.0;5325.0;5316.5;5317.5;5318.5;5322.0;5337.5;5354.0;5334.0;5332.5;5326.5;5328.5;5326.0;5308.0;5316.0;5312.5;5310.5;5312.0;5317.0;5306.5;5322.0;5325.0;5316.5;5317.5;5318.5;5322.0;5309.5;466953;594106;494210;411598;206102;168643;204221;161554;194375;149920;114687;59878;49212;60103;1
2022-02-02;0.012395592678158877;1.146953405017921;0.05414027463128208;0.8660254037844386;0.5000000000000001;0.4338837391175581;0.9009688679024191;0.9749279121818236;-0.22252093395631434;114000;113585;113255;112855;112740;112175;112425;114135;113865;113405;112920;112775;112435;112450;113565;113215;112840;112500;111970;112120;112080;113585;113255;112855;112745;112175;112430;112315;1500403;2464969;2303719;2056679;1971696;1394229;1653390;507743;767579;690258;577813;541037;379373;456191;5300.0;5295.0;5329.0;5342.5;5336.0;5342.0;5330.0;5305.0;5330.0;5345.0;5350.0;5349.0;5344.0;5336.5;5290.5;5294.0;5318.5;5327.5;5332.0;5328.5;5314.5;5295.0;5329.5;5342.5;5336.0;5342.0;5330.0;5317.5;423530;566180;395158;367915;289497;164746;266022;122120;171957;116966;97845;79106;45595;76561;1
2022-02-03;0.020789473684210528;-0.07383966244725738;0.026893965537074103;0.8660254037844386;0.5000000000000001;0.6234898018587335;0.7818314824680298;0.43388373911755823;-0.900968867902419;111590;112320;111705;111995;112070;111780;112170;112400;112745;112420;112260;112370;112260;112195;111580;111580;111560;111715;111745;111525;111920;112315;111705;111995;112070;111785;112170;112140;1750226;3164615;3771273;2459030;1990672;2112993;1542934;594051;898050;1130126;763987;572995;616136;436686;5308.0;5340.5;5347.0;5336.0;5321.0;5339.5;5328.0;5341.0;5354.5;5356.0;5343.0;5343.5;5343.5;5336.0;5306.5;5333.0;5321.5;5304.5;5308.5;5326.5;5327.0;5340.5;5347.0;5335.5;5320.5;5339.5;5328.0;5328.5;435582;434161;625574;436252;304178;226250;142001;154582;134653;181783;125104;88869;68119;40351;0
2022-02-04;0.010932879290258983;0.38934426229508196;0.025998057932247486;0.8660254037844386;0.5000000000000001;0.7818314824680298;0.6234898018587336;-0.433883739117558;-0.9009688679024191;112000;112025;110885;111540;111540;112370;112390;112140;112075;111560;111710;112460;112495;112470;111685;110535;110820;111240;111425;112165;112115;112025;110885;111540;111540;112370;112390;112175;1605464;3649941;2805881;2169053;2045994;1311525;1163613;547292;1200325;904804;725714;626321;392660;324909;5329.5;5323.0;5366.0;5362.0;5374.0;5358.0;5358.5;5335.0;5372.0;5372.0;5380.0;5381.0;5364.5;5361.0;5311.5;5322.0;5344.0;5358.5;5356.5;5356.0;5353.0;5323.0;5366.5;5361.5;5374.5;5358.5;5358.5;5356.0;383085;608201;473739;314368;268560;140322;141950;129530;202310;151762;96088;81980;40720;39833;0
2022-02-07;0.01924107142857143;0.8422273781902552;0.025037463819188317;0.8660254037844386;0.5000000000000001;1.0;6.123233995736766e-17;0.0;1.0;112350;111980;112210;112320;112495;112375;112260;112385;112500;112340;112610;112635;112460;112525;111755;111740;111655;112130;112175;112095;112190;111985;112210;112320;112495;112380;112260;112500;1724713;3723564;3128901;1963943;1813690;1636444;1222583;589756;1172536;1020270;627618;549323;488859;348059;5345.0;5322.0;5327.0;5318.0;5318.5;5321.5;5302.0;5352.0;5339.5;5343.5;5331.0;5325.0;5324.5;5307.5;5320.5;5314.0;5316.5;5314.5;5307.0;5293.0;5292.5;5322.0;5327.0;5317.5;5318.5;5321.5;5302.0;5295.0;442982;443145;365656;244271;229044;301261;206429;163305;159399;128171;79149;74842;90211;64974;1
2022-02-08;0.008767245215843347;0.24873096446700507;0.016755106491240825;0.8660254037844386;0.5000000000000001;0.9749279121818236;-0.22252093395631434;0.7818314824680298;0.6234898018587336;111900;111800;111315;111630;111670;111915;112180;112115;111860;111915;111735;111935;112315;112215;111730;111050;111265;111260;111630;111850;112075;111795;111320;111625;111665;111920;112175;112190;1558246;3073829;2672001;2093406;1256565;1607080;919087;541455;955991;818870;639753;381240;464980;257196;5295.0;5285.0;5300.5;5294.0;5301.0;5297.0;5299.5;5301.5;5316.0;5303.5;5312.0;5302.5;5304.5;5303.5;5277.5;5284.5;5278.0;5291.0;5288.0;5294.5;5291.0;5284.5;5301.0;5293.5;5301.0;5297.5;5299.5;5292.5;389558;556739;440549;317578;191891;150594;151490;144708;186454;157344;106842;58729;46605;47915;0
2022-02-09;0.01519213583556747;1.1470588235294117;0.023043372964947184;0.8660254037844386;0.5000000000000001;0.9009688679024191;-0.43388373911755806;0.9749279121818236;-0.22252093395631434;113000;112210;111930;112505;113115;112690;113085;113100;112725;112620;113360;113190;113195;113095;112190;111875;111915;112455;112685;112635;112580;112205;111940;112505;113115;112690;113090;112600;2004637;3656943;2881592;2028497;1169658;1418666;1424468;686055;1160645;910900;609364;339498;395956;398968;5275.0;5295.0;5311.0;5307.5;5291.0;5290.0;5248.5;5297.5;5315.0;5314.0;5308.5;5301.5;5290.0;5252.0;5261.0;5284.5;5301.0;5281.5;5283.0;5243.0;5237.5;5295.5;5311.0;5307.5;5290.5;5289.5;5249.0;5243.5;506269;499191;324029;386694;229422;413325;267007;166229;173377;107064;116627;70276;117766;76711;0
2022-02-10;0.013141592920353983;0.4208754208754209;0.01591601760921097;0.8660254037844386;0.5000000000000001;0.7818314824680299;-0.6234898018587335;0.43388373911755823;-0.900968867902419;112500;112755;112890;113430;113455;113635;113795;113040;113240;113475;113700;113780;113910;113985;112455;112480;112245;113360;113405;113435;113615;112755;112890;113430;113455;113640;113800;113835;1848568;3734586;3456755;1981559;1437990;2014100;1841448;643522;1218261;1104485;636631;465913;576576;539918;5257.5;5253.0;5248.5;5208.0;5213.0;5222.5;5251.0;5269.0;5270.5;5261.5;5218.0;5223.0;5274.0;5264.0;5245.5;5235.0;5205.0;5194.0;5203.0;5218.5;5228.0;5252.5;5248.5;5208.5;5213.0;5222.0;5250.5;5253.5;475698;663088;644130;449836;285314;538905;365934;185068;232069;206627;131391;87679;157291;116339;0
2022-02-11;0.015466666666666667;0.5028735632183908;0.018207021325910407;0.8660254037844386;0.5000000000000001;0.6234898018587339;-0.7818314824680295;-0.433883739117558;-0.9009688679024191;113120;114145;113995;114460;114710;114825;114895;114300;114425;114590;114885;114950;114980;114990;113110;113945;113765;114455;114655;114780;113740;114145;113995;114465;114710;114825;114895;113990;1933616;2856577;3044843;1688366;1334427;1085920;2997018;663682;916607;939298;543393;414701;316503;878309;5252.5;5221.5;5235.0;5220.5;5215.5;5219.5;5212.0;5263.0;5239.0;5244.0;5224.0;5229.5;5223.0;5270.0;5215.0;5203.0;5217.0;5206.0;5206.0;5201.0;5201.0;5222.0;5234.5;5221.0;5215.5;5219.5;5212.5;5244.0;479222;499247;455721;397718;283960;249627;529671;174460;171292;161794;129840;91293;82338;174809;0
2022-02-14;0.01670792079207921;-0.05291005291005291;0.014471935935648364;0.8660254037844386;0.5000000000000001;1.2246467991473532e-16;-1.0;0.0;1.0;113000;113770;114065;114010;113755;113865;114055;114000;114310;114095;114015;114025;114130;114140;112880;113700;113640;113435;113690;113745;113435;113770;114065;114010;113760;113865;114060;113545;2062070;2981972;2623915;2566011;1541048;1247413;1961063;726512;1009999;876812;841030;507078;399494;608101;5272.5;5239.0;5225.0;5220.5;5244.0;5233.5;5222.5;5285.0;5240.0;5236.0;5249.0;5246.5;5243.0;5247.5;5222.0;5213.5;5218.0;5219.0;5227.0;5221.0;5214.0;5239.0;5225.0;5220.0;5244.5;5233.0;5223.0;5238.5;553046;487789;356073;400549;255978;206033;345887;208390;169780;119007;126648;79811;66155;106046;1
2022-02-15;0.012654867256637168;1.132867132867133;0.024736879788071885;0.8660254037844386;0.5000000000000001;-0.22252093395631384;-0.9749279121818237;0.7818314824680298;0.6234898018587336;114500;114255;114360;114150;114650;114650;114640;114715;114595;114585;114675;114755;114735;114805;114240;114110;114115;113980;114525;114515;114595;114255;114355;114150;114645;114650;114640;114755;1675596;2690369;2503351;1817931;1033553;1133111;814357;629254;923980;808021;566607;314189;354085;247973;5211.5;5231.5;5201.0;5207.5;5191.0;5198.0;5204.5;5234.0;5231.5;5208.0;5212.5;5204.0;5211.0;5206.5;5209.5;5198.5;5182.0;5189.0;5189.0;5196.5;5195.0;5231.0;5201.0;5207.5;5191.0;5198.0;5204.0;5195.5;435638;530338;517224;331021;215234;198557;134777;165296;195852;174073;102771;65473;62767;43661;0
2022-02-16;0.010087336244541485;1.9696969696969697;0.036914809405416256;0.8660254037844386;0.5000000000000001;-0.433883739117558;-0.9009688679024191;0.9749279121818236;-0.22252093395631434;116255;116750;116960;116930;116800;116555;116710;116865;117270;117150;117005;116855;116725;116935;116255;116675;116740;116705;116455;116450;116640;116750;116965;116935;116800;116555;116710;116790;1308165;1931707;2230962;1399664;1116287;1140371;1267044;451474;611542;702162;418262;323531;330295;349984;5175.0;5171.0;5187.0;5172.0;5173.0;5174.0;5162.0;5189.5;5192.0;5190.0;5175.5;5180.5;5178.0;5171.0;5165.0;5169.0;5169.0;5157.5;5161.5;5160.5;5148.5;5171.5;5187.0;5171.5;5173.5;5174.5;5162.0;5151.5;583911;507506;474618;330676;252003;205554;352351;201947;172136;155098;101591;79664;66062;99281;1
2022-02-17;0.00873080727710636;0.04433497536945813;0.033706566880948204;0.8660254037844386;0.5000000000000001;-0.6234898018587338;-0.7818314824680296;0.43388373911755823;-0.900968867902419;116300;116380;116410;115705;115445;115590;115590;116515;116615;116630;115725;115645;115755;115670;116140;116045;115635;115245;115400;115525;115450;116375;116415;115705;115440;115590;115590;115635;1265713;2848814;3068908;1628564;980052;1026090;1149519;463550;903783;936802;504636;269916;281972;326978;5165.0;5152.5;5155.5;5191.0;5176.5;5169.0;5175.5;5166.5;5162.0;5193.5;5191.5;5181.5;5177.0;5186.0;5138.0;5141.0;5148.5;5173.5;5169.0;5163.0;5173.5;5152.5;5155.5;5191.0;5176.0;5169.0;5175.5;5183.0;365902;501454;548109;325894;205649;199808;198948;136050;173000;175829;102496;64332;63321;63342;0
2022-02-18;0.015735167669819434;0.30327868852459017;0.023011211841052145;0.8660254037844386;0.5000000000000001;-0.7818314824680297;-0.6234898018587337;-0.433883739117558;-0.9009688679024191;115355;115685;115535;115245;114645;114565;114420;115815;115720;115545;115270;114705;114770;114760;115300;115225;114885;114560;114340;114395;114355;115685;115535;115245;114650;114565;114420;114690;1392624;2811980;2423728;2015172;1665494;1677938;1318433;471413;908718;752011;641905;505523;512042;387744;5176.0;5151.0;5146.0;5136.5;5135.5;5131.0;5144.0;5178.0;5160.5;5153.0;5140.5;5148.0;5145.0;5149.0;5144.0;5137.0;5133.5;5125.0;5128.5;5113.0;5135.0;5151.0;5145.5;5136.0;5135.5;5131.5;5143.5;5145.0;438541;494115;417529;378783;334172;352153;274943;159621;168368;136269;116543;95374;103427;74023;1
2022-02-21;0.015213904902258246;0.14814814814814814;0.011764237338012183;0.8660254037844386;0.5000000000000001;-1.0;-1.8369701987210297e-16;0.0;1.0;114320;114245;114465;114740;114695;114540;114355;114530;114585;114810;114840;114760;114650;114375;114105;113860;114415;114595;114525;114290;113900;114245;114460;114740;114695;114545;114360;114090;1473586;2943344;1783511;934129;798171;1000654;1005728;508850;927642;543807;293557;232762;304442;325614;5140.5;5139.0;5110.5;5097.5;5085.0;5100.0;5104.0;5163.0;5139.5;5114.5;5104.0;5102.0;5105.5;5111.0;5137.0;5109.0;5095.5;5081.5;5084.5;5091.0;5099.0;5139.5;5111.0;5097.5;5085.5;5099.5;5104.5;5103.5;479512;492495;419140;342439;207145;189725;215154;169104;166051;123301;104603;59600;60701;65837;0
2022-02-22;0.016532540237928623;0.37037037037037035;0.004086140254003313;0.8660254037844386;0.5000000000000001;-0.9749279121818238;0.22252093395631334;0.7818314824680298;0.6234898018587336;113650;114495;114630;114655;114305;114145;114070;114560;114795;114760;114710;114455;114225;114290;113650;114320;114205;114280;114090;114025;113660;114500;114630;114655;114300;114145;114075;113790;2107908;2591481;2671385;2291191;1763503;1161248;1782540;710889;802476;804206;679590;521674;329995;510720;5102.0;5094.0;5063.5;5058.0;5057.5;5067.0;5063.5;5106.5;5095.5;5077.0;5065.0;5071.5;5068.0;5075.0;5081.0;5062.0;5055.5;5055.0;5054.5;5056.0;5059.0;5094.0;5063.5;5058.0;5057.0;5067.0;5064.0;5069.5;636837;559107;458563;345886;296603;190744;239403;221673;175117;140716;95953;81062;55017;70837;1
2022-02-23;0.010646722393312803;0.9214876033057852;0.011579810736680572;0.8660254037844386;0.5000000000000001;-0.9009688679024193;0.43388373911755795;0.9749279121818236;-0.22252093395631434;114700;114750;114910;114195;113745;113855;113920;114965;115110;114955;114320;114000;114050;113970;114410;114435;114115;113695;113605;113660;113690;114750;114915;114195;113745;113860;113920;113850;1733521;3039995;2844548;2040273;1512548;1559883;1471897;596002;949001;861457;588868;420705;432602;403624;5050.5;5016.0;5004.5;5010.0;5035.0;5022.5;5013.5;5055.5;5020.0;5016.0;5036.0;5040.0;5023.5;5018.0;5015.5;5002.0;5001.5;5010.0;5018.5;5008.5;4997.5;5016.0;5004.5;5010.0;5035.0;5022.5;5013.0;4999.5;673436;518305;452262;439022;300220;269827;342513;217142;153977;129061;121118;87370;73197;99276;0
2022-02-24;0.01904969485614647;-1.1098398169336385;-0.02586096699828534;0.8660254037844386;0.5000000000000001;-0.7818314824680299;0.6234898018587334;0.43388373911755823;-0.900968867902419;110500;110785;111035;111055;111280;111230;110560;111495;111395;111355;111675;111595;111255;111390;110050;110425;110500;110760;111110;110320;110340;110790;111035;111055;111280;111235;110565;111070;2806979;3144649;3146445;2470526;1567915;2036622;2059839;1032798;984588;1032249;788328;509768;636975;615619;5060.0;5090.0;5105.5;5141.5;5140.0;5126.0;5147.0;5094.0;5108.0;5148.5;5152.0;5142.0;5148.5;5166.0;5037.0;5082.0;5096.0;5127.5;5116.0;5120.0;5130.0;5090.5;5105.5;5141.5;5140.0;5126.0;5147.0;5139.0;790288;648720;743982;548894;444732;298146;492445;279150;202084;224168;144831;121318;87150;140029;1
2022-02-25;0.025520361990950226;0.9024822695035462;-0.0073263625623754694;0.8660254037844386;0.5000000000000001;-0.6234898018587337;0.7818314824680297;-0.433883739117558;-0.9009688679024191;112595;112175;112460;112550;112975;113200;112960;112600;112700;112910;113040;113215;113245;113125;111755;112080;111845;112155;112780;112860;112830;112175;112460;112545;112975;113205;112955;113015;2014351;2666689;2970880;2282187;1494400;1159465;1083926;677750;831075;933756;719614;461397;347472;330661;5165.0;5142.5;5165.5;5195.5;5200.5;5196.0;5218.0;5170.0;5178.0;5196.5;5208.0;5215.5;5222.0;5225.5;5124.0;5142.0;5163.5;5191.0;5192.0;5194.0;5200.0;5142.0;5166.0;5195.0;5200.5;5196.5;5218.0;5205.0;737800;563280;457097;374633;373162;251307;281311;276310;193237;147005;106183;107254;75108;84810;1
2022-03-03;0.013405639913232105;0.9223300970873787;0.024838371425870684;1.0;6.123233995736766e-17;0.5712682150947923;0.8207634412072763;0.43388373911755823;-0.900968867902419;116550;116535;116840;116750;116560;116680;116640;116770;117095;117075;117155;116795;116960;116870;116310;116405;116635;116550;116405;116455;116535;116530;116845;116750;116555;116685;116640;116565;1709699;2507352;2287411;2022529;1615114;1744936;1169458;581970;731937;683548;607714;474571;544457;368943;5151.0;5116.5;5074.5;5087.5;5081.5;5097.5;5083.0;5157.5;5120.5;5097.5;5093.5;5106.5;5113.5;5084.5;5112.5;5065.5;5064.5;5069.0;5077.0;5080.5;5062.0;5116.0;5074.5;5087.0;5082.0;5097.5;5083.0;5063.0;606409;669025;509855;408422;404967;407865;263291;249590;223629;161416;126116;128610;136808;87415;0
2022-03-04;0.00827970827970828;-0.40932642487046633;0.016918638605057587;1.0;6.123233995736766e-17;0.7247927872291199;0.6889669190756866;-0.433883739117558;-0.9009688679024191;115795;116000;115410;115180;114635;114775;115060;116145;116190;115515;115225;114855;115080;115325;115650;115305;114935;114555;114545;114705;114975;115995;115415;115175;114630;114775;115060;114995;1890841;2854777;2173491;1748835;1340361;1400353;1432314;664073;956579;685933;559543;414507;403563;422223;5089.5;5093.5;5125.0;5122.5;5121.0;5125.0;5103.0;5098.5;5134.0;5139.0;5132.5;5136.5;5132.0;5118.5;5064.5;5087.0;5115.0;5115.0;5116.5;5099.5;5092.5;5093.0;5125.0;5122.0;5121.0;5125.0;5103.0;5116.5;733971;688657;493661;348864;276141;381582;288749;274158;250951;165894;111662;79964;109931;86189;0
2022-03-07;0.014206140161492293;0.3617021276595745;0.009590407400506373;1.0;6.123233995736766e-17;0.9884683243281114;0.1514277775045767;0.0;1.0;115140;114875;115390;114935;114625;114060;113650;115370;115630;115415;115215;114760;114070;113725;114745;114820;114880;114560;114025;113535;113430;114870;115390;114935;114630;114060;113655;113470;2049090;2533703;2386951;1889879;1621375;1725706;1233841;693588;767181;731816;583277;496320;515408;363939;5114.5;5087.5;5083.0;5103.5;5103.0;5121.0;5129.0;5136.0;5098.0;5107.5;5114.0;5124.0;5130.5;5130.0;5082.0;5066.5;5074.0;5093.5;5098.5;5113.0;5116.5;5088.0;5083.5;5103.0;5103.5;5121.0;5129.0;5124.5;709599;574399;516315;394720;366494;339896;247810;255602;198936;178134;125125;113972;99161;71297;0
2022-03-08;0.03313357651554629;0.23722149410222804;-0.011336476263567591;1.0;6.123233995736766e-17;0.9987165071710528;-0.05064916883871264;0.7818314824680298;0.6234898018587336;112720;113265;112625;112775;112460;112245;112955;113645;113410;113035;112940;112610;113135;113445;112715;112550;112250;112155;111995;112220;112335;113265;112620;112775;112460;112250;112955;112465;1928534;3387373;3461668;2720106;1950670;3083463;2526519;659474;1112168;1096861;816266;580533;871353;700733;5121.0;5121.0;5132.5;5122.0;5125.0;5122.5;5092.5;5130.0;5135.5;5134.5;5132.0;5132.0;5124.0;5108.0;5097.0;5108.0;5109.5;5114.5;5117.0;5083.0;5079.5;5121.0;5132.5;5122.0;5125.5;5123.0;5092.5;5100.5;700719;598870;600376;430930;285542;591349;394102;270401;208684;202457;126455;81863;185384;121259;1
2022-03-09;0.01463804116394606;0.8454545454545455;-0.00533997083301352;1.0;6.123233995736766e-17;0.9680771188662043;-0.2506525322587204;0.9749279121818236;-0.22252093395631434;113390;113105;113240;113985;114240;114245;114420;113755;113335;114190;114410;114490;114585;114785;112985;112660;113215;113985;114140;114065;114265;113105;113245;113980;114245;114245;114420;114365;1733371;2869082;3061355;1835788;1348170;1635174;1853599;611143;876178;914973;520516;377580;458969;510056;5060.0;5057.0;5044.0;5041.0;5025.0;5026.5;5032.5;5069.0;5062.5;5051.0;5043.0;5032.5;5042.0;5041.5;5047.5;5042.0;5026.0;5020.5;5018.0;5024.5;5031.0;5057.0;5044.5;5040.5;5025.5;5026.0;5032.5;5039.0;502374;483810;677967;412685;265177;296269;190805;189408;162222;217492;115873;82446;103540;62470;1
2022-03-10;0.021783226034041803;0.6032388663967612;0.00024316029520974217;1.0;6.123233995736766e-17;0.8978045395707416;-0.4403941515576344;0.43388373911755823;-0.900968867902419;114150;113850;113365;113560;113670;113845;113560;114295;114650;113600;113760;113895;113895;114405;113755;113265;112775;113235;113425;113400;113435;113845;113360;113560;113670;113845;113555;114335;1736456;3600452;2592686;2190318;1598056;1458934;1637522;627582;1124210;807634;658623;465061;432565;492045;5059.0;5073.5;5089.5;5078.5;5082.0;5074.0;5081.5;5075.0;5098.0;5106.5;5090.5;5093.0;5086.5;5083.0;5051.5;5063.5;5077.0;5073.0;5072.5;5071.5;5041.5;5073.5;5089.5;5079.0;5082.0;5074.5;5081.5;5043.5;454663;647340;466872;346695;224445;226576;334531;165782;219294;148826;116998;71974;72452;100610;1
2022-03-11;0.0164257555847569;1.5066666666666666;0.01212846852092221;1.0;6.123233995736766e-17;0.7907757369376989;-0.6121059825476626;-0.433883739117558;-0.9009688679024191;115600;115055;115060;114440;114285;114065;114310;115740;115515;115255;114515;114505;114425;114350;114965;114755;114365;114100;114010;114030;113810;115055;115060;114445;114285;114070;114310;113850;1780602;3252109;2568540;1952965;1374166;1262410;1338447;655869;1090864;810863;600161;419010;380595;392786;5030.5;5036.0;5048.0;5061.5;5069.0;5080.5;5077.5;5038.5;5050.0;5063.0;5073.5;5086.5;5084.5;5085.0;5013.0;5027.0;5041.0;5058.5;5060.5;5075.0;5074.0;5036.0;5048.5;5061.0;5068.5;5080.5;5077.5;5081.5;505454;473497;379684;303393;274657;176767;185140;184997;169253;123463;92588;85441;52083;52922;0
2022-03-14;0.03109861591695502;0.16828929068150209;-0.013042717086834734;1.0;6.123233995736766e-17;0.29936312297335804;-0.9541392564000488;0.0;1.0;112750;113070;111725;111900;111145;110955;110920;113170;113295;112190;112110;111340;111140;111000;112510;111480;111530;111120;110875;110765;110530;113070;111720;111900;111140;110950;110920;110750;2056901;3411045;2612173;1966698;1809573;1717687;1708027;769978;1102693;806630;617858;575564;534029;522969;5084.5;5072.0;5094.5;5092.0;5109.5;5132.5;5147.0;5094.0;5103.5;5102.0;5113.5;5135.0;5149.5;5166.0;5070.0;5064.5;5088.5;5090.5;5108.0;5125.5;5137.5;5072.0;5095.0;5091.5;5109.0;5132.5;5146.5;5162.0;448923;545979;365921;290676;371882;298839;326524;154969;176736;116823;90136;104059;86473;100465;1
2022-03-15;0.024745011086474502;0.13440860215053763;-0.028269828645795678;1.0;6.123233995736766e-17;0.10116832198743272;-0.994869323391895;0.7818314824680298;0.6234898018587336;110880;110020;108880;109625;109665;109970;109800;110945;110060;109860;110095;110385;110030;109850;109970;108865;108570;109400;109540;109455;109190;110020;108880;109630;109660;109975;109800;109755;2154950;3435972;2976162;2259883;1915477;1675048;1690223;747574;1008403;806339;652482;556825;473118;511065;5133.0;5139.0;5162.0;5155.0;5168.0;5170.5;5186.5;5147.5;5177.0;5167.0;5170.0;5176.0;5187.0;5195.0;5118.5;5135.5;5147.5;5148.5;5156.0;5162.5;5182.0;5138.5;5162.5;5155.0;5168.0;5171.0;5186.5;5183.5;570908;582944;356642;317975;268846;267327;269504;213457;196706;120189;103667;87778;86171;78342;0
2022-03-16;0.021419552669552668;1.1305263157894736;-0.02322426860344907;1.0;6.123233995736766e-17;-0.10116832198743204;-0.9948693233918952;0.9749279121818236;-0.22252093395631434;111255;110765;111435;111420;111220;111010;110845;111480;111555;112010;111510;111455;111110;111310;110705;110655;111300;111075;110745;110490;109850;110765;111435;111415;111220;111010;110845;111045;1920804;3097026;2468231;1509845;1593019;1741379;2950044;618543;962588;726975;449628;475102;536032;925428;5162.0;5177.0;5165.0;5142.5;5132.0;5141.0;5144.0;5179.5;5178.0;5165.0;5144.0;5144.5;5147.5;5170.0;5142.0;5152.0;5125.0;5121.5;5126.0;5132.0;5120.0;5177.0;5165.5;5142.5;5132.0;5140.5;5143.0;5127.0;585923;600162;639167;332708;280328;266867;600000;195390;175761;181145;98843;86304;73212;199937;1
2022-03-17;0.02229113298278729;0.8709677419354839;-0.01589149415188622;1.0;6.123233995736766e-17;-0.2993631229733582;-0.9541392564000488;0.43388373911755823;-0.900968867902419;112010;112355;112145;112495;112785;113130;113635;112465;112885;112510;112870;113175;113805;113800;111595;111875;111770;112305;112585;113040;113430;112355;112140;112495;112790;113125;113630;113600;2479047;3349655;2456938;1497110;1211987;1571405;1227315;857102;1065078;770116;485012;378640;451694;355557;5096.0;5108.0;5114.0;5096.0;5063.0;5054.0;5063.5;5122.0;5123.0;5128.5;5098.0;5069.5;5064.0;5067.0;5090.5;5102.5;5095.5;5062.0;5052.0;5050.5;5054.5;5108.0;5114.0;5096.0;5062.5;5053.5;5064.0;5056.5;638747;543941;480296;486704;331691;225720;224737;227380;177149;142684;127578;87116;64475;69729;1
2022-03-18;0.021382019462547988;0.6325678496868476;-0.0056525981732349915;1.0;6.123233995736766e-17;-0.4853019625310808;-0.8743466161445822;-0.433883739117558;-0.9009688679024191;113110;113465;114270;114815;114710;114980;115195;113695;114365;114890;114980;114990;115420;115660;113060;113185;114255;114605;114675;114980;115130;113470;114265;114820;114710;114980;115195;115555;1615182;3183988;1992966;1354378;929150;1379096;1180346;551087;966510;600054;384488;257223;368244;324948;5069.0;5077.0;5072.0;5071.0;5034.0;5028.0;5025.0;5088.0;5094.5;5085.0;5071.5;5036.5;5028.0;5034.0;5057.0;5065.0;5062.5;5031.0;5018.5;5012.0;5021.0;5077.0;5072.0;5070.5;5034.0;5028.0;5025.0;5027.0;505166;498922;430999;551450;283894;238330;207740;176457;171396;142088;160292;76504;70147;61923;1
2022-03-21;0.02683228715409778;0.8698517298187809;0.017476052597444;1.0;6.123233995736766e-17;-0.8978045395707417;-0.44039415155763423;0.0;1.0;115700;115950;116630;116575;116705;116455;116585;116175;117050;116740;116720;116815;116680;117035;115630;115740;115950;116180;116160;116035;116305;115950;116630;116570;116710;116460;116590;116750;1550706;2995052;2489760;1721556;1744530;1688642;1610328;563423;941806;798161;525023;526319;502594;472463;5046.5;5019.5;4990.5;4953.5;4965.5;4972.0;4978.0;5048.0;5022.5;4995.0;4967.0;4974.0;4987.0;4985.0;5018.0;4985.5;4952.5;4947.0;4954.0;4969.5;4958.0;5020.0;4990.5;4954.0;4966.0;4972.0;4977.5;4963.5;477816;543688;542649;331325;311421;335605;289019;178791;180662;162795;90815;93814;98246;85148;1
2022-03-22;0.013094209161624891;1.0396039603960396;0.029717323024885237;1.0;6.123233995736766e-17;-0.9680771188662041;-0.2506525322587213;0.7818314824680298;0.6234898018587336;117205;117530;118020;118080;117720;117925;117930;117545;118290;118195;118100;118010;118025;118000;116925;117495;117825;117670;117700;117810;117650;117535;118015;118085;117715;117925;117930;117850;1574482;2973931;1810095;1291256;1186423;1202351;1496849;539114;844328;523704;366848;321034;314551;410444;4950.0;4928.5;4938.5;4937.5;4951.0;4948.5;4938.0;4958.0;4957.5;4953.0;4965.5;4959.5;4950.0;4944.0;4925.5;4919.0;4930.5;4936.5;4945.5;4934.5;4930.5;4928.0;4939.0;4937.5;4951.0;4948.5;4937.5;4932.5;573185;763233;515816;383344;224564;232019;310012;189950;254849;165223;117298;70332;75306;93352;1
2022-03-23;0.011646260825050126;0.6043956043956044;0.032666010379280026;1.0;6.123233995736766e-17;-0.9987165071710528;-0.05064916883871355;0.9749279121818236;-0.22252093395631434;117750;117930;117950;118630;118675;118425;118365;117985;118180;118765;118935;118690;118435;118385;117605;117670;117945;118610;118350;117960;118060;117930;117955;118630;118675;118425;118365;118105;1663333;2931715;2357253;1140125;1202691;1424252;1308595;554747;890653;698378;318129;331113;406502;386602;4931.5;4913.5;4894.0;4864.5;4860.5;4862.5;4866.0;4933.5;4924.0;4895.0;4877.5;4869.5;4869.0;4868.0;4905.0;4893.0;4858.0;4853.5;4855.5;4859.0;4845.5;4913.5;4894.5;4864.5;4861.0;4862.5;4866.0;4852.5;589630;620452;763308;372483;324151;216089;313536;211309;197878;205877;102563;86153;58135;84734;0
2022-03-24;0.01129511677282378;0.5902255639097744;0.035884984305104395;1.0;6.123233995736766e-17;-0.9884683243281114;0.15142777750457667;0.43388373911755823;-0.900968867902419;118390;118420;118650;118880;119620;119625;119450;118600;118675;118905;119915;119685;119730;119480;118215;117760;118510;118835;119455;119375;119175;118415;118645;118880;119625;119630;119450;119220;1137214;2865241;1901531;2125542;957453;983049;1152099;398774;843340;549432;562760;262338;263570;311387;4844.5;4822.5;4812.0;4794.5;4830.0;4854.5;4824.0;4844.5;4850.0;4815.0;4848.0;4867.0;4869.5;4844.0;4810.5;4811.0;4775.0;4794.5;4824.0;4815.0;4819.5;4822.0;4812.5;4795.0;4830.5;4855.0;4823.5;4839.5;511343;807432;808290;680246;399176;399319;253211;164794;267437;232753;182258;117529;117620;78507;1
2022-03-25;0.01892051693555199;0.9888392857142857;0.04737523270761448;1.0;6.123233995736766e-17;-0.9377521321470804;0.3473052528448203;-0.433883739117558;-0.9009688679024191;119975;120135;119660;119885;119585;119685;119855;120305;120345;120240;119945;119880;119925;119895;119600;119610;119645;119065;119450;119410;119540;120135;119665;119885;119585;119685;119855;119720;1673593;2693936;1938049;2117175;1226222;1212524;999169;588151;875657;576933;583269;358793;342037;273826;4831.0;4804.5;4805.0;4766.0;4764.5;4773.0;4777.5;4833.0;4809.5;4805.5;4782.5;4774.0;4779.5;4778.5;4792.0;4784.0;4762.5;4753.0;4759.5;4765.5;4754.0;4804.5;4805.0;4766.0;4764.5;4773.0;4777.5;4759.5;577329;541321;509061;437720;226637;186499;191402;206658;188192;165665;128888;71204;62358;64766;1
2022-03-28;0.010668889351948322;0.73046875;0.04450687307283042;1.0;6.123233995736766e-17;-0.5712682150947924;0.8207634412072763;0.0;1.0;120000;119905;118885;118920;118735;119140;119020;120235;119960;118935;119135;119195;119185;119680;119550;118760;118565;118725;118725;118900;118810;119900;118880;118920;118735;119140;119015;119680;1403293;2756365;1584582;1604022;1106116;974983;1424140;501656;882515;456734;452283;300192;273268;384202;4747.0;4775.0;4799.5;4813.0;4797.5;4787.0;4797.5;4790.0;4813.0;4825.5;4816.0;4804.5;4798.5;4805.0;4740.0;4774.5;4799.0;4793.5;4783.0;4780.5;4763.0;4775.0;4800.0;4813.0;4797.5;4786.5;4797.5;4772.5;716148;624072;464445;388749;243404;278336;359072;248428;204483;146044;117772;78539;91182;114489;0
2022-03-29;0.013916666666666667;0.9790419161676647;0.04322845357872057;1.0;6.123233995736766e-17;-0.3943558551133187;0.9189578116202306;0.7818314824680298;0.6234898018587336;120200;120880;120590;120455;120300;120260;120385;121255;121385;120785;120550;120390;120470;120690;119975;120265;120120;120235;120010;120080;120310;120880;120585;120455;120300;120265;120385;120450;2291754;3139009;2490609;1391802;1390916;1231890;1245022;741812;970054;747219;399865;383112;334946;320464;4743.5;4758.0;4745.0;4751.5;4756.5;4771.5;4774.5;4767.5;4777.5;4757.5;4767.0;4774.0;4788.5;4775.5;4721.0;4735.5;4726.0;4739.5;4754.5;4770.5;4763.5;4758.0;4745.0;4751.5;4756.5;4771.0;4775.0;4765.0;807495;779541;689346;378567;264056;359051;234770;302178;258906;215318;115603;78554;107692;65366;1
2022-03-30;0.01173044925124792;0.09574468085106383;0.03968387931668766;1.0;6.123233995736766e-17;-0.20129852008866114;0.9795299412524943;0.9749279121818236;-0.22252093395631434;120110;121000;120675;120480;120775;120615;120500;121055;121110;120885;120820;120810;120640;121030;120095;120220;120440;120430;120515;120325;120460;121005;120670;120480;120775;120615;120495;120690;1658378;3256059;2238277;1731505;907741;969686;1505645;590587;948760;624227;465054;243648;253222;405787;4765.0;4731.5;4738.5;4761.5;4774.5;4778.0;4785.5;4766.0;4755.0;4769.0;4791.0;4779.5;4794.0;4787.0;4731.0;4729.0;4737.0;4761.0;4766.0;4777.0;4770.5;4731.5;4738.5;4761.0;4774.5;4778.5;4785.0;4773.5;625784;602192;588363;381555;185373;272660;235912;243903;205914;173976;113834;57889;81077;71223;1
2022-03-31;0.008450586961951544;0.6995073891625616;0.043759625540812294;1.0;6.123233995736766e-17;-2.4492935982947064e-16;1.0;0.43388373911755823;-0.900968867902419;120805;120815;121105;120800;120500;120545;120825;121080;121330;121110;120835;120615;120960;120865;120495;120700;120650;120370;120420;120515;120495;120815;121105;120800;120500;120545;120825;120810;1402442;3142230;1893208;1315258;801642;1114683;1298210;469889;913103;526930;340691;217218;300001;343642;4816.5;4800.0;4771.5;4790.0;4763.0;4767.0;4778.5;4834.0;4809.0;4790.5;4795.5;4770.0;4779.5;4796.0;4798.0;4771.5;4770.0;4763.0;4760.0;4766.5;4776.5;4799.5;4772.0;4790.5;4763.5;4767.5;4778.5;4795.0;701529;647989;515279;383876;260674;227097;303419;252178;203544;140004;102827;59820;55452;71616;0
2022-04-01;0.009271139439592731;0.5267857142857143;0.0419721565718426;0.8660254037844387;-0.4999999999999998;0.20791169081775931;0.9781476007338057;-0.433883739117558;-0.9009688679024191;120800;121290;121590;121840;121635;121595;121520;121645;121790;121915;121970;121675;121700;121790;120785;121270;121530;121600;121490;121370;121470;121290;121585;121835;121635;121590;121520;121710;1701083;2391531;1886802;1240827;940431;1154721;1361898;552092;707629;505812;331962;246104;310653;351969;4770.0;4732.0;4736.0;4733.5;4730.0;4737.0;4730.0;4770.5;4748.5;4740.0;4739.0;4743.0;4741.0;4730.5;4724.5;4729.5;4725.0;4726.5;4729.5;4729.0;4695.5;4732.5;4736.5;4733.5;4730.0;4736.5;4730.0;4699.5;656802;549264;388039;256128;192800;162168;449290;218359;174963;116063;69522;58069;51907;119082;1
2022-04-04;0.011920529801324504;1.0104166666666667;0.05148391786142072;0.8660254037844387;-0.4999999999999998;0.7431448254773941;0.6691306063588582;0.0;1.0;122240;121690;121455;121420;121325;121395;121380;122300;121845;121600;121465;121495;121455;121770;121435;121150;121190;121035;121250;121280;121280;121690;121450;121420;121325;121400;121380;121760;1508140;2543198;1696799;1272081;1033130;816396;1516252;494249;745000;502138;342212;264970;208022;383099;4690.5;4667.0;4645.0;4643.5;4654.0;4654.5;4650.0;4708.5;4669.0;4657.5;4656.0;4656.0;4658.5;4653.0;4662.0;4637.5;4641.0;4638.0;4649.0;4648.5;4643.0;4666.5;4645.5;4644.0;4653.5;4654.5;4650.0;4645.5;617686;534012;346225;298087;145675;166849;230034;234118;171348;111302;83916;40228;52563;63866;0
2022-04-05;0.010348494764397906;0.3241106719367589;0.040298782342032116;0.8660254037844387;-0.4999999999999998;0.8660254037844386;0.5000000000000001;0.7818314824680298;0.6234898018587336;121445;121320;121540;120490;120395;120085;119920;121495;121945;121655;120620;120465;120270;119930;120795;121130;120325;120085;119765;119865;119545;121320;121545;120490;120390;120085;119920;119700;1654523;3202367;2635521;1506836;1368937;1305651;1495206;542573;968544;748753;426145;376702;353430;399299;4626.0;4647.0;4652.0;4694.0;4692.0;4681.5;4687.5;4657.5;4672.5;4702.0;4705.0;4697.5;4690.5;4697.0;4613.0;4644.0;4649.5;4690.5;4677.0;4670.5;4681.0;4647.0;4652.5;4694.0;4692.0;4681.5;4687.5;4683.0;726835;565186;636865;272252;260206;253866;242445;280553;203126;211827;84779;87962;83625;81364;0
2022-04-06;0.025896496356375313;-0.10174880763116058;0.011773998996594827;0.8660254037844387;-0.4999999999999998;0.9510565162951535;0.30901699437494745;0.9749279121818236;-0.22252093395631434;118480;118565;117715;118115;118305;118375;117975;118770;118860;118395;118475;118705;118460;118580;118060;117680;117660;117895;118170;117915;116915;118565;117715;118115;118310;118375;117970;118335;2253287;3291415;2194885;1727491;1347247;1270233;3103965;792646;1090281;704689;534986;398484;394080;921224;4680.5;4714.0;4740.0;4724.0;4719.5;4731.0;4735.5;4717.0;4744.0;4743.0;4735.0;4731.5;4741.0;4750.5;4675.0;4713.0;4717.5;4718.5;4713.0;4726.0;4704.0;4714.5;4740.5;4724.5;4720.0;4730.5;4735.0;4735.5;673173;570926;453716;293726;195706;242500;646640;264064;197294;148446;92049;62670;77036;213177;0
2022-04-07;0.016416272788656313;0.8457583547557841;0.010983013848147895;0.8660254037844387;-0.4999999999999998;0.9945218953682733;0.10452846326765346;0.43388373911755823;-0.900968867902419;118560;117880;118230;118055;117955;118255;118670;118770;118430;118580;118425;118300;118710;119020;117705;117535;117955;117765;117885;118235;118345;117875;118235;118050;117955;118255;118675;118990;1890954;3076255;2587373;1863032;1253512;1573286;1656521;635714;978936;807468;566790;370586;447157;466848;4735.0;4726.0;4776.0;4791.0;4790.5;4781.5;4769.0;4750.5;4779.0;4795.5;4800.0;4792.5;4782.0;4787.0;4717.0;4720.5;4772.5;4782.0;4781.0;4767.5;4767.5;4726.0;4777.0;4791.0;4791.0;4781.0;4768.5;4769.5;689269;763728;541123;317451;211874;267013;295967;271934;278801;174672;93748;67398;85286;85088;0
2022-04-08;0.016025641025641024;0.9236842105263158;0.015320452804494;0.8660254037844387;-0.4999999999999998;0.9945218953682734;-0.10452846326765333;-0.433883739117558;-0.9009688679024191;119290;118355;117560;118740;118560;118750;118460;119290;118600;118780;118945;118860;118890;118585;118355;117515;117560;118495;118475;118275;118255;118355;117565;118740;118560;118750;118460;118530;1754823;2837126;2327412;1465086;1087277;1358345;1215067;586497;857443;657930;395272;287884;378426;334315;4769.0;4767.0;4802.0;4777.0;4777.0;4770.0;4754.0;4783.0;4819.0;4802.0;4782.5;4777.5;4779.0;4758.5;4740.5;4760.0;4769.0;4773.0;4762.0;4753.5;4730.5;4766.5;4802.0;4777.0;4777.0;4769.5;4754.5;4731.5;757618;754596;520372;214130;210313;228930;352035;296173;265665;172897;61817;64772;66709;101726;0
2022-04-11;0.014879704920781289;0.11830985915492957;-0.0003099484975989606;0.8660254037844387;-0.4999999999999998;0.7431448254773945;-0.6691306063588579;0.0;1.0;117725;117120;117650;117420;117325;117250;117635;117830;117695;117780;117460;117595;117660;117660;117115;116975;117155;117110;117215;117250;117185;117125;117650;117425;117325;117250;117640;117295;1865431;2855051;2119816;1319157;1068502;1153333;1317777;677636;928047;662830;398265;319928;344899;381498;4737.5;4715.5;4728.0;4734.5;4728.0;4731.5;4728.0;4764.0;4741.5;4752.5;4743.0;4738.0;4742.5;4730.5;4707.5;4709.0;4716.5;4725.0;4722.5;4717.5;4702.0;4715.5;4728.0;4735.0;4728.0;4731.5;4727.5;4708.0;744074;631900;543271;321351;248398;282622;313074;281097;233479;189945;102688;80486;93202;102081;0
2022-04-12;0.009173922276491824;0.6203703703703703;-0.005507314501324423;0.8660254037844387;-0.4999999999999998;0.5877852522924732;-0.8090169943749473;0.7818314824680298;0.6234898018587336;117420;118425;118100;117715;117705;117475;116895;118535;118590;118125;117885;117760;117635;117030;117315;117935;117625;117455;117255;116835;116210;118430;118100;117715;117710;117470;116895;116435;2169158;2292323;1652333;1304523;1304819;1428229;1636033;838551;803959;567161;438831;437587;474935;527219;4701.0;4649.0;4663.0;4678.0;4693.0;4695.5;4706.0;4717.0;4668.0;4682.0;4702.5;4702.5;4716.0;4709.0;4646.0;4643.0;4660.0;4676.0;4683.5;4695.0;4694.5;4649.5;4663.0;4677.5;4693.5;4695.0;4706.0;4697.0;998188;627932;446019;419285;280705;333162;244227;369992;206575;137230;127682;89509;100615;72672;0
2022-04-13;0.021504002725259753;1.0910891089108912;0.003443478187434155;0.8660254037844387;-0.4999999999999998;0.40673664307580004;-0.913545457642601;0.9749279121818236;-0.22252093395631434;118820;118895;118640;118520;118490;119080;118760;119065;119130;118735;118790;119095;119460;119150;118550;118485;118355;118295;118455;118570;118615;118895;118635;118520;118490;119080;118760;118965;1482892;2571806;1732213;1526000;1342359;1518195;1354581;584800;870267;560141;446367;391825;404953;377845;4691.5;4685.0;4714.5;4711.0;4705.0;4692.0;4703.5;4708.0;4725.5;4720.5;4714.5;4705.5;4707.5;4711.5;4672.0;4676.0;4697.5;4703.5;4690.0;4683.5;4697.0;4685.0;4714.5;4711.0;4705.5;4692.0;4703.0;4701.0;715625;723892;469509;241815;234539;230400;216841;272720;249382;141991;69033;77672;75225;66626;0
2022-04-14;0.00980474667564383;0.3905579399141631;4.2107036085729926e-05;0.8660254037844387;-0.4999999999999998;0.20791169081775931;-0.9781476007338057;0.43388373911755823;-0.900968867902419;118750;118425;118365;118125;117900;117730;117960;118865;118805;118620;118420;117900;118020;118070;118390;118075;118015;117795;117610;117570;117785;118425;118370;118125;117900;117730;117955;117810;1605675;3004009;2131814;1565143;1085756;1112117;1141516;587942;989809;683780;482476;331032;331238;333108;4714.5;4743.0;4748.0;4733.5;4725.0;4730.5;4713.0;4747.0;4759.0;4753.0;4737.0;4740.0;4743.0;4724.5;4709.0;4729.5;4724.0;4713.0;4717.0;4711.5;4709.0;4743.0;4748.0;4734.0;4725.0;4730.5;4713.0;4716.5;601373;682717;460509;430678;240531;281567;300788;216232;227596;142874;128049;74133;84903;86160;1
2022-04-18;0.010905263157894737;0.1274131274131274;-0.010206054695709926;0.8660254037844387;-0.4999999999999998;-0.587785252292473;-0.8090169943749476;0.0;1.0;117735;117740;117290;117720;117565;117915;118030;117975;118110;117835;117745;117930;118235;118105;117595;117230;117095;117505;117465;117840;117450;117735;117290;117725;117565;117910;118025;117460;1353161;2996196;1841410;1110185;1130696;1652369;1224451;500952;1036103;599612;357854;375369;519522;381711;4703.0;4715.0;4674.5;4689.0;4693.5;4684.5;4677.5;4724.5;4715.5;4695.5;4702.0;4704.5;4686.5;4679.0;4694.0;4674.0;4674.0;4682.5;4684.0;4667.5;4664.5;4715.5;4674.5;4689.5;4693.0;4684.5;4677.5;4669.0;577112;592499;349907;265601;223422;311321;259430;216849;201409;109101;80714;69381;94958;73498;1
2022-04-19;0.009682762135303861;0.2807017543859649;-0.01361565748105086;0.8660254037844387;-0.4999999999999998;-0.743144825477394;-0.6691306063588585;0.7818314824680298;0.6234898018587336;117415;117045;117115;116850;116355;116335;116350;117460;117135;117315;116950;116460;116490;116520;117005;116575;116685;116350;116240;116220;116110;117040;117115;116855;116355;116335;116345;116460;1426662;2625222;2087366;1503882;1037638;1104995;1249422;502965;832983;613604;433540;288218;305205;352623;4680.0;4667.0;4667.5;4692.5;4684.0;4688.0;4679.5;4682.5;4685.0;4698.0;4699.5;4690.5;4691.0;4694.5;4659.5;4653.5;4665.0;4684.0;4680.0;4677.0;4678.0;4667.0;4668.0;4692.5;4684.0;4688.0;4679.5;4689.5;729908;745902;571077;278759;169485;225791;273163;259227;242842;162560;80897;49202;62726;75656;1
2022-04-20;0.0114976791721671;0.9518518518518518;-0.013723604010804136;0.8660254037844387;-0.4999999999999998;-0.8660254037844384;-0.5000000000000004;0.9749279121818236;-0.22252093395631434;117395;116735;116180;116270;115975;116085;116100;117410;116835;116410;116280;116095;116165;116195;116660;116090;115975;115715;115835;115945;115820;116735;116180;116265;115970;116085;116100;115855;1454947;2969628;1833155;1711946;972702;1193319;1296742;516430;889933;570482;513706;276656;347460;379135;4660.5;4684.0;4666.5;4628.0;4630.0;4630.5;4627.0;4692.0;4685.0;4669.0;4638.0;4638.0;4639.0;4634.0;4658.5;4648.5;4627.0;4620.5;4626.5;4622.0;4620.0;4683.5;4666.5;4628.0;4629.5;4630.5;4627.0;4632.0;589206;645377;566901;339106;235163;238893;256780;214583;208515;168831;97880;62592;59466;67594;1
2022-04-22;0.014438434345585416;-0.7168141592920354;-0.037052455411113426;0.8660254037844387;-0.4999999999999998;-0.9945218953682733;-0.10452846326765423;-0.433883739117558;-0.9009688679024191;114500;114340;114215;113515;113470;113470;112875;114640;114420;114620;113700;113770;113505;113205;113940;113860;113460;113260;113430;112855;112455;114340;114215;113515;113470;113470;112870;112615;1404640;2407124;2154374;1281058;1110123;1429990;1678956;516063;829398;691520;411767;340281;431764;483577;4692.0;4701.0;4737.5;4753.0;4777.0;4797.5;4806.5;4721.5;4738.5;4761.5;4783.0;4803.0;4808.5;4849.0;4681.0;4700.5;4725.0;4752.0;4773.0;4789.0;4802.5;4701.0;4737.5;4753.5;4777.5;4797.0;4806.5;4846.5;815181;699804;532897;394827;368572;341959;544195;262105;229827;154818;108590;99608;97666;147776;0
2022-04-25;0.02096069868995633;-0.3770833333333333;-0.06156689291275864;0.8660254037844387;-0.4999999999999998;-0.8660254037844386;0.5000000000000001;0.0;1.0;111335;111615;111265;110925;111010;111670;111740;111630;111790;111730;111280;111930;111980;112850;111050;111195;110915;110825;110975;111445;111635;111620;111265;110925;111010;111670;111735;112545;1668995;2840408;2412177;1808322;1750918;1795589;2250344;607157;983791;794965;561113;525386;517154;616716;4826.0;4812.5;4869.5;4941.0;4952.5;4916.0;4892.5;4862.5;4884.0;4942.5;4956.5;4957.5;4927.5;4897.5;4811.0;4812.0;4866.0;4920.0;4914.5;4890.5;4863.5;4813.0;4869.5;4941.0;4952.5;4915.5;4893.0;4888.0;916436;834257;696126;498669;418917;417589;398941;331609;293544;218641;149561;129720;134886;125928;0
2022-04-26;0.01827816948848071;0.6191646191646192;-0.052215457466599016;0.8660254037844387;-0.4999999999999998;-0.743144825477394;0.6691306063588585;0.7818314824680298;0.6234898018587336;112085;111435;110965;110470;110325;110600;110300;112100;111860;111155;110485;110665;110630;110475;111350;110775;110305;110220;110155;110230;109910;111435;110965;110475;110325;110605;110300;110100;1496568;3027318;2194307;1498999;1243017;1214546;1452474;535518;972875;686825;438556;366823;350994;413939;4912.0;4938.0;4967.0;4999.0;4994.0;4959.5;4975.5;4944.5;4973.0;5006.0;5005.0;4994.0;4978.0;4989.0;4898.0;4934.5;4962.0;4976.0;4956.0;4956.5;4962.5;4938.0;4967.0;4998.5;4994.0;4960.0;4975.5;4985.0;766585;730751;769538;477344;374514;300112;286026;291951;254270;233472;147172;122986;95015;91077;0
2022-04-27;0.02578400321184815;0.44809688581314877;-0.06139115921440721;0.8660254037844387;-0.4999999999999998;-0.5877852522924734;0.8090169943749473;0.9749279121818236;-0.22252093395631434;110505;111565;111480;111040;111255;110995;111105;111645;111655;111705;111385;111580;111115;111190;110390;110765;110680;110895;110935;110480;110800;111565;111475;111035;111255;110990;111100;110905;2069767;3204940;2646502;1697738;1525651;2057793;1568731;714871;1064418;866755;541165;463398;647832;492117;4992.5;5006.5;5009.5;5035.0;5009.5;4993.5;4945.5;5044.5;5026.5;5038.0;5036.5;5014.0;5003.5;4964.5;4984.0;4994.0;5003.0;5009.0;4971.5;4945.5;4932.0;5006.0;5009.0;5035.0;5010.0;4993.5;4946.0;4964.0;1067186;837999;638723;422018;528867;455436;435812;381054;303459;203222;129910;155938;148184;126656;0
2022-04-28;0.01189991403103932;1.3041825095057034;-0.04440423904171914;0.8660254037844387;-0.4999999999999998;-0.40673664307580015;0.913545457642601;0.43388373911755823;-0.900968867902419;112105;111525;111035;110620;110605;111225;111405;112205;111660;111040;110845;111445;111545;112145;111505;110840;110325;110565;110530;111100;111380;111530;111035;110620;110605;111225;111410;112010;1562989;2631024;2192643;1440860;1606095;1588178;1479400;603671;895349;694717;436406;461986;476111;432830;4988.5;5016.0;5025.5;5026.0;4999.5;4981.5;4976.5;5022.5;5034.0;5047.5;5028.0;5001.5;4987.0;4979.5;4986.5;4997.0;5020.0;4998.0;4965.5;4969.5;4965.0;5016.0;5025.5;5026.0;4999.0;4981.5;4976.5;4966.5;802721;610500;574370;427651;399347;283604;269782;315126;226308;187640;142419;125275;94781;84026;0
2022-04-29;0.01734980598546006;0.2647814910025707;-0.05135836598104685;0.8660254037844387;-0.4999999999999998;-0.20791169081775898;0.9781476007338057;-0.433883739117558;-0.9009688679024191;110840;112890;113205;112660;112555;112165;111980;113095;113400;113295;112965;112575;112460;112200;110740;112830;112430;112540;112050;111955;110555;112885;113205;112660;112560;112170;111980;110820;2616078;2532164;2124381;1641507;1342332;1668228;2223721;876029;830735;636820;450264;373307;437501;601020;4948.5;4931.5;4938.0;5000.0;4978.5;4989.5;4972.5;4965.0;4969.0;5003.5;5007.0;4994.5;4999.0;4995.0;4907.0;4923.0;4933.5;4961.5;4973.0;4971.5;4964.0;4931.5;4937.5;5000.0;4979.0;4989.5;4972.5;4990.0;738266;556002;686070;502559;215452;245161;329845;287879;199309;197459;139709;75990;82314;102713;0
2022-05-02;0.0448845182244677;0.0592964824120603;-0.06474000124735743;0.49999999999999994;-0.8660254037844387;0.39435585511331855;0.9189578116202306;0.0;1.0;108720;108875;108105;107560;107215;106985;107015;109500;109325;108280;107590;107540;107355;107350;108625;107805;107355;106695;106870;106800;106485;108875;108100;107560;107210;106985;107010;106675;1759772;3169071;2530144;1957723;1492131;1622570;2119361;676319;1114866;844747;626071;463047;489388;662079;5010.0;5063.5;5073.0;5074.5;5073.0;5089.5;5111.5;5069.0;5080.0;5082.5;5089.5;5092.5;5120.0;5134.0;5009.5;5054.5;5055.0;5070.5;5069.0;5087.0;5107.5;5063.0;5072.5;5074.0;5072.5;5089.5;5112.0;5128.0;639524;504906;515177;343312;263570;411776;424420;254890;196516;191504;114298;87424;127293;143456;1
2022-05-03;0.027731788079470198;0.4859038142620232;-0.06639049006931802;0.49999999999999994;-0.8660254037844387;0.5712682150947923;0.8207634412072763;0.7818314824680298;0.6234898018587336;107950;107915;108155;108155;108140;107950;108075;108520;108370;108485;108435;108155;108265;108095;107870;107670;107855;107930;107605;107875;107315;107910;108155;108150;108135;107950;108075;107845;1939432;3168201;2392902;1748651;1626160;1441304;1925041;704547;1099327;805934;545032;536310;483363;638159;5085.0;5074.5;5058.0;5052.5;5044.0;5029.5;5007.5;5097.0;5091.0;5076.5;5064.5;5056.0;5032.0;5020.5;5070.5;5057.0;5050.5;5037.0;5026.5;5000.5;5003.0;5074.5;5058.5;5053.0;5043.5;5029.0;5008.0;5006.5;789052;637197;541499;458165;378873;356692;362776;301949;229826;180837;155396;120182;114133;116805;0
2022-05-04;0.011162575266327003;0.5518672199170125;-0.060369395435856156;0.49999999999999994;-0.8660254037844387;0.7247927872291199;0.6889669190756866;0.9749279121818236;-0.22252093395631434;107980;107220;106560;106435;106435;106925;106920;108100;107270;106610;106580;106930;107095;108845;107200;106510;106115;106310;106340;106665;106245;107220;106565;106435;106440;106920;106920;108300;1587254;2562803;2132193;1446659;1473388;1603249;4211081;563002;836382;655085;423575;425840;459896;1437876;5010.0;5044.0;5069.5;5054.0;5039.5;5036.0;5046.0;5046.5;5074.0;5073.0;5063.5;5044.0;5055.0;5078.5;5005.0;5043.0;5048.5;5034.0;5029.0;5032.5;4939.0;5044.0;5070.0;5054.0;5039.5;5036.0;5046.5;4961.5;679909;606677;446609;354111;210997;263225;1209540;271463;226913;173433;121452;77986;98461;428177;1
2022-05-05;0.036210409335062047;0.7531969309462916;-0.046153038823827805;0.49999999999999994;-0.8660254037844387;0.8486442574947509;0.5289640103269624;0.43388373911755823;-0.900968867902419;109060;108290;107060;106135;105395;106190;106170;109255;108375;107110;106140;106220;106575;106445;108290;106945;105110;105065;105115;105820;105865;108295;107060;106130;105390;106190;106165;105990;1574576;3115263;3325881;2505391;2145120;2182751;1883599;585669;953431;978591;831255;725965;697745;620164;4989.5;5020.0;5021.5;5055.0;5089.0;5080.5;5087.0;5028.5;5029.0;5068.5;5096.0;5098.0;5093.0;5092.5;4971.5;4995.0;5021.0;5054.5;5079.5;5059.5;5061.5;5020.0;5021.5;5055.0;5089.0;5080.0;5087.0;5070.0;719416;693931;610000;482060;330172;444351;322398;287458;257758;221488;173083;122452;158760;110615;1
2022-05-06;0.03841921877865395;0.25894988066825775;-0.06654648580913228;0.49999999999999994;-0.8660254037844387;0.9377521321470804;0.3473052528448203;-0.433883739117558;-0.9009688679024191;106150;106495;105305;106890;106615;106875;106050;107500;106940;107010;107530;106970;106995;106445;106050;105065;105260;106540;106400;105935;105815;106495;105300;106890;106615;106875;106055;106110;2706946;3299771;2790495;2014691;1857821;2059410;1797232;1095173;1268845;1001407;687817;633977;686521;600941;5063.0;5122.0;5136.0;5095.5;5100.0;5089.0;5117.0;5127.5;5152.5;5141.0;5103.5;5104.5;5120.5;5125.5;5045.0;5113.0;5083.5;5068.5;5078.0;5080.5;5106.5;5122.0;5135.5;5095.5;5100.0;5089.0;5117.5;5118.0;984960;714984;687016;467916;280298;272279;251903;398812;272266;263162;173348;113733;103226;91670;1
2022-05-09;0.02322185586434291;-0.11156186612576065;-0.07366932231295373;0.49999999999999994;-0.8660254037844387;0.9680771188662043;-0.2506525322587204;0.0;1.0;104790;104470;104430;104055;104855;104950;104620;104970;105185;104660;104950;105650;105045;104895;104240;104285;104000;103925;104685;104405;104325;104475;104440;104050;104850;104950;104625;104690;1683161;3203745;2558490;1958875;2077773;2148110;1862555;650167;1146594;886120;634176;671814;686135;591288;5180.0;5167.5;5181.5;5178.0;5160.0;5155.0;5172.5;5194.0;5187.5;5190.0;5184.5;5168.0;5180.0;5187.5;5155.5;5149.0;5155.5;5151.0;5137.5;5153.5;5163.5;5167.0;5181.5;5178.0;5159.5;5155.0;5173.0;5185.5;686324;625800;559327;366719;328204;347513;260899;294262;245771;211657;137807;131396;132895;98676;0
2022-05-10;0.01646149441740624;0.7304347826086957;-0.06426115462798632;0.49999999999999994;-0.8660254037844387;0.8978045395707416;-0.4403941515576344;0.7818314824680298;0.6234898018587336;105185;105080;104830;104165;103780;103565;104505;105285;105290;104935;104220;103980;104540;104565;104620;104235;103970;103590;103400;103520;104115;105085;104825;104170;103780;103565;104505;104345;1644329;3246619;2841133;2385833;1804655;2113206;2078880;636793;1108400;979116;806364;607598;690238;706001;5190.5;5162.0;5163.5;5186.0;5183.5;5182.5;5151.0;5196.0;5184.0;5200.0;5196.5;5197.5;5188.5;5164.0;5161.5;5148.0;5161.5;5172.0;5175.5;5149.0;5143.0;5162.5;5163.5;5186.0;5183.0;5182.5;5151.0;5158.5;716986;660885;558889;400192;287999;389799;344711;289480;260933;199020;140911;109647;138902;116548;0
2022-05-11;0.017968341493558967;0.9920634920634921;-0.057604511682033836;0.49999999999999994;-0.8660254037844387;0.7907757369376989;-0.6121059825476626;0.9749279121818236;-0.22252093395631434;105275;104245;106125;106025;106210;105700;105180;105650;106125;106340;106420;106280;105740;105905;104075;104190;105870;105875;105665;105075;104975;104245;106120;106025;106215;105700;105175;105685;2804648;3816723;2526980;1769871;1823617;2109610;2264906;1138180;1283624;850517;581434;571612;660574;725504;5130.0;5195.0;5132.5;5153.5;5136.0;5156.5;5164.0;5198.5;5203.0;5160.0;5157.0;5157.0;5168.0;5164.5;5127.5;5124.5;5131.5;5123.5;5125.5;5153.0;5147.5;5195.0;5132.5;5154.0;5136.0;5156.5;5164.0;5156.5;816827;933557;570118;394957;324043;366167;311738;333092;339288;220369;142151;111248;121296;106172;0
2022-05-12;0.022274994063167894;0.16417910447761194;-0.060112829648824466;0.49999999999999994;-0.8660254037844387;0.6513724827222223;-0.7587581226927909;0.43388373911755823;-0.900968867902419;104460;104480;105005;106150;105855;106055;105980;104815;105340;106245;106615;106290;106140;106135;104235;104375;104820;105830;105735;105710;105615;104475;105010;106150;105855;106060;105980;105625;1977911;3643015;3000848;1991253;1646147;1460693;1620324;760509;1272404;1036328;656355;571145;491582;521583;5201.5;5202.0;5197.5;5147.5;5165.5;5165.5;5158.0;5238.5;5212.5;5205.0;5166.0;5170.5;5175.0;5183.0;5197.5;5184.0;5146.0;5134.0;5151.0;5155.5;5147.5;5202.0;5197.0;5147.0;5165.0;5165.5;5158.5;5181.0;754001;781485;685104;417833;341877;291997;336652;287447;295204;231556;133901;113838;101326;105868;1
2022-05-13;0.026708788052843192;1.3727598566308243;-0.02346785707831053;0.49999999999999994;-0.8660254037844387;0.48530196253108104;-0.8743466161445821;-0.433883739117558;-0.9009688679024191;108065;107265;108170;108485;108480;108515;108280;108115;108195;108740;108490;108810;108565;108310;107200;107100;108105;108220;108315;108150;107905;107265;108175;108485;108480;108515;108280;108300;1414643;2802805;2140519;1323988;1431606;1370984;1698003;534706;983954;684308;418410;434439;414111;528426;5149.5;5173.0;5158.5;5117.5;5105.5;5100.0;5084.5;5173.5;5176.0;5159.0;5124.0;5108.5;5101.0;5096.5;5143.0;5157.0;5109.0;5095.0;5090.0;5072.5;5071.5;5173.0;5158.5;5117.5;5105.5;5100.0;5085.0;5073.5;622987;521945;729209;379984;261926;363276;287082;246447;184292;234320;120112;83543;110020;92903;0
2022-05-16;0.015823809744135473;0.2777777777777778;-0.02294035235908929;0.49999999999999994;-0.8660254037844387;-0.10116832198743204;-0.9948693233918952;0.0;1.0;107575;108105;108405;108750;109160;109210;109415;108270;108815;108915;109240;109495;109630;109800;107575;107760;108080;108660;109150;109170;109340;108105;108410;108750;109160;109215;109420;109560;1582392;3434228;2390942;1758452;1483441;1375377;1507441;618430;1227684;838808;564157;437145;421815;455722;5104.0;5121.5;5083.0;5079.5;5089.0;5117.0;5089.5;5128.0;5122.5;5102.5;5108.5;5118.5;5119.5;5090.5;5084.5;5059.5;5054.5;5075.5;5087.5;5085.5;5062.5;5121.5;5083.5;5079.0;5089.5;5116.5;5089.5;5064.0;698172;783202;663979;411667;329170;277637;288272;263819;291677;253939;151878;112628;99502;99542;0
2022-05-17;0.02068324424819893;1.2292134831460675;0.005828810325451408;0.49999999999999994;-0.8660254037844387;-0.2993631229733582;-0.9541392564000488;0.7818314824680298;0.6234898018587336;110310;110555;110490;109670;109960;109895;109735;110790;110690;110580;110000;109995;110040;110015;109945;110165;109565;109485;109660;109685;109225;110555;110495;109670;109960;109895;109740;109665;1868967;2782805;2603744;1452256;1234035;1198680;2737343;711488;958396;814475;447030;379697;365970;879869;5025.0;4998.5;4986.0;4996.0;4978.0;4972.0;4968.0;5031.0;5007.0;5014.0;5003.5;4982.5;4974.0;4989.0;4990.0;4981.0;4984.0;4971.0;4966.5;4960.0;4947.5;4998.5;4986.0;4996.0;4978.0;4972.0;4968.0;4959.0;756042;710503;604735;420761;255231;254598;632051;266041;232131;186494;135010;80549;77724;209404;1
2022-05-18;0.014187290363520986;0.022364217252396165;-0.0002996539111697711;0.49999999999999994;-0.8660254037844387;-0.4853019625310808;-0.8743466161445822;0.9749279121818236;-0.22252093395631434;109260;109480;108790;108540;108020;108060;107105;109855;109520;108990;108550;108140;108075;107385;109105;108560;108360;107970;107760;106975;106820;109485;108790;108540;108025;108065;107110;106855;1691100;2613079;2058411;1650982;1440498;2127159;1850189;613601;901769;694552;515538;432241;586532;534603;4973.5;4965.5;4972.5;4975.5;4989.0;4986.5;5011.5;4978.0;4988.5;4996.0;4998.0;4999.5;5018.5;5017.5;4940.5;4957.0;4966.0;4973.5;4978.5;4985.0;4990.5;4965.5;4972.5;4975.0;4989.5;4986.5;5011.0;5010.5;588440;678585;545311;362562;253530;366847;344886;212135;237949;178561;108360;87101;115354;110573;1
2022-05-19;0.028189639392275305;-0.0633116883116883;-0.020345884634651885;0.49999999999999994;-0.8660254037844387;-0.651372482722222;-0.7587581226927911;0.43388373911755823;-0.900968867902419;106580;107350;107400;107385;107740;107655;108120;107395;107880;107775;108065;107815;108155;108170;106500;107035;107060;107215;107250;107475;107700;107355;107405;107390;107740;107660;108120;107955;2135221;3250566;2635548;1926351;1475571;1783468;1788908;806640;1121813;893911;609441;462143;564669;544466;4955.0;4939.0;4933.0;4953.0;4918.5;4907.5;4901.0;4974.5;4946.5;4964.5;4954.5;4926.5;4915.5;4912.5;4938.0;4924.0;4922.5;4909.5;4906.5;4895.5;4899.0;4939.5;4933.5;4952.5;4918.5;4907.5;4901.5;4910.5;673714;630092;590846;457092;244704;299175;250046;257684;216446;191702;136412;75765;98802;70535;0
2022-05-20;0.016607243385250516;1.2146892655367232;0.0023201428064041477;0.49999999999999994;-0.8660254037844387;-0.7907757369376986;-0.6121059825476627;-0.433883739117558;-0.9009688679024191;108650;109080;109450;108905;108800;108430;108650;109495;109510;109630;108970;108875;108710;109040;108445;108935;108825;108480;108255;108140;108365;109080;109455;108905;108800;108430;108645;108885;1715991;2647778;2490595;1786064;1633623;1859148;1773450;640041;949173;846591;585965;533335;597059;565568;4919.0;4924.0;4897.5;4877.0;4875.0;4880.5;4883.0;4936.5;4928.0;4902.5;4894.0;4888.0;4903.5;4893.0;4914.0;4896.5;4871.0;4867.0;4874.5;4880.0;4871.5;4923.5;4897.0;4877.0;4875.0;4881.0;4883.0;4882.0;576629;677888;611391;377694;285144;339149;336453;219935;238985;194509;116546;86808;102709;110404;1
2022-05-23;0.01421997238840313;1.2362459546925566;0.016867714796557156;0.49999999999999994;-0.8660254037844387;-0.9987165071710528;-0.05064916883871355;0.0;1.0;110050;110150;110045;110935;111090;111090;111350;110590;110520;110950;111265;111285;111370;111515;110000;110005;109840;110860;111010;110930;111195;110150;110045;110940;111095;111090;111350;111325;1468801;2757405;2831585;1676077;1113760;1333242;1356574;555214;969914;933473;521706;339018;400227;391732;4855.0;4829.0;4811.5;4808.5;4806.5;4811.5;4819.0;4863.0;4829.5;4817.5;4813.5;4811.5;4821.0;4825.5;4825.0;4801.0;4802.5;4801.0;4797.0;4807.5;4816.0;4829.0;4811.5;4808.5;4806.0;4811.5;4818.5;4818.5;611739;561925;484037;280314;261302;242701;212058;228910;183666;153448;86956;77680;82089;71027;1
2022-05-24;0.01522035438437074;0.21492537313432836;0.018700832894238146;0.49999999999999994;-0.8660254037844387;-0.9884683243281114;0.15142777750457667;0.7818314824680298;0.6234898018587336;110200;109860;109990;109405;110255;109930;110180;110350;110530;109995;110515;110385;110195;110640;109710;109560;109125;109210;109650;109765;109860;109855;109990;109400;110255;109935;110175;110000;1616248;3530948;2654153;2150832;1748760;1497500;1939192;580827;1185912;880593;672427;550841;451859;584210;4848.0;4814.0;4787.5;4839.5;4841.0;4832.5;4814.5;4848.0;4814.0;4847.0;4864.5;4843.5;4837.5;4833.5;4810.0;4785.0;4786.5;4835.5;4826.0;4812.0;4801.5;4814.0;4787.5;4839.5;4840.5;4832.5;4814.0;4832.0;663757;763422;816038;607851;337658;259942;330901;239249;254244;258425;177129;94895;82812;99023;1
2022-05-25;0.021823956442831215;0.7027027027027027;0.023378446393033103;0.49999999999999994;-0.8660254037844387;-0.9377521321470804;0.3473052528448203;0.9749279121818236;-0.22252093395631434;110815;110580;110930;111095;111080;110910;110910;110860;111035;111225;111245;111150;111050;111470;110415;110275;110740;110810;110730;110715;110545;110580;110930;111100;111080;110910;110915;111360;1436745;2916099;1955854;1344137;1054120;1073558;2301793;543465;1024666;676858;454556;352739;341989;762429;4850.0;4840.5;4831.5;4841.0;4857.5;4858.5;4846.0;4872.0;4854.5;4844.0;4869.5;4867.5;4867.5;4858.5;4838.0;4831.5;4822.5;4837.5;4853.0;4841.0;4816.5;4840.0;4831.5;4841.0;4857.5;4858.0;4846.5;4819.5;622822;498304;472110;365373;204438;221640;559150;235063;185307;160653;119709;67051;76040;187416;0
2022-05-26;0.01326535216351577;0.8333333333333334;0.029768625305063183;0.49999999999999994;-0.8660254037844387;-0.848644257494751;0.5289640103269624;0.43388373911755823;-0.900968867902419;111500;111150;112150;112370;112405;112560;112365;111910;112200;112465;112575;112620;112650;112750;111085;110945;112125;112305;112370;112270;112310;111150;112150;112375;112405;112560;112370;112685;1243877;2765110;1627193;1038800;809556;1093248;1370082;479934;965477;505186;315325;217695;318181;385452;4819.0;4838.0;4813.0;4782.5;4788.0;4780.5;4786.0;4848.0;4840.0;4815.0;4793.0;4793.5;4787.5;4786.5;4817.0;4812.5;4781.0;4780.0;4780.0;4774.0;4754.5;4838.0;4813.0;4782.0;4788.0;4781.0;4786.0;4758.0;645086;724530;629775;278284;176671;250048;367560;235524;238409;188180;83712;56698;80164;107436;0
2022-05-27;0.016547085201793724;0.7344173441734417;0.03632680745823086;0.49999999999999994;-0.8660254037844387;-0.72479278722912;0.6889669190756865;-0.433883739117558;-0.9009688679024191;112300;112350;112560;112740;112555;112465;112850;112785;112795;112860;112770;112630;112880;113080;111960;112190;112080;112460;112335;112335;112800;112350;112565;112740;112555;112465;112845;112840;1684080;2655701;2090454;1073576;871797;1114409;1128770;622859;889482;679351;352509;279883;343913;327630;4765.5;4768.0;4758.5;4733.0;4728.0;4742.5;4733.5;4776.5;4784.0;4766.5;4739.0;4743.5;4746.5;4748.0;4747.5;4752.0;4729.0;4717.0;4725.5;4733.0;4731.5;4768.0;4759.0;4733.0;4727.5;4742.0;4733.0;4739.5;679467;641816;571423;384566;213527;182759;218759;259246;211583;170034;106995;65337;60670;68881;0
2022-05-30;0.009973285841495993;1.1205357142857142;0.04310050950367156;0.49999999999999994;-0.8660254037844387;-0.20129852008866114;0.9795299412524943;0.0;1.0;113215;113225;112715;111495;111210;111580;111530;113680;113375;112715;111670;111585;111715;111685;113180;112665;111340;111150;111120;111415;111440;113225;112715;111490;111210;111580;111535;111560;1080612;2000965;2219384;1122882;958071;815954;809204;389568;672737;678948;352986;279253;257410;248059;4714.5;4701.5;4714.0;4738.0;4744.0;4734.0;4744.5;4724.5;4717.0;4744.5;4746.0;4746.0;4745.0;4756.5;4692.5;4694.0;4709.5;4728.0;4731.5;4732.0;4738.0;4701.5;4714.0;4738.0;4744.5;4734.0;4744.5;4750.0;449627;400666;461945;282122;164498;177342;204897;169051;150419;156342;88574;50976;53480;60838;0
2022-05-31;0.023627611182263836;0.10654205607476636;0.02399425849207207;0.49999999999999994;-0.8660254037844387;-2.4492935982947064e-16;1.0;0.7818314824680298;0.6234898018587336;111290;112190;112060;112220;112105;112035;112135;112270;112415;112465;112340;112275;112165;112150;111280;111835;111770;111570;111790;111690;111370;112190;112060;112220;112105;112030;112135;111495;1855133;2808604;2406480;1722333;1529039;1830797;1909817;650732;971595;813618;541127;447301;537654;541895;4804.5;4805.5;4746.5;4785.5;4771.0;4775.0;4793.0;4821.5;4806.5;4786.0;4794.5;4782.0;4793.0;4799.0;4792.5;4740.0;4742.5;4769.5;4766.0;4770.5;4785.5;4805.0;4746.0;4785.5;4771.0;4775.0;4793.0;4794.5;684488;751509;598561;467034;269319;240875;263078;241907;227866;174035;125315;77413;71648;75588;0
2022-06-01;0.01190583161110612;0.7811320754716982;0.030250846679295104;1.2246467991473532e-16;-1.0;0.20791169081775931;0.9781476007338057;0.9749279121818236;-0.22252093395631434;112175;112165;112195;112310;111590;111885;112055;112400;112370;112395;112440;111945;112315;112425;111820;111650;111170;111535;111555;111875;111955;112170;112200;112310;111590;111885;112055;112150;1290816;3114889;3008143;1920434;1258386;1336587;1473091;462388;1009144;968729;613726;408942;413654;440825;4774.5;4776.0;4796.0;4834.0;4842.5;4851.0;4845.0;4790.0;4804.0;4841.0;4850.0;4854.0;4855.0;4848.5;4765.0;4762.0;4795.0;4829.5;4840.5;4832.5;4831.5;4776.5;4796.0;4834.0;4842.0;4851.5;4844.5;4833.0;575271;709807;718468;379089;236846;294463;278462;217615;246187;231484;109913;69720;90627;87958;0
2022-06-02;0.011321595720971696;0.8110236220472441;0.029551429397271962;1.2246467991473532e-16;-1.0;0.40673664307580015;0.9135454576426009;0.43388373911755823;-0.900968867902419;112200;112645;111945;111900;112695;113095;113125;112670;113030;112295;112780;113130;113175;113210;111905;111765;111525;111865;112625;112860;112870;112650;111945;111900;112695;113095;113125;112905;1360008;3211898;2430466;1669136;1222128;1168786;1017720;511259;1023706;790747;504491;349545;338901;291536;4830.0;4823.0;4838.5;4824.5;4821.0;4820.0;4836.0;4847.0;4849.5;4846.0;4836.0;4824.0;4840.0;4840.0;4813.5;4816.5;4817.5;4816.5;4816.0;4811.5;4825.0;4822.5;4838.5;4825.0;4821.0;4820.5;4835.5;4830.0;529352;673525;623772;326142;165205;304323;218409;204471;247461;207978;106274;52558;93788;62797;0
2022-06-03;0.01501782531194296;0.41839762611275966;0.02698547780492492;1.2246467991473532e-16;-1.0;0.5877852522924731;0.8090169943749475;-0.433883739117558;-0.9009688679024191;112230;112040;112075;111700;111695;111875;111525;112395;112310;112200;111760;111935;112035;111645;111770;111535;111605;111235;111605;111475;111315;112040;112080;111705;111690;111875;111520;111525;1731752;3033852;2189616;1631666;1308235;1454306;1292331;642576;1012997;727004;502822;407260;439091;393612;4860.0;4847.0;4820.0;4826.0;4837.0;4820.5;4828.5;4870.0;4848.5;4830.0;4844.0;4837.0;4831.5;4836.5;4838.0;4815.0;4818.0;4826.0;4819.0;4813.5;4819.0;4847.0;4820.5;4826.0;4837.0;4821.0;4828.5;4821.0;587506;641852;345173;273354;206735;201436;191318;222004;232963;118347;94005;67676;67508;60844;0
2022-06-06;0.0103359173126615;1.146551724137931;0.027502920987293705;1.2246467991473532e-16;-1.0;0.9510565162951535;0.30901699437494745;0.0;1.0;112565;112115;111885;111010;110910;110530;110890;112735;112310;111985;111100;110925;110895;110915;112060;111645;110740;110630;110255;110350;110275;112115;111885;111005;110910;110530;110890;110495;1229690;2710350;2357653;1494807;1480439;1255583;1642669;422349;873708;737315;458341;437733;360734;458552;4795.0;4806.5;4812.5;4827.0;4835.0;4836.0;4820.0;4809.5;4824.5;4838.0;4842.0;4838.5;4843.0;4837.5;4785.0;4788.0;4812.0;4824.0;4826.5;4818.5;4819.5;4807.0;4813.0;4827.0;4835.0;4836.5;4820.5;4836.0;400917;551246;443411;307265;211451;253756;214109;145484;196209;157682;97685;64031;80739;63463;1
2022-06-07;0.02203171500910585;-0.02620967741935484;0.0030608877712413095;1.2246467991473532e-16;-1.0;0.9945218953682733;0.10452846326765346;0.7818314824680298;0.6234898018587336;110190;109815;110250;110575;110430;110595;110265;110610;110710;110620;110690;110645;110610;110695;109745;109620;109830;110195;110305;110030;110200;109820;110250;110575;110425;110590;110265;110480;2098975;3551216;2252371;1551933;927692;1331923;1403688;765009;1149422;720872;475641;289391;382109;393267;4832.0;4906.5;4940.5;4937.0;4921.0;4901.0;4900.0;4908.5;4948.5;4969.0;4940.5;4923.5;4905.5;4908.0;4832.0;4900.0;4930.0;4913.5;4898.0;4891.0;4893.0;4906.5;4940.5;4937.0;4921.5;4900.5;4900.0;4902.0;792538;1008267;835152;469260;339035;365150;246838;266373;291106;239540;128408;104633;104344;75221;0
2022-06-08;0.009892004719121517;0.463302752293578;-0.00025646088517588;1.2246467991473532e-16;-1.0;0.9945218953682734;-0.10452846326765333;0.9749279121818236;-0.22252093395631434;110125;109325;110255;109605;109935;109350;109200;110200;110375;110310;109970;110110;109510;109350;109215;109175;109520;109420;109045;109070;108315;109320;110260;109610;109940;109350;109200;108530;1806626;2933063;2296924;1454129;1662455;1528960;2042521;649374;923044;697158;434313;476962;442906;560595;4910.5;4927.0;4885.0;4904.5;4905.0;4925.0;4918.5;4940.5;4934.5;4912.5;4917.5;4928.5;4934.5;4932.5;4898.0;4880.0;4883.0;4888.0;4901.0;4918.0;4916.5;4927.0;4885.5;4904.5;4905.0;4925.5;4919.0;4919.0;763350;732620;469477;335839;285159;254373;225317;300263;269729;163197;111467;95267;82399;73606;0
2022-06-09;0.019614074914869467;0.4444444444444444;-0.010343014612567532;1.2246467991473532e-16;-1.0;0.9510565162951536;-0.30901699437494734;0.43388373911755823;-0.900968867902419;109175;108245;108370;108005;107855;108270;108175;109445;108400;108760;108070;108325;108400;108320;107825;107355;108000;107675;107840;108010;107925;108245;108370;108005;107855;108265;108175;108000;2664303;3378658;2805513;1647833;1402222;1418335;1541429;954592;1101763;895430;521496;447319;426921;458803;4928.5;4917.5;4925.0;4940.5;4919.5;4921.0;4909.0;4930.0;4949.0;4944.0;4945.0;4928.5;4924.5;4934.0;4897.5;4912.0;4913.5;4906.0;4916.0;4908.5;4909.0;4917.5;4925.0;4940.5;4920.0;4920.5;4909.0;4933.0;650324;729586;587006;465865;213683;234225;243381;245168;252313;192464;148704;65582;73047;76673;0
2022-06-10;0.020929700022899015;0.30196936542669583;-0.022688399805172003;1.2246467991473532e-16;-1.0;0.8660254037844387;-0.4999999999999998;-0.433883739117558;-0.9009688679024191;107850;106190;105505;105370;105670;105825;105710;108030;106310;105635;105710;106130;106110;106250;105960;104685;104970;105265;105660;105710;105590;106185;105505;105370;105665;105830;105710;105930;3177332;3227534;2154745;1653836;1690934;1522515;1699668;1293532;1134203;732794;522337;526544;469124;504309;4936.5;4966.5;5014.0;5034.0;5024.5;5028.5;5014.0;4976.0;5026.0;5041.5;5037.5;5036.5;5031.5;5018.0;4914.0;4961.0;5014.0;5018.0;5021.0;5009.5;5001.5;4966.0;5014.0;5034.0;5025.0;5028.5;5014.5;5012.0;887688;831481;602029;341017;248001;310100;307869;332467;272549;186181;98283;69871;88238;87382;0
2022-06-13;0.03101529902642559;-0.3243647234678625;-0.06021730207074223;1.2246467991473532e-16;-1.0;0.40673664307580004;-0.913545457642601;0.0;1.0;103600;103540;102535;102505;103150;102880;103020;103950;104045;102725;103435;103470;103235;103115;103125;102480;101760;102365;102855;102675;102560;103540;102535;102510;103150;102880;103020;102830;2083434;3496277;2630809;2209688;1725597;1539883;1756767;776968;1178674;867598;689213;557759;489013;553881;5066.0;5089.5;5124.0;5162.0;5127.0;5135.0;5116.5;5097.0;5127.5;5163.0;5165.5;5136.5;5144.0;5139.5;5058.0;5089.0;5119.5;5123.5;5116.5;5115.5;5114.5;5090.0;5124.0;5162.0;5127.5;5134.5;5116.5;5136.5;771810;748947;573099;497553;362967;339481;299971;276580;246791;172488;152682;108140;104586;94358;0
2022-06-14;0.022055984555984558;0.5426695842450766;-0.06289733039465215;1.2246467991473532e-16;-1.0;0.20791169081775931;-0.9781476007338057;0.7818314824680298;0.6234898018587336;103000;102720;102880;101985;102370;102180;101970;103400;103355;103030;102630;102380;102650;102195;102565;102375;101700;101885;101895;101890;101505;102715;102880;101985;102375;102175;101970;101565;2383691;3563999;2849178;1831486;1572760;1744341;1931100;856434;1232660;927516;597630;517998;548396;585935;5139.0;5132.0;5139.5;5148.0;5158.5;5166.5;5161.5;5147.0;5154.5;5154.0;5163.0;5177.5;5166.5;5170.0;5110.5;5116.0;5133.5;5139.0;5151.0;5135.5;5145.0;5132.0;5139.5;5147.5;5158.0;5166.5;5161.5;5168.0;725150;639901;467114;392551;346507;384115;415328;281384;220659;149247;117157;101409;113713;117026;1
2022-06-15;0.020485436893203885;1.6943127962085307;-0.042453379354741506;1.2246467991473532e-16;-1.0;5.66553889764798e-16;-1.0;0.9749279121818236;-0.22252093395631434;104865;105560;105940;105380;105020;104445;105145;105600;105945;105985;105410;105145;105240;106140;104350;104905;105165;104900;104385;104425;103920;105565;105940;105375;105015;104445;105135;105305;1922167;2775579;1981688;1343927;1481878;1440087;4035845;677712;956011;618570;422083;438669;429039;1489554;5119.0;5131.5;5125.0;5140.0;5135.5;5132.5;5121.5;5139.5;5156.5;5153.5;5149.5;5143.0;5135.5;5155.0;5102.5;5123.0;5120.0;5131.5;5124.5;5112.5;5063.5;5131.0;5124.5;5140.0;5135.5;5133.0;5122.5;5088.5;708612;710913;538708;336700;288097;225493;1143151;262406;249009;177791;100227;90284;77628;432241;0
2022-06-17;0.021170075811757973;-0.38288288288288286;-0.05805909178143535;1.2246467991473532e-16;-1.0;-0.4067366430758002;-0.9135454576426009;-0.433883739117558;-0.9009688679024191;103070;102990;102175;100875;100875;100895;100605;103380;103150;102200;101160;101085;101160;101555;102825;101530;100315;100685;100560;100360;100550;102990;102170;100875;100870;100895;100605;101300;1708030;3564331;3103289;1832688;1602833;1786181;2004774;665420;1271066;1046955;612173;513698;561604;610914;5135.0;5139.5;5146.0;5149.5;5160.5;5155.5;5148.5;5169.0;5156.0;5167.5;5167.5;5164.0;5156.0;5158.0;5124.5;5127.0;5140.5;5147.0;5145.5;5141.5;5132.5;5140.0;5146.5;5150.0;5160.0;5155.5;5148.0;5156.0;743857;598775;546140;403403;234337;218299;272234;257028;219826;175873;120089;78119;77503;90123;1
2022-06-20;0.02973707189288833;0.3719412724306688;-0.07004562464051405;1.2246467991473532e-16;-1.0;-0.8660254037844384;-0.5000000000000004;0.0;1.0;101455;101340;100765;101815;102120;101950;102020;101775;101650;101845;102250;102290;102140;102075;101050;100175;100455;101740;101910;101755;101770;101335;100770;101815;102125;101955;102020;101820;1734470;3455090;2401281;1510320;1150716;1095059;899559;636491;1259790;863459;509056;369865;362247;281957;5167.5;5182.0;5200.5;5169.5;5165.0;5169.0;5189.5;5182.0;5207.5;5202.5;5178.5;5171.5;5193.0;5198.5;5155.0;5180.0;5166.0;5162.5;5159.0;5168.5;5186.5;5181.5;5200.5;5169.5;5165.0;5169.0;5189.0;5197.5;560583;576493;427490;282549;219153;203441;139903;196023;190927;133742;88156;62913;61251;43298;0
2022-06-21;0.020846680794440884;1.099290780141844;-0.05715698336227018;1.2246467991473532e-16;-1.0;-0.9510565162951535;-0.30901699437494756;0.7818314824680298;0.6234898018587336;102500;102310;102245;101895;101625;102030;101065;102730;102880;102375;102330;102040;102185;101450;102180;101860;101785;101525;101610;101065;100845;102310;102250;101890;101625;102035;101070;101445;1930642;3851542;2495315;1924877;1311032;2109172;1663290;659572;1246003;822709;613100;420326;628306;502126;5194.0;5197.5;5168.5;5140.5;5152.0;5149.0;5159.0;5198.0;5202.0;5171.5;5155.5;5157.0;5159.0;5168.5;5172.0;5163.5;5134.0;5137.5;5146.0;5144.0;5156.0;5197.5;5168.0;5141.0;5152.0;5149.0;5158.5;5166.5;627513;675289;567524;297798;193570;258808;250600;226120;238796;178109;84992;58295;76472;74904;0
2022-06-22;0.019853658536585366;-0.24324324324324326;-0.07302845345397357;1.2246467991473532e-16;-1.0;-0.9945218953682733;-0.10452846326765423;0.9749279121818236;-0.22252093395631434;100350;100410;100390;101295;101480;101810;101845;100590;100680;101485;101755;102070;102010;102190;99780;99770;100215;101005;101440;101710;101575;100415;100390;101295;101485;101810;101840;101750;2154095;3676752;2632513;1826783;1419086;1195399;1540192;797068;1313880;881354;581675;437655;354357;452191;5181.5;5165.0;5183.0;5153.0;5172.5;5175.5;5158.5;5189.0;5196.5;5188.5;5174.0;5176.0;5178.0;5178.0;5158.0;5158.0;5141.5;5148.5;5162.0;5158.0;5147.0;5165.5;5182.5;5152.5;5172.0;5175.5;5158.5;5176.5;558055;757355;555540;343611;223041;220261;295461;195530;251057;189780;108535;71599;72825;85629;0
2022-06-23;0.024115595416043845;0.7086776859504132;-0.057951507500371306;1.2246467991473532e-16;-1.0;-0.9945218953682734;0.10452846326765299;0.43388373911755823;-0.900968867902419;101485;101665;101115;101500;100580;100050;99795;101715;102015;101515;101535;100680;100230;99965;101070;100720;100680;100430;99955;99565;99520;101660;101115;101495;100580;100045;99795;99715;1977318;3916685;2772601;2086238;1672434;1851171;1370825;709774;1332985;935809;655733;509551;542631;408067;5208.5;5187.0;5183.0;5188.0;5215.0;5217.0;5236.5;5226.0;5200.5;5210.0;5217.5;5224.5;5242.5;5245.5;5183.5;5180.0;5178.5;5187.0;5210.5;5216.5;5230.0;5186.5;5182.5;5187.5;5215.0;5217.0;5236.5;5243.0;793471;660866;614411;437879;271134;335398;207072;247697;208396;202320;133599;84789;103428;65071;1
2022-06-24;0.027738089372813718;0.2841918294849023;-0.06667008887634078;1.2246467991473532e-16;-1.0;-0.9510565162951536;0.30901699437494723;-0.433883739117558;-0.9009688679024191;100000;100850;100145;100505;99940;100385;100095;101015;100910;101040;100670;100400;100515;100570;99985;99560;100140;99885;99920;100060;99995;100855;100140;100505;99935;100385;100095;100140;1769795;3353113;2845442;1623385;1080324;1244932;1575460;620630;1036426;893463;509975;346803;389895;474204;5240.0;5231.0;5270.5;5258.0;5248.5;5247.5;5247.0;5243.5;5286.0;5271.0;5258.0;5256.5;5256.5;5275.0;5215.0;5228.5;5215.0;5232.5;5241.5;5237.0;5237.5;5230.5;5271.0;5258.0;5249.0;5247.5;5247.0;5273.0;527844;758914;742081;292484;168474;212075;235510;193529;241819;230551;101519;56517;64885;72377;1
2022-06-27;0.0148;1.0405405405405406;-0.051071767977191936;1.2246467991473532e-16;-1.0;-0.5877852522924734;0.8090169943749473;0.0;1.0;101100;100735;102045;102725;102245;102495;102440;101290;102125;102740;102795;102620;102535;102495;100720;100675;102035;102185;102205;102300;102255;100740;102045;102725;102240;102500;102435;102335;1556277;3923451;2539003;1396914;1261704;1177040;1234424;591731;1384297;818145;430884;382050;351275;358668;5250.0;5261.0;5245.5;5223.0;5216.0;5218.5;5233.0;5284.0;5273.5;5246.0;5226.5;5224.5;5234.0;5242.0;5236.5;5244.0;5220.0;5210.5;5211.0;5217.5;5230.5;5261.5;5245.0;5223.0;5216.5;5219.0;5232.5;5233.0;660525;680549;620466;354742;188071;265509;203927;234977;238840;206874;108816;60500;79351;62148;1
2022-06-28;0.02245301681503462;1.2048458149779735;-0.025031820110309716;1.2246467991473532e-16;-1.0;-0.40673664307580015;0.913545457642601;0.7818314824680298;0.6234898018587336;103410;103345;103695;103020;102190;102260;101900;103850;103895;103845;103160;102470;102295;102055;103040;103185;102610;102185;102100;101725;101470;103345;103695;103025;102190;102255;101900;101905;2437332;3562234;2709690;1979444;1454575;1634188;1710433;832155;1243692;876068;618719;437414;488861;501937;5240.5;5206.5;5212.0;5224.0;5259.5;5268.0;5259.5;5252.0;5221.5;5228.5;5271.5;5268.5;5274.0;5285.0;5200.5;5193.5;5197.5;5223.0;5251.5;5258.5;5252.0;5206.5;5211.5;5223.5;5259.0;5267.5;5260.0;5276.5;792446;625878;541872;540737;275575;236456;338269;280004;207505;173070;155185;78173;75563;103164;1
2022-06-29;0.02345034329368533;0.26804123711340205;-0.0331399518558231;1.2246467991473532e-16;-1.0;-0.20791169081775898;0.9781476007338057;0.9749279121818236;-0.22252093395631434;102120;102420;102155;101425;101150;100965;101285;103190;102825;102305;101480;101195;101300;101520;102030;101725;101370;100975;100740;100665;101040;102420;102150;101420;101155;100960;101290;101135;2544245;3978991;3190468;1860788;1573029;1507432;1663124;901244;1310924;1000746;567741;462104;423399;460757;5256.0;5224.5;5229.0;5234.5;5244.0;5228.5;5210.5;5260.0;5238.5;5247.0;5259.5;5250.5;5230.5;5213.0;5222.5;5213.0;5223.5;5227.5;5224.0;5209.0;5199.0;5224.0;5229.0;5234.5;5243.5;5228.0;5210.5;5204.5;706892;690085;622068;420735;279649;305917;282439;260055;229192;199292;127970;92340;94090;83568;0
2022-06-30;0.02472581276929103;-0.23366336633663368;-0.04770061210750064;1.2246467991473532e-16;-1.0;-1.133107779529596e-15;1.0;0.43388373911755823;-0.900968867902419;100075;99230;99710;99765;100250;100625;100375;100335;99845;99880;100275;100675;100700;100420;99215;99075;99125;99635;100080;100055;99715;99230;99715;99765;100255;100620;100370;99910;2557850;3459886;2904103;2186107;1770302;1755118;1841271;1041238;1277166;998837;704397;559483;544204;569818;5263.0;5290.5;5296.0;5274.0;5262.5;5237.5;5239.0;5295.0;5314.0;5298.5;5283.0;5276.5;5244.0;5274.5;5254.5;5287.0;5265.5;5260.5;5234.5;5231.0;5235.0;5290.5;5296.5;5274.0;5262.5;5237.5;5238.5;5270.5;687633;641558;541301;342220;382059;215866;299913;243956;200092;170520;100009;117579;68741;89307;1
2022-07-01;0.016237821633774668;0.09846153846153846;-0.05000550457837323;-0.4999999999999997;-0.8660254037844388;0.20129852008866006;0.9795299412524945;-0.433883739117558;-0.9009688679024191;99235;99065;99435;99255;99280;99490;99900;99520;99775;99735;99630;99730;100100;100540;98855;98810;98560;99160;99220;99450;99775;99065;99435;99255;99285;99490;99905;100390;2280412;3586804;3236489;1874288;1424836;1451891;1769456;838423;1244864;1078570;610453;458088;425543;478793;5325.0;5340.5;5366.5;5367.0;5350.0;5356.5;5338.0;5351.0;5371.0;5380.0;5374.0;5361.0;5357.5;5351.5;5320.0;5339.5;5358.0;5343.5;5344.0;5328.5;5332.5;5340.0;5366.5;5367.0;5350.0;5356.5;5337.5;5347.5;638518;643879;599692;381620;230821;289645;254648;223530;223313;189118;124042;75498;87657;78856;1
2022-07-04;0.021867284728170504;0.7511520737327189;-0.035250106523063145;-0.4999999999999997;-0.8660254037844388;0.7247927872291199;0.6889669190756866;0.0;1.0;100190;99680;99765;100485;100250;100365;100370;100540;100215;100635;100730;100505;100530;100510;99630;99510;99705;100210;100145;100250;100175;99680;99765;100480;100250;100360;100365;100185;1519849;2877727;2465872;1287157;1029607;702971;757201;536136;976628;833896;420558;336822;222797;228150;5342.5;5359.5;5356.0;5336.5;5339.0;5343.0;5355.0;5375.5;5361.0;5375.0;5339.5;5344.5;5358.5;5366.0;5341.5;5349.0;5329.0;5331.0;5336.0;5340.5;5354.0;5359.0;5356.0;5336.5;5339.0;5342.5;5355.0;5364.0;455938;350070;464736;153376;119660;177242;138297;173512;133455;164710;52756;40101;60376;44812;0
2022-07-05;0.012276674318794291;-0.3008130081300813;-0.039793874847742966;-0.4999999999999997;-0.8660254037844388;0.8486442574947509;0.5289640103269624;0.7818314824680298;0.6234898018587336;99130;98965;98245;98285;98185;98005;98555;99170;99110;98975;98290;98505;98690;99255;98625;97990;98110;97740;97895;97975;98490;98970;98240;98285;98190;98005;98550;99210;2319884;3475051;2965355;2107334;1726115;1949082;1766773;787080;1171138;1000100;662620;533652;565304;526729;5395.0;5409.5;5435.5;5433.0;5429.5;5439.5;5436.5;5421.0;5443.5;5439.0;5439.0;5443.0;5442.5;5443.0;5388.5;5408.5;5421.0;5427.0;5425.0;5427.5;5429.0;5409.5;5435.5;5432.5;5430.0;5439.5;5436.5;5438.5;785886;674090;475287;263803;231122;246038;229704;268917;226143;169842;82853;77311;77598;70281;1
2022-07-06;0.02017552708564511;0.6975;-0.03451298345568095;-0.4999999999999997;-0.8660254037844388;0.9377521321470804;0.3473052528448203;0.9749279121818236;-0.22252093395631434;99135;99110;99995;99375;99055;99140;99245;99295;100415;100155;99415;99170;99365;99930;98795;99025;99120;98685;98625;98905;98870;99110;99990;99375;99060;99145;99245;99730;2017019;3682004;2927661;1980421;1371697;1493997;2784042;731090;1272478;986842;634888;417716;439528;815722;5442.0;5442.5;5448.0;5472.5;5494.0;5481.5;5471.5;5458.5;5458.0;5473.5;5500.0;5499.5;5482.5;5486.0;5431.5;5431.0;5444.5;5467.5;5479.5;5468.5;5450.0;5442.5;5448.0;5473.0;5494.0;5481.5;5471.0;5456.0;656146;614577;615779;453421;214487;279069;501574;240794;229785;217354;147679;68274;86826;171622;1
2022-07-07;0.018308367377818126;1.165289256198347;-0.013890112471735236;-0.4999999999999997;-0.8660254037844388;0.9884683243281114;0.1514277775045767;0.43388373911755823;-0.900968867902419;100740;101220;101990;101810;101980;102005;101975;101335;102135;102200;102040;102110;102070;102775;100675;101155;101720;101740;101920;101905;101940;101215;101990;101810;101980;102005;101975;102400;1781921;2779578;2155813;1137052;936452;966210;1728360;660583;881922;648266;334328;249389;247732;454776;5443.0;5443.0;5384.0;5370.0;5388.5;5376.5;5377.0;5451.0;5448.5;5399.5;5391.5;5390.5;5380.0;5390.0;5427.0;5383.0;5368.0;5366.0;5373.5;5370.5;5376.5;5443.0;5383.5;5370.5;5388.5;5376.5;5377.0;5383.0;594944;804452;545002;315472;193344;161079;185392;225341;271229;172510;99224;62372;46648;58377;0
2022-07-08;0.02084574151280524;0.6547619047619048;0.0020866576653983063;-0.4999999999999997;-0.8660254037844388;0.9987165071710528;-0.05064916883871264;-0.433883739117558;-0.9009688679024191;102050;102040;101730;102115;101690;101275;101480;102330;102815;102285;102215;101815;101590;101765;101555;101675;101460;101570;101155;101125;101350;102040;101730;102115;101690;101275;101480;101530;2468760;3475538;2447926;1518455;1433697;1359536;1206667;1007679;1245158;818518;490565;435000;392422;361980;5392.0;5382.5;5360.5;5319.5;5330.5;5342.0;5330.5;5403.0;5382.5;5366.5;5334.0;5347.5;5344.0;5332.0;5367.5;5335.0;5314.0;5315.0;5327.5;5326.5;5303.5;5382.0;5361.0;5319.5;5330.5;5342.5;5331.0;5306.0;813011;815165;563431;280562;240795;210437;262628;306658;279173;194523;88258;69590;66253;76188;1
2022-07-11;0.016560509554140127;-0.3520710059171598;-0.009781034839395998;-0.4999999999999997;-0.8660254037844388;0.7907757369376989;-0.6121059825476626;0.0;1.0;100530;100125;99845;99500;99885;99700;99595;100720;100380;99880;100135;99895;99820;99640;99935;99570;99395;99485;99455;99485;98945;100125;99845;99500;99885;99700;99595;98950;1843733;3416749;2508482;1702419;1477614;1416297;1817099;678380;1157860;804422;530916;436552;391169;501222;5343.0;5370.5;5377.5;5384.0;5373.5;5383.0;5385.5;5384.5;5393.0;5390.5;5388.0;5386.5;5389.0;5404.5;5329.5;5369.5;5368.0;5373.0;5372.5;5377.5;5384.0;5370.5;5377.5;5384.0;5373.5;5383.0;5385.0;5403.5;702969;587784;508747;252597;181130;162693;312994;256728;204574;164743;73471;56483;46089;97336;1
2022-07-12;0.017656420968865015;-0.11830985915492957;-0.02445169561232984;-0.4999999999999997;-0.8660254037844388;0.6513724827222223;-0.7587581226927909;0.7818314824680298;0.6234898018587336;98735;99120;98415;99180;99435;99625;99800;99145;99175;99230;99520;99830;99830;99810;98710;98280;98330;98950;99340;99405;99445;99125;98415;99185;99435;99625;99795;99480;1861765;3557839;2524946;1653767;1450154;1412998;1493901;662815;1148580;829974;516206;414421;386120;411945;5409.0;5421.5;5447.5;5452.0;5448.5;5445.5;5448.0;5435.5;5458.5;5453.5;5458.0;5451.0;5457.0;5465.5;5400.0;5416.5;5436.5;5440.0;5435.5;5442.0;5447.0;5421.0;5447.0;5452.0;5449.0;5445.0;5448.0;5463.0;789167;629985;458050;356399;224545;176545;205768;292139;224863;146653;114108;71852;61287;66625;0
2022-07-13;0.015698587127158554;0.9193548387096774;-0.01335418017010623;-0.4999999999999997;-0.8660254037844388;0.48530196253108104;-0.8743466161445821;0.9749279121818236;-0.22252093395631434;99705;98545;98920;99835;99315;99630;99535;99900;99235;99980;100020;99645;99810;99595;98355;98425;98460;99310;99305;99345;99115;98545;98915;99840;99315;99630;99530;99400;2443203;3616496;3153113;1850339;1313731;1604056;2004525;962231;1220912;1022392;573097;409609;476458;594450;5447.0;5474.0;5439.5;5404.5;5407.0;5404.5;5402.0;5492.5;5477.5;5455.0;5411.5;5407.0;5405.0;5428.0;5435.5;5422.0;5399.5;5391.5;5395.0;5389.5;5401.5;5474.0;5440.0;5404.0;5407.0;5404.0;5401.5;5410.5;908064;808355;729548;336038;182060;207872;363734;337293;293435;244634;110861;60110;70840;122804;0
2022-07-14;0.016699262825334737;-0.3123123123123123;-0.03022763655467391;-0.4999999999999997;-0.8660254037844388;0.29936312297335804;-0.9541392564000488;0.43388373911755823;-0.900968867902419;97835;97505;96945;96860;97050;96890;96980;98120;97570;96950;97300;97115;97045;97285;97400;96815;96435;96775;96775;96800;96970;97505;96945;96860;97055;96885;96975;97075;2088307;3026587;2487425;2071041;1254247;1259817;1402477;751602;942410;717040;609031;386940;365806;406534;5500.0;5477.5;5503.0;5469.5;5450.0;5464.5;5455.5;5504.5;5515.0;5511.0;5476.0;5477.0;5468.0;5464.0;5463.5;5469.5;5460.0;5439.0;5448.0;5448.0;5440.0;5477.5;5502.5;5470.0;5450.5;5465.0;5455.0;5461.5;646752;849738;659435;568768;256874;234280;257628;241540;289495;211997;186004;89521;80442;84849;0
2022-07-15;0.017222875249143968;0.42729970326409494;-0.03299492385786802;-0.4999999999999997;-0.8660254037844388;0.10116832198743272;-0.994869323391895;-0.433883739117558;-0.9009688679024191;97155;97150;96300;97295;97385;97500;97815;97405;97275;97420;97670;97520;97975;97840;96600;96155;96295;97220;97235;97390;97555;97155;96300;97295;97385;97495;97815;97640;2234744;3043436;2673689;1481275;826741;1200227;935994;799918;1007631;841719;441976;251280;335919;270760;5432.0;5430.5;5467.0;5404.5;5406.5;5423.5;5423.0;5460.0;5471.0;5467.5;5410.0;5425.5;5434.0;5430.0;5426.5;5421.5;5399.0;5397.0;5405.5;5417.0;5415.5;5431.0;5466.5;5405.0;5406.5;5423.5;5423.5;5417.5;699664;694368;722170;247989;170549;245636;159327;260847;256934;243731;78975;50519;74553;51824;1
2022-07-18;0.018732952498584737;1.370879120879121;-0.01626920219581877;-0.4999999999999997;-0.8660254037844388;-0.4853019625310808;-0.8743466161445822;0.0;1.0;98650;98390;99075;99200;98790;98855;97880;98675;99140;99265;99245;99070;99065;98140;98170;98225;98765;98785;98725;97860;97540;98390;99070;99200;98790;98855;97880;97635;1318045;2661215;1997198;1204675;985715;1826019;1840625;478045;934534;655859;384411;307326;549453;573406;5395.0;5397.0;5385.5;5375.5;5394.0;5394.5;5428.0;5405.5;5412.5;5392.5;5398.5;5397.0;5428.5;5440.5;5385.0;5380.5;5372.0;5373.5;5386.5;5391.5;5420.5;5397.0;5385.5;5375.5;5394.0;5394.0;5427.5;5438.0;612831;643542;450757;326305;161874;335221;334101;230838;230315;159810;114387;52977;101189;99598;1
2022-07-19;0.017739483020780537;0.38;-0.018903936425614623;-0.4999999999999997;-0.8660254037844388;-0.651372482722222;-0.7587581226927911;0.7818314824680298;0.6234898018587336;98180;98325;98195;98245;98450;98775;98795;98395;98595;98760;98605;98825;98945;99235;97930;97955;97905;98215;98415;98595;98740;98320;98190;98245;98445;98780;98795;99065;1712911;3187813;2560320;1330463;1042466;1324651;1628246;591329;1082511;773594;399537;301114;374216;447641;5428.0;5410.5;5402.0;5410.5;5410.0;5389.5;5405.0;5448.5;5421.5;5419.0;5428.0;5416.5;5405.5;5423.5;5408.0;5390.5;5392.0;5401.5;5383.0;5384.0;5396.0;5410.5;5402.5;5410.5;5410.0;5389.5;5405.0;5420.5;740983;736748;540091;350645;310855;222072;290503;250991;252472;188226;119554;100193;68780;86061;0
2022-07-20;0.016653086168262374;0.6085626911314985;-0.010262645671024914;-0.4999999999999997;-0.8660254037844388;-0.7907757369376986;-0.6121059825476627;0.9749279121818236;-0.22252093395631434;98900;98540;98300;98825;98945;99170;98590;98960;99040;98970;98985;99245;99180;98880;98485;98290;98080;98565;98715;98495;98575;98540;98295;98825;98950;99170;98585;98820;1587061;3024881;2094095;1430894;1696298;1757777;1198168;571027;1021224;673795;456718;504815;527901;361457;5448.5;5436.0;5435.0;5448.5;5450.0;5465.0;5479.0;5467.0;5440.5;5452.0;5460.0;5471.5;5484.5;5480.0;5435.0;5404.5;5423.0;5442.5;5440.5;5465.0;5460.0;5436.0;5434.5;5448.0;5450.0;5465.0;5479.0;5475.5;800763;773044;630041;354444;366063;412271;297547;280572;280576;217032;105380;105329;123677;90352;1
2022-07-21;0.011779575328614763;0.4592274678111588;-0.01210636773905944;-0.4999999999999997;-0.8660254037844388;-0.8978045395707417;-0.44039415155763423;0.43388373911755823;-0.900968867902419;98615;98330;98525;98490;99140;99360;99105;98690;98600;98570;99295;99490;99465;99360;98280;97970;97795;98450;99035;99010;99060;98330;98530;98490;99135;99355;99105;99315;1595737;3149624;2461149;1778992;1330301;1366770;1197942;601750;1019541;780468;529681;364069;392568;343707;5477.0;5457.5;5480.0;5497.5;5510.0;5515.5;5518.0;5492.5;5498.5;5507.5;5517.5;5519.5;5527.0;5523.5;5442.5;5449.5;5478.0;5490.0;5500.5;5511.5;5508.0;5457.5;5479.5;5498.0;5509.5;5515.5;5518.0;5512.5;908039;896309;539280;453265;298847;262747;261477;325874;310712;170619;143499;92257;81562;73355;1
2022-07-22;0.021244232621812097;1.0763723150357996;0.0019478145920855637;-0.4999999999999997;-0.8660254037844388;-0.9680771188662041;-0.2506525322587213;-0.433883739117558;-0.9009688679024191;100050;99935;99840;100410;100065;100150;99535;100135;100455;100485;100440;100315;100155;99545;99785;99835;99640;99870;99865;99390;99045;99940;99840;100410;100065;100150;99540;99310;1356984;2751342;2359286;1494037;1059934;1515461;1443838;495606;929393;734742;452490;306732;432240;392446;5494.0;5472.5;5460.0;5456.0;5469.0;5471.0;5498.5;5500.0;5477.5;5466.0;5473.5;5472.5;5505.5;5512.0;5463.0;5447.0;5445.5;5453.0;5457.0;5468.0;5498.0;5472.5;5460.5;5456.0;5468.5;5471.5;5498.5;5512.0;621578;715486;484784;291062;231661;395260;220421;215590;237963;161757;92108;71922;110882;66169;1
2022-07-25;0.0143928035982009;0.9513888888888888;0.005927977700585786;-0.4999999999999997;-0.8660254037844388;-0.9377521321470804;0.3473052528448203;0.0;1.0;100415;100495;100915;100795;100885;100865;100835;100625;101010;101100;101050;101015;101035;101265;100360;100300;100540;100680;100725;100740;100775;100495;100915;100795;100890;100860;100840;101020;1081933;3250187;2198278;1160156;967502;1071754;1341438;388912;1080651;712723;362092;286459;309694;375251;5481.5;5454.0;5414.0;5421.0;5409.0;5408.5;5402.0;5487.0;5454.0;5427.0;5427.0;5415.5;5410.0;5403.5;5452.5;5411.0;5406.0;5408.0;5405.0;5397.0;5374.0;5453.5;5414.0;5421.0;5408.5;5408.5;5402.0;5376.5;544700;777748;621150;337649;240594;264600;438612;179261;246594;175201;91151;68001;74136;121983;0
2022-07-26;0.009610118010257431;0.6787564766839378;0.012283164544269528;-0.4999999999999997;-0.8660254037844388;-0.848644257494751;0.5289640103269624;0.7818314824680298;0.6234898018587336;100955;101325;101220;100890;100185;100300;100210;101335;101440;101230;100925;100385;100465;100440;100845;101030;100650;100080;100100;100200;100015;101320;101220;100895;100180;100300;100210;100185;1322243;2595277;2347425;1786927;1159209;1209523;1403340;454528;832150;679686;490667;322509;332186;372363;5390.0;5367.5;5346.0;5358.5;5375.0;5367.5;5361.0;5399.0;5397.0;5376.5;5375.0;5383.0;5376.0;5377.0;5358.5;5341.0;5342.5;5355.5;5362.5;5360.5;5347.5;5367.5;5346.5;5358.0;5375.0;5367.0;5361.0;5362.0;860672;916337;668928;308667;284257;249291;364937;311259;307123;220179;103556;94926;79763;114220;1
2022-07-27;0.014115199841513546;0.7087719298245614;0.013803380849878826;-0.4999999999999997;-0.8660254037844388;-0.72479278722912;0.6889669190756865;0.9749279121818236;-0.22252093395631434;101025;100930;100770;101020;101180;101190;101080;101030;101245;101145;101290;101345;101280;101960;100755;100755;100615;101015;101160;101020;100745;100935;100775;101020;101180;101190;101075;101845;885277;2461375;2050184;1036642;820422;832747;2656125;328803;789273;649425;322634;242308;251630;885876;5342.5;5329.5;5315.0;5313.5;5301.0;5309.0;5304.5;5354.0;5333.0;5329.0;5315.5;5312.5;5311.5;5315.0;5325.5;5312.5;5304.0;5296.5;5297.0;5295.0;5257.5;5329.5;5315.0;5313.5;5301.0;5309.0;5304.5;5262.0;640010;700124;606163;389317;233614;209892;734522;241466;239850;191991;112342;72758;67603;256931;1
2022-07-28;0.01915367483296214;0.8423772609819121;0.025326039540912258;-0.4999999999999997;-0.8660254037844388;-0.5712682150947924;0.8207634412072763;0.43388373911755823;-0.900968867902419;102245;102120;101985;101960;102225;102535;103005;102300;102820;102140;102435;102585;103195;103220;101740;101845;101640;101950;102180;102330;102900;102115;101985;101960;102230;102540;103000;103185;1597037;2839694;2169175;1351347;993232;1592181;1071760;572015;922045;712945;412615;288839;415511;300912;5265.5;5212.5;5209.0;5218.5;5218.0;5207.0;5201.0;5276.0;5219.0;5239.0;5228.0;5219.5;5210.5;5207.0;5199.0;5178.0;5200.5;5208.5;5196.5;5196.0;5171.5;5212.5;5209.0;5218.0;5218.5;5206.5;5201.0;5172.5;907458;889869;673074;344414;236421;234061;341485;315115;272261;212241;106626;72467;72363;95403;1
2022-07-29;0.019169641547263926;1.096938775510204;0.03863223572618696;-0.4999999999999997;-0.8660254037844388;-0.3943558551133187;0.9189578116202306;-0.433883739117558;-0.9009688679024191;103790;103670;103245;103645;103715;103995;104240;103835;103755;103745;103950;104085;104275;104655;103395;103200;103165;103490;103630;103895;104130;103670;103250;103645;103720;103995;104245;104600;1602207;2678167;2072657;1518372;1185861;1022278;1335703;600149;934495;672916;462737;359126;298560;357245;5210.0;5211.5;5242.0;5248.0;5230.5;5237.5;5240.5;5228.0;5261.0;5256.0;5251.5;5247.0;5252.0;5247.5;5193.0;5211.0;5223.5;5218.5;5226.0;5231.5;5217.0;5211.5;5242.0;5247.5;5230.0;5237.0;5241.0;5219.0;830389;771276;603720;390403;244684;216058;235420;303116;267250;178788;120096;76763;68515;73577;0
2022-08-01;0.014355910974082281;0.4429530201342282;0.03750299784155408;-0.8660254037844384;-0.5000000000000004;0.20129852008866006;0.9795299412524945;0.0;1.0;103825;103460;103220;103755;103310;103005;102470;103855;103490;103900;103810;103530;103030;103020;103450;102690;102815;103255;102980;102260;102380;103455;103220;103755;103315;103010;102470;102935;1333457;2850131;2743903;1258832;1256256;1844305;1444238;463490;925826;869937;417250;398763;579642;421708;5204.0;5220.0;5220.5;5182.0;5198.5;5222.0;5238.5;5220.5;5242.0;5240.0;5199.0;5224.0;5249.0;5244.0;5175.5;5216.0;5181.0;5181.5;5195.5;5219.5;5226.5;5220.0;5220.5;5182.5;5199.0;5221.5;5238.0;5232.0;818593;681538;716313;295136;307265;354999;256470;280053;239217;243621;95827;97073;110721;84351;0
2022-08-02;0.015795810257645076;-0.006097560975609756;0.0200696839779226;-0.8660254037844384;-0.5000000000000004;0.39435585511331855;0.9189578116202306;0.7818314824680298;0.6234898018587336;102250;102525;102665;103600;103630;103930;103640;102530;103225;103760;103900;104070;104155;104140;102095;102345;102165;103310;103610;103340;103575;102525;102665;103600;103630;103930;103640;104010;1557220;3580029;3675329;1667172;1196128;1910680;1799293;557511;1239058;1162772;538882;368884;555815;498071;5247.5;5247.5;5277.5;5280.5;5288.5;5282.5;5310.0;5269.0;5282.5;5293.0;5290.0;5289.5;5315.5;5325.0;5241.0;5234.0;5270.5;5271.5;5273.0;5281.5;5309.5;5247.5;5277.5;5280.5;5288.5;5282.5;5310.5;5318.0;819845;986624;703480;358858;237950;438567;399038;307024;334539;224183;110744;75064;124454;113923;0
2022-08-03;0.02097799511002445;0.9813519813519813;0.03707131855855049;-0.8660254037844384;-0.5000000000000004;0.5712682150947923;0.8207634412072763;0.9749279121818236;-0.22252093395631434;104200;104060;103950;103445;104000;104170;103930;104370;104115;103955;104165;104340;104200;104220;103910;103565;103225;103250;103885;103850;103920;104065;103950;103440;104000;104170;103925;104125;1293210;2903610;2391789;1835827;1363391;1233919;1163954;489964;987588;792227;558520;410260;357590;349847;5293.0;5306.5;5317.0;5343.0;5312.5;5302.0;5301.5;5315.5;5332.0;5358.5;5351.5;5317.0;5311.0;5331.5;5287.0;5303.5;5317.0;5311.5;5300.0;5298.0;5299.5;5306.5;5317.5;5343.0;5313.0;5302.0;5301.5;5328.5;650554;684867;748560;432415;326050;193124;275437;232975;236181;232460;131452;102085;61477;84780;1
2022-08-04;0.012092130518234165;0.8253968253968254;0.035415037425985924;-0.8660254037844384;-0.5000000000000004;0.7247927872291199;0.6889669190756866;0.43388373911755823;-0.900968867902419;104265;105075;105580;105635;105715;106115;106560;105235;105670;105760;105810;106190;106650;106580;104170;105005;105390;105470;105700;106045;106250;105075;105575;105635;105720;106115;106555;106330;1609353;2722167;2024348;1392978;1486461;1579894;1356887;584126;888366;610491;403768;406934;421004;374621;5327.5;5307.0;5281.5;5291.5;5257.5;5256.0;5253.5;5336.5;5312.0;5300.0;5292.5;5260.5;5256.5;5267.0;5295.5;5273.5;5281.0;5255.5;5243.0;5240.0;5240.5;5307.0;5281.5;5291.0;5257.0;5255.5;5254.0;5252.5;709101;714250;484182;470916;332734;277813;353963;256246;244300;164895;144930;95012;84972;103896;1
2022-08-05;0.029252385747854028;0.840983606557377;0.05759369813470733;-0.8660254037844384;-0.5000000000000004;0.8486442574947509;0.5289640103269624;-0.433883739117558;-0.9009688679024191;106735;106380;106930;107520;106655;107030;107080;107195;106965;107625;107525;107055;107545;107140;106140;105870;106595;106520;106645;106975;106395;106380;106930;107515;106650;107025;107075;106640;1994052;2990249;2496178;1745685;1003014;1414682;1460303;776687;1020496;802381;525805;310897;397613;434789;5263.5;5299.5;5260.0;5224.0;5238.0;5220.5;5228.0;5316.0;5305.0;5280.0;5257.5;5242.0;5229.5;5233.0;5243.5;5256.5;5223.0;5223.5;5216.0;5217.0;5204.5;5299.5;5260.0;5224.0;5238.0;5220.5;5227.5;5211.5;1036080;900318;772840;430041;348382;203924;348746;362454;312284;239116;132260;104014;64874;105354;1
2022-08-08;0.016442591464842834;0.7863247863247863;0.059916145561817326;-0.8660254037844384;-0.5000000000000004;0.9987165071710528;-0.05064916883871264;0.0;1.0;107250;107630;108430;108345;108290;108470;108840;107770;108500;108455;108670;108615;108880;108845;107155;107400;108030;108085;108105;108455;108500;107625;108430;108340;108290;108465;108835;108635;1439179;2940485;1981759;1711545;1463826;1483964;1462506;512247;1020910;671129;533693;466577;461331;448680;5181.0;5158.5;5152.0;5163.0;5170.0;5157.0;5147.5;5186.0;5165.5;5177.5;5175.5;5170.5;5158.5;5156.0;5151.0;5139.0;5148.5;5155.0;5150.5;5142.5;5143.5;5158.5;5152.5;5163.5;5170.0;5157.0;5147.5;5149.5;636071;583275;591359;365978;254609;314201;232708;237585;205985;199294;121425;82669;97732;77300;1
2022-08-09;0.019906759906759906;0.9110070257611241;0.07284214666765003;-0.8660254037844384;-0.5000000000000004;0.9680771188662043;-0.2506525322587204;0.7818314824680298;0.6234898018587336;109100;109310;108780;108400;108290;108455;108570;109440;109590;108965;108485;108560;108685;108720;108780;108605;108150;108120;108185;108350;108370;109310;108775;108400;108285;108455;108575;108585;1674404;3438495;2692005;1449337;1270103;1491580;1397261;624233;1186184;851125;465973;385032;446790;406552;5154.5;5136.5;5147.0;5164.0;5163.5;5159.5;5169.5;5163.5;5148.0;5182.5;5176.5;5170.0;5177.0;5185.0;5129.5;5126.0;5147.0;5159.0;5157.0;5158.0;5164.0;5137.0;5146.5;5164.5;5163.5;5159.5;5169.0;5180.0;801227;640271;625470;317536;227496;254540;285436;291523;224691;200381;102357;73023;76685;85887;1
2022-08-10;0.013473877176901924;0.5986394557823129;0.06693291047551927;-0.8660254037844384;-0.5000000000000004;0.8978045395707416;-0.4403941515576344;0.9749279121818236;-0.22252093395631434;109000;110365;110115;110445;110305;110480;110480;110885;110815;110500;110560;110505;110630;110500;108925;110030;109705;110150;110220;110365;109880;110365;110110;110450;110310;110480;110475;110155;2348616;2758128;2440307;1340352;864059;1033148;1643672;904540;1004412;830393;440504;272502;324206;498220;5147.5;5092.5;5096.5;5079.5;5086.5;5089.5;5095.5;5179.0;5107.0;5097.5;5093.0;5090.5;5096.5;5128.5;5065.5;5076.0;5066.0;5076.0;5080.0;5079.0;5094.5;5092.5;5096.5;5079.0;5086.0;5089.5;5095.0;5121.0;1075059;710438;727401;360881;164605;231942;434873;340834;233292;204199;97496;49609;67232;121789;1
2022-08-11;0.01798165137614679;0.9566326530612245;0.07829565056603223;-0.8660254037844384;-0.5000000000000004;0.7907757369376989;-0.6121059825476626;0.43388373911755823;-0.900968867902419;110800;111645;111260;110690;110585;110835;111015;111765;111750;111280;110730;110865;111310;111035;110705;111150;110625;110240;110560;110730;109730;111645;111260;110685;110590;110840;111010;110070;2212675;2346102;2668049;1898837;1074021;1393926;2149244;811277;823117;878937;610598;352443;428740;632025;5110.0;5097.5;5103.0;5169.5;5171.0;5172.0;5180.5;5120.0;5124.0;5170.5;5189.0;5177.0;5184.5;5200.5;5090.0;5095.0;5102.0;5165.5;5161.0;5169.5;5178.5;5097.5;5103.0;5169.5;5171.5;5172.0;5181.0;5193.5;836589;749077;836944;563411;230680;311294;312512;296621;249813;246462;149761;70320;88761;89776;1
2022-08-12;0.018501805054151624;0.2780487804878049;0.06630505983674514;-0.8660254037844384;-0.5000000000000004;0.6513724827222223;-0.7587581226927909;-0.433883739117558;-0.9009688679024191;110285;110675;111220;110980;111525;111745;112045;110910;111335;111365;111585;111875;112095;112305;110280;110545;110855;110920;111510;111735;112000;110675;111215;110975;111525;111745;112045;112250;1693244;2711552;2032722;1518134;1251664;1113252;1195938;645051;965139;725037;487554;388866;337323;345076;5182.5;5151.5;5137.5;5120.0;5115.5;5106.5;5101.5;5192.5;5154.5;5152.0;5127.5;5123.5;5111.0;5103.5;5151.0;5129.0;5118.5;5110.5;5101.0;5100.5;5092.0;5151.0;5137.0;5120.0;5115.5;5107.0;5102.0;5097.0;652291;594380;699621;346216;287968;237749;266757;219793;182273;209162;93530;77686;63077;67782;1
2022-08-15;0.023847304710522738;0.46387832699619774;0.07021677888745446;-0.8660254037844384;-0.5000000000000004;0.10116832198743272;-0.994869323391895;0.0;1.0;111500;111205;111960;112375;112935;112880;112865;111500;112040;112570;113080;113070;112945;113330;110815;111140;111690;112320;112700;112705;112645;111205;111960;112375;112935;112880;112865;113115;1776685;2827129;2140729;1619556;983013;1164870;1638467;648017;960129;673761;475164;287344;331874;455262;5138.5;5133.5;5129.5;5116.5;5107.5;5111.0;5124.0;5166.0;5145.0;5140.0;5120.5;5115.5;5133.0;5138.0;5132.5;5124.5;5112.0;5106.5;5100.0;5106.5;5118.5;5134.0;5129.0;5116.5;5107.0;5111.5;5124.0;5124.5;773146;607768;464686;275414;265654;298375;265523;258889;212397;157330;85550;78595;90991;83610;0
2022-08-16;0.022556053811659194;0.8886679920477137;0.0770000238168957;-0.8660254037844384;-0.5000000000000004;-0.10116832198743204;-0.9948693233918952;0.7818314824680298;0.6234898018587336;113050;112975;113345;112880;112995;112990;113360;113250;113450;113685;113195;113270;113440;113615;112690;112800;112740;112710;112840;112945;112980;112975;113345;112885;112990;112990;113360;113140;2094438;3259952;2567607;1621092;1195489;1222759;1684725;778860;1115949;827357;517619;369684;354435;488498;5143.5;5144.0;5148.5;5172.5;5167.0;5174.5;5151.5;5161.0;5159.0;5175.5;5174.0;5176.5;5178.0;5171.0;5135.0;5138.0;5146.5;5163.0;5160.0;5150.5;5151.0;5144.0;5148.5;5172.5;5167.5;5175.0;5151.5;5168.0;710499;677779;598857;229506;213591;315035;292842;249615;212363;193655;70344;65232;87307;81716;1
2022-08-17;0.010614772224679346;1.8791666666666667;0.08758284960047687;-0.8660254037844384;-0.5000000000000004;-0.2993631229733582;-0.9541392564000488;0.9749279121818236;-0.22252093395631434;114945;114515;115420;115435;115485;115540;115690;114990;115445;115770;116015;115780;115755;116250;114290;114415;115275;115420;115395;115255;115535;114515;115420;115440;115485;115535;115690;115825;1478390;2570604;2058214;1498172;1204465;1319311;2032282;574668;869406;642270;437126;355151;394884;623563;5200.0;5218.5;5200.5;5191.5;5194.5;5198.0;5199.0;5235.5;5230.5;5204.5;5196.0;5204.5;5209.0;5201.5;5197.0;5195.0;5183.0;5178.5;5189.5;5190.5;5168.0;5218.0;5200.5;5191.5;5194.5;5198.0;5199.5;5192.0;798984;753166;556849;316228;256292;233876;551774;251202;232412;174611;91893;69807;74070;165511;0
2022-08-18;0.017051633389882116;0.7627551020408163;0.08693305295964777;-0.8660254037844384;-0.5000000000000004;-0.4853019625310808;-0.8743466161445822;0.43388373911755823;-0.900968867902419;115785;116070;115765;115920;115615;115320;115495;116445;116300;116115;115945;115725;115625;115800;115685;115580;115560;115600;115295;115305;115465;116075;115765;115915;115615;115325;115490;115760;1756643;3071328;2157649;1515947;1289818;1225764;1234316;652845;1029396;670637;448733;380770;346253;341985;5184.5;5172.5;5209.5;5193.5;5207.5;5223.0;5210.5;5186.0;5218.5;5218.5;5209.5;5223.5;5226.0;5216.0;5147.5;5165.5;5191.5;5187.0;5206.5;5209.0;5204.0;5172.0;5210.0;5193.5;5207.0;5222.5;5210.0;5205.0;672629;768002;465949;290639;271865;298726;213606;221753;235037;133251;86091;79950;83384;61748;1
2022-08-19;0.009932201925983503;-0.27391304347826084;0.07120065214859672;-0.8660254037844384;-0.5000000000000004;-0.651372482722222;-0.7587581226927911;-0.433883739117558;-0.9009688679024191;114980;114890;114015;113635;113635;113645;113450;115270;114935;114180;113755;113720;113650;113480;114735;113945;113430;113405;113470;113180;113105;114890;114015;113630;113635;113645;113445;113155;1303635;2869462;2411929;1508778;1047516;1673196;1451851;549565;988432;718643;427095;299735;458143;411924;5219.0;5192.5;5216.5;5225.5;5216.0;5206.0;5192.0;5231.5;5227.0;5237.0;5235.0;5217.5;5210.5;5207.0;5186.0;5188.5;5197.0;5213.5;5199.5;5189.0;5183.0;5192.0;5216.5;5225.5;5215.5;5206.0;5192.0;5206.0;773995;685088;609451;325470;233008;228220;279941;246716;216798;182495;93673;67629;69217;73162;1
2022-08-22;0.021221081927291705;-0.2786885245901639;0.03859662120394787;-0.8660254037844384;-0.5000000000000004;-0.9680771188662041;-0.2506525322587213;0.0;1.0;112150;112365;112075;112200;112585;112630;112220;112595;112500;112395;112720;112800;112660;112585;112110;111715;111775;112140;112460;112075;112175;112370;112075;112200;112585;112635;112215;112570;1526405;2868344;2585466;1626337;1394699;1491452;1353319;583637;1009491;830001;503083;432733;449921;388397;5198.5;5186.5;5198.0;5201.5;5182.0;5170.0;5178.5;5209.5;5210.0;5219.5;5203.5;5184.0;5182.0;5180.0;5186.5;5177.5;5188.5;5181.0;5165.5;5165.5;5167.0;5187.0;5198.0;5201.5;5182.5;5170.0;5178.5;5168.0;616121;667714;549220;355932;321786;223486;215430;209324;233776;178369;107999;98182;70037;65268;0
2022-08-23;0.009674543022737405;1.23963133640553;0.04156926329656764;-0.8660254037844384;-0.5000000000000004;-0.9987165071710528;-0.05064916883871355;0.7818314824680298;0.6234898018587336;113060;112595;113800;114015;114310;114115;114040;113150;113905;114260;114460;114355;114225;114515;112460;112555;113765;113810;113970;113915;114015;112590;113795;114020;114305;114110;114035;114460;1264586;2882243;2037525;1579526;980842;1173890;1283903;472739;873794;645461;492178;296589;355047;365830;5144.5;5160.5;5117.5;5104.5;5095.0;5098.5;5113.5;5166.0;5165.5;5117.5;5104.5;5100.0;5114.0;5123.5;5142.0;5112.0;5093.5;5083.5;5090.5;5093.0;5108.0;5160.5;5117.0;5104.5;5095.0;5098.0;5113.5;5117.5;607875;859165;580474;355889;144250;269833;273299;206523;267790;172312;97373;38355;78695;78022;1
2022-08-24;0.02193525561648682;0.9334677419354839;0.05043747254356421;-0.8660254037844384;-0.5000000000000004;-0.9884683243281114;0.15142777750457667;0.9749279121818236;-0.22252093395631434;114775;114320;115230;115460;115115;114480;114725;114875;115425;115670;115625;115195;114800;114860;114275;114305;115150;115110;114415;114390;114440;114315;115230;115465;115115;114475;114720;114640;1931021;3152777;2080541;1388098;1679076;1323288;1580458;713977;1029979;645802;418722;489365;371611;408740;5122.0;5121.5;5128.5;5115.0;5105.0;5120.5;5124.5;5128.0;5134.0;5129.0;5117.5;5125.0;5131.0;5129.5;5092.5;5114.0;5097.0;5098.5;5099.0;5117.5;5118.0;5122.0;5129.0;5115.0;5105.5;5120.5;5125.0;5121.5;803054;638529;693691;341199;262134;214502;213368;263607;210622;211291;98659;76504;66693;63369;1
2022-08-25;0.012154214768024396;0.8924731182795699;0.051369387694737007;-0.8660254037844384;-0.5000000000000004;-0.9377521321470804;0.3473052528448203;0.43388373911755823;-0.900968867902419;115520;115305;115225;115020;114810;115035;115040;115565;115810;115460;115025;115045;115270;115095;115120;114960;114805;114455;114655;114995;114800;115300;115225;115020;114810;115040;115045;115070;1331743;3269225;2567873;1687410;1159874;1186822;1127700;503974;1110032;813278;527633;365048;357376;328245;5101.0;5137.5;5126.5;5110.0;5126.0;5129.0;5120.5;5146.0;5152.0;5136.0;5138.5;5137.0;5131.0;5135.5;5095.0;5124.5;5100.0;5110.0;5123.5;5112.5;5119.0;5138.0;5126.5;5110.0;5125.5;5128.5;5121.0;5130.0;690662;683043;658354;454386;227105;286185;230960;223679;211328;196139;124939;69556;88338;70913;1
2022-08-26;0.011729570637119114;0.2952029520295203;0.03979992531148506;-0.8660254037844384;-0.5000000000000004;-0.848644257494751;0.5289640103269624;-0.433883739117558;-0.9009688679024191;114855;115525;115305;114610;113885;114005;113850;115690;115850;115385;114635;114010;114215;114030;114855;114905;114230;113670;113575;113720;113770;115525;115305;114610;113890;114005;113855;114015;1851908;3003909;3544574;2018115;1359921;1257167;1140944;698148;948090;1160624;594710;392998;367050;325537;5118.0;5086.5;5102.0;5086.0;5088.0;5092.0;5097.5;5124.5;5103.5;5117.5;5123.0;5101.0;5112.0;5098.5;5086.5;5074.0;5066.5;5078.0;5088.0;5089.5;5061.0;5087.0;5102.5;5086.5;5088.5;5091.5;5098.0;5074.0;713332;693401;1096962;518165;240596;219490;361238;248353;224176;339506;143536;68642;62416;95623;1
2022-08-29;0.019807583474816072;-0.06813186813186813;0.021912278804915846;-0.8660254037844384;-0.5000000000000004;-0.3943558551133187;0.9189578116202306;0.0;1.0;113420;113445;113905;114280;114535;114590;114750;113485;114080;114520;114575;114675;114920;114780;113130;113265;113870;114175;114300;114590;114465;113445;113905;114285;114540;114590;114755;114590;1337837;2738504;2093491;1392253;1190297;1230147;1160139;493935;901376;653591;452975;362582;368135;349330;5086.0;5060.0;5066.5;5049.0;5033.0;5028.5;5019.5;5096.0;5083.0;5068.5;5051.5;5033.5;5035.5;5030.0;5052.5;5053.0;5043.5;5030.5;5020.5;5014.0;5015.0;5060.0;5067.0;5049.0;5033.0;5028.5;5019.5;5022.5;744601;825940;668402;420734;264040;336485;290195;228279;245410;188658;116268;69745;90278;81307;0
2022-08-30;0.015782049021336626;0.7067039106145251;0.0254330156353996;-0.8660254037844384;-0.5000000000000004;-0.20129852008866114;0.9795299412524943;0.7818314824680298;0.6234898018587336;114395;114100;113340;113150;112550;112110;111910;114540;114485;113510;113215;112650;112110;112140;114025;113250;112720;112525;112025;111660;111865;114105;113340;113155;112545;112105;111910;111955;1409929;3524050;2755612;1920894;1571942;1765243;1570121;509638;1120697;842698;589486;460298;488507;446069;5017.5;5037.5;5066.5;5064.5;5079.0;5093.0;5115.5;5050.5;5070.5;5080.0;5080.5;5097.5;5123.0;5120.5;5012.0;5027.5;5061.0;5062.5;5076.5;5091.5;5103.5;5037.0;5066.5;5064.0;5078.5;5093.0;5116.0;5110.0;771646;761087;589910;396606;352136;506838;333939;240806;232415;169217;112312;93531;123959;87394;0
2022-08-31;0.025175925521220333;0.07118055555555555;-0.0005807200929152149;-0.8660254037844384;-0.5000000000000004;-2.4492935982947064e-16;1.0;0.9749279121818236;-0.22252093395631434;111865;112380;112390;112395;112575;112255;112230;112565;112900;112935;112725;112665;112455;112375;111850;111430;112175;112150;112105;112025;111350;112380;112390;112395;112570;112250;112230;111770;1869318;3881327;3033455;1820264;1313982;1382405;1802788;733950;1360057;1008576;618160;424237;445470;547075;5170.0;5195.0;5216.5;5222.5;5228.5;5231.5;5233.5;5218.5;5238.5;5242.0;5234.0;5236.0;5244.5;5253.0;5169.0;5193.5;5204.0;5213.5;5208.0;5224.5;5230.0;5195.0;5217.0;5222.5;5228.5;5231.0;5233.5;5246.5;754324;838607;742490;535742;357378;293345;304264;245187;248220;207273;134032;92861;78948;81212;0
2022-09-01;0.017118848612166452;0.12010443864229765;-0.009294818277954028;-1.0;-1.8369701987210297e-16;0.20791169081775931;0.9781476007338057;0.43388373911755823;-0.900968867902419;111250;111270;110415;109850;109765;110150;110745;111505;111485;110515;110375;110210;111060;111585;110825;110180;109800;109620;109730;110070;110715;111270;110415;109845;109765;110150;110740;111450;2191659;3928918;2686367;1972422;1439232;1967657;2003921;828317;1358883;901895;620936;428844;557155;582605;5245.0;5234.5;5213.5;5253.5;5264.0;5274.0;5290.5;5262.5;5237.5;5266.0;5273.0;5274.0;5296.0;5293.0;5217.0;5185.5;5213.0;5241.5;5252.0;5272.5;5261.0;5235.0;5213.5;5253.5;5264.5;5273.5;5290.5;5274.0;868936;836693;857061;475706;283376;437705;371047;298333;254142;241515;132068;82168;121508;113245;1
2022-09-02;0.02251685393258427;0.8263473053892215;-0.007577120694136228;-1.0;-1.8369701987210297e-16;0.40673664307580015;0.9135454576426009;-0.433883739117558;-0.9009688679024191;111690;112725;112200;113650;113675;112745;112310;112770;112750;113805;113735;113690;112750;112935;111435;112155;112090;113525;112665;112135;112290;112720;112195;113650;113670;112745;112315;112570;2120188;2999109;2691993;997112;1981424;2141884;1589633;873546;1072199;882838;314108;607630;674588;507712;5261.0;5229.0;5246.0;5215.0;5210.0;5241.0;5233.5;5272.5;5249.5;5249.5;5226.5;5241.5;5247.5;5234.0;5209.5;5214.0;5213.0;5207.5;5202.0;5224.0;5194.0;5228.5;5246.0;5215.0;5209.5;5240.5;5234.0;5205.0;944469;677939;645146;363002;409308;343350;328617;330567;237945;194848;102078;122563;108714;99923;0
2022-09-05;0.0212194466827827;0.3291139240506329;-0.005404399300685355;-1.0;-1.8369701987210297e-16;0.8660254037844386;0.5000000000000001;0.0;1.0;112215;113120;113975;113660;113380;113305;113455;113125;114050;114000;113690;113445;113575;113635;112175;113075;113415;113045;113170;113295;113405;113120;113975;113665;113385;113305;113450;113480;1542543;2083371;1900455;1592352;1088527;862965;746769;598480;728172;633230;499885;351970;287602;249396;5218.0;5216.5;5205.0;5207.0;5200.0;5196.0;5194.0;5226.0;5223.5;5216.0;5212.0;5204.5;5198.0;5195.0;5201.5;5197.0;5198.5;5192.5;5193.0;5186.0;5189.0;5216.5;5204.5;5207.0;5200.0;5196.5;5193.5;5193.0;516867;540206;361978;287832;157063;181713;87573;196748;194121;121594;87142;51819;56620;27250;1
2022-09-06;0.016708996123512898;0.6266666666666667;0.0027490451325535158;-1.0;-1.8369701987210297e-16;0.9510565162951535;0.30901699437494745;0.7818314824680298;0.6234898018587336;113350;112460;111005;111250;111180;111105;110825;113375;112520;111365;111395;111310;111110;111200;112430;110905;110660;110705;110945;110580;110730;112460;111010;111255;111180;111110;110825;110755;2020003;3899373;2751306;1955597;1431530;1958858;1782006;727804;1308327;906760;640120;446511;577875;528983;5202.0;5232.5;5261.5;5261.5;5264.0;5270.0;5279.5;5235.5;5268.5;5275.5;5274.5;5270.5;5284.0;5280.5;5197.5;5227.0;5253.0;5251.5;5260.5;5269.0;5263.0;5232.5;5261.0;5262.0;5263.5;5269.5;5280.0;5271.5;723357;638635;646221;407074;177237;336613;281863;263402;218057;194852;118979;57997;94390;82923;1
2022-09-08;0.024658138509042787;0.41681574239713776;-0.012113751240438403;-1.0;-1.8369701987210297e-16;0.9945218953682734;-0.10452846326765333;0.43388373911755823;-0.900968867902419;111745;111470;111925;111235;110815;110510;110810;111995;112055;111945;111400;110900;110975;111530;111325;110920;110980;110620;109770;110395;110800;111470;111925;111230;110815;110515;110805;110950;2395429;4190390;2984836;2024412;2216372;2050804;2320630;966448;1524297;1027209;660323;701348;643070;680870;5242.0;5249.0;5238.0;5254.0;5254.5;5256.0;5256.5;5253.0;5267.5;5255.0;5260.5;5267.0;5270.5;5257.0;5210.5;5221.5;5227.0;5240.5;5248.5;5246.0;5233.5;5249.0;5238.0;5254.0;5255.0;5255.5;5256.5;5238.5;888352;957248;560006;344690;296082;358088;355142;332322;322666;186032;103668;90820;110598;103197;1
2022-09-09;0.020448342207705042;1.0196936542669583;-0.00918777261699053;-1.0;-1.8369701987210297e-16;0.9510565162951536;-0.30901699437494734;-0.433883739117558;-0.9009688679024191;112100;112330;112945;113405;113555;113645;113645;112495;113095;113495;113610;113775;113735;113690;111985;112265;112910;113295;113345;113460;113310;112335;112940;113405;113555;113645;113650;113540;1735333;3316483;2089359;1247017;1359556;983313;1124859;671752;1185262;696780;419987;438198;318489;344906;5212.0;5213.0;5199.5;5178.5;5184.0;5184.5;5188.0;5226.5;5233.0;5207.5;5189.0;5191.5;5190.5;5192.5;5207.0;5198.0;5171.5;5177.0;5175.5;5182.5;5179.0;5213.5;5200.0;5178.5;5183.5;5185.0;5188.0;5185.0;538060;733801;581821;244835;209852;155623;160562;197337;256520;186164;74487;67396;45998;49658;0
2022-09-12;0.015967885816235504;1.2541899441340782;0.008190499726394945;-1.0;-1.8369701987210297e-16;0.5877852522924732;-0.8090169943749473;0.0;1.0;114230;114415;115355;114765;114815;114660;114820;114560;115395;115365;115000;114965;114825;114900;113875;114405;114715;114490;114435;114460;114615;114420;115350;114760;114815;114660;114820;114880;1669904;2952353;1912861;1746469;1427732;1213482;1274187;633150;981783;638963;577955;447592;378449;387900;5143.0;5162.0;5148.5;5150.5;5138.0;5137.5;5123.0;5164.0;5165.5;5160.5;5155.0;5147.0;5141.0;5128.0;5139.0;5141.5;5145.5;5133.0;5136.0;5123.0;5110.5;5162.5;5148.0;5150.5;5138.0;5138.0;5123.0;5113.0;560411;725690;381821;315867;227670;277761;365034;180709;235639;117838;91570;71135;84853;100500;0
2022-09-13;0.01330648691236978;0.8388157894736842;0.015463440229636718;-1.0;-1.8369701987210297e-16;0.40673664307580004;-0.913545457642601;0.7818314824680298;0.6234898018587336;115150;112795;113420;113000;112580;112570;112560;115365;113885;113915;113155;112725;112770;112570;112670;112590;112960;112540;112175;112440;111840;112795;113415;112995;112585;112570;112555;112000;2650948;3420549;3000468;1826985;1422868;1426360;1685478;1023206;1185187;999035;576104;431245;437658;512496;5111.0;5225.0;5196.5;5189.0;5211.0;5195.0;5202.0;5230.0;5233.5;5207.0;5213.5;5215.0;5207.5;5220.5;5103.0;5186.5;5172.0;5181.0;5193.0;5187.0;5196.5;5225.0;5196.5;5189.0;5211.0;5195.5;5202.0;5212.5;1127142;924039;794964;421940;278495;304810;307084;365262;284901;225380;119706;79688;88769;84492;0
2022-09-14;0.03321754233608337;0.02091503267973856;-0.01503870530799895;-1.0;-1.8369701987210297e-16;0.20791169081775931;-0.9781476007338057;0.9749279121818236;-0.22252093395631434;111620;111695;112295;112095;111865;111900;111445;112200;112550;112360;112130;112070;111995;111805;111420;111075;111530;111690;111740;111275;111310;111695;112290;112100;111865;111900;111445;111495;2220294;3732755;2860696;1935417;1235972;1791636;1726054;868198;1308250;955070;629433;390967;529529;502402;5212.5;5186.0;5208.0;5196.0;5201.0;5203.5;5200.0;5215.5;5222.0;5212.5;5202.5;5208.0;5207.0;5213.0;5173.5;5184.5;5186.0;5183.0;5195.0;5197.5;5195.0;5186.0;5207.5;5196.5;5201.0;5203.0;5199.5;5202.5;747233;736891;549592;314645;240948;184155;254030;272945;247003;174252;99039;68952;46742;68823;1
2022-09-15;0.013214477692169862;0.26101694915254237;-0.0156145123114424;-1.0;-1.8369701987210297e-16;5.66553889764798e-16;-1.0;0.43388373911755823;-0.900968867902419;111460;111340;111960;110465;110785;110755;111010;111765;112150;112050;111070;110850;111255;111100;111135;110985;110430;110430;110435;110755;110775;111340;111955;110460;110785;110760;111005;110930;2380845;3448666;3088715;1777922;1382732;1677470;1529819;887979;1187851;990164;555200;435430;519968;455772;5199.5;5223.0;5230.0;5250.5;5256.5;5253.0;5261.5;5230.5;5241.5;5254.0;5259.5;5264.0;5263.5;5265.5;5198.5;5215.0;5224.0;5247.5;5250.0;5246.0;5251.0;5223.5;5229.5;5251.0;5256.5;5253.0;5261.5;5263.0;676806;674764;494112;298552;250791;259283;254317;238546;226200;151255;86013;66271;68180;65425;0
2022-09-16;0.015431544948860577;-0.18604651162790697;-0.025437230050272604;-1.0;-1.8369701987210297e-16;-0.20791169081775907;-0.9781476007338057;-0.433883739117558;-0.9009688679024191;110110;109910;109530;109870;109890;109815;109650;110395;110020;110415;110185;110015;109905;110215;109825;109420;109520;109620;109445;109515;109605;109910;109525;109870;109895;109810;109655;110080;1594161;2966052;3001692;2033001;1614908;1508088;1856684;612176;1038427;1029081;635590;492238;445392;543598;5270.0;5302.0;5328.5;5291.5;5306.5;5307.0;5300.0;5304.5;5329.0;5328.5;5316.0;5319.5;5312.0;5303.5;5267.0;5299.0;5279.0;5286.0;5304.5;5296.0;5275.0;5302.5;5328.0;5291.0;5306.0;5306.5;5300.0;5277.0;545272;621970;830795;451430;241181;187748;285248;179891;190052;231977;122008;71341;56703;78992;1
2022-09-19;0.009445100354191263;-0.24519230769230768;-0.03135786475478931;-1.0;-1.8369701987210297e-16;-0.743144825477394;-0.6691306063588585;0.0;1.0;109165;109360;110085;111135;111815;112295;112250;109455;110250;111220;111975;112335;112495;112305;108980;109165;109870;111110;111665;112205;112130;109360;110080;111135;111815;112295;112250;112285;1437215;3051546;3013901;2135693;1730218;1613212;1211299;545794;1004734;964044;642418;504736;453523;343135;5312.0;5296.5;5290.5;5237.0;5193.0;5170.0;5186.0;5319.0;5311.0;5295.0;5237.5;5201.5;5187.5;5195.0;5291.0;5284.5;5234.5;5192.5;5161.0;5158.0;5183.0;5297.0;5290.5;5237.0;5193.5;5170.0;5186.5;5187.5;531114;592908;728973;604302;482742;360696;240822;180102;210555;221822;162395;120218;92950;63624;1
2022-09-20;0.04140521229331746;0.8672566371681416;0.001512470116517859;-1.0;-1.8369701987210297e-16;-0.8660254037844384;-0.5000000000000004;0.7818314824680298;0.6234898018587336;112900;112520;112620;112855;113285;112835;112635;113055;113435;113200;113420;113405;113085;112995;112255;112165;112510;112655;112735;112565;112500;112520;112625;112855;113285;112835;112635;112900;2042412;3885650;2647248;1614055;1406367;1515191;1583088;769567;1403802;906857;522968;445593;467420;468736;5225.0;5229.0;5202.5;5180.5;5165.5;5171.5;5174.0;5237.0;5229.0;5209.0;5185.5;5184.5;5186.0;5175.5;5208.0;5184.5;5174.5;5158.5;5154.5;5170.5;5155.5;5229.0;5202.5;5180.5;5165.5;5171.5;5174.5;5159.0;764772;900895;595893;456185;346517;293459;340260;261230;288676;177927;125216;104007;85478;103907;1
2022-09-21;0.0133303808680248;0.9534883720930233;0.007266327068952523;-1.0;-1.8369701987210297e-16;-0.9510565162951535;-0.30901699437494756;0.9749279121818236;-0.22252093395631434;113600;113345;112825;112515;112875;113100;112540;113670;113920;113165;112935;113200;113375;114180;112960;112800;112450;112365;112715;112600;112035;113350;112820;112515;112875;113095;112600;113720;1874809;3094119;2286617;1520800;1338861;1203589;4490816;701299;1068255;748437;482725;405200;374938;1667847;5154.5;5169.0;5182.0;5193.0;5193.0;5195.5;5186.5;5170.5;5183.0;5195.0;5197.0;5199.0;5201.0;5206.0;5131.0;5137.0;5173.0;5186.5;5190.0;5175.0;5133.5;5168.5;5182.0;5193.0;5192.5;5195.0;5185.5;5146.5;755837;762032;549552;311141;188972;290222;1204346;256932;245902;158608;81525;48528;82252;421314;0
2022-09-22;0.018882042253521126;0.6736596736596736;0.007195840923765801;-1.0;-1.8369701987210297e-16;-0.9945218953682733;-0.10452846326765423;0.43388373911755823;-0.900968867902419;113480;114080;113165;112915;112660;113100;114075;114135;114435;113405;113075;113215;114210;114285;113265;113090;112750;112515;112575;112920;113565;114080;113165;112915;112655;113095;114070;114245;1914182;3619642;2688550;1910710;1572512;1862700;1805334;721755;1272054;898769;612858;508529;569751;567405;5140.5;5159.5;5187.0;5192.0;5183.5;5169.5;5144.5;5168.5;5192.5;5194.5;5196.0;5188.0;5173.0;5150.0;5132.5;5154.5;5178.0;5178.5;5162.5;5138.5;5129.5;5160.0;5187.0;5192.5;5184.0;5170.0;5144.5;5132.5;776298;731922;541497;395158;333455;351355;329576;269362;218822;149679;103789;96751;104892;94378;1
2022-09-23;0.0237486781811773;0.2541743970315399;0.004761968161827034;-1.0;-1.8369701987210297e-16;-0.9945218953682734;0.10452846326765299;-0.433883739117558;-0.9009688679024191;113200;112705;112085;111675;111700;112270;112085;113370;113135;112260;111895;112280;112370;112095;112610;112075;111510;111395;111625;111730;111320;112710;112090;111680;111700;112270;112080;111375;1924532;3282601;2411813;1518469;1578597;1919871;2238028;689710;1223782;848854;506267;468457;571961;681321;5179.0;5215.0;5233.5;5246.0;5245.5;5244.5;5249.0;5219.0;5234.5;5247.0;5250.0;5261.5;5254.5;5273.0;5177.0;5193.0;5231.0;5238.5;5239.0;5238.0;5246.0;5215.0;5233.0;5246.0;5245.5;5244.0;5248.5;5270.0;688321;762256;576823;319162;372632;246115;301961;213551;244055;156109;81208;97702;78277;95463;1
2022-09-26;0.018109540636042403;0.1;-0.008820850089986003;-1.0;-1.8369701987210297e-16;-0.743144825477394;0.6691306063588585;0.0;1.0;111525;111290;111525;110875;110320;110290;109900;111595;111815;111715;110960;110455;110295;110290;110865;110920;110655;110060;109915;109785;109760;111285;111525;110875;110325;110285;109895;110095;1887764;3697221;3113347;2245937;1640653;1929487;2213388;709361;1347047;1102603;718579;524545;571724;641623;5300.0;5330.0;5341.5;5364.0;5398.5;5403.5;5413.0;5349.5;5347.5;5365.0;5400.0;5422.0;5424.0;5413.5;5300.0;5315.5;5330.0;5361.0;5391.5;5403.0;5388.5;5330.5;5341.5;5364.0;5398.5;5403.5;5413.0;5398.5;923843;815838;627499;620050;507375;379041;523292;294764;269834;189940;162516;128180;102520;142516;0
2022-09-27;0.024568482403048642;0.4653284671532847;-0.017073176163022445;-1.0;-1.8369701987210297e-16;-0.5877852522924734;0.8090169943749473;0.7818314824680298;0.6234898018587336;110350;110815;110090;110220;108960;109175;109015;111585;110825;110545;110295;109245;109180;109575;110350;109855;109570;108930;108630;108645;108810;110815;110095;110225;108965;109175;109020;109515;2076046;3857301;3025477;2235715;1913551;1813768;1874169;736484;1338672;1117214;739006;600265;556521;560850;5353.0;5321.5;5361.5;5355.0;5365.5;5372.0;5368.0;5353.5;5371.5;5387.5;5372.5;5383.0;5392.0;5383.5;5301.5;5313.0;5351.5;5350.0;5364.5;5365.5;5358.5;5321.5;5362.0;5355.0;5365.5;5371.5;5368.0;5364.5;818314;940564;710326;438615;335196;372472;300201;265363;303367;216280;126296;101275;116185;94605;0
2022-09-28;0.026778432260987767;-0.16751269035532995;-0.034616672246401074;-1.0;-1.8369701987210297e-16;-0.40673664307580015;0.913545457642601;0.9749279121818236;-0.22252093395631434;108135;108900;108870;109060;108925;109045;108885;109300;109365;109270;109360;109425;109295;109100;108030;108325;108495;108470;108760;108865;108710;108895;108870;109060;108925;109040;108880;108995;2459852;3835399;2718851;2042211;1733129;1547851;1532413;869410;1332310;962631;675262;537544;472428;464372;5414.0;5380.0;5357.0;5365.5;5366.0;5340.0;5335.0;5426.5;5381.5;5370.0;5394.0;5366.5;5344.0;5368.5;5368.0;5340.5;5343.0;5352.5;5335.5;5325.5;5330.5;5380.0;5357.5;5365.5;5366.5;5340.0;5334.5;5346.0;939531;928137;626049;575777;432973;344787;414630;310664;294782;185282;164232;126084;104077;116678;0
2022-09-29;0.013547879964858742;0.19795221843003413;-0.03166185045379676;-1.0;-1.8369701987210297e-16;-0.20791169081775898;0.9781476007338057;0.43388373911755823;-0.900968867902419;108320;107515;107115;107650;107905;107600;107575;108645;108160;107670;108170;108170;107840;107580;107430;106780;106530;107325;107550;107375;106825;107510;107120;107650;107905;107595;107580;107415;2101221;3235432;2793791;2147792;1489917;1465125;1502123;767377;1121884;927307;725822;491406;476733;478991;5392.0;5399.0;5399.5;5404.5;5396.0;5399.5;5398.0;5424.5;5409.5;5432.0;5409.5;5402.0;5405.0;5414.5;5386.0;5375.5;5396.0;5384.0;5384.5;5387.5;5391.5;5399.5;5399.5;5405.0;5396.0;5400.0;5398.0;5403.0;819680;805531;740447;433171;280698;271299;275348;282419;256831;218860;134851;82770;77362;83660;1
2022-09-30;0.019525480059084194;0.9314420803782506;-0.02849595952812661;-1.0;-1.8369701987210297e-16;-1.133107779529596e-15;1.0;-0.433883739117558;-0.9009688679024191;108500;107845;109200;109510;109975;109935;110460;108850;109365;109630;110265;110090;110930;110715;107500;107610;108910;109395;109640;109855;110115;107845;109195;109505;109975;109935;110460;110275;2019871;3322461;2561901;1912834;1423042;2284476;1748612;765515;1082345;772848;553632;418743;654696;509644;5428.5;5430.5;5436.0;5445.5;5439.0;5447.5;5394.0;5452.0;5459.0;5456.0;5452.0;5465.5;5455.0;5415.0;5415.0;5424.0;5431.0;5425.5;5439.0;5367.0;5389.0;5430.5;5436.0;5445.5;5439.5;5447.5;5393.5;5401.0;587908;595994;489061;409760;251121;611001;343529;205330;200602;153200;110387;74768;167118;105163;1
2022-10-03;0.031889400921658984;1.98121387283237;0.02438117675513344;-0.8660254037844386;0.5000000000000001;0.5712682150947923;0.8207634412072763;0.0;1.0;114355;114215;114610;115740;115375;115340;115600;114845;114815;115840;115890;115675;115835;116595;113750;113605;114575;115205;115220;115325;115555;114210;114610;115745;115380;115340;115600;116475;1693851;3263530;3004163;1711576;1443366;1531397;1802983;655331;1202883;979330;578543;462485;477970;537341;5300.0;5299.5;5260.5;5219.5;5217.0;5195.5;5207.0;5347.5;5300.5;5260.5;5222.5;5218.0;5208.5;5210.5;5283.0;5250.5;5217.5;5196.5;5188.5;5193.0;5190.5;5299.5;5261.0;5219.0;5217.0;5195.5;5206.5;5204.0;836295;798223;676684;531920;377754;276326;300554;255376;254646;207212;147786;111711;85543;91890;1
2022-10-04;0.030825062305977;1.2638297872340425;0.055386327624777354;-0.8660254037844386;0.5000000000000001;0.7247927872291199;0.6889669190756866;0.7818314824680298;0.6234898018587336;118060;118755;117490;117375;117315;116705;116680;118840;118765;117840;117415;117450;116895;116875;117495;117235;117035;116830;116515;116180;116250;118755;117485;117375;117315;116705;116680;116710;2501575;3548849;2660574;1956464;1521306;2037318;1671234;882884;1185182;874105;622612;481797;631219;529408;5180.0;5168.5;5201.0;5175.0;5185.0;5204.5;5217.5;5180.0;5206.5;5204.0;5199.0;5205.5;5254.0;5228.5;5144.0;5163.0;5169.5;5166.0;5172.5;5201.0;5189.5;5168.5;5201.5;5174.5;5184.5;5204.5;5218.0;5193.0;864047;728659;825984;399057;334560;524008;371842;278441;235505;241862;122131;99996;155313;111635;0
2022-10-05;0.023208538031509404;-0.0072992700729927005;0.03614409436694836;-0.8660254037844386;0.5000000000000001;0.8486442574947509;0.5289640103269624;0.9749279121818236;-0.22252093395631434;116080;116785;117260;116770;117175;117375;117275;117190;117465;117265;117620;117530;117640;117870;115875;116150;116425;116650;117040;117205;117220;116785;117260;116775;117175;117370;117275;117695;2376912;3303152;2538717;1704052;1451204;1493116;1439030;861608;1230500;886476;539699;462608;463821;425099;5248.5;5237.0;5226.5;5265.0;5251.0;5238.5;5234.0;5259.0;5250.0;5274.0;5266.5;5252.5;5246.0;5235.5;5213.0;5216.0;5226.0;5237.5;5228.5;5216.0;5191.5;5237.5;5225.5;5265.0;5251.0;5238.5;5234.0;5200.5;698874;661555;685653;336996;313766;339292;374608;252825;230658;229076;107123;99045;108275;114887;0
2022-10-06;0.017746381805651273;0.6966019417475728;0.04377149314221398;-0.8660254037844386;0.5000000000000001;0.9377521321470804;0.3473052528448203;0.43388373911755823;-0.900968867902419;117310;118230;118610;118100;117665;118090;117920;118265;118700;118625;118200;118335;118150;117970;117170;117625;117755;117645;117600;117700;117510;118235;118610;118100;117660;118085;117920;117635;1893524;3368209;2593083;1618347;1405180;1305249;1658668;685165;1101884;808754;483692;422121;390322;460194;5225.5;5213.0;5228.0;5213.0;5232.5;5220.0;5223.0;5238.0;5242.5;5246.0;5234.5;5242.0;5238.5;5234.5;5202.0;5204.5;5206.0;5212.5;5219.0;5219.0;5216.5;5213.0;5227.5;5213.0;5232.0;5220.0;5223.5;5231.0;665823;817519;687734;387495;287019;276893;296569;244964;286902;218945;119232;92724;82972;88705;1
2022-10-07;0.013042366379677777;0.24836601307189543;0.042988332372121914;-0.8660254037844386;0.5000000000000001;0.9884683243281114;0.1514277775045767;-0.433883739117558;-0.9009688679024191;117550;117415;117740;117615;117660;117575;116600;118190;118150;117820;117835;117815;117585;116880;116985;117265;117090;117425;117390;116555;116355;117410;117740;117615;117660;117575;116605;116770;2206797;3116222;2361895;1414369;1308103;1451642;1736121;868053;1074218;745931;441373;379719;410652;487954;5234.5;5252.5;5239.5;5237.5;5240.5;5230.0;5230.5;5277.0;5270.0;5252.5;5254.0;5251.5;5237.0;5243.5;5230.0;5234.0;5218.5;5233.5;5221.5;5222.5;5224.5;5253.0;5240.0;5238.0;5240.0;5229.5;5231.0;5235.0;763526;748921;552954;307891;243075;220394;218858;285360;264780;182513;100784;73625;66461;65167;0
2022-10-10;0.018205019140791152;0.4252336448598131;0.03605279475595713;-0.8660254037844386;0.5000000000000001;0.8978045395707416;-0.4403941515576344;0.0;1.0;116960;117295;116265;116010;115940;115775;116035;117305;117400;116440;116085;116000;116210;116050;116685;116260;115795;115730;115555;115615;115375;117295;116270;116010;115940;115780;116040;115535;1617548;2897701;2186798;1363025;1350349;1447513;1758386;614805;1048664;702403;432234;397528;421490;499860;5215.0;5197.5;5214.5;5232.0;5219.5;5230.0;5214.5;5230.5;5223.5;5237.5;5241.5;5235.5;5238.0;5218.5;5187.5;5195.0;5199.0;5216.0;5218.5;5212.0;5206.5;5198.0;5214.0;5232.0;5219.5;5230.0;5214.5;5207.0;657010;581028;537721;301997;194377;274787;270675;224322;206860;176235;99333;63945;89319;84263;1
2022-10-11;0.01731361149110807;0.01728395061728395;0.021643871995750897;-0.8660254037844386;0.5000000000000001;0.7907757369376989;-0.6121059825476626;0.7818314824680298;0.6234898018587336;115410;115395;115215;115210;115625;115640;115730;116010;115820;115575;115780;115920;115975;115765;115270;115175;114805;115160;115360;115530;114810;115400;115215;115215;115625;115645;115730;114870;1792594;3382773;2713535;1773488;1607269;1451974;2033055;638375;1117049;853439;552072;476565;426820;559809;5205.0;5227.5;5232.0;5239.0;5233.0;5227.0;5234.5;5237.5;5235.0;5251.0;5248.0;5241.0;5238.5;5305.0;5202.0;5215.0;5231.0;5225.0;5217.0;5224.5;5233.0;5228.0;5232.0;5239.0;5233.5;5226.5;5234.5;5295.5;609473;587202;531145;369707;275200;238922;533075;213530;206630;172209;113765;84545;77652;147234;0
2022-10-13;0.014686768910839615;1.9085545722713864;0.039263011785092256;-0.8660254037844386;0.5000000000000001;0.48530196253108104;-0.8743466161445821;0.43388373911755823;-0.900968867902419;117550;115390;115505;115560;116985;117165;117460;118080;115655;115735;117040;117270;117700;117460;115115;114810;114965;115445;116710;117150;116845;115385;115505;115555;116985;117165;117465;117170;2023415;2575429;2296843;2515980;1572230;1325529;1379459;765979;858929;695672;722108;439601;354294;357536;5280.0;5365.5;5324.0;5318.5;5300.0;5280.0;5253.5;5403.0;5381.0;5353.0;5326.0;5304.0;5280.5;5280.5;5256.0;5315.5;5300.5;5278.0;5273.5;5250.5;5251.0;5365.5;5323.5;5318.5;5300.0;5280.0;5253.5;5278.0;995488;845157;665791;614121;328074;319208;258355;332107;284257;207899;203670;109064;105539;77754;0
2022-10-14;0.027817949808592087;0.5244648318042814;0.028305425022613455;-0.8660254037844386;0.5000000000000001;0.29936312297335804;-0.9541392564000488;-0.433883739117558;-0.9009688679024191;116525;116710;116675;115855;115285;115780;116030;116815;116930;116825;116035;115950;116165;116035;115955;116120;115375;115160;115010;115350;114685;116710;116670;115855;115285;115775;116025;114770;2252220;3420750;3232039;1907608;1854881;1497652;1700603;783271;1048164;1020708;557540;524505;476997;520738;5297.0;5279.5;5309.0;5308.5;5318.0;5328.0;5336.5;5314.5;5317.0;5331.5;5330.0;5335.0;5341.0;5351.0;5270.5;5259.5;5303.0;5305.0;5310.5;5324.0;5336.5;5279.5;5309.0;5308.5;5318.0;5328.0;5337.0;5345.0;874513;859476;660657;329986;279580;231590;223959;306415;281164;209988;105903;88461;74698;71136;0
2022-10-17;0.027933919759708218;0.40706605222734255;0.013407826152090484;-0.8660254037844386;0.5000000000000001;-0.2993631229733582;-0.9541392564000488;0.0;1.0;115000;114805;115210;115740;116395;116230;116055;115200;115425;115790;116445;116515;116295;116295;114650;114425;115000;115725;116165;115980;115930;114800;115215;115735;116395;116235;116055;116245;1628865;3084804;2330715;1578439;1261445;1359395;1320794;559754;976676;721696;467712;369397;388636;364403;5290.0;5298.5;5296.0;5287.5;5277.5;5290.5;5306.5;5317.0;5300.5;5306.5;5288.0;5291.5;5306.5;5314.0;5286.5;5269.5;5282.5;5270.0;5276.5;5290.0;5301.5;5298.0;5296.0;5287.0;5277.5;5290.0;5306.0;5304.5;559129;687436;583618;314858;183185;241857;207023;192671;226821;190504;103857;59457;77192;65797;0
2022-10-18;0.018173913043478263;1.2057416267942584;0.028051760817202034;-0.8660254037844386;0.5000000000000001;-0.4853019625310808;-0.8743466161445822;0.7818314824680298;0.6234898018587336;116945;117395;117455;116930;116475;116745;117025;117400;117725;117680;117015;116940;117250;117200;116500;117170;116660;116205;116385;116625;116575;117395;117455;116930;116480;116750;117030;117090;1721480;3193177;2538466;2083689;1590535;1660559;1817556;576066;950933;732771;612094;462937;457383;508677;5286.5;5277.5;5274.5;5278.5;5304.5;5290.0;5284.0;5295.0;5293.5;5304.0;5312.0;5312.0;5303.5;5291.0;5264.0;5254.0;5270.5;5275.5;5285.0;5278.5;5270.0;5277.5;5274.0;5278.5;5304.5;5290.0;5284.0;5276.0;623936;700835;629729;433111;284948;326852;318256;209949;231842;191464;131688;94115;102859;96629;1
2022-10-19;0.017572363076659967;0.6301703163017032;0.030805739175443138;-0.8660254037844386;0.5000000000000001;-0.651372482722222;-0.7587581226927911;0.9749279121818236;-0.22252093395631434;117500;117825;117635;117835;117940;117840;117855;117855;118170;118360;118140;118170;117990;118110;117140;117285;117520;117615;117650;117625;117755;117825;117635;117835;117935;117840;117855;117865;1844046;3762106;2565606;1794050;1682333;1519235;1459349;621413;1125878;734182;527936;455182;413687;382782;5290.0;5290.5;5293.5;5291.5;5295.0;5299.0;5294.5;5311.5;5303.0;5297.5;5303.0;5307.5;5308.0;5296.5;5282.5;5279.5;5267.0;5288.0;5293.0;5290.5;5281.0;5290.5;5293.0;5291.0;5294.5;5299.5;5294.5;5291.0;627463;667688;590035;363927;271775;251836;277592;224364;224053;181598;109597;82085;80887;81479;1
2022-10-20;0.012127659574468085;1.207017543859649;0.04052542769788345;-0.8660254037844386;0.5000000000000001;-0.7907757369376986;-0.6121059825476627;0.43388373911755823;-0.900968867902419;118860;119210;118825;119415;118755;118770;119070;119680;119350;119445;119415;118925;119080;119275;118800;118790;118760;118730;118525;118465;118680;119210;118825;119415;118750;118765;119070;119055;1908991;2986186;2579964;1524464;1619695;1735645;1681051;650020;908121;737837;450875;455399;474056;452999;5261.0;5268.5;5244.5;5215.0;5217.0;5218.5;5217.0;5269.0;5268.5;5245.5;5224.0;5229.5;5232.5;5236.5;5222.5;5236.5;5204.0;5210.5;5215.5;5215.0;5216.0;5268.5;5244.0;5215.0;5217.5;5218.0;5217.5;5228.5;923832;602010;636042;318082;231097;272283;312640;311859;203293;187440;88231;71802;81158;86225;1
2022-10-21;0.0102221100454316;-0.06584362139917696;0.03349461907973278;-0.8660254037844386;0.5000000000000001;-0.8978045395707417;-0.44039415155763423;-0.433883739117558;-0.9009688679024191;118385;118620;119870;120135;120365;120545;121235;118850;119885;120425;120375;120785;121340;121775;118280;118610;119835;119855;120360;120520;121225;118620;119870;120135;120365;120545;121235;121640;1715834;4028360;2886822;1935515;1508027;1599849;1617316;586263;1219706;816933;565496;445549;439814;448312;5247.0;5265.5;5203.0;5194.5;5185.0;5187.5;5189.0;5286.0;5265.5;5230.0;5222.5;5194.5;5190.5;5198.0;5238.5;5201.0;5180.5;5183.0;5170.0;5178.0;5169.0;5265.0;5203.0;5194.5;5185.0;5187.0;5189.0;5172.0;717345;1186921;817018;509666;406152;221708;259799;239656;400615;249519;170358;129541;68659;80918;1
2022-10-24;0.0383916881361659;0.7799779977997799;0.059963065518463976;-0.8660254037844386;0.5000000000000001;-0.9884683243281114;0.15142777750457667;0.0;1.0;121825;120370;119540;119365;118855;118390;118000;121835;120560;119565;119460;118950;118430;118240;120275;119215;118870;118700;118310;117665;117680;120375;119540;119365;118855;118390;118000;117740;1964199;3266164;2913348;2115534;1738208;2285225;1804047;731352;1127245;878494;612303;480468;580624;475622;5209.5;5254.0;5288.5;5291.5;5284.0;5300.0;5286.5;5258.0;5298.5;5309.5;5297.0;5304.0;5308.0;5291.5;5207.5;5249.5;5284.0;5268.5;5280.0;5285.5;5271.5;5253.5;5289.0;5292.0;5284.0;5299.5;5286.5;5288.5;899375;799974;602255;493431;311628;267937;386978;309617;266051;190394;143154;94781;82231;110508;1
2022-10-25;0.03422942745741843;0.08513189448441247;0.02426800030375682;-0.8660254037844386;0.5000000000000001;-0.9377521321470804;0.3473052528448203;0.7818314824680298;0.6234898018587336;118020;117520;117350;117480;117720;117255;117175;118675;117690;117975;117995;118080;117460;117295;117320;116470;117135;117470;117150;117060;116750;117525;117350;117480;117720;117260;117180;116780;2120562;3222862;2287694;1493544;1379907;1346571;1385753;758274;1060667;729613;458883;416778;403914;382206;5298.5;5352.0;5308.5;5318.0;5295.0;5304.5;5316.0;5355.5;5362.5;5324.0;5319.0;5311.5;5319.5;5327.5;5295.0;5307.5;5302.5;5286.0;5281.0;5296.0;5310.5;5351.5;5308.0;5317.5;5294.5;5304.0;5316.5;5323.5;836432;911712;625526;447137;327057;338507;286833;292546;301421;193602;138437;102306;108183;83428;0
2022-10-26;0.022326724284019658;0.1347248576850095;0.007097138432053714;-0.8660254037844386;0.5000000000000001;-0.848644257494751;0.5289640103269624;0.9749279121818236;-0.22252093395631434;116395;115175;114890;115050;115825;115105;115550;116830;115615;115600;116015;116175;115625;115590;114975;114640;114885;115045;115065;115020;114525;115175;114895;115050;115825;115105;115545;114615;2449645;2910232;2382470;1766991;1582001;1480135;1742564;875985;997981;815173;548531;497540;473966;521031;5297.0;5327.5;5336.5;5331.0;5327.0;5355.0;5344.0;5338.0;5339.5;5342.0;5333.0;5358.0;5359.5;5375.0;5284.0;5310.0;5316.0;5317.0;5319.0;5343.0;5343.5;5327.0;5336.5;5331.5;5327.5;5355.0;5344.0;5367.5;793594;653397;594143;338867;313946;292709;393744;282675;228454;199006;100941;97957;87255;112465;0
2022-10-27;0.022638429485802653;0.2675521821631879;-0.008461302807633726;-0.8660254037844386;0.5000000000000001;-0.72479278722912;0.6889669190756865;0.43388373911755823;-0.900968867902419;114900;115140;115650;115220;115750;115920;115905;115950;115655;116035;115750;116125;116425;116200;114300;114620;114910;115200;115650;115850;115875;115145;115650;115225;115750;115915;115905;115985;2718239;3562612;2781620;2034305;1590790;1692279;1395014;1092584;1254249;910779;638090;475999;482571;386438;5393.5;5331.0;5317.0;5296.0;5287.5;5300.0;5300.0;5396.0;5340.5;5318.0;5308.0;5304.0;5302.5;5318.0;5328.0;5316.5;5281.5;5287.0;5283.0;5284.5;5298.5;5331.0;5316.5;5295.5;5288.0;5300.0;5300.0;5314.0;922947;705455;653855;362960;220222;252862;199960;348041;241129;197360;114504;71478;82676;59156;1
2022-10-28;0.03407310704960836;0.0421455938697318;-0.01516634366577689;-0.8660254037844386;0.5000000000000001;-0.5712682150947924;0.8207634412072763;-0.433883739117558;-0.9009688679024191;114465;115165;116000;115465;115855;116235;115955;115495;116250;116280;116105;116430;116250;116120;114415;115035;114875;115310;115695;115925;115565;115165;115995;115460;115860;116235;115955;115930;2181895;2932384;2790268;1835492;1414328;1281869;1572666;855341;1045837;949008;577792;429030;371319;429896;5352.5;5345.5;5339.5;5338.0;5356.0;5338.0;5336.0;5384.0;5367.5;5353.5;5362.5;5363.0;5340.5;5341.0;5330.0;5334.5;5326.0;5327.0;5334.5;5316.0;5312.5;5346.0;5339.5;5338.5;5356.5;5338.5;5335.5;5313.5;806363;575331;486628;304582;264745;249747;211908;314030;202715;160929;91417;83610;72550;62849;1
2022-10-31;0.02345695190669637;-0.527001862197393;-0.03149152447948026;-0.8660254037844386;0.5000000000000001;-2.4492935982947064e-16;1.0;0.0;1.0;113000;113410;117685;117290;116125;115315;116310;114140;118135;118450;117345;116360;116540;117200;112500;113355;116895;116075;115050;115255;116275;113410;117690;117295;116130;115315;116315;116740;2443323;3910708;2788241;1902799;1980235;2255610;1977158;967012;1301594;920779;616811;612340;718019;611432;5434.0;5377.5;5297.0;5255.0;5281.0;5271.0;5201.5;5443.0;5384.0;5297.5;5294.0;5287.5;5272.0;5216.0;5347.5;5288.0;5238.5;5254.0;5267.5;5187.5;5185.5;5377.5;5297.0;5255.5;5281.0;5271.0;5201.0;5198.0;948272;728318;712688;395323;293274;596031;409440;340033;244751;217691;122011;89170;172821;119572;1
2022-11-01;0.05265486725663717;0.9420168067226891;0.009433659896795975;-0.5000000000000004;0.8660254037844384;0.20791169081775931;0.9781476007338057;0.7818314824680298;0.6234898018587336;118105;118905;117785;118080;118600;118390;118685;119265;119065;118805;118775;118955;118835;119580;117715;117595;116995;117770;118220;118120;118620;118910;117790;118080;118600;118385;118690;119285;2299422;2948683;2998007;1952153;1633567;1448120;1715338;971848;1167375;1136612;697583;545312;473018;574156;5179.5;5185.5;5207.0;5177.0;5140.5;5165.5;5133.0;5238.5;5217.0;5229.0;5178.5;5180.0;5173.0;5147.5;5168.5;5180.5;5156.0;5139.0;5118.5;5130.0;5122.0;5185.5;5207.5;5176.5;5141.0;5166.0;5133.0;5130.0;839569;705776;845324;522652;526935;362129;320610;300376;258975;287003;172145;172170;120791;106640;0
2022-11-03;0.02485076838406503;-0.38160136286201024;-0.009897605817647348;-0.5000000000000004;0.8660254037844384;0.5877852522924731;0.8090169943749475;0.43388373911755823;-0.900968867902419;115865;116725;116775;117960;118105;118605;118415;117190;117495;118035;118190;118675;118750;118940;115490;115805;116350;117700;117850;118335;118300;116725;116775;117955;118110;118605;118410;118790;2131913;2505892;2483544;1378567;1236038;1326732;1427687;816697;985667;890033;472745;408918;418709;439991;5220.0;5163.0;5203.5;5158.0;5130.5;5135.5;5151.5;5254.0;5209.5;5209.0;5164.0;5146.0;5154.0;5154.5;5153.5;5159.0;5151.0;5115.0;5126.5;5129.0;5126.5;5163.5;5204.0;5158.5;5130.5;5135.5;5152.0;5144.5;1095812;701343;646017;534366;320594;235871;302519;379263;257972;222208;166516;98350;78180;93343;0
2022-11-04;0.03003495447287792;1.3290229885057472;0.025738465085695255;-0.5000000000000004;0.8660254037844384;0.7431448254773941;0.6691306063588582;-0.433883739117558;-0.9009688679024191;120115;120735;120225;121270;120700;120265;120325;120800;121545;121385;121605;120885;120480;120420;119620;119520;119785;120665;120125;119975;119855;120735;120225;121270;120700;120260;120320;120240;2133530;2983730;2813028;1995877;1610303;1685532;1659609;974815;1111304;973682;659039;527554;545057;512582;5090.0;5074.5;5073.5;5056.0;5071.0;5066.5;5063.0;5145.0;5081.0;5077.5;5078.0;5076.5;5069.0;5075.5;5069.5;5053.0;5051.0;5048.0;5062.5;5056.0;5044.0;5074.5;5074.0;5056.0;5070.5;5066.5;5063.5;5052.5;989791;712712;590009;344275;206103;174984;278365;374012;237140;192036;107954;68680;59321;83103;0
2022-11-07;0.022520084918619655;0.4232902033271719;0.024497650939410878;-0.5000000000000004;0.8660254037844384;0.9945218953682733;0.10452846326765346;0.0;1.0;120045;118660;119345;117450;117100;117330;117075;120280;119550;119720;117930;117605;117595;117755;118455;118540;117150;116860;116980;116910;116995;118655;119345;117455;117100;117330;117080;117260;1989134;2474813;2989062;1835166;1349833;1463377;1444827;834351;917853;1006927;658046;450523;464977;469254;5086.5;5105.0;5073.0;5130.5;5139.5;5145.5;5140.5;5133.5;5110.5;5136.5;5151.0;5154.0;5149.5;5149.0;5077.5;5071.0;5070.0;5113.0;5136.5;5135.0;5136.0;5105.0;5073.0;5131.0;5139.0;5145.5;5140.5;5140.5;632348;605624;686836;460886;243348;238417;172564;250602;225794;235448;152622;74935;76261;59038;0
2022-11-08;0.03257111916364697;0.09462915601023018;-0.0034444932924148587;-0.5000000000000004;0.8660254037844384;0.9945218953682734;-0.10452846326765333;0.7818314824680298;0.6234898018587336;116740;115830;117005;116740;117710;118385;117925;116750;117100;117455;117890;118590;118460;118055;115220;115485;116680;116620;117590;117735;117105;115830;117005;116740;117710;118385;117930;117715;2244001;2761964;2478323;2280894;1638029;1326389;1756438;859106;1006931;847103;738927;510061;416252;531251;5200.0;5233.0;5207.0;5190.0;5169.5;5164.0;5177.0;5270.0;5242.5;5212.5;5192.0;5175.0;5190.0;5196.0;5197.0;5190.5;5180.0;5164.0;5152.0;5161.5;5158.0;5233.0;5207.0;5190.0;5170.0;5163.5;5176.5;5172.0;873789;654912;521872;460110;331055;278908;399805;311595;227735;185989;154593;99533;85293;129574;0
2022-11-09;0.028867568956655817;0.49851632047477745;-0.0023362741228304122;-0.5000000000000004;0.8660254037844384;0.9510565162951536;-0.30901699437494734;0.9749279121818236;-0.22252093395631434;116900;116485;116770;116890;116630;116795;116130;116900;117055;117225;117425;117075;116950;116210;116130;116015;116500;116460;116415;115855;115135;116490;116770;116890;116630;116795;116130;115330;1979012;2486555;2269729;1933669;1279833;1506142;1806184;790171;958621;823382;676675;426762;467793;569230;5193.5;5177.0;5187.0;5198.5;5181.0;5169.5;5170.0;5217.5;5202.0;5209.0;5199.0;5185.0;5181.5;5195.5;5176.0;5176.5;5170.5;5156.5;5156.0;5164.0;5168.5;5176.5;5187.0;5198.0;5181.0;5170.0;5170.5;5186.0;655323;495447;562278;537279;280933;278455;308667;263733;184035;191102;173178;96530;90768;100437;0
2022-11-10;0.027117194183062448;-0.031545741324921134;-0.025245172335765488;-0.5000000000000004;0.8660254037844384;0.8660254037844387;-0.4999999999999998;0.43388373911755823;-0.900968867902419;114155;112015;112920;111505;112135;111990;110870;114155;113745;113530;112220;112245;112055;111200;111475;111520;110655;110905;111385;110330;109795;112020;112920;111510;112135;111990;110870;110070;2285613;2439078;3031114;1691874;1366839;1724920;1728547;1032422;1055535;1194212;680676;527487;637603;622349;5264.5;5313.5;5316.0;5339.5;5345.0;5349.5;5362.0;5365.5;5353.5;5381.0;5369.0;5372.5;5374.0;5402.0;5262.5;5275.0;5299.0;5329.5;5340.0;5341.5;5344.0;5313.5;5315.0;5339.0;5344.5;5349.0;5362.0;5397.0;1078465;942992;920136;460586;366418;299855;409282;379902;335536;286205;146054;115906;94329;119768;1
2022-11-11;0.04051508913319609;0.5308108108108108;-0.04230663975643964;-0.5000000000000004;0.8660254037844384;0.7431448254773945;-0.6691306063588579;-0.433883739117558;-0.9009688679024191;111985;110635;112030;111825;113470;113250;112765;111985;112555;112330;113865;113645;113590;114265;110175;110325;111210;111570;112785;112735;112550;110635;112030;111830;113470;113245;112760;113840;2061981;3163171;2292990;2131274;1491095;1486821;2012710;883405;1316863;896457;828741;561069;482923;659392;5360.0;5394.5;5304.5;5332.0;5291.0;5344.0;5383.5;5426.5;5398.5;5345.5;5341.0;5346.0;5385.0;5385.0;5339.5;5293.0;5300.5;5269.0;5285.5;5341.0;5344.5;5394.0;5304.5;5332.5;5291.0;5343.5;5383.5;5360.0;759853;992265;480925;517866;399769;320733;318787;291016;345221;172376;174155;132320;111930;114317;0
2022-11-14;0.03652274858239943;0.7286063569682152;-0.03130878824780792;-0.5000000000000004;0.8660254037844384;0.20791169081775931;-0.9781476007338057;0.0;1.0;113155;114980;113705;113210;114405;113835;114110;114995;114995;114160;114495;114515;114300;114480;112760;113395;112965;113100;113800;113800;113990;114980;113710;113210;114405;113835;114110;114225;2008200;2499433;2557288;1869336;1523265;1332021;1372016;847466;981758;1023848;649104;512544;458879;442967;5359.5;5298.0;5306.5;5351.0;5338.0;5339.0;5331.0;5374.5;5322.5;5371.0;5359.0;5360.5;5345.5;5344.0;5279.0;5296.5;5290.0;5332.0;5335.0;5322.5;5327.0;5298.0;5306.5;5350.5;5338.5;5338.5;5331.0;5342.5;755479;521959;672135;424827;313804;262814;221121;296114;194671;245559;142529;106707;94096;72001;1
2022-11-16;0.023861075515885292;0.3314814814814815;-0.027190810717120987;-0.5000000000000004;0.8660254037844384;-0.20791169081775907;-0.9781476007338057;0.9749279121818236;-0.22252093395631434;113655;114045;113025;112480;111745;111680;111575;114120;114320;113205;112590;111885;111840;111585;112990;112815;112220;111535;111445;111290;110340;114040;113030;112480;111750;111680;111570;110450;1889504;3152120;2893993;2145239;1482773;1555530;2087975;804487;1233606;1052832;771970;519247;535157;636996;5360.0;5339.5;5327.0;5347.0;5358.5;5372.0;5373.0;5394.5;5365.5;5354.5;5377.0;5379.5;5377.0;5416.0;5336.0;5320.5;5304.5;5335.5;5355.0;5346.5;5372.5;5339.5;5327.0;5347.0;5358.5;5372.0;5373.5;5407.0;799165;748403;739581;586178;347564;343812;442971;321890;281314;240673;196020;114451;113925;146215;1
2022-11-17;0.03501825700585104;-0.29773869346733667;-0.06353955538397195;-0.5000000000000004;0.8660254037844384;-0.4067366430758002;-0.9135454576426009;0.43388373911755823;-0.900968867902419;109155;109115;108490;109005;109070;108590;108680;109420;109595;109340;109800;109160;109000;109260;108160;108300;108105;108925;108180;108335;108450;109120;108490;109005;109065;108595;108680;108635;2251986;2707742;2412603;2045860;1646360;1888026;1820196;979641;1122087;917095;679668;580318;624274;627497;5514.5;5467.5;5496.0;5471.5;5481.0;5476.0;5474.0;5548.0;5506.0;5504.0;5488.0;5498.5;5488.0;5476.0;5464.5;5466.0;5451.5;5452.0;5473.0;5462.5;5446.0;5467.0;5495.5;5471.0;5481.0;5476.5;5474.0;5467.5;1038341;639809;506853;368856;311754;331870;300706;364457;229847;180738;124280;106010;105487;102369;1
2022-11-18;0.022949017452246805;1.3193612774451098;-0.04081962096834946;-0.5000000000000004;0.8660254037844384;-0.587785252292473;-0.8090169943749476;-0.433883739117558;-0.9009688679024191;111410;111760;112300;110615;110910;109890;110110;112250;112455;112485;111025;110975;110300;110250;110910;111540;110105;110290;109810;109270;109360;111760;112305;110620;110915;109885;110105;109530;2066840;2425450;3039512;1788403;1520043;1803732;1700955;878509;939329;1074048;646055;536974;626620;570865;5401.0;5347.0;5366.0;5382.0;5352.0;5391.0;5353.5;5411.0;5384.0;5409.5;5394.5;5401.5;5397.0;5395.5;5344.5;5343.0;5352.0;5350.5;5347.5;5351.0;5353.5;5347.0;5366.0;5382.0;5351.5;5391.0;5353.5;5394.0;739777;518296;706497;493512;369133;418413;338390;281557;187879;241343;158949;108728;127938;114276;1
2022-11-21;0.028857373664841576;0.09642301710730948;-0.05304274183791632;-0.5000000000000004;0.8660254037844384;-0.9510565162951535;-0.30901699437494756;0.0;1.0;109580;110475;110945;109695;108940;109905;110080;110770;111110;111015;109935;110010;110570;110975;109550;110250;109605;108715;108740;109900;110050;110475;110945;109700;108945;109910;110075;110315;2062644;2478366;2464702;1796898;1804374;1866395;1847703;829735;952465;891225;627450;595968;626996;599461;5398.0;5328.5;5328.5;5346.0;5364.5;5345.0;5345.5;5399.0;5334.5;5356.5;5380.0;5370.5;5350.5;5345.5;5318.5;5310.0;5326.5;5339.0;5338.5;5330.5;5311.0;5328.5;5328.5;5346.5;5364.0;5345.0;5346.0;5322.0;758694;517790;527298;423275;371186;287196;326897;276895;185452;185931;136218;112249;95777;106379;1
2022-11-22;0.021856178134696112;0.7453027139874739;-0.04175103738038148;-0.5000000000000004;0.8660254037844384;-0.9945218953682733;-0.10452846326765423;0.7818314824680298;0.6234898018587336;110500;111055;110720;110255;109950;109450;109785;111425;111120;111145;110625;110000;109885;110390;110490;110245;109705;109940;109135;109390;109760;111050;110715;110260;109950;109445;109780;109895;2030188;2631344;2697009;1889919;1650075;1730832;1621351;871445;1029385;966831;657909;543759;533966;510014;5321.0;5320.5;5333.5;5351.5;5357.0;5365.0;5368.5;5326.5;5352.5;5377.0;5361.5;5370.5;5370.0;5374.5;5290.5;5310.5;5310.5;5340.0;5352.5;5350.5;5352.5;5320.5;5334.0;5352.0;5357.0;5365.0;5368.0;5368.5;644475;688412;672164;390257;248363;237576;220768;254126;237038;221905;122812;81130;79762;73115;0
2022-11-23;0.02592760180995475;0.49040139616055844;-0.04106841538441414;-0.5000000000000004;0.8660254037844384;-0.9945218953682734;0.10452846326765299;0.9749279121818236;-0.22252093395631434;109965;108915;109035;109265;109390;108745;109055;110175;109535;109535;110020;109465;109325;109110;108705;108670;108890;109220;108540;108725;108600;108915;109035;109260;109385;108745;109060;108760;1798129;2601586;2542474;2158398;1805475;1769017;1581327;732671;923223;837132;709982;568313;558045;474590;5352.5;5391.0;5406.5;5392.0;5393.5;5400.0;5391.5;5399.0;5420.0;5414.0;5402.5;5412.5;5408.0;5407.5;5352.0;5383.0;5388.0;5372.0;5387.5;5383.0;5390.0;5390.5;5406.0;5392.0;5393.0;5399.5;5391.0;5403.5;511956;598407;450398;380652;322135;267240;194964;201412;204776;151227;128237;103174;88017;62080;1
2022-11-24;0.01486836720774792;1.1253822629969419;-0.03368701194103022;-0.5000000000000004;0.8660254037844384;-0.9510565162951536;0.30901699437494723;0.43388373911755823;-0.900968867902419;110380;110440;110955;112570;112245;112100;112605;110645;111085;112755;113425;112670;112935;112945;110055;110190;110830;112125;111900;112060;112460;110435;110955;112575;112240;112100;112600;112685;1715149;2264031;2909807;1869910;1479507;1431882;845516;700947;837785;970978;598131;432531;444035;307550;5324.0;5329.5;5323.0;5317.0;5319.0;5332.5;5329.0;5341.0;5343.5;5328.5;5327.0;5337.0;5348.0;5331.0;5308.5;5321.0;5307.0;5307.0;5311.5;5325.0;5310.5;5329.0;5323.5;5317.0;5318.5;5332.5;5329.5;5315.0;571353;345488;413441;280925;172928;191730;136912;219494;128907;138433;85985;54933;62139;48111;0
2022-11-25;0.03053089327776771;0.6602373887240356;-0.01567917523242613;-0.5000000000000004;0.8660254037844384;-0.8660254037844386;0.5000000000000001;-0.433883739117558;-0.9009688679024191;112280;112510;111490;111085;111225;110475;110170;113035;112765;111700;111415;111625;110480;110230;112210;111355;110930;110835;110455;109640;109110;112510;111490;111080;111225;110475;110180;109295;1851223;2513516;2277368;1665886;1826934;1974320;1325423;742432;894010;756521;512330;556530;611006;454167;5323.5;5326.5;5366.0;5362.0;5364.0;5390.5;5392.0;5344.0;5370.0;5366.0;5377.5;5397.0;5420.5;5430.0;5310.0;5324.0;5349.5;5360.5;5351.5;5382.5;5387.0;5327.0;5366.5;5362.5;5364.5;5390.5;5391.5;5418.5;503752;556586;366613;253984;384899;539745;296505;189243;190401;115101;80560;111612;147749;88139;1
2022-11-28;0.03495724973281083;-0.14267515923566879;-0.04589881517420807;-0.5000000000000004;0.8660254037844384;-0.40673664307580015;0.913545457642601;0.0;1.0;108550;109595;109470;109730;109765;109680;109490;109825;109830;109940;110075;109945;109855;109810;107915;108915;109105;109525;109595;109405;109320;109590;109470;109730;109765;109680;109485;109400;2038340;2637715;2336325;1560470;947757;1159068;1239677;830896;993328;782792;498476;296640;357615;362372;5427.0;5380.5;5379.0;5393.5;5375.5;5372.5;5360.5;5435.5;5396.0;5402.5;5397.0;5381.0;5384.5;5373.0;5378.5;5368.5;5369.5;5374.0;5368.5;5351.5;5352.5;5380.0;5378.5;5393.5;5376.0;5372.5;5360.0;5369.0;620206;506972;468101;256605;143617;248984;200052;219187;175431;152758;81943;47633;84004;64085;0
2022-11-29;0.019898664210041456;1.0347222222222223;-0.029171137782341316;-0.5000000000000004;0.8660254037844384;-0.20791169081775898;0.9781476007338057;0.7818314824680298;0.6234898018587336;110150;109995;110215;111685;112400;112535;112390;110750;110290;111845;112470;112835;112600;112510;109890;109755;110075;111510;112175;112220;112195;110000;110215;111680;112400;112535;112390;112405;1754723;2306464;2626523;1822770;1702878;1203359;1138985;683188;846346;884991;579469;518173;371493;337155;5330.0;5314.5;5317.5;5296.5;5301.0;5295.5;5294.0;5336.5;5324.5;5327.5;5307.0;5311.0;5306.5;5295.5;5294.5;5303.0;5294.5;5294.0;5280.0;5287.0;5280.5;5314.0;5317.5;5297.5;5301.0;5295.5;5294.0;5283.5;632802;433450;450643;299157;409816;256256;216707;225212;145067;140926;88613;118287;77998;67516;0
2022-11-30;0.02796187017703132;0.7288961038961039;-0.01050018332251068;-0.5000000000000004;0.8660254037844384;-1.133107779529596e-15;1.0;0.9749279121818236;-0.22252093395631434;112000;111520;111925;112475;112065;111920;110985;112495;112285;112600;112675;112320;112020;112050;111490;111320;111845;111935;111845;110600;110950;111525;111925;112470;112060;111920;110985;111795;1876193;2545039;2452584;1991714;1350749;1938969;2501140;743858;958554;830420;676200;447861;619703;874276;5295.0;5332.0;5343.0;5310.5;5292.0;5286.5;5281.5;5337.5;5348.5;5344.0;5318.0;5297.0;5297.0;5285.0;5276.0;5325.5;5307.5;5283.5;5280.0;5281.5;5230.0;5331.5;5343.0;5310.5;5292.5;5286.0;5281.5;5244.5;582912;491295;466853;542010;290184;268284;605162;208234;157363;145793;140792;74700;76952;177636;1
2022-12-01;0.021875;0.7755102040816326;-0.004151581407288725;-2.4492935982947064e-16;1.0;0.20129852008866006;0.9795299412524945;0.43388373911755823;-0.900968867902419;112500;112040;111910;112335;111400;111245;111285;112690;112345;112450;112415;111535;111510;111625;111820;111580;111800;111020;111085;110905;111140;112040;111910;112340;111405;111240;111295;111590;1553523;2659997;2195897;2273994;1438603;1572470;1566176;620591;1017119;759360;773572;462003;501947;480902;5222.0;5242.0;5237.0;5203.5;5217.5;5218.5;5227.0;5247.5;5246.5;5240.5;5242.0;5222.0;5234.0;5230.5;5210.0;5221.0;5194.0;5198.5;5207.5;5204.5;5212.0;5242.0;5237.0;5203.5;5217.5;5218.0;5226.5;5222.5;469989;553778;552880;487092;277495;326421;276172;179689;204190;183155;154137;90177;99774;85256;0
2022-12-02;0.015866666666666668;0.3333333333333333;-0.010447983066679387;-2.4492935982947064e-16;1.0;0.39435585511331855;0.9189578116202306;-0.433883739117558;-0.9009688679024191;111500;111760;111450;114080;112630;113210;113185;112020;111945;114200;114080;113565;113605;113315;111500;110225;111410;112555;112480;112935;112420;111760;111440;114075;112635;113215;113180;112495;1379068;2809910;3464765;2097022;1594225;1293362;1352282;563403;1107508;1144920;644111;496114;392250;396211;5214.0;5210.0;5224.0;5221.0;5263.0;5242.0;5243.5;5223.0;5267.0;5228.5;5271.0;5267.0;5245.5;5254.0;5193.0;5207.5;5202.5;5212.5;5235.5;5232.0;5235.5;5210.5;5224.0;5220.5;5262.5;5242.0;5243.5;5252.5;443107;738832;555800;507230;260232;151602;125083;163534;262286;187081;153421;82695;49106;41129;1
2022-12-05;0.035650224215246634;0.6515723270440251;0.003998104404589477;-2.4492935982947064e-16;1.0;0.8486442574947509;0.5289640103269624;0.0;1.0;112815;111710;111435;110615;110940;110370;110415;112840;112270;111500;111075;110955;110575;110440;111675;111335;110565;110335;110270;110205;110145;111705;111435;110610;110945;110370;110415;110245;1813549;2756569;2475920;2139848;1475831;1175505;1021871;720786;1029573;827393;691492;469171;371860;309286;5234.5;5273.5;5265.0;5274.0;5283.0;5290.5;5291.0;5276.5;5280.5;5275.5;5292.0;5294.5;5295.0;5306.5;5229.5;5253.0;5251.0;5271.0;5280.5;5278.0;5289.0;5273.0;5265.5;5273.5;5282.5;5290.0;5291.0;5306.5;524712;479810;436183;409463;209498;192538;139536;200979;169942;146681;137166;67571;63301;46152;0
2022-12-06;0.02978327350086425;0.08630952380952381;-0.018826605289326375;-2.4492935982947064e-16;1.0;0.9377521321470804;0.3473052528448203;0.7818314824680298;0.6234898018587336;109770;110465;110290;110650;110450;109955;110055;110490;110680;110925;110870;110545;110315;110075;109680;109675;110000;110145;109950;109885;109405;110465;110290;110645;110445;109955;110050;109880;1902813;2829789;2632113;1933871;1578832;1265027;1998370;737024;1031965;866821;645514;504745;415129;591829;5301.0;5257.0;5279.0;5262.5;5259.5;5267.5;5282.0;5301.5;5292.0;5285.0;5270.0;5268.5;5284.5;5297.5;5255.0;5246.0;5254.5;5255.0;5251.5;5261.0;5279.5;5256.5;5279.5;5262.5;5259.5;5267.5;5281.5;5283.5;567237;726657;490266;304869;229377;240962;287946;190752;218062;155674;89812;64305;72125;90254;0
2022-12-07;0.013847134918465884;0.24013157894736842;-0.016181867883182238;-2.4492935982947064e-16;1.0;0.9884683243281114;0.1514277775045767;0.9749279121818236;-0.22252093395631434;109770;109830;110185;110075;109940;109475;109595;109855;110440;110305;110340;109980;109720;109995;109235;109400;109500;109780;108760;109400;109205;109830;110180;110070;109945;109480;109595;109345;1933698;2781092;2647505;2199445;2152992;1479493;1805778;732796;982994;893471;744673;656321;443082;530801;5291.0;5249.5;5251.5;5236.5;5239.0;5245.0;5230.5;5303.0;5260.0;5253.0;5261.5;5255.0;5245.0;5231.5;5247.5;5242.0;5235.0;5236.5;5237.5;5222.0;5208.0;5249.5;5251.5;5237.0;5239.0;5244.5;5231.0;5228.0;653861;523517;447563;387589;250383;295573;366140;234654;173663;142197;120750;73900;88230;96295;1
2022-12-08;0.015304728067778082;0.40476190476190477;-0.015515260008231026;-2.4492935982947064e-16;1.0;0.9987165071710528;-0.05064916883871264;0.43388373911755823;-0.900968867902419;109440;108865;109200;109230;107855;108095;107840;109745;109445;109300;109295;108175;108100;107920;108415;108590;108730;107735;107255;107595;107615;108865;109200;109235;107855;108095;107840;107705;2037061;2288974;2517809;2201804;1948545;1546104;1415631;791896;813008;823240;714210;592626;477979;401677;5254.5;5255.0;5235.0;5222.5;5235.0;5225.0;5236.5;5277.0;5256.0;5242.5;5244.0;5248.0;5242.5;5245.5;5241.0;5226.5;5221.0;5219.0;5221.5;5216.0;5229.0;5255.0;5235.0;5222.5;5235.0;5225.0;5236.5;5236.5;501873;481558;337679;302263;258043;324214;186760;197459;168518;116976;94409;80479;93484;59948;0
2022-12-09;0.02526498538011696;0.325497287522604;-0.026182405748304077;-2.4492935982947064e-16;1.0;0.9680771188662043;-0.2506525322587204;-0.433883739117558;-0.9009688679024191;107880;108145;107480;108110;108155;108590;108005;108225;108245;108435;108280;108710;108690;108210;107670;107135;107465;107805;108085;107910;107850;108145;107485;108110;108155;108590;108005;108200;1675365;2800185;2091026;1098627;1028801;976625;968062;617888;1004352;712214;394156;349713;320601;317091;5254.0;5260.5;5302.5;5254.0;5250.0;5260.0;5276.0;5275.0;5307.0;5303.5;5256.0;5261.0;5282.0;5280.0;5241.5;5256.0;5251.5;5240.0;5245.5;5259.0;5264.0;5260.5;5302.0;5254.0;5250.0;5260.5;5276.0;5272.5;484551;641081;437379;234455;142348;170258;149671;180745;216884;137608;71657;43871;49448;49402;0
2022-12-12;0.014599555061179088;0.48253968253968255;-0.024603020345066062;-2.4492935982947064e-16;1.0;0.6513724827222223;-0.7587581226927909;0.0;1.0;107895;107195;105470;104265;104205;104620;104995;107895;107615;105670;104970;105045;105110;104995;106990;105445;103765;103940;103970;104620;104545;107195;105465;104265;104205;104625;104990;104695;1766228;3060321;3106510;1836969;1566671;1396176;1305161;699648;1024915;1006183;575922;429514;402782;376970;5262.5;5279.5;5327.5;5347.0;5369.0;5355.5;5347.0;5288.5;5328.0;5363.5;5372.5;5372.0;5356.5;5352.5;5254.0;5275.5;5318.5;5341.0;5347.0;5341.5;5338.5;5280.0;5327.5;5347.5;5369.0;5355.5;5347.0;5341.5;472411;548003;589910;394898;280228;260226;221784;180766;171595;162928;109175;78268;72918;67008;1
2022-12-13;0.03827795541962093;0.29418886198547217;-0.04713496047125884;-2.4492935982947064e-16;1.0;0.48530196253108104;-0.8743466161445821;0.7818314824680298;0.6234898018587336;104980;105655;105870;105850;105780;105510;105250;105755;107000;106510;106390;105980;105620;105605;104810;105380;105230;105650;105185;104780;104780;105655;105870;105855;105780;105510;105250;105040;1840851;2790617;2587146;1824710;1511598;1759590;1530693;775640;1115158;918029;637848;485836;555308;471738;5341.5;5309.0;5294.0;5297.0;5291.5;5289.5;5296.0;5350.0;5320.0;5315.5;5297.5;5305.0;5314.0;5322.5;5304.0;5262.0;5277.5;5265.0;5280.5;5281.5;5290.5;5309.0;5294.0;5297.0;5291.0;5289.5;5296.0;5319.0;570014;659385;564418;439610;317430;303578;233929;221431;243785;185084;141573;97344;101902;78339;0
2022-12-14;0.037197561440274335;0.5236875800256082;-0.04106746684117281;-2.4492935982947064e-16;1.0;0.29936312297335804;-0.9541392564000488;0.9749279121818236;-0.22252093395631434;105140;104575;104985;103970;104325;104090;104930;105470;105065;105060;104335;104340;105065;105765;104065;104280;103905;103635;103890;104055;104790;104580;104985;103970;104320;104090;104925;105485;1661174;2234324;2685786;2035732;1344169;1698068;2288694;690974;826914;913026;671797;453695;521266;745703;5334.5;5355.5;5357.5;5360.5;5340.5;5319.5;5345.5;5390.5;5370.5;5372.5;5370.0;5351.5;5349.0;5346.0;5334.5;5341.5;5346.0;5330.5;5310.5;5311.5;5313.5;5355.5;5357.5;5361.0;5340.5;5319.5;5345.5;5322.5;619522;501452;469263;385885;352754;341852;328033;228446;177391;149955;121441;110405;106148;106367;1
2022-12-15;0.027487159977173294;0.4826989619377163;-0.03995173707675679;-2.4492935982947064e-16;1.0;0.10116832198743272;-0.994869323391895;0.43388373911755823;-0.900968867902419;105030;105080;106090;106990;105945;105775;106475;105330;106650;107630;107020;105970;107220;106590;104700;104850;105880;105425;105580;105755;105690;105075;106090;106985;105945;105780;106475;106155;1521214;2483341;2630991;2196867;1047741;2140187;1649886;611342;988355;876201;703538;344235;677021;507567;5347.5;5305.0;5334.5;5331.5;5348.5;5346.0;5327.5;5348.0;5340.5;5356.0;5365.5;5360.5;5352.0;5335.5;5302.0;5303.0;5326.0;5331.0;5341.5;5298.5;5321.0;5305.0;5334.5;5331.0;5348.0;5345.5;5327.5;5330.5;517680;573629;503673;365420;265200;505376;199882;210964;207215;176953;119458;79957;151795;66536;1
2022-12-16;0.02789679139293535;0.14334470989761092;-0.03732517062248302;-2.4492935982947064e-16;1.0;-0.10116832198743204;-0.9948693233918952;-0.433883739117558;-0.9009688679024191;105120;105525;105375;105205;104530;104385;104415;105545;106010;105520;105225;104780;104565;104550;104850;105095;104500;104125;104345;104110;104280;105530;105375;105200;104525;104385;104415;104350;1548388;2316896;2689218;1904560;1297350;1474104;1170227;615909;839493;956195;665410;443850;482572;356724;5332.0;5311.5;5300.5;5294.0;5296.5;5288.0;5298.5;5347.5;5317.0;5305.5;5305.5;5296.5;5303.5;5316.0;5310.0;5299.0;5287.0;5289.0;5278.0;5285.0;5297.5;5311.5;5300.5;5294.5;5296.5;5288.0;5298.0;5314.5;491522;396414;538820;264957;287736;208065;213807;182223;131157;170010;82503;83057;62861;62834;1
2022-12-19;0.018074581430745813;0.46842105263157896;-0.036270642738643485;-2.4492935982947064e-16;1.0;-0.651372482722222;-0.7587581226927911;0.0;1.0;105000;104970;105235;105345;106130;106405;106535;105120;105785;105920;106550;106610;106670;107045;104195;104680;104860;105325;105890;106180;106405;104970;105230;105345;106130;106405;106535;106705;1649186;2474791;2450598;2016020;1378493;1262064;1523247;652624;875520;864809;689427;456395;414642;490384;5350.0;5325.5;5337.5;5329.5;5315.5;5324.5;5333.0;5353.0;5341.0;5345.5;5339.0;5326.0;5337.0;5335.0;5320.0;5320.0;5327.5;5310.0;5313.0;5320.5;5302.0;5325.5;5337.5;5329.5;5315.5;5324.5;5333.0;5317.5;450898;404483;348196;379572;208493;222055;321274;168040;134821;118643;118630;63521;62423;95632;0
2022-12-20;0.027142857142857142;0.8807017543859649;-0.01877752949506653;-2.4492935982947064e-16;1.0;-0.7907757369376986;-0.6121059825476627;0.7818314824680298;0.6234898018587336;106705;106300;108455;109265;109455;108915;108665;106810;108785;109520;109785;109495;109085;109400;106160;106225;108405;108820;108795;108505;108615;106300;108455;109265;109450;108915;108665;109150;1708572;3688613;3022364;1911389;1683551;1661021;1801842;647454;1248740;1012447;614726;526165;505642;544159;5308.0;5331.5;5274.0;5223.5;5199.0;5211.0;5229.0;5334.5;5335.5;5278.0;5229.5;5212.0;5240.5;5230.0;5301.5;5272.5;5209.5;5189.0;5185.0;5206.0;5207.0;5332.0;5274.0;5223.5;5199.0;5210.5;5228.5;5219.0;401896;694978;839341;438207;376487;344777;256646;147302;212342;224389;122860;100966;97792;79883;0
2022-12-21;0.033972166252752914;0.9793103448275862;0.008966754035039316;-2.4492935982947064e-16;1.0;-0.8978045395707417;-0.44039415155763423;0.9749279121818236;-0.22252093395631434;109710;109205;108270;108675;108935;108615;108990;109810;109780;109030;109200;109565;109160;109315;108865;108175;107760;108460;108585;108585;108695;109210;108275;108670;108935;108615;108995;109215;2112337;3104035;2698135;1895363;1865389;1458751;1374440;835569;1162772;967938;650011;605786;469741;429696;5209.0;5206.5;5207.0;5212.0;5208.0;5204.0;5188.5;5223.5;5208.0;5228.0;5221.5;5217.5;5204.0;5212.5;5195.0;5166.5;5205.5;5199.0;5196.5;5182.0;5185.5;5206.5;5207.0;5212.0;5208.0;5204.0;5188.5;5207.0;531519;712166;541771;306147;235885;323030;275227;189093;214951;163969;96668;72517;89545;77942;0
2022-12-22;0.018685625740588824;0.6048780487804878;0.0023311095069726384;-2.4492935982947064e-16;1.0;-0.9680771188662041;-0.2506525322587213;0.43388373911755823;-0.900968867902419;109000;109555;109180;109070;108890;109370;108780;109560;109875;110220;109350;109645;109460;108985;108995;109110;108805;108775;108825;108735;108190;109550;109180;109075;108895;109370;108785;108315;1666427;2508553;2833173;1754453;1363626;1270362;1791483;669179;952315;1027359;619266;458396;427535;589664;5215.0;5203.5;5214.0;5184.5;5184.5;5173.0;5185.0;5224.5;5231.5;5219.0;5189.0;5186.0;5189.5;5198.0;5196.5;5195.0;5165.5;5171.5;5166.0;5172.0;5182.5;5203.5;5214.5;5184.5;5184.0;5173.0;5185.0;5197.0;389767;506385;570770;266493;227953;201605;230645;146703;174663;182862;82537;69932;58056;66131;1
2022-12-23;0.018623853211009175;0.6748768472906403;0.009137130646230934;-2.4492935982947064e-16;1.0;-0.9987165071710528;-0.05064916883871355;-0.433883739117558;-0.9009688679024191;109560;109850;110670;111090;111300;111380;111325;110045;111140;111450;111825;111565;111525;111550;109285;109685;110565;110850;111160;111190;111105;109850;110675;111090;111300;111385;111320;111225;1670515;2781869;2139913;1630888;1052651;930273;1008181;660394;1119521;831913;558061;353588;298716;317824;5178.0;5157.0;5167.0;5152.0;5132.0;5141.5;5156.0;5183.0;5182.0;5167.5;5153.0;5142.0;5158.5;5174.5;5141.0;5152.0;5149.0;5121.0;5125.5;5140.5;5155.5;5157.0;5167.5;5152.5;5132.0;5141.5;5155.5;5167.5;475361;423563;298251;373981;160565;176623;216788;174742;159519;104645;110166;49730;53829;64900;0
2022-12-26;0.023183643665571376;0.7696850393700787;0.023616613065742798;-2.4492935982947064e-16;1.0;-0.848644257494751;0.5289640103269624;0.0;1.0;111240;111225;110345;110465;110315;110375;110495;111775;111400;110715;110885;110695;110580;110560;111145;110075;109940;110200;110235;110040;110200;111225;110345;110465;110315;110370;110495;110395;1265187;2104231;1422515;971509;679454;703182;583939;542527;855629;586074;394421;273185;286222;227646;5161.5;5182.0;5186.0;5191.0;5195.5;5205.0;5209.0;5195.0;5196.0;5198.0;5201.0;5205.5;5216.5;5212.0;5155.5;5177.0;5184.0;5187.5;5194.0;5204.0;5202.5;5182.5;5186.0;5191.0;5195.0;5205.0;5209.0;5204.5;230430;177725;147071;81723;71180;104175;80346;97272;76635;55679;33166;27694;42833;34216;1
2022-12-27;0.01649586479683567;0.6730245231607629;0.022477490320147887;-2.4492935982947064e-16;1.0;-0.72479278722912;0.6889669190756865;0.7818314824680298;0.6234898018587336;111175;110885;109195;109520;110110;110120;109640;111370;111095;109745;110710;110220;110175;110000;110800;108945;108995;109520;109780;109355;109565;110885;109195;109520;110110;110115;109635;109865;1296836;2840046;1896897;1798560;1307064;1397644;1208765;542315;1005091;660522;567229;423002;424887;372698;5196.5;5274.5;5284.5;5283.5;5291.5;5280.5;5293.5;5277.0;5296.0;5290.0;5293.0;5295.0;5303.5;5294.0;5195.0;5264.0;5270.0;5272.5;5276.0;5279.5;5274.0;5274.0;5284.5;5283.5;5291.5;5280.0;5293.5;5277.0;581943;528781;410713;288844;240942;212374;201823;197049;159975;106052;79713;63841;57915;59248;0
2022-12-28;0.021812457836743872;0.5917525773195876;0.015880612399854586;-2.4492935982947064e-16;1.0;-0.5712682150947924;0.8207634412072763;0.9749279121818236;-0.22252093395631434;110380;110745;111515;111500;111210;111485;111920;110825;111620;111985;111610;111645;112025;112160;110200;110325;111220;110910;111155;111285;111730;110745;111510;111500;111205;111480;111920;111825;1269877;2638578;2489939;1720808;1220842;1447202;1429667;546173;968345;839489;588440;404805;469457;453446;5266.5;5271.0;5273.0;5267.5;5272.0;5268.0;5237.0;5277.0;5289.5;5279.5;5285.5;5278.5;5269.0;5254.0;5255.0;5262.5;5250.5;5263.5;5266.5;5234.5;5228.5;5271.0;5273.0;5267.5;5272.5;5268.0;5237.0;5251.5;369815;404683;364232;259262;152198;255692;230236;139223;136037;114943;75787;43865;70296;66872;1
2022-12-29;0.01893458959956514;0.8995215311004785;0.03191354685755717;-2.4492935982947064e-16;1.0;-0.3943558551133187;0.9189578116202306;0.43388373911755823;-0.900968867902419;112080;112665;112445;111995;111715;111840;111450;112850;112810;112620;112255;112115;111990;111725;111975;112230;111760;111585;111575;111035;111250;112665;112440;111995;111715;111840;111450;111460;1690471;1951547;2261215;1612064;1229905;1525536;1029811;704062;759115;870981;600910;447674;521883;362838;5280.0;5241.5;5230.5;5252.0;5285.0;5288.0;5319.0;5298.5;5246.5;5256.5;5290.0;5289.5;5338.0;5330.0;5239.0;5225.0;5229.0;5247.5;5269.5;5284.5;5302.0;5242.0;5230.5;5251.5;5285.0;5288.5;5319.5;5318.0;447009;345980;307911;285112;220223;334788;286910;161358;110241;98685;88715;76190;99515;81181;1
2023-01-02;0.01757673090649536;-0.2436548223350254;0.016698630357755435;0.49999999999999994;0.8660254037844387;0.39435585511331855;0.9189578116202306;0.0;1.0;110400;109465;108000;107770;108005;107705;107590;110585;109595;108130;108030;108225;107960;107765;109350;107790;107265;107495;107645;107440;107320;109465;108000;107770;108000;107710;107585;107555;1103964;2035419;1532807;753028;849001;917231;871510;480082;784229;583629;280392;319356;337734;319050;5327.0;5383.5;5392.5;5379.0;5372.0;5373.5;5393.0;5393.5;5395.5;5397.0;5384.5;5373.5;5394.5;5397.0;5320.5;5365.5;5374.0;5368.5;5360.0;5369.0;5382.5;5383.0;5393.0;5379.0;5372.0;5373.0;5393.5;5390.5;416392;321148;262468;140954;154766;139446;125216;160673;116836;92524;46956;53076;47497;47646;1
2023-01-03;0.030072463768115943;0.2063253012048193;-0.003645761225714154;0.49999999999999994;0.8660254037844387;0.5712682150947923;0.8207634412072763;0.7818314824680298;0.6234898018587336;107950;107555;107030;107305;107390;106600;106575;108045;107890;107780;107465;107525;107145;106865;107005;106505;106480;106710;106420;106285;106475;107555;107025;107305;107395;106595;106580;106630;2476689;3074601;2568148;1822959;1672425;1724600;1222724;953366;1149199;897971;613341;550237;535570;374130;5423.0;5382.5;5402.5;5404.5;5428.0;5457.0;5469.5;5438.5;5413.0;5414.5;5445.5;5457.5;5472.0;5488.0;5370.5;5381.0;5390.0;5403.0;5425.0;5445.5;5461.5;5383.0;5402.5;5405.0;5428.0;5456.5;5469.0;5482.5;688505;493894;392577;521499;331101;309084;275716;257137;174531;136801;154733;104595;94156;88329;0
2023-01-04;0.028485409911996294;0.1886178861788618;-0.02377891436446204;0.49999999999999994;0.8660254037844387;0.7247927872291199;0.6889669190756866;0.9749279121818236;-0.22252093395631434;105550;105775;105840;105730;106170;106475;106905;105925;106300;105975;106175;107070;107020;107050;105425;105455;105265;105150;106160;106450;106610;105780;105835;105735;106170;106475;106905;106845;1678927;2866834;2547221;2388510;2227313;1695465;1242471;675508;1073529;887152;794477;731251;535344;403231;5475.0;5478.5;5468.5;5491.5;5486.5;5474.5;5481.0;5500.0;5485.5;5495.5;5509.0;5488.5;5493.0;5486.0;5465.5;5457.0;5465.0;5485.0;5455.5;5467.0;5470.5;5478.5;5468.5;5491.0;5486.5;5475.0;5481.0;5480.0;572194;480825;423441;442370;400208;277054;188922;216692;160589;141741;144637;124674;83506;57286;0
2023-01-05;0.018190431075319754;1.109375;-0.006033933638311425;0.49999999999999994;0.8660254037844387;0.8486442574947509;0.5289640103269624;0.43388373911755823;-0.900968867902419;107280;107430;106975;107580;108420;108305;108720;107505;107675;107815;108535;108670;108810;109140;106980;106650;106875;107225;108285;108170;108605;107430;106975;107575;108420;108310;108720;108810;1659878;2633683;2461861;2299100;1247168;1350509;1422953;605762;935545;827440;716113;381604;392824;414684;5454.0;5413.5;5442.5;5430.0;5431.0;5415.0;5399.5;5459.5;5444.5;5446.5;5440.0;5431.5;5418.0;5406.0;5398.5;5407.0;5418.0;5413.5;5404.0;5398.5;5381.0;5413.5;5442.5;5430.5;5431.0;5414.5;5399.5;5396.0;579286;512489;417368;367763;306295;216597;301888;205768;177407;137063;114770;93368;67920;94027;1
2023-01-06;0.0244220730797912;0.916030534351145;0.010571382898129679;0.49999999999999994;0.8660254037844387;0.9377521321470804;0.3473052528448203;-0.433883739117558;-0.9009688679024191;109050;109165;110475;109350;110145;110100;110105;109370;110815;110550;110245;110210;110335;110175;108845;109070;109260;109125;109820;109930;109760;109160;110475;109350;110145;110095;110105;109905;1461452;3038855;2362292;1935437;1248556;1166076;1096585;575563;1112595;782500;636974;395214;370661;335579;5390.0;5369.0;5309.0;5319.0;5278.5;5282.0;5278.5;5397.5;5374.5;5330.0;5319.0;5286.0;5283.0;5280.5;5362.0;5297.5;5302.0;5273.5;5275.0;5272.5;5260.5;5369.5;5309.0;5319.0;5278.5;5282.0;5278.5;5272.5;513978;857264;429076;527470;197821;200318;275986;182449;256598;133243;150992;57536;56375;71608;1
2023-01-09;0.01806510774873911;0.24873096446700507;0.01160474922685122;0.49999999999999994;0.8660254037844387;0.9680771188662043;-0.2506525322587204;0.0;1.0;109335;109920;109800;109865;110480;110955;110950;110080;110515;110260;110815;111285;111135;111295;108800;109505;109560;109600;110190;110705;110790;109915;109795;109870;110475;110955;110945;110915;1603797;2673963;2352343;1884151;1893268;1404442;1426250;627325;971697;791411;608955;623936;457473;451368;5305.0;5301.0;5319.5;5334.0;5315.0;5290.0;5277.5;5321.0;5321.0;5334.0;5334.0;5317.5;5296.0;5289.5;5273.0;5286.0;5310.5;5308.0;5283.0;5276.5;5271.5;5301.5;5319.5;5334.0;5315.0;5290.5;5277.5;5285.0;571319;529253;448065;342250;366392;260282;256072;211181;188191;144402;100931;111760;86972;84053;0
2023-01-10;0.02281977408880962;0.3807615230460922;0.014304231196671048;0.49999999999999994;0.8660254037844387;0.8978045395707416;-0.4403941515576344;0.7818314824680298;0.6234898018587336;109750;109690;109985;110620;110705;111010;111240;109960;110170;110940;110765;111140;111275;112150;109415;109375;109965;110180;110635;110890;111170;109690;109980;110615;110705;111010;111235;112095;1821273;2345104;2978278;1888619;1439829;1123472;1773300;685602;834186;986342;613466;471497;347704;502193;5281.0;5286.0;5279.0;5251.0;5251.0;5240.0;5244.5;5300.0;5297.5;5279.5;5269.5;5252.5;5246.0;5247.5;5262.5;5271.5;5242.0;5247.0;5235.0;5235.0;5228.0;5285.5;5279.0;5251.0;5251.0;5240.0;5244.5;5229.0;513571;361076;579131;324016;267030;160203;238747;208001;134402;190089;101940;82004;50645;71194;1
2023-01-11;0.028428246013667426;0.8253205128205128;0.03124122017161254;0.49999999999999994;0.8660254037844387;0.7907757369376989;-0.6121059825476626;0.9749279121818236;-0.22252093395631434;111950;111845;112220;112595;112275;112435;112705;112210;113040;112735;112635;112505;112905;112710;111760;111755;111960;112030;112220;112305;112305;111845;112225;112600;112270;112440;112700;112565;1751765;3327007;2606635;1466524;1183930;1328149;1379528;634626;1109001;852131;485212;385860;405485;408536;5224.5;5242.0;5221.5;5211.5;5224.0;5217.0;5188.5;5256.0;5242.5;5231.5;5233.0;5230.0;5224.0;5203.0;5212.5;5208.5;5211.0;5211.0;5215.5;5183.5;5184.5;5242.5;5221.0;5211.0;5224.0;5217.0;5189.0;5200.5;523894;703311;375622;304795;191943;388308;349671;192456;224111;124442;88326;56405;106861;92748;1
2023-01-12;0.02175078159892809;0.5934291581108829;0.0377966074502245;0.49999999999999994;0.8660254037844387;0.6513724827222223;-0.7587581226927909;0.43388373911755823;-0.900968867902419;113200;113215;112880;112130;113070;113855;113780;113640;113515;113010;113190;113995;114070;113825;112930;112300;111940;111695;112985;113430;113320;113210;112885;112130;113070;113860;113780;113690;1708678;3431413;2581244;2148841;1780088;1472340;1198244;663890;1341434;923470;730236;603371;486689;407185;5188.0;5174.0;5141.0;5168.0;5154.5;5131.0;5110.5;5198.0;5206.5;5182.0;5192.5;5155.0;5133.5;5113.0;5165.5;5130.5;5137.5;5150.0;5128.5;5102.5;5088.0;5174.5;5141.0;5168.0;5154.5;5131.5;5110.5;5100.0;502103;874609;550054;522617;344772;360420;331908;187891;308588;167784;150028;105374;104331;92227;0
2023-01-13;0.020980565371024735;0.3936842105263158;0.029113128890411743;0.49999999999999994;0.8660254037844387;0.48530196253108104;-0.8743466161445821;-0.433883739117558;-0.9009688679024191;112630;111850;111965;112160;112115;112230;112110;112895;112215;112460;112215;112290;112365;112350;111735;111405;111515;111830;111715;111945;111945;111850;111965;112160;112120;112230;112110;112095;1977974;2734308;2264588;1503086;1396963;1164363;1005296;712275;949032;777172;508758;441300;352282;301365;5129.5;5161.5;5135.0;5116.5;5110.5;5113.5;5108.5;5172.5;5168.0;5139.5;5126.5;5125.5;5114.5;5117.0;5127.5;5116.5;5107.0;5107.5;5102.0;5096.0;5104.5;5162.0;5135.5;5116.0;5110.5;5114.0;5108.5;5113.0;523965;579328;383639;306235;283436;284291;216554;195941;190407;129932;95573;86340;83281;65708;0
2023-01-16;0.013229157418094646;-0.20469798657718122;0.012293765646248431;0.49999999999999994;0.8660254037844387;-0.10116832198743204;-0.9948693233918952;0.0;1.0;111100;111070;110990;110465;110405;110420;110400;111640;111435;111040;110475;110470;110585;110400;110930;110700;109975;109855;110190;110130;109705;111065;110990;110465;110405;110420;110400;109925;1519489;2403414;2393828;1369500;862072;940718;1182647;584250;861617;793333;463672;297580;307872;400096;5139.0;5124.5;5131.0;5137.0;5125.0;5136.0;5141.0;5148.0;5133.0;5147.0;5148.0;5139.0;5146.0;5170.5;5110.0;5116.5;5125.0;5124.0;5124.0;5133.5;5141.0;5124.0;5131.0;5137.0;5125.0;5136.0;5141.0;5165.0;432421;308728;309044;236331;159775;123740;278327;174517;117479;111882;76708;50797;40974;89147;1
2023-01-17;0.017416741674167416;0.1524547803617571;-0.00011816785289011298;0.49999999999999994;0.8660254037844387;-0.2993631229733582;-0.9541392564000488;0.7818314824680298;0.6234898018587336;110000;110490;111235;111685;111775;112265;112145;110560;111710;111840;111865;112385;112290;112190;109940;110455;111065;111550;111715;111995;111780;110490;111240;111690;111780;112260;112150;111850;1757074;2621581;2383867;1543784;1399161;834916;867244;660478;906505;793093;488124;423461;247252;263638;5169.5;5144.5;5135.0;5136.0;5126.0;5113.5;5117.0;5173.5;5150.0;5145.0;5141.0;5134.0;5125.0;5127.0;5139.0;5131.0;5126.0;5120.0;5110.5;5111.5;5114.5;5144.5;5135.0;5135.5;5126.0;5113.5;5117.0;5124.5;597893;463700;446660;350690;267503;191275;151448;229377;157427;141934;109275;83098;61523;49533;1
2023-01-18;0.024727272727272726;1.0955882352941178;0.02375572020788805;0.49999999999999994;0.8660254037844387;-0.4853019625310808;-0.8743466161445822;0.9749279121818236;-0.22252093395631434;112920;113675;113710;113675;113935;113835;113285;113795;114015;114120;114340;114045;113900;113930;112830;113285;113500;113545;113450;113100;113155;113675;113710;113670;113935;113830;113280;113665;1957899;2826438;2395362;2169505;1855851;1721896;1581538;720147;1014322;807898;705493;578939;538153;492435;5106.0;5107.0;5086.5;5095.0;5110.5;5142.0;5173.0;5113.0;5115.0;5102.0;5115.0;5150.5;5186.5;5180.5;5083.5;5078.0;5081.0;5087.0;5107.0;5140.0;5165.5;5107.0;5086.5;5095.5;5110.5;5142.0;5173.0;5175.5;552095;615837;460600;383383;461337;521352;215264;202252;207710;146581;119014;141511;145810;67703;0
2023-01-19;0.013416578108395324;-0.7095709570957096;0.011465538893904732;0.49999999999999994;0.8660254037844387;-0.651372482722222;-0.7587581226927911;0.43388373911755823;-0.900968867902419;111750;111795;113155;112915;112880;112690;112935;112000;113295;113545;113210;112915;113090;113740;111505;111775;112790;112695;112390;112690;112765;111800;113155;112910;112875;112695;112930;113635;1514084;2962740;2159720;1669376;1515929;1115968;1790285;592830;1055848;734609;558343;511485;374214;586577;5260.0;5233.0;5208.0;5223.5;5231.0;5235.5;5223.0;5269.0;5234.5;5228.0;5240.0;5242.5;5236.0;5227.0;5220.0;5196.0;5195.0;5215.0;5226.0;5219.0;5186.0;5233.0;5208.0;5223.5;5231.0;5235.5;5223.0;5187.5;665805;562695;408176;458021;289735;263615;394588;230008;191004;132433;132414;81419;79420;119030;1
2023-01-20;0.02384787472035794;0.8911819887429644;0.028805283151822857;0.49999999999999994;0.8660254037844387;-0.7907757369376986;-0.6121059825476627;-0.433883739117558;-0.9009688679024191;113880;113525;112755;112955;113230;112810;113010;114010;113735;113165;113290;113370;113075;113095;113385;112635;112545;112845;112705;112640;112725;113525;112750;112950;113230;112815;113015;112980;1876644;2917482;1957572;1518875;1386201;1153491;1501843;700097;1021324;674703;505124;413074;339818;446094;5185.5;5191.0;5243.5;5218.5;5212.0;5222.0;5200.0;5213.5;5250.5;5244.5;5227.5;5223.0;5231.0;5214.0;5176.0;5190.5;5216.0;5206.0;5201.0;5194.0;5192.0;5190.5;5243.5;5218.5;5212.0;5222.0;5200.0;5203.5;539177;593713;327263;369964;313681;289002;280233;197805;193796;105479;108918;85127;85613;86634;1
2023-01-23;0.012864418686336495;0.447098976109215;0.0209695603156708;0.49999999999999994;0.8660254037844387;-0.9987165071710528;-0.05064916883871355;0.0;1.0;113200;112905;113490;113315;113550;113230;113265;113355;113880;113540;113635;113765;113470;113290;112655;112860;112615;113155;113090;113060;112895;112905;113485;113315;113555;113225;113260;113130;1762277;2761090;2446046;1844641;1467617;1222138;1271611;708271;1017255;838013;601237;469731;396470;395015;5220.5;5209.5;5214.5;5202.0;5182.0;5199.0;5197.0;5230.5;5219.5;5228.5;5209.0;5202.5;5203.0;5205.0;5200.0;5190.5;5197.5;5178.0;5173.5;5185.0;5194.0;5209.0;5214.0;5202.0;5182.0;5199.0;5197.5;5201.5;503774;480943;453730;425420;350254;313325;205353;177383;165192;153365;131218;100121;89423;63346;0
2023-01-24;0.01417844522968198;-0.1308411214953271;0.01030909246629373;0.49999999999999994;0.8660254037844387;-0.9884683243281114;0.15142777750457667;0.7818314824680298;0.6234898018587336;112065;112795;112870;112725;113105;113190;113055;112920;113400;113605;113300;113370;113255;113185;111870;112455;112705;112635;112845;112945;112955;112795;112865;112725;113105;113190;113055;113030;1661958;2622968;2605666;1713484;1281187;899987;946088;598130;874100;832122;549682;415750;271427;275654;5221.0;5195.0;5186.5;5177.5;5167.0;5149.5;5156.5;5228.5;5196.5;5188.0;5180.0;5169.0;5162.0;5161.0;5187.0;5173.5;5163.5;5160.0;5148.0;5148.0;5152.5;5195.0;5186.5;5178.0;5167.0;5149.5;5156.5;5159.0;452855;442576;462300;313963;306126;167284;132187;153249;139285;153649;93850;79887;50927;40052;1
2023-01-25;0.01900682639539553;0.7535211267605634;0.02146448166134818;0.49999999999999994;0.8660254037844387;-0.9377521321470804;0.3473052528448203;0.9749279121818236;-0.22252093395631434;113475;113630;113170;112925;114595;114315;114380;114065;113875;113340;114665;114905;114680;114785;113200;112685;112670;112585;114275;114285;114275;113635;113170;112920;114600;114315;114380;114615;1569846;2669961;2310661;2461651;1585350;1012330;1141994;616862;925683;789097;814883;506821;322666;353089;5157.5;5119.0;5127.5;5114.5;5078.5;5097.5;5091.5;5158.5;5142.0;5133.0;5116.5;5102.0;5098.0;5092.5;5115.0;5116.0;5110.0;5077.0;5076.0;5087.0;5076.5;5119.5;5127.5;5115.0;5079.0;5097.5;5091.5;5082.0;601909;505624;455469;564839;342311;149266;227529;202706;154564;129632;158782;85235;45934;67931;1
2023-01-26;0.02388191231548799;0.9077490774907749;0.03317669616055572;0.49999999999999994;0.8660254037844387;-0.848644257494751;0.5289640103269624;0.43388373911755823;-0.900968867902419;115045;115280;115015;114675;114460;114525;114595;115530;115585;115470;114990;114730;114775;115075;114955;114680;114420;114400;114375;114270;114520;115280;115015;114675;114460;114520;114595;114745;1821243;2726476;2712766;1821087;1161774;1122055;1342216;688895;999847;897891;576100;365865;341805;403539;5079.0;5109.0;5113.0;5099.0;5088.0;5092.0;5083.5;5113.0;5123.0;5114.5;5104.0;5094.0;5100.0;5088.5;5073.0;5091.0;5079.0;5064.0;5073.0;5079.0;5068.5;5109.0;5113.0;5099.5;5087.5;5092.5;5083.5;5077.5;621452;608746;567279;545670;312057;238816;225480;207328;186742;158708;139559;82033;61189;64045;1
2023-01-27;0.0114303098787431;0.42585551330798477;0.03013570824633368;0.49999999999999994;0.8660254037844387;-0.72479278722912;0.6889669190756865;-0.433883739117558;-0.9009688679024191;114830;114555;114230;113360;112785;112995;113235;115070;114755;114275;113575;113060;113315;113410;114430;114120;113095;112625;112655;112940;113050;114560;114225;113355;112780;112995;113235;113180;1529152;2563604;2391691;1764337;950474;1000916;971876;548465;855016;778248;563972;312517;327461;318779;5092.5;5072.5;5070.5;5089.0;5100.5;5094.5;5105.5;5098.0;5080.0;5093.5;5101.0;5107.0;5107.0;5119.0;5066.5;5060.0;5069.5;5076.0;5090.0;5085.5;5105.0;5072.5;5071.0;5088.5;5100.0;5094.5;5105.0;5110.5;512218;586894;504155;409243;249296;206971;231871;175530;173457;152076;113258;69333;59948;69863;0
2023-01-30;0.02129234520595663;-0.006134969325153374;0.009393879636435346;0.49999999999999994;0.8660254037844387;-0.20129852008866114;0.9795299412524943;0.0;1.0;112610;113400;113195;112720;112870;112825;112870;113445;113625;113300;113220;112995;112970;113195;112400;112615;112690;112610;112665;112670;112660;113400;113200;112715;112870;112825;112865;112835;1633973;2786019;2293687;1753476;1080778;1137824;1306153;612231;996698;787018;573120;349238;364363;408603;5123.0;5102.0;5103.0;5095.5;5095.0;5104.5;5133.5;5129.0;5115.5;5105.5;5102.5;5106.0;5136.0;5134.5;5097.0;5094.5;5085.0;5088.0;5094.5;5103.0;5112.5;5102.5;5102.5;5096.0;5094.5;5104.5;5134.0;5114.5;513928;517359;384754;275123;168023;352055;252386;178683;168406;120944;78767;48872;104896;75060;0
2023-01-31;0.011100257525974603;0.224;0.00723991407771005;0.49999999999999994;0.8660254037844387;-2.4492935982947064e-16;1.0;0.7818314824680298;0.6234898018587336;112655;112820;113420;113840;113920;113745;113765;112995;113505;114095;114050;113965;113940;114015;112490;112725;113420;113570;113535;113725;113705;112815;113425;113835;113915;113745;113760;113870;1280596;2953295;2229472;1329441;1029778;868238;862978;474720;1045211;743099;453906;341570;280619;281638;5166.5;5155.0;5125.5;5108.0;5116.0;5118.5;5114.0;5166.5;5160.0;5126.0;5119.0;5124.0;5119.5;5117.0;5139.0;5123.5;5102.5;5107.0;5110.5;5111.0;5102.0;5154.5;5125.5;5108.5;5115.5;5118.5;5114.5;5106.0;455474;591347;467203;264830;264454;134478;247843;159669;187189;135010;68343;69355;39779;67723;1
2023-02-01;0.015756069415472015;0.7718309859154929;0.013943278484873447;0.8660254037844386;0.5000000000000001;0.2225209339563144;0.9749279121818236;0.9749279121818236;-0.22252093395631434;113860;113775;113055;112560;112185;112110;111455;114080;114110;113170;112580;112465;112225;111900;113640;113000;112475;112050;112065;111155;111365;113775;113050;112555;112190;112115;111450;111790;1427909;2848926;2174418;1682451;1068209;1850569;1306621;531799;1007907;751520;563443;336164;557539;396097;5085.0;5091.0;5086.5;5099.5;5099.0;5098.5;5123.0;5095.0;5094.5;5103.0;5113.5;5103.5;5135.5;5127.5;5079.0;5075.0;5079.0;5095.0;5094.0;5093.0;5105.0;5090.5;5087.0;5099.0;5098.5;5098.5;5123.5;5107.5;436688;483462;479953;365754;162568;348178;258846;155827;148805;144623;105315;43720;100498;69172;1
2023-02-02;0.02595292464430002;0.3197969543147208;-0.004327754696912839;0.8660254037844386;0.5000000000000001;0.4338837391175581;0.9009688679024191;0.43388373911755823;-0.900968867902419;112100;111545;112980;111825;111620;111675;111750;112160;113445;113120;111910;111755;111875;111825;110995;111510;111675;110865;111285;111555;111195;111540;112975;111825;111620;111675;111750;111275;1870098;3000567;2512165;2434552;1301999;1267169;1163176;732412;1085194;838061;778375;421062;379653;357396;5053.0;5037.5;4996.5;5006.5;5019.5;5042.0;5030.0;5058.5;5038.0;5019.0;5030.5;5050.5;5042.5;5068.0;5025.0;4963.5;4990.5;5005.0;5015.0;5022.0;5024.0;5037.5;4996.0;5007.0;5019.5;5042.5;5030.0;5063.0;648553;895571;504957;481354;378639;282561;290057;208722;270406;158251;133579;102254;80264;86931;0
2023-02-03;0.02983942908117752;-0.07473841554559044;-0.024816792503917155;0.8660254037844386;0.5000000000000001;0.6234898018587335;0.7818314824680298;-0.433883739117558;-0.9009688679024191;109850;109975;110095;110510;110160;109885;109825;110150;110420;110965;110770;110320;110180;109840;109405;109375;110040;109945;109835;109730;109170;109970;110095;110520;110160;109890;109820;109455;1898491;2854924;2562491;2032377;1337630;1209784;1601703;699858;1094677;864505;689025;450677;389210;522961;5119.5;5090.5;5128.0;5124.5;5139.0;5155.5;5143.5;5142.0;5139.0;5136.0;5148.5;5158.5;5157.5;5156.0;5079.5;5070.5;5109.0;5124.5;5136.0;5139.5;5143.0;5090.5;5128.5;5123.5;5139.5;5156.0;5144.0;5155.5;820912;668388;471934;516091;240057;220616;175388;261632;224036;150991;136031;69096;63062;51877;0
2023-02-06;0.02275830678197542;-0.046;-0.03737661806906723;0.8660254037844386;0.5000000000000001;0.9749279121818236;0.22252093395631445;0.0;1.0;108350;108395;108285;108105;108225;108295;108300;108550;108840;108575;108270;108625;108480;108765;108115;107995;107795;107700;108130;108195;108105;108395;108290;108105;108225;108300;108300;108705;1459125;2998171;2846757;2003091;1571169;1261871;1785492;576217;1057969;959377;661444;509104;408615;554333;5181.5;5179.5;5193.0;5210.5;5214.0;5222.5;5224.5;5206.0;5200.5;5211.5;5228.5;5225.0;5233.5;5226.0;5178.0;5172.0;5187.5;5206.5;5206.5;5220.0;5196.0;5179.5;5193.0;5210.5;5213.5;5222.5;5225.0;5199.5;538850;545287;459635;449460;247404;248243;319210;187791;177180;146261;119155;72255;73928;93473;1
2023-02-07;0.01439778495616059;1.060897435897436;-0.027925313231967216;0.8660254037844386;0.5000000000000001;1.0;6.123233995736766e-17;0.7818314824680298;0.6234898018587336;109355;109145;108895;108585;108090;108035;108575;109695;109260;109105;108615;108300;108755;108640;109075;108280;108220;107850;107955;107725;107435;109145;108900;108585;108095;108040;108575;107845;1810574;3301329;2594130;1877977;1243557;1984591;2367831;689926;1196569;887700;615633;402274;683793;862353;5160.0;5169.5;5187.0;5204.5;5206.5;5205.5;5177.0;5178.0;5199.0;5216.5;5226.0;5209.5;5216.0;5224.5;5156.0;5151.0;5184.5;5201.0;5193.5;5168.5;5175.0;5169.0;5187.0;5205.0;5206.5;5205.0;5176.5;5217.5;481377;769073;457269;357456;278002;406697;505042;168051;251158;146911;105530;83144;130330;163158;1
2023-02-08;0.020666636184902384;0.47123893805309736;-0.03389815416670377;0.8660254037844386;0.5000000000000001;0.9749279121818236;-0.22252093395631434;0.9749279121818236;-0.22252093395631434;108500;108955;108890;109275;109090;109165;109180;109275;109155;109555;109510;109480;109365;110035;108450;108615;108530;108820;108650;108865;109165;108960;108885;109275;109090;109160;109180;109835;1807849;2805052;2940366;1848746;1804225;1246563;1975325;664489;945797;956120;626589;587329;415421;620035;5210.0;5197.5;5205.0;5223.5;5244.0;5236.0;5233.0;5212.0;5216.5;5228.0;5254.0;5262.5;5243.5;5234.0;5183.0;5196.5;5204.0;5216.5;5231.0;5228.5;5209.5;5197.5;5204.5;5223.0;5243.5;5236.5;5233.5;5217.5;458497;469815;465101;434181;445396;262829;311603;160369;160890;153939;126831;124218;76108;92295;1
2023-02-09;0.018755760368663596;1.1769041769041768;-0.011455504572837656;0.8660254037844386;0.5000000000000001;0.9009688679024191;-0.43388373911755806;0.43388373911755823;-0.900968867902419;110845;110170;110155;108755;109000;108870;109060;110870;110175;110215;109185;109115;109455;109075;110040;109555;108720;108665;108540;108825;108360;110165;110160;108755;109000;108870;109060;108545;1604120;2481502;2994923;1658477;1459253;1545318;1752260;602445;880229;1028802;553235;465986;479537;546476;5200.0;5223.5;5198.0;5287.0;5276.0;5271.0;5258.0;5241.0;5236.0;5294.5;5292.0;5290.0;5272.5;5281.5;5189.0;5197.5;5197.0;5271.5;5261.5;5246.0;5250.0;5224.0;5198.5;5287.0;5276.5;5271.0;5258.0;5279.0;643715;525620;972495;360689;314007;320867;346422;225154;168501;286079;103831;91639;90247;98565;0
2023-02-10;0.026613739907077452;-0.09152542372881356;-0.03784921537564324;0.8660254037844386;0.5000000000000001;0.7818314824680299;-0.6234898018587335;-0.433883739117558;-0.9009688679024191;107650;107425;108575;108115;107915;107890;107990;107770;108800;108675;108300;108130;108060;108260;107120;107380;107895;107815;107720;107770;107850;107425;108575;108120;107915;107890;107995;107985;1826609;3028668;2307581;1811427;1133202;1156869;1368150;671538;1014805;737555;574347;362624;352230;405389;5321.0;5281.5;5264.5;5271.0;5263.0;5268.0;5255.0;5323.5;5284.5;5277.5;5278.0;5276.5;5272.5;5261.0;5278.5;5260.5;5243.0;5258.0;5254.5;5251.5;5230.0;5281.5;5264.0;5271.0;5263.5;5268.5;5255.0;5247.5;565314;491052;514414;314842;253537;258983;343032;189568;161756;156775;93834;67767;75154;101879;1
2023-02-13;0.015606130980027869;0.6279761904761905;-0.0314536924289091;0.8660254037844386;0.5000000000000001;0.2225209339563141;-0.9749279121818237;0.0;1.0;108175;107915;107730;109180;108900;109120;109000;108205;108050;109250;109290;109135;109350;109095;107730;107470;107510;108860;108750;108940;108780;107915;107725;109180;108895;109120;108995;108970;1458168;2503341;3158619;1491017;910848;1238062;1100017;541973;867187;979339;465138;287770;367271;322306;5238.0;5205.5;5219.5;5179.0;5183.5;5196.0;5193.0;5242.5;5230.0;5223.0;5189.0;5203.0;5200.0;5199.5;5203.0;5204.0;5178.5;5172.5;5181.0;5182.5;5181.0;5205.5;5219.5;5179.0;5183.5;5195.5;5192.5;5192.0;507013;448098;615967;342639;289579;220565;197422;183560;151758;186193;92616;74555;68145;63353;0
2023-02-14;0.017379246591171713;1.0;-0.020580352044712053;0.8660254037844386;0.5000000000000001;1.2246467991473532e-16;-1.0;0.7818314824680298;0.6234898018587336;109350;109405;108950;109270;108135;108145;107935;109745;109700;109295;109345;108330;108215;108250;109260;108550;108455;108055;107885;107730;107860;109410;108945;109275;108135;108150;107935;107865;1504387;3580447;2761225;2186228;1431154;1421522;1455394;557534;1244254;894721;659449;456389;429534;422243;5167.0;5163.0;5154.5;5161.5;5169.5;5185.0;5230.5;5178.0;5187.0;5193.0;5178.0;5194.5;5240.0;5231.0;5154.5;5140.0;5147.5;5151.5;5158.0;5183.5;5205.5;5162.5;5154.5;5161.5;5169.5;5184.5;5230.0;5221.0;517536;956620;706410;450806;341912;511959;336612;175880;316825;222580;130412;97539;144989;94628;0
2023-02-15;0.02007315957933242;1.0250569476082005;-0.014453338000767434;0.8660254037844386;0.5000000000000001;-0.22252093395631384;-0.9749279121818237;0.9749279121818236;-0.22252093395631434;109800;109225;109715;110485;110855;110725;111420;109920;110365;110850;110980;110915;111430;112050;109145;109005;109645;110370;110570;110620;111335;109225;109710;110480;110855;110725;111420;111855;1342942;2830032;2105667;1400191;1006715;1410519;1726604;460026;888059;665904;440705;297352;404769;474021;5209.5;5226.0;5233.5;5232.0;5241.5;5228.0;5236.0;5230.5;5249.5;5240.0;5248.5;5242.5;5244.5;5239.0;5201.0;5219.0;5202.0;5214.5;5220.5;5227.0;5221.5;5226.0;5233.0;5232.5;5241.5;5228.0;5236.5;5228.5;481248;704396;585785;442243;244731;281993;233900;168253;227779;176845;127459;70543;82053;74030;0
2023-02-16;0.02818761384335155;0.8190630048465266;0.0018547876425334692;0.8660254037844386;0.5000000000000001;-0.433883739117558;-0.9009688679024191;0.43388373911755823;-0.900968867902419;111540;110760;110985;110300;110500;110585;110830;111785;110995;111180;110700;110835;110895;111590;110670;110410;110075;110075;110355;110460;110825;110760;110985;110300;110495;110585;110825;111410;1582918;2670328;2429271;1787066;1301165;1400025;2086379;575021;921071;748277;545241;392901;402456;566922;5215.0;5252.5;5258.5;5254.0;5247.0;5241.5;5239.0;5259.0;5270.5;5267.5;5262.5;5254.5;5245.0;5239.0;5206.5;5245.0;5251.5;5242.5;5239.0;5234.0;5209.5;5252.5;5258.0;5253.5;5247.5;5242.0;5239.0;5219.0;588328;547337;384797;368595;266584;205241;440978;205405;180096;108055;106442;70524;54498;118666;1
2023-02-17;0.019544558006096467;0.536697247706422;-0.0001977225951989359;0.8660254037844386;0.5000000000000001;-0.6234898018587338;-0.7818314824680296;-0.433883739117558;-0.9009688679024191;111245;111220;111285;111010;111050;111230;111260;111320;111370;111440;111635;111275;111525;111375;110940;110690;110675;110980;110930;111175;111040;111220;111285;111005;111050;111235;111255;111165;1403557;2477632;2589983;2180011;1228504;1261619;1078092;490420;857243;826283;694056;375324;378099;319599;5243.5;5225.5;5216.5;5212.5;5198.0;5186.5;5174.0;5262.0;5234.5;5222.0;5213.0;5201.0;5186.5;5185.5;5223.5;5212.5;5206.5;5191.5;5179.0;5157.5;5165.0;5225.5;5216.5;5212.5;5198.0;5186.0;5174.0;5168.0;499110;403433;399686;461815;280641;361461;283245;171320;131424;112224;120791;76408;97951;77436;1
2023-02-23;0.01492469399827092;0.5091463414634146;-0.016632794228316757;0.8660254037844386;0.5000000000000001;-0.9009688679024193;0.43388373911755795;0.43388373911755823;-0.900968867902419;109110;108745;109520;110165;109255;108465;108590;109270;109680;110365;110205;109365;108655;108700;108725;108655;109490;109100;108330;108210;108370;108745;109520;110170;109260;108460;108595;108665;1453899;2780004;2307756;1862856;1940043;1305458;1130888;529164;905989;675280;513947;544103;376166;295239;5148.0;5158.5;5143.0;5127.5;5134.5;5145.0;5137.0;5163.0;5181.0;5143.5;5141.5;5157.5;5153.5;5147.0;5141.0;5140.0;5115.5;5115.5;5129.0;5134.0;5131.5;5158.5;5143.0;5127.5;5134.5;5144.5;5137.0;5145.5;394621;625349;614026;376723;356496;280648;213586;141122;197955;169522;99423;98511;77816;59810;1
2023-02-24;0.0197507102923655;0.18097447795823665;-0.01914075465648476;0.8660254037844386;0.5000000000000001;-0.7818314824680299;0.6234898018587334;-0.433883739117558;-0.9009688679024191;108600;108865;108760;107920;107345;107645;107130;109080;109100;108870;108040;107710;107665;107170;108490;108520;107765;107275;107310;107045;106805;108860;108760;107920;107350;107645;107125;107030;1335295;2717994;2411933;1812405;1107139;1214272;1276728;454930;851139;704281;511992;296612;328443;336022;5162.5;5168.0;5176.5;5196.0;5197.5;5191.5;5203.5;5172.0;5186.0;5202.0;5202.0;5199.5;5211.5;5213.5;5151.5;5159.0;5175.5;5187.0;5185.0;5185.5;5198.5;5168.0;5176.0;5196.5;5197.5;5191.5;5203.0;5209.0;427918;638021;480496;368866;192336;251797;238796;146456;205946;137431;98738;54642;69744;66999;1
2023-02-27;0.021132596685082872;0.5010893246187363;-0.021517461410871123;0.8660254037844386;0.5000000000000001;-0.22252093395631464;0.9749279121818235;0.0;1.0;107955;107575;107265;107330;106950;107395;107285;108045;107780;107410;107820;107455;107545;107950;107510;107050;106880;106660;106910;107225;107230;107580;107265;107330;106945;107390;107280;107605;1430387;2779479;2232165;2088944;1435413;1391238;1757432;527211;934026;714051;633645;428491;404913;517828;5192.0;5200.5;5195.0;5198.0;5198.0;5205.5;5199.5;5204.0;5206.0;5214.0;5205.5;5215.0;5214.0;5201.5;5177.5;5184.0;5188.0;5172.5;5193.5;5195.0;5173.0;5200.0;5195.0;5198.5;5198.0;5205.5;5199.5;5187.5;524861;482851;468480;468107;261300;265364;428734;170220;162594;138748;134060;73720;69583;110739;0
2023-02-28;0.012829419665601407;0.3176895306859206;-0.02586328432331152;0.8660254037844386;0.5000000000000001;-2.4492935982947064e-16;1.0;0.7818314824680298;0.6234898018587336;107100;107195;108060;107100;106715;106885;107375;107380;108265;108190;107360;107155;107485;107410;106880;107005;106910;106690;106405;106880;106935;107195;108065;107100;106715;106880;107370;107145;1412576;2791593;2636060;1935793;1986620;1592578;1205240;537363;969010;856302;610283;621426;477964;358809;5232.0;5233.5;5225.0;5246.0;5255.5;5262.5;5256.0;5258.0;5249.0;5255.0;5256.0;5276.5;5267.0;5265.5;5227.5;5213.0;5223.5;5235.5;5247.5;5251.5;5252.0;5233.5;5225.0;5245.5;5255.5;5262.5;5255.5;5258.5;512975;494459;451863;370308;429307;206183;198628;180433;163287;139542;108709;121768;65899;59315;0
2023-03-01;0.02376283846872082;0.25147347740667975;-0.02945356574982149;1.0;6.123233995736766e-17;0.20129852008866006;0.9795299412524945;0.9749279121818236;-0.22252093395631434;106360;106310;105950;105160;104940;104700;104800;106685;106695;106230;105305;105080;105035;105130;106235;105465;105050;104800;104375;104495;104705;106315;105955;105155;104945;104700;104795;104805;1586591;3307114;2933129;2191508;1849946;1663598;1298800;550863;1068976;911404;656985;541439;497590;396088;5252.5;5239.5;5245.5;5243.5;5225.5;5230.0;5230.0;5254.0;5253.5;5249.0;5264.0;5238.5;5232.5;5232.5;5230.0;5222.5;5231.0;5223.5;5224.0;5216.5;5218.0;5239.5;5245.5;5244.0;5225.5;5230.0;5230.0;5230.5;544715;555907;385351;509815;288573;255010;232132;183751;186289;126708;158765;77268;76810;64305;1
2023-03-02;0.02181271154569387;0.7478448275862069;-0.028514664750124742;1.0;6.123233995736766e-17;0.39435585511331855;0.9189578116202306;0.43388373911755823;-0.900968867902419;106110;105610;106060;105450;105625;105405;105630;106145;106260;106260;105680;105765;105710;105795;105355;105400;105010;105065;105365;105210;105310;105610;106060;105450;105625;105410;105630;105460;1569264;3125412;3035088;1822704;1570849;1227889;1480212;538406;1024335;933684;556935;472606;364429;419793;5225.0;5238.0;5249.0;5246.0;5235.0;5236.5;5236.0;5247.5;5254.0;5260.5;5251.0;5240.0;5245.0;5240.5;5213.0;5232.5;5242.0;5232.0;5226.5;5232.0;5213.0;5238.5;5248.5;5246.5;5235.0;5236.5;5235.5;5228.0;480215;517145;474734;338213;250256;193511;279037;161881;169847;140138;96078;66471;56656;80128;0
2023-03-03;0.017246253887475263;0.21311475409836064;-0.03614236256385028;1.0;6.123233995736766e-17;0.5712682150947923;0.8207634412072763;-0.433883739117558;-0.9009688679024191;104820;104965;105020;105600;105450;105395;105470;105025;105290;105650;105775;105650;105480;105525;104555;104810;104810;105180;105355;105215;104870;104960;105015;105595;105445;105395;105470;104940;1468582;2807234;2904759;1887078;1159967;1260051;1286951;498705;871017;851387;550910;324110;335622;355961;5225.5;5234.0;5231.5;5238.0;5244.5;5239.0;5232.5;5246.0;5238.0;5249.5;5261.0;5248.5;5245.5;5235.5;5213.5;5224.5;5221.0;5235.5;5231.5;5230.0;5226.5;5234.0;5231.5;5237.0;5244.5;5239.5;5232.0;5233.5;431998;396249;425884;451784;182481;190786;178319;146889;131432;131549;123480;49263;48927;47693;1
2023-03-06;0.011639000190803281;0.20081967213114754;-0.03286237668533882;1.0;6.123233995736766e-17;0.9377521321470804;0.3473052528448203;0.0;1.0;104800;105320;104560;104810;106145;106135;106005;105520;105410;104970;106450;106225;106210;106095;104770;104520;104310;104625;106040;105910;105730;105320;104555;104800;106140;106130;106005;105925;1299308;2906494;2341264;2767661;1132490;1113423;1374083;447568;932886;740751;805876;294295;289872;366320;5238.0;5233.0;5242.0;5230.5;5204.0;5198.5;5197.5;5243.5;5247.0;5247.0;5233.0;5209.0;5202.0;5204.0;5225.5;5228.5;5227.5;5191.0;5193.0;5191.5;5197.0;5233.0;5242.5;5230.5;5204.0;5198.5;5198.0;5201.0;345255;386634;366581;528871;273877;164663;142880;115538;118757;112261;146564;71563;46576;38167;1
2023-03-07;0.020419847328244273;0.8154205607476636;-0.01929643269135186;1.0;6.123233995736766e-17;0.9884683243281114;0.1514277775045767;0.7818314824680298;0.6234898018587336;106055;105805;106010;105605;104780;104945;104860;106175;106350;106095;105630;105180;105285;104950;105595;105360;105575;104755;104720;104815;104615;105805;106010;105605;104780;104945;104860;104835;1409687;3155231;2208494;2963006;1138237;1164987;1297897;477156;1004982;683216;900161;350999;366466;386850;5196.5;5204.0;5199.5;5202.5;5226.5;5221.5;5216.0;5206.0;5210.0;5213.0;5233.0;5228.5;5222.0;5230.0;5182.0;5192.0;5197.0;5202.5;5216.5;5203.0;5212.0;5204.0;5199.5;5202.5;5226.0;5221.5;5215.5;5224.5;383802;406914;325032;587091;174991;265260;239339;123575;132768;103660;177531;50465;73607;65210;1
2023-03-08;0.01635943614162463;0.6484149855907781;-0.020744582330061122;1.0;6.123233995736766e-17;0.9987165071710528;-0.05064916883871264;0.9749279121818236;-0.22252093395631434;105740;105615;106460;107240;107585;107470;107200;105835;106790;107380;107960;107665;107535;107320;105425;105595;106340;107045;107335;107165;107040;105620;106460;107235;107585;107470;107200;107165;1427030;3009409;2430911;2268843;1111552;1127269;1138227;489708;995078;753886;671230;307424;298347;293418;5208.5;5202.0;5176.0;5154.0;5144.5;5151.5;5164.5;5212.0;5203.5;5182.0;5163.5;5161.5;5166.0;5174.0;5196.5;5170.0;5151.0;5126.0;5140.5;5148.5;5159.0;5202.0;5175.5;5154.0;5144.5;5152.0;5164.5;5172.5;376420;645384;491604;708463;381853;249091;228467;125740;194474;138194;178256;98481;67951;62666;1
2023-03-09;0.024352184603745036;0.8640776699029126;-0.0025942740665245993;1.0;6.123233995736766e-17;0.9680771188662043;-0.2506525322587204;0.43388373911755823;-0.900968867902419;107650;107280;107505;107230;107315;107195;107045;107970;107545;107830;107565;107490;107240;107365;107260;107055;107220;106760;107080;106910;106835;107275;107505;107225;107315;107195;107050;107340;1379553;2886651;2770825;2299549;1458781;1377088;1655541;475412;920776;842084;641686;399767;380708;456191;5159.0;5164.0;5137.0;5159.5;5170.5;5178.5;5170.0;5169.5;5169.0;5161.0;5172.0;5181.0;5183.0;5175.5;5141.0;5135.5;5133.5;5153.5;5168.0;5165.5;5148.0;5164.0;5137.0;5159.5;5170.5;5179.0;5170.0;5152.5;540061;597396;474954;345654;267746;274603;310626;175959;194936;148195;102423;79434;75281;84033;0
2023-03-10;0.019693450998606594;0.08254716981132075;-0.016650397304773454;1.0;6.123233995736766e-17;0.8978045395707416;-0.4403941515576344;-0.433883739117558;-0.9009688679024191;106025;105645;105055;105330;105590;105015;105030;106150;106035;105430;105720;106015;105270;105165;105605;105025;104630;105150;104940;104885;104155;105640;105055;105330;105590;105010;105030;104390;1661908;3180325;3108136;2280223;2079085;1444228;1858291;579880;1124931;995598;718176;631030;436331;507198;5175.0;5207.0;5219.5;5201.5;5181.0;5206.0;5216.5;5207.5;5243.5;5227.0;5201.5;5209.0;5220.0;5242.5;5175.0;5201.0;5196.0;5179.5;5181.0;5200.5;5214.0;5207.0;5220.0;5201.5;5181.5;5206.5;5216.0;5236.5;402902;777493;555574;495308;336235;261901;312319;133987;242651;165270;136159;91951;75638;79248;1
2023-03-13;0.01881631690639;0.19799498746867167;-0.027765185066361654;1.0;6.123233995736766e-17;0.48530196253108104;-0.8743466161445821;0.0;1.0;104550;103515;103905;104815;104390;104375;104790;104890;104085;104835;104850;104720;104925;104810;103200;103135;103720;104225;104110;104120;104175;103515;103900;104810;104395;104375;104785;104335;2945099;3486352;3435044;2240358;1838392;2025457;1683814;1013563;1173326;1147143;734570;578756;603816;527631;5236.5;5294.0;5266.5;5237.5;5258.0;5259.5;5264.0;5300.5;5303.5;5268.0;5263.5;5270.5;5275.5;5278.5;5232.0;5265.0;5235.0;5232.0;5253.0;5258.5;5260.0;5294.0;5266.5;5237.5;5258.0;5259.5;5264.0;5277.5;1016202;741337;626471;419669;281865;269705;206291;322101;230022;184964;115182;80288;77916;58606;0
2023-03-14;0.017120994739359158;0.8463687150837989;-0.025083261522696042;1.0;6.123233995736766e-17;0.29936312297335804;-0.9541392564000488;0.7818314824680298;0.6234898018587336;104650;104135;104640;104305;104325;104370;104080;104770;104700;105145;104725;104555;104485;104205;103750;104000;104285;104260;104145;103860;103700;104135;104640;104305;104320;104370;104080;103895;2694451;3058442;2685184;1547856;1368345;1859579;1597835;933091;1000607;818490;479814;396262;550237;496069;5256.0;5250.0;5251.0;5257.5;5277.5;5264.0;5267.0;5279.0;5266.5;5259.5;5278.0;5278.0;5274.5;5274.5;5240.5;5241.5;5239.5;5247.0;5260.5;5261.0;5262.0;5250.0;5251.5;5258.0;5278.0;5264.5;5266.5;5272.0;774749;552695;405495;313808;297567;241892;221471;263928;180185;120418;90697;81115;68351;59260;0
2023-03-15;0.0168179646440516;-0.38920454545454547;-0.04141202715221434;1.0;6.123233995736766e-17;0.10116832198743272;-0.994869323391895;0.9749279121818236;-0.22252093395631434;102700;102365;101940;101870;102275;102405;103245;102900;102595;102300;102510;102460;103265;103935;102065;101800;101485;101760;101985;102395;102970;102360;101935;101865;102270;102400;103245;103645;2220992;3332150;2830643;1913622;1625355;2271404;2238012;779162;1150417;936835;599615;508106;707248;685652;5325.0;5302.0;5308.0;5323.0;5325.0;5342.0;5325.5;5347.0;5316.5;5338.0;5331.0;5345.5;5342.5;5333.0;5294.0;5289.0;5305.0;5318.5;5320.5;5321.0;5303.5;5302.0;5308.0;5322.5;5324.5;5342.0;5325.5;5316.0;778741;630950;582896;340695;339438;356945;407192;246602;189104;169038;91529;86834;104399;113854;0
2023-03-16;0.02385589094449854;0.8591836734693877;-0.030616661246891427;1.0;6.123233995736766e-17;-0.10116832198743204;-0.9948693233918952;0.43388373911755823;-0.900968867902419;103590;103635;104190;103920;104080;104095;104655;103870;104275;104300;104165;104245;104735;104775;103420;103285;103220;103565;103705;104095;104335;103635;104190;103920;104085;104090;104655;104475;1665304;3244480;2687479;1894128;1333159;1502349;1211882;587873;1145322;866041;583555;407341;449201;357625;5295.0;5306.5;5295.0;5314.5;5299.0;5288.0;5286.5;5307.0;5313.0;5323.0;5329.0;5305.5;5291.0;5289.0;5283.5;5291.0;5293.5;5294.5;5285.0;5277.0;5258.0;5307.0;5295.5;5314.5;5299.0;5287.5;5287.0;5260.0;525929;588705;491496;453508;283414;293379;319142;184993;194468;150429;123888;76541;81320;90147;0
2023-03-17;0.01501110145766966;0.6784565916398714;-0.02265628478169689;1.0;6.123233995736766e-17;-0.2993631229733582;-0.9541392564000488;-0.433883739117558;-0.9009688679024191;104275;103690;102940;102615;102915;102995;102990;104335;103710;103085;102990;103290;103055;103190;103600;102775;102335;102470;102855;102735;102730;103685;102945;102620;102910;102990;102985;103105;1396735;2377665;1911089;1339208;1438119;1180791;1342578;462661;751587;576179;384580;400892;312979;365699;5255.0;5266.5;5280.0;5291.0;5296.0;5287.5;5281.0;5270.0;5284.0;5300.0;5299.5;5297.5;5293.0;5294.0;5247.5;5264.0;5269.5;5288.5;5282.5;5281.0;5280.0;5266.5;5279.5;5291.0;5295.5;5287.5;5281.5;5290.5;400652;435101;398173;276787;248306;154788;183710;132652;128235;123591;65836;58930;45448;48681;0
2023-03-20;0.01918005274514505;0.2125;-0.03285161011007007;1.0;6.123233995736766e-17;-0.7907757369376986;-0.6121059825476627;0.0;1.0;102760;102735;102245;102415;101545;101690;101540;103080;103070;102575;102475;101720;101775;101920;102605;101880;101730;101515;101360;101315;101445;102735;102245;102415;101545;101695;101545;101855;1642672;3236313;2217160;1805094;1108362;1145975;1317216;559097;1014923;700563;523265;293243;316382;331956;5286.0;5273.0;5260.5;5249.0;5261.5;5255.5;5255.5;5297.5;5274.0;5270.5;5264.0;5265.0;5259.0;5261.0;5272.0;5253.0;5246.0;5248.0;5255.0;5250.0;5254.5;5273.0;5260.0;5249.5;5261.5;5255.0;5256.0;5258.5;551857;513211;397626;297218;179198;153533;141491;173332;163799;122382;81880;45566;40601;37972;0
2023-03-21;0.017175943947061113;0.6317280453257791;-0.031149723452504535;1.0;6.123233995736766e-17;-0.8978045395707417;-0.44039415155763423;0.7818314824680298;0.6234898018587336;102430;101845;102175;102020;101805;101940;101895;102500;102345;102230;102150;101990;102040;101935;101800;101730;101535;101705;101760;101770;101675;101840;102165;102020;101805;101940;101890;101895;1623059;2627312;2319015;1200222;713694;884808;1110233;516866;841811;717731;368415;199628;248596;297340;5236.5;5252.5;5259.5;5247.0;5257.5;5251.5;5254.5;5256.0;5266.0;5266.0;5258.5;5258.5;5259.0;5257.0;5228.0;5250.5;5242.0;5246.0;5247.5;5246.5;5244.0;5253.0;5259.5;5246.5;5257.5;5252.0;5254.5;5245.5;496791;517692;455475;178881;133991;148803;203800;160904;155865;130353;48753;37042;41140;46961;0
2023-03-22;0.00942106804647076;0.22279792746113988;-0.0335342252363923;1.0;6.123233995736766e-17;-0.9680771188662041;-0.2506525322587213;0.9749279121818236;-0.22252093395631434;101750;101585;101220;101500;101705;101410;101335;101890;101640;101545;101800;101765;101445;102650;101450;100950;101170;101415;101405;101170;101050;101585;101220;101495;101705;101410;101330;101925;1402360;2503482;1702010;1222842;821139;1051937;3174462;448567;783684;531433;363340;235331;302728;1021281;5256.5;5265.0;5282.0;5280.5;5268.5;5277.0;5274.0;5274.0;5288.0;5289.0;5281.0;5279.0;5282.0;5279.5;5250.5;5260.0;5274.5;5268.0;5268.0;5269.5;5213.5;5265.0;5282.0;5280.5;5268.5;5277.0;5274.0;5230.5;363309;459951;396973;209546;151889;231790;868079;119382;146746;107160;59141;41552;56252;260772;0
2023-03-23;0.01941031941031941;0.04050632911392405;-0.03941767288432112;1.0;6.123233995736766e-17;-0.9987165071710528;-0.05064916883871355;0.43388373911755823;-0.900968867902419;100755;101240;101140;100400;100280;99780;98755;101290;101780;101185;100510;100280;99790;98980;100540;100995;100065;100050;99740;98725;97440;101245;101140;100395;100275;99780;98755;97875;1764261;2736446;2399621;1134325;1388516;2102294;2411389;589944;865260;743192;339664;395653;595246;715158;5215.5;5250.5;5273.5;5283.0;5278.0;5283.5;5288.0;5251.0;5278.5;5289.0;5283.5;5287.0;5289.0;5305.5;5212.0;5246.0;5269.5;5269.5;5269.0;5275.5;5281.5;5250.0;5273.5;5283.0;5278.0;5283.0;5288.5;5296.5;561259;593236;537637;251676;283538;266927;433031;173023;169784;146292;61967;72638;69891;104717;1
2023-03-24;0.04307478537045308;-0.020737327188940093;-0.06671076662016998;1.0;6.123233995736766e-17;-0.9884683243281114;0.15142777750457667;-0.433883739117558;-0.9009688679024191;97350;98610;98720;98750;99585;99325;99420;98620;99000;99025;99705;99650;99870;99660;97250;98275;98215;98385;99265;99320;99235;98610;98715;98745;99585;99325;99420;99260;2074259;3094564;2392835;2082792;1318885;1479616;1271527;708123;989182;707686;566418;345666;387792;337231;5330.0;5335.0;5316.0;5289.5;5257.5;5257.0;5260.5;5349.0;5342.5;5318.0;5293.5;5264.5;5262.0;5264.0;5318.0;5314.0;5285.5;5254.5;5252.5;5246.0;5252.5;5335.0;5315.5;5289.0;5257.0;5257.5;5261.0;5263.5;747692;576593;564352;511602;259475;247578;194131;229675;169721;150125;115022;59984;60663;47159;1
2023-03-27;0.026913199794555726;1.032442748091603;-0.0380710415644157;1.0;6.123233995736766e-17;-0.72479278722912;0.6889669190756865;0.0;1.0;99955;100275;99760;99975;99955;100105;100075;100395;100350;100525;100095;100320;100220;100525;99570;99525;99745;99710;99900;99945;100060;100280;99760;99975;99950;100100;100070;100300;1575637;2658396;2209622;1365189;1481691;804021;1207913;550742;858723;696940;410870;425872;242432;345353;5256.0;5235.0;5235.0;5239.0;5240.5;5230.5;5229.5;5257.0;5244.5;5242.0;5248.5;5241.0;5231.5;5231.5;5227.5;5228.5;5222.5;5238.5;5228.0;5222.5;5216.0;5235.0;5234.5;5239.5;5240.0;5230.5;5229.0;5218.5;386744;371742;356533;184610;166606;169398;198717;143152;122464;111816;58048;49686;47758;55131;0
2023-03-28;0.01000450202591166;0.575;-0.03364153507152356;1.0;6.123233995736766e-17;-0.5712682150947924;0.8207634412072763;0.7818314824680298;0.6234898018587336;100100;99940;100970;101450;101625;102035;101635;100455;101280;101740;101920;102065;102055;101735;99925;99770;100960;101440;101620;101610;101510;99930;100970;101445;101630;102030;101635;101665;1440210;3130343;2218678;1289444;1029102;899914;967210;472546;964560;634329;363937;277587;239918;258997;5199.0;5192.5;5168.5;5183.0;5172.5;5158.0;5169.0;5199.0;5198.0;5185.0;5184.0;5172.5;5171.0;5175.5;5162.5;5151.0;5162.0;5166.0;5154.0;5156.0;5164.5;5193.0;5169.0;5183.0;5172.0;5158.0;5169.5;5172.5;685642;723645;447110;262116;226865;183423;190139;203141;195774;118872;65438;60133;47950;48234;0
2023-03-29;0.02292707292707293;1.0806100217864925;-0.011050124525473317;1.0;6.123233995736766e-17;-0.3943558551133187;0.9189578116202306;0.9749279121818236;-0.22252093395631434;102250;102295;101720;101770;101790;101365;101440;102450;102385;102110;102125;101855;101500;101485;102050;101235;101540;101705;101280;100990;100560;102295;101715;101770;101790;101360;101435;101220;1613866;3184833;1986202;1324178;1233347;1367420;1967240;555091;1014149;620781;382920;348765;374009;539896;5166.0;5165.5;5149.0;5150.0;5142.0;5145.0;5141.0;5185.0;5173.0;5153.5;5151.5;5148.5;5146.5;5175.5;5152.0;5148.0;5143.0;5133.5;5138.5;5137.0;5140.5;5165.5;5149.0;5149.5;5142.0;5145.0;5141.0;5154.5;589724;575458;387694;325066;218091;208604;576250;193767;178756;106937;81835;54715;49096;136124;1
2023-03-30;0.020684596577017114;1.475177304964539;0.004439471332350013;1.0;6.123233995736766e-17;-0.20129852008866114;0.9795299412524943;0.43388373911755823;-0.900968867902419;103680;103705;104070;103590;103695;103680;103620;104200;104535;104125;103965;104000;103885;103735;103560;103455;103030;103535;103590;103300;103510;103705;104070;103590;103695;103685;103625;103670;1839213;2714252;3135651;1371223;1010721;1186716;975608;668309;885272;958959;418953;313597;350040;283181;5106.0;5107.5;5113.5;5131.5;5123.5;5111.0;5114.5;5113.5;5118.5;5162.5;5134.0;5124.0;5125.0;5116.0;5070.0;5090.0;5112.5;5117.5;5101.0;5105.0;5096.0;5107.5;5113.0;5131.5;5123.0;5111.0;5115.0;5101.0;813534;704242;769513;299059;275766;233547;229236;261164;209832;219180;73398;67431;58241;57404;1
2023-03-31;0.014515817901234568;0.6445182724252492;0.007563996056937054;1.0;6.123233995736766e-17;-2.4492935982947064e-16;1.0;-0.433883739117558;-0.9009688679024191;104000;104125;103835;103415;103005;102690;102045;104675;104465;104045;103430;103100;102690;102460;103900;103720;103375;102800;102550;101760;101875;104120;103835;103415;103000;102685;102045;102250;2021098;2907801;2115745;1655019;1037245;1866384;1338485;706972;970962;662053;481956;298813;498903;369471;5133.0;5106.5;5115.0;5093.5;5094.5;5089.5;5092.5;5133.0;5118.0;5115.5;5098.5;5098.0;5105.0;5102.5;5085.5;5093.5;5087.0;5079.0;5083.0;5084.5;5091.0;5106.5;5115.0;5093.0;5094.0;5089.5;5092.5;5097.5;701568;557822;493221;365021;267791;325787;167114;220749;148845;122531;80002;54416;72620;44336;1
2023-04-03;0.02889423076923077;0.1896838602329451;-0.00802390677908545;0.8660254037844387;-0.4999999999999998;0.5877852522924731;0.8090169943749475;0.0;1.0;102240;102460;101055;101245;101375;101405;101270;102500;102470;101460;101530;101510;101650;101480;102175;100970;100860;101135;101215;101185;101195;102465;101050;101245;101370;101405;101265;101385;1460274;3295451;2299085;1468314;1068878;1313500;1090245;509277;1048218;684946;409638;279305;352314;286018;5078.5;5082.5;5094.0;5081.5;5090.5;5089.0;5089.5;5086.5;5099.5;5094.0;5094.0;5094.5;5095.0;5104.0;5063.0;5081.0;5071.0;5079.0;5084.5;5081.0;5085.5;5082.5;5094.5;5082.0;5090.0;5089.5;5089.5;5102.0;591044;438657;467279;234948;168246;188593;241320;177426;136782;145115;67707;43322;55664;70899;1
2023-04-04;0.016040688575899843;0.8079268292682927;-0.00653334240742001;0.8660254037844387;-0.4999999999999998;0.7431448254773941;0.6691306063588582;0.7818314824680298;0.6234898018587336;102185;102330;102270;102410;102265;102435;102375;102430;102665;103320;102575;102495;102580;102485;101780;101940;102270;101920;102135;102325;102040;102330;102270;102415;102265;102435;102375;102265;1683858;2876014;2912416;1945384;1236230;1048517;1208205;556601;874122;821898;545199;321340;276899;325322;5074.0;5090.5;5099.0;5095.0;5112.0;5107.5;5105.0;5093.5;5103.0;5099.0;5120.0;5112.5;5109.0;5109.0;5071.5;5086.0;5085.5;5091.5;5103.5;5103.0;5102.0;5090.0;5099.0;5094.5;5112.0;5108.0;5105.0;5106.0;472691;410910;533786;430578;164404;135568;134017;147896;122040;146740;108028;44540;32076;32959;1
2023-04-05;0.015070705093702598;0.2435064935064935;-0.005234072595369671;0.8660254037844387;-0.4999999999999998;0.8660254037844386;0.5000000000000001;0.9749279121818236;-0.22252093395631434;102155;102115;101240;100330;100935;100745;100915;102355;102285;101470;100955;101040;100930;101370;101685;101210;100055;100190;100580;100680;100810;102110;101240;100330;100940;100750;100920;100910;2098965;3215346;3355672;1463504;1381849;1154877;1880885;707919;989674;965284;408020;378544;302872;487445;5092.0;5074.5;5067.5;5072.0;5059.0;5078.0;5077.0;5097.5;5083.0;5078.5;5075.5;5081.0;5083.0;5082.5;5066.5;5065.0;5031.5;5057.0;5059.0;5074.5;5072.0;5074.5;5067.5;5071.5;5059.5;5078.5;5077.5;5082.0;651859;442838;700283;228419;244928;159807;170193;206482;128685;192903;60661;62592;42257;42909;1
2023-04-06;0.022514805932161912;0.4108695652173913;-0.01305985645395338;0.8660254037844387;-0.4999999999999998;0.9510565162951535;0.30901699437494745;0.43388373911755823;-0.900968867902419;101000;100800;100730;100930;100955;100945;100945;101140;101720;101235;100990;101185;101080;101230;100680;100660;100715;100505;100845;100790;100810;100800;100725;100925;100960;100940;100945;101160;1529203;3282366;2214661;1497358;1126775;912903;1012522;529231;1008955;684298;445006;324198;258793;285149;5063.0;5090.5;5097.0;5078.5;5083.5;5082.0;5079.0;5094.5;5101.5;5098.5;5088.0;5085.5;5084.0;5080.5;5058.5;5085.0;5076.0;5075.0;5078.0;5072.5;5069.5;5090.0;5097.5;5078.0;5083.0;5082.5;5079.0;5074.0;493459;470344;357142;212277;113719;145897;141095;149908;137239;104390;61919;31673;38682;36595;0
2023-04-10;0.01202970297029703;0.51440329218107;-0.009575668840024386;0.8660254037844387;-0.4999999999999998;0.8660254037844387;-0.4999999999999998;0.0;1.0;101130;101400;101910;101825;101990;101855;101845;101445;102350;102020;102265;102055;101965;102025;100845;101400;101665;101800;101825;101775;101785;101400;101910;101825;101995;101860;101845;101865;1681751;3048890;1926596;1355895;925387;901162;1017331;517793;920966;574805;387986;255269;249299;277885;5074.0;5098.5;5101.0;5098.0;5100.0;5093.5;5086.0;5099.5;5109.5;5106.5;5101.0;5102.5;5094.0;5095.0;5055.5;5097.0;5094.5;5091.0;5092.0;5084.5;5084.5;5098.0;5101.0;5098.0;5100.0;5094.0;5086.0;5093.0;593322;416714;251470;168373;122943;157799;127113;184785;139936;68869;48356;34827;40151;36205;1
2023-04-11;0.014881835261544546;1.0996677740863787;0.005138463952302503;0.8660254037844387;-0.4999999999999998;0.7431448254773945;-0.6691306063588579;0.7818314824680298;0.6234898018587336;102500;103450;104815;105245;105375;105480;106160;103575;105280;105725;105485;105595;106580;106400;102440;103415;104780;105135;105260;105460;105980;103450;104815;105245;105370;105485;106155;106145;2276667;3536133;2468704;1209266;907861;2247539;1381531;794108;1114182;727445;369908;250919;610602;374980;5070.0;5051.0;5020.5;5020.5;5023.0;5021.5;5017.5;5075.5;5051.0;5023.5;5028.0;5027.0;5025.0;5022.5;5047.5;5003.0;5003.5;5016.5;5020.5;5015.5;5016.0;5051.0;5020.0;5020.0;5022.5;5021.5;5018.0;5022.0;666917;987332;478477;284474;127395;209593;164742;206579;237754;124513;64287;30270;51671;38239;1
2023-04-12;0.04360975609756097;1.3568232662192394;0.06275343297616016;0.8660254037844387;-0.4999999999999998;0.5877852522924732;-0.8090169943749473;0.9749279121818236;-0.22252093395631434;108505;108770;108990;108650;109005;109700;109910;109555;109875;109270;109180;109715;110480;110215;108185;108560;108425;108380;108990;109675;109705;108775;108995;108650;109010;109700;109900;109935;2319911;3089321;2051758;1406521;1179890;1831017;1499136;872622;1019432;649265;436771;343837;522817;449401;5026.5;4984.0;4959.0;4948.5;4950.0;4938.5;4945.5;5028.0;4994.5;4961.0;4957.0;4958.0;4950.0;4952.5;4957.5;4947.5;4929.0;4943.0;4936.5;4931.0;4938.0;4984.0;4959.0;4948.5;4950.0;4939.0;4945.5;4947.5;975588;748103;653029;272962;228002;251594;238314;309825;217381;162695;65316;53449;63555;62868;0
2023-04-13;0.021151099027694575;0.355119825708061;0.0650147538741133;0.8660254037844387;-0.4999999999999998;0.40673664307580004;-0.913545457642601;0.43388373911755823;-0.900968867902419;109000;109070;108880;108530;108650;108455;108800;109400;109285;109040;108720;108660;108925;108815;108760;108285;108455;108335;108215;108405;108535;109075;108880;108525;108650;108455;108800;108595;1708806;3611365;2326963;1298996;1074908;1249798;1061958;636608;1191569;703331;384764;316495;356513;300305;4936.0;4940.0;4918.5;4917.0;4915.5;4923.5;4921.0;4952.0;4943.0;4934.0;4923.5;4926.0;4926.5;4943.5;4916.0;4911.0;4915.0;4905.5;4915.0;4916.5;4919.5;4939.5;4919.0;4917.0;4915.5;4924.0;4920.5;4941.0;873024;670997;387195;270115;168601;227745;321748;270962;195720;102029;64031;38853;46673;67396;0
2023-04-14;0.010871559633027522;0.029535864978902954;0.055263645314434444;0.8660254037844387;-0.4999999999999998;0.20791169081775931;-0.9781476007338057;-0.433883739117558;-0.9009688679024191;108250;108190;108255;107925;108080;108460;108150;108850;108365;108290;108130;108495;108755;108385;108090;106765;107640;107735;107965;108145;108145;108190;108255;107925;108075;108465;108155;108200;1919915;3483051;2355494;1274734;1342811;1262815;1005253;724085;1125675;742863;380785;402627;353842;269166;4947.5;4933.5;4955.0;4967.5;4950.0;4941.5;4937.5;4949.0;4969.0;4975.5;4970.0;4953.5;4943.5;4942.0;4902.5;4932.5;4955.0;4949.5;4941.0;4932.5;4926.5;4933.5;4955.5;4967.0;4950.0;4942.0;4938.0;4928.5;738324;572558;393891;234592;209921;232060;208531;226344;164174;105408;61914;56816;58974;52338;1
2023-04-17;0.020046189376443417;0.9746543778801844;0.05912336335868952;0.8660254037844387;-0.4999999999999998;-0.4067366430758002;-0.9135454576426009;0.0;1.0;108880;108340;108535;108010;107875;107665;107835;108900;108830;108570;108070;107970;107920;107880;108170;107925;107800;107740;107610;107545;107615;108345;108535;108015;107875;107670;107835;107660;1899278;3304427;2034780;1289021;1207701;1109656;1211175;651901;1032315;601723;372945;328650;291184;307353;4930.0;4939.0;4955.0;4959.5;4956.0;4955.0;4939.0;4946.5;4957.5;4965.0;4967.0;4958.5;4958.0;4943.0;4909.0;4932.0;4950.5;4953.0;4951.0;4938.0;4927.0;4939.0;4955.0;4960.0;4956.0;4955.0;4939.0;4938.5;639469;454198;329935;225003;138397;235922;281403;210307;136071;87119;61198;34831;57809;69147;1
2023-04-18;0.012444893460690668;0.6457564575645757;0.05193708946607547;0.8660254037844387;-0.4999999999999998;-0.587785252292473;-0.8090169943749476;0.7818314824680298;0.6234898018587336;108420;108620;107885;108210;107910;107815;107705;109375;108635;108350;108250;108110;108130;107935;108400;106925;107525;107785;107790;107680;107490;108625;107885;108215;107915;107815;107700;107885;2010334;3791416;2335765;1409643;1086878;1109695;1572505;693333;1127263;644251;386878;272541;282326;393032;4927.5;4951.0;4985.5;4979.0;4980.5;4974.5;4979.5;4952.5;4998.5;4990.0;4985.0;4981.5;4983.0;5004.5;4918.5;4948.5;4971.0;4975.0;4972.0;4973.5;4979.0;4950.5;4985.5;4979.0;4980.5;4974.0;4979.5;4994.0;596314;855810;389629;206422;132928;159195;391820;190273;231116;111340;56097;33019;40250;95039;1
2023-04-19;0.022597306769968642;0.0020408163265306124;0.03438935912938331;0.8660254037844387;-0.4999999999999998;-0.743144825477394;-0.6691306063588585;0.9749279121818236;-0.22252093395631434;106930;106775;105935;106390;105975;106140;105995;107150;107015;106515;106420;106185;106250;106120;106375;105745;105885;105935;105880;105880;105315;106775;105930;106390;105975;106140;105995;105580;2193920;3239100;2016331;1178552;970668;1038245;1750745;724463;1025853;616387;363581;282456;298024;466038;5019.5;5040.0;5068.5;5044.0;5059.5;5056.0;5068.0;5041.5;5069.0;5070.5;5060.5;5062.0;5070.5;5089.5;5012.5;5034.0;5036.0;5043.0;5052.5;5054.5;5067.0;5040.5;5068.5;5043.5;5059.5;5056.5;5068.5;5085.5;712451;649498;530872;283187;167738;204094;315676;224421;188361;153527;76288;45876;54233;80097;1
2023-04-20;0.017160759375292246;0.1008174386920981;0.018580648898629502;0.8660254037844387;-0.4999999999999998;-0.8660254037844384;-0.5000000000000004;0.43388373911755823;-0.900968867902419;105500;106175;105480;105955;105950;106080;106190;106420;106195;106320;106075;106145;106380;106190;105320;104735;105425;105660;105850;106005;105745;106170;105475;105950;105945;106080;106190;106030;1987753;3649727;2352815;1201201;952679;1170582;1327473;671702;1171707;689323;345106;254254;304061;346287;5091.5;5066.0;5066.0;5050.5;5048.5;5050.5;5047.5;5092.5;5074.5;5067.0;5057.0;5056.5;5052.0;5054.0;5063.0;5059.0;5045.0;5042.5;5045.0;5042.0;5046.0;5066.0;5066.5;5050.5;5048.5;5050.0;5047.5;5053.5;602369;494390;386720;239161;136012;153067;135723;207273;149605;109545;64639;35792;38340;32066;1
2023-04-24;0.015971563981042654;0.543026706231454;0.017344936746951697;0.8660254037844387;-0.4999999999999998;-0.9510565162951536;0.30901699437494723;0.0;1.0;105650;105520;105835;105785;105865;105675;105630;105840;105945;106585;106050;105910;105835;105735;105050;104855;105755;105625;105565;105595;105520;105515;105835;105785;105865;105675;105625;105560;1733597;3390406;2402441;1297809;983653;1073733;927612;573074;1065762;717873;384051;284371;281113;243446;5074.0;5066.5;5069.5;5070.5;5059.5;5053.5;5051.5;5085.0;5090.5;5084.5;5074.5;5063.0;5059.0;5054.0;5064.0;5054.0;5060.0;5057.0;5052.0;5048.5;5042.5;5066.5;5070.0;5071.0;5060.0;5053.5;5051.5;5045.0;416412;596007;449375;250913;170648;191526;239465;151383;191536;128803;67644;42852;52386;58474;1
2023-04-25;0.016374822527212493;0.30057803468208094;0.01069199431230982;0.8660254037844387;-0.4999999999999998;-0.8660254037844386;0.5000000000000001;0.7818314824680298;0.6234898018587336;105375;105270;104485;104355;104660;104705;104475;105490;105275;104720;104810;104865;104920;104600;105005;104265;104175;104265;104520;104220;104380;105270;104485;104355;104665;104710;104470;104570;2028037;3344612;1957160;1481487;897146;1689898;800770;682452;1082963;584726;425238;242961;456583;230291;5050.5;5039.0;5081.5;5073.5;5066.0;5074.0;5074.5;5070.5;5082.0;5085.0;5074.5;5074.0;5087.0;5079.5;5038.0;5033.0;5063.5;5062.0;5060.5;5070.5;5071.0;5039.0;5081.0;5073.5;5066.0;5073.5;5074.0;5072.5;663389;758787;453884;287863;206211;293183;152165;207489;231722;124325;69647;50352;76942;40238;1
2023-04-26;0.012669039145907474;0.7415730337078652;0.005798175666790202;0.8660254037844387;-0.4999999999999998;-0.743144825477394;0.6691306063588585;0.9749279121818236;-0.22252093395631434;105165;104870;104395;104470;104435;104555;103950;105865;105250;104590;104615;104630;104605;104165;104655;104345;104060;104335;104305;103920;103750;104875;104395;104470;104430;104560;103945;104105;1968308;2709923;2176530;1120875;1040680;1142409;1366280;656848;830425;620738;306529;276890;299922;358054;5050.0;5068.5;5070.0;5052.5;5051.0;5041.5;5052.5;5075.0;5075.0;5073.5;5055.5;5052.0;5053.5;5063.0;5037.0;5059.5;5039.0;5041.0;5037.5;5038.0;5049.0;5068.5;5070.0;5052.5;5050.5;5041.0;5052.0;5058.0;656289;432424;541613;326046;197827;180872;312573;214582;134239;151013;83428;51028;46458;78316;0
2023-04-27;0.02011125374411639;0.3333333333333333;-0.002813849197730782;0.8660254037844387;-0.4999999999999998;-0.5877852522924734;0.8090169943749473;0.43388373911755823;-0.900968867902419;104455;103615;104200;104175;103820;104055;104320;104510;104330;104700;104380;104065;104430;104440;103425;103480;104100;103800;103625;103840;104010;103615;104200;104180;103825;104050;104315;104020;2040108;2926764;2027958;1227657;1203669;1450155;974602;700801;912092;606397;359735;334854;393714;281743;5040.0;5025.5;5020.5;5007.5;5014.0;5009.5;4990.0;5050.0;5037.0;5026.5;5014.5;5017.0;5010.5;4992.0;5023.0;5013.0;5001.5;5004.5;5009.0;4988.5;4972.0;5025.5;5021.0;5008.0;5014.0;5010.0;4990.0;4981.0;653009;673738;532124;262451;173466;348108;362284;220563;186585;139143;60684;40813;89704;81623;1
2023-04-28;0.012206213201857259;0.6078431372549019;-0.006459917522824247;0.8660254037844387;-0.4999999999999998;-0.40673664307580015;0.913545457642601;-0.433883739117558;-0.9009688679024191;104200;104790;104220;104885;105390;105920;105705;104915;105045;105655;105635;105970;105935;105770;104000;103875;104080;104590;105375;105635;105360;104790;104220;104885;105390;105920;105710;105495;1628849;2974870;2707312;1746204;1157429;930740;981215;565659;920714;780829;485861;321528;255612;270394;5023.5;5026.5;5035.0;5034.5;5037.5;5031.5;5018.0;5050.0;5041.5;5038.5;5048.0;5043.0;5038.0;5022.5;5014.5;5013.0;5016.5;5034.0;5030.5;5017.0;5010.5;5026.5;5035.0;5034.5;5037.0;5031.5;5018.0;5020.5;615447;523280;423554;320330;164472;219408;221020;194377;144505;107587;75988;39424;52962;53830;1
2023-05-02;0.020105566218809982;0.6205250596658711;0.00146875736461604;0.49999999999999994;-0.8660254037844387;0.39435585511331855;0.9189578116202306;0.7818314824680298;0.6234898018587336;105175;105260;103805;103390;103335;103330;103325;105435;105575;103890;103495;103465;103420;103355;104875;103680;103175;102915;103220;103100;103160;105260;103800;103390;103335;103330;103330;103290;1543733;3551938;2611760;1493611;969824;948935;886891;558216;1166838;744538;405166;256557;238692;227113;5029.0;5054.0;5061.0;5069.5;5072.0;5078.5;5081.0;5062.0;5064.5;5075.5;5082.0;5081.0;5083.0;5083.0;5022.5;5041.0;5050.5;5067.5;5071.0;5073.5;5072.0;5054.5;5060.5;5069.0;5072.5;5079.0;5081.5;5075.0;573407;477315;472143;263209;150641;158940;173159;190922;154266;132957;67943;38843;40845;41962;0
2023-05-03;0.025433800808176848;0.10841121495327102;-0.016706648593406436;0.49999999999999994;-0.8660254037844387;0.5712682150947923;0.8207634412072763;0.9749279121818236;-0.22252093395631434;103190;103395;102870;103190;103165;103115;103370;103610;103765;103250;103320;103300;103590;103735;103050;102770;102725;102915;102990;103045;103210;103395;102870;103195;103170;103115;103355;103500;1913526;3663422;2303515;1489409;860510;970956;2239639;689749;1148035;655900;426425;241561;271125;674186;5046.0;5080.0;5058.0;5038.5;5042.0;5039.5;5032.5;5080.0;5080.0;5058.5;5047.0;5048.0;5042.5;5033.0;5044.5;5055.5;5031.0;5034.0;5038.0;5025.0;5011.0;5080.0;5058.5;5038.5;5041.5;5040.0;5032.0;5017.0;555367;422266;503623;209605;133033;232829;515428;189651;142018;143661;57102;35275;62109;163216;0
2023-05-04;0.01007849597829247;0.40865384615384615;-0.017651792559295644;0.49999999999999994;-0.8660254037844387;0.7247927872291199;0.6889669190756866;0.43388373911755823;-0.900968867902419;103150;104040;103525;102885;102520;103070;104040;104315;104800;103560;103115;103080;104470;104055;103025;103365;102750;102320;102475;102910;103460;104035;103525;102880;102525;103070;104035;103765;2203839;3199125;2875184;1716483;1059173;2346535;1450606;738308;996729;856153;490631;298612;601850;372391;5005.0;5024.0;5044.5;5045.0;5048.0;5036.0;5022.5;5028.0;5049.0;5061.5;5051.5;5048.5;5037.5;5026.5;4995.5;5007.0;5042.5;5040.5;5034.5;5016.5;5016.5;5024.0;5045.0;5045.0;5047.5;5036.0;5023.0;5018.5;636766;649095;466067;203389;160383;292435;183680;223498;200595;131333;53184;39270;76414;46140;0
2023-05-05;0.024042656325739216;0.717741935483871;-0.00981858563856476;0.49999999999999994;-0.8660254037844387;0.8486442574947509;0.5289640103269624;-0.433883739117558;-0.9009688679024191;104100;104195;104210;104485;105090;105755;106345;104550;104775;104570;105155;105875;106380;106645;103755;103970;103975;104350;105035;105625;106120;104200;104210;104490;105095;105755;106345;106425;1827663;3192122;1971305;1611537;1604664;1608960;1615223;679111;1022795;589283;465131;430778;407844;419605;5008.5;5018.5;4996.5;4992.0;4979.5;4965.0;4958.0;5034.0;5022.5;5002.0;4993.5;4983.5;4965.5;4966.0;5003.0;4987.5;4979.0;4977.5;4964.0;4951.0;4954.5;5018.0;4996.5;4992.5;4979.0;4965.5;4958.0;4965.5;640500;658468;388563;259098;243608;305185;168942;220831;201103;111223;65862;58325;73295;42876;1
2023-05-08;0.030643611911623438;1.04858934169279;0.016649896531429766;0.49999999999999994;-0.8660254037844387;0.9987165071710528;-0.05064916883871264;0.0;1.0;107100;107460;107355;107780;107810;107680;107505;107725;107830;107795;107940;108035;107775;107540;106545;107040;107085;107060;107545;107325;106960;107460;107350;107780;107810;107675;107510;107405;2034028;3319662;2048317;2289475;1338284;1169160;1354912;693232;1005803;587945;624928;352532;310136;367464;4978.0;4984.0;4997.5;4980.5;5015.5;5022.5;5017.5;4986.0;4999.0;4998.0;5017.5;5028.0;5024.5;5039.5;4966.0;4974.0;4978.0;4978.5;5014.0;5015.0;5016.0;4984.0;4997.5;4980.0;5015.0;5022.5;5017.5;5030.0;488025;452913;291352;521206;307521;198764;269004;160235;144537;89306;145906;83630;50401;72750;0
2023-05-09;0.013912231559290382;0.17114093959731544;0.010856293716221972;0.49999999999999994;-0.8660254037844387;0.9680771188662043;-0.2506525322587204;0.7818314824680298;0.6234898018587336;106800;106690;107870;108120;108510;108655;108555;106935;107895;108335;108665;109055;108670;108640;106570;106670;107805;108115;108440;108460;108160;106695;107875;108120;108510;108660;108555;108240;1535139;3222040;2434229;1805290;1535497;968148;1326711;519883;924744;687314;497730;410166;235577;331755;5031.0;5054.5;5019.5;5030.0;5007.5;5007.0;5002.5;5060.0;5055.5;5030.0;5036.0;5009.5;5009.5;5023.5;5020.0;5018.0;5014.5;5007.5;4995.5;4998.5;5000.0;5055.0;5019.5;5030.0;5007.5;5007.0;5002.5;5020.0;611063;607368;348375;365941;265689;178203;242769;195305;174552;103735;96522;71538;46643;62457;1
2023-05-10;0.023267790262172284;0.676056338028169;0.021019321552703932;0.49999999999999994;-0.8660254037844387;0.8978045395707416;-0.4403941515576344;0.9749279121818236;-0.22252093395631434;108250;108285;108260;108135;108365;108405;108355;108820;108740;108555;108540;108515;108570;108815;108060;107590;108015;108105;108225;108090;108350;108285;108265;108130;108360;108400;108360;108635;2095993;3310633;2427569;1361243;818872;1381546;1307534;760523;1011953;681004;368602;215727;363994;346297;5008.5;4966.0;4975.5;4977.5;4976.0;4968.0;4982.0;5013.5;4984.5;4982.5;4987.0;4978.0;4987.0;4983.0;4960.0;4964.0;4970.5;4974.0;4965.0;4966.5;4972.5;4966.0;4975.5;4977.5;4976.0;4968.0;4982.0;4976.0;758847;516124;300569;225679;179329;271573;149397;249067;169963;93249;68587;52494;79121;44602;1
2023-05-11;0.01302540415704388;0.5141843971631206;0.01838097028958255;0.49999999999999994;-0.8660254037844387;0.7907757369376989;-0.6121059825476626;0.43388373911755823;-0.900968867902419;108315;107825;108240;108295;108400;108380;108995;108460;108325;108650;108680;108425;109195;109930;107745;107465;107960;108250;108150;108375;108855;107815;108245;108290;108400;108380;108990;109280;1680934;3118775;2519571;1471183;979032;1805258;2151538;560275;908808;695331;394726;269280;455915;531683;4977.0;4992.5;4991.5;4995.0;4978.5;4978.0;4964.5;4996.5;5004.5;5002.5;4997.0;4981.5;4978.5;4967.5;4966.5;4991.0;4991.0;4978.0;4969.0;4962.5;4951.5;4993.0;4991.5;4994.5;4979.0;4978.0;4964.0;4963.0;665368;533141;303207;286494;241371;306652;324637;222187;162929;87100;75017;63504;75854;79323;1
2023-05-12;0.022757697456492636;0.744421906693712;0.026372996905856337;0.49999999999999994;-0.8660254037844387;0.6513724827222223;-0.7587581226927909;-0.433883739117558;-0.9009688679024191;109300;108845;109725;109660;109520;109445;109380;109300;109800;109880;109900;109580;109465;109680;108625;108435;109350;109435;109245;109155;109190;108845;109725;109660;109520;109440;109375;109505;1535564;3455147;2276202;1287694;1116292;1139637;1272600;506810;1006181;650899;365611;295285;306507;343491;4953.0;4950.5;4929.0;4943.0;4944.0;4944.0;4942.5;4975.0;4953.5;4951.0;4957.5;4954.0;4948.0;4951.0;4950.0;4926.5;4924.5;4941.5;4941.5;4937.5;4939.5;4950.5;4929.0;4943.5;4944.0;4944.0;4942.5;4944.5;559141;640048;472781;244430;188230;192650;155676;181433;175266;128358;66144;52416;51972;43489;1
2023-05-15;0.013403476669716377;1.136518771331058;0.03352138854208713;0.49999999999999994;-0.8660254037844387;0.10116832198743272;-0.994869323391895;0.0;1.0;110100;109955;109815;109670;109700;109820;109840;110150;110190;109930;109805;110045;109875;110375;109690;109345;109510;109540;109615;109670;109840;109950;109810;109670;109700;109820;109840;110095;1426546;3178418;1870622;995835;1198258;788992;1443034;512528;980058;556303;281703;333142;213689;396434;4938.0;4920.5;4940.0;4925.5;4922.5;4926.0;4929.5;4938.0;4949.0;4945.5;4927.5;4929.0;4934.0;4930.0;4918.0;4919.0;4924.0;4919.0;4920.0;4926.0;4905.0;4921.0;4939.5;4925.5;4923.0;4926.5;4929.5;4906.5;531931;527060;345216;221771;182215;193843;334240;167220;173023;110968;62310;50884;54215;82969;1
2023-05-16;0.009355131698455948;0.49029126213592233;0.030316246591210187;0.49999999999999994;-0.8660254037844387;-0.10116832198743204;-0.9948693233918952;0.7818314824680298;0.6234898018587336;109850;110115;111215;110125;110270;110300;110140;110145;111250;111230;110425;110345;110320;110250;109655;110085;110005;110045;109960;110080;109820;110115;111210;110120;110275;110300;110140;109880;1675984;3505354;2644471;1410892;1372828;1110199;1231571;544512;991706;716380;379386;345588;271836;292276;4909.0;4928.5;4916.0;4931.5;4929.0;4962.5;4950.0;4929.5;4930.0;4933.0;4945.0;4968.5;4963.5;4956.5;4901.5;4907.5;4910.0;4928.0;4927.5;4946.5;4941.0;4928.5;4916.0;4931.0;4929.0;4962.5;4950.0;4949.0;662063;562934;511793;399721;416836;226167;222475;218965;178486;141099;107858;113635;60371;61022;0
2023-05-17;0.022576240327719616;0.2540322580645161;0.025975274371015728;0.49999999999999994;-0.8660254037844387;-0.2993631229733582;-0.9541392564000488;0.9749279121818236;-0.22252093395631434;109400;109755;110150;110085;110085;110445;110380;109870;110795;110415;110285;110630;110495;110425;109150;109735;109980;109905;110075;110225;110200;109760;110150;110080;110080;110445;110375;110315;1893394;3879509;2154315;1505083;1378381;1320148;1254861;657158;1142504;609915;421892;372371;348658;320594;4955.0;4965.5;4972.0;4972.0;4955.5;4941.5;4939.0;4984.5;4974.0;4979.5;4978.0;4959.5;4947.0;4950.0;4950.5;4947.5;4958.0;4945.0;4935.5;4938.0;4936.5;4965.5;4971.5;4971.5;4955.5;4941.0;4939.0;4949.0;722832;605019;419801;426172;249060;178378;184081;236889;189584;122426;111469;69353;48877;48976;1
2023-05-18;0.015219378427787934;0.7807807807807807;0.03448114378304463;0.49999999999999994;-0.8660254037844387;-0.4853019625310808;-0.8743466161445822;0.43388373911755823;-0.900968867902419;110450;109835;109995;109990;110270;110235;110465;110565;110415;110490;110335;110385;110495;110980;109550;109805;109710;109960;110145;110220;110465;109825;109995;109985;110265;110230;110470;110840;2019982;3268361;2605031;1375426;1095827;1137049;1695380;680179;949609;705643;358579;277610;279599;434971;4963.5;4982.5;4978.5;4991.0;4977.0;4988.5;4985.5;4986.0;4983.5;4991.5;4991.5;4989.0;4994.5;4985.5;4961.5;4967.0;4970.0;4975.5;4975.0;4984.0;4975.0;4982.5;4979.0;4991.0;4977.5;4988.0;4985.0;4978.0;658245;472188;400953;255494;165041;252035;250404;215264;144017;112853;66113;45863;60007;63041;1
2023-05-19;0.015572657311000453;0.8895348837209303;0.03875700772895811;0.49999999999999994;-0.8660254037844387;-0.651372482722222;-0.7587581226927911;-0.433883739117558;-0.9009688679024191;111080;111830;111205;111575;111560;111740;111780;111945;111850;111640;111950;111825;112125;111855;111000;110585;110940;111405;111410;111695;111310;111830;111200;111580;111560;111740;111785;111520;2090715;3363243;1939872;2035827;1038158;1194857;1486728;649041;923082;510737;533150;282636;318351;370057;4965.5;4983.5;5008.0;5003.5;4995.5;4989.0;5005.0;4988.5;5013.0;5011.5;5009.0;4998.0;5005.0;5013.0;4956.5;4980.0;4996.0;4987.0;4983.0;4986.0;5002.0;4983.5;5008.0;5003.0;4996.0;4989.5;5005.0;5009.5;632429;726142;399948;463190;241799;172001;261787;192491;207804;98462;111063;59836;44586;59398;1
2023-05-22;0.01386388188692834;0.4318181818181818;0.03762982031515966;0.49999999999999994;-0.8660254037844387;-0.9680771188662041;-0.2506525322587213;0.0;1.0;111250;111440;111260;111415;111425;111375;111580;111620;112550;111570;111685;111470;111760;111600;111235;111000;111090;111260;111230;111320;111400;111440;111260;111420;111425;111380;111575;111460;1330306;3992588;2167431;1545008;1514519;1329812;854833;469690;1268589;620809;423590;361691;356129;228002;5009.5;4993.0;4978.5;4974.0;4972.5;4976.5;4966.5;5016.0;4994.5;4988.0;4976.5;4977.0;4979.5;4971.5;4987.5;4970.5;4972.5;4968.5;4971.5;4963.0;4963.0;4993.5;4978.5;4974.0;4972.5;4976.5;4966.5;4971.0;527086;537072;388682;202046;113598;214470;147559;177499;161654;109019;52684;28759;56192;40029;0
2023-05-23;0.015415730337078652;0.02040816326530612;0.03162473684822685;0.49999999999999994;-0.8660254037844387;-0.9987165071710528;-0.05064916883871355;0.7818314824680298;0.6234898018587336;110870;110870;111345;111765;111900;111695;111685;110995;111570;111860;112150;111905;112050;111740;110555;110655;111200;111725;111390;111615;110430;110870;111350;111765;111900;111695;111685;110720;1503609;3396042;2338621;1537461;1820976;1377873;2500759;535132;1002019;652265;399947;447624;349102;615659;4989.0;4997.0;4984.5;4972.0;4962.5;4964.5;4971.0;5003.0;4997.0;4990.0;4973.0;4971.5;4973.5;4988.0;4981.5;4975.0;4965.0;4959.0;4962.0;4958.5;4969.0;4997.0;4984.0;4971.5;4962.0;4964.5;4970.5;4984.5;577624;540259;486975;258111;163145;216990;238532;181559;158695;128063;58921;42822;57053;58971;0
2023-05-24;0.015513664652295481;0.13662790697674418;0.02717967638711953;0.49999999999999994;-0.8660254037844387;-0.9884683243281114;0.15142777750457667;0.9749279121818236;-0.22252093395631434;110665;110130;109645;109985;109980;109470;109545;111075;110260;110200;110400;109990;109770;109850;110035;109355;109615;109920;109160;109370;109490;110130;109645;109990;109980;109465;109550;109520;1913938;3522787;1990999;1461059;1849095;1058823;1046749;627017;981895;519126;381889;477273;288376;295382;4971.0;4947.0;4963.0;4960.0;4950.0;4955.5;4953.5;4971.5;4963.5;4965.0;4962.0;4959.5;4960.5;4962.5;4941.5;4942.0;4952.5;4949.0;4948.5;4952.0;4946.0;4946.5;4962.5;4960.0;4950.0;4956.0;4953.5;4960.5;579682;461929;302493;215320;193972;171498;211874;176902;137232;86942;55161;51032;40831;59608;1
2023-05-25;0.017304477477070437;0.5926892950391645;0.02164967313601849;0.49999999999999994;-0.8660254037844387;-0.9377521321470804;0.3473052528448203;0.43388373911755823;-0.900968867902419;110295;111140;111005;111230;110665;110915;110890;111480;111880;111235;111385;111150;111240;111090;110200;110595;110440;110260;110635;110785;110500;111135;111005;111230;110665;110920;110890;110750;2388756;3750427;2319082;2010085;1118253;1228184;1840316;827369;1141536;658777;531913;314889;331306;472537;4958.5;4994.0;4999.0;5005.5;5020.5;5033.0;5022.5;4996.5;5001.0;5023.0;5029.0;5033.5;5033.5;5049.0;4949.5;4983.5;4991.5;5005.5;5017.5;5021.0;5010.0;4994.0;4999.5;5006.0;5020.5;5033.0;5023.0;5040.0;735566;557608;560146;377054;238743;261937;579485;210214;135393;131296;84500;52969;59220;126763;1
2023-05-26;0.01523187814497484;0.6547619047619048;0.027895400329702297;0.49999999999999994;-0.8660254037844387;-0.848644257494751;0.5289640103269624;-0.433883739117558;-0.9009688679024191;111300;112275;112160;111650;111065;111875;111935;112300;112405;112340;111775;111900;112220;111950;111210;111710;111600;110390;110940;111775;111440;112275;112160;111655;111065;111880;111940;111505;2339806;2884429;2273129;2517763;1456245;1673286;1157153;773955;847067;626870;657949;365086;446111;292746;5020.5;5005.0;5023.0;5013.5;5006.5;4997.0;4995.5;5036.0;5030.0;5029.0;5018.5;5012.5;4999.0;4997.0;5001.0;5003.0;5004.5;5003.5;4997.0;4986.0;4984.0;5005.5;5023.0;5013.5;5007.0;4997.0;4995.5;4989.5;797213;489248;421944;252644;204249;310233;182986;243860;145120;118727;61560;52274;75297;46067;1
2023-05-29;0.018104222821203952;0.6997518610421837;0.0291555723297072;0.49999999999999994;-0.8660254037844387;-0.3943558551133187;0.9189578116202306;0.0;1.0;111800;111555;111005;111235;111105;111045;110845;111925;111790;111240;111400;111155;111050;111370;111355;110730;110810;110995;110780;110650;110765;111555;111005;111235;111100;111045;110850;111080;1055096;2756613;1286251;1266950;1131968;908583;1037928;379860;884321;394500;366409;330113;270496;318065;5005.0;4987.5;4994.5;5011.5;5005.5;5005.5;5014.0;5006.5;4995.0;5016.0;5015.5;5008.0;5018.5;5019.0;4987.0;4977.0;4991.5;5004.0;5002.5;5005.0;5006.5;4987.5;4994.5;5011.5;5006.0;5005.0;5013.5;5018.0;355904;390998;300675;158310;89738;114768;132206;118333;125976;91934;42451;25466;34059;41054;1
2023-05-30;0.011404293381037567;0.4117647058823529;0.020764184421582264;0.49999999999999994;-0.8660254037844387;-0.20129852008866114;0.9795299412524943;0.7818314824680298;0.6234898018587336;111175;111815;110130;109495;109205;109240;109440;111885;111980;110245;109645;109400;109555;109760;111105;109980;109375;109055;109060;109175;109400;111815;110130;109490;109205;109235;109445;109590;1768431;3988377;2480128;1917281;1235194;1087486;1153023;579154;1210318;688227;531274;342792;304472;319582;5010.0;5046.5;5062.5;5061.0;5063.0;5063.5;5053.0;5049.0;5068.0;5065.0;5065.0;5071.0;5064.0;5055.5;5002.0;5042.5;5050.0;5053.5;5057.0;5047.0;5042.5;5047.0;5062.5;5061.0;5063.0;5064.0;5053.0;5044.5;646251;707785;398788;226687;254637;262102;210210;198984;199014;111539;54694;65853;64354;49697;1
2023-05-31;0.026309871823701373;-0.042735042735042736;-0.0027875808467105172;0.49999999999999994;-0.8660254037844387;-2.4492935982947064e-16;1.0;0.9749279121818236;-0.22252093395631434;108930;109170;109150;109020;108915;108965;109390;109265;109535;109445;109210;109120;109665;109545;108825;108675;108870;108840;108700;108870;109205;109170;109155;109020;108910;108965;109395;109285;1766575;3344616;2499952;1178737;1284997;1728870;1181150;615738;1000380;694844;329774;347914;443824;305349;5085.0;5092.5;5103.5;5151.0;5137.5;5123.0;5104.0;5114.5;5108.0;5153.0;5156.0;5145.5;5124.5;5110.0;5083.0;5088.0;5102.5;5123.5;5122.5;5100.0;5097.0;5092.0;5103.5;5151.0;5137.5;5123.0;5104.0;5101.0;761061;524572;920591;564020;252289;381726;227635;257928;142873;226416;127756;61455;92432;60932;0
2023-06-01;0.009088405397961994;0.8737373737373737;0.0001848981576382342;1.2246467991473532e-16;-1.0;0.20791169081775931;0.9781476007338057;0.43388373911755823;-0.900968867902419;109540;109210;109085;109765;110790;110715;110840;109955;109470;109830;110865;110880;111045;111080;109155;108715;108860;109510;110640;110650;110745;109210;109095;109760;110785;110715;110845;110905;1704341;2933775;2377401;2704652;1158189;1331549;1079484;607591;909364;659576;724532;309822;353960;295385;5067.0;5072.0;5073.0;5065.0;5048.5;5047.5;5050.0;5080.5;5086.0;5077.5;5067.0;5055.5;5050.0;5050.0;5048.5;5060.0;5060.0;5042.0;5045.0;5039.0;5033.0;5072.0;5073.0;5065.5;5048.5;5048.0;5049.5;5035.5;755444;541086;411959;431471;191443;203555;239043;239490;164417;113306;105754;49554;49408;59342;1
2023-06-02;0.026154829286105533;1.1047120418848169;0.01819472473567936;1.2246467991473532e-16;-1.0;0.40673664307580015;0.9135454576426009;-0.433883739117558;-0.9009688679024191;111880;112880;113060;113070;113340;112965;112695;112885;113475;113200;113420;113345;112985;113240;111805;112760;112780;112960;112815;112570;112520;112880;113060;113065;113340;112965;112700;113115;2023624;3039105;1747550;1181283;1166051;1221029;1503087;778329;882088;489334;323893;307827;310490;376591;5030.0;4986.5;4975.5;4982.0;4985.5;4985.0;4991.5;5031.0;4991.5;4993.0;4988.0;4995.0;4992.0;4993.0;4985.0;4973.0;4972.0;4978.0;4982.5;4983.5;4985.5;4986.5;4975.5;4981.5;4986.0;4984.5;4991.5;4988.5;861024;614865;420312;180667;199511;144477;130040;251619;174956;114527;49181;50600;35419;35121;1
2023-06-05;0.014926707186271005;0.6856287425149701;0.024845354510748627;1.2246467991473532e-16;-1.0;0.8660254037844386;0.5000000000000001;0.0;1.0;112950;113140;112835;112705;112760;112745;112880;113255;113500;113025;112830;112900;112885;113110;112820;112805;112005;112570;112635;112610;112640;113135;112835;112705;112755;112750;112875;112910;1544037;2633076;2798610;1051878;694401;908466;1337429;516536;809714;784327;288470;190758;230668;342455;5000.0;4963.5;4965.0;4948.5;4941.5;4941.0;4938.5;5001.0;4970.0;4965.5;4950.5;4946.0;4945.5;4950.0;4961.0;4955.5;4941.5;4938.5;4937.0;4936.5;4936.5;4963.5;4965.0;4949.0;4941.0;4941.0;4939.0;4948.5;612145;411626;575590;303642;171010;137894;237696;199455;134560;161981;76317;42798;34858;58494;1
2023-06-06;0.013235945108455069;0.5418060200668896;0.020837056525407818;1.2246467991473532e-16;-1.0;0.9510565162951535;0.30901699437494745;0.7818314824680298;0.6234898018587336;112815;113485;113805;114315;114700;114875;114995;113575;113940;114370;114915;115000;115160;115005;112800;113260;113805;114185;114590;114725;114615;113480;113810;114315;114700;114870;114990;114760;1650182;3198669;2276168;2082819;1345615;1438540;1400857;574297;989392;639944;542188;356401;374447;351887;4956.5;4968.5;4969.5;4945.0;4933.0;4923.5;4930.0;4971.5;4979.0;4970.0;4947.0;4934.0;4935.5;4937.5;4936.5;4960.0;4938.0;4929.0;4923.0;4923.0;4929.5;4968.0;4969.5;4944.5;4933.0;4924.0;4930.0;4936.5;626508;463673;525729;346035;205427;204986;158075;200181;144462;139639;83144;46887;48062;35798;1
2023-06-07;0.02216017373576209;1.12;0.04292361441598307;1.2246467991473532e-16;-1.0;0.9945218953682733;0.10452846326765346;0.9749279121818236;-0.22252093395631434;115600;116010;116040;115550;115485;115420;115180;116130;116270;116230;115990;115650;115475;115800;115550;115635;115360;115450;115330;114870;115180;116010;116040;115545;115485;115415;115180;115595;1869879;3082614;2322887;1691569;1097050;1623995;1578323;657359;932598;656227;471735;302315;436557;417327;4930.0;4933.0;4927.5;4945.0;4931.5;4932.0;4937.5;4948.0;4939.0;4954.5;4946.0;4935.0;4947.5;4943.0;4925.5;4924.0;4922.5;4925.5;4926.5;4932.0;4934.0;4933.0;4927.5;4945.0;4931.5;4932.5;4937.5;4941.0;676428;464191;551298;309567;148147;274544;144415;219187;126918;143822;76644;35043;65208;38433;1
2023-06-09;0.012110726643598616;1.0642857142857143;0.046381705406140616;1.2246467991473532e-16;-1.0;0.9510565162951536;-0.30901699437494734;-0.433883739117558;-0.9009688679024191;116360;116800;116850;117525;117580;117515;117340;117145;116965;117840;117720;117830;117645;117430;116340;116545;116820;117370;117450;117255;116935;116805;116850;117525;117585;117515;117340;117145;1853051;2260962;2687183;1292333;1050657;1091560;1180338;590848;677553;727827;355218;296049;290844;315690;4936.0;4927.5;4918.5;4897.5;4906.5;4894.0;4896.0;4948.5;4933.0;4919.5;4907.5;4909.0;4901.0;4898.0;4924.5;4916.5;4875.5;4897.0;4893.5;4891.0;4888.5;4927.5;4919.0;4897.5;4907.0;4894.5;4895.5;4892.0;540937;345003;655642;193030;172252;172203;157748;164728;99484;164202;54418;46247;46479;42993;1
2023-06-12;0.012891027844620144;0.74;0.05247122394024795;1.2246467991473532e-16;-1.0;0.5877852522924732;-0.8090169943749473;0.0;1.0;117450;117585;117120;117580;117575;117450;117390;118040;117595;117645;117940;117590;117525;117615;117260;116815;117070;117485;117345;117285;117320;117585;117115;117580;117575;117455;117395;117485;1922641;3033995;2043582;1613995;956089;1001535;1161152;623054;895861;569605;446521;268734;272779;305382;4901.5;4897.0;4911.5;4903.5;4897.5;4893.5;4889.5;4908.5;4919.5;4914.5;4904.0;4902.5;4895.5;4891.0;4887.0;4883.0;4901.0;4891.5;4890.0;4884.0;4884.0;4897.0;4912.0;4903.5;4897.5;4893.5;4889.5;4886.0;520775;558545;309807;250938;200315;204345;139940;161562;167771;85849;68363;47160;55285;36504;1
2023-06-13;0.010429970200085143;0.926530612244898;0.053110895836216476;1.2246467991473532e-16;-1.0;0.40673664307580004;-0.913545457642601;0.7818314824680298;0.6234898018587336;117950;118150;117500;117635;117150;117050;117005;118170;118215;117755;117690;117310;117260;117275;117430;117440;117055;117120;116870;116705;116425;118145;117500;117640;117150;117050;117005;116700;1987646;2644827;2226107;1537374;1208554;1385683;1706388;713788;809410;654691;436733;325756;375872;468556;4885.0;4865.5;4880.5;4869.5;4874.0;4870.5;4878.0;4888.0;4881.5;4896.5;4875.0;4876.0;4883.0;4882.5;4865.5;4865.0;4868.5;4865.5;4865.5;4869.0;4872.5;4865.5;4880.5;4869.0;4874.0;4870.5;4878.0;4879.5;643042;491206;538498;255868;185671;196682;192619;193857;134045;149494;60475;48666;49435;49181;1
2023-06-14;0.015175922000847816;1.941340782122905;0.06716034328919467;1.2246467991473532e-16;-1.0;0.20791169081775931;-0.9781476007338057;0.9749279121818236;-0.22252093395631434;119900;119685;120740;120895;120945;121275;120930;120210;120895;120985;121235;121470;121660;121000;119645;119685;120555;120825;120800;120910;119865;119680;120735;120895;120940;121275;120930;120650;1586375;2672951;1879394;1504585;1543932;1757413;2989966;541638;844808;551088;423418;424422;482161;975308;4875.0;4870.5;4863.5;4855.0;4858.5;4856.5;4852.0;4878.5;4872.0;4866.5;4860.5;4860.0;4860.5;4883.0;4863.0;4859.5;4854.5;4852.5;4847.0;4852.0;4848.5;4870.0;4863.5;4855.0;4858.0;4856.0;4852.0;4852.5;492286;442411;315954;212925;245422;177033;799854;152223;117753;75042;50028;58146;45390;211230;1
2023-06-15;0.01755629691409508;0.5724465558194775;0.06976960340626681;1.2246467991473532e-16;-1.0;5.66553889764798e-16;-1.0;0.43388373911755823;-0.900968867902419;120850;121335;121675;121945;121680;121535;121570;121480;122125;122255;122090;121810;121670;122165;120830;121140;121620;121385;121415;121195;121485;121335;121675;121950;121680;121540;121570;121980;1754624;2845551;1717079;1758523;1257194;1303941;1395782;630731;960928;521363;507423;380683;380604;399068;4840.0;4846.0;4833.5;4831.0;4825.5;4820.5;4814.0;4858.5;4851.5;4838.5;4838.5;4831.0;4823.5;4820.0;4833.5;4823.0;4820.5;4815.5;4817.0;4808.5;4809.0;4846.0;4833.5;4830.5;4825.5;4821.0;4814.0;4811.0;572611;546012;401442;316224;222876;239782;177123;184541;157896;106994;80893;53232;61978;45675;0
2023-06-16;0.011791477037649978;0.7157894736842105;0.07332004712566477;1.2246467991473532e-16;-1.0;-0.20791169081775907;-0.9781476007338057;-0.433883739117558;-0.9009688679024191;121850;121115;121590;121730;121410;121750;121505;121920;121600;122065;121780;121790;121780;121595;121020;120760;121525;121375;121300;121480;121250;121110;121580;121725;121410;121745;121505;121500;1573563;2732413;2214093;1322373;968589;887693;1190133;557869;879346;663302;392456;280457;243505;318744;4823.5;4842.0;4839.0;4838.5;4843.0;4836.5;4834.0;4847.5;4861.5;4839.5;4846.0;4850.0;4845.5;4836.5;4819.5;4834.5;4824.0;4832.5;4835.5;4833.0;4821.5;4842.5;4839.0;4838.5;4843.0;4837.0;4834.0;4825.5;467338;565773;563796;321492;198535;153393;189399;146833;165378;145097;78477;52008;42956;50572;0
2023-06-19;0.010709889208042675;0.21455938697318008;0.06154021557054278;1.2246467991473532e-16;-1.0;-0.743144825477394;-0.6691306063588585;0.0;1.0;121040;121125;121500;122005;122190;122095;122120;121300;121720;122060;122270;122190;122450;122335;120830;120845;121465;121900;122035;122000;122090;121120;121505;122005;122190;122095;122120;122175;1248859;2813157;2109330;1273099;753412;969677;765377;449785;894287;632596;378024;225645;308261;246699;4835.0;4808.0;4794.0;4779.0;4781.5;4782.5;4781.0;4842.0;4810.5;4797.5;4787.0;4786.0;4783.0;4788.0;4803.0;4786.5;4778.5;4779.0;4779.5;4770.0;4777.0;4808.5;4793.5;4779.0;4781.5;4782.5;4781.5;4787.0;484916;476436;310766;195313;98822;191850;117360;147848;125779;82271;44590;25161;42433;28560;1
2023-06-20;0.013673165895571712;0.743202416918429;0.06533303658318387;1.2246467991473532e-16;-1.0;-0.8660254037844384;-0.5000000000000004;0.7818314824680298;0.6234898018587336;122060;121620;121565;120935;121295;121685;121710;122080;121860;121645;121335;121785;121865;121935;121570;121250;120720;120920;121210;121555;121530;121620;121565;120935;121300;121685;121715;121770;1573230;3113090;2551589;1397301;1308665;1281970;1341388;563846;1001551;774849;424327;382516;377223;378655;4795.5;4794.0;4799.5;4797.0;4806.0;4809.5;4801.5;4805.0;4805.5;4809.5;4806.5;4813.0;4817.0;4803.5;4783.0;4790.5;4796.5;4787.0;4796.0;4801.0;4793.0;4793.5;4799.5;4797.0;4806.5;4809.0;4801.0;4798.0;577006;500414;447694;292360;269839;242820;213630;178428;147853;120234;77653;72951;67468;56698;1
2023-06-21;0.011305915123709652;0.8913043478260869;0.05940531700716912;1.2246467991473532e-16;-1.0;-0.9510565162951535;-0.30901699437494756;0.9749279121818236;-0.22252093395631434;121950;121805;121880;122035;122325;122580;122660;122230;122295;122255;122340;122730;122795;122870;121650;121600;121540;121860;122240;122455;122610;121805;121885;122035;122330;122580;122660;122665;1507696;3424602;2369188;1709517;1259497;1077248;1133430;537698;1101602;742201;506459;377807;308567;315759;4800.0;4809.0;4793.5;4774.0;4770.5;4774.5;4774.5;4823.0;4816.0;4797.5;4779.0;4777.5;4776.0;4775.0;4789.0;4790.0;4772.0;4770.0;4770.0;4770.5;4768.5;4808.5;4793.5;4774.0;4770.0;4774.0;4774.5;4772.0;694041;535030;486939;242634;176602;118707;154184;200669;148252;133411;55679;38119;29124;34771;0
2023-06-22;0.01090610906109061;0.19172932330827067;0.052740760588884834;1.2246467991473532e-16;-1.0;-0.9945218953682733;-0.10452846326765423;0.43388373911755823;-0.900968867902419;121795;121825;121095;120775;120650;120460;120555;122135;122315;121250;120815;120715;120820;121130;121665;120795;120675;120190;120360;120180;120475;121820;121095;120775;120650;120460;120550;121000;1501682;3541582;2146968;1852335;1128132;1663114;1621040;575242;1192695;655931;535773;306518;462179;455133;4773.0;4766.0;4779.0;4782.5;4783.5;4774.5;4781.5;4783.0;4786.5;4789.0;4788.5;4786.5;4795.0;4783.5;4758.0;4765.5;4778.0;4774.0;4772.5;4774.5;4772.5;4765.5;4779.5;4782.5;4783.0;4774.5;4781.0;4782.5;621177;567154;295406;261521;205762;258916;166802;173915;167906;79041;63623;52347;68750;44227;1
2023-06-23;0.017529455232152387;0.3372365339578454;0.03980098432773082;1.2246467991473532e-16;-1.0;-0.9945218953682734;0.10452846326765299;-0.433883739117558;-0.9009688679024191;120900;121025;120690;120850;121300;121255;121245;121350;121115;120985;121535;121595;121415;121260;120570;120415;120310;120805;121130;121120;120735;121025;120695;120855;121300;121255;121250;121000;1839356;2834761;2464026;1899126;1255828;967699;1614170;645210;933421;742278;568433;357403;270668;440447;4795.5;4794.0;4792.0;4781.0;4779.0;4785.5;4777.5;4812.5;4806.5;4801.0;4784.0;4789.0;4788.5;4789.5;4793.5;4787.5;4780.0;4770.5;4777.0;4776.5;4777.5;4794.0;4792.0;4780.5;4779.5;4786.0;4777.5;4787.0;523344;473012;419889;307762;167353;135052;121695;156044;136673;112087;78846;40918;33487;28891;1
2023-06-26;0.010628618693134822;0.5058365758754864;0.03561422171613503;1.2246467991473532e-16;-1.0;-0.743144825477394;0.6691306063588585;0.0;1.0;120960;120845;120810;120060;120090;119900;120095;121155;121135;120855;120140;120150;120120;120625;120780;120260;119905;119750;119500;119870;120010;120845;120815;120055;120085;119905;120095;120465;1145207;3247626;2414494;1403066;1350072;991860;1369682;415173;1062105;746787;407426;389795;274814;381359;4785.0;4767.5;4768.5;4779.0;4773.0;4773.5;4776.0;4786.5;4774.5;4782.5;4782.0;4779.5;4778.5;4777.0;4766.5;4761.5;4764.5;4772.5;4772.5;4768.5;4763.0;4767.0;4768.5;4779.5;4773.5;4773.5;4776.0;4767.5;325894;386210;341171;170370;127367;148315;168271;96606;113246;92691;46150;33861;36834;41698;0
2023-06-27;0.013682208994708995;0.6858006042296072;0.029117889811404455;1.2246467991473532e-16;-1.0;-0.5877852522924734;0.8090169943749473;0.7818314824680298;0.6234898018587336;120635;121105;119690;119030;118665;119025;119240;121400;121245;119885;119070;119115;119395;119265;120615;119560;118920;118545;118565;118900;118970;121105;119695;119030;118665;119030;119240;119115;1880303;4124408;2702776;1788256;1394300;1258750;1079250;682283;1364182;841231;527566;405714;350553;301712;4771.0;4759.0;4792.5;4801.5;4806.5;4800.0;4801.5;4782.0;4796.0;4803.0;4808.0;4808.0;4806.5;4806.0;4752.5;4756.0;4784.5;4794.0;4795.5;4796.0;4794.0;4759.0;4792.0;4801.5;4806.0;4800.0;4801.0;4795.5;628365;557941;440397;299547;224117;188662;176861;192968;154046;104388;66266;52135;42155;35624;1
2023-06-28;0.023666431798400132;0.38704028021015763;0.016997413945146738;1.2246467991473532e-16;-1.0;-0.40673664307580015;0.913545457642601;0.9749279121818236;-0.22252093395631434;119650;119335;119360;119415;119520;119400;118755;119765;119895;119535;119950;119685;119505;119090;118930;118950;119110;119285;119315;118670;118650;119335;119360;119410;119515;119405;118750;118985;2023777;3630586;2002865;1814995;1158516;1681795;1156530;692309;1196875;632575;543055;337392;501228;326196;4817.5;4867.0;4856.0;4857.0;4844.0;4849.0;4848.0;4871.5;4869.0;4865.0;4858.5;4854.5;4850.0;4848.0;4811.0;4852.0;4848.5;4841.0;4842.5;4838.5;4837.5;4867.0;4856.0;4856.5;4844.0;4848.5;4847.5;4840.5;902308;545500;365906;261875;151094;210442;193029;239766;142728;91841;60805;39324;52309;42131;0
2023-06-29;0.012536564981195153;0.44333333333333336;0.008485536066174058;1.2246467991473532e-16;-1.0;-0.20791169081775898;0.9781476007338057;0.43388373911755823;-0.900968867902419;119115;119070;119600;119490;120250;120045;120030;119210;119785;119685;120250;120265;120050;120260;118375;118770;119190;119490;119985;119830;119840;119070;119600;119495;120245;120045;120030;119955;2358396;2689567;1825265;1774146;870523;1034683;1270124;832085;849946;559476;531357;259365;307964;367904;4848.0;4856.0;4863.5;4871.5;4852.0;4866.0;4864.5;4859.5;4869.0;4876.0;4872.0;4866.0;4868.0;4868.5;4831.0;4852.5;4860.5;4850.0;4850.0;4855.0;4858.5;4856.0;4863.5;4872.0;4852.0;4866.0;4865.0;4866.5;745106;491489;389726;290210;202252;179030;190857;225003;140181;94503;64880;46422;40567;44294;1
2023-06-30;0.020190572136170926;1.0332640332640333;0.018104931524735544;1.2246467991473532e-16;-1.0;-1.133107779529596e-15;1.0;-0.433883739117558;-0.9009688679024191;120860;121355;121025;120965;120955;120975;120445;121550;121510;121370;121120;121115;120990;120885;120575;120685;120595;120540;120765;120050;120335;121350;121030;120970;120955;120970;120450;120775;2038822;2776312;2450486;1755923;1206741;1726823;1289909;746256;944085;753278;508336;343670;487078;359449;4886.0;4852.5;4845.0;4849.0;4835.0;4816.0;4818.0;4895.5;4861.0;4856.0;4850.0;4837.0;4831.5;4821.5;4848.0;4839.0;4835.0;4834.0;4814.5;4815.0;4808.0;4852.5;4844.5;4849.0;4835.5;4816.0;4818.5;4818.0;634199;469646;443129;307808;303174;223397;244631;189693;126605;107684;66830;70010;52684;55525;0
2023-07-03;0.0173754757570743;0.25476190476190474;0.007371523084285558;-0.4999999999999997;-0.8660254037844388;0.5712682150947923;0.8207634412072763;0.0;1.0;119985;120500;121135;121425;121510;121565;121295;120665;121440;121575;121660;121610;121740;121550;119900;120270;121105;121270;121390;121280;121285;120505;121140;121430;121515;121570;121295;121480;1509426;3186814;2153097;1386957;1064564;1138424;777158;553796;994710;655025;400215;304160;350854;248246;4821.0;4807.5;4798.5;4809.0;4813.0;4820.5;4825.0;4821.0;4818.0;4814.5;4814.5;4826.0;4826.5;4826.0;4783.5;4796.0;4793.5;4803.5;4805.0;4816.0;4817.0;4807.5;4799.0;4808.5;4813.0;4820.0;4825.5;4824.5;539600;428654;378693;184962;210228;162394;93780;171427;134332;108569;51302;56507;34323;24084;1
2023-07-04;0.015335250239613286;0.8369565217391305;0.01598775192631077;-0.4999999999999997;-0.8660254037844388;0.7247927872291199;0.6889669190756866;0.7818314824680298;0.6234898018587336;121440;121095;121005;120945;121165;121215;120740;121590;121255;121445;121335;121330;121260;120960;121080;120715;120755;120940;121060;120655;120485;121095;121010;120945;121165;121210;120740;120895;1309089;2573874;2662912;1183389;938298;1062584;1301358;482855;822962;802672;340090;273682;333731;411974;4823.0;4812.5;4820.5;4841.5;4841.0;4846.5;4867.0;4825.0;4822.0;4843.0;4846.0;4849.0;4868.5;4870.5;4807.0;4810.0;4820.0;4836.5;4839.0;4844.0;4858.5;4812.0;4820.0;4841.5;4841.0;4847.0;4866.5;4860.0;303180;239748;323069;181040;115468;211373;170205;102028;82040;96026;47753;31583;51331;41520;0
2023-07-05;0.009099143610013176;-0.10407239819004525;0.003733669106441882;-0.4999999999999997;-0.8660254037844388;0.8486442574947509;0.5289640103269624;0.9749279121818236;-0.22252093395631434;120370;120180;120725;121045;121070;121430;121755;120695;120965;121525;121175;121545;121810;121985;119730;120095;120655;120790;120930;121365;121350;120180;120725;121045;121070;121430;121750;121435;2216282;3319077;2592827;1285290;1733270;1606522;1551770;823162;1053878;743672;367219;498342;449489;418293;4868.0;4871.0;4884.0;4879.5;4880.5;4881.0;4860.0;4893.0;4890.5;4886.5;4887.0;4885.0;4882.5;4871.0;4863.0;4859.5;4866.0;4872.5;4875.5;4858.0;4857.5;4871.0;4884.5;4880.0;4880.0;4881.5;4859.5;4870.5;563742;527874;420529;219413;149887;193046;182006;188041;165058;111497;52439;39846;50939;51181;0
2023-07-06;0.018733903796627066;0.5631929046563193;0.006523687619966602;-0.4999999999999997;-0.8660254037844388;0.9377521321470804;0.3473052528448203;0.43388373911755823;-0.900968867902419;121000;120195;119525;118815;118895;119055;119145;121005;120505;119585;119090;119250;119290;119435;120000;119505;118775;118710;118650;119045;119125;120195;119525;118815;118890;119050;119145;119240;2036318;3655557;2655438;1720020;1506119;1059630;1336084;774839;1183610;795642;505324;440809;307383;368922;4870.5;4912.5;4904.0;4927.0;4948.0;4960.5;4944.0;4917.5;4912.5;4929.0;4949.0;4973.5;4963.0;4951.0;4863.5;4889.5;4904.0;4922.5;4940.0;4943.0;4935.0;4912.5;4903.5;4927.0;4947.5;4960.0;4943.5;4950.5;806667;452656;535457;400692;455035;265165;224714;244838;140084;137481;101473;111880;61525;57115;0
2023-07-07;0.019462809917355373;0.3970276008492569;-0.006513304920702174;-0.4999999999999997;-0.8660254037844388;0.9884683243281114;0.1514277775045767;-0.433883739117558;-0.9009688679024191;119585;119430;120260;120295;120680;120860;120975;120215;120630;120950;120700;120985;121115;121215;119210;119200;120130;120255;120570;120810;120915;119430;120260;120295;120680;120855;120975;121025;2435623;3263036;2176835;1156571;1151268;1196748;1058318;929846;1039579;653699;344148;328984;341089;299623;4942.0;4921.5;4905.0;4887.5;4884.5;4879.0;4879.0;4959.0;4944.0;4907.0;4889.0;4885.5;4884.0;4880.0;4892.0;4895.0;4880.5;4881.5;4872.5;4869.0;4870.0;4921.5;4905.0;4887.5;4884.0;4879.5;4879.5;4877.0;994639;620161;395994;143895;189253;198429;135075;324137;183201;109844;34185;51362;53064;36027;0
2023-07-10;0.016849939373667265;0.36228287841191065;-0.004876874983145636;-0.4999999999999997;-0.8660254037844388;0.8978045395707416;-0.4403941515576344;0.0;1.0;119930;119920;119895;120005;120225;119740;119680;120190;120175;120275;120300;120280;119785;119750;119615;119560;119790;119640;119545;119525;119345;119920;119895;120000;120230;119735;119675;119615;1694579;3183084;2114444;1361048;1341599;1239577;1411947;601135;1008759;648451;407650;394175;348614;378028;4888.0;4890.5;4898.5;4892.5;4885.5;4891.5;4895.0;4900.5;4903.0;4912.5;4904.0;4893.0;4896.0;4904.5;4875.5;4877.0;4890.5;4883.0;4883.5;4883.0;4890.5;4890.5;4898.5;4892.0;4885.5;4891.0;4895.0;4901.5;548288;505813;426828;225785;120490;135421;182488;195737;157763;128540;68208;37203;40254;53022;0
2023-07-11;0.010714583507045777;0.5486381322957199;-0.007161012908067853;-0.4999999999999997;-0.8660254037844388;0.7907757369376989;-0.6121059825476626;0.7818314824680298;0.6234898018587336;119720;118875;117495;117790;118225;118905;118935;119800;119055;117935;118480;118950;119070;118980;118680;117030;117420;117500;118190;118815;118680;118875;117495;117790;118225;118905;118935;118920;2189572;4231163;1761878;2046190;1402047;1124594;1073561;773139;1316696;517666;576427;401767;325762;308483;4916.5;4916.5;4931.0;4914.5;4901.5;4894.0;4883.0;4941.5;4939.0;4932.0;4916.0;4906.0;4898.0;4888.0;4900.5;4908.5;4903.5;4899.0;4892.0;4880.0;4876.5;4917.0;4931.5;4914.5;4901.5;4894.0;4883.0;4878.5;684206;576931;359320;217200;154867;222365;168102;232055;177573;106560;66718;42708;58571;45594;1
2023-07-12;0.023137320414300035;0.8935018050541517;-0.009773417464545986;-0.4999999999999997;-0.8660254037844388;0.6513724827222223;-0.7587581226927909;0.9749279121818236;-0.22252093395631434;119505;119935;120210;120285;119890;119680;119440;120355;120475;120370;120405;119945;119720;119580;119140;119690;120000;119465;119640;119125;119345;119930;120210;120285;119885;119680;119440;119465;2648255;3043134;1704791;1956673;904545;1631785;972004;1049383;1021690;542850;584909;283552;476574;292394;4867.5;4822.5;4814.0;4824.0;4831.0;4823.0;4831.0;4878.0;4832.0;4836.5;4840.0;4835.0;4831.5;4843.5;4816.5;4810.0;4801.0;4823.5;4822.0;4819.0;4827.0;4822.0;4814.0;4824.0;4831.0;4822.5;4831.0;4833.5;873768;486569;583091;277863;145843;167118;199974;295412;148340;160461;78658;40634;47300;53253;0
2023-07-13;0.015062131291577758;0.4;-0.009646809004794372;-0.4999999999999997;-0.8660254037844388;0.48530196253108104;-0.8743466161445821;0.43388373911755823;-0.900968867902419;119395;119420;120980;120955;120865;121055;120890;119910;121070;121125;120970;121175;121115;120975;119310;119315;120810;120555;120835;120710;120530;119420;120985;120955;120870;121050;120885;120665;2109437;3680143;1578724;1169499;1052704;1047699;1260151;801611;1262409;511315;383157;323034;326717;373264;4816.0;4824.0;4814.5;4820.5;4829.0;4813.5;4808.0;4843.5;4827.5;4832.5;4840.0;4832.5;4819.5;4816.0;4813.0;4810.5;4813.5;4819.5;4807.0;4808.0;4803.0;4824.0;4814.5;4820.5;4829.0;4813.5;4808.0;4803.5;753492;494080;385332;310737;266158;157170;229170;243701;149017;105543;84700;69802;45489;56548;0
2023-07-14;0.01562041961556179;0.7613941018766756;0.002002261621935658;-0.4999999999999997;-0.8660254037844388;0.29936312297335804;-0.9541392564000488;-0.433883739117558;-0.9009688679024191;120730;120380;120035;119660;119710;119320;119070;120965;120555;120320;119895;119720;119500;119185;120345;119615;119285;119590;119115;119050;118825;120380;120040;119660;119710;119320;119075;118905;1648863;3097904;2410005;1008802;1508941;1158435;1376054;625025;988895;747081;313681;444091;346137;408452;4818.5;4794.0;4812.0;4815.5;4813.5;4820.5;4817.0;4827.0;4820.5;4826.5;4817.0;4829.5;4827.5;4817.0;4793.0;4790.5;4806.0;4802.5;4809.0;4814.5;4797.5;4794.5;4811.5;4815.5;4814.0;4820.5;4816.5;4805.5;627656;608266;478347;177516;210964;150910;316621;205417;180051;141676;49181;56596;37880;57993;1
2023-07-17;0.018263894640934315;-0.027210884353741496;-0.013980379289434556;-0.4999999999999997;-0.8660254037844388;-0.2993631229733582;-0.9541392564000488;0.0;1.0;118700;118560;118740;118560;118715;119030;119420;118885;119040;118950;118875;119120;119585;119430;118415;117810;118360;118495;118670;118900;119125;118560;118740;118555;118710;119030;119425;119165;1600624;3916236;1978183;1267502;1167132;1383625;853811;606865;1246695;595160;382630;351243;418259;258279;4815.0;4835.0;4853.5;4847.5;4839.0;4831.0;4815.0;4841.0;4863.0;4860.5;4853.0;4844.0;4832.0;4823.0;4810.5;4832.5;4847.0;4838.5;4830.5;4812.5;4812.0;4834.5;4853.5;4847.5;4839.5;4830.5;4815.5;4822.0;445575;538031;319414;233561;180415;293984;169347;147083;158852;91568;59670;44413;71333;44699;1
2023-07-18;0.015880370682392585;0.896551724137931;-0.0061357601917866895;-0.4999999999999997;-0.8660254037844388;-0.4853019625310808;-0.8743466161445822;0.7818314824680298;0.6234898018587336;119500;119270;119905;119590;119510;118675;119090;119680;119960;119935;119675;119585;119225;119280;119045;118770;119340;119160;118645;118400;118960;119275;119905;119590;119510;118670;119085;119005;2090407;3771763;2193135;1359531;1540872;1975881;1125566;769396;1263005;698565;407130;431045;524796;315383;4818.0;4817.0;4815.0;4812.0;4811.0;4823.0;4826.0;4839.0;4834.0;4830.0;4816.0;4823.5;4831.5;4829.0;4808.0;4813.5;4806.5;4806.5;4807.0;4820.5;4818.5;4817.0;4814.5;4811.5;4811.5;4823.5;4825.5;4823.0;748855;559826;463988;246376;201671;240356;144589;234830;184075;120883;57802;46816;55376;34139;1
2023-07-19;0.013054393305439331;0.4807692307692308;-0.00779647961361105;-0.4999999999999997;-0.8660254037844388;-0.651372482722222;-0.7587581226927911;0.9749279121818236;-0.22252093395631434;119150;118515;119020;118285;117725;118090;118215;119260;119060;119055;118295;118105;118345;119200;118280;118105;118260;117685;117690;117955;118165;118515;119015;118285;117720;118085;118215;118890;2066772;3405840;2064130;1949386;1100313;1099020;2088083;756256;1120712;642068;574556;317042;319683;555884;4827.0;4819.5;4797.0;4804.5;4812.5;4808.5;4803.0;4832.5;4822.0;4810.5;4813.0;4814.5;4811.0;4805.5;4815.5;4792.5;4794.5;4803.0;4807.0;4799.0;4791.0;4819.5;4797.5;4804.5;4812.0;4808.5;4803.0;4794.5;498908;531599;398429;219284;132269;161144;191160;157101;151098;111655;53760;33500;40119;49533;0
2023-07-20;0.01321863197650021;0.8031746031746032;-0.007778449732029279;-0.4999999999999997;-0.8660254037844388;-0.7907757369376986;-0.6121059825476627;0.43388373911755823;-0.900968867902419;118950;119230;119040;119045;119040;118835;118935;119485;119305;119155;119395;119095;119025;119110;118625;118440;118550;118755;118740;118810;118765;119230;119045;119045;119040;118840;118930;118950;2046795;3366762;2478581;1797412;1146837;940772;1291127;766098;1092744;744067;505097;336534;267149;354518;4801.0;4798.5;4779.5;4810.0;4817.5;4818.0;4809.0;4811.0;4801.0;4819.5;4820.0;4819.0;4821.0;4815.0;4795.0;4779.0;4778.0;4803.5;4806.5;4807.0;4800.5;4798.0;4779.0;4810.0;4817.5;4817.5;4808.5;4814.0;457638;498560;628637;311794;175921;187985;213066;148774;149536;155915;77820;46684;40280;51937;1
2023-07-21;0.00878520386717108;0.631578947368421;-0.005629340196244184;-0.4999999999999997;-0.8660254037844388;-0.8978045395707417;-0.44039415155763423;-0.433883739117558;-0.9009688679024191;119100;119305;120900;121075;121290;121250;120880;119440;120920;121495;121480;121350;121295;121455;118835;119140;120805;121075;121125;120845;120850;119305;120900;121075;121290;121255;120880;121215;2062275;4010361;2192329;1508400;902469;1243032;1563671;759869;1246776;627134;402848;243945;340736;410527;4828.0;4790.0;4771.5;4781.5;4775.5;4777.5;4777.0;4830.0;4791.0;4784.5;4784.0;4785.0;4782.5;4782.0;4781.5;4767.5;4769.5;4769.0;4774.0;4776.0;4774.0;4790.0;4771.0;4781.0;4776.0;4777.5;4776.5;4780.0;707201;487905;316589;193493;178142;109356;111037;208378;140715;90880;50139;36071;25429;25862;1
2023-07-24;0.022628043660789254;0.8849721706864564;0.011937557392102846;-0.4999999999999997;-0.8660254037844388;-0.9884683243281114;0.15142777750457667;0.0;1.0;121220;121300;121350;122365;122635;122505;121965;121600;121720;122665;122810;122655;122575;122425;121085;121000;121045;122260;122410;121930;121950;121295;121350;122365;122635;122505;121960;122180;1941953;3354873;2713638;1668598;714452;1470802;1353509;741305;1122554;828891;492828;209308;417423;384604;4778.0;4764.0;4765.0;4742.5;4737.5;4737.0;4738.0;4788.5;4777.5;4767.5;4743.0;4740.0;4740.5;4741.5;4759.0;4761.0;4735.5;4729.0;4733.5;4732.5;4733.5;4764.0;4765.0;4742.5;4737.5;4737.0;4738.5;4738.0;583177;472315;537363;320428;156795;126687;144813;170948;136545;143148;74929;35211;31193;36248;1
2023-07-25;0.014931529450585712;1.1906077348066297;0.026905670682262104;-0.4999999999999997;-0.8660254037844388;-0.9377521321470804;0.3473052528448203;0.7818314824680298;0.6234898018587336;123155;124140;123655;122875;123130;122885;123220;124160;124260;123820;123200;123165;123280;123475;123100;123280;122830;122755;122810;122815;123150;124140;123655;122875;123135;122885;123220;123255;2211979;3496778;2243470;1499026;1097001;1062090;1338455;835245;1088842;641511;439453;325846;320862;382176;4731.0;4755.5;4755.5;4742.5;4748.0;4754.5;4749.5;4760.0;4764.5;4759.5;4752.5;4758.0;4756.0;4759.0;4722.5;4742.5;4732.5;4742.0;4743.0;4748.0;4747.5;4755.5;4755.5;4742.5;4748.0;4754.5;4749.0;4758.5;690151;527371;471780;189021;163778;134506;182654;204795;144103;121450;54664;44438;34266;38395;0
2023-07-26;0.01222037270106776;-0.06976744186046512;0.021240809665359413;-0.4999999999999997;-0.8660254037844388;-0.848644257494751;0.5289640103269624;0.9749279121818236;-0.22252093395631434;122650;122495;122815;122700;122545;122720;122550;123245;123175;122825;122700;122910;122810;123670;122385;122425;122220;122300;122440;122340;122425;122495;122810;122695;122550;122720;122550;123130;2300539;2810514;1981157;1154233;1058613;1090222;2372679;852721;929218;628610;355881;314774;346834;750957;4747.0;4746.0;4738.0;4734.5;4739.0;4736.0;4744.0;4758.0;4746.5;4744.0;4741.5;4743.0;4751.0;4752.0;4734.0;4731.0;4731.0;4734.0;4735.5;4735.5;4725.0;4746.5;4738.0;4734.5;4739.0;4736.0;4744.0;4729.0;515538;435026;269662;162158;120105;254235;411619;153726;127348;67246;34840;29676;45067;120874;1
2023-07-27;0.012026090501426825;0.9728813559322034;0.027638749514353328;-0.4999999999999997;-0.8660254037844388;-0.72479278722912;0.6889669190756865;0.43388373911755823;-0.900968867902419;123655;123350;122165;121970;122070;121945;121795;123875;123515;122170;122190;122140;121975;121800;123265;121990;121540;121940;121910;121665;121200;123350;122170;121970;122075;121945;121800;121280;1645644;3514257;2381049;1137878;875174;1453730;1877021;669768;1100429;683201;320490;255206;428250;529112;4726.5;4726.5;4722.0;4735.0;4721.0;4721.0;4721.5;4738.5;4736.5;4736.0;4736.5;4724.0;4728.5;4756.5;4713.0;4711.5;4722.0;4719.0;4716.5;4717.5;4721.0;4726.0;4722.0;4735.5;4721.5;4721.0;4721.5;4750.0;592491;596521;387605;267374;120371;215388;383304;186764;168216;89392;57915;31128;55032;85399;0
2023-07-28;0.030609356677853704;0.190224570673712;0.004222706189423285;-0.4999999999999997;-0.8660254037844388;-0.5712682150947924;0.8207634412072763;-0.433883739117558;-0.9009688679024191;120810;121220;120775;120705;120965;120845;120730;121765;121490;120990;120985;121090;120860;120815;120780;120405;120450;120630;120780;120520;120610;121220;120780;120700;120970;120845;120730;120745;1964441;3320844;2021957;1212907;1001852;1163630;912170;724560;1033841;591049;349507;294333;339859;268114;4729.5;4712.5;4727.0;4722.0;4732.5;4732.5;4727.5;4732.0;4735.0;4730.0;4734.5;4744.0;4739.5;4738.0;4697.0;4712.5;4717.0;4721.0;4731.5;4727.0;4725.5;4712.5;4726.5;4721.5;4732.5;4732.5;4728.0;4730.5;738753;558464;334946;158597;196042;171691;147567;209871;151357;83309;38089;50406;42852;39111;1
2023-07-31;0.011257346246171675;0.7242647058823529;0.00853252245291327;-0.4999999999999997;-0.8660254037844388;-2.4492935982947064e-16;1.0;0.0;1.0;121390;121715;122480;122520;122680;122530;122615;121990;122810;122735;122875;122700;122725;122775;121205;121580;122290;122500;122495;122145;122465;121715;122480;122515;122675;122535;122610;122545;1412252;3569600;1654830;1483624;796849;1360595;1243678;519581;1092280;482103;435248;243999;404887;372049;4761.0;4751.0;4773.0;4786.5;4770.5;4772.5;4763.5;4767.0;4777.0;4788.5;4788.0;4775.0;4774.0;4769.5;4741.5;4748.5;4766.0;4769.5;4769.0;4760.0;4757.5;4751.0;4773.0;4787.0;4770.5;4772.5;4763.0;4759.0;435875;481289;396675;223024;94226;139562;197514;129722;131786;96662;50438;21743;35114;45308;1
2023-08-01;0.013757311145893401;0.6107784431137725;0.01504188682770863;-0.8660254037844384;-0.5000000000000004;0.20129852008866006;0.9795299412524945;0.7818314824680298;0.6234898018587336;122225;121520;122005;121325;121215;121230;121585;122240;122215;122225;121600;121315;121805;121770;121385;121005;121220;121170;120725;121195;121460;121520;122010;121325;121215;121230;121580;121650;1745386;4010349;2547709;1562683;1522109;1349066;1220870;608690;1220622;736378;450240;421673;372698;337765;4755.0;4793.5;4799.0;4801.5;4810.0;4817.0;4822.5;4800.5;4807.0;4810.0;4816.5;4820.5;4822.5;4827.5;4755.0;4791.5;4787.5;4799.0;4808.5;4815.5;4818.5;4793.5;4799.0;4801.5;4809.5;4817.0;4822.5;4822.0;590663;478277;461790;256385;201265;192154;234760;173828;137618;124549;63922;49603;43853;50696;1
2023-08-02;0.012395172836980977;0.20132013201320131;0.004815276048152761;-0.8660254037844384;-0.5000000000000004;0.39435585511331855;0.9189578116202306;0.9749279121818236;-0.22252093395631434;121030;121315;121365;120420;120880;120780;120910;121445;121515;121430;121060;120960;121080;121345;120895;120860;120265;120415;120575;120755;120885;121315;121365;120420;120875;120780;120910;121180;1970065;3264183;3075792;1468269;1213210;1182748;1429572;714084;1034360;885075;419086;358377;347358;398286;4827.0;4818.0;4835.0;4842.5;4839.5;4829.0;4832.0;4827.5;4837.5;4846.5;4848.0;4842.0;4833.0;4834.5;4807.0;4813.0;4826.5;4835.5;4828.5;4816.0;4828.0;4817.5;4835.0;4842.5;4839.5;4829.5;4832.0;4833.5;598259;460741;431723;256937;155004;263302;122637;186818;134641;112299;58718;36762;67446;30993;1
2023-08-03;0.013095926629761216;1.2460567823343849;0.014871470231114894;-0.8660254037844384;-0.5000000000000004;0.5712682150947923;0.8207634412072763;0.43388373911755823;-0.900968867902419;122240;122335;121480;121580;121890;121425;121730;122900;123165;121990;122140;121910;122000;121760;121980;121460;121080;121540;121355;121155;121440;122335;121480;121575;121895;121425;121735;121485;2262990;4722538;3245541;1598936;1387562;1821538;1206498;895217;1450163;919245;451107;397205;492639;349433;4871.0;4891.5;4915.0;4910.0;4909.5;4900.5;4906.0;4898.5;4916.0;4924.0;4914.0;4911.0;4908.5;4913.5;4868.0;4889.5;4902.0;4898.0;4896.0;4899.5;4901.0;4892.0;4914.5;4910.0;4910.0;4901.0;4906.0;4912.5;884804;661931;551994;283965;166068;163869;189993;254636;177339;133456;71401;38704;40285;38934;0
2023-08-04;0.020983311518324606;0.031189083820662766;0.0012735788395083238;-0.8660254037844384;-0.5000000000000004;0.7247927872291199;0.6889669190756866;-0.433883739117558;-0.9009688679024191;120680;120345;120080;121480;121745;121575;121120;120690;120970;121485;121935;121845;121590;121155;119650;120070;120040;121290;121530;121050;119955;120345;120075;121480;121745;121575;121120;120120;2986185;4050197;2902842;1797216;1106645;1401613;3049063;1122243;1232493;819565;492492;304110;384997;780288;4945.0;4900.0;4896.0;4873.0;4879.5;4877.0;4880.5;4949.0;4904.0;4900.5;4880.5;4880.0;4881.0;4895.5;4893.5;4875.5;4872.5;4870.5;4872.0;4872.0;4880.0;4900.5;4896.5;4872.5;4879.5;4877.0;4880.5;4891.5;862398;598550;421533;193905;106772;154368;277061;246657;152173;111826;48971;25828;33776;66675;0
2023-08-07;0.019845873384156446;0.2588726513569937;-0.0029415547506731555;-0.8660254037844384;-0.5000000000000004;0.9884683243281114;0.1514277775045767;0.0;1.0;120160;119960;119670;119395;119575;119720;119940;120185;120495;119865;119660;119760;119950;120100;119700;119340;119275;119230;119500;119510;119740;119960;119670;119400;119570;119725;119945;119865;1852921;4192550;2273957;1699618;848121;1262903;1342005;694114;1324565;700035;493135;253111;382287;387349;4895.0;4908.5;4930.5;4935.5;4921.5;4932.5;4926.5;4918.5;4937.5;4936.5;4936.0;4933.5;4935.0;4926.5;4891.0;4907.5;4925.5;4919.5;4920.0;4922.5;4917.5;4908.0;4930.5;4935.5;4921.5;4932.0;4926.0;4919.5;410599;486935;279676;245242;139556;167736;155263;134644;134748;71776;60134;35505;40436;36668;0
2023-08-08;0.01052762982689747;-0.43873517786561267;-0.015437328759309997;-0.8660254037844384;-0.5000000000000004;0.9987165071710528;-0.05064916883871264;0.7818314824680298;0.6234898018587336;118675;117985;118450;118755;119380;119300;119760;118680;118495;119140;119470;119485;119885;119770;117615;117825;118315;118725;119160;119280;119305;117980;118445;118760;119385;119300;119760;119520;2483322;3579285;2672543;1603925;1195287;2013336;1300622;872072;1145404;829222;482423;373437;565315;369856;4954.5;4944.0;4946.5;4945.5;4931.5;4925.0;4916.0;4963.0;4950.5;4955.0;4947.5;4932.0;4927.5;4924.5;4940.0;4934.0;4939.0;4925.5;4922.0;4911.0;4914.0;4944.5;4946.0;4945.0;4932.0;4925.0;4916.5;4919.0;583499;492925;495346;281988;187770;259269;206539;178995;145429;126453;76935;47992;66578;52892;0
2023-08-09;0.019127870233831893;0.9361233480176211;-0.006622379203281945;-0.8660254037844384;-0.5000000000000004;0.9680771188662043;-0.2506525322587204;0.9749279121818236;-0.22252093395631434;119740;118960;118975;118470;118260;118365;118485;119740;119075;119020;118625;118515;118610;118665;118910;118300;118445;118095;118150;118360;118385;118965;118975;118470;118260;118370;118490;118410;2291708;4127893;2901728;2032292;1408897;1163629;1380878;796931;1247193;824565;570002;394676;335492;379968;4914.5;4917.0;4919.5;4924.5;4922.0;4924.5;4928.0;4926.0;4929.5;4929.0;4933.0;4928.5;4933.5;4936.0;4894.0;4905.5;4914.0;4918.5;4915.5;4916.0;4922.5;4916.5;4920.0;4925.0;4922.0;4924.5;4928.5;4924.0;650548;566026;379577;290103;159466;300135;214937;209266;174820;100870;70094;44628;64325;50495;1
2023-08-10;0.013738099214965759;0.6109422492401215;-0.011858117427927245;-0.8660254037844384;-0.5000000000000004;0.8978045395707416;-0.4403941515576344;0.43388373911755823;-0.900968867902419;119100;119285;119660;119195;119115;118965;118670;119525;119695;119695;119210;119140;119020;118945;118780;118850;118905;118755;118675;118640;118650;119285;119665;119195;119120;118960;118670;118900;2351563;3528415;2334547;1739711;1537857;1491551;1091952;849873;1074888;679019;492009;433923;419894;311615;4909.5;4886.0;4869.0;4865.0;4865.5;4873.5;4889.5;4914.0;4893.5;4873.5;4868.0;4875.0;4890.0;4893.0;4875.5;4867.5;4862.5;4860.5;4863.5;4871.5;4886.0;4885.5;4869.0;4865.0;4865.5;4873.5;4889.0;4889.5;764913;520423;417444;211495;186013;288380;267975;231355;155476;108895;51324;45570;69117;63934;0
2023-08-11;0.013476070528967255;0.16199376947040497;-0.017110254318050164;-0.8660254037844384;-0.5000000000000004;0.7907757369376989;-0.6121059825476626;-0.433883739117558;-0.9009688679024191;118350;118465;118855;118835;118695;118300;117815;119010;119260;119220;119025;119025;118455;117930;118030;118410;118720;118515;118280;117635;117550;118470;118860;118835;118690;118300;117810;117875;2433487;3093361;2269416;1546777;1556120;2132670;1591898;850334;949371;644449;423517;431382;559842;429179;4894.0;4920.0;4918.0;4899.0;4913.0;4913.0;4918.5;4922.5;4926.5;4921.5;4918.0;4918.0;4921.0;4921.0;4881.0;4911.0;4895.0;4894.0;4909.0;4910.5;4913.5;4920.0;4917.5;4899.5;4913.0;4913.5;4918.5;4920.5;665748;393940;489514;278835;205112;174022;133059;215134;117836;139632;75770;44643;43518;33861;1
2023-08-14;0.014448669201520912;0.36257309941520466;-0.018332028402494666;-0.8660254037844384;-0.5000000000000004;0.29936312297335804;-0.9541392564000488;0.0;1.0;118170;117795;117130;117000;117240;117230;117155;118230;117990;117400;117340;117445;117555;117200;117315;116710;116950;116815;117180;117065;116750;117790;117130;117005;117235;117225;117155;116850;2162267;4009235;1948112;1479778;1069079;1335039;1650232;763915;1226943;559001;425232;313797;384201;435811;4932.0;4948.5;4974.0;4970.0;4972.5;4964.0;4968.0;4953.5;4981.5;4974.5;4979.0;4973.5;4971.0;4981.0;4928.5;4947.5;4963.5;4967.0;4962.5;4960.0;4967.5;4949.0;4973.5;4970.5;4972.5;4963.5;4968.0;4978.5;486854;633614;345144;246855;161085;195362;213143;153117;170984;85506;63078;40423;46891;47822;1
2023-08-15;0.013412879749513412;-0.3627760252365931;-0.03462845213688365;-0.8660254037844384;-0.5000000000000004;0.10116832198743272;-0.994869323391895;0.7818314824680298;0.6234898018587336;116070;117155;117255;116335;116745;116585;116805;117325;117700;117265;117090;116845;116830;116845;115810;116750;116270;116320;116320;116495;116505;117155;117260;116335;116745;116585;116805;116570;2924065;3749244;2801478;1684425;1466126;1254246;1112373;1003399;1137253;815664;476518;422197;348974;319430;4993.0;4990.0;5003.5;4997.0;4992.5;5006.5;4998.5;5010.0;5014.0;5011.0;4998.0;5010.0;5008.5;5007.5;4977.0;4975.0;4990.0;4988.0;4990.0;4997.0;4996.0;4990.0;5003.0;4997.0;4992.0;5006.5;4999.0;5007.0;824845;641024;461545;199532;201690;176948;176834;254227;188325;126351;49763;49158;38197;41467;0
2023-08-16;0.017532523477212028;1.3636363636363635;-0.013602113709756336;-0.8660254037844384;-0.5000000000000004;-0.10116832198743204;-0.9948693233918952;0.9749279121818236;-0.22252093395631434;118440;118405;118755;119455;119225;118825;118835;118835;119035;119660;119485;119245;118875;118990;118175;118135;118635;119045;118650;118545;118425;118405;118755;119450;119220;118825;118835;118565;1802256;3618754;2693238;1330060;1405000;1285247;1709564;630798;1121208;741428;367257;396510;366761;490264;4990.5;4995.0;4999.0;4983.0;4981.0;4993.0;4986.0;4996.5;5007.0;5003.5;4984.5;4993.5;4997.5;5000.5;4977.5;4990.0;4983.0;4965.0;4979.0;4984.0;4977.5;4995.0;4999.5;4983.5;4981.5;4992.5;4986.0;4997.0;504005;547210;376609;377296;234997;219765;364334;166403;165555;103045;98889;50010;57531;100429;0
2023-08-17;0.01777271192164809;0.47743467933491684;-0.012261339187340016;-0.8660254037844384;-0.5000000000000004;-0.2993631229733582;-0.9541392564000488;0.43388373911755823;-0.900968867902419;118560;118660;118300;117680;117565;117855;117520;118810;118860;118530;117775;117915;117880;117530;118355;118235;117650;117320;117405;117375;117135;118665;118295;117680;117560;117850;117525;117280;1803619;3459790;2643203;1865244;1301645;1412402;1721786;619710;1094835;779226;519712;363483;394371;472934;4987.0;4992.5;4985.5;4999.0;4999.0;4987.5;4997.5;4999.0;4997.0;5011.5;5006.5;5002.0;5005.5;5010.0;4976.0;4973.5;4982.5;4988.5;4986.0;4986.0;4996.5;4993.0;4985.5;4999.0;4998.5;4987.5;4997.5;5002.5;572914;497574;455764;298393;184779;260765;194342;187770;156611;131317;80616;53326;62869;51898;0
2023-08-18;0.015814777327935223;0.0026666666666666666;-0.024489898021296287;-0.8660254037844384;-0.5000000000000004;-0.4853019625310808;-0.8743466161445822;-0.433883739117558;-0.9009688679024191;116990;116890;117300;117510;117705;117695;117440;117185;117465;117635;117900;117875;117760;117540;116780;116585;117085;117475;117640;117215;117140;116885;117300;117510;117705;117700;117435;117465;1841285;4134357;2504935;1633815;958171;1578416;1345355;647536;1242041;709672;456992;273881;435439;371466;4992.5;5001.0;4988.5;4973.0;4978.5;4976.0;4978.5;5014.5;5012.5;4992.0;4979.5;4980.5;4984.0;4983.5;4987.5;4986.0;4972.5;4970.0;4970.0;4974.0;4976.0;5001.0;4988.5;4973.0;4978.5;4975.5;4978.5;4982.0;565112;558620;387913;273942;197036;143983;112205;187456;179917;111078;65416;43926;41211;29985;0
2023-08-21;0.011240276946747585;0.9581749049429658;-0.015610153386724583;-0.8660254037844384;-0.5000000000000004;-0.8978045395707417;-0.44039415155763423;0.0;1.0;117845;117350;117020;116635;116510;116450;116205;117855;117510;117135;116800;116540;116475;116555;117310;116615;116275;116310;116180;116100;116200;117355;117025;116630;116510;116455;116200;116450;1409312;3686848;3102177;1763553;1371216;1386604;1422608;468511;1143607;894291;522260;378401;388507;387758;4980.0;4982.5;4997.5;5000.5;4998.0;4992.5;4998.0;4987.0;5005.5;5007.5;5005.0;4998.5;4999.0;4998.5;4969.0;4978.0;4993.0;4995.5;4990.5;4992.0;4987.5;4982.5;4998.0;5001.0;4998.0;4992.5;4997.5;4991.0;424758;472433;370284;189127;168667;115983;137165;138531;145285;107993;48182;43111;32206;36424;0
2023-08-22;0.014892443463872035;0.39886039886039887;-0.021644441466193126;-0.8660254037844384;-0.5000000000000004;-0.9680771188662041;-0.2506525322587213;0.7818314824680298;0.6234898018587336;116800;117265;117415;117580;117435;117475;117640;117400;117800;117720;117660;117565;117660;118040;116600;117065;117215;117385;117280;117205;117555;117260;117420;117580;117435;117470;117635;117950;2147381;3958624;2044508;1172746;1069225;1343526;1656307;676298;1196717;602847;339573;307918;376974;439074;4975.0;4963.0;4964.0;4937.0;4947.0;4946.5;4941.5;4975.0;4974.5;4964.5;4948.0;4949.0;4950.5;4944.5;4952.5;4953.5;4935.5;4934.5;4943.5;4940.0;4937.5;4963.5;4963.5;4936.5;4947.0;4946.0;4941.5;4944.0;617729;522906;541880;217567;117090;145320;118789;190180;160853;145071;56789;30307;40140;31357;1
2023-08-23;0.015325342465753424;1.23463687150838;-0.0029246759568138238;-0.8660254037844384;-0.5000000000000004;-0.9987165071710528;-0.05064916883871355;0.9749279121818236;-0.22252093395631434;118810;118430;119300;119475;119705;119890;119805;118860;119355;119525;119750;119970;119970;119880;118260;118350;119140;119415;119655;119750;119625;118425;119300;119475;119705;119885;119805;119825;1857827;3778486;1873495;1169545;1020109;1035413;1104930;623246;1103368;518547;329806;295386;284649;296317;4935.0;4943.5;4905.5;4895.5;4886.0;4869.0;4870.0;4949.0;4945.5;4910.0;4897.5;4887.0;4873.0;4876.5;4932.5;4901.5;4891.0;4886.0;4865.5;4866.0;4867.0;4943.0;4905.5;4895.5;4886.5;4868.5;4870.0;4868.0;455827;769758;485704;280799;383342;171433;190970;141193;210113;116448;61718;84223;41824;44901;1
2023-08-24;0.018853631849170945;0.8191964285714286;0.009017259450478588;-0.8660254037844384;-0.5000000000000004;-0.9884683243281114;0.15142777750457667;0.43388373911755823;-0.900968867902419;120095;119610;120100;119300;118795;119180;119240;120200;120105;120125;119345;119360;119260;119325;119575;119360;119205;118720;118775;118955;118930;119615;120100;119300;118795;119180;119240;119120;1571825;3419691;2551686;1753038;1718711;1268885;1370738;483170;984271;707832;449963;480966;362532;369188;4879.0;4886.0;4868.0;4879.5;4891.0;4881.5;4876.0;4890.0;4894.0;4880.0;4891.5;4892.5;4885.5;4884.5;4872.5;4866.0;4862.0;4877.5;4881.0;4876.0;4875.0;4886.5;4868.0;4879.5;4891.0;4882.0;4876.0;4877.5;507663;559986;400446;275400;189860;155267;142198;154079;164838;115554;67005;45294;41153;36187;0
2023-08-25;0.012323577168075273;0.20608108108108109;0.0004896326074302274;-0.8660254037844384;-0.5000000000000004;-0.9377521321470804;0.3473052528448203;-0.433883739117558;-0.9009688679024191;119025;119100;118285;117515;117375;117745;117560;119210;119175;118495;117870;117805;117815;118020;118540;118100;117440;117290;117320;117250;117545;119105;118285;117510;117375;117750;117565;117955;1970854;3307683;3189803;1928925;1228933;1468271;1404772;685416;1034465;1022949;596324;375070;432388;389284;4887.0;4876.5;4885.0;4896.5;4882.5;4877.5;4879.5;4888.5;4896.0;4906.5;4897.0;4885.0;4883.0;4882.5;4863.0;4873.5;4869.5;4881.0;4874.0;4873.0;4868.0;4876.5;4884.5;4897.0;4882.5;4877.0;4879.5;4869.0;527828;453673;756977;329261;182549;145998;194145;165531;129890;208964;82061;48237;42753;46065;0
2023-08-28;0.016467128754463347;0.38010204081632654;-0.0069077542329194575;-0.8660254037844384;-0.5000000000000004;-0.5712682150947924;0.8207634412072763;0.0;1.0;117995;118080;118010;117905;118200;118185;118000;118200;118180;118245;118320;118385;118315;118480;117800;117560;117710;117875;118075;117875;117870;118075;118010;117900;118205;118185;118000;118425;1595046;3506081;2080418;1419403;1200657;1230723;1610583;562893;1125892;612036;398460;342301;344155;443494;4880.5;4883.5;4897.5;4903.0;4897.0;4908.5;4906.0;4893.5;4903.5;4906.0;4905.0;4909.5;4915.0;4907.0;4869.0;4882.0;4892.5;4896.0;4896.0;4903.5;4879.0;4884.0;4898.0;4903.5;4897.0;4908.5;4906.0;4881.0;328039;333917;299867;141093;167539;237427;341456;113835;114133;95532;41589;45573;59556;82339;1
2023-08-29;0.013771769990253825;0.8369230769230769;0.002402326463522569;-0.8660254037844384;-0.5000000000000004;-0.3943558551133187;0.9189578116202306;0.7818314824680298;0.6234898018587336;118920;119735;119345;120055;119890;119675;119920;119795;119930;120360;120155;119960;119960;120155;118825;119155;119320;119875;119410;119650;119810;119730;119350;120055;119890;119675;119920;120135;1882902;2635270;2891374;1269358;1431927;1120745;1203239;637148;825156;828977;387176;422169;317196;341337;4883.0;4889.0;4898.0;4876.0;4861.0;4865.0;4865.5;4901.5;4905.0;4899.0;4878.0;4878.0;4871.0;4868.5;4879.0;4882.5;4861.0;4853.0;4859.5;4860.5;4857.0;4889.5;4897.5;4875.5;4860.5;4864.5;4866.0;4857.5;465958;530485;739868;355307;302912;247859;193603;154649;157237;206935;93407;78407;50668;38079;1
2023-08-30;0.012907837201479987;0.7100977198697068;0.011448007405673607;-0.8660254037844384;-0.5000000000000004;-0.20129852008866114;0.9795299412524943;0.9749279121818236;-0.22252093395631434;119915;120435;120060;119840;119960;119945;119825;120485;120595;120260;120130;120060;120000;119850;119860;119995;119660;119810;119780;119710;119180;120430;120060;119835;119960;119940;119825;119435;1878577;2764639;2623552;1113189;1029773;1052816;1846167;678612;873887;767645;327433;299944;305016;512525;4862.0;4856.5;4865.0;4879.5;4861.5;4864.0;4861.0;4863.0;4873.0;4884.5;4884.0;4865.0;4865.5;4874.5;4844.0;4850.5;4864.0;4861.5;4857.0;4857.0;4860.0;4856.5;4864.5;4879.5;4862.0;4863.5;4861.0;4865.0;544394;491848;387335;355432;200843;172370;299456;166770;143247;99483;80048;47566;38700;49991;0
2023-08-31;0.012550556644289706;0.13953488372093023;0.007073998412993196;-0.8660254037844384;-0.5000000000000004;-2.4492935982947064e-16;1.0;0.43388373911755823;-0.900968867902419;119300;119380;118585;118170;118615;118440;118085;119575;119420;118590;118805;118715;118465;118310;119010;118325;117770;118015;118335;117910;117690;119385;118585;118170;118615;118440;118085;117790;2031510;3243507;2438803;1679227;1034625;1233956;1409799;710825;1048886;689055;479511;303990;353998;394038;4903.5;4901.0;4946.5;4970.5;4953.5;4959.5;4969.5;4906.5;4947.5;4978.0;4982.0;4968.5;4975.0;4974.5;4885.0;4900.0;4945.5;4953.0;4953.0;4957.0;4954.0;4901.5;4946.0;4970.5;4954.0;4959.5;4969.5;4972.5;486239;794341;810929;561524;247533;278846;328723;151703;196281;176456;121248;53965;54512;74025;0
2023-09-01;0.018398994132439228;0.4646924829157175;0.0007289938827904618;-1.0;-1.8369701987210297e-16;0.20791169081775931;0.9781476007338057;-0.433883739117558;-0.9009688679024191;118400;118455;119060;119240;119160;118940;119390;118530;119270;119550;119275;119270;119415;119500;117800;118140;118760;118965;118805;118930;119260;118455;119060;119235;119160;118935;119385;119365;2039708;3069942;2252572;1102271;1120196;909504;976902;733197;958750;683061;332653;341021;283596;287132;4962.0;4930.0;4939.0;4954.5;4963.5;4956.0;4955.0;4963.0;4944.5;4960.0;4967.0;4968.0;4958.5;4959.5;4921.0;4920.0;4931.5;4954.5;4953.0;4953.0;4952.0;4930.0;4939.0;4955.0;4963.5;4956.0;4955.5;4957.5;796621;559310;491973;228662;237166;114691;161153;237485;168617;142816;63396;64614;28191;43026;0
2023-09-04;0.015329391891891891;0.8264462809917356;0.008683300499691392;-1.0;-1.8369701987210297e-16;0.7431448254773941;0.6691306063588582;0.0;1.0;119300;119085;120005;119870;119705;119635;119280;119515;120070;120135;119935;119735;119835;119380;119075;119045;119820;119675;119530;119260;119130;119085;120005;119865;119710;119635;119285;119235;1249643;3027552;1600666;952681;935453;1143249;924948;461329;997753;514516;302884;291597;355307;276292;4955.0;4957.0;4939.5;4934.0;4929.5;4933.0;4941.5;4963.0;4958.5;4949.5;4936.0;4935.5;4942.5;4956.0;4946.0;4934.0;4932.5;4927.5;4928.5;4928.5;4940.0;4957.0;4939.0;4934.0;4929.5;4932.5;4941.5;4953.5;335183;354372;307003;164110;86571;130325;171791;101483;110559;89983;40669;23255;32189;39105;1
2023-09-05;0.009136630343671416;0.009174311926605505;0.006652250286953599;-1.0;-1.8369701987210297e-16;0.8660254037844386;0.5000000000000001;0.7818314824680298;0.6234898018587336;119055;118475;118840;119110;119220;119245;119080;119350;118880;119250;119475;119450;119250;119260;118310;118065;118765;119070;119180;118845;118905;118475;118835;119115;119220;119250;119080;119010;2182061;4004819;2594880;1534202;1089639;1389003;1519801;747478;1221309;733919;437954;318309;382620;409395;4982.0;4984.0;4997.5;4995.5;4984.0;4980.0;4989.0;4991.5;4999.5;5000.0;4996.0;4987.5;4993.0;5000.0;4974.0;4983.0;4992.0;4983.0;4977.0;4979.5;4985.5;4983.5;4997.5;4995.5;4983.5;4979.5;4989.0;4998.0;615159;474505;313142;296130;207482;207808;188866;182155;134327;88813;73794;52451;51817;44540;0
2023-09-06;0.011843265717525513;0.5921985815602837;0.005426682705012124;-1.0;-1.8369701987210297e-16;0.9510565162951535;0.30901699437494745;0.9749279121818236;-0.22252093395631434;118900;118870;119315;118090;117990;117680;117920;119000;119400;119325;118165;118030;117955;117965;118580;118660;117975;117880;117600;117620;117510;118870;119320;118085;117990;117680;117920;117540;1703444;3571853;3102174;1523900;1443556;1069091;1407950;589569;1072018;903259;424285;406045;292061;374355;4994.0;5010.5;4978.0;4995.5;4989.5;4997.0;4990.0;5014.0;5012.5;4995.5;4997.0;4999.0;4998.0;5007.0;4994.0;4973.0;4975.0;4988.0;4985.0;4988.5;4988.0;5010.5;4978.5;4995.5;4989.5;4997.5;4990.0;5006.0;514198;666717;574443;195181;189456;168237;221968;143008;184062;157082;51484;47259;41314;55814;0
2023-09-08;0.018166526492851134;-0.42592592592592593;-0.01586569680253648;-1.0;-1.8369701987210297e-16;0.9945218953682734;-0.10452846326765333;-0.433883739117558;-0.9009688679024191;116320;116550;116425;116585;116715;116690;116755;116580;116745;116895;116735;116795;116965;116775;116030;116145;116410;116470;116480;116610;116515;116550;116425;116580;116710;116690;116750;116690;1344009;2643863;2038327;1124196;1191326;1253053;1147770;491342;819925;604519;325427;333892;343809;303695;5001.5;4996.5;5006.0;5009.0;4994.5;4997.5;4992.0;5001.5;5011.5;5009.0;5010.0;5001.5;5001.0;5002.5;4983.0;4994.5;4994.5;4992.5;4990.5;4991.5;4990.0;4997.0;5005.5;5008.5;4994.5;4998.0;4991.5;5001.0;415518;362477;349135;221931;171820;153080;134860;130293;115029;97768;57489;46694;38016;32135;0
2023-09-11;0.008038170563961486;1.481283422459893;-0.005974818141605095;-1.0;-1.8369701987210297e-16;0.7431448254773945;-0.6691306063588579;0.0;1.0;117415;117585;117125;117360;117170;117500;117865;117800;117615;117680;117365;117515;118015;118445;117065;117070;117115;116945;117170;117450;117830;117580;117125;117365;117175;117500;117860;118420;1600657;2932405;2185729;1652171;1072272;1707155;1754270;540045;896592;634153;466419;293870;454608;455689;4977.0;4966.5;4949.5;4952.0;4950.5;4942.0;4949.5;4987.5;4966.5;4955.0;4955.5;4951.0;4950.5;4952.0;4963.0;4946.0;4944.0;4949.5;4940.5;4935.5;4944.5;4966.0;4949.0;4952.0;4950.5;4942.5;4949.5;4947.0;489943;504318;305613;187541;257104;280179;171394;148622;138138;75828;42353;59124;58232;39870;0
2023-09-12;0.01362687901886471;0.996875;0.003443145769713438;-1.0;-1.8369701987210297e-16;0.5877852522924732;-0.8090169943749473;0.7818314824680298;0.6234898018587336;118540;118480;119165;119275;119225;119165;119245;118800;119200;119395;119460;119295;119490;119415;118355;118290;119080;119150;119055;119130;119105;118480;119165;119280;119225;119165;119250;119120;1915680;3524676;2035130;1408368;1234859;1467661;1384758;667823;1030560;557254;382639;325403;380593;365034;4958.0;4966.5;4968.5;4965.5;4957.0;4960.5;4962.0;4969.0;4981.0;4974.5;4966.5;4962.0;4965.5;4965.0;4948.0;4964.5;4961.5;4955.0;4955.0;4954.5;4957.0;4966.0;4969.0;4965.5;4956.5;4960.5;4962.5;4963.0;541733;441039;280065;207674;132031;179180;144000;154470;129153;83931;52560;34134;46588;38410;1
2023-09-13;0.010123165176311793;0.5541666666666667;0.0059661985885775416;-1.0;-1.8369701987210297e-16;0.40673664307580004;-0.913545457642601;0.9749279121818236;-0.22252093395631434;118955;119335;120130;120525;120230;120205;120205;119430;120185;120625;120655;120350;120415;120235;118760;118865;119700;120175;120055;120170;119545;119330;120135;120525;120225;120200;120205;119745;2210108;3582116;2771612;1346726;953975;1133895;1784047;756582;1068264;752118;354626;269216;323654;473102;4967.5;4946.5;4930.0;4917.5;4917.5;4920.5;4926.0;4979.0;4953.0;4935.0;4923.5;4922.0;4927.0;4929.5;4940.0;4928.0;4906.0;4914.0;4914.5;4918.0;4919.0;4946.5;4929.5;4917.5;4917.5;4921.0;4925.5;4924.5;766996;566050;580503;234956;147916;157044;204968;225503;158406;134393;52303;32882;35459;45052;0
2023-09-14;0.01593039384641251;0.7071240105540897;0.014049782160829477;-1.0;-1.8369701987210297e-16;0.20791169081775931;-0.9781476007338057;0.43388373911755823;-0.900968867902419;120100;120310;120270;120535;120285;120425;120800;120520;120595;120655;120550;120450;120930;120900;120015;120005;119920;120205;120255;120405;120570;120310;120270;120530;120290;120425;120800;120715;2202635;3204190;2470637;1241362;967399;1620844;1568746;751591;941877;687422;338454;258942;415613;387893;4929.5;4899.5;4889.0;4884.0;4879.5;4881.0;4886.5;4934.0;4900.0;4906.5;4887.0;4882.0;4891.5;4889.5;4897.5;4883.5;4878.0;4878.0;4874.0;4879.0;4882.5;4899.5;4889.0;4884.0;4880.0;4881.0;4886.0;4887.0;845098;590906;518063;253599;213774;178704;148244;244278;157375;131118;50897;46266;41323;38200;0
2023-09-15;0.008534554537885096;0.8097560975609757;0.018437299686245405;-1.0;-1.8369701987210297e-16;5.66553889764798e-16;-1.0;-0.433883739117558;-0.9009688679024191;120750;120770;120235;120435;120210;120200;120245;120980;120915;120690;120490;120400;120330;120255;120625;120110;120220;120100;120130;119875;119960;120765;120235;120440;120205;120200;120245;120185;1647222;2990403;2550629;1324029;941421;1334116;1269400;554234;856644;687558;349788;256970;346612;321443;4877.5;4877.0;4885.0;4881.0;4878.5;4879.5;4877.0;4888.5;4890.0;4885.0;4885.0;4882.5;4883.5;4881.0;4870.0;4870.0;4870.0;4871.5;4874.0;4873.5;4875.0;4876.5;4885.5;4881.0;4879.0;4879.0;4877.0;4878.5;559681;529702;484785;296407;143955;159343;102783;157879;147660;120840;63303;34711;38731;25877;0
2023-09-18;0.010144927536231883;-0.004081632653061225;0.00883945552155315;-1.0;-1.8369701987210297e-16;-0.587785252292473;-0.8090169943749476;0.0;1.0;119750;120210;119610;120335;120240;119950;120000;120240;120585;120535;120485;120265;120095;120015;119725;119430;119470;120195;119800;119865;119510;120210;119610;120340;120240;119950;119995;119550;1389805;3555501;2708665;1256429;1375304;964403;1274874;468488;1017311;745371;348904;364441;263543;349781;4884.0;4865.5;4868.5;4859.0;4856.5;4857.5;4853.0;4887.5;4873.5;4873.0;4861.0;4859.0;4859.0;4860.5;4862.5;4859.0;4853.5;4854.0;4852.5;4850.5;4850.5;4865.5;4868.5;4858.5;4857.0;4857.5;4853.0;4860.0;522874;465588;431727;219512;145895;154264;174567;151614;120619;104590;36887;33986;32453;37891;0
2023-09-19;0.011899791231732777;0.3649122807017544;0.0072632704074332794;-1.0;-1.8369701987210297e-16;-0.743144825477394;-0.6691306063588585;0.7818314824680298;0.6234898018587336;119680;119315;119075;119170;118985;119160;119445;119715;119490;119385;119225;119205;119540;119550;119280;118950;118920;118925;118955;118980;118960;119315;119075;119165;118985;119165;119440;118980;1997401;3632777;2042424;1649749;1417665;1804752;1817096;649131;1060849;552564;429858;355533;440019;425836;4855.5;4858.5;4861.0;4866.0;4867.0;4872.5;4875.0;4866.0;4868.0;4872.0;4869.0;4874.5;4875.0;4883.5;4848.0;4855.5;4860.5;4862.5;4864.5;4869.0;4873.0;4858.0;4860.5;4866.0;4867.0;4872.5;4874.5;4881.5;537201;425663;356058;155502;184327;200591;260164;156058;123829;91787;40750;42352;41433;48330;0
2023-09-20;0.009149398395721925;0.3789954337899543;0.000685141673006679;-1.0;-1.8369701987210297e-16;-0.8660254037844384;-0.5000000000000004;0.9749279121818236;-0.22252093395631434;119035;119100;119805;120180;120200;120410;120320;119295;119875;120275;120415;120460;120495;120700;118970;119090;119765;120125;120175;120055;120000;119100;119805;120180;120195;120405;120320;120250;1500039;2968128;2420950;1580756;966710;1595183;2942390;488285;827540;630096;396639;253159;422873;779231;4865.0;4857.0;4853.0;4853.5;4854.0;4850.5;4860.0;4866.5;4859.0;4859.0;4857.0;4856.5;4865.5;4876.0;4854.5;4848.5;4850.5;4849.5;4850.0;4850.0;4853.0;4857.5;4853.0;4853.0;4854.0;4850.0;4860.0;4871.5;394291;427020;284631;192804;130990;288611;625781;114392;112928;69121;47536;30955;55124;154433;0
2023-09-21;0.014533540555298862;-0.15606936416184972;-0.002629964793762026;-1.0;-1.8369701987210297e-16;-0.9510565162951535;-0.30901699437494756;0.43388373911755823;-0.900968867902419;118700;117915;117085;117485;117530;117565;117705;118715;117955;117765;117840;117760;117870;117790;117735;117065;117045;117450;117440;117510;117265;117915;117090;117485;117530;117565;117700;117415;2451936;3766856;2458222;1661703;1465224;1380030;1867801;821647;1107951;692903;455693;398332;377907;487641;4902.0;4928.5;4940.0;4922.5;4928.5;4930.5;4930.0;4941.0;4940.0;4940.0;4929.5;4932.0;4931.5;4940.0;4897.0;4926.0;4912.5;4914.5;4927.0;4922.0;4928.0;4928.5;4940.0;4922.5;4928.5;4930.5;4930.0;4936.0;761187;562341;536545;280452;150323;206203;258275;198277;140412;123301;64135;38493;46249;55766;0
2023-09-22;0.016090985678180285;0.34293193717277487;-0.011572744619126059;-1.0;-1.8369701987210297e-16;-0.9945218953682733;-0.10452846326765423;-0.433883739117558;-0.9009688679024191;117460;117775;117435;117495;117335;117400;116855;117995;117840;117665;117500;117530;117455;116880;117370;117135;117215;117225;117255;116820;116635;117775;117430;117495;117340;117400;116860;116825;1663470;3266981;2365138;1326474;995598;1863770;1439259;513921;955134;662274;350970;258045;463595;353588;4920.0;4918.0;4923.0;4919.0;4919.5;4930.0;4932.0;4928.0;4936.0;4927.5;4927.0;4930.0;4935.0;4938.0;4913.0;4917.5;4908.5;4917.0;4919.0;4927.5;4928.0;4918.5;4923.5;4919.5;4919.0;4930.0;4932.0;4934.5;470189;428512;520847;174843;162972;176164;203292;130862;115876;125347;40554;38543;41778;46572;1
2023-09-25;0.01157840967137749;-0.17279411764705882;-0.019663577848944812;-1.0;-1.8369701987210297e-16;-0.8660254037844386;0.5000000000000001;0.0;1.0;116400;116445;116740;116395;116610;116375;116635;116620;116785;116805;116770;116780;116685;116740;116175;116215;116385;116330;116340;116355;116480;116445;116740;116390;116610;116380;116635;116520;1515915;2758017;1949093;1388661;1246251;1118911;1333483;498182;823012;566335;390365;330294;291882;325562;4949.0;4956.0;4962.0;4967.5;4967.0;4976.0;4966.0;4958.0;4972.5;4968.5;4970.5;4978.0;4976.5;4976.0;4940.5;4951.5;4954.5;4961.5;4966.0;4963.0;4964.5;4956.0;4961.5;4967.5;4967.0;4976.0;4966.0;4975.5;449835;497025;386737;189711;194859;196947;167123;128923;124955;99996;48343;49114;43979;39872;1
2023-09-26;0.00820446735395189;0.39267015706806285;-0.018112889637742206;-1.0;-1.8369701987210297e-16;-0.743144825477394;0.6691306063588585;0.7818314824680298;0.6234898018587336;116550;115995;115965;116015;115635;115565;115365;116745;116150;116085;116020;115740;115575;115420;115865;115665;115520;115535;115520;115015;115090;115990;115965;116015;115635;115565;115365;115175;1967054;3245081;2678507;1678926;1193709;2294659;1371738;616132;924746;740848;441009;308598;547746;340918;4977.0;4958.0;4967.5;4966.0;4986.0;4984.5;4976.5;4985.5;4979.0;4972.0;4987.5;4988.0;4989.0;4990.0;4954.0;4957.5;4961.0;4965.5;4981.5;4975.5;4976.0;4957.5;4967.5;4966.0;4985.5;4984.5;4976.5;4988.0;614985;663432;401718;387150;237955;296729;222073;179276;175689;98779;83951;46542;61576;49443;0
2023-09-27;0.017674817674817676;0.3470873786407767;-0.026063765816441715;-1.0;-1.8369701987210297e-16;-0.5877852522924734;0.8090169943749473;0.9749279121818236;-0.22252093395631434;115400;115575;115525;115175;114955;114810;114195;115585;115995;115610;115320;115055;114885;114770;115240;115465;115025;114915;114765;114065;113985;115580;115530;115170;114955;114810;114195;114565;1497384;3185045;2522259;1572172;1298119;2385711;2291247;463251;889694;675310;438720;360625;619344;597610;4987.0;5007.5;5020.5;5030.5;5057.0;5053.5;5071.5;5018.0;5021.0;5031.0;5058.0;5058.5;5079.5;5074.5;4987.0;4996.5;5016.5;5024.5;5048.0;5049.5;5045.5;5008.0;5020.0;5030.5;5056.5;5053.0;5072.0;5058.5;745977;627359;544988;589906;333051;600547;500811;195023;157372;116554;125696;67869;116317;92776;1
2023-09-28;0.017417677642980935;0.5049751243781094;-0.027344311655798297;-1.0;-1.8369701987210297e-16;-0.40673664307580015;0.913545457642601;0.43388373911755823;-0.900968867902419;115000;114840;115320;115900;116095;116075;116055;115470;115335;115920;116140;116295;116145;116135;114695;114730;115250;115645;115930;115815;115890;114835;115320;115905;116090;116075;116060;116030;2548390;3112293;3083845;1947055;1449173;1307110;1282969;830828;980129;873203;536580;403382;372703;355939;5040.0;5059.0;5060.5;5046.5;5037.5;5050.0;5047.0;5062.0;5070.5;5063.0;5056.5;5054.0;5052.5;5053.0;5015.5;5047.5;5046.0;5032.0;5036.0;5039.5;5043.0;5059.0;5060.0;5046.5;5037.0;5049.5;5047.0;5051.5;879045;604530;567122;535184;336346;283197;221076;256235;177725;133907;112410;61487;56636;46324;1
2023-09-29;0.016739130434782607;1.1792207792207792;-0.009610499576629974;-1.0;-1.8369701987210297e-16;-0.20791169081775898;0.9781476007338057;-0.433883739117558;-0.9009688679024191;116965;117655;117340;117130;116845;116705;116445;117730;117665;117370;117265;116970;116775;116860;116925;117030;116940;116755;116635;116410;116425;117655;117345;117125;116850;116710;116440;116840;2285553;2773221;2555306;1751611;1342329;1592427;1485611;751627;788717;709657;479239;360672;442189;406338;5038.5;5020.0;5029.5;5027.5;5024.0;5031.0;5038.0;5038.5;5041.0;5050.5;5033.0;5036.5;5042.5;5057.0;5013.5;5019.0;5023.0;5009.5;5023.5;5030.0;5029.5;5019.5;5030.0;5028.0;5024.5;5031.0;5038.0;5046.0;691991;530082;573325;489636;241846;213002;397106;184127;137279;130646;104944;58649;53746;78736;1
2023-10-02;0.011285427264566323;0.44696969696969696;-0.009098088702659555;-0.8660254037844386;0.5000000000000001;0.39435585511331855;0.9189578116202306;0.0;1.0;117000;117025;116260;115720;115655;115730;115660;117195;117295;116450;115895;115900;115835;115790;116775;116120;115595;115525;115555;115550;115230;117030;116260;115725;115650;115735;115660;115345;1520428;3661514;3085643;1702045;1295634;1100322;1739893;494680;1035720;831997;463111;358495;291717;438837;5088.0;5071.5;5085.5;5093.0;5096.5;5092.5;5090.0;5089.5;5087.5;5094.5;5098.0;5100.0;5093.0;5097.5;5057.5;5070.0;5073.5;5077.5;5091.0;5081.0;5086.0;5072.0;5085.0;5093.0;5097.0;5092.5;5090.5;5097.0;556712;513182;564197;397329;270382;212019;286771;147762;136703;150664;93172;55632;49580;58277;1
2023-10-03;0.017649572649572648;-0.11138014527845036;-0.024597116200169637;-0.8660254037844386;0.5000000000000001;0.5712682150947923;0.8207634412072763;0.7818314824680298;0.6234898018587336;115000;114790;115365;114700;114525;114625;114150;115005;115525;115370;114910;114865;114710;114295;114455;114765;114665;114455;114490;114070;113670;114790;115365;114700;114525;114625;114150;113750;2076117;3214958;3798602;2081333;1473589;1823163;2066108;655042;917277;1065625;576763;404686;478188;519984;5099.0;5109.0;5093.0;5150.5;5155.0;5151.5;5155.0;5118.5;5110.0;5151.5;5157.0;5156.5;5156.0;5178.5;5095.5;5090.0;5092.5;5146.0;5145.5;5146.5;5152.0;5109.0;5093.5;5150.0;5155.0;5151.0;5154.5;5168.5;743655;530218;1137302;473861;298891;255372;498234;201404;148070;282991;111544;64404;55537;99678;1
2023-10-04;0.017130434782608697;0.3730964467005076;-0.02822269506862768;-0.8660254037844386;0.5000000000000001;0.7247927872291199;0.6889669190756866;0.9749279121818236;-0.22252093395631434;114290;113995;113700;113900;114205;114335;114050;114530;114235;114025;114260;114580;114360;114105;113920;113535;113420;113745;114080;113925;113810;113995;113695;113900;114210;114330;114050;113940;2252574;3328982;2954997;2268496;1587809;1559922;1349378;744328;973900;865320;628175;434857;415813;359068;5162.0;5149.5;5180.0;5182.5;5155.0;5154.0;5168.5;5166.0;5185.0;5197.0;5186.5;5159.0;5169.0;5177.0;5142.5;5148.0;5173.0;5154.0;5143.0;5153.5;5165.5;5149.0;5180.0;5182.5;5155.0;5154.5;5168.5;5168.5;819309;654949;737710;522306;348236;290877;278382;220277;184446;179634;115438;84554;71171;65512;1
2023-10-05;0.010149619389272902;0.5;-0.028511897533570665;-0.8660254037844386;0.5000000000000001;0.8486442574947509;0.5289640103269624;0.43388373911755823;-0.900968867902419;114000;113910;114630;113340;113210;113215;113300;114020;114720;114640;113430;113435;113310;113720;113505;113850;113295;113075;113120;113030;113205;113910;114625;113340;113210;113210;113300;113700;2043870;3217340;3369241;2047055;1214460;1312523;1570732;686266;944095;958730;564208;345113;366363;408768;5185.0;5178.5;5173.5;5194.5;5198.5;5193.5;5187.0;5198.5;5184.5;5199.5;5206.0;5200.5;5198.0;5191.5;5175.0;5167.5;5173.0;5190.5;5188.0;5183.0;5183.0;5179.0;5174.0;5194.0;5198.5;5194.0;5186.5;5186.0;677059;601783;618590;491295;244974;251093;168328;207783;166761;161437;117318;60798;63716;43818;1
2023-10-06;0.014824561403508772;0.4556213017751479;-0.02872225339851193;-0.8660254037844386;0.5000000000000001;0.9377521321470804;0.3473052528448203;-0.433883739117558;-0.9009688679024191;113800;112635;112225;112690;113935;114005;114550;113910;112995;112775;114055;114180;114615;114795;112305;112175;111860;112650;113715;113990;114450;112635;112220;112685;113930;114000;114555;114675;3099084;3871227;3263159;3135940;1900446;1630478;1354238;1061002;1227944;983114;850541;529239;442552;372997;5181.5;5228.5;5231.0;5204.0;5170.0;5178.5;5172.0;5237.0;5234.0;5232.0;5206.5;5185.0;5179.0;5177.5;5178.5;5212.5;5194.5;5162.5;5168.0;5165.0;5166.5;5228.0;5230.5;5203.5;5170.0;5178.5;5172.0;5174.5;1011439;716798;581467;648232;302309;264785;237897;290783;206775;154627;170480;80430;59666;53529;0
2023-10-09;0.0257908611599297;0.5996592844974447;-0.029471620672203228;-0.8660254037844386;0.5000000000000001;0.9680771188662043;-0.2506525322587204;0.0;1.0;113620;113735;113910;114010;114030;114135;115405;114085;114185;114175;114235;114210;115440;115495;113440;113730;113670;113890;113940;114065;115160;113735;113905;114015;114030;114130;115405;115285;1739247;3312840;2357362;1533575;1219730;2632596;1875549;577405;978404;668840;435728;348004;665245;473916;5192.0;5183.5;5177.5;5189.0;5183.0;5185.5;5144.5;5199.5;5186.5;5190.0;5190.5;5188.5;5189.5;5150.0;5168.5;5173.0;5174.0;5181.0;5179.5;5143.5;5138.0;5184.0;5177.5;5188.5;5183.0;5186.0;5145.0;5148.0;565349;467074;366433;202924;132301;417067;268642;170540;130819;97752;50634;36075;103911;71396;1
2023-10-10;0.019846857947544445;1.0909090909090908;-0.008789615809762867;-0.8660254037844386;0.5000000000000001;0.8978045395707416;-0.4403941515576344;0.7818314824680298;0.6234898018587336;115900;115910;116570;116790;116850;116800;116900;116340;116580;117040;116980;116945;116945;117095;115775;115745;116565;116635;116750;116580;116805;115915;116575;116790;116850;116800;116900;116915;1904859;3266745;2471433;1675803;1153091;1640530;1621123;673516;996233;656827;442198;298357;426934;396717;5155.0;5122.0;5109.5;5092.5;5083.0;5088.0;5089.0;5157.0;5126.5;5110.0;5096.0;5091.5;5095.0;5090.5;5116.5;5108.0;5084.0;5078.5;5081.5;5083.5;5076.0;5121.5;5109.5;5092.0;5083.5;5088.0;5089.0;5081.0;698095;587314;637999;409649;219358;284755;227729;201864;163609;152466;86849;53905;69498;56565;1
2023-10-11;0.012381363244176014;1.0801393728222997;0.0041176571301385105;-0.8660254037844386;0.5000000000000001;0.7907757369376989;-0.6121059825476626;0.9749279121818236;-0.22252093395631434;117295;117060;116690;116815;116615;116610;116640;117695;117220;117130;116840;116690;116710;117075;117035;116675;116655;116485;116385;116425;116625;117065;116690;116820;116620;116610;116640;116900;2025818;3326213;2492092;1597144;1546534;1233079;1703479;688693;969396;691493;445367;410119;327891;448794;5058.0;5045.5;5069.5;5066.0;5066.5;5077.0;5076.5;5068.0;5073.5;5077.0;5071.5;5082.5;5086.5;5078.0;5044.5;5043.5;5062.0;5060.5;5065.5;5072.0;5063.5;5046.0;5069.5;5066.5;5066.5;5077.0;5076.5;5073.5;811989;689891;474281;278945;289816;251611;259148;226735;197420;119404;65506;67919;63059;62926;1
2023-10-13;0.011168421501342769;-0.0648854961832061;-0.0035087118015242973;-0.8660254037844386;0.5000000000000001;0.48530196253108104;-0.8743466161445821;-0.433883739117558;-0.9009688679024191;116300;116875;117145;116745;116300;116645;116040;116910;117185;117145;116830;116830;116725;116160;116215;116405;116585;116225;116240;115710;115760;116875;117145;116750;116300;116645;116035;115970;1784815;3215867;2372567;1703940;1403915;2132306;1434381;608706;959065;701359;492882;378941;551126;384731;5080.5;5065.5;5062.0;5079.0;5088.5;5086.5;5103.5;5088.0;5077.5;5083.5;5095.5;5089.5;5105.0;5116.0;5061.0;5058.5;5062.0;5078.0;5082.0;5085.0;5101.0;5065.0;5061.5;5079.0;5088.0;5086.5;5103.5;5110.5;585236;476966;458879;319275;173308;284583;269048;164166;139855;125245;77834;45413;68639;60588;0
2023-10-16;0.012897678417884782;0.4766666666666667;-0.0007232737473091855;-0.8660254037844386;0.5000000000000001;-0.10116832198743204;-0.9948693233918952;0.0;1.0;116400;116745;116420;116705;116635;116755;116705;116835;116775;117035;116805;116770;116885;116720;116350;116100;116095;116425;116515;116260;116475;116745;116415;116705;116630;116755;116710;116640;1929404;3679979;2697413;1288425;916326;1788923;1409087;648134;1097873;769563;362738;263735;479001;370078;5066.0;5080.0;5080.0;5065.5;5069.5;5067.5;5060.0;5084.0;5083.5;5081.0;5072.5;5074.5;5074.5;5062.5;5063.0;5069.0;5060.5;5063.5;5067.0;5059.5;5047.5;5080.0;5080.0;5066.0;5070.0;5067.5;5060.0;5050.5;507334;425844;338483;210644;133083;216193;264623;151833;131975;100164;51365;37362;57854;63648;1
2023-10-17;0.008075601374570448;0.047872340425531915;-0.0014272694443966778;-0.8660254037844386;0.5000000000000001;-0.2993631229733582;-0.9541392564000488;0.7818314824680298;0.6234898018587336;116140;115710;115810;116715;116905;116710;116100;116575;115870;116755;116950;116970;116745;116210;115700;115560;115745;116610;116685;116020;115635;115705;115815;116715;116910;116710;116095;115705;2305038;3036115;3127387;1693448;1230283;2018201;2126986;767214;891265;828013;460205;326111;526556;550798;5060.0;5072.5;5069.5;5034.5;5027.5;5029.5;5048.0;5073.5;5076.5;5071.5;5038.5;5030.5;5049.0;5057.0;5037.5;5066.5;5032.0;5023.0;5020.0;5027.5;5045.5;5073.0;5069.5;5034.0;5027.0;5029.5;5048.0;5052.0;729281;480773;621700;417617;255323;286993;325454;198335;136086;158344;96433;61789;67684;79351;1
2023-10-18;0.012140520061994144;1.127659574468085;0.008935299816987836;-0.8660254037844386;0.5000000000000001;-0.4853019625310808;-0.8743466161445822;0.9749279121818236;-0.22252093395631434;117150;117065;116755;116280;116550;116385;116570;117400;117170;116965;116730;116670;117065;116605;116820;116655;116195;116260;116240;116300;115845;117070;116755;116285;116550;116385;116570;115960;2012900;2782627;2534486;1796185;1626921;2565164;2051381;666738;801263;687642;457215;422924;647826;522342;5065.0;5042.5;5064.0;5079.5;5073.5;5069.5;5053.0;5065.0;5066.5;5083.0;5085.0;5082.0;5072.0;5062.5;5038.0;5041.0;5056.0;5068.0;5067.0;5047.0;5050.5;5042.0;5064.0;5079.0;5073.0;5069.5;5053.5;5061.0;503163;535623;584851;362342;257247;466095;217087;138355;135861;143444;89918;62642;107008;52778;0
2023-10-19;0.014511310285958173;-0.029411764705882353;-0.0026518336459478687;-0.8660254037844386;0.5000000000000001;-0.651372482722222;-0.7587581226927911;0.43388373911755823;-0.900968867902419;115650;115725;116090;115925;116340;116625;116405;115955;116150;116290;116595;116920;116915;116595;115555;115580;115810;115845;116020;116355;115855;115725;116090;115930;116340;116625;116410;116160;2076716;3402459;2466803;2229730;3786429;2322793;2155784;681388;1000085;700522;601983;1013773;628575;547656;5087.0;5069.5;5072.0;5068.5;5053.5;5041.0;5040.0;5093.5;5080.0;5075.0;5069.5;5062.5;5045.5;5064.0;5060.5;5067.0;5062.0;5047.5;5029.0;5030.0;5034.5;5070.0;5072.0;5068.0;5053.5;5041.5;5040.0;5062.5;630378;499994;487365;385972;788615;387177;393553;180492;142033;103776;93824;221901;96698;85210;0
2023-10-20;0.011802853437094682;-0.06227106227106227;-0.0025461118345610385;-0.8660254037844386;0.5000000000000001;-0.7907757369376986;-0.6121059825476627;-0.433883739117558;-0.9009688679024191;115470;115025;115350;114405;114650;114725;115210;115575;115825;115395;114690;114785;115300;115360;114840;115025;114190;114380;114290;114615;114760;115020;115350;114405;114645;114720;115205;114905;1943288;3997872;3407824;1880392;1789194;2285777;1960778;601967;1067326;885322;501278;454755;577021;494919;5066.5;5085.5;5059.5;5058.0;5043.0;5046.0;5039.0;5107.0;5085.5;5068.0;5058.5;5055.0;5053.5;5046.5;5062.0;5055.0;5045.0;5041.0;5042.5;5033.5;5033.0;5085.0;5059.5;5058.0;5043.0;5046.0;5038.5;5041.5;745599;649185;514566;293147;204126;356673;255335;209964;178135;141786;77629;54045;84496;61084;0
2023-10-23;0.014159521953754223;0.06116207951070336;-0.011836519423477637;-0.8660254037844386;0.5000000000000001;-0.9987165071710528;-0.05064916883871355;0.0;1.0;114290;113990;114475;114760;115165;115340;114870;114315;114520;114870;115270;115365;115375;115010;113850;113785;114340;114735;114830;114780;114650;113985;114475;114755;115170;115335;114865;114800;1802877;4050886;2946848;2010377;1525457;1838021;1844062;574960;1132604;813452;539129;420645;507608;518603;5055.0;5036.0;5025.0;5015.5;5013.0;5003.5;5017.5;5060.5;5047.0;5029.0;5020.0;5018.5;5019.5;5027.0;5033.5;5024.5;5011.5;5005.5;5002.0;5003.0;5016.5;5035.5;5024.5;5016.0;5013.0;5003.5;5018.0;5020.0;657186;639298;556074;358295;244311;317988;261683;178742;174404;130881;79868;57370;65549;59463;0
2023-10-24;0.01391197830081372;1.0125786163522013;-0.0012052702986343877;-0.8660254037844386;0.5000000000000001;-0.9884683243281114;0.15142777750457667;0.7818314824680298;0.6234898018587336;115395;115515;115725;115430;115150;114535;114955;115555;115765;115860;115500;115195;115070;115180;115030;115020;115330;114925;114355;114400;114885;115510;115720;115425;115155;114535;114960;115025;2053050;3581531;3118643;2313625;2113859;1877536;1415412;651864;1045326;901769;624340;564040;503266;376366;5021.0;5023.0;5008.0;4999.5;5004.0;5008.5;5007.5;5035.5;5033.5;5014.0;5011.0;5013.5;5012.0;5012.5;5012.0;5006.5;4994.0;4997.5;5003.0;5001.0;5001.5;5023.0;5007.5;5000.0;5004.0;5008.0;5007.5;5005.5;602486;750019;630408;337241;262721;289631;215956;179694;193791;162928;76371;59502;57050;49626;1
2023-10-25;0.013042159538974826;0.6943521594684385;-0.0004893617942688372;-0.8660254037844386;0.5000000000000001;-0.9377521321470804;0.3473052528448203;0.9749279121818236;-0.22252093395631434;115400;115465;115090;114945;115035;114545;114440;115525;115695;115095;115255;115070;114615;114445;115135;114730;114535;114925;114520;114225;114180;115470;115085;114950;115030;114545;114440;114380;1631084;3583084;2882712;2222320;1642965;2214328;1791637;556648;1054258;834703;614811;464271;601632;476136;5002.0;4999.0;5003.0;5004.5;5002.0;5004.0;5007.5;5008.5;5007.5;5023.0;5004.5;5009.0;5013.5;5013.0;4990.0;4990.0;5000.0;4993.5;4998.5;4998.5;5004.0;4999.5;5003.0;5004.5;5002.0;5004.5;5007.5;5010.0;561189;536030;589966;348589;218373;341172;203626;164168;130144;147883;84489;50017;80768;48412;1
2023-10-26;0.013128249566724436;-0.2376237623762376;-0.013962796197753218;-0.8660254037844386;0.5000000000000001;-0.848644257494751;0.5289640103269624;0.43388373911755823;-0.900968867902419;113820;114715;115010;115470;115210;115080;115300;114740;115215;115520;115495;115220;115455;116070;113680;114510;114800;115115;114860;114910;115295;114720;115005;115475;115205;115080;115300;116045;2218951;3349860;3021611;1669048;1666385;2416928;2358207;761760;1060265;900542;476080;478455;674878;626919;5005.5;4994.5;5009.0;5006.0;5009.0;5007.0;4999.5;5018.5;5012.5;5022.5;5013.5;5016.5;5009.0;5001.5;4992.0;4994.0;4997.5;5003.0;5003.0;4994.5;4994.0;4994.5;5008.5;5006.0;5009.0;5007.0;5000.0;4996.0;637997;575189;591948;296254;289827;373159;203114;178713;145415;142428;66668;62463;74764;49009;1
2023-10-27;0.027016341591987347;0.9707317073170731;0.009918260376517333;-0.8660254037844386;0.5000000000000001;-0.72479278722912;0.6889669190756865;-0.433883739117558;-0.9009688679024191;116665;116435;116300;116195;116420;115490;114780;116780;116860;116555;116620;116420;115610;114835;116410;116135;116065;116180;115425;114660;114340;116430;116300;116200;116420;115495;114785;114500;1855158;3690590;2879903;1871121;2111322;2994854;2493804;607364;1062503;823076;511659;546316;767149;650694;4990.0;4960.5;4943.0;4951.5;4948.5;4972.5;5003.0;4993.5;4960.5;4953.0;4954.0;4982.0;5004.5;5020.0;4955.5;4932.5;4939.0;4948.0;4945.0;4967.0;5002.0;4960.5;4942.5;4951.5;4948.5;4972.0;5003.0;5015.5;728918;790886;466717;288543;446936;597220;391734;181534;182057;106399;56579;95349;118305;83307;1
2023-10-30;0.021600308575836797;0.4801587301587302;0.0009637145239358534;-0.8660254037844386;0.5000000000000001;-0.20129852008866114;0.9795299412524943;0.0;1.0;115550;115495;115355;115000;114295;113915;114110;115910;115630;115420;115250;114395;114160;114205;115380;115175;114455;113775;113645;113880;113770;115495;115355;115000;114295;113915;114105;113935;1855734;2936330;3625504;3012778;1746850;1226172;1515617;570117;850266;940886;782048;497366;350369;425034;4995.0;4993.5;4986.5;5005.0;5040.5;5054.0;5048.5;5005.5;4995.5;5033.0;5049.5;5060.5;5054.5;5057.0;4973.0;4977.0;4984.0;4989.5;5034.5;5042.5;5041.5;4993.5;4987.0;5005.0;5040.0;5054.0;5049.0;5052.5;642227;433136;765578;735393;352297;251920;211984;175914;115925;200449;178280;86423;61911;60085;0
2023-10-31;0.019991345737775855;0.2813852813852814;-0.008827293035764634;-0.8660254037844386;0.5000000000000001;-2.4492935982947064e-16;1.0;0.7818314824680298;0.6234898018587336;114250;114190;114120;114585;114960;114595;114555;114570;114245;114925;114980;114960;114745;114595;114025;113415;113970;114555;114575;114265;114100;114195;114120;114580;114955;114595;114560;114465;2268453;3830491;3408217;2221585;1718400;1895204;1970806;733470;1102425;905800;608359;472594;486679;501184;5045.0;5063.0;5078.5;5076.0;5061.5;5071.0;5060.0;5063.0;5089.0;5085.0;5076.5;5075.0;5071.0;5065.5;5027.5;5062.0;5060.5;5055.5;5059.0;5055.0;5054.5;5062.5;5078.5;5075.5;5061.5;5071.0;5060.0;5056.5;722844;707719;520702;411478;327376;235525;193228;194498;165193;128856;86838;75313;53938;44910;1
2023-11-01;0.013698030634573304;0.7124600638977636;-0.0060057975039488985;-0.5000000000000004;0.8660254037844384;0.20791169081775931;0.9781476007338057;0.9749279121818236;-0.22252093395631434;114530;115130;115640;116100;116005;115985;116380;115185;115820;116335;116230;116060;116500;116635;114220;114930;115630;115855;115655;115835;115820;115135;115640;116100;116005;115990;116380;116380;2465206;3118422;2741270;1839602;1452545;1797383;3049089;796312;887110;777019;526150;392031;496595;840495;5054.0;5053.0;5038.5;5030.5;5033.5;5029.0;5016.5;5064.0;5057.5;5039.0;5042.0;5038.0;5031.5;5019.5;5036.5;5031.5;5023.0;5027.5;5027.5;5010.0;4990.5;5052.5;5038.5;5030.0;5033.0;5029.0;5016.5;4994.0;669846;512007;557002;279690;233248;307573;639107;202868;136353;142968;64747;50301;77078;168839;1
2023-11-03;0.02344363922116476;1.320297951582868;0.02061554127983187;-0.5000000000000004;0.8660254037844384;0.5877852522924731;0.8090169943749475;-0.433883739117558;-0.9009688679024191;117765;118925;119290;119015;119090;119480;119520;118960;119455;119540;119370;119695;119685;119875;117715;118320;118510;118865;119075;119265;119500;118930;119295;119015;119090;119480;119520;119740;2557129;3275037;2620569;1514578;1746726;1427018;1510268;844894;908574;729552;412877;453133;383846;395245;4951.5;4910.5;4904.0;4908.5;4904.5;4904.5;4908.0;4951.5;4923.5;4916.0;4909.5;4907.5;4918.5;4914.5;4892.0;4896.5;4895.5;4904.0;4896.5;4902.0;4907.0;4910.5;4904.0;4908.5;4905.0;4905.0;4908.0;4910.5;855567;532344;471333;188308;194053;206421;132248;247162;156103;124512;53450;52700;57462;35382;0
2023-11-06;0.01834161253343523;0.8958333333333334;0.03426069593254183;-0.5000000000000004;0.8660254037844384;0.9510565162951535;0.30901699437494745;0.0;1.0;119650;119960;119740;119615;120010;119725;119730;120125;120125;119910;120035;120020;119870;119735;119650;119490;119455;119290;119510;119595;119385;119960;119745;119615;120010;119725;119730;119615;1532242;2566236;2816427;2198235;1386644;1427099;1566413;500851;747339;757109;587126;362854;359326;396274;4909.0;4914.0;4921.5;4920.5;4906.0;4907.0;4905.5;4916.5;4926.5;4924.0;4925.0;4916.5;4912.0;4911.5;4903.0;4908.5;4907.5;4905.5;4902.0;4904.5;4902.0;4914.0;4921.5;4920.5;4906.0;4907.0;4905.5;4906.0;364252;393517;378719;321498;232518;155060;212104;122934;114363;111735;85403;63534;46697;52037;1
2023-11-07;0.006978687839531968;0.0718562874251497;0.028950272432581556;-0.5000000000000004;0.8660254037844384;0.9945218953682733;0.10452846326765346;0.7818314824680298;0.6234898018587336;119350;119270;120205;120310;120285;120350;120330;119420;120265;120495;120355;120475;120410;120850;118995;119250;119815;120120;120100;120160;120305;119265;120205;120310;120290;120355;120335;120790;1629684;3172791;3168856;1574506;1631310;1368130;1885027;542091;876755;812204;417711;433795;350308;463131;4919.0;4885.0;4873.5;4880.5;4881.5;4881.5;4886.5;4923.0;4887.5;4888.0;4887.0;4882.5;4890.0;4887.0;4881.0;4871.5;4872.5;4878.0;4875.0;4880.5;4876.5;4885.5;4873.0;4880.5;4882.0;4881.5;4886.0;4880.5;648296;481044;425579;331243;177389;238218;223115;182778;125291;107791;60909;43909;55515;50091;0
2023-11-08;0.015751989945538333;0.6462765957446809;0.03380439760318372;-0.5000000000000004;0.8660254037844384;0.9945218953682734;-0.10452846326765333;0.9749279121818236;-0.22252093395631434;120210;120630;120890;120640;120275;120110;119770;120705;120955;121240;120700;120535;120160;120425;120100;120380;120605;120260;120025;119665;119725;120635;120890;120635;120275;120110;119770;120240;1722452;3284624;2849588;2218364;1827077;2050531;2160036;557879;865415;739804;555551;461569;501215;517725;4900.5;4897.0;4899.0;4887.5;4896.5;4903.0;4919.0;4914.0;4907.0;4901.5;4897.5;4903.5;4923.5;4929.5;4897.0;4893.0;4883.0;4887.5;4895.5;4902.0;4912.5;4897.5;4898.5;4888.0;4897.0;4902.5;4919.5;4918.5;421717;355916;383223;285803;211333;336498;375751;129833;104297;105552;74253;53266;79467;89162;1
2023-11-09;0.013102071375093586;0.5587301587301587;0.03461002038407896;-0.5000000000000004;0.8660254037844384;0.9510565162951536;-0.30901699437494734;0.43388373911755823;-0.900968867902419;120545;120865;120605;121415;121085;121135;120825;120935;120910;121465;121425;121320;121205;120870;120300;120435;120590;121040;120970;120725;119930;120865;120605;121410;121085;121130;120825;120615;1654679;3133648;2923888;2091174;1300603;1638170;2973076;527080;859504;778919;552560;343806;409976;704637;4921.5;4919.0;4916.5;4909.0;4907.5;4918.0;4924.0;4927.5;4924.0;4919.0;4917.5;4919.0;4928.5;4946.5;4913.5;4906.0;4904.5;4907.0;4906.0;4914.5;4922.0;4919.0;4916.5;4909.0;4907.0;4917.5;4923.5;4935.5;354149;454241;340253;233156;180879;201430;446874;112024;133417;88205;62906;44640;50978;112236;0
2023-11-10;0.01609357501348044;0.5257731958762887;0.03304288955495043;-0.5000000000000004;0.8660254037844384;0.8660254037844387;-0.4999999999999998;-0.433883739117558;-0.9009688679024191;120545;120905;121160;121315;121615;121640;121810;121030;121335;121480;121640;121840;122010;121880;120310;120700;121045;121100;121510;121630;121540;120905;121160;121315;121615;121640;121810;121740;1825329;3081341;2483207;2134727;1440521;1623389;1497995;591817;893417;672294;586512;387215;422505;383777;4945.0;4936.5;4927.5;4936.0;4929.0;4917.5;4918.0;4966.0;4939.5;4940.0;4943.0;4929.5;4922.0;4927.5;4935.5;4924.5;4927.0;4927.0;4917.0;4914.5;4915.5;4936.5;4927.5;4937.0;4928.5;4917.5;4918.0;4927.0;461940;406195;311804;348744;237567;170731;151619;146453;115739;80747;92080;59556;46107;40001;0
2023-11-13;0.014102617279853997;0.7323529411764705;0.03971807734910595;-0.5000000000000004;0.8660254037844384;0.40673664307580004;-0.913545457642601;0.0;1.0;121555;121365;121315;120940;121440;121435;121260;121620;121520;121440;121510;121625;121465;121615;121260;121060;120900;120865;121285;121115;121115;121365;121320;120935;121445;121435;121260;121360;1264900;2966294;2579257;1865335;1593567;1643691;1397619;390864;842939;694780;494553;404892;390871;353457;4920.0;4937.0;4947.0;4940.5;4924.5;4920.5;4924.0;4938.0;4952.5;4949.5;4941.0;4925.5;4926.5;4926.5;4917.5;4934.5;4939.0;4923.0;4916.5;4919.0;4915.5;4937.5;4947.0;4940.5;4924.0;4920.5;4924.0;4919.5;339160;412346;302295;306266;313523;165745;164066;105580;109018;80943;74991;57602;39354;40048;1
2023-11-14;0.006540249269877833;0.8930817610062893;0.037342628105308515;-0.5000000000000004;0.8660254037844384;0.20791169081775931;-0.9781476007338057;0.7818314824680298;0.6234898018587336;121575;121925;123465;124240;124115;124075;124130;121945;124790;124415;124295;124390;124170;124365;121550;121890;123350;123885;124055;123900;124130;121930;123470;124245;124110;124070;124135;124300;1423685;3514434;2616243;1770591;1332153;1322889;1232547;464436;1115831;707434;483851;344849;348590;315189;4908.0;4905.5;4869.5;4864.0;4876.0;4875.0;4876.5;4916.0;4905.5;4874.0;4884.0;4878.5;4879.0;4877.0;4902.5;4856.5;4857.0;4862.5;4868.5;4874.0;4869.0;4905.5;4869.0;4864.0;4876.0;4875.0;4877.0;4871.5;309726;764095;515526;370096;201727;157123;134554;104963;197347;119433;84902;49804;34593;34452;0
2023-11-16;0.026650215916101172;0.9027777777777778;0.05838663529131672;-0.5000000000000004;0.8660254037844384;-0.20791169081775907;-0.9781476007338057;0.43388373911755823;-0.900968867902419;124475;124165;125120;124775;125065;124755;125200;124720;125145;125235;125095;125110;125345;125555;124125;124155;124750;124670;124510;124735;125125;124165;125120;124780;125065;124750;125195;125455;1527620;3112496;2848971;2030067;1825623;1786111;1784201;494504;917124;773407;563149;479702;457765;451924;4871.5;4869.5;4850.5;4860.5;4860.5;4888.0;4873.0;4875.0;4870.5;4868.5;4868.5;4895.0;4889.5;4874.5;4854.0;4845.0;4850.0;4855.5;4860.5;4870.5;4864.5;4869.5;4850.5;4860.5;4861.0;4888.0;4872.5;4874.0;432662;458729;489096;267674;379206;235002;221191;124578;130660;129262;69994;90625;56445;49506;1
2023-11-17;0.013697529624422574;1.002932551319648;0.0653713052036702;-0.5000000000000004;0.8660254037844384;-0.4067366430758002;-0.9135454576426009;-0.433883739117558;-0.9009688679024191;125835;125955;125735;125870;125950;125965;126280;125975;126150;125960;126240;125995;126365;126440;125465;125585;125530;125825;125765;125960;126110;125960;125735;125865;125950;125965;126280;126130;1853814;2612881;2338895;1757510;1230161;1297265;1176010;586977;773378;662593;480691;353187;346638;306812;4862.0;4875.0;4897.5;4901.0;4899.0;4903.5;4894.5;4883.5;4904.0;4907.0;4910.0;4909.0;4904.5;4907.5;4858.0;4868.5;4890.5;4897.5;4897.5;4892.0;4893.5;4874.5;4897.5;4901.5;4899.0;4904.0;4895.0;4907.5;534514;620635;414245;304313;206798;232033;168494;156180;152295;100493;72653;46062;53474;39572;0
2023-11-20;0.007748241745142448;0.717948717948718;0.0635975080297755;-0.5000000000000004;0.8660254037844384;-0.8660254037844384;-0.5000000000000004;0.0;1.0;126165;126265;126195;126515;126485;126415;126710;126315;126395;126600;126730;126590;126760;127105;125895;125845;126010;126400;126345;126395;126705;126265;126195;126515;126480;126415;126710;127025;1355997;2143380;2504119;1419695;1006242;1065121;1430255;436595;623172;692891;405216;276640;278127;365854;4901.0;4897.5;4882.5;4867.0;4865.5;4870.5;4871.0;4911.0;4897.5;4883.0;4873.0;4872.0;4875.0;4873.0;4896.5;4879.0;4866.5;4862.0;4865.0;4868.5;4851.5;4897.0;4882.5;4867.5;4865.0;4871.0;4871.5;4860.0;340257;334812;296585;234425;181277;127876;325419;86835;88908;75081;56542;37884;29553;76859;0
2023-11-21;0.010066183172829231;0.7440944881889764;0.0637436578301022;-0.5000000000000004;0.8660254037844384;-0.9510565162951535;-0.30901699437494756;0.7818314824680298;0.6234898018587336;126790;126515;126490;126500;126325;126340;126585;126990;126720;126810;126570;126395;126720;126605;126410;126160;126380;125980;126170;126305;125870;126510;126490;126495;126325;126335;126580;126075;1329396;2790854;2743732;2171008;1108270;1485648;1768181;431698;799800;752915;588282;290091;381077;446518;4856.5;4878.5;4884.5;4880.5;4892.5;4896.5;4903.0;4879.5;4888.5;4884.5;4894.5;4897.5;4904.5;4911.5;4847.5;4874.5;4870.5;4875.5;4887.5;4895.0;4901.5;4878.5;4884.5;4880.0;4892.5;4896.5;4902.5;4908.0;477436;471682;341197;324717;195841;220715;232937;150461;130826;96443;86645;49756;53802;54170;1
2023-11-22;0.008833504219575676;0.6696428571428571;0.05710469193521456;-0.5000000000000004;0.8660254037844384;-0.9945218953682733;-0.10452846326765423;0.9749279121818236;-0.22252093395631434;126620;127115;127545;127375;127040;127385;126680;127195;127590;127730;127375;127400;127445;127100;126620;126785;127195;127030;126940;126430;126660;127115;127545;127370;127040;127385;126675;126945;1507574;3197619;2617525;1906628;1378013;2353121;1470764;471944;920711;726998;557748;392015;585521;382473;4904.5;4901.0;4892.5;4892.5;4897.5;4892.5;4912.0;4906.5;4903.5;4901.5;4903.0;4903.0;4924.0;4913.0;4881.5;4887.5;4888.5;4890.5;4891.5;4892.0;4896.0;4901.0;4892.0;4892.0;4897.5;4893.0;4912.0;4903.0;469532;525781;408859;363792;207187;425852;252770;140090;137112;113445;90005;51987;95859;68105;0
2023-11-23;0.011728005054493762;0.23905723905723905;0.051564888032427404;-0.5000000000000004;0.8660254037844384;-0.9945218953682734;0.10452846326765299;0.43388373911755823;-0.900968867902419;126600;126755;126965;127435;127360;127305;127310;126845;127090;127480;127545;127400;127345;127395;126390;126470;126910;127335;127230;127175;127120;126750;126965;127430;127365;127300;127310;127255;1230486;2495598;1734841;807642;705914;654034;726580;408362;738150;487175;229762;201770;187991;189249;4904.0;4896.5;4900.5;4895.5;4896.5;4900.5;4900.5;4910.0;4902.5;4907.5;4898.0;4901.0;4902.0;4913.0;4890.5;4895.5;4892.0;4890.5;4893.5;4897.5;4899.5;4896.0;4900.0;4895.5;4896.5;4901.0;4900.5;4912.0;269712;155829;256433;139010;88295;98063;143923;87280;49213;71781;38362;22365;21103;32464;0
2023-11-24;0.009123222748815166;0.8311688311688312;0.05252935573384686;-0.5000000000000004;0.8660254037844384;-0.9510565162951536;0.30901699437494723;-0.433883739117558;-0.9009688679024191;127350;126855;126375;126720;126740;126255;126325;127360;126940;126770;126915;126750;126430;126420;126785;126315;126270;126645;126225;126085;126130;126855;126370;126725;126740;126255;126325;126140;1301421;2174719;2153361;1590392;1292243;1449029;894802;461235;624347;590025;431046;337076;363626;233181;4903.5;4889.0;4898.5;4891.0;4905.0;4903.0;4897.5;4907.5;4905.0;4905.5;4908.5;4907.0;4905.0;4900.5;4888.0;4885.0;4890.0;4885.5;4898.5;4897.0;4892.0;4888.5;4898.5;4891.0;4905.0;4902.5;4897.5;4899.5;352180;422405;311331;316739;176136;100634;129515;115130;116771;87152;75026;41706;26358;26131;1
2023-11-27;0.010365135453474675;0.041666666666666664;0.037001704418123164;-0.5000000000000004;0.8660254037844384;-0.5877852522924734;0.8090169943749473;0.0;1.0;126095;126520;126125;126165;125710;125750;126015;126605;126645;126245;126235;125825;126080;126470;126060;126055;125895;125605;125485;125670;125945;126515;126130;126165;125710;125755;126015;126300;1431029;3211963;2702196;1817842;1175554;1159883;1471223;453490;897678;747789;507839;336856;323852;376150;4902.0;4892.0;4875.5;4902.5;4914.0;4908.5;4899.5;4908.5;4894.0;4904.5;4923.0;4917.0;4908.5;4907.5;4888.5;4873.0;4873.5;4900.0;4907.5;4893.5;4896.5;4892.0;4875.5;4903.0;4914.0;4908.0;4899.5;4904.5;402132;471848;431796;512358;228812;293492;205912;120758;121553;103028;110969;49757;62772;49666;0
2023-11-28;0.00919941314088584;0.5431034482758621;0.03302036511820779;-0.5000000000000004;0.8660254037844384;-0.40673664307580015;0.913545457642601;0.7818314824680298;0.6234898018587336;126115;126095;126260;126880;127330;127455;127380;126435;126720;126955;127360;127495;127525;127395;125995;126010;125960;126835;127195;127250;127055;126095;126255;126885;127330;127455;127380;127095;1687650;3047186;2951432;1903250;1243314;1222033;1353605;553710;826761;758610;467943;303445;294348;327678;4898.5;4894.5;4904.5;4881.5;4864.5;4862.0;4868.0;4903.5;4909.5;4909.0;4885.0;4869.5;4871.5;4879.0;4882.5;4883.0;4880.0;4858.5;4861.0;4861.0;4866.0;4894.5;4904.5;4882.0;4864.5;4862.0;4867.5;4874.0;476729;533093;503379;665524;251854;198942;254280;154859;148738;133429;143475;59752;47046;55522;1
2023-11-29;0.012409308964040756;0.9201277955271565;0.03834077382468423;-0.5000000000000004;0.8660254037844384;-0.20791169081775898;0.9781476007338057;0.9749279121818236;-0.22252093395631434;127400;127620;127000;127120;127365;127100;127235;127700;127885;127260;127385;127375;127330;127295;127215;126975;126845;126805;126685;126975;126995;127615;126995;127125;127370;127100;127230;127225;1326934;2804532;2371916;2165601;1878834;1290252;1428559;404395;750352;610035;541170;444448;313780;342736;4874.0;4887.5;4899.5;4882.5;4888.0;4895.5;4884.0;4887.5;4903.0;4905.0;4888.5;4899.5;4896.0;4894.5;4864.5;4887.0;4875.5;4874.0;4886.5;4880.0;4880.0;4887.5;4899.5;4882.0;4888.0;4895.5;4884.0;4884.5;380843;593041;472133;355647;235539;219044;219456;121289;164687;121140;89888;57653;50833;52705;0
2023-11-30;0.011145996860282574;0.3767605633802817;0.02966989756000665;-0.5000000000000004;0.8660254037844384;-1.133107779529596e-15;1.0;0.43388373911755823;-0.900968867902419;127000;127315;127530;126995;127115;127115;127535;127335;127755;127540;127135;127245;127565;127670;126825;127140;126750;126625;126995;127035;127410;127310;127525;126995;127110;127115;127540;127575;1458541;2629593;2562629;1988587;1317509;1288398;1335005;439934;725157;700211;547762;359859;325105;321465;4929.5;4945.0;4949.5;4951.5;4949.0;4945.5;4936.0;4954.5;4959.5;4960.0;4953.5;4951.0;4947.5;4943.5;4928.5;4936.0;4938.5;4937.5;4943.5;4935.0;4935.0;4945.0;4949.0;4951.5;4948.5;4945.5;4936.0;4936.5;572679;634015;534615;412476;251687;174694;194006;169437;171419;130482;99011;56087;43063;41098;1
2023-12-01;0.010551181102362205;1.0932835820895523;0.03300261496680383;-2.4492935982947064e-16;1.0;0.20129852008866006;0.9795299412524945;-0.433883739117558;-0.9009688679024191;128090;127805;127380;127380;127625;128255;128520;128250;127960;127475;127865;128310;128560;128590;127805;127360;127070;127275;127440;128215;128265;127805;127375;127375;127625;128260;128525;128335;1375604;2479118;2305191;2339761;2551506;1385408;1110786;451598;728946;643261;624969;670463;371194;299909;4925.5;4936.0;4947.5;4936.0;4914.0;4900.5;4886.0;4937.5;4948.5;4950.0;4936.0;4919.0;4901.0;4892.0;4917.0;4931.5;4936.0;4909.5;4891.5;4883.0;4881.5;4936.0;4947.5;4936.0;4914.0;4900.5;4885.5;4886.0;358618;345674;407652;571624;495770;255085;176731;109901;99467;94074;142698;132140;65085;48399;1
2023-12-04;0.012335076899055351;0.5474683544303798;0.02696552097820001;-2.4492935982947064e-16;1.0;0.7247927872291199;0.6889669190756866;0.0;1.0;127935;127755;127875;127790;127330;127560;127490;128010;127965;128195;127915;127575;127595;127500;127655;127595;127715;127240;127285;127185;127090;127760;127880;127790;127335;127565;127495;127125;935262;2238968;2317585;2135764;1310919;1517425;1460086;341289;671798;671408;582915;350100;399262;385306;4907.0;4905.0;4918.5;4927.5;4942.0;4942.5;4952.5;4915.0;4921.0;4931.5;4945.0;4944.5;4957.5;4966.0;4902.5;4903.5;4915.5;4921.5;4937.0;4942.0;4952.0;4904.5;4918.5;4927.5;4941.5;4942.5;4952.5;4963.5;318475;335621;369299;318039;179555;291396;254957;92988;87178;91888;94545;48521;69976;60684;1
2023-12-05;0.009262516121467933;0.0759493670886076;0.017190601190857288;-2.4492935982947064e-16;1.0;0.8486442574947509;0.5289640103269624;0.7818314824680298;0.6234898018587336;127100;127285;127655;127245;127200;127130;127365;127295;127860;127705;127790;127345;127465;127725;126825;127025;126825;126780;126840;126920;127215;127290;127655;127245;127195;127130;127365;127485;1503790;2984130;2847137;2829407;1704293;1766308;1592613;543004;846505;765816;768934;455884;458034;396873;4964.0;4958.5;4969.0;4967.0;4969.5;4960.5;4942.0;4979.0;4977.5;4971.5;4977.5;4971.5;4961.5;4945.0;4954.0;4954.0;4960.5;4946.5;4957.0;4940.0;4937.0;4958.5;4969.0;4967.0;4969.0;4960.5;4942.0;4939.0;483243;597469;359772;591893;213065;313861;159613;146708;165098;98349;164025;61985;77424;42604;1
2023-12-06;0.008497246262785208;0.6620370370370371;0.01740428044751584;-2.4492935982947064e-16;1.0;0.9377521321470804;0.3473052528448203;0.9749279121818236;-0.22252093395631434;127495;127725;127160;126945;126680;126355;126150;127825;127880;127415;127025;126710;126375;126375;127480;127115;126880;126655;126265;126070;126080;127725;127160;126940;126675;126350;126150;126325;1225183;2861634;2504183;1828782;1797854;1464944;1254508;419094;857496;721432;534797;470298;384587;320288;4930.0;4924.0;4916.0;4905.5;4906.5;4908.0;4914.5;4932.0;4932.0;4916.0;4909.0;4912.5;4915.5;4916.0;4921.5;4914.5;4897.5;4899.0;4905.0;4906.5;4906.0;4924.0;4916.0;4905.5;4907.0;4908.5;4914.0;4908.5;313215;410423;494992;247566;177719;169793;189731;96668;120424;120530;65383;44738;38235;44519;0
2023-12-07;0.016824189183889563;0.09324009324009325;0.002838861747831038;-2.4492935982947064e-16;1.0;0.9884683243281114;0.1514277775045767;0.43388373911755823;-0.900968867902419;125935;126330;126720;126325;126135;126260;126270;126335;126770;126835;126545;126290;126320;126435;125830;126200;126285;126030;125755;126075;126035;126325;126725;126330;126130;126265;126265;126075;1221880;2415007;2481326;1904247;1788390;1407809;1619047;414955;664266;675989;521966;453907;371848;410056;4907.0;4896.5;4896.0;4917.0;4917.0;4914.5;4915.0;4920.0;4901.0;4925.0;4924.5;4923.5;4918.0;4919.5;4895.0;4890.0;4895.5;4912.0;4910.5;4906.5;4911.0;4896.5;4896.0;4917.5;4917.0;4914.5;4915.5;4919.5;504071;438549;540544;248974;179868;170349;99273;146033;117995;137741;71759;51824;46578;28989;1
2023-12-08;0.008575852622384564;0.6111111111111112;0.00428598098915198;-2.4492935982947064e-16;1.0;0.9987165071710528;-0.05064916883871264;-0.433883739117558;-0.9009688679024191;126415;126465;126045;126825;127070;126665;126610;126555;126700;127000;127400;127100;126720;126825;126105;125855;125670;126820;126515;125945;126555;126465;126050;126820;127075;126665;126615;126640;1415261;3332741;3325946;1901654;1646570;1775549;1041783;462971;977158;847798;515047;452870;488908;301334;4906.0;4918.5;4931.5;4924.0;4927.0;4941.0;4930.5;4920.5;4941.5;4945.0;4927.5;4941.5;4943.0;4936.0;4905.0;4910.0;4920.5;4912.0;4926.0;4930.5;4930.0;4918.5;4931.0;4924.5;4927.5;4941.0;4931.0;4936.0;310461;662733;508346;265086;199906;163686;106189;99400;186760;143492;79597;50370;40263;27709;1
2023-12-11;0.01443657793774473;0.7972602739726027;0.007148077505837893;-2.4492935982947064e-16;1.0;0.7907757369376989;-0.6121059825476626;0.0;1.0;127125;126720;127125;126995;127120;126940;126775;127300;127140;127235;127190;127220;126965;127065;126610;126565;126855;126735;126885;126660;126720;126720;127125;126990;127120;126940;126775;126915;1199700;2698289;2539920;1757162;1289354;1516989;1614575;381123;719102;666937;450435;329551;360613;377304;4942.5;4948.0;4956.0;4956.5;4950.5;4948.0;4952.5;4959.5;4966.5;4964.5;4962.0;4953.0;4953.5;4954.5;4936.5;4942.5;4952.5;4948.0;4944.0;4946.5;4939.0;4948.0;4956.0;4956.5;4950.0;4948.5;4953.0;4940.0;362810;432567;275846;232596;158009;96994;166597;111972;119339;76042;61933;40370;24814;42185;1
2023-12-12;0.005781710914454277;1.1496598639455782;0.007285247275444013;-2.4492935982947064e-16;1.0;0.6513724827222223;-0.7587581226927909;0.7818314824680298;0.6234898018587336;127410;127245;126780;126285;126590;126365;126095;127590;127445;127005;126630;126645;126385;126365;127200;126710;126170;126155;126320;126010;126070;127250;126780;126285;126590;126370;126090;126360;1191072;2479502;2440366;1402017;1083664;1403460;1041625;390990;775590;649395;371418;291534;355347;274259;4933.5;4940.0;4949.0;4960.0;4959.5;4969.5;4974.0;4944.0;4951.5;4966.0;4969.0;4972.5;4978.5;4974.5;4928.0;4928.0;4941.0;4956.0;4957.0;4967.5;4965.0;4939.5;4949.0;4960.0;4959.0;4970.0;4974.0;4969.0;357180;617185;474661;317014;209334;246166;178065;105817;161385;119242;74119;47384;49047;42994;1
2023-12-13;0.012400910446589749;1.6962025316455696;0.015433900926349678;-2.4492935982947064e-16;1.0;0.48530196253108104;-0.8743466161445821;0.9749279121818236;-0.22252093395631434;128690;128495;129180;128900;128795;128690;128730;128750;129230;129310;128965;128820;128895;129135;128315;128390;128820;128570;128505;128615;128640;128500;129185;128905;128800;128690;128735;129035;1106688;2410786;1852745;1459190;1176100;1114414;1151589;392727;701475;522857;400352;317332;294671;297453;4967.5;4963.5;4963.0;4956.0;4962.0;4975.5;4978.0;4975.5;4981.0;4971.5;4963.0;4979.0;4981.0;4980.5;4951.0;4961.0;4955.0;4949.0;4960.5;4970.0;4971.5;4963.0;4962.5;4956.0;4961.5;4976.0;4977.5;4978.5;435562;528462;384184;273415;232623;217510;155268;117210;136151;94362;65077;51967;44783;36364;1
2023-12-14;0.031160152303986322;1.0748129675810474;0.043356835904849005;-2.4492935982947064e-16;1.0;0.29936312297335804;-0.9541392564000488;0.43388373911755823;-0.900968867902419;132625;132920;132985;132950;132845;132935;133020;133010;133350;133320;133100;133010;133055;133040;132405;132705;132680;132765;132650;132825;132455;132925;132980;132955;132840;132935;133015;132570;1455455;2764247;2369001;1693661;1241096;1105541;1407571;498436;794501;635410;439292;340667;291733;353570;4885.0;4889.0;4904.5;4888.5;4894.5;4903.0;4899.5;4900.0;4911.5;4910.5;4902.0;4906.5;4906.5;4914.5;4881.0;4884.0;4880.5;4887.5;4892.0;4898.5;4898.5;4888.5;4904.0;4889.0;4894.5;4903.5;4899.5;4911.5;581106;611662;528086;355492;217606;151712;219579;155372;165477;128443;83050;51748;37127;45306;1
2023-12-15;0.007125353440150801;0.7354497354497355;0.04418568618336795;-2.4492935982947064e-16;1.0;0.10116832198743272;-0.994869323391895;-0.433883739117558;-0.9009688679024191;133100;133350;133255;132385;132525;132430;132325;133400;133760;133280;132565;132615;132665;132535;133070;132905;132290;132165;132320;132320;132035;133345;133260;132385;132525;132430;132330;132130;1006666;2841687;2263659;1449522;1074870;986015;1315739;377532;796745;618550;390751;303338;273339;352173;4913.0;4943.0;4941.0;4933.5;4947.0;4942.5;4939.5;4944.0;4954.0;4942.5;4948.0;4951.0;4945.5;4948.5;4906.5;4936.0;4920.0;4931.0;4938.5;4938.5;4938.5;4942.5;4940.5;4933.5;4946.5;4942.5;4940.0;4943.5;489443;623813;559353;259451;229464;143119;187362;136156;159504;135567;62934;54969;28684;40758;1
2023-12-18;0.013749060856498872;0.28415300546448086;0.03647418791914797;-2.4492935982947064e-16;1.0;-0.4853019625310808;-0.8743466161445822;0.0;1.0;132450;132900;132805;132810;132890;133090;133410;132915;133040;132985;133135;133110;133490;133475;132445;132705;132530;132735;132870;133090;133310;132895;132805;132810;132890;133090;133415;133415;903658;2033652;2249865;1502058;827882;1259218;857185;294119;575473;612148;411068;232413;310574;219415;4939.5;4942.0;4935.5;4940.0;4936.0;4939.0;4928.5;4950.5;4953.0;4949.5;4944.0;4944.0;4941.0;4930.0;4937.5;4929.5;4934.0;4933.5;4935.5;4927.0;4891.5;4942.0;4935.0;4940.0;4936.5;4938.5;4928.5;4904.5;323739;464794;331451;166393;141233;193291;434327;93261;129370;96233;45490;33433;46876;101930;0
2023-12-19;0.007927519818799546;0.6714285714285714;0.039505502977404516;-2.4492935982947064e-16;1.0;-0.651372482722222;-0.7587581226927911;0.7818314824680298;0.6234898018587336;133150;133515;133885;133925;133825;133410;133470;133560;133975;134045;133955;133825;133510;134020;133010;133505;133745;133620;133340;133320;133220;133515;133885;133930;133820;133415;133475;133730;1366510;1751053;1491705;1669297;1494095;1075943;2058438;436748;467831;411757;427222;375726;262526;478789;4889.5;4865.0;4865.0;4866.0;4854.0;4862.5;4857.0;4896.0;4871.0;4869.5;4870.0;4864.5;4863.0;4863.5;4862.0;4858.5;4862.0;4852.0;4854.0;4856.0;4849.5;4865.0;4864.5;4866.0;4854.0;4862.5;4857.5;4861.0;633135;411883;317139;330661;207498;143717;313947;168117;98013;69097;72686;42065;33924;57726;1
2023-12-20;0.007773188133683815;0.5797101449275363;0.04006601122502199;-2.4492935982947064e-16;1.0;-0.7907757369376986;-0.6121059825476627;0.9749279121818236;-0.22252093395631434;133610;133670;134280;133545;133500;133695;133905;133905;134325;134295;133615;133855;133940;133950;133540;133570;133405;133355;133435;133505;133610;133665;134275;133550;133500;133695;133900;133635;1200454;2341699;2177099;1334290;1413709;1321739;1020828;404468;659800;593879;365780;380068;355754;277883;4870.0;4864.5;4865.5;4876.5;4880.0;4888.5;4887.5;4872.0;4869.0;4878.5;4881.5;4890.5;4891.5;4897.0;4855.0;4861.5;4865.5;4872.5;4873.0;4882.5;4887.0;4864.0;4865.5;4876.5;4880.5;4888.5;4887.5;4895.0;383921;281409;355011;253728;253983;169423;168751;104743;66011;86390;58201;60845;41015;42506;0
2023-12-21;0.01343462315694933;0.47075208913649025;0.035868022453191775;-2.4492935982947064e-16;1.0;-0.8978045395707417;-0.44039415155763423;0.43388373911755823;-0.900968867902419;133375;133680;133725;133655;133805;133760;133580;133700;133945;134185;133860;134100;133880;133725;133270;133455;133470;133415;133705;133490;133320;133675;133730;133650;133810;133765;133585;133675;936206;2368906;2300928;1719760;1388340;1556052;1425866;309397;720847;670241;491533;390497;434768;399603;4887.5;4879.5;4880.0;4874.5;4870.5;4874.0;4888.0;4897.5;4899.0;4885.0;4886.5;4874.5;4891.5;4892.0;4878.0;4876.0;4866.5;4869.5;4863.5;4871.5;4884.0;4879.0;4879.5;4874.5;4870.5;4874.0;4888.0;4887.5;385782;512218;415726;319833;243158;245874;166135;102932;138963;102073;79079;57999;60677;41912;1
2023-12-22;0.007272727272727273;0.8556701030927835;0.03877794475343548;-2.4492935982947064e-16;1.0;-0.9680771188662041;-0.2506525322587213;-0.433883739117558;-0.9009688679024191;134100;134345;134275;133980;134350;134650;134890;134360;134495;134360;134480;134780;134920;134890;134025;134040;133940;133910;134290;134615;134545;134340;134280;133980;134345;134650;134895;134620;951136;2341487;1819389;1611332;1201067;1065805;863037;309992;641321;487882;421992;305375;259373;200476;4871.5;4866.0;4865.5;4865.0;4858.0;4856.0;4850.5;4879.0;4870.0;4869.5;4865.0;4859.5;4863.0;4853.0;4864.5;4859.5;4857.5;4851.0;4852.5;4846.5;4846.5;4866.0;4865.5;4864.5;4857.5;4856.5;4850.5;4850.0;335345;380476;265827;332384;163750;233764;164762;93574;94889;67639;74267;34088;49387;31603;1
2023-12-26;0.007531692766592096;0.8415841584158416;0.04060369840562;-2.4492935982947064e-16;1.0;-0.848644257494751;0.5289640103269624;0.7818314824680298;0.6234898018587336;134760;134915;135240;135240;135345;135375;135260;134940;135320;135265;135460;135400;135500;135380;134520;134845;134950;135205;135275;135245;135210;134915;135235;135245;135350;135380;135260;135240;880134;1409818;1415553;866721;429103;727969;758239;310152;399993;428706;256914;118407;199703;203573;4848.0;4843.5;4834.0;4835.0;4822.5;4823.5;4818.5;4858.0;4846.5;4842.0;4836.0;4827.0;4823.5;4824.0;4842.5;4832.5;4833.0;4821.5;4821.5;4814.0;4814.0;4843.5;4834.5;4835.5;4822.5;4823.5;4818.5;4824.0;304355;315285;222721;225760;130558;189554;192790;91083;83799;53755;53190;31697;46957;40180;1
2023-12-27;0.007643217571979816;0.8543689320388349;0.041925176074966285;-2.4492935982947064e-16;1.0;-0.72479278722912;0.6889669190756865;0.9749279121818236;-0.22252093395631434;135400;135145;135295;135425;135825;135820;135760;135655;135360;135550;135850;135940;135865;135900;135120;135070;135185;135415;135755;135725;135620;135145;135295;135430;135825;135820;135760;135630;1089117;1406483;1977544;1294724;806059;650555;1130705;350635;390823;534922;334757;203199;161952;271567;4808.0;4829.0;4826.5;4826.5;4817.5;4826.5;4819.0;4829.0;4830.0;4831.0;4830.0;4834.0;4827.5;4829.5;4798.5;4821.5;4823.5;4815.5;4816.5;4816.0;4814.0;4829.0;4827.0;4826.5;4817.5;4827.0;4818.5;4828.0;367908;257360;259976;254165;239987;184576;181071;95083;68904;60232;60720;63711;52621;43356;1
2023-12-28;0.007607090103397341;0.6893203883495146;0.041295599341233676;-2.4492935982947064e-16;1.0;-0.5712682150947924;0.8207634412072763;0.43388373911755823;-0.900968867902419;135780;135555;135620;135690;136055;135795;135855;135960;135895;135830;136085;136085;135945;136005;135425;135490;135455;135615;135775;135720;135645;135555;135615;135695;136060;135800;135855;135900;1128151;1635741;1686039;1203439;879506;952870;1126904;355893;480162;484914;322176;222532;237141;279890;4838.0;4859.5;4865.0;4855.0;4857.0;4870.0;4873.5;4866.0;4866.0;4870.0;4858.0;4872.5;4889.0;4881.5;4835.5;4850.0;4847.0;4846.5;4853.0;4868.5;4862.0;4859.0;4865.5;4855.0;4857.0;4869.5;4874.0;4866.0;414790;317504;333879;252311;230735;278562;211024;126004;83449;81931;55537;48213;62173;51001;0
2024-01-02;0.004860804242156429;-0.26515151515151514;0.03360259222180615;0.49999999999999994;0.8660254037844387;0.39435585511331855;0.9189578116202306;0.7818314824680298;0.6234898018587336;135250;135095;134875;135270;134505;134665;134640;135265;135205;135350;135295;134785;134960;134660;134755;134595;134820;134440;134340;134630;133815;135090;134870;135270;134510;134665;134640;133845;1034893;2093131;2132242;1695720;1163592;1042569;1693569;320526;596987;609162;475556;319306;272602;406363;4884.0;4901.0;4917.0;4901.5;4924.0;4913.5;4924.5;4901.5;4918.5;4918.0;4925.0;4924.0;4925.0;4938.5;4866.0;4900.5;4893.5;4895.0;4912.5;4912.5;4923.0;4901.5;4917.0;4901.5;4923.5;4914.0;4925.0;4938.0;464963;386238;348080;314382;184421;153228;220838;133751;96665;97232;77351;42350;35462;50456;0
2024-01-03;0.013308687615526803;0.20833333333333334;0.020974089709259666;0.49999999999999994;0.8660254037844387;0.5712682150947923;0.8207634412072763;0.9749279121818236;-0.22252093395631434;133925;133945;133775;134145;134495;134530;134945;134095;134340;134585;134745;134695;134975;135150;133620;133690;133760;134065;134365;134310;134690;133945;133775;134140;134495;134530;134950;134795;1268504;2187867;2447787;2395907;1148994;1361590;1348405;418760;599409;653269;660314;316362;354887;340793;4957.0;4949.0;4945.5;4940.5;4939.0;4942.0;4937.5;4957.5;4952.5;4947.0;4943.0;4942.5;4947.0;4938.5;4936.0;4931.5;4930.5;4917.0;4932.0;4936.0;4930.5;4949.0;4945.0;4940.0;4939.5;4941.5;4937.0;4937.0;452208;385912;366020;516428;197672;153577;153818;131629;116201;102808;126063;48193;42191;40793;0
2024-01-04;0.01142430464812395;0.673202614379085;0.024106236285989176;0.49999999999999994;0.8660254037844387;0.7247927872291199;0.6889669190756866;0.43388373911755823;-0.900968867902419;134650;134195;133575;133180;133300;133030;132625;134715;134215;133595;133470;133450;133060;132865;134105;133465;132655;133105;132920;132520;132480;134195;133575;133180;133300;133030;132615;132740;1056305;2026675;2875551;1572132;1522630;1672464;1333388;329532;535393;725623;414506;406673;408910;321476;4929.5;4931.0;4939.5;4947.0;4933.0;4933.5;4930.0;4937.5;4945.5;4954.5;4948.0;4935.0;4935.5;4932.0;4922.0;4924.5;4934.5;4929.0;4924.0;4926.5;4925.5;4930.5;4940.0;4947.5;4933.0;4933.5;4930.0;4927.0;366385;398070;403899;289279;262438;151943;99358;105019;110184;112649;71892;62726;37946;27003;1
2024-01-05;0.01726698848867434;-0.034408602150537634;0.00431526891678021;0.49999999999999994;0.8660254037844387;0.8486442574947509;0.5289640103269624;-0.433883739117558;-0.9009688679024191;132310;132150;133015;133170;133685;133320;132985;132475;133030;133280;134040;133700;133355;133430;132115;131840;132670;133165;133305;132880;132820;132150;133020;133170;133685;133320;132980;133330;1128174;3287205;2472425;2249733;1318812;1628981;1571017;383476;945988;652629;578672;354236;413012;407453;4927.0;4935.5;4910.5;4897.0;4888.5;4892.0;4895.0;4943.0;4958.5;4913.5;4897.0;4895.0;4896.5;4897.0;4919.0;4906.0;4894.5;4876.5;4885.0;4888.0;4883.5;4935.5;4910.5;4897.0;4888.5;4891.5;4895.0;4888.0;336500;744032;438293;418536;183194;180704;187234;98818;197956;125582;110009;47526;43758;42319;0
2024-01-08;0.0166276169601693;0.45454545454545453;0.005887363937529579;0.49999999999999994;0.8660254037844387;0.9987165071710528;-0.05064916883871264;0.0;1.0;132840;132750;132580;132955;133405;133305;133405;132890;132820;133035;133490;133600;133500;133540;132420;132305;132520;132765;133235;133250;133215;132750;132580;132950;133405;133310;133410;133365;1315720;2234389;2594399;1949200;1503677;1123478;1312665;451171;674125;743420;532232;406636;286045;318009;4894.5;4915.0;4907.5;4892.5;4888.5;4890.5;4893.0;4917.0;4915.0;4908.0;4902.5;4893.5;4896.5;4893.0;4891.0;4902.5;4890.0;4888.5;4882.0;4888.0;4879.0;4915.0;4908.0;4892.5;4888.5;4890.0;4893.0;4890.0;441869;274357;322991;224107;186749;133206;190141;133839;87975;100988;66337;52524;36207;47141;1
2024-01-09;0.013136103583258054;0.6790830945558739;0.007637102694215843;0.49999999999999994;0.8660254037844387;0.9680771188662043;-0.2506525322587204;0.7818314824680298;0.6234898018587336;133490;133105;133010;132585;132775;132750;132785;133495;133105;133075;132815;132890;132930;133025;132955;132610;132360;132410;132695;132585;132615;133105;133010;132580;132775;132745;132780;132830;1368852;2588400;2962783;1695580;1225220;1562824;1628353;447017;741786;809629;463429;324249;392072;405748;4895.5;4897.5;4906.0;4902.5;4919.0;4910.5;4913.5;4902.5;4909.0;4911.5;4921.0;4921.5;4919.0;4917.0;4890.5;4896.0;4896.0;4902.0;4910.0;4909.5;4907.0;4898.0;4906.0;4902.0;4919.5;4911.0;4914.0;4916.5;331584;385829;345129;326200;185491;128241;191183;107469;99444;102475;77345;43379;36035;46257;0
2024-01-10;0.00850250955127725;0.29955947136563876;-0.0006890501274554471;0.49999999999999994;0.8660254037844387;0.8978045395707416;-0.4403941515576344;0.9749279121818236;-0.22252093395631434;132700;132630;132415;132005;131840;131805;131970;133060;132835;132465;132040;131885;132065;131990;132485;132290;131880;131595;131665;131660;131640;132630;132410;132010;131845;131810;131975;131845;1520562;2846336;2464653;1633848;1130990;1104402;1346727;475923;794113;665657;445946;299160;282428;348814;4915.0;4898.5;4900.0;4908.5;4903.0;4907.0;4906.0;4917.0;4905.0;4919.5;4917.0;4910.5;4908.5;4910.0;4898.0;4891.0;4899.0;4903.0;4901.5;4901.5;4903.5;4899.0;4900.0;4908.5;4903.5;4907.0;4906.5;4907.5;367413;417813;405020;253719;179241;118736;135259;110803;120866;106618;63633;45922;31430;34220;1
2024-01-11;0.011039939713639788;0.310580204778157;-0.007329449351625634;0.49999999999999994;0.8660254037844387;0.7907757369376989;-0.6121059825476626;0.43388373911755823;-0.900968867902419;132050;131840;131635;131785;131410;131375;131475;132050;132245;132430;131840;131555;131605;131910;131570;131355;131555;130950;131165;131250;131375;131840;131630;131785;131410;131375;131470;131885;1443620;3387239;3266648;2386125;1414313;1211758;1459952;490564;1078351;946823;695148;428402;366272;417003;4903.5;4897.0;4897.0;4886.0;4889.0;4896.5;4903.0;4907.5;4905.0;4906.0;4899.0;4898.0;4903.5;4907.5;4892.5;4880.0;4871.0;4884.0;4883.5;4888.0;4892.0;4897.0;4897.0;4886.5;4889.0;4896.0;4903.0;4895.5;342960;773995;610622;345816;225553;195229;214382;92243;199603;158481;90231;58829;47229;50054;1
2024-01-12;0.011207875804619462;0.42567567567567566;-0.012556916998272088;0.49999999999999994;0.8660254037844387;0.6513724827222223;-0.7587581226927909;-0.433883739117558;-0.9009688679024191;131580;131830;132395;132515;132005;132115;132395;131840;132455;133040;132685;132245;132470;132405;131380;131460;132250;131790;131885;132030;132150;131835;132395;132520;132005;132110;132390;132255;1338564;3276831;2326829;1846009;1168686;1218524;828266;409337;910255;624685;526857;334335;339868;220974;4884.0;4881.0;4858.0;4852.5;4860.0;4865.0;4871.5;4890.0;4885.0;4865.0;4867.0;4868.0;4877.5;4872.0;4879.5;4845.0;4842.0;4851.0;4858.0;4863.5;4865.0;4881.0;4858.0;4852.5;4859.5;4865.0;4871.5;4866.5;364517;828725;396681;309213;190970;224633;141679;106733;200533;107135;71462;45994;52910;35292;0
2024-01-15;0.012615899072807418;0.1897590361445783;-0.013721918185239343;0.49999999999999994;0.8660254037844387;0.10116832198743272;-0.994869323391895;0.0;1.0;131695;131500;131680;131745;131830;132175;132400;131985;131805;131895;131850;132230;132440;132460;131455;131260;131530;131455;131790;132085;132175;131500;131685;131745;131830;132170;132400;132290;1198527;2052297;1526652;1169418;1258639;1195080;819973;363110;558365;398027;306283;308224;284162;209777;4850.0;4881.0;4884.5;4885.5;4888.5;4883.0;4877.0;4884.0;4889.0;4889.0;4897.0;4890.0;4884.0;4879.5;4850.0;4881.0;4883.5;4885.0;4882.5;4876.5;4870.0;4881.5;4884.5;4885.0;4888.5;4883.0;4877.5;4871.5;337541;274428;160247;233795;124517;139689;153118;96431;72228;38647;54497;31872;31857;27804;1
2024-01-16;0.011921485250009491;0.43630573248407645;-0.012017970797454137;0.49999999999999994;0.8660254037844387;-0.10116832198743204;-0.9948693233918952;0.7818314824680298;0.6234898018587336;131945;131710;131270;130780;130815;130560;130230;132010;131855;131565;130980;130845;130590;130470;131380;131100;130710;130510;130305;130055;130025;131710;131275;130780;130815;130560;130230;130245;1590934;3101256;2786678;2036065;2135285;1748254;1358619;497834;835488;735417;511552;576413;455521;343753;4908.0;4899.5;4909.5;4914.5;4925.0;4926.0;4936.5;4914.5;4912.0;4919.5;4933.0;4939.5;4940.0;4943.5;4897.0;4895.5;4901.0;4912.0;4919.5;4925.0;4933.5;4899.5;4909.5;4914.0;4925.0;4926.0;4937.0;4939.5;478337;557004;410848;437858;482988;303304;217255;132178;150589;108033;98078;115417;68119;48957;1
2024-01-17;0.01511993633711016;-0.20802005012531327;-0.028544015351403215;0.49999999999999994;0.8660254037844387;-0.2993631229733582;-0.9541392564000488;0.9749279121818236;-0.22252093395631434;129600;129665;129660;129800;129470;129480;129485;129960;130165;129945;130010;129700;129580;129545;128980;129475;129525;129425;129350;129175;129140;129660;129660;129800;129475;129480;129480;129385;2137486;2752122;2156640;1866723;1194353;1327823;1171082;663440;780991;574992;504626;321536;336590;296823;4957.0;4942.0;4952.0;4951.0;4944.0;4937.5;4941.0;4963.5;4957.0;4959.0;4956.5;4944.0;4947.5;4946.5;4933.5;4935.5;4946.0;4938.5;4932.0;4935.5;4939.0;4941.5;4952.0;4951.0;4943.5;4937.5;4941.0;4944.0;543676;557428;361378;327043;287422;226315;135634;162473;147240;95170;86996;65556;46852;35026;1
2024-01-18;0.009143518518518518;0.6329113924050633;-0.026420163526590896;0.49999999999999994;0.8660254037844387;-0.4853019625310808;-0.8743466161445822;0.43388373911755823;-0.900968867902419;129730;130115;129100;128865;128425;128365;128225;130200;130125;129355;128870;128635;128395;128485;129695;129025;128575;128355;128235;128130;128155;130115;129100;128870;128425;128360;128230;128345;1764507;2757781;2719167;1993817;1417242;1319011;1237852;544545;706433;671269;489975;354508;336361;312071;4936.0;4933.5;4951.0;4954.5;4955.5;4954.5;4949.0;4937.0;4951.0;4957.5;4965.0;4958.5;4963.5;4952.0;4922.0;4931.0;4941.0;4946.0;4946.5;4948.5;4937.0;4933.5;4950.5;4954.0;4956.0;4954.0;4949.5;4941.5;371113;431063;386744;417767;219565;228821;209930;103187;125721;101522;91773;46611;50661;49122;1
2024-01-19;0.016649965312572266;0.30092592592592593;-0.03238600798136804;0.49999999999999994;0.8660254037844387;-0.651372482722222;-0.7587581226927911;-0.433883739117558;-0.9009688679024191;128690;128535;128295;127685;127615;127510;127820;128890;128585;128305;127800;127670;127925;128255;128390;128080;127435;127355;127295;127410;127765;128540;128295;127680;127615;127515;127820;128030;1495374;2776350;2519276;1780219;1309824;1404454;1324217;466306;737717;635839;460176;318634;328189;299902;4923.5;4922.0;4928.5;4935.0;4936.0;4936.5;4931.0;4929.5;4931.5;4943.0;4947.0;4939.0;4939.5;4935.0;4915.5;4910.0;4926.5;4931.0;4932.0;4925.5;4927.0;4922.0;4928.0;4935.5;4936.5;4936.5;4931.0;4934.0;477902;434565;334513;359662;142385;177487;160623;111291;123617;85037;83149;32700;40179;34617;1
2024-01-22;0.012394125417670371;0.7241379310344828;-0.03210189115008072;0.49999999999999994;0.8660254037844387;-0.9680771188662041;-0.2506525322587213;0.0;1.0;128450;128430;128415;128510;127985;127595;127525;128470;128615;128540;128645;127995;127775;127530;128110;127875;127680;127855;127330;127445;126835;128430;128420;128510;127985;127595;127525;127115;1377963;2834678;2733512;2038067;1731449;1276495;1783385;419064;745243;703267;526139;433190;305889;423727;4931.5;4939.5;4947.5;4953.0;4975.0;4987.5;4988.0;4955.0;4951.5;4965.5;4976.5;4999.5;4993.5;4998.5;4929.5;4933.5;4947.0;4953.0;4974.5;4985.5;4985.5;4939.5;4947.0;4952.5;4975.0;4987.5;4988.0;4995.0;507723;455768;525010;370555;528346;293852;299543;135307;123543;116340;85808;103394;52809;58997;1
2024-01-23;0.016076294277929157;0.4939467312348668;-0.036517569774136616;0.49999999999999994;0.8660254037844387;-0.9987165071710528;-0.05064916883871355;0.7818314824680298;0.6234898018587336;127600;128160;128275;128050;127975;128480;128785;128180;128300;128370;128570;128500;128830;128960;127480;127660;127775;127750;127935;128465;128670;128160;128275;128055;127975;128480;128790;128845;1741614;2764549;2987146;2149721;1468813;1439506;1241130;501521;725231;776553;563000;381146;353167;295423;4992.0;4970.5;4971.5;4985.5;4983.0;4979.5;4971.0;5007.0;4975.0;4995.5;4990.0;4987.5;4987.0;4973.0;4970.5;4962.0;4969.5;4977.5;4973.0;4969.0;4953.5;4971.0;4971.0;4985.5;4983.0;4979.5;4971.5;4957.5;616369;433040;502849;315705;259518;214187;283286;167123;108027;123321;76096;60462;49716;61545;1
2024-01-24;0.013126959247648904;1.3611940298507463;-0.018276801909578724;0.49999999999999994;0.8660254037844387;-0.9884683243281114;0.15142777750457667;0.9749279121818236;-0.22252093395631434;129760;130045;129975;129230;129105;129170;129450;130215;130045;130115;129315;129230;129485;129530;129755;129585;129225;128935;128865;128920;128600;130040;129975;129235;129105;129170;129445;128710;1640735;2347606;2583052;2135671;1511558;1572742;2002368;460359;608741;652584;529539;381172;376889;467994;4935.0;4918.0;4916.0;4926.5;4924.5;4923.5;4922.0;4937.0;4925.0;4933.0;4934.0;4932.5;4929.0;4936.5;4915.0;4912.5;4914.5;4920.5;4922.0;4920.5;4920.5;4917.5;4916.5;4926.5;4924.5;4923.5;4921.5;4934.0;484967;399207;411993;334078;208689;155636;262191;122946;99762;91928;80028;46019;32437;56126;0
2024-01-25;0.015143341553637484;0.24936386768447838;-0.0237114359760895;0.49999999999999994;0.8660254037844387;-0.9377521321470804;0.3473052528448203;0.43388373911755823;-0.900968867902419;128740;128790;128845;129260;128775;128875;128895;128965;129230;129265;129315;128925;129055;129210;128520;128440;128620;128570;128525;128640;128755;128795;128850;129255;128770;128875;128895;128875;1352590;2796159;2282183;2040660;1335404;1413644;1387788;392683;738827;608476;534411;351452;355724;351154;4934.5;4936.0;4929.5;4919.0;4925.5;4931.5;4929.5;4938.0;4946.5;4931.5;4926.0;4934.5;4937.0;4931.5;4930.0;4918.5;4918.5;4911.5;4921.5;4927.0;4923.5;4935.5;4929.0;4919.5;4925.5;4932.0;4929.0;4927.0;239241;513104;288861;328010;229722;200214;129722;69704;135221;75928;76248;48204;45798;34036;0
2024-01-26;0.00710734814354513;0.7923497267759563;-0.018256811853147186;0.49999999999999994;0.8660254037844387;-0.848644257494751;0.5289640103269624;-0.433883739117558;-0.9009688679024191;129125;128795;128780;129105;129055;129635;129370;129725;129075;129520;129535;129660;129755;129705;128785;128370;128410;128735;128920;129295;129325;128795;128780;129110;129060;129630;129375;129620;1211540;2752366;2940420;1837924;1277817;1389560;1201971;394811;781927;785700;490672;326713;352039;313177;4909.5;4918.5;4910.0;4918.0;4920.0;4918.0;4914.5;4922.5;4920.5;4923.5;4923.5;4922.5;4920.5;4917.5;4906.0;4905.5;4908.0;4915.5;4916.5;4913.5;4912.5;4918.5;4910.0;4917.5;4920.0;4918.0;4914.5;4916.5;346688;508205;351012;199843;110328;159483;109517;95472;126750;90849;45621;24768;33302;24805;1
2024-01-29;0.01111326234269119;0.8780487804878049;-0.011883618291167705;0.49999999999999994;0.8660254037844387;-0.3943558551133187;0.9189578116202306;0.0;1.0;129630;129235;129390;128810;128685;128705;128600;129655;129580;129470;128990;128900;128730;128645;129200;128955;128565;128500;128560;128450;128320;129240;129395;128810;128690;128705;128600;128610;1275837;2380447;2625360;1805612;1333858;1312838;1440303;387117;650216;719803;494230;363579;340962;373712;4919.5;4912.0;4913.5;4927.5;4950.0;4945.0;4950.0;4925.0;4918.0;4934.0;4955.0;4953.5;4952.5;4961.5;4910.0;4908.0;4913.5;4926.0;4943.0;4944.5;4949.5;4912.0;4913.5;4927.5;4950.5;4945.0;4950.5;4955.5;337473;328150;434424;429826;409820;187258;236030;86908;83633;107054;86207;72695;38101;48302;1
2024-01-30;0.010298542004165702;0.37453183520599254;-0.015525232802069522;0.49999999999999994;0.8660254037844387;-0.20129852008866114;0.9795299412524943;0.7818314824680298;0.6234898018587336;128820;128750;128205;128155;127785;128095;127845;129260;128835;128300;128190;128100;128150;128005;128710;128105;127870;127495;127655;127735;127725;128750;128210;128150;127785;128090;127840;127895;1885580;2845871;2300482;2541208;1598720;1726079;1440903;546983;740769;584958;638292;400291;416653;338690;4945.0;4951.0;4966.0;4959.5;4970.5;4965.0;4962.0;4951.5;4972.5;4968.0;4983.0;4973.0;4965.5;4964.5;4935.5;4949.5;4957.0;4957.5;4964.0;4957.0;4944.0;4950.5;4965.5;4959.5;4971.0;4965.0;4962.0;4949.0;375651;469941;346942;565131;190988;187761;255828;100708;105491;80466;112191;42749;43227;52221;1
2024-01-31;0.013701288619779537;0.056657223796033995;-0.02243282793070953;0.49999999999999994;0.8660254037844387;-2.4492935982947064e-16;1.0;0.9749279121818236;-0.22252093395631434;127595;127955;128770;129030;129220;129060;129125;128085;128825;129340;129310;129285;129195;129480;127530;127830;128655;129000;128865;128970;128965;127955;128770;129030;129225;129055;129125;129415;1683100;3064886;2618553;1629562;1301052;1084222;1329879;475211;803875;652046;421101;328371;265113;316788;4961.0;4964.0;4969.0;4961.0;4953.5;4951.5;4947.5;4976.0;4979.0;4972.5;4964.5;4957.5;4952.0;4960.0;4957.5;4960.5;4941.0;4947.5;4939.5;4940.0;4946.5;4964.5;4969.0;4960.5;4953.5;4951.5;4947.5;4949.0;367649;620961;610976;395183;315219;145217;213220;96477;137903;129059;84207;69021;32976;47400;1
2024-02-01;0.019828363180375407;0.3774703557312253;-0.013115194807688616;0.8660254037844386;0.5000000000000001;0.21497044021102407;0.9766205557100867;0.43388373911755823;-0.900968867902419;128485;128415;128300;128345;127905;128240;128220;128510;128565;128725;128425;128300;128715;128545;128050;128150;128090;127845;127545;128010;127940;128415;128300;128340;127910;128245;128220;128485;1461449;2524075;2815616;2427313;1715116;1977865;1618089;436275;658082;732179;624128;426434;504058;402438;4961.0;4964.5;4950.0;4944.0;4931.0;4933.0;4928.0;4982.0;4969.5;4953.0;4951.0;4938.5;4935.5;4935.5;4958.5;4946.0;4940.0;4925.5;4927.5;4925.5;4927.0;4964.5;4950.0;4943.5;4931.0;4933.0;4928.0;4930.0;475107;441955;348496;429970;269234;170024;164672;131499;116341;85171;98940;58816;41766;36648;1
2024-02-02;0.010935128614235125;1.0604982206405693;-0.007465068785551381;0.8660254037844386;0.5000000000000001;0.4198891015602646;0.907575419670957;-0.433883739117558;-0.9009688679024191;129035;128800;127545;127310;127105;127030;127110;129075;129280;127765;127385;127135;127240;127460;128605;127440;127155;126910;126910;126860;127075;128800;127545;127315;127100;127025;127110;127440;1229530;3703473;2882685;1940918;963478;1368713;1379873;370083;980808;723085;482559;253730;348594;336614;4923.5;4926.5;4968.0;4960.0;4979.5;4982.0;4985.0;4929.0;4972.0;4971.0;4988.0;4985.0;4988.0;4987.5;4921.0;4915.0;4954.5;4957.5;4977.5;4981.5;4977.0;4926.5;4968.0;4959.5;4979.5;4982.5;4985.0;4978.0;218661;851485;341245;455893;187354;165908;187130;58197;192810;86191;104106;39039;34390;36966;1
2024-02-05;0.018754601464718874;0.19008264462809918;-0.01841436760119807;0.8660254037844386;0.5000000000000001;0.8835120444460229;0.46840844069979015;0.0;1.0;127320;127355;127990;127530;126750;126950;127410;127540;128015;128075;127535;127010;127470;127695;127185;127320;127435;126620;126610;126950;127275;127355;127995;127520;126750;126955;127410;127640;1460553;2346124;2367452;2465788;1147147;1578016;1696232;456794;622299;614408;614163;283781;366739;392612;4989.0;4998.5;5010.0;5008.0;5020.0;5012.5;5001.0;5000.0;5012.0;5011.5;5029.0;5022.0;5013.0;5003.5;4980.5;4998.5;5004.0;5008.0;5012.0;4996.0;4995.0;4999.0;5010.0;5008.0;5020.0;5013.0;5001.0;4998.5;375022;446024;242345;507396;201008;261479;179768;98706;108593;56225;104908;40759;53444;37030;1
2024-02-06;0.011506440464970154;0.9453924914675768;-0.01082722804414356;0.8660254037844386;0.5000000000000001;0.963549992519223;0.26752833852922075;0.7818314824680298;0.6234898018587336;127995;128095;129685;129910;130155;130110;130130;128340;129735;129970;130390;130335;130240;130520;127870;128035;129305;129730;130075;130055;130085;128095;129685;129910;130150;130110;130130;130455;1487869;3441922;2497591;1935039;1124713;1148066;1604209;456210;904649;628290;490031;290479;274306;354752;4987.0;4983.5;4982.0;4970.5;4967.5;4964.5;4969.0;4988.0;4985.5;4991.0;4974.0;4971.0;4969.0;4979.0;4981.5;4971.5;4968.0;4961.0;4961.0;4960.5;4966.5;4984.0;4982.0;4970.0;4967.0;4964.0;4968.5;4968.5;305058;469297;429051;343021;180857;174255;249718;73312;113531;97059;69374;41114;35866;53170;0
2024-02-07;0.025313488808156568;0.8580246913580247;0.01025722316516333;0.8660254037844386;0.5000000000000001;0.9985334138511238;0.05413890858541761;0.9749279121818236;-0.22252093395631434;130650;130235;129925;130040;130015;129775;129795;130650;130450;130205;130190;130090;129875;129995;130140;129910;129645;129900;129705;129555;129630;130235;129930;130035;130015;129775;129790;129875;1796882;2609943;2900757;1678010;1358135;1667279;1802961;523721;680956;746033;440669;358085;404334;434437;4973.0;4968.0;4974.0;4964.5;4970.0;4971.5;4976.0;4977.0;4977.0;4978.5;4973.5;4974.0;4979.0;4983.0;4965.0;4964.0;4961.0;4963.0;4968.5;4969.0;4968.5;4968.5;4974.0;4964.5;4970.5;4972.0;4975.5;4979.0;311682;302663;390750;225256;119707;157421;226124;83790;79665;98736;52760;28626;34397;53092;1
2024-02-08;0.008381171067738231;0.2557077625570776;0.00467963189733054;0.8660254037844386;0.5000000000000001;0.9868265225415261;-0.16178199655276473;0.43388373911755823;-0.900968867902419;129835;129820;129845;128865;128775;128220;128055;129880;130195;129880;128885;128810;128310;128475;129475;129555;128800;128635;128150;127955;128015;129820;129850;128865;128775;128225;128055;128450;1746909;2653494;2553312;1517197;1778666;1597577;1749940;521292;720231;672306;388076;429618;378728;427160;4985.0;4986.5;4988.5;4992.0;4995.0;5004.5;5009.5;4995.0;4993.5;4998.0;5008.5;5012.0;5010.0;5009.5;4982.5;4985.5;4983.0;4988.0;4995.0;4997.5;4998.0;4986.0;4988.0;4992.0;4995.5;5005.0;5009.0;5000.5;455776;292297;292540;347518;292014;217791;254228;111008;66654;69698;72202;54927;42809;44836;0
2024-02-09;0.017252666846381947;0.28794642857142855;-0.0035468617731209476;0.8660254037844386;0.5000000000000001;0.9289767198167915;-0.37013815533991423;-0.433883739117558;-0.9009688679024191;128600;128210;128800;128405;127840;127815;128115;128635;129020;128830;128410;128010;128145;128390;128175;128070;127770;127810;127575;127765;128110;128210;128805;128405;127840;127810;128120;128305;1495935;3452861;3036914;1850964;1469897;1278335;1334496;430983;915852;774378;474736;375239;318151;330358;4999.0;4993.0;4982.0;4977.0;4975.0;4978.0;4964.5;5000.0;4994.0;4991.0;4981.5;4979.5;4978.5;4968.5;4990.5;4966.5;4974.0;4971.5;4974.5;4963.5;4960.0;4993.5;4982.0;4977.0;4975.0;4977.5;4965.0;4964.0;290760;594694;362423;216441;113502;208354;224547;74688;138871;84897;48770;20978;39221;42812;0
2024-02-15;0.0077654149281409365;0.6965174129353234;0.006043722280179272;0.8660254037844386;0.5000000000000001;-0.10811901842394124;-0.9941379571543597;0.43388373911755823;-0.900968867902419;129465;129665;129280;129355;129500;129355;129545;129745;129705;129615;129625;129520;129765;129870;129365;129125;128985;129160;129215;129335;129525;129670;129280;129355;129505;129350;129550;129740;1404568;2920360;2654807;1892077;1447285;1348563;1372167;419816;784786;725717;500079;390785;352472;359524;4965.0;4975.0;4973.5;4974.0;4984.5;4981.5;4982.5;4975.5;4980.0;4977.5;4987.0;4990.0;4984.0;4982.5;4965.0;4964.0;4968.5;4971.0;4981.0;4978.0;4975.0;4975.0;4973.5;4974.5;4984.0;4981.0;4982.5;4975.5;271476;481565;337957;318546;388825;115801;137321;70184;106676;71790;66452;48731;24486;23465;1
2024-02-16;0.00726064959641602;1.2712765957446808;0.011666650476477273;0.8660254037844386;0.5000000000000001;-0.31930153013597995;-0.9476531711828025;-0.433883739117558;-0.9009688679024191;130180;130400;130045;130085;130610;130385;130750;130485;130860;130380;130850;130675;130755;131045;130085;129690;129975;130050;130335;130300;130610;130400;130050;130085;130610;130380;130750;130965;1498404;3873050;2603710;1851066;1100775;1140046;1483633;428730;972245;676909;484150;292724;298555;370579;4976.0;4979.0;4987.5;4984.0;4971.0;4976.0;4977.0;4980.5;4994.5;4995.0;4985.0;4978.5;4978.5;4983.5;4973.0;4976.0;4982.0;4965.0;4970.0;4974.5;4973.5;4979.0;4987.0;4984.0;4970.5;4976.0;4977.0;4975.5;209007;440323;288606;370691;148508;105613;188619;49475;93772;68915;75642;29362;22162;35661;1
2024-02-19;0.011330465509294823;0.5254237288135594;0.013227919005449989;0.8660254037844386;0.5000000000000001;-0.8276889981568905;-0.5611870653623825;0.0;1.0;130465;130320;130255;130445;130490;130710;130740;130575;130445;130540;130595;130725;130775;130800;130300;130085;130120;130355;130465;130530;130620;130320;130255;130445;130485;130715;130745;130670;959076;1874682;2137843;1459358;1015438;822250;666846;288522;494302;560148;367580;255280;208132;170393;4974.0;4965.5;4962.5;4966.0;4967.0;4967.5;4965.5;4977.0;4966.5;4967.0;4969.0;4968.5;4968.5;4968.5;4961.5;4960.5;4957.0;4964.5;4964.0;4964.5;4964.0;4965.0;4962.5;4966.0;4967.0;4967.0;4966.0;4967.5;288169;162693;236175;150453;74427;64195;62286;74437;36520;52399;27463;16559;11452;10918;1
2024-02-20;0.007511593147587476;0.3163265306122449;0.011511818231182754;0.8660254037844386;0.5000000000000001;-0.9289767198167914;-0.37013815533991445;0.7818314824680298;0.6234898018587336;130395;130220;131125;131630;131790;131510;131770;130440;131285;131730;131845;131805;131775;131810;130085;130140;131080;131580;131490;131440;131540;130220;131125;131630;131790;131505;131765;131650;1519820;3463266;2598010;1604549;1146678;1573361;1339420;417781;906319;626573;388458;284417;387322;334599;4968.0;4964.5;4942.5;4934.0;4939.0;4937.0;4932.0;4969.0;4965.5;4944.5;4941.5;4942.0;4937.5;4934.5;4956.0;4939.0;4931.5;4933.5;4935.5;4929.0;4931.0;4964.5;4942.5;4934.0;4939.0;4937.0;4932.0;4933.5;417001;599290;403743;264282;176793;219333;128087;101844;122642;76428;47884;29598;40246;23137;1
2024-02-21;0.015222976341117375;0.7229219143576826;0.01872937677185481;0.8660254037844386;0.5000000000000001;-0.9868265225415261;-0.16178199655276476;0.9749279121818236;-0.22252093395631434;131520;131545;131590;131715;131620;131790;131325;131675;131895;131985;131820;131855;131865;131700;131460;131475;131535;131455;131495;131300;131215;131545;131585;131715;131615;131790;131330;131625;1186673;2969623;2591045;1513227;1408400;1711501;1580667;368917;807652;672770;407456;370782;441291;416007;4934.5;4930.5;4933.0;4931.5;4937.0;4931.0;4941.5;4937.0;4935.0;4935.0;4939.5;4939.0;4942.0;4947.5;4926.0;4925.0;4928.5;4929.5;4927.5;4931.0;4939.5;4930.5;4933.0;4931.5;4936.5;4931.0;4941.5;4945.5;327391;346145;249539;225355;231738;185149;214420;80352;80193;54138;46520;46357;37272;44197;1
2024-02-22;0.007831508515815086;1.6844660194174756;0.02781755948411985;0.8660254037844386;0.5000000000000001;-0.9985334138511239;0.0541389085854167;0.43388373911755823;-0.900968867902419;132950;132535;132430;132190;132015;132115;131920;133000;132730;132540;132245;132180;132240;132355;132515;132315;132070;131870;131965;131910;131820;132530;132430;132190;132015;132115;131920;132340;1332110;2210851;2611920;1934243;1157234;1181974;1529968;395291;630938;667278;495631;306564;307971;377784;4930.0;4934.5;4944.5;4946.0;4948.0;4944.5;4949.5;4938.0;4946.5;4954.5;4951.0;4948.0;4952.0;4954.0;4922.0;4933.5;4943.0;4943.0;4942.0;4944.0;4948.0;4934.5;4944.5;4946.0;4948.0;4944.0;4950.0;4951.5;375190;360574;445413;244276;155438;194738;203864;91910;83581;91706;54655;31852;33124;37293;0
2024-02-23;0.008875517111696126;0.3728813559322034;0.021289082106206034;0.8660254037844386;0.5000000000000001;-0.9635499925192231;0.2675283385292201;-0.433883739117558;-0.9009688679024191;132260;132390;132085;131570;131360;131205;131445;132445;132480;132085;131655;131370;131475;131520;132085;132035;131455;131315;130860;131200;131140;132390;132080;131575;131365;131210;131450;131190;1179907;2617947;2411039;1398768;1916877;1356800;1344723;339462;692526;565722;346915;445376;325781;319112;4963.0;4968.5;4982.5;4997.5;4994.0;4978.0;4984.0;4972.5;4984.5;4998.0;4999.5;4995.0;4987.0;4991.5;4961.0;4967.0;4981.0;4988.0;4976.0;4977.5;4982.0;4969.0;4982.0;4997.5;4994.5;4978.5;4984.5;4989.0;472103;521738;554789;367905;260071;180742;159317;103090;107058;102861;67944;49979;36950;32724;0
2024-02-26;0.012248601239981853;0.23148148148148148;0.0121237361467805;0.8660254037844386;0.5000000000000001;-0.6051742151937649;0.796093065705644;0.0;1.0;131235;130900;131730;131545;131075;131065;131520;131320;131785;131755;131720;131140;131625;131555;130880;130860;131240;131015;130920;131010;131355;130900;131735;131545;131080;131060;131520;131540;1070859;2458053;1996600;1637335;1195048;1491371;1141866;336006;646913;531579;431735;282167;356157;272031;4986.0;4988.5;4986.5;4976.5;4980.0;4990.5;4988.0;4990.0;4997.0;4992.0;4989.0;4992.0;4992.5;4990.5;4980.0;4984.5;4971.5;4974.0;4979.5;4985.5;4978.5;4988.5;4986.5;4976.5;4980.5;4990.0;4987.5;4979.0;241680;344221;379490;246818;153362;134120;146620;65985;86632;94494;59280;35003;30965;33173;0
2024-02-27;0.007048424581856974;1.0702702702702702;0.015842442336399094;0.8660254037844386;0.5000000000000001;-0.41988910156026493;0.9075754196709569;0.7818314824680298;0.6234898018587336;131850;132385;132735;132970;133065;133180;133115;132475;132940;133030;133155;133265;133230;133480;131830;132360;132630;132965;133000;133060;133075;132390;132735;132975;133065;133175;133120;133405;1368386;2373525;2116460;1258044;1136562;913376;1541216;398911;612713;560008;325195;282778;232069;355579;4979.0;4969.0;4969.5;4950.0;4945.0;4943.0;4939.5;4980.0;4974.5;4970.0;4950.5;4947.0;4947.0;4941.0;4963.5;4967.5;4950.0;4938.0;4942.0;4936.0;4928.5;4968.5;4969.5;4950.0;4945.0;4943.5;4940.0;4934.0;414347;289430;442141;420221;182306;212612;303531;110190;67789;106079;82485;38806;45520;54726;0
2024-02-28;0.013424345847554038;0.6045197740112994;0.022337182803350095;0.8660254037844386;0.5000000000000001;-0.21497044021102438;0.9766205557100867;0.9749279121818236;-0.22252093395631434;132900;132790;132815;132510;132700;132435;131980;132920;133080;132850;132795;132780;132485;132120;132640;132665;132380;132435;132300;131880;131625;132790;132815;132510;132700;132440;131985;131645;1200698;2499617;2494420;1538785;1637956;1588505;1852154;381337;679665;647111;405205;427077;399579;457348;4943.5;4950.0;4950.5;4961.0;4954.0;4951.0;4961.5;4954.0;4954.5;4963.5;4962.0;4961.5;4961.5;4971.5;4941.5;4941.5;4950.5;4953.5;4951.0;4949.0;4956.5;4950.5;4950.5;4961.0;4954.5;4951.5;4961.5;4970.0;301627;403375;408977;212286;166015;202883;311019;72828;101525;94188;50070;35929;45431;61604;1
2024-02-29;0.012490594431903687;0.46987951807228917;0.015887652969089196;0.8660254037844386;0.5000000000000001;-2.4492935982947064e-16;1.0;0.43388373911755823;-0.900968867902419;132200;131290;131025;130830;130675;130730;130730;132270;131520;131120;131070;130795;130785;130770;131285;130910;130545;130465;130535;130510;130550;131295;131020;130830;130675;130730;130730;130630;1499290;3077488;2717482;2041346;1369417;1132405;952499;430854;785638;677053;530965;348365;292098;237196;4973.0;5011.5;5005.5;4987.5;4983.5;4986.0;4986.0;5012.0;5013.0;5006.0;4990.5;4990.0;4991.0;4989.0;4971.5;4993.5;4984.0;4976.5;4981.0;4983.5;4980.0;5011.5;5005.5;4988.0;4984.0;4985.5;4986.0;4985.5;465560;549222;540735;580142;219263;165551;163426;118946;115109;107158;91276;37747;31258;31418;0
2024-03-01;0.015128593040847202;0.35;0.0052229842005687335;1.0;6.123233995736766e-17;0.20129852008866006;0.9795299412524945;-0.433883739117558;-0.9009688679024191;130970;131015;130780;130275;131255;131085;130735;131315;131035;131020;131295;131290;131155;130930;130620;130570;130230;130270;130970;130670;130655;131020;130780;130275;131255;131085;130730;130655;1376518;2412878;2213675;2366325;1088345;1214295;1295954;425872;635381;569681;592860;278558;304342;342107;4973.5;4974.5;4977.0;4983.0;4961.5;4961.0;4963.0;4977.5;4987.0;4986.0;4984.0;4964.0;4964.0;4969.5;4969.0;4969.5;4966.5;4958.5;4959.0;4958.5;4960.0;4974.5;4977.0;4983.5;4961.5;4961.0;4962.5;4965.0;217122;414293;428699;427160;140280;113550;172004;60456;104064;101604;99609;29658;25512;34904;1
2024-03-04;0.008284339925173703;0.4147465437788018;0.0020319748495188435;1.0;6.123233995736766e-17;0.7247927872291199;0.6889669190756866;0.0;1.0;130680;130615;130590;129985;129865;130175;129985;130875;130825;130630;129995;130285;130220;130055;130570;130410;129865;129740;129845;129930;129865;130610;130595;129990;129865;130170;129985;129990;1113435;2390450;2153050;1181080;1261618;1152120;932793;361998;658965;577041;311500;302037;283975;232777;4965.0;4962.0;4958.0;4957.5;4957.0;4955.0;4957.0;4969.5;4965.0;4961.5;4960.5;4958.0;4958.5;4960.0;4960.5;4955.0;4953.5;4954.5;4951.5;4954.0;4956.0;4962.0;4958.0;4957.5;4957.0;4954.5;4957.5;4959.0;234877;295263;242090;143980;152040;98753;87848;62085;60145;55816;28032;29532;19149;17965;0
2024-03-05;0.008685338230792776;-0.03524229074889868;-0.00587316643193163;1.0;6.123233995736766e-17;0.8486442574947509;0.5289640103269624;0.7818314824680298;0.6234898018587336;129700;129900;129845;129850;130230;129880;129700;130080;130070;130160;130520;130250;130065;129875;129625;129670;129755;129845;129555;129670;129660;129895;129845;129845;130230;129880;129700;129715;1407533;2579489;2341812;2517470;1567871;1204094;1141943;434837;697703;597790;637576;396724;303975;288791;4964.0;4963.5;4962.5;4968.5;4954.0;4967.5;4965.0;4970.5;4964.0;4971.5;4969.0;4973.0;4972.5;4967.5;4959.0;4958.0;4961.0;4950.5;4954.0;4963.5;4962.5;4964.0;4962.5;4969.0;4954.5;4967.5;4965.5;4966.5;266670;251975;227425;371533;248201;174745;92549;71164;62116;51544;85196;50752;35289;21442;0
2024-03-06;0.00963762528912876;0.724;-0.003061464793154879;1.0;6.123233995736766e-17;0.9377521321470804;0.3473052528448203;0.9749279121818236;-0.22252093395631434;130175;130235;130495;130300;130120;130680;130605;130485;130640;130560;130535;130745;130775;130660;130115;129880;130240;129965;129945;130550;130365;130235;130495;130300;130115;130680;130605;130405;1242726;2867294;2159019;2057151;1661193;1332437;1615431;388051;795296;576751;545879;415619;329189;382824;4955.0;4954.0;4945.0;4950.0;4948.5;4945.0;4950.0;4956.5;4955.0;4952.0;4956.0;4951.5;4951.5;4954.5;4946.5;4944.5;4942.5;4946.0;4943.5;4944.0;4947.5;4954.5;4944.5;4950.0;4949.0;4945.0;4950.0;4953.0;305337;317311;248122;261549;164218;112425;139047;79769;85871;55437;61915;31639;24645;27741;0
2024-03-07;0.006875360092183599;0.7821229050279329;-0.0009028447260095794;1.0;6.123233995736766e-17;0.9884683243281114;0.1514277775045767;0.43388373911755823;-0.900968867902419;130580;130245;130140;129555;129730;129605;129600;130615;130540;130185;129755;129800;129660;129815;130160;130110;129475;129425;129505;129370;129530;130240;130145;129555;129725;129610;129605;129735;1207012;2431266;2664766;1531912;1437264;1603303;1188838;373533;676543;672330;389855;347213;361100;279187;4947.5;4949.5;4949.0;4946.5;4945.0;4942.5;4948.0;4953.0;4951.5;4950.5;4949.0;4946.0;4949.5;4948.5;4946.0;4945.0;4943.0;4942.0;4941.0;4941.0;4942.5;4949.5;4949.0;4946.5;4944.5;4942.5;4947.5;4943.5;181626;208244;274976;152412;163521;152192;115414;43748;44758;59786;32733;28907;29694;22088;0
2024-03-08;0.009534385051309543;-1.502008032128514;-0.023936521424593356;1.0;6.123233995736766e-17;0.9987165071710528;-0.05064916883871264;-0.433883739117558;-0.9009688679024191;127500;127350;127765;127880;128635;128350;128480;127550;128085;128050;128765;128660;128880;128800;127220;127100;127635;127870;128245;128325;128375;127345;127760;127880;128640;128350;128480;128480;1344816;3149252;2746504;2383614;1885367;2077385;1879893;400522;907741;722028;586137;474022;518781;440439;4960.0;4971.5;4993.0;4984.5;4979.5;4985.5;4990.5;4983.0;4998.5;5000.0;4987.0;4989.0;4991.5;4992.5;4959.5;4969.0;4979.0;4975.5;4978.5;4984.0;4986.0;4971.5;4992.5;4984.5;4980.0;4985.5;4991.0;4991.0;540621;785410;534066;304118;166400;149265;144135;127238;183316;124374;62773;40026;32335;31394;1
2024-03-11;0.01396078431372549;0.3342696629213483;-0.021792212716816143;1.0;6.123233995736766e-17;0.7907757369376989;-0.6121059825476626;0.0;1.0;127695;127325;127525;128130;127760;127680;127680;127835;127725;128240;128135;127825;127970;127770;127235;127245;127460;127585;127620;127610;127535;127320;127525;128130;127760;127680;127680;127750;1525467;3256440;3052368;1513721;1016666;1522114;1323179;454487;870234;790158;393017;257090;375041;314672;4990.0;5002.5;4981.0;4973.0;4975.0;4982.0;4979.5;5007.0;5003.5;4983.0;4980.5;4984.5;4983.5;4983.5;4987.0;4978.5;4967.0;4972.5;4974.0;4978.5;4978.5;5002.5;4981.0;4973.0;4974.5;4982.0;4979.5;4983.5;472645;470111;377897;185416;217448;133050;102471;106332;108768;74545;38188;39980;25018;18921;0
2024-03-12;0.00787031598731352;0.6318407960199005;-0.02018141241152074;1.0;6.123233995736766e-17;0.6513724827222223;-0.7587581226927909;0.7818314824680298;0.6234898018587336;127870;128560;128100;128235;128705;128840;128845;128845;128780;128425;128720;128960;128900;129325;127855;128040;127805;128175;128590;128675;128780;128560;128100;128240;128710;128835;128845;129170;2610917;3456650;2398941;1651737;1407347;1378191;1846883;791708;935387;656777;449496;387919;378880;457511;4980.0;4985.0;4988.0;4986.5;4988.0;4992.0;4984.0;4999.0;5000.0;4990.5;4990.5;4992.0;4994.5;4985.5;4963.5;4983.0;4976.0;4982.5;4986.0;4984.0;4970.5;4985.5;4988.0;4986.0;4988.0;4992.0;4984.0;4976.0;670051;600749;335425;173692;90217;176955;287686;162330;148852;82362;41307;22223;35606;53223;0
2024-03-13;0.01188707280832095;0.7467105263157895;-0.012302177010402463;1.0;6.123233995736766e-17;0.48530196253108104;-0.8743466161445821;0.9749279121818236;-0.22252093395631434;128940;128600;129425;129075;129330;129165;129710;128955;129470;129510;129360;129400;129740;129740;128480;128550;129065;129065;129105;129085;129310;128600;129430;129075;129325;129165;129710;129330;1631862;3826161;1895165;1285681;1090069;1694355;1324635;475263;1022623;511648;349571;287412;438087;312088;4970.0;4986.0;4989.5;4983.5;4981.5;4980.0;4976.5;4989.5;4992.5;4990.5;4988.5;4984.5;4981.0;4979.0;4967.0;4983.0;4981.0;4980.5;4977.5;4972.5;4974.0;4986.0;4989.5;4983.0;4981.5;4979.5;4976.5;4974.0;355697;385786;263358;193106;174349;198709;117035;84794;88245;57039;39094;33208;43296;23476;1
2024-03-14;0.009771986970684038;0.8492063492063492;-0.007677002885817747;1.0;6.123233995736766e-17;0.29936312297335804;-0.9541392564000488;0.43388373911755823;-0.900968867902419;129550;129170;128665;129010;128865;128705;128710;129580;129415;129290;129120;128925;128735;128955;129065;128595;128625;128825;128630;128270;128685;129170;128665;129005;128865;128705;128705;128860;1996917;3614712;2608098;1666720;1301330;1764422;1484043;598028;970389;650404;414132;316936;415654;342425;4969.0;4969.0;4985.0;4983.0;4987.0;4988.0;4991.5;4975.0;4986.5;4986.0;4988.5;4988.5;4995.5;4999.0;4958.0;4968.5;4971.0;4981.5;4979.0;4987.0;4989.5;4969.5;4985.0;4983.5;4987.0;4988.0;4991.0;4997.0;585378;511954;359409;238440;182969;227768;206132;131660;113524;72963;45625;36478;43167;37776;0
2024-03-15;0.010111925897336935;0.5038167938931297;-0.012085535477914062;1.0;6.123233995736766e-17;0.10116832198743272;-0.994869323391895;-0.433883739117558;-0.9009688679024191;128930;128760;128330;127950;127840;127560;127690;129020;129060;128370;128040;127855;127725;127755;128615;128210;127870;127825;127515;127535;127595;128760;128330;127950;127840;127560;127690;127700;1786806;3511300;2592965;1158553;1542069;1155115;1053268;553220;889952;631284;284428;354158;271321;242437;4992.5;5003.0;4998.0;4990.5;4999.5;4999.5;5001.0;5004.0;5005.5;4998.0;5000.0;5002.0;5003.0;5001.0;4986.0;4993.5;4986.0;4989.5;4997.5;4997.0;4997.0;5003.0;4997.5;4990.5;4999.0;4999.5;5001.5;4997.5;425578;455631;365489;202512;188891;131402;89330;88383;95455;75851;32605;31073;22753;16040;1
2024-03-18;0.012409834794074304;0.4625;-0.01642048407916971;1.0;6.123233995736766e-17;-0.4853019625310808;-0.8743466161445822;0.0;1.0;128200;128265;127795;127335;127470;127595;127670;128570;128580;127980;127525;127645;127690;127940;128095;127775;127270;127290;127425;127430;127600;128270;127795;127335;127470;127595;127670;127830;1631971;3348438;2577839;1201036;1126144;1373813;1372117;472638;890097;619140;278479;268686;299527;306141;4993.0;4995.0;5012.5;5027.5;5022.5;5022.0;5025.0;4997.5;5015.0;5034.5;5030.5;5028.0;5028.5;5032.5;4986.5;4991.0;5008.5;5022.0;5019.0;5021.5;5024.5;4995.5;5012.5;5027.5;5022.0;5022.0;5025.5;5028.0;261757;464376;553049;268954;221445;187363;172506;63370;100487;104305;49832;42147;35797;31440;1
2024-03-19;0.010218408736349454;0.4389312977099237;-0.017927273076442967;1.0;6.123233995736766e-17;-0.651372482722222;-0.7587581226927911;0.7818314824680298;0.6234898018587336;127845;128250;128270;128660;128540;128660;128875;128265;128515;128745;128680;128680;128950;128975;127600;128130;128085;128395;128430;128610;128550;128250;128270;128665;128535;128660;128875;128685;1878105;3269971;2480935;1576279;1158878;1692813;1722117;539648;845125;622773;378971;276836;371338;373816;5047.0;5047.5;5039.5;5027.5;5023.5;5022.5;5015.0;5057.0;5049.0;5040.0;5034.5;5029.0;5023.5;5021.5;5041.5;5037.5;5024.0;5019.5;5022.5;5011.5;5014.0;5047.0;5039.5;5027.5;5023.5;5022.5;5014.5;5018.0;538757;408501;460368;328679;218693;315386;137250;123421;87648;86025;58590;36520;53586;26636;0
2024-03-20;0.010755211388791115;0.6254545454545455;-0.011880357987608121;1.0;6.123233995736766e-17;-0.7907757369376986;-0.6121059825476627;0.9749279121818236;-0.22252093395631434;128460;128595;128790;128435;128640;128945;129065;128655;128940;128810;128660;128985;129245;130030;128170;128430;128230;128380;128620;128930;129050;128600;128785;128440;128635;128950;129070;129940;1787462;3398296;2238593;1213780;1370583;1677694;4242991;529674;906869;576393;301479;327312;394990;1103039;5033.0;5018.5;5017.0;5008.5;5005.5;5007.5;4998.5;5035.0;5023.0;5020.5;5010.0;5009.0;5008.0;4999.5;5016.0;5011.0;5006.5;5004.0;5003.0;4995.5;4973.0;5018.5;5017.0;5009.0;5006.0;5007.5;4998.5;4974.5;440103;364304;310012;200509;144481;222811;764228;109378;81612;63390;37154;27699;43203;171554;1
2024-03-21;0.019344543048419743;0.869215291750503;0.0032137015298758778;1.0;6.123233995736766e-17;-0.8978045395707417;-0.44039415155763423;0.43388373911755823;-0.900968867902419;130330;130080;129460;129315;129265;129205;129185;130510;130350;129465;129345;129280;129315;129290;130005;129435;129205;129160;129030;129125;128980;130075;129460;129315;129270;129205;129185;129250;1343892;3244575;1818465;965107;1048435;1029724;1289045;399097;800634;437142;233057;243812;239539;294078;4957.0;4971.5;4981.5;4983.5;4981.0;4979.5;4976.5;4980.0;4985.0;4987.0;4986.0;4981.5;4982.5;4977.5;4955.5;4968.5;4978.0;4979.0;4976.0;4971.5;4973.0;4971.5;4982.0;4983.5;4981.0;4980.0;4976.0;4975.5;545469;438834;291289;174193;147770;181586;111232;116665;90175;55056;32217;27501;34499;21100;0
2024-03-22;0.012890355252052482;0.002976190476190476;-0.007082633290688534;1.0;6.123233995736766e-17;-0.9680771188662041;-0.2506525322587213;-0.433883739117558;-0.9009688679024191;128835;128480;128395;128225;128150;128045;127780;128860;128745;128540;128435;128200;128080;127915;128275;128175;128000;128045;127875;127730;127645;128485;128400;128230;128150;128045;127780;127900;1763157;3284630;2436066;1635786;1324786;1300908;1288868;537086;899993;611465;391852;311988;308841;306583;4995.0;4998.5;4986.5;4987.5;4988.0;4990.0;4997.0;5009.5;5004.0;4989.5;4992.5;4992.5;4999.5;5004.0;4993.5;4982.0;4981.5;4986.0;4985.5;4990.0;4995.0;4998.0;4986.5;4987.5;4988.5;4990.5;4996.5;5003.0;474134;455555;295811;194756;148309;198041;159846;113827;105752;60266;39173;29649;38816;29987;0
2024-03-25;0.009585904451430123;0.10121457489878542;-0.013972263869512447;1.0;6.123233995736766e-17;-0.9377521321470804;0.3473052528448203;0.0;1.0;127750;127690;127740;127685;127845;127740;127510;127800;127920;127960;127900;127915;127785;127840;127295;127460;127565;127605;127705;127480;127450;127690;127745;127685;127840;127740;127505;127730;1588267;3159804;1979511;1009589;855793;1107900;1111372;509918;898075;520350;243205;210900;262668;264540;4993.5;4998.5;4980.0;4983.0;4985.5;4979.5;4976.5;4999.0;5005.5;4986.5;4987.0;4985.5;4980.0;4978.0;4986.0;4977.0;4975.0;4978.5;4977.0;4971.5;4972.0;4998.0;4980.0;4982.5;4985.5;4980.0;4976.5;4974.5;288744;661458;231920;180045;105798;172250;126926;74077;137469;51791;36058;20867;33348;23503;0
2024-03-26;0.0052054794520547945;0.5338345864661654;-0.013327613493411557;1.0;6.123233995736766e-17;-0.848644257494751;0.5289640103269624;0.7818314824680298;0.6234898018587336;127650;127210;127645;127600;127770;127700;127795;127655;127650;127885;127835;127865;127940;127925;127105;127170;127505;127525;127675;127690;127720;127210;127645;127600;127770;127695;127790;127780;1597715;2876397;2410130;1462229;926208;1274905;1027688;483592;813931;635299;376081;225035;314067;243768;4969.5;4978.5;4985.5;4987.0;4990.0;4987.0;4979.5;4981.0;4986.0;4988.5;4992.5;4990.5;4988.5;4983.5;4963.0;4976.0;4981.5;4985.5;4983.5;4976.5;4979.0;4978.5;4985.0;4986.5;4990.0;4987.5;4980.0;4983.5;449268;374455;377666;244804;176205;222647;123899;105454;76398;68450;54273;33405;45716;22004;0
2024-03-27;0.00654132393262828;0.8323353293413174;-0.009971937584850557;1.0;6.123233995736766e-17;-0.72479278722912;0.6889669190756865;0.9749279121818236;-0.22252093395631434;127800;127430;127250;127420;127675;127725;127645;127840;127440;127480;127765;127745;127815;128230;127330;127120;126830;127390;127605;127600;127640;127425;127250;127425;127675;127725;127650;128090;1308741;2699502;2617407;1415668;1019353;1249305;1545836;396537;716313;638399;316858;206063;255956;340956;4972.0;4986.5;4988.0;4983.0;4977.5;4977.5;4978.0;4989.5;4995.0;4992.0;4985.0;4980.0;4980.0;4981.0;4971.0;4985.0;4977.5;4975.0;4976.0;4975.5;4976.0;4986.5;4987.5;4983.0;4977.5;4977.5;4977.5;4977.5;428943;381752;390214;233009;169071;136506;138749;101881;90560;78714;45948;29924;24727;26090;1
2024-03-28;0.012910798122065728;0.6757575757575758;-0.007385742104160687;1.0;6.123233995736766e-17;-0.5712682150947924;0.8207634412072763;0.43388373911755823;-0.900968867902419;127945;127965;128535;128730;128870;128725;128665;128090;128590;128785;129015;128885;128735;128810;127815;127855;128505;128625;128640;128475;128530;127965;128535;128735;128870;128720;128660;128645;1486677;2939526;1576995;1373831;1125311;1205128;1185344;440307;758499;386016;312378;251891;281152;288987;5010.0;5013.5;5002.0;5005.5;5021.0;5016.0;5025.0;5016.0;5022.5;5006.5;5022.0;5023.0;5025.0;5025.5;5007.0;4998.5;4995.5;5005.5;5014.5;5015.5;5020.0;5013.5;5002.0;5006.0;5020.5;5015.5;5025.0;5025.0;383692;577799;312449;375441;291041;192402;149379;86015;116677;62256;63717;43549;35113;26344;1
2024-04-01;0.009379030051975459;0.8958333333333334;0.0007453763374070221;0.8660254037844387;-0.4999999999999998;0.20791169081775931;0.9781476007338057;0.0;1.0;128890;128970;128570;128050;127700;127700;127515;129070;129260;128580;128060;127825;127700;127590;128740;128380;127950;127655;127670;127380;127330;128965;128565;128045;127700;127695;127510;127375;1305977;2902394;2102480;1519408;898018;1470655;1136745;396221;746447;513653;339872;204538;330817;255771;5024.5;5053.5;5056.0;5068.0;5082.5;5078.0;5072.5;5058.5;5063.5;5071.0;5086.0;5083.5;5079.0;5084.0;5024.0;5044.5;5056.0;5067.0;5074.5;5070.0;5068.0;5053.0;5056.0;5068.0;5082.5;5078.0;5072.0;5083.0;540730;467543;449399;294936;183442;175967;222461;122465;105553;93938;60918;35804;32879;43319;1
2024-04-02;0.015167972689890605;0.17647058823529413;-0.007726749790118466;0.8660254037844387;-0.4999999999999998;0.40673664307580015;0.9135454576426009;0.7818314824680298;0.6234898018587336;127650;127350;127595;127390;127230;127395;127670;127860;127710;127820;127545;127410;127735;127925;127130;127200;127085;127155;127130;127170;127585;127350;127595;127385;127225;127395;127665;127845;2201121;3105942;3108875;1499726;1019142;1795486;1320492;611630;783398;816553;359477;239635;408733;302572;5045.0;5063.5;5058.5;5064.0;5067.5;5067.5;5071.0;5065.5;5068.0;5075.0;5071.0;5069.5;5077.0;5074.5;5044.5;5056.0;5047.0;5056.0;5062.5;5067.5;5066.0;5063.5;5058.0;5064.0;5067.0;5067.5;5071.0;5073.5;595961;390604;670364;314408;129745;226337;153499;138250;90514;140589;62928;26878;48260;32780;1
2024-04-03;0.008421464943204074;0.46511627906976744;-0.007439246156389486;0.8660254037844387;-0.4999999999999998;0.5877852522924731;0.8090169943749475;0.9749279121818236;-0.22252093395631434;127585;127675;126855;126935;126970;127385;127995;127820;127935;127115;127125;127395;128210;128010;127425;126770;126590;126795;126855;127340;127750;127675;126850;126935;126970;127385;127995;127765;1822235;3982964;2676325;1666865;1652247;2152820;1289907;518697;1007880;612766;376577;378589;459062;277408;5084.5;5090.0;5101.5;5091.5;5076.5;5058.5;5056.0;5097.0;5105.0;5104.5;5094.5;5078.5;5060.0;5058.0;5082.0;5081.0;5086.5;5071.5;5058.0;5050.0;5048.5;5089.5;5101.5;5091.5;5076.5;5058.5;5056.0;5051.0;551296;543155;539411;312215;302029;259720;189572;133801;118192;112214;67106;66174;52220;34241;1
2024-04-04;0.012697417408002508;0.8333333333333334;-0.003887051660609977;0.8660254037844387;-0.4999999999999998;0.7431448254773941;0.6691306063588582;0.43388373911755823;-0.900968867902419;127940;128145;129435;128785;129860;129665;129210;128150;129565;129780;129935;130115;129790;129415;127740;128130;128780;128745;129640;129185;128240;128140;129440;128785;129865;129665;129210;128335;1863498;4316289;3683949;2635731;1327344;1319142;2898870;544523;1007954;829824;632133;336411;334706;702402;5055.0;5053.0;5037.0;5042.0;5023.5;5029.5;5041.0;5062.5;5055.0;5047.5;5045.5;5030.0;5041.5;5056.5;5046.5;5033.5;5027.5;5018.5;5021.5;5028.5;5039.0;5053.0;5037.0;5042.0;5023.0;5029.0;5041.5;5053.5;410834;406510;486068;403872;130263;182024;296435;112538;100180;104396;80191;28908;35769;57942;0
2024-04-05;0.020009379396592152;0.12890625;-0.003304522675728125;0.8660254037844387;-0.4999999999999998;0.8660254037844386;0.5000000000000001;-0.433883739117558;-0.9009688679024191;127885;127925;127430;127185;127360;127575;126890;128400;127950;127525;127375;127650;127580;127140;127600;127145;126755;126735;127195;126810;126750;127930;127430;127180;127355;127575;126895;127110;2951932;3745298;3017712;2590983;1772630;1950942;1748608;933134;1022634;720327;620914;417931;447741;387191;5065.0;5055.5;5057.0;5063.5;5077.0;5075.5;5080.0;5069.5;5067.5;5068.5;5079.0;5086.0;5085.5;5087.5;5041.0;5054.0;5052.0;5062.0;5071.5;5074.0;5075.5;5055.5;5057.5;5063.5;5077.0;5075.5;5079.5;5083.5;720810;448547;357526;265688;257816;211368;265967;192078;117637;83765;69059;58279;40950;52384;1
2024-04-08;0.013019509715760253;0.36936936936936937;-0.006502396954366201;0.8660254037844387;-0.4999999999999998;0.9945218953682734;-0.10452846326765333;0.0;1.0;127350;127540;128475;128675;128930;128900;129060;127545;128690;128740;129005;129050;129175;129140;127020;127400;128230;128655;128805;128880;128795;127545;128480;128675;128935;128900;129065;128980;1522480;3639643;2137850;1645039;1149131;1214924;1470301;499697;972090;533709;383356;278033;288271;364198;5082.0;5071.0;5051.0;5054.0;5041.5;5042.5;5043.0;5086.5;5075.5;5055.0;5054.5;5046.5;5044.0;5045.0;5070.5;5047.5;5047.5;5041.0;5040.0;5036.5;5037.5;5070.5;5050.5;5054.0;5041.0;5042.0;5042.5;5041.0;343857;439247;268276;212726;124575;152610;153601;100077;113286;63354;50253;29658;36337;32197;1
2024-04-09;0.019984295249312917;0.9155206286836935;0.008830680619493011;0.8660254037844387;-0.4999999999999998;0.9510565162951536;-0.30901699437494734;0.7818314824680298;0.6234898018587336;129350;129810;129845;129850;129820;129650;129905;129905;130150;130315;130010;129985;129970;130090;129235;129575;129485;129700;129640;129485;129820;129810;129845;129850;129820;129655;129910;129880;2244257;3550287;3284024;2001371;1406741;1754031;1573505;687679;925525;785424;480778;335211;424471;388132;5035.5;5017.0;5019.5;5016.0;5015.0;5017.0;5017.5;5037.5;5025.0;5028.0;5018.5;5017.0;5021.5;5020.5;5016.0;5015.5;5010.5;5010.0;5010.5;5015.0;5015.0;5017.5;5019.5;5016.0;5015.5;5017.0;5018.0;5017.5;440895;336158;410909;234663;139020;161048;111409;121763;86126;100016;50249;29930;33184;26002;1
2024-04-10;0.00889060688055663;1.1869565217391305;0.017500462588744;0.8660254037844387;-0.4999999999999998;0.8660254037844387;-0.4999999999999998;0.9749279121818236;-0.22252093395631434;130600;129910;129340;129100;128435;128570;128330;131380;129915;129420;129165;128660;128815;128525;129425;129025;128895;128340;128410;128115;128045;129905;129345;129100;128435;128575;128330;128050;3976934;4158783;2873231;2064857;1270737;3050462;1925556;1273379;1146420;768579;489915;304126;712164;472293;5014.0;5058.0;5070.0;5074.5;5084.0;5087.5;5084.5;5059.5;5076.0;5078.0;5090.5;5089.0;5095.5;5092.5;5007.0;5057.5;5063.0;5074.0;5081.5;5079.0;5083.0;5058.0;5070.5;5074.5;5084.0;5087.5;5085.0;5091.5;815217;601525;439288;426386;171236;445352;175856;203221;149396;102613;86645;36476;90037;44312;1
2024-04-11;0.026531393568147012;0.010101010101010102;-0.0029203251905809283;0.8660254037844387;-0.4999999999999998;0.7431448254773945;-0.6691306063588579;0.43388373911755823;-0.900968867902419;127950;127970;127645;127510;127740;127345;127725;128325;128125;127675;127765;127785;127755;128035;127330;127550;127200;127380;127250;127160;127460;127970;127640;127505;127740;127350;127725;127470;3011571;2964389;2625958;1676423;1905391;1874172;1942917;893448;828255;651036;408127;439131;434856;441982;5083.0;5074.5;5094.0;5093.5;5088.0;5096.0;5091.0;5099.5;5095.0;5101.5;5098.0;5098.5;5099.5;5102.0;5068.0;5072.5;5090.5;5087.5;5086.0;5090.0;5086.5;5074.0;5093.5;5093.5;5087.5;5096.0;5090.5;5100.5;680294;474881;374100;228629;164383;204605;218360;175953;123025;83355;53679;37721;42556;44655;1
2024-04-12;0.009105119187182494;0.5064377682403434;-0.0037471584373452494;0.8660254037844387;-0.4999999999999998;0.5877852522924732;-0.8090169943749473;-0.433883739117558;-0.9009688679024191;127750;127595;127555;126920;127105;126615;126285;127870;127780;127775;127215;127320;126720;126370;127410;127230;126900;126835;126560;126175;125815;127600;127550;126920;127105;126615;126280;125835;2330336;3716885;3120930;1779050;1829776;1939815;2004884;724468;1021294;779101;453729;476366;458172;474971;5122.5;5137.0;5142.5;5155.0;5147.0;5140.0;5138.0;5137.0;5144.0;5156.0;5157.5;5147.5;5148.5;5143.0;5116.5;5131.0;5139.5;5144.0;5134.5;5135.5;5135.5;5136.5;5143.0;5154.5;5147.0;5140.0;5137.5;5138.5;568604;514768;539336;459797;364219;282735;192841;149256;121972;110774;72449;68883;58432;39887;1
2024-04-15;0.016790606653620352;0.3916083916083916;-0.01182082933189672;0.8660254037844387;-0.4999999999999998;5.66553889764798e-16;-1.0;0.0;1.0;126565;126025;126240;126000;126165;125860;125500;126785;126330;126350;126295;126170;125930;125625;125925;125645;125860;125885;125705;125075;125110;126030;126240;126000;126160;125865;125495;125400;2329747;3858658;3332020;1707457;1613386;2806853;2004715;700366;1049438;881980;445454;403434;664245;493800;5117.0;5162.0;5187.0;5190.0;5188.0;5190.0;5194.5;5164.5;5199.5;5194.0;5194.5;5198.5;5223.5;5199.0;5112.5;5158.5;5178.0;5184.0;5187.5;5190.0;5185.0;5162.5;5187.5;5190.0;5188.0;5190.0;5195.0;5186.0;762719;799653;460082;264143;199224;514293;282675;197098;183727;114895;58222;48156;103331;61215;1
2024-04-16;0.013510844230237427;0.06140350877192982;-0.02175229655331403;0.8660254037844387;-0.4999999999999998;-0.20791169081775907;-0.9781476007338057;0.7818314824680298;0.6234898018587336;125180;124235;124135;124490;125055;124820;124640;125190;124440;124770;125205;125065;124860;125175;124165;123755;124055;124475;124670;124265;124405;124240;124135;124495;125060;124825;124640;124875;2585356;3807875;3385666;2296070;1772339;3116547;2900848;747647;999499;830778;580637;459276;788254;688100;5207.0;5246.0;5271.0;5290.0;5275.5;5263.0;5269.5;5258.5;5278.0;5295.0;5291.0;5280.5;5284.0;5272.5;5205.0;5243.0;5260.0;5272.5;5261.5;5262.5;5248.5;5245.5;5271.0;5290.5;5276.0;5263.5;5269.5;5261.0;823305;714796;638116;385416;396154;436272;464936;216508;177168;144571;85457;68577;106334;106353;0
2024-04-17;0.011583320019172392;2.024137931034483;-0.008483729084164228;0.8660254037844387;-0.4999999999999998;-0.4067366430758002;-0.9135454576426009;0.9749279121818236;-0.22252093395631434;126690;126710;126135;125915;126110;125680;126010;127175;127060;126240;126340;126125;126205;126135;126485;126000;125785;125765;125280;125570;125645;126705;126135;125925;126110;125680;126010;125735;1997615;3604953;2503105;2122780;2323132;2112890;1749411;629445;1002710;674314;550919;581860;538524;444810;5288.0;5264.5;5247.0;5246.5;5247.0;5264.5;5235.5;5290.0;5265.5;5253.0;5249.5;5286.5;5265.5;5239.0;5257.5;5232.0;5237.0;5232.0;5245.5;5233.5;5225.5;5264.0;5247.0;5246.0;5247.5;5265.0;5235.0;5237.5;625252;700880;453121;324335;502811;381288;261442;181894;173335;111478;81078;124539;86147;65776;1
2024-04-18;0.01495777093693267;0.575197889182058;-0.00995955461106813;0.8660254037844387;-0.4999999999999998;-0.587785252292473;-0.8090169943749476;0.43388373911755823;-0.900968867902419;126370;126170;126570;126275;125765;125295;125405;126380;126645;126820;126400;125800;125435;125630;125340;126010;126180;125720;125185;124990;125260;126170;126575;126275;125770;125295;125405;125395;2741530;4089261;2559331;2203745;2014378;2025068;1779856;810281;1112318;686092;575457;491251;493539;433072;5236.5;5249.5;5246.5;5254.5;5263.5;5276.0;5271.5;5263.0;5256.5;5263.0;5271.5;5279.5;5285.0;5272.5;5234.5;5238.5;5239.5;5253.0;5263.0;5268.0;5257.0;5250.0;5246.5;5255.0;5264.0;5275.5;5272.0;5263.0;553117;560501;418899;433330;215702;259693;265057;164949;158637;100451;93450;51310;61065;58308;1
2024-04-19;0.014481285115138087;0.21584699453551912;-0.01591674318947046;0.8660254037844387;-0.4999999999999998;-0.743144825477394;-0.6691306063588585;-0.433883739117558;-0.9009688679024191;125385;125925;126735;127000;126845;126840;126775;126250;126835;127170;127135;126920;126910;126785;125350;125820;126430;126780;126580;126625;126355;125925;126730;126995;126845;126835;126775;126615;2314247;3540573;3151332;1416397;1451927;1558902;1923109;707344;946154;799437;381556;373642;391385;477911;5276.0;5257.0;5241.5;5219.5;5216.0;5206.5;5197.5;5283.5;5260.5;5243.5;5223.0;5221.5;5208.0;5201.5;5254.0;5238.0;5215.5;5207.5;5203.5;5195.5;5190.5;5257.0;5241.5;5219.5;5216.0;5206.0;5197.5;5199.5;564846;467321;468359;304193;237041;240427;263010;159364;129300;107809;63508;53293;51645;59103;1
2024-04-22;0.014515292897874546;1.0686813186813187;-0.0001080051449723605;0.8660254037844387;-0.4999999999999998;-0.9945218953682733;-0.10452846326765423;0.0;1.0;127295;126890;126375;126670;126855;127610;127185;127315;126975;126875;126860;127625;127655;127380;126580;126125;126300;126585;126740;127120;127110;126890;126370;126670;126855;127615;127185;127330;2213030;3403890;2956338;1258422;1900789;1689273;1281005;677375;906074;756456;338293;489471;408189;308519;5212.0;5217.0;5215.5;5198.5;5197.0;5184.5;5178.5;5219.0;5222.0;5218.0;5202.5;5199.0;5184.5;5182.0;5199.0;5208.5;5191.0;5192.5;5183.5;5175.5;5177.5;5216.5;5216.0;5198.5;5197.5;5184.5;5179.0;5178.5;529633;449522;458688;192977;202026;200581;113641;147509;121541;112803;45964;44524;44292;25062;0
2024-04-23;0.012019325189520405;0.5882352941176471;-0.0021288964303670184;0.8660254037844387;-0.4999999999999998;-0.9945218953682734;0.10452846326765299;0.7818314824680298;0.6234898018587336;127025;126325;126265;126135;126490;127115;127090;127040;126350;126485;126590;127220;127435;127235;126170;125760;126045;126075;126425;127040;126915;126320;126270;126140;126490;127115;127090;127225;2190353;4503650;2983297;1793433;1770514;1526252;1346094;672685;1206627;836879;478982;426694;370904;326352;5176.5;5187.5;5158.5;5159.5;5155.5;5139.0;5126.5;5188.5;5192.0;5163.5;5160.5;5156.0;5140.5;5130.5;5171.0;5155.0;5146.0;5153.5;5136.0;5122.0;5122.0;5187.5;5158.5;5159.0;5155.5;5139.5;5127.0;5128.0;455336;548060;480705;164217;222349;255672;186166;132186;147554;114426;38401;49892;53210;38893;0
2024-04-24;0.013186380633733516;0.764179104477612;-0.0016208729137400905;0.8660254037844387;-0.4999999999999998;-0.9510565162951536;0.30901699437494723;0.9749279121818236;-0.22252093395631434;127040;126715;126485;126430;126140;126415;126470;127300;126940;126740;126485;126450;126580;126520;126710;126375;126255;126005;126095;126305;126250;126715;126485;126435;126145;126415;126470;126385;2092556;3324700;2918022;1772142;1260222;1717553;1533839;673747;949066;767789;469314;324376;425031;376712;5135.5;5154.5;5159.0;5165.5;5159.5;5155.5;5151.5;5157.5;5162.5;5174.0;5168.0;5166.5;5157.5;5156.5;5126.0;5150.5;5158.0;5156.5;5154.0;5145.0;5148.0;5154.5;5159.0;5165.0;5159.5;5155.5;5151.5;5153.5;588370;373958;359099;233506;188165;314072;145123;155785;95683;82550;50849;41331;67768;31620;1
2024-04-25;0.010193639798488665;-0.0694980694980695;-0.009909553942296163;0.8660254037844387;-0.4999999999999998;-0.8660254037844386;0.5000000000000001;0.43388373911755823;-0.900968867902419;125915;125950;125260;125720;126165;125855;125875;127255;125970;125840;126185;126190;126015;126045;125755;125040;125215;125720;125750;125655;125765;125950;125260;125720;126165;125855;125880;125905;3333122;3823246;2860807;1836839;1489577;1824400;1479634;1023178;1055211;773901;477395;389332;458891;376774;5155.5;5166.0;5176.0;5173.0;5167.0;5168.0;5161.5;5171.5;5196.0;5177.5;5177.0;5176.0;5169.0;5169.0;5111.0;5163.0;5164.5;5165.5;5165.0;5155.0;5161.0;5166.0;5175.5;5173.5;5166.5;5167.5;5161.5;5165.5;893694;754805;439188;208623;166047;210147;174807;220223;178441;99570;47538;39385;50165;38860;1
2024-04-26;0.017591232180439186;0.7720090293453724;-0.0025084845801977276;0.8660254037844387;-0.4999999999999998;-0.743144825477394;0.6691306063588585;-0.433883739117558;-0.9009688679024191;126750;126990;127705;127725;127970;127955;128015;127170;127920;127865;128010;128110;128105;128250;126250;126730;127540;127615;127850;127815;127965;126990;127710;127720;127970;127955;128015;128175;2877373;3363270;1948846;1253965;1095497;1072477;1153041;949473;984944;518734;337041;283005;272447;274243;5169.5;5124.0;5121.0;5129.0;5116.0;5116.5;5118.5;5171.0;5136.0;5132.0;5132.0;5118.5;5120.0;5118.5;5124.0;5116.5;5112.5;5115.5;5111.5;5113.5;5110.0;5124.5;5121.0;5128.5;5115.5;5116.5;5118.5;5116.5;649812;499056;401621;280676;148789;123987;160069;183081;127246;84840;55633;32574;28805;32975;0
2024-04-29;0.015779092702169626;0.87;0.007543389743115402;0.8660254037844387;-0.4999999999999998;-0.20791169081775898;0.9781476007338057;0.0;1.0;127990;127865;128220;128330;128140;128470;128545;128135;128370;128405;128465;128485;128590;128690;127720;127845;128025;128050;128090;128440;128370;127865;128220;128325;128145;128470;128545;128535;1922000;3320611;2428342;1673871;1236014;1042688;1571155;590966;915895;662988;458570;342983;281179;403471;5110.0;5115.5;5116.0;5114.5;5118.0;5111.0;5112.5;5120.0;5120.5;5122.0;5121.5;5121.5;5114.5;5117.0;5103.5;5104.0;5108.5;5111.0;5107.5;5108.5;5107.5;5115.5;5115.5;5114.5;5118.5;5111.0;5112.5;5113.5;462445;448469;336510;247846;233632;113838;179154;130996;115348;75377;48900;46215;28318;37456;1
2024-04-30;0.008242831471208687;0.5687203791469194;0.009668250174579288;0.8660254037844387;-0.4999999999999998;-1.133107779529596e-15;1.0;0.7818314824680298;0.6234898018587336;128320;128250;127860;127460;127290;127160;127395;128620;128375;128010;127550;127390;127410;127485;127980;127815;127430;127155;127115;127150;127225;128255;127865;127455;127285;127155;127390;127280;2627833;3518213;2546454;1602255;1258433;1270769;1318328;768959;933577;679060;417244;336138;328800;341515;5131.5;5170.5;5185.0;5199.0;5191.0;5198.5;5204.0;5171.5;5186.5;5199.0;5199.5;5201.0;5206.5;5204.5;5129.5;5163.0;5180.0;5186.5;5189.0;5196.0;5195.5;5171.0;5185.5;5199.0;5191.0;5198.0;5204.0;5201.0;589478;621947;501315;297591;190064;243423;214880;161658;129923;100161;56880;39512;50377;41912;1
2024-05-02;0.011728491271820449;0.7043189368770764;0.00869004078436619;0.49999999999999994;-0.8660254037844387;0.39435585511331855;0.9189578116202306;0.43388373911755823;-0.900968867902419;128175;128655;128320;128350;128275;128335;128565;128740;128835;128435;128410;128515;128665;128905;128100;128225;127880;128200;128015;128330;128370;128655;128315;128345;128280;128335;128565;128905;1801762;3432981;3238380;1365038;1645919;1515192;1702024;552615;910367;794512;349910;430864;388135;410765;5173.0;5148.5;5126.0;5128.0;5128.5;5122.0;5118.0;5173.5;5151.5;5132.5;5130.5;5130.5;5123.5;5124.5;5143.0;5123.0;5117.5;5123.5;5122.0;5114.5;5117.5;5148.5;5126.0;5127.5;5128.5;5122.5;5118.0;5122.5;582931;586240;484126;251792;143795;203107;172213;148566;129829;100201;43711;29759;40822;35584;0
2024-05-03;0.00901111761263897;0.4935064935064935;0.010631497162639286;0.49999999999999994;-0.8660254037844387;0.5712682150947923;0.8207634412072763;-0.433883739117558;-0.9009688679024191;128450;130055;129705;129820;129775;129650;129895;130125;130315;130070;129960;130020;129930;130025;127845;129640;129550;129705;129645;129570;129855;130060;129705;129815;129770;129645;129895;129935;3844132;3248839;3374383;1347218;1167701;1254751;1060703;1160249;904467;928504;351527;308908;305762;264610;5116.0;5066.0;5082.0;5083.0;5085.5;5084.0;5084.5;5130.0;5084.5;5098.5;5086.5;5086.0;5087.5;5084.5;5057.5;5064.5;5066.0;5078.0;5079.5;5080.5;5075.0;5066.0;5082.5;5083.0;5086.0;5084.0;5084.5;5081.5;944566;530923;637705;200782;119562;127020;148991;243028;122025;143987;41914;25446;27501;33921;0
2024-05-06;0.019229272090307514;1.040485829959514;0.025077716949172525;0.49999999999999994;-0.8660254037844387;0.9377521321470804;0.3473052528448203;0.0;1.0;130415;129575;130315;130280;130315;130040;129820;130485;130330;130450;130365;130340;130105;129935;129515;129480;130170;130110;130010;129735;129775;129580;130310;130280;130315;130035;129820;129830;1812290;3389588;2083814;1443242;1346285;1639425;1246527;559304;916800;553914;374042;337943;387147;298320;5075.0;5100.5;5085.0;5081.5;5078.5;5078.5;5075.0;5103.5;5101.0;5088.5;5085.5;5083.0;5081.0;5083.5;5074.5;5083.5;5079.5;5077.0;5076.5;5073.5;5072.0;5101.0;5084.5;5081.5;5078.0;5078.5;5075.0;5081.5;394289;327815;262789;160892;149483;159281;179431;110453;88441;63973;33341;31717;36922;37623;0
2024-05-07;0.007706168768929955;0.1890547263681592;0.0182235074018889;0.49999999999999994;-0.8660254037844387;0.9884683243281114;0.1514277775045767;0.7818314824680298;0.6234898018587336;129670;130275;130370;130845;130680;130785;130590;130300;130660;130910;130975;130825;130795;130660;129600;130240;130260;130665;130590;130555;130260;130280;130370;130840;130685;130785;130590;130355;2439203;3402595;2550226;1480511;1150011;1066743;1403579;701911;888642;633170;381072;286061;273723;329520;5089.5;5069.5;5079.0;5062.0;5077.0;5075.5;5084.0;5095.0;5079.5;5081.0;5077.5;5078.5;5085.0;5087.0;5069.5;5066.5;5059.5;5061.0;5072.5;5073.0;5080.5;5069.5;5078.5;5061.5;5076.5;5075.0;5084.0;5082.0;559471;401773;335843;254159;131226;149328;162940;147476;93448;80164;52141;27722;31626;34671;0
2024-05-08;0.010603840518238606;0.21818181818181817;0.019483195008534935;0.49999999999999994;-0.8660254037844387;0.9987165071710528;-0.05064916883871264;0.9749279121818236;-0.22252093395631434;129900;129325;130195;130135;130410;130415;130290;130040;130200;130400;130565;130485;130420;130545;129255;129150;130100;130085;130305;130235;130185;129320;130195;130130;130405;130410;130285;130460;2252515;3698608;2231160;1751767;1015504;1259513;1334262;658410;937301;550337;417753;241470;299079;312094;5086.5;5113.5;5097.0;5093.5;5092.5;5098.5;5104.0;5116.5;5118.0;5101.5;5098.0;5099.5;5105.0;5108.5;5086.0;5096.0;5089.0;5090.0;5092.0;5096.5;5103.5;5114.0;5097.5;5093.5;5092.5;5098.5;5104.0;5106.5;484180;450547;355184;159743;111142;162349;169124;121154;111760;75878;35277;23249;33337;32689;1
2024-05-09;0.018206312548113935;0.19027484143763213;0.016871355181159634;0.49999999999999994;-0.8660254037844387;0.9680771188662043;-0.2506525322587204;0.43388373911755823;-0.900968867902419;129600;129205;128475;128765;128710;128740;128975;129625;129240;128825;129005;128860;128995;129500;129075;128450;128385;128645;128620;128610;128925;129200;128475;128770;128715;128740;128975;129450;3036048;3778848;2485916;1740354;1225840;1412395;1949253;900248;1011297;688129;465732;330817;382068;497454;5152.5;5155.0;5185.0;5166.0;5167.5;5178.5;5169.0;5172.5;5187.5;5186.5;5170.5;5179.5;5182.5;5170.0;5146.5;5154.5;5166.0;5162.0;5167.0;5168.0;5153.0;5155.5;5185.0;5166.5;5168.0;5178.0;5169.5;5155.0;942007;554403;508561;289280;191786;247320;245649;223391;123459;114525;61703;41474;53227;47845;0
2024-05-10;0.009915123456790123;0.9455252918287937;0.016343047147024687;0.49999999999999994;-0.8660254037844387;0.8978045395707416;-0.4403941515576344;-0.433883739117558;-0.9009688679024191;129600;129340;129400;128925;128590;128920;129020;129910;130025;129475;128995;128985;129065;129020;129310;129290;128850;128525;128580;128705;128805;129345;129395;128930;128585;128915;129025;128830;2486293;3600859;2916060;1690201;1362954;1205299;1119222;758663;990410;756241;422059;337800;299732;267456;5148.5;5151.0;5145.5;5158.0;5164.0;5166.5;5162.5;5152.0;5154.5;5160.5;5167.5;5169.5;5170.5;5167.5;5127.5;5139.5;5143.0;5156.5;5162.5;5161.0;5158.0;5151.5;5146.0;5157.5;5164.5;5166.0;5162.5;5166.5;603365;449368;425918;210010;119856;253442;189601;166806;112671;96620;49250;28629;33359;34247;0
2024-05-13;0.011574074074074073;0.49666666666666665;0.013242619365812173;0.49999999999999994;-0.8660254037844387;0.48530196253108104;-0.8743466161445821;0.0;1.0;129270;128915;129675;129275;129095;129030;128975;129335;129700;129720;129290;129310;129150;129350;128650;128905;129270;128930;128930;128825;128935;128915;129670;129270;129095;129030;128975;129230;2167928;3086850;1927528;1841670;1269146;1659954;1450113;636776;862227;533065;473464;339501;421678;359379;5155.0;5137.0;5138.0;5149.0;5170.5;5165.5;5162.0;5155.5;5141.5;5155.0;5173.0;5171.5;5168.5;5162.5;5137.0;5132.0;5136.5;5148.5;5164.0;5161.0;5156.5;5137.0;5137.5;5149.0;5170.5;5166.0;5162.0;5159.5;488750;355114;332408;272502;156096;145332;119566;135246;87229;81582;64531;34498;29565;26197;1
2024-05-14;0.00827724916840721;0.06074766355140187;0.007577477357589611;0.49999999999999994;-0.8660254037844387;0.29936312297335804;-0.9541392564000488;0.7818314824680298;0.6234898018587336;128715;129005;129490;129880;129620;129615;129255;129335;129540;129965;129890;129650;129655;129595;128510;128820;129415;129535;129320;129240;129225;129010;129485;129885;129615;129610;129260;129450;3468060;3740835;2969016;1555187;1440764;1362296;1614562;1037027;1036325;750646;384023;350124;339750;380484;5156.0;5144.5;5141.0;5141.0;5142.5;5136.0;5141.5;5169.0;5150.0;5147.0;5145.5;5143.5;5142.0;5142.5;5131.5;5135.0;5131.5;5139.5;5133.0;5135.5;5135.5;5144.0;5141.0;5140.5;5142.5;5136.0;5141.5;5137.5;815526;500077;327442;134279;153728;124325;115275;211968;123989;78248;29761;30752;25014;25536;1
2024-05-15;0.01130404381773686;-0.19243986254295534;0.0019945340780114828;0.49999999999999994;-0.8660254037844387;0.10116832198743272;-0.994869323391895;0.9749279121818236;-0.22252093395631434;128230;128220;128265;128555;128590;129120;128840;129150;128620;128575;128910;129170;129135;129165;127610;127940;127855;128200;128520;128635;128650;128220;128265;128555;128585;129115;128840;129105;3453984;3840682;2876031;1855702;1693764;1422558;1474505;1036373;1031040;742092;466775;419141;344596;362073;5170.0;5149.5;5166.0;5139.5;5136.0;5131.5;5140.5;5175.0;5170.0;5170.0;5140.5;5142.0;5148.5;5149.0;5131.0;5145.5;5138.0;5127.0;5130.5;5131.0;5139.5;5150.0;5166.0;5139.5;5136.0;5132.0;5140.5;5147.0;805932;475814;420640;323978;178477;217168;154988;212834;127111;95516;66389;41665;45512;33263;0
2024-05-16;0.013179443188021524;0.9230769230769231;0.00729522866311328;0.49999999999999994;-0.8660254037844387;-0.10116832198743204;-0.9948693233918952;0.43388373911755823;-0.900968867902419;129170;129800;128790;129180;129120;129030;129075;129995;129910;129260;129260;129155;129195;129465;129070;128765;128700;128995;128825;128885;129020;129800;128785;129175;129125;129030;129075;129315;2376980;3733129;2652404;1377559;1607609;1519694;1754116;707756;974219;684256;343276;397447;384736;426878;5146.0;5125.5;5137.5;5133.5;5135.0;5133.0;5140.5;5146.0;5139.5;5139.0;5137.5;5138.5;5143.0;5141.0;5111.5;5122.5;5126.5;5132.5;5130.0;5132.0;5132.5;5125.5;5137.5;5133.5;5134.5;5133.0;5140.5;5135.5;624840;503257;351829;126106;130094;161120;160360;156729;118576;76155;26650;27783;34703;29671;0
2024-05-17;0.010025547727800573;0.5019305019305019;0.007451715724931023;0.49999999999999994;-0.8660254037844387;-0.2993631229733582;-0.9541392564000488;-0.433883739117558;-0.9009688679024191;129350;128780;128560;128845;128680;128875;128985;129375;129260;129035;128890;128935;129130;129155;128730;128420;128545;128620;128580;128810;128805;128780;128560;128845;128685;128875;128980;129055;2405672;3780690;2199826;1184991;1235145;1166245;1239204;700565;1021622;582169;292166;307073;273522;299212;5142.0;5126.5;5128.0;5118.5;5121.0;5112.5;5113.5;5144.0;5133.5;5128.0;5123.0;5121.5;5115.5;5113.5;5123.5;5120.5;5111.0;5115.0;5111.5;5111.0;5107.5;5127.0;5128.0;5118.0;5121.0;5112.5;5113.5;5108.5;542785;415571;422129;169421;139711;135659;190348;138523;100715;88497;33265;28592;24729;34536;1
2024-05-20;0.007383069192114418;0.9738219895287958;0.006135207926183045;0.49999999999999994;-0.8660254037844387;-0.7907757369376986;-0.6121059825476627;0.0;1.0;129350;128560;128415;129075;129330;129100;128580;129370;128860;129285;129530;129340;129120;128660;128430;128165;128340;128885;129050;128515;128410;128560;128410;129075;129335;129100;128575;128520;2787297;3876077;2645269;1585316;846243;1370893;1349017;783422;1035989;668388;409291;205708;316861;316669;5108.0;5129.5;5120.0;5095.5;5102.0;5105.0;5115.0;5133.5;5134.0;5120.0;5105.5;5108.0;5118.0;5117.0;5108.0;5118.0;5094.5;5095.0;5101.0;5103.0;5111.5;5129.5;5119.5;5095.5;5102.0;5105.0;5115.5;5112.5;479684;414154;496652;210422;139907;214445;133633;116010;103886;103672;44025;26724;37227;28695;1
2024-05-21;0.010552763819095477;0.31868131868131866;-0.00035174248563394294;0.49999999999999994;-0.8660254037844387;-0.8978045395707417;-0.44039415155763423;0.7818314824680298;0.6234898018587336;128600;128585;128325;128310;128225;128010;128360;128785;128950;128760;128500;128265;128365;128415;128300;128065;128230;128140;127865;127940;128065;128590;128320;128310;128220;128015;128355;128220;3233542;4972532;2892876;1791981;2194844;1535460;1581336;955475;1321182;768315;463916;547675;383722;367180;5101.0;5103.0;5097.0;5113.0;5115.5;5121.5;5117.5;5106.5;5110.0;5114.0;5116.5;5128.0;5125.0;5122.0;5094.0;5087.0;5088.5;5107.0;5113.0;5116.0;5115.5;5103.0;5096.5;5113.0;5116.0;5121.5;5117.0;5118.5;451830;700176;434572;226107;294708;142297;128405;129869;173949;92609;50187;61006;33213;27821;0
2024-05-22;0.00843701399688958;0.12442396313364056;-0.005332737569087607;0.49999999999999994;-0.8660254037844387;-0.9680771188662041;-0.2506525322587213;0.9749279121818236;-0.22252093395631434;128000;127415;127165;126885;127025;126740;126735;128040;127500;127205;127150;127120;126895;126780;127370;127015;126730;126765;126700;126555;126315;127420;127160;126885;127025;126740;126735;126475;2921491;4043593;3174843;2139432;1260552;1634075;2224542;829820;1059463;814535;571855;318080;406857;550347;5140.0;5148.5;5148.5;5157.5;5148.5;5149.5;5152.5;5150.0;5155.5;5166.5;5158.5;5150.0;5159.0;5161.5;5136.0;5145.5;5147.5;5146.0;5143.0;5143.5;5151.0;5148.5;5148.5;5157.5;5148.5;5149.0;5153.0;5157.0;524999;436329;552714;303363;170703;212043;277066;123201;98623;110358;57941;34408;44360;57921;0
2024-05-23;0.0190625;0.22540983606557377;-0.019369683636921917;0.49999999999999994;-0.8660254037844387;-0.9987165071710528;-0.05064916883871355;0.43388373911755823;-0.900968867902419;126150;126095;125610;125185;125380;125305;125060;126450;126245;125690;125450;125495;125490;125230;126000;125575;125100;125160;125200;125055;124970;126095;125605;125185;125380;125310;125060;125140;2720068;4353683;3319139;1392079;1465182;1839760;1697380;831452;1169516;830113;369327;383831;479430;436392;5146.0;5137.0;5144.5;5154.5;5152.0;5153.5;5159.5;5146.0;5149.5;5158.5;5158.0;5153.5;5162.0;5162.0;5129.5;5127.0;5140.0;5149.5;5147.0;5153.0;5155.0;5137.5;5145.0;5154.5;5152.0;5153.5;5160.0;5160.5;399629;584439;495930;207230;163231;190981;184882;102724;136372;106559;40061;29667;37613;32686;1
2024-05-24;0.011732065001981767;0.4594594594594595;-0.02296593794103582;0.49999999999999994;-0.8660254037844387;-0.9884683243281114;0.15142777750457667;-0.433883739117558;-0.9009688679024191;125650;125565;125405;125580;125395;125305;125360;125920;125750;125840;125605;125590;125400;125375;125365;125330;125375;125345;125265;125165;124785;125565;125410;125580;125390;125305;125355;124890;2023715;3403296;2634395;1146041;1167006;1218340;1710267;639253;952031;736800;307266;293583;318959;425834;5140.0;5143.5;5155.5;5151.5;5150.5;5152.5;5153.5;5145.5;5157.5;5155.5;5153.0;5153.5;5158.0;5176.5;5131.0;5143.5;5141.0;5147.0;5147.0;5150.0;5153.5;5143.5;5156.0;5151.5;5150.5;5152.5;5154.0;5173.5;403395;404924;410543;140518;113676;164477;380663;105804;98696;91873;28503;23471;31072;68344;0
2024-05-27;0.011221647433346598;0.2127659574468085;-0.028976656072883154;0.49999999999999994;-0.8660254037844387;-0.72479278722912;0.6889669190756865;0.0;1.0;124810;124910;124750;124735;124860;124910;124820;124985;125085;124860;124955;124955;125045;124920;124635;124700;124550;124660;124735;124755;124800;124910;124750;124735;124860;124910;124820;124835;1529041;3108574;1996360;1202023;788153;885834;458190;468239;887627;581853;325015;204557;243032;119635;5160.0;5159.0;5165.5;5178.0;5174.5;5167.5;5173.0;5170.0;5165.5;5185.0;5179.0;5175.0;5176.5;5175.5;5156.5;5156.0;5164.5;5171.5;5167.0;5165.5;5172.5;5159.0;5165.0;5178.0;5174.5;5167.0;5173.0;5173.0;287127;212517;417221;140390;92953;108057;45536;75577;55886;84413;28686;19607;23818;7902;1
2024-05-28;0.00428651550356542;1.6168224299065421;-0.02312973918191059;0.49999999999999994;-0.8660254037844387;-0.5712682150947924;0.8207634412072763;0.7818314824680298;0.6234898018587336;125415;126050;125205;125050;125240;124545;124320;126185;126200;125275;125280;125315;124760;124465;125295;125155;124970;124990;124520;124300;123975;126050;125200;125050;125245;124545;124325;124175;2668558;4002653;2315574;1446239;1854119;2308161;2074209;771310;1000588;567263;355580;442153;555693;500574;5166.5;5144.5;5147.0;5160.5;5154.0;5156.5;5164.5;5169.5;5149.5;5165.5;5163.0;5158.5;5166.0;5165.5;5137.0;5135.0;5146.5;5152.5;5152.5;5154.0;5158.0;5144.5;5147.5;5160.5;5154.0;5157.0;5164.0;5160.0;535189;419831;369747;244665;143152;231851;162984;129952;89347;85717;45162;26518;44132;31823;1
2024-05-29;0.018817525814296535;-0.05084745762711865;-0.034555680627710486;0.49999999999999994;-0.8660254037844387;-0.3943558551133187;0.9189578116202306;0.9749279121818236;-0.22252093395631434;123720;123515;123230;123425;123425;123390;123105;123865;123540;123510;123520;123480;123415;123340;123410;122865;123145;123210;123315;122900;123085;123520;123230;123420;123430;123390;123105;123200;2211924;3555637;2215214;1534206;1041492;1766656;1511302;658536;919960;565533;382253;252014;421063;376011;5176.5;5184.0;5198.0;5194.5;5203.5;5206.5;5207.5;5186.5;5200.5;5199.0;5208.0;5211.5;5214.0;5209.5;5170.0;5182.5;5190.5;5192.5;5203.5;5205.0;5200.0;5184.5;5197.5;5195.0;5203.5;5206.5;5208.0;5206.0;452042;544465;334812;327512;218902;254337;189034;117941;109863;69119;61311;40304;45086;36285;1
2024-05-31;0.008082767539605561;0.485;-0.03593835789078788;0.49999999999999994;-0.8660254037844387;-2.4492935982947064e-16;1.0;-0.433883739117558;-0.9009688679024191;123350;123115;122790;122440;122420;122495;122540;123460;123175;122915;122565;122535;122605;122645;123000;122750;122370;122355;122215;122450;122415;123110;122790;122445;122420;122490;122540;122450;2141966;3303807;2527505;1398566;1240865;1001073;919052;624314;882867;649458;368646;322051;252102;222263;5212.0;5234.0;5252.0;5269.0;5254.5;5251.0;5257.5;5237.0;5253.0;5271.5;5271.5;5256.0;5262.5;5263.0;5208.0;5233.5;5244.0;5249.5;5247.5;5249.0;5254.0;5233.5;5252.0;5268.5;5255.0;5250.5;5257.0;5261.0;672806;469787;583545;375203;230422;162756;140449;166973;103602;112292;74154;44731;33362;28992;1
2024-06-03;0.0100932306445075;0.5180722891566265;-0.037680909683698104;1.2246467991473532e-16;-1.0;0.5877852522924731;0.8090169943749475;0.0;1.0;122860;122630;121905;122550;122335;122075;122425;122920;122640;122790;122735;122370;122700;122810;122290;121835;121730;122255;121960;122005;122395;122630;121910;122545;122330;122075;122425;122650;2172211;3071851;3511237;1483202;1241959;1759643;1458523;676115;840435;925325;393940;329499;444688;367887;5267.5;5255.5;5271.0;5245.5;5248.5;5252.5;5233.0;5280.5;5279.0;5271.0;5253.0;5253.5;5255.5;5238.5;5253.0;5251.0;5232.5;5236.0;5244.5;5231.0;5227.0;5255.0;5271.5;5245.5;5248.5;5252.0;5233.5;5238.0;685966;503048;703235;240646;161403;242144;179606;185161;127953;153070;57320;39179;54484;43703;0
2024-06-04;0.009685821259970698;-0.008403361344537815;-0.043549835084638215;1.2246467991473532e-16;-1.0;0.7431448254773941;0.6691306063588582;0.7818314824680298;0.6234898018587336;121720;121960;121520;121450;121505;121795;121855;122185;122080;121780;121825;121805;121980;122190;121575;121170;121120;121390;121445;121645;121785;121960;121525;121450;121505;121795;121855;121895;2443191;3707602;3360500;1996809;1538172;1438275;1714766;760304;1061088;939047;508442;400257;368763;413174;5273.0;5274.5;5274.0;5283.5;5302.0;5297.0;5294.0;5289.0;5284.5;5285.5;5303.0;5309.0;5304.0;5308.5;5267.0;5262.5;5261.5;5280.0;5295.0;5288.0;5293.5;5274.0;5274.0;5283.5;5302.0;5297.0;5293.5;5303.5;700903;551078;629143;446550;400611;234953;251257;183166;145253;141166;92598;82556;54306;55987;1
2024-06-05;0.009365757476174828;1.0394736842105263;-0.03606528952325407;1.2246467991473532e-16;-1.0;0.8660254037844386;0.5000000000000001;0.9749279121818236;-0.22252093395631434;122305;121950;121965;122055;122155;121930;121775;122350;122055;122380;122340;122190;122095;121870;121845;121745;121455;121965;121830;121700;121435;121950;121970;122060;122155;121930;121770;121610;1995385;2899204;3794196;1863523;1408533;1658970;1740819;595609;802198;988953;469704;352811;411263;430281;5284.5;5282.5;5290.0;5303.0;5294.0;5302.0;5308.5;5291.0;5296.5;5315.0;5303.0;5305.5;5311.0;5317.0;5272.0;5282.5;5283.0;5290.5;5291.5;5300.5;5307.5;5282.5;5290.5;5303.0;5294.0;5302.0;5308.5;5312.5;559477;498337;752506;291863;180440;155581;206165;148423;113456;165802;59970;37321;35717;41432;1
2024-06-06;0.007930992191652017;0.29896907216494845;-0.03748052420534803;1.2246467991473532e-16;-1.0;0.9510565162951535;0.30901699437494745;0.43388373911755823;-0.900968867902419;121700;121710;122505;122720;123345;123020;123150;121915;122845;122775;123465;123360;123400;123255;121385;121495;122165;122705;122865;122990;122860;121710;122510;122720;123345;123020;123145;123060;2281659;4060707;2168733;2247499;1333142;1567313;1319503;706464;1114642;560792;519547;316597;365170;326230;5305.0;5294.5;5285.0;5275.0;5267.0;5264.0;5258.0;5320.5;5299.5;5287.0;5275.5;5269.5;5265.0;5263.0;5292.5;5273.0;5268.0;5264.5;5260.0;5252.5;5254.0;5295.0;5284.5;5275.0;5267.0;5264.5;5258.5;5256.5;643893;581988;364841;249489;212180;220162;156434;169789;133150;74089;48921;40017;43966;33617;1
2024-06-07;0.017091207888249794;0.7524038461538461;-0.024539244543528797;1.2246467991473532e-16;-1.0;0.9945218953682733;0.10452846326765346;-0.433883739117558;-0.9009688679024191;122950;121855;121985;122140;121880;121860;121520;123425;122210;122310;122180;122090;121885;121620;121635;121620;121930;121840;121690;121450;121235;121855;121985;122135;121875;121860;121520;121250;3114265;3113545;2627319;1378342;1477732;1520370;2073616;983123;908266;727162;357163;376916;381414;482199;5265.5;5303.5;5292.5;5285.0;5285.0;5289.0;5301.5;5308.0;5307.0;5294.5;5290.5;5294.5;5304.0;5317.5;5251.5;5283.0;5274.5;5277.5;5283.5;5288.5;5301.0;5303.5;5292.5;5284.5;5285.0;5289.5;5301.5;5314.0;772585;533293;528807;217733;152090;193897;271668;205515;148283;125669;54836;39032;47110;62567;0
2024-06-10;0.0247254981699878;0.10197368421052631;-0.03898177214484347;1.2246467991473532e-16;-1.0;0.8660254037844387;-0.4999999999999998;0.0;1.0;120695;121005;121070;121215;121090;121095;120915;121395;121335;121500;121305;121270;121165;121160;120690;120515;120995;120985;120990;120880;120660;121005;121075;121215;121085;121090;120920;120970;2196084;4152016;2469579;1736736;1319698;1705676;2049450;658091;1143145;652403;444266;333982;421308;502175;5356.0;5372.5;5385.0;5378.0;5375.5;5372.5;5372.5;5376.5;5399.5;5386.0;5378.0;5379.5;5376.0;5383.0;5325.5;5369.0;5373.0;5365.5;5370.0;5366.5;5356.0;5372.5;5384.5;5378.0;5375.5;5372.0;5372.5;5367.0;736927;768817;293175;301119;155420;190184;337243;197412;191798;75581;74056;38430;50691;75837;0
2024-06-11;0.008161067152740379;-0.015228426395939087;-0.037607195982708876;1.2246467991473532e-16;-1.0;0.7431448254773945;-0.6691306063588579;0.7818314824680298;0.6234898018587336;120500;121205;121130;121485;121625;121455;121545;121320;121565;121750;121645;121635;121700;121815;120315;120905;121110;121335;121320;121300;121455;121205;121130;121485;121625;121455;121540;121795;3001346;3667039;2820666;1558630;1387234;1557627;1548390;900194;1036829;776838;392503;356305;400457;387444;5369.0;5361.0;5363.0;5356.5;5363.0;5370.0;5375.0;5383.0;5371.0;5364.5;5367.5;5376.5;5383.0;5376.5;5357.0;5351.0;5345.5;5353.0;5362.0;5363.5;5367.0;5361.0;5362.5;5356.5;5363.0;5370.5;5375.0;5368.0;651705;582032;443751;208075;220644;315877;168997;189824;140916;107201;51631;51350;69774;39472;0
2024-06-12;0.012987551867219917;2.0351437699680512;-0.01064458307881798;1.2246467991473532e-16;-1.0;0.5877852522924732;-0.8090169943749473;0.9749279121818236;-0.22252093395631434;123500;124360;122020;122065;122150;122325;122380;124730;124465;122400;122255;122540;122465;122390;122550;121820;121705;121825;121985;122065;121325;124360;122020;122060;122150;122320;122385;121705;3263084;4763860;2686789;1397924;1443750;1521707;3185505;1122414;1345856;731225;374917;381104;386467;882149;5379.0;5353.5;5419.5;5411.5;5401.0;5391.0;5378.0;5395.5;5438.5;5433.5;5419.0;5406.0;5398.5;5402.5;5345.0;5346.5;5403.0;5398.0;5386.5;5365.0;5365.0;5353.5;5419.5;5411.0;5401.0;5391.0;5378.5;5393.5;895663;1089295;537042;248128;253098;187428;494309;253628;287043;146190;66027;61613;47583;143260;1
2024-06-13;0.02757085020242915;0.14831130690161526;-0.02084413314205114;1.2246467991473532e-16;-1.0;0.40673664307580004;-0.913545457642601;0.43388373911755823;-0.900968867902419;121830;121700;121505;121280;121760;121865;121780;122260;122140;121645;122050;121970;121995;121940;121305;121445;121070;121025;121555;121630;121665;121705;121505;121280;121755;121865;121780;121825;3043729;3883087;2633565;3174403;1841330;1317248;1280731;980929;1170601;742554;837057;491494;361649;340582;5400.5;5411.0;5416.5;5411.0;5387.5;5377.0;5380.0;5425.0;5421.0;5424.0;5416.5;5398.5;5391.0;5383.5;5392.5;5404.0;5408.5;5374.5;5373.5;5371.0;5371.5;5410.5;5416.5;5411.0;5387.5;5377.0;5379.5;5379.0;735718;472519;368397;532676;331745;224261;167547;225161;134130;90472;123758;80823;58898;42723;0
2024-06-14;0.010137076253796274;0.22267206477732793;-0.02203248738740373;1.2246467991473532e-16;-1.0;0.20791169081775931;-0.9781476007338057;-0.433883739117558;-0.9009688679024191;121300;121295;120760;121565;121700;121555;121110;121650;121365;121585;122120;121795;121665;121630;120915;120590;120600;121495;121530;121030;121015;121290;120765;121570;121700;121550;121115;121435;2476496;3707384;2744643;2431238;1040128;1682677;1655126;799562;1056346;776081;657236;297717;457524;434114;5385.0;5367.0;5377.5;5361.5;5364.0;5378.5;5389.0;5390.0;5385.5;5384.0;5369.5;5383.0;5392.0;5394.5;5352.0;5364.0;5361.0;5357.0;5364.0;5377.5;5382.0;5367.5;5378.0;5361.5;5364.0;5378.5;5389.0;5386.5;666584;484769;442607;243515;191491;225745;173811;193805;138140;107083;59280;48342;55244;44124;1
2024-06-17;0.012613355317394888;0.5947712418300654;-0.017453344196606373;1.2246467991473532e-16;-1.0;-0.4067366430758002;-0.9135454576426009;0.0;1.0;121500;120980;120810;120575;120865;121400;121100;121910;121215;120825;120955;121410;121465;121280;120885;120570;120455;120395;120840;121030;121000;120980;120810;120575;120865;121405;121105;121155;2046094;3570125;2123330;1730718;1864817;1507668;1483548;674639;1026796;602893;468524;474981;373144;369256;5380.0;5413.5;5414.0;5420.5;5423.0;5412.0;5418.5;5419.0;5418.0;5425.5;5432.5;5423.5;5421.5;5436.0;5378.0;5403.0;5413.0;5418.0;5409.5;5411.5;5418.0;5414.0;5414.0;5421.5;5423.0;5412.5;5418.5;5429.0;484245;368641;264410;253747;188215;123708;220841;150067;104270;71251;62286;46687;31429;55880;0
2024-06-18;0.012469135802469136;0.10231023102310231;-0.021841218580554073;1.2246467991473532e-16;-1.0;-0.587785252292473;-0.8090169943749476;0.7818314824680298;0.6234898018587336;120550;120730;121780;121400;121325;121525;121515;120850;121845;121835;121535;121620;121795;121650;120275;120580;121185;121225;121280;121445;121290;120725;121780;121395;121330;121525;121515;121330;2585453;4329836;2654104;1290169;1071571;1675415;1633682;811624;1245315;758061;375030;306757;447836;438647;5440.5;5427.5;5402.0;5414.0;5409.5;5412.0;5415.5;5450.0;5433.0;5419.5;5418.0;5416.0;5419.0;5432.0;5416.5;5398.5;5396.5;5404.5;5405.5;5407.0;5412.5;5427.0;5402.0;5414.0;5410.0;5412.5;5415.5;5428.5;691580;612122;382618;187465;141442;170605;298213;181586;154964;99403;44388;30426;43512;66151;1
2024-06-19;0.013023641642472003;0.7802547770700637;-0.011308917139143013;1.2246467991473532e-16;-1.0;-0.743144825477394;-0.6691306063588585;0.9749279121818236;-0.22252093395631434;121500;121205;120705;120900;121210;121420;121355;121605;121215;120985;121450;121480;121550;121800;121130;120670;120650;120790;121125;121185;121330;121205;120700;120900;121210;121420;121355;121740;1928304;3311565;2210947;1591994;1306981;1359592;1196873;618436;939193;649289;442716;374880;381844;345126;5438.5;5459.0;5475.5;5470.0;5467.5;5473.5;5478.0;5461.0;5476.5;5476.5;5472.0;5479.0;5487.5;5479.0;5430.5;5458.0;5466.0;5462.0;5467.0;5473.5;5459.0;5459.0;5475.5;5470.0;5467.5;5474.0;5477.5;5459.5;452066;411728;292882;188254;176150;229897;199459;125729;104783;72196;43268;39061;45501;38448;1
2024-06-20;0.01728395061728395;1.2476190476190476;0.0053255258243147365;1.2246467991473532e-16;-1.0;-0.8660254037844384;-0.5000000000000004;0.43388373911755823;-0.900968867902419;123270;122875;123220;122575;122155;121960;122105;123395;123360;123335;122595;122205;122270;122590;122860;122540;122360;122060;121770;121880;122075;122875;123225;122575;122155;121965;122100;122475;2720828;3865172;3138677;2146750;2015697;1956118;1522468;843447;1111860;845202;573012;543471;547768;425444;5383.0;5415.0;5418.5;5433.0;5451.5;5465.0;5452.5;5417.0;5425.5;5439.0;5457.5;5473.5;5466.5;5457.0;5383.0;5407.0;5413.5;5431.0;5450.5;5443.0;5444.0;5415.0;5418.0;5433.0;5451.0;5465.0;5452.5;5448.0;830703;571876;502372;497567;330009;351302;226187;206167;136237;105101;100698;72196;80226;54123;0
2024-06-21;0.013182445039344529;0.20307692307692307;-0.0027565084226646246;1.2246467991473532e-16;-1.0;-0.9510565162951535;-0.30901699437494756;-0.433883739117558;-0.9009688679024191;122100;121900;122955;122845;122640;122905;122750;122310;123040;123125;123010;123020;122970;123095;121835;121700;122705;122590;122560;122710;122665;121900;122960;122845;122640;122910;122745;123040;2344483;4047750;2689571;1701067;1224134;1256576;1630239;711901;1104415;706605;454210;321475;323359;422321;5450.0;5444.0;5436.0;5449.5;5457.0;5442.5;5446.0;5457.5;5454.5;5450.0;5464.5;5458.5;5451.0;5465.5;5437.5;5433.5;5426.0;5445.5;5441.0;5436.0;5434.5;5444.0;5435.5;5450.0;5457.5;5442.5;5446.0;5451.5;574416;481525;466956;358698;184652;238087;393833;155472;121462;109403;77441;43633;55008;87589;1
2024-06-24;0.012694512694512694;0.896774193548387;0.006257945055978156;1.2246467991473532e-16;-1.0;-0.9510565162951536;0.30901699437494723;0.0;1.0;123090;123240;124360;124265;124145;124155;124205;123310;124490;124445;124305;124310;124335;124285;122820;123200;124150;123995;124015;124055;124040;123240;124365;124260;124150;124155;124200;124120;2042805;3880875;1946161;1535105;1471840;1349558;1106346;661601;1051183;526890;396721;379302;359406;293987;5433.0;5416.0;5380.0;5394.5;5405.0;5396.0;5391.0;5440.0;5418.0;5396.0;5411.0;5411.0;5400.5;5396.0;5415.0;5378.0;5380.0;5393.0;5395.0;5386.0;5387.5;5416.0;5379.5;5394.5;5405.0;5396.0;5390.5;5393.5;478476;609348;361397;264473;193901;192094;148684;135962;144513;78876;57649;46909;47217;33253;1
2024-06-25;0.013567308473474694;0.7275449101796407;0.014053762385951143;1.2246467991473532e-16;-1.0;-0.8660254037844386;0.5000000000000001;0.7818314824680298;0.6234898018587336;124035;123980;124005;123890;123625;123770;123990;124255;124410;124145;123910;123810;124110;124080;123885;123765;123690;123520;123550;123650;123845;123975;124005;123885;123625;123770;123995;123925;2167118;3818098;2370258;1852039;1235105;1865060;1007730;673348;1078153;670232;508843;333796;482277;276233;5413.5;5422.5;5432.5;5434.0;5437.5;5450.5;5448.5;5422.5;5438.0;5443.0;5448.0;5452.0;5454.0;5454.0;5406.5;5408.5;5428.0;5431.5;5436.5;5444.5;5445.5;5422.5;5432.0;5434.5;5437.5;5450.5;5448.0;5451.5;562208;574584;401938;341673;219286;214573;156294;159452;152219;103918;81473;54119;54840;34810;0
2024-06-26;0.007175394042004273;0.7078651685393258;0.015369579396544144;1.2246467991473532e-16;-1.0;-0.743144825477394;0.6691306063588585;0.9749279121818236;-0.22252093395631434;124150;123255;123120;123205;123555;123860;123935;124225;123490;123515;123585;123960;123995;124200;123215;122860;123080;123095;123540;123720;123685;123260;123120;123200;123560;123865;123930;123695;2962107;3438436;2465185;1733804;1727639;1417395;1648881;879671;986848;693084;478114;453325;374636;420764;5467.5;5511.0;5511.0;5505.0;5509.0;5515.0;5513.0;5513.5;5521.5;5512.0;5509.5;5518.5;5518.5;5523.5;5460.0;5507.0;5497.0;5495.5;5508.0;5510.0;5509.5;5511.0;5510.5;5505.5;5509.0;5515.5;5513.0;5522.0;960868;631284;453704;272204;240715;175641;197435;253703;145785;108468;65355;54642;40106;43863;1
2024-06-27;0.0121627064035441;0.7880794701986755;0.014383724068001733;1.2246467991473532e-16;-1.0;-0.5877852522924734;0.8090169943749473;0.43388373911755823;-0.900968867902419;124050;124725;125245;124580;125085;124945;125330;125130;125315;125345;125120;125120;125375;125805;124050;124570;124550;124460;124845;124715;125135;124725;125250;124580;125085;124940;125335;125755;2759397;3689091;2761037;2021554;1196176;1802380;1798591;822717;1009903;702356;520245;314353;469290;469273;5523.0;5504.5;5519.0;5529.0;5531.5;5529.5;5516.0;5524.5;5523.0;5530.0;5540.0;5536.5;5532.5;5532.0;5484.0;5503.5;5511.0;5526.5;5527.0;5512.5;5494.0;5504.5;5518.5;5528.5;5531.5;5529.5;5516.0;5496.5;671098;555237;520484;424429;173216;283281;400770;198073;158281;124372;89767;39819;60523;96585;1
2024-06-28;0.015719467956469165;0.9153846153846154;0.027908363523487054;1.2246467991473532e-16;-1.0;-0.40673664307580015;0.913545457642601;-0.433883739117558;-0.9009688679024191;125835;125770;124880;125600;125510;125350;125475;126120;125950;125645;125750;125550;125655;125570;125495;124880;124700;125460;125155;125245;125020;125770;124885;125595;125505;125355;125475;125315;2506998;4038842;3402288;2146500;1485412;1279515;1643680;780312;1053152;823678;509757;366984;321683;407566;5509.0;5556.0;5599.0;5576.0;5579.5;5588.5;5593.5;5556.0;5599.5;5604.5;5580.0;5595.5;5596.5;5618.0;5502.0;5555.0;5570.5;5559.0;5574.0;5579.0;5593.0;5556.0;5599.5;5575.5;5579.5;5588.0;5593.0;5604.0;669081;763205;627631;458011;281677;221909;342373;194556;176866;136489;97975;63985;55642;79711;1
2024-07-01;0.011284618746771566;0.6338028169014085;0.02492961769146028;-0.4999999999999997;-0.8660254037844388;0.20129852008866006;0.9795299412524945;0.0;1.0;125600;125510;126160;126380;126360;126435;126495;126115;126560;126475;126715;126615;126515;126500;125305;125055;125665;126310;126205;126300;125960;125510;126160;126385;126360;126440;126495;126060;2707755;3892617;3242667;2043091;1674485;1366264;1758452;818609;1021719;871825;531669;428342;356378;451882;5600.0;5611.0;5595.5;5607.0;5607.5;5621.5;5623.5;5623.0;5619.5;5612.0;5610.0;5626.0;5628.0;5647.5;5587.5;5584.5;5587.0;5590.5;5604.0;5614.5;5623.0;5611.0;5595.0;5607.5;5607.5;5621.5;5623.5;5647.5;749452;507990;453066;317004;246031;174944;340444;215145;142682;112900;76345;61711;47642;82415;1
2024-07-02;0.01321656050955414;0.3885542168674699;0.024109759798599896;-0.4999999999999997;-0.8660254037844388;0.39435585511331855;0.9189578116202306;0.7818314824680298;0.6234898018587336;125700;126145;126820;126520;126240;125820;126040;126295;126910;126950;126675;126250;126155;126445;125545;125975;126230;126105;125650;125790;126025;126140;126815;126520;126235;125825;126035;126365;2665389;4405973;3289570;1798806;1834205;1306710;1190137;755632;1134599;881749;481471;484645;353540;314616;5674.5;5666.5;5673.5;5679.5;5693.0;5712.0;5712.0;5676.0;5690.5;5703.0;5702.0;5716.5;5717.0;5715.5;5646.0;5661.0;5665.5;5678.5;5693.0;5706.0;5688.0;5667.0;5674.0;5680.0;5693.5;5712.0;5711.5;5689.5;652071;731332;769819;330594;303824;257432;304483;177732;186969;189550;78118;72689;60763;72558;1
2024-07-03;0.011177406523468577;0.8398576512455516;0.03059875978448714;-0.4999999999999997;-0.8660254037844388;0.5712682150947923;0.8207634412072763;0.9749279121818236;-0.22252093395631434;126725;127010;127465;127710;127825;127840;127555;127120;127885;128000;127890;127975;127845;127760;126655;126975;127465;127330;127700;127430;127505;127010;127465;127710;127830;127840;127560;127670;2090453;3712580;2830143;1969447;1469775;1142543;843017;612912;976633;750996;509335;368960;284311;227650;5680.5;5637.5;5605.5;5591.5;5589.0;5559.0;5577.5;5685.5;5639.0;5605.5;5619.0;5592.5;5582.0;5589.5;5636.5;5594.0;5581.0;5587.5;5557.5;5558.5;5572.0;5637.5;5606.0;5591.5;5589.0;5559.0;5577.5;5573.0;640665;726685;635952;455234;427923;222019;220684;174193;174995;149734;105676;94357;55558;59725;0
2024-07-04;0.010613533241270467;1.0;0.038398432667365694;-0.4999999999999997;-0.8660254037844388;0.7247927872291199;0.6889669190756866;0.43388373911755823;-0.900968867902419;128000;128060;127615;127450;127695;127670;127580;128240;128065;127815;127805;127720;127730;127630;127720;127560;127370;127405;127425;127470;127375;128055;127615;127450;127690;127665;127580;127440;2209727;3057794;2641977;1341211;1092243;1071705;819568;691305;893930;717770;358699;284907;257775;201994;5529.0;5485.5;5493.5;5511.5;5516.5;5511.0;5502.0;5532.0;5497.0;5511.5;5516.5;5520.0;5515.0;5518.0;5483.0;5483.5;5487.5;5501.0;5510.0;5497.5;5498.0;5485.5;5493.5;5511.0;5516.5;5510.5;5502.0;5507.0;699071;414159;377211;239201;153806;152227;179844;202467;111816;99264;58313;37739;43029;47567;1
2024-07-05;0.006796875;0.26436781609195403;0.03325485401023943;-0.4999999999999997;-0.8660254037844388;0.8486442574947509;0.5289640103269624;-0.433883739117558;-0.9009688679024191;127600;127545;127080;127155;127385;127340;127475;128235;127955;127335;127535;127640;127500;127530;127200;126760;126910;127115;127165;127095;127105;127545;127085;127155;127380;127335;127475;127455;3057780;4143350;2279128;1484850;1317497;1213026;1221417;935588;1103050;619889;389228;347259;324232;320417;5485.0;5515.0;5541.0;5505.5;5496.5;5499.0;5482.0;5521.0;5550.0;5543.0;5510.0;5502.5;5501.0;5487.0;5479.5;5506.0;5505.0;5493.0;5486.5;5478.5;5474.0;5515.0;5541.0;5505.5;5496.5;5499.0;5482.5;5475.5;836336;648245;449453;280036;227856;218627;204091;242148;181500;120233;74467;59942;55918;56891;1
2024-07-08;0.011559561128526645;0.5694915254237288;0.030270244083616605;-0.4999999999999997;-0.8660254037844388;0.9987165071710528;-0.05064916883871264;0.0;1.0;127600;127365;127525;126900;127515;127390;127760;127700;127560;127680;127550;127675;127845;127810;127220;126790;126820;126835;127355;127305;127470;127370;127520;126895;127515;127395;127760;127620;2072422;3812054;2775470;2047936;1406948;1378972;1163024;615076;1061590;825322;615323;411338;393415;337691;5470.0;5488.5;5503.0;5492.5;5473.5;5479.5;5481.5;5496.0;5509.0;5509.0;5494.0;5481.5;5487.0;5492.5;5469.5;5487.5;5492.0;5472.0;5471.0;5475.5;5479.5;5488.0;5502.5;5492.5;5473.0;5479.5;5481.5;5490.5;499967;431124;375570;400850;148141;142622;135061;146286;120557;110505;101678;40551;40252;35563;1
2024-07-09;0.008268025078369906;0.8388625592417062;0.028140489046186802;-0.4999999999999997;-0.8660254037844388;0.9680771188662043;-0.2506525322587204;0.7818314824680298;0.6234898018587336;127675;127400;127765;127975;128250;128350;128340;127725;127900;128070;128275;128415;128535;128425;127150;127110;127535;127720;128195;128245;128245;127400;127770;127980;128250;128345;128335;128295;2221512;4090331;2552595;2005134;1562670;1446105;972797;675276;1135302;708233;526292;391273;356277;259614;5487.0;5469.5;5450.5;5453.0;5445.5;5439.0;5433.0;5492.0;5470.0;5463.5;5462.0;5446.0;5439.5;5433.5;5463.5;5447.5;5446.5;5444.0;5432.0;5428.0;5427.0;5469.5;5450.5;5452.5;5445.5;5439.0;5433.0;5430.0;516729;497825;395179;263980;249699;178714;112068;151231;134224;96408;62450;57150;43619;27561;1
2024-07-10;0.011670256510671627;1.016778523489933;0.03297281344049213;-0.4999999999999997;-0.8660254037844388;0.8978045395707416;-0.4403941515576344;0.9749279121818236;-0.22252093395631434;128625;128790;128260;128285;128330;128135;128315;129045;128990;128535;128450;128525;128360;128530;128420;128230;128100;128240;128085;128060;128185;128785;128265;128280;128335;128140;128315;128345;2736316;3719854;2607030;1368416;1508384;1516183;1264513;836218;1090202;740944;381965;396624;407505;330957;5419.0;5389.5;5413.0;5411.5;5415.5;5433.5;5428.5;5429.5;5415.0;5417.0;5418.0;5434.5;5439.0;5430.0;5384.0;5388.5;5403.0;5409.5;5412.0;5423.0;5418.5;5389.0;5413.5;5411.5;5415.5;5433.0;5428.5;5423.5;861898;506717;375577;144152;273965;323553;194163;225462;125123;94303;37124;61418;69399;45349;1
2024-07-11;0.007657920310981535;0.34517766497461927;0.028469130907539903;-0.4999999999999997;-0.8660254037844388;0.7907757369376989;-0.6121059825476626;0.43388373911755823;-0.900968867902419;128400;128795;129200;129240;129270;129195;129270;129200;129470;129385;129420;129355;129410;129395;128325;128770;128865;129110;129110;129105;129100;128795;129200;129235;129270;129195;129275;129350;2843265;3881639;3087016;1744177;1139634;1232468;1062432;851746;1090071;860101;487443;313207;334649;280874;5420.5;5417.5;5420.5;5437.0;5440.5;5456.5;5454.5;5435.5;5433.0;5446.5;5447.5;5466.5;5464.0;5458.0;5383.0;5393.5;5408.0;5433.5;5438.0;5447.0;5449.0;5417.0;5420.0;5436.5;5440.0;5457.0;5454.5;5450.0;806420;711898;604775;277847;328653;266265;166255;234018;191924;148101;67586;73893;60969;38388;1
2024-07-12;0.00926791277258567;0.9201680672268907;0.03329753811392461;-0.4999999999999997;-0.8660254037844388;0.6513724827222223;-0.7587581226927909;-0.433883739117558;-0.9009688679024191;129420;129445;129610;129635;129620;130005;130120;129700;129715;129870;129815;130040;130150;130145;129305;129065;129480;129525;129520;129910;129925;129445;129610;129635;129625;130005;130120;130090;2422211;4357303;2347865;1150984;1452126;1129113;1133610;739091;1159746;630279;300246;369009;284499;269915;5437.0;5445.0;5472.0;5472.0;5468.5;5447.5;5436.5;5447.5;5477.5;5475.0;5473.5;5470.0;5452.0;5450.0;5427.0;5441.0;5456.0;5463.0;5447.0;5433.5;5433.0;5445.5;5472.0;5472.0;5468.5;5447.0;5436.5;5443.0;607478;631938;394593;180366;224544;186660;220436;182347;181030;106512;45664;48757;44331;53387;0
2024-07-15;0.008383557409983;0.815668202764977;0.034014254994519606;-0.4999999999999997;-0.8660254037844388;0.10116832198743272;-0.994869323391895;0.0;1.0;129950;130060;129995;130175;130360;130310;130305;130200;130340;130320;130415;130530;130455;130570;129780;129750;129870;130015;130205;130200;130225;130065;129995;130170;130360;130310;130305;130550;1773962;3308298;2395270;1678926;1483405;1293611;1186877;559978;940575;648044;446067;400800;346688;294074;5465.0;5479.5;5474.5;5464.0;5450.5;5459.5;5462.0;5488.0;5483.5;5481.0;5465.5;5463.5;5470.0;5465.0;5449.5;5463.5;5459.0;5446.5;5440.0;5459.0;5449.5;5479.5;5474.5;5464.0;5450.5;5459.5;5462.5;5453.0;547928;508143;331917;193312;300070;213097;160815;162992;157834;88897;51186;73145;56012;42868;0
2024-07-16;0.006310119276644864;0.5487804878048781;0.0320350987052002;-0.4999999999999997;-0.8660254037844388;-0.10116832198743204;-0.9948693233918952;0.7818314824680298;0.6234898018587336;130200;130195;130255;130300;129905;129955;130135;130565;130565;130345;130415;130090;130265;130380;130130;130115;130055;129840;129730;129870;129985;130195;130260;130300;129905;129955;130135;130050;2256608;3359176;2346941;1981730;1661916;1473350;1303894;673972;912224;625096;515796;427087;369030;320547;5446.5;5445.5;5423.0;5426.5;5466.0;5459.5;5441.5;5450.5;5447.0;5436.5;5470.0;5472.0;5465.0;5442.0;5430.5;5415.0;5421.5;5422.5;5456.5;5438.5;5431.5;5445.0;5422.5;5427.0;5466.0;5460.0;5441.5;5438.5;666962;609574;342204;450521;318527;340215;187803;201227;169974;92911;104380;77198;79553;44829;1
2024-07-17;0.00641321044546851;0.2994011976047904;0.026671906131951587;-0.4999999999999997;-0.8660254037844388;-0.2993631229733582;-0.9541392564000488;0.9749279121818236;-0.22252093395631434;129980;130045;130235;130360;130325;130415;130395;130130;130360;130525;130595;130430;130580;130575;129790;129670;129900;130240;130135;130295;130295;130045;130235;130365;130330;130415;130390;130475;1885397;3517588;2559842;1471436;1205541;1292844;1093190;545445;984613;692442;388466;310133;349227;287315;5450.0;5463.0;5475.5;5472.5;5485.0;5488.5;5483.5;5464.5;5484.0;5484.5;5488.5;5495.5;5491.0;5495.5;5443.0;5462.5;5467.5;5469.5;5483.5;5480.5;5479.0;5463.0;5475.0;5472.5;5485.0;5489.0;5483.5;5495.5;534183;654141;420584;280135;264201;201978;239635;155072;164979;104383;67823;57441;50586;51886;0
2024-07-18;0.007116479458378212;0.6;0.025543090922693464;-0.4999999999999997;-0.8660254037844388;-0.4853019625310808;-0.8743466161445822;0.43388373911755823;-0.900968867902419;130225;129965;129610;129205;129140;128965;128840;130465;130110;129685;129310;129205;128965;128850;129935;129485;129145;129040;128865;128735;128485;129965;129610;129210;129145;128960;128840;128620;1813732;3402089;2765807;1472662;1430253;1169778;1694557;536196;994046;749887;390951;367693;304840;411803;5492.5;5544.5;5544.5;5553.0;5548.5;5572.0;5576.0;5547.5;5557.0;5561.0;5557.5;5577.5;5580.0;5595.0;5489.0;5541.0;5541.0;5547.0;5546.0;5571.0;5575.5;5544.5;5545.0;5553.0;5549.0;5572.0;5575.5;5584.5;775765;544427;427245;186911;341612;231020;378143;209033;145714;111763;47245;76529;54264;82297;0
2024-07-19;0.01601075062392014;0.31654676258992803;0.013354065313590834;-0.4999999999999997;-0.8660254037844388;-0.651372482722222;-0.7587581226927911;-0.433883739117558;-0.9009688679024191;129040;128685;129000;128795;128695;128735;128740;129355;129280;129225;128895;128780;128880;128745;128530;128610;128625;128475;128615;128575;128245;128685;129000;128790;128700;128730;128740;128280;1436790;1869305;1241239;1188899;858520;1139725;1380852;440608;585960;381835;308322;211731;274191;329743;5548.0;5556.0;5551.0;5558.0;5565.0;5585.5;5585.5;5561.0;5577.5;5566.5;5582.0;5591.0;5589.0;5608.5;5529.5;5540.5;5542.0;5557.5;5562.5;5577.0;5585.5;5556.0;5551.0;5557.5;5565.0;5586.0;5586.0;5606.5;449909;441011;272674;228376;270554;243808;270911;129734;118157;70274;55339;65015;62710;63435;1
2024-07-22;0.011275573465592064;0.3436426116838488;0.006466784244562022;-0.4999999999999997;-0.8660254037844388;-0.9680771188662041;-0.2506525322587213;0.0;1.0;128400;128360;128290;128840;128825;128855;128830;128595;128690;128860;128910;128900;128950;128875;128135;128180;128210;128460;128700;128790;128635;128360;128295;128845;128825;128850;128835;128710;1992278;3042321;2398166;1660630;1007213;942372;980016;645324;880476;643797;419554;258952;229401;239653;5600.0;5579.5;5568.0;5560.0;5555.0;5553.5;5560.0;5617.5;5583.5;5575.0;5567.5;5559.5;5561.5;5580.5;5577.0;5565.0;5555.5;5553.0;5542.0;5550.5;5559.0;5579.0;5567.5;5560.0;5555.5;5553.5;5560.5;5576.0;738422;480016;391530;296582;292149;174222;278964;223397;135834;104407;73399;69977;44183;67958;1
2024-07-23;0.006347352024922119;0.4049079754601227;0.005221140434788563;-0.4999999999999997;-0.8660254037844388;-0.9987165071710528;-0.05064916883871355;0.7818314824680298;0.6234898018587336;128465;128255;127775;127760;127755;127615;127380;128505;128275;127995;127945;127795;127680;127405;128195;127635;127685;127655;127525;127340;127265;128260;127775;127760;127755;127610;127375;127310;1785287;3087422;2399098;1298743;1250976;1454561;1051530;507662;783080;604625;322664;305531;349118;234549;5589.5;5595.5;5598.5;5571.0;5574.0;5584.5;5601.0;5613.0;5608.5;5600.0;5583.5;5594.5;5602.5;5603.0;5582.0;5587.0;5564.0;5568.5;5572.5;5576.5;5593.0;5595.0;5598.5;5570.5;5574.0;5584.5;5601.5;5598.0;734223;607031;670106;329028;296826;331262;214289;205088;167311;164197;75374;69841;79681;47366;0
2024-07-24;0.014050519596777332;0.16897506925207756;-0.007286775352760826;-0.4999999999999997;-0.8660254037844388;-0.9884683243281114;0.15142777750457667;0.9749279121818236;-0.22252093395631434;127005;127090;127040;127395;127275;127230;127090;127165;127355;127420;127475;127380;127375;127110;126855;126845;126965;127265;127130;127070;126860;127090;127045;127395;127280;127230;127090;127065;1573538;3313750;2218873;1184469;1096957;1071519;1548931;445279;852244;573941;303311;270741;256682;354634;5605.0;5632.5;5645.0;5621.5;5640.5;5631.5;5641.0;5643.5;5653.0;5647.0;5641.0;5648.0;5642.0;5666.0;5602.0;5630.5;5620.0;5609.0;5623.5;5625.5;5641.0;5632.5;5645.0;5622.0;5640.5;5632.0;5641.0;5663.5;685409;624530;458340;433920;309544;252201;382402;202858;165556;125207;111890;81457;65246;89866;1
2024-07-25;0.004960434628557931;-0.15873015873015872;-0.010415446716479673;-0.4999999999999997;-0.8660254037844388;-0.9377521321470804;0.3473052528448203;0.43388373911755823;-0.900968867902419;126745;126640;126445;126575;126610;126785;126785;126780;126845;126700;126695;126840;126875;126825;126345;126185;126300;126515;126405;126535;126465;126640;126445;126575;126615;126785;126785;126565;2231451;2972401;2146258;1109496;1182844;1232157;1281421;656952;826319;591766;286933;309983;317775;330258;5691.0;5645.0;5655.5;5647.0;5630.0;5629.5;5639.5;5699.5;5657.0;5668.0;5650.5;5639.5;5648.5;5659.0;5639.0;5636.5;5644.5;5630.0;5623.5;5627.0;5634.5;5644.5;5655.5;5647.5;5630.5;5629.5;5639.5;5654.5;916541;595921;550869;267880;248724;311086;335238;258697;170413;153303;70327;65718;78750;84029;1
2024-07-26;0.0054440017357686695;1.326086956521739;-0.007914825858220023;-0.4999999999999997;-0.8660254037844388;-0.848644257494751;0.5289640103269624;-0.433883739117558;-0.9009688679024191;127100;126860;126830;127110;127465;127790;127890;127100;126915;127210;127495;127820;127990;128300;126685;126600;126760;127110;127455;127755;127875;126860;126830;127115;127465;127790;127895;128070;1647781;2402814;2349520;1448946;1135725;1288396;1613727;477057;653532;622067;365660;276236;307444;373322;5620.5;5630.0;5644.0;5660.0;5660.0;5657.5;5671.5;5655.0;5654.5;5662.0;5669.5;5665.0;5676.0;5672.0;5619.5;5626.0;5634.0;5652.5;5656.5;5655.5;5661.5;5630.0;5643.5;5660.0;5660.0;5657.5;5671.5;5670.5;766679;646903;581856;330439;169681;287220;185736;213621;173592;146280;80803;44204;68772;45119;1
2024-07-29;0.013965381589299764;0.8535211267605634;-0.001153879138956675;-0.4999999999999997;-0.8660254037844388;-0.3943558551133187;0.9189578116202306;0.0;1.0;128115;128080;127495;127205;127270;127370;127495;128320;128185;127555;127305;127465;127560;127550;127905;127430;127140;127120;127230;127225;127360;128075;127495;127205;127270;127370;127495;127490;1608633;2928404;1865412;1230621;1072066;1199051;966863;459894;744019;461585;293375;253892;287145;237000;5666.5;5648.5;5649.0;5665.0;5655.0;5643.5;5633.5;5667.0;5654.0;5667.5;5671.0;5656.0;5652.0;5638.0;5635.0;5636.5;5645.0;5654.0;5635.5;5630.5;5628.5;5649.0;5649.5;5665.5;5655.0;5644.0;5633.5;5635.0;592236;539282;428756;351082;318916;284051;195778;166156;158063;105794;81434;74839;66504;46420;1
2024-07-30;0.009366584709050463;0.3333333333333333;-0.006518940375165311;-0.4999999999999997;-0.8660254037844388;-0.20129852008866114;0.9795299412524943;0.7818314824680298;0.6234898018587336;127520;127005;126860;126890;126645;126560;126630;127665;127105;127065;126900;126775;126650;126755;126965;126720;126675;126605;126540;126425;126605;127000;126860;126890;126645;126555;126630;126735;1682719;2396938;2256406;1338831;928838;1292550;799490;452973;612241;573652;324707;228099;317360;194614;5617.0;5657.5;5655.5;5641.5;5656.5;5649.5;5625.5;5658.5;5664.5;5663.0;5657.0;5657.0;5650.5;5629.5;5613.0;5643.5;5633.0;5636.0;5646.0;5624.5;5622.5;5657.5;5655.5;5641.0;5656.5;5650.0;5625.5;5626.5;544842;604999;553282;316364;196787;280740;161006;157455;161229;147470;81231;47510;64473;45540;1
2024-07-31;0.00972396486825596;0.7862903225806451;-0.007620060251639199;-0.4999999999999997;-0.8660254037844388;-2.4492935982947064e-16;1.0;0.9749279121818236;-0.22252093395631434;127400;127290;127615;127670;127790;128175;127945;127640;128050;127930;127865;128240;128235;128270;127055;127180;127585;127620;127780;127865;127735;127290;127610;127665;127790;128175;127945;128210;1855365;3003786;1650554;911114;1167624;1013613;1777764;534235;790904;416327;230751;277340;238657;450985;5627.0;5691.5;5669.0;5672.5;5681.0;5669.0;5677.5;5692.5;5702.0;5676.5;5682.5;5682.0;5695.0;5686.5;5621.5;5659.0;5648.0;5660.0;5664.0;5665.5;5646.0;5692.0;5668.5;5672.0;5681.0;5668.5;5677.5;5654.5;865346;799904;545561;396758;276138;216847;469728;248066;207188;137490;87669;65806;60457;123800;0
2024-08-01;0.009733124018838305;0.7459677419354839;-0.0032981967002457097;-0.8660254037844384;-0.5000000000000004;0.20129852008866006;0.9795299412524945;0.43388373911755823;-0.900968867902419;127980;128560;129040;128660;128145;127980;128085;128635;129100;129325;128675;128270;128200;128105;127715;128520;128635;128140;127840;127850;127525;128555;129040;128655;128150;127980;128085;127550;2055318;2690095;2452357;1916302;1871039;1372207;1500806;592322;669720;613639;445037;462164;341764;369169;5690.5;5689.0;5660.0;5683.5;5713.0;5740.0;5742.0;5713.0;5695.0;5689.0;5714.5;5752.0;5755.0;5762.0;5679.5;5657.5;5651.0;5678.0;5712.5;5734.5;5741.5;5689.0;5660.5;5683.5;5713.0;5740.5;5742.0;5761.0;914754;659444;566270;384245;579887;390344;334737;276417;182562;147406;101430;134356;92873;78732;1
2024-08-02;0.014142834817940304;-0.11049723756906077;-0.008544745536348751;-0.8660254037844384;-0.5000000000000004;0.39435585511331855;0.9189578116202306;-0.433883739117558;-0.9009688679024191;127315;127720;127210;126665;126545;126515;126375;127950;128430;127485;126760;126605;126670;126540;127100;127120;126655;126430;126310;126270;126250;127720;127215;126670;126545;126510;126375;126300;2857650;3678593;2524364;1527198;1201574;1272145;1109250;836922;974467;698793;426923;344331;358891;311031;5778.0;5772.5;5735.0;5766.5;5755.0;5731.5;5734.5;5811.5;5777.0;5767.5;5771.5;5758.5;5739.0;5746.0;5759.0;5723.0;5728.0;5750.5;5731.0;5716.5;5722.0;5772.5;5735.0;5766.5;5754.5;5731.5;5734.5;5745.0;1115189;1022512;605463;382416;296446;333266;304659;334654;282999;163819;107207;81269;90683;82445;0
2024-08-05;0.01837960962965872;-0.9829059829059829;-0.03562553072146958;-0.8660254037844384;-0.5000000000000004;0.8486442574947509;0.5289640103269624;0.0;1.0;123790;123390;124300;124575;124850;125035;125305;124080;124400;124875;125145;125265;125610;125480;123130;123290;123980;124350;124830;125010;125070;123390;124300;124580;124855;125030;125305;125200;3180907;3954270;2845989;2046823;1574419;1911556;1403584;1048128;1163999;827358;558104;414095;494800;378200;5880.0;5795.0;5819.0;5792.0;5767.5;5766.0;5742.5;5883.0;5824.5;5823.0;5795.0;5772.0;5767.0;5758.0;5791.0;5778.5;5787.5;5761.0;5747.0;5730.0;5733.5;5794.5;5819.5;5791.5;5767.5;5765.5;5743.0;5757.0;1124048;720615;643671;444958;358113;380653;302998;400363;236818;192232;125381;102395;110089;87200;1
2024-08-06;0.02791017044995557;0.8451519536903039;-0.017416401467834127;-0.8660254037844384;-0.5000000000000004;0.9377521321470804;0.3473052528448203;0.7818314824680298;0.6234898018587336;126050;125520;125810;125525;126005;126300;126605;126055;126030;125995;126040;126465;126770;127240;125345;125470;125505;125515;126005;126255;126585;125520;125815;125525;126000;126300;126610;126985;2289064;3921209;2603851;1673631;1688412;1452391;1661166;690527;1153791;754032;475803;451145;379773;412101;5728.5;5687.0;5679.0;5681.0;5657.5;5664.5;5663.5;5729.5;5696.5;5689.5;5690.5;5667.0;5670.0;5669.0;5675.0;5662.0;5666.5;5655.5;5646.5;5655.0;5656.5;5687.0;5679.0;5680.5;5658.0;5665.0;5663.5;5667.5;1029147;937784;638161;418236;385265;294131;220497;302890;252260;166655;113674;94835;75215;56044;0
2024-08-07;0.01503371677905593;0.820580474934037;-0.009924164404082015;-0.8660254037844384;-0.5000000000000004;0.9884683243281114;0.1514277775045767;0.9749279121818236;-0.22252093395631434;126900;127365;127565;127170;127415;127005;127070;127640;127660;127565;127420;127415;127170;127330;126705;127055;126915;127015;126975;126835;126850;127360;127560;127170;127410;127005;127075;127305;2241807;3555903;2560303;1587628;1356554;1754032;1634357;663140;1062729;741707;451424;376520;496200;455835;5632.0;5639.0;5617.5;5626.5;5615.0;5626.5;5626.5;5655.0;5639.5;5641.5;5627.5;5631.5;5632.5;5647.0;5622.5;5611.5;5616.5;5611.5;5614.5;5616.0;5626.0;5639.0;5618.0;5626.5;5615.0;5626.0;5626.5;5639.5;872843;677014;482761;337349;228329;274687;318141;268367;194315;131020;88556;60302;72690;84959;1
2024-08-08;0.00929866036249015;0.5889830508474576;-0.005837000967631177;-0.8660254037844384;-0.5000000000000004;0.9987165071710528;-0.05064916883871264;0.43388373911755823;-0.900968867902419;127400;127605;128370;128590;128815;128735;128755;127950;128410;128720;128865;128830;128905;128975;127395;127600;128325;128520;128665;128610;128715;127605;128370;128595;128815;128735;128755;128840;2312031;3476705;1965277;1285777;867780;1139924;1262123;670614;958902;493486;327867;223270;287123;316228;5646.0;5663.5;5632.0;5623.5;5616.0;5604.0;5602.0;5670.0;5664.0;5637.0;5631.0;5616.5;5610.0;5606.5;5639.0;5631.5;5616.5;5613.5;5599.0;5594.0;5578.0;5663.5;5631.5;5623.0;5616.0;5604.5;5602.0;5584.0;834072;792100;502850;339598;306282;233607;318062;261548;221859;130104;83186;73223;60801;77325;0
2024-08-09;0.01467817896389325;0.7700534759358288;0.00548260589624022;-0.8660254037844384;-0.5000000000000004;0.9680771188662043;-0.2506525322587204;-0.433883739117558;-0.9009688679024191;128835;129530;129330;129790;129855;130230;130570;129620;129765;129840;130040;130245;130870;130715;128635;129135;129160;129780;129850;130220;130470;129525;129325;129790;129855;130225;130570;130625;2284625;3141760;2369683;1372011;1165991;1979881;1067367;644981;833967;627253;350198;291836;457985;263535;5548.0;5527.5;5530.5;5509.0;5523.5;5522.0;5521.0;5567.5;5546.0;5538.0;5525.5;5527.5;5525.0;5533.0;5517.5;5517.5;5505.5;5506.5;5515.5;5504.0;5516.5;5527.5;5530.5;5508.5;5523.5;5522.0;5521.0;5521.0;862060;675450;605852;328529;161856;288561;261398;261597;178262;150575;80012;39209;73917;62317;1
2024-08-12;0.01963752086001475;0.9347826086956522;0.022036192564101564;-0.8660254037844384;-0.5000000000000004;0.6513724827222223;-0.7587581226927909;0.0;1.0;131000;131680;131360;131615;131635;131685;131455;131750;131820;131665;131685;131805;131690;131495;130905;131290;131305;131345;131570;131350;131220;131675;131365;131620;131635;131685;131450;131450;2189918;2829254;1689845;1584696;1148493;1135064;1366146;626120;825092;487802;438765;309740;290258;335881;5519.5;5499.5;5511.0;5495.5;5518.0;5509.0;5519.5;5520.0;5514.0;5512.0;5535.5;5528.0;5529.5;5525.5;5492.5;5483.5;5489.5;5494.5;5503.0;5508.5;5509.5;5499.5;5510.5;5496.0;5518.0;5508.5;5519.0;5510.5;709109;735725;487153;473056;334226;276827;201974;215623;210254;130537;119202;79265;68580;54155;0
2024-08-13;0.006984732824427481;0.6721311475409836;0.02573701450631727;-0.8660254037844384;-0.5000000000000004;0.48530196253108104;-0.8743466161445821;0.7818314824680298;0.6234898018587336;131520;131915;132170;132205;132000;132315;132330;132300;132270;132340;132290;132465;132540;132520;131480;131820;132000;131980;131985;132210;132325;131915;132170;132210;132000;132310;132330;132460;2394349;2825326;1997185;1030082;1515108;1764244;957442;679876;762025;523204;234830;350857;434418;246112;5484.0;5498.0;5502.5;5497.0;5498.5;5480.5;5474.0;5508.0;5513.5;5510.5;5503.0;5500.0;5489.0;5475.5;5477.0;5492.0;5488.0;5491.0;5480.5;5467.5;5464.5;5497.5;5502.5;5496.5;5498.5;5481.0;5474.0;5468.0;817575;713199;517597;206968;193310;360012;170032;226815;181140;122322;51829;43962;82238;45392;1
2024-08-14;0.00851581508515815;2.8482142857142856;0.049377304790457655;-0.8660254037844384;-0.5000000000000004;0.29936312297335804;-0.9541392564000488;0.9749279121818236;-0.22252093395631434;134670;134795;134970;135065;135330;135395;135765;135005;135180;135170;135360;135420;135805;136010;134480;134530;134840;134970;135175;135350;135725;134800;134970;135060;135330;135395;135760;135935;1861957;2889359;1446902;1210757;1168608;1613574;1084295;596532;859256;415395;320194;307063;408216;277939;5457.0;5455.5;5458.5;5451.0;5467.5;5485.0;5483.0;5470.0;5474.5;5464.0;5469.0;5489.5;5497.0;5489.5;5436.5;5453.0;5442.5;5447.5;5465.5;5481.0;5474.0;5455.5;5459.0;5450.5;5467.5;5485.0;5482.5;5478.5;811405;704842;456993;263449;340616;244689;199945;244340;188476;122220;68433;85731;64855;47041;0
2024-08-15;0.011361104923145467;0.6078431372549019;0.05311868097682377;-0.8660254037844384;-0.5000000000000004;0.10116832198743272;-0.994869323391895;0.43388373911755823;-0.900968867902419;135410;135830;136115;136375;136580;136620;136595;135895;136275;136410;136620;136770;136740;136655;135355;135630;136020;136345;136545;136525;136250;135830;136110;136375;136575;136615;136595;136345;2483995;2857300;1683246;1184943;985340;1034146;1684390;715250;790978;421042;279160;226890;242422;403070;5478.5;5476.5;5465.5;5483.0;5472.0;5476.0;5491.5;5497.0;5494.5;5485.5;5483.5;5478.5;5492.0;5505.0;5463.0;5463.0;5465.0;5460.5;5465.5;5475.5;5487.5;5476.5;5465.0;5483.0;5471.5;5476.0;5491.5;5493.0;772617;587316;348566;265229;143614;235257;286568;211277;161270;95462;69189;37738;57975;69157;0
2024-08-16;0.010449745218226128;0.5971731448763251;0.05631549863791917;-0.8660254037844384;-0.5000000000000004;-0.10116832198743204;-0.9948693233918952;-0.433883739117558;-0.9009688679024191;136200;136975;136870;136410;136455;136620;136275;137050;137010;136950;136510;136730;136650;136320;136120;136750;136280;136260;136415;136145;136030;136975;136870;136405;136450;136615;136275;136195;1996597;2183705;2407646;1242533;1235142;1401299;1167306;573533;583823;618984;304285;301652;339395;278891;5486.0;5450.5;5464.0;5488.5;5484.5;5478.0;5481.5;5493.0;5470.5;5495.0;5492.0;5485.5;5490.0;5490.0;5446.0;5445.5;5461.5;5483.0;5473.0;5476.5;5476.0;5450.5;5463.5;5489.0;5485.0;5478.0;5481.5;5478.0;718385;477536;515253;193506;197565;176183;168014;198744;129503;132834;45582;45416;45929;40020;1
2024-08-19;0.007488986784140969;0.31862745098039214;0.05412279481113843;-0.8660254037844384;-0.5000000000000004;-0.651372482722222;-0.7587581226927911;0.0;1.0;136355;136635;137295;137435;137720;137895;138155;136775;137345;137500;137805;137945;138395;138255;136325;136615;137240;137365;137700;137880;137950;136640;137290;137440;137720;137895;138155;138025;1711941;2936843;1838406;1347449;1078064;1716294;1122634;503497;783168;458492;321189;252880;382613;265111;5480.0;5464.5;5438.5;5419.0;5413.0;5411.5;5395.0;5481.5;5465.5;5443.5;5426.5;5430.0;5412.5;5415.0;5458.0;5435.5;5412.5;5409.5;5409.0;5391.0;5384.0;5464.5;5438.5;5419.0;5413.5;5411.5;5394.5;5412.5;572137;670911;567456;313844;277374;382401;351177;166142;182071;138974;70226;71324;90150;78270;1
2024-08-20;0.015180961460892524;0.8333333333333334;0.06334222982210874;-0.8660254037844384;-0.5000000000000004;-0.7907757369376986;-0.6121059825476627;0.7818314824680298;0.6234898018587336;138050;138200;137705;137710;137930;138135;138310;138215;138305;137730;138010;138400;138325;138475;137605;137570;137405;137665;137895;137985;138270;138200;137705;137705;137930;138140;138305;138320;2291113;3360870;1802008;1478822;1523898;1398459;1199284;655528;907813;468194;382286;367166;336057;284149;5446.0;5450.5;5445.0;5468.5;5479.5;5487.5;5493.0;5469.0;5464.0;5476.0;5483.0;5489.0;5499.0;5499.0;5440.5;5443.0;5443.5;5468.5;5477.0;5485.5;5484.5;5450.5;5445.0;5468.0;5479.5;5487.5;5493.0;5489.5;841206;558286;514606;296239;243877;279249;260110;233081;158152;129802;71904;60334;64297;64145;0
2024-08-21;0.008149221296631655;1.0533333333333332;0.06278229795326795;-0.8660254037844384;-0.5000000000000004;-0.8978045395707417;-0.44039415155763423;0.9749279121818236;-0.22252093395631434;138590;138660;138840;138505;138375;138380;138380;138835;139085;138915;138670;138535;138570;138840;138550;138505;138415;138330;138305;138260;138375;138655;138835;138505;138375;138385;138380;138685;1402696;3030301;2449673;1173582;1045415;1170227;1657926;418270;825254;669621;306371;269822;308313;431174;5478.5;5479.0;5475.5;5482.5;5480.5;5497.5;5507.0;5491.0;5486.0;5488.0;5485.0;5501.0;5516.0;5508.5;5464.0;5466.5;5465.0;5468.0;5477.0;5497.5;5481.0;5479.5;5476.0;5482.5;5480.5;5497.5;5507.0;5482.5;614596;584861;575250;276092;247769;354369;427586;190650;167142;162735;72828;63340;89664;102989;0
2024-08-22;0.005952810448084277;0.5636363636363636;0.059123078919843336;-0.8660254037844384;-0.5000000000000004;-0.9680771188662041;-0.2506525322587213;0.43388373911755823;-0.900968867902419;138725;138170;137720;137645;137080;137095;136850;138730;138340;137880;137725;137250;137225;137205;138120;137640;137470;137025;137000;136760;136740;138170;137715;137640;137080;137095;136850;137105;2169104;2885681;1965106;1824956;1089639;1974282;1500494;618942;783446;527394;457584;278632;485551;373980;5490.0;5549.5;5552.0;5559.5;5574.5;5575.0;5584.0;5551.5;5565.0;5569.5;5580.5;5587.5;5586.5;5603.0;5485.5;5535.5;5545.5;5555.0;5574.0;5553.5;5577.0;5550.0;5552.5;5559.5;5574.5;5574.5;5584.0;5600.0;822823;692727;494702;365113;230596;436135;428350;231407;177786;128513;86088;56002;110612;108782;1
2024-08-23;0.014344927013876374;0.5125628140703518;0.047457201838524615;-0.8660254037844384;-0.5000000000000004;-0.9987165071710528;-0.05064916883871355;-0.433883739117558;-0.9009688679024191;137760;137660;137485;138325;138205;138195;138175;137910;137910;138345;138485;138390;138225;138265;137475;137320;137435;138150;138025;138070;138005;137655;137485;138325;138205;138195;138180;138045;2135640;2641690;2945778;1447890;1369461;729725;776838;613876;727443;817394;367826;353534;197725;204435;5589.0;5571.5;5559.0;5505.5;5517.5;5498.5;5497.0;5589.0;5577.5;5561.5;5520.5;5517.5;5511.5;5500.5;5563.0;5554.5;5496.0;5497.5;5488.0;5495.0;5484.0;5571.5;5559.0;5505.5;5517.0;5498.0;5497.0;5485.0;626315;472603;889588;313860;262442;230833;208972;194621;135801;238166;78555;70134;59419;55233;0
2024-08-26;0.008456736353077816;0.5536480686695279;0.045232945312115275;-0.8660254037844384;-0.5000000000000004;-0.848644257494751;0.5289640103269624;0.0;1.0;137965;138290;138545;138440;138495;138665;138745;138380;138670;138790;138550;138815;138950;138830;137770;137785;138355;138150;138415;138625;138625;138290;138545;138440;138495;138670;138740;138820;1792597;3621639;2031632;1551557;1055642;1494270;942266;531853;1015279;562537;412665;276456;371085;239875;5496.5;5490.5;5488.5;5499.0;5503.0;5496.0;5486.0;5504.5;5508.5;5503.5;5517.0;5505.0;5496.0;5492.0;5474.5;5482.0;5484.5;5495.5;5488.5;5480.5;5478.5;5490.5;5488.0;5499.5;5503.0;5496.0;5486.0;5488.5;665349;579414;392552;307176;177842;248403;211230;213192;171472;113622;85737;49936;65146;53871;1
2024-08-27;0.008552893849889465;0.8305084745762712;0.046812315039580825;-0.8660254037844384;-0.5000000000000004;-0.72479278722912;0.6889669190756865;0.7818314824680298;0.6234898018587336;138750;138950;138670;138890;138725;138665;138825;139065;138965;139070;139060;138785;138895;138950;138650;138460;138535;138695;138605;138645;138785;138950;138665;138890;138725;138665;138825;138835;2084239;3283236;2171643;1434519;843327;1098685;695016;640419;866077;555555;356657;205562;260820;166726;5484.0;5493.0;5498.5;5499.0;5507.5;5506.5;5502.0;5513.5;5507.0;5501.5;5522.0;5513.0;5516.5;5507.0;5479.0;5490.5;5487.0;5491.5;5500.5;5500.5;5496.5;5493.5;5498.5;5498.5;5507.5;5506.5;5502.0;5503.5;693171;502203;349132;356728;185523;194347;155478;222645;151923;93284;90001;54622;58861;44751;0
2024-08-28;0.004396396396396396;-0.32786885245901637;0.038525963149078725;-0.8660254037844384;-0.5000000000000004;-0.5712682150947924;0.8207634412072763;0.9749279121818236;-0.22252093395631434;138260;137960;137840;138450;138510;138550;138595;138380;138115;138610;138585;138675;138805;139015;137940;137520;137810;138155;138275;138525;138495;137960;137835;138450;138510;138555;138590;138980;1668744;3471648;2486381;1501259;1450657;1360269;1649723;502401;915824;617850;367554;353497;321350;371866;5513.5;5542.0;5532.0;5528.0;5538.0;5543.5;5545.0;5547.5;5542.0;5537.0;5546.0;5554.0;5551.5;5556.0;5513.0;5522.0;5516.0;5522.5;5536.5;5539.0;5532.0;5542.0;5532.0;5527.5;5537.5;5543.0;5545.5;5549.5;601781;578816;402600;310296;249010;192478;285732;193963;166884;113241;84389;69534;60269;81075;1
2024-08-29;0.012729639809055403;1.0198863636363635;0.042121719876724216;-0.8660254037844384;-0.5000000000000004;-0.3943558551133187;0.9189578116202306;0.43388373911755823;-0.900968867902419;139315;138865;138405;137990;137745;137640;137875;139425;138870;138460;138010;137825;137905;138070;138830;138120;137825;137700;137510;137540;137640;138865;138405;137995;137750;137640;137870;137890;1578118;3333875;2590327;1433380;1436585;1197298;1567256;458700;829224;618161;337429;342120;281861;362114;5559.5;5603.5;5641.5;5639.0;5637.0;5634.5;5621.5;5605.0;5647.0;5664.5;5654.5;5649.0;5637.5;5630.0;5557.0;5603.0;5636.0;5634.5;5632.0;5614.5;5619.0;5603.0;5641.5;5639.0;5637.5;5635.0;5621.5;5623.0;630123;726236;594711;348551;290863;281455;260662;201684;210975;159307;106084;90284;84882;75841;0
2024-08-30;0.014535405376305495;0.19753086419753085;0.02703991891005575;-0.8660254037844384;-0.5000000000000004;-0.20129852008866114;0.9795299412524943;-0.433883739117558;-0.9009688679024191;137800;136945;136980;137650;137355;136885;137070;137975;137170;137860;137860;137445;137155;137155;136855;136500;136930;137345;136815;136870;136945;136945;136980;137655;137355;136885;137065;137000;2503860;3054197;3129299;1684295;1394957;1055162;753741;717183;832337;825289;428612;353200;280441;195632;5596.0;5671.5;5682.5;5685.0;5637.5;5671.0;5673.0;5686.5;5709.5;5703.0;5685.5;5672.0;5686.5;5678.0;5590.0;5667.5;5649.0;5627.5;5634.0;5651.5;5657.0;5671.0;5682.5;5685.0;5637.5;5671.5;5672.5;5667.0;953460;809286;794276;586919;373815;213314;168166;282905;225356;216517;144607;100417;67086;50984;1
2024-09-02;0.01806966618287373;0.30120481927710846;0.018670051100497645;-1.0;-1.8369701987210297e-16;0.40673664307580015;0.9135454576426009;0.0;1.0;137250;137090;136320;136390;136455;136555;136655;137485;137325;136570;136590;136580;136945;136660;137000;136260;136125;136340;136295;136490;136450;137090;136320;136395;136460;136555;136655;136475;1935564;3048900;2051064;959381;754532;1187346;632060;603440;854251;534002;249145;199291;320509;171885;5642.5;5639.0;5657.5;5655.5;5633.5;5636.5;5631.0;5662.5;5672.5;5677.5;5657.0;5641.5;5644.5;5642.0;5630.0;5632.5;5653.0;5633.5;5624.5;5620.5;5628.5;5639.0;5657.5;5655.5;5633.5;5636.0;5631.0;5639.5;753530;515066;340060;274701;190287;167989;97182;248977;168772;108957;81612;61127;54959;31655;0
2024-09-03;0.009908925318761384;-0.3161764705882353;0.003362534452576064;-1.0;-1.8369701987210297e-16;0.5877852522924731;0.8090169943749475;0.7818314824680298;0.6234898018587336;135695;136375;136070;136130;135905;135990;136105;136555;136590;136555;136310;136210;136430;136170;135600;135905;135795;135895;135900;135980;135940;136370;136070;136130;135900;135990;136105;136035;2401480;3487945;2988172;1529812;1110683;1449238;1111638;681982;912813;780346;405534;282593;359180;287004;5656.0;5603.0;5644.0;5649.0;5666.5;5655.0;5658.5;5657.0;5647.0;5669.0;5667.5;5667.0;5662.0;5661.0;5595.0;5592.0;5637.0;5647.0;5650.0;5648.5;5649.5;5603.0;5644.0;5649.0;5666.5;5655.0;5658.0;5658.0;752621;700499;633980;284101;185734;176050;176307;235656;207814;191338;83217;57023;55504;48027;0
2024-09-04;0.0072957736099340436;0.2828282828282828;0.001033227186583149;-1.0;-1.8369701987210297e-16;0.7431448254773941;0.6691306063588582;0.9749279121818236;-0.22252093395631434;135880;136520;137640;138400;138095;137955;137770;136685;137765;138460;138425;138115;137985;137920;135755;136415;137480;138090;137915;137655;137690;136520;137635;138395;138100;137955;137770;137770;2213408;3544424;2801479;1325874;1020636;1408439;1140669;659237;928959;685657;324658;249532;331841;281710;5661.5;5649.5;5648.5;5635.0;5655.5;5655.5;5650.0;5677.0;5664.5;5659.0;5658.5;5665.5;5659.5;5656.5;5634.5;5645.5;5631.0;5634.5;5652.0;5648.5;5645.0;5650.0;5648.0;5635.5;5656.0;5655.0;5650.0;5649.5;738759;554128;557960;271826;191014;168760;151971;257079;167137;165821;74407;53910;48934;42265;1
2024-09-05;0.019907271121577863;0.7744916820702403;0.011730124567207394;-1.0;-1.8369701987210297e-16;0.8660254037844386;0.5000000000000001;0.43388373911755823;-0.900968867902419;137850;137540;137760;137600;137520;138035;137820;138340;138020;137940;137755;138055;138200;138000;137270;137350;137465;137485;137475;137730;137700;137535;137765;137595;137520;138035;137820;137880;2540897;3178762;1931664;1348196;1458896;1478755;1141366;751803;896354;521656;352837;388623;378304;268637;5654.0;5631.5;5619.0;5625.5;5608.0;5598.0;5598.5;5665.0;5634.5;5637.0;5630.5;5613.0;5605.0;5600.5;5619.0;5613.0;5616.5;5607.0;5586.0;5593.0;5591.0;5631.5;5619.0;5626.0;5608.0;5598.0;5598.5;5597.5;767780;483327;386953;291606;355690;179986;117580;247916;153232;111331;79794;99011;52506;32947;1
2024-09-06;0.007762060210373595;0.4953271028037383;0.007995201416167424;-1.0;-1.8369701987210297e-16;0.9510565162951535;0.30901699437494745;-0.433883739117558;-0.9009688679024191;137800;138135;137415;136590;136280;136190;135985;138780;138170;137545;137015;136385;136375;136165;137560;137290;136515;136230;136055;135950;135835;138135;137415;136585;136280;136185;135985;136120;2761289;3503127;2578126;2073261;1170326;1187173;1137065;865899;1066241;686597;529615;308213;308174;288037;5592.5;5561.5;5576.5;5604.5;5604.0;5605.0;5601.5;5599.5;5579.0;5610.5;5613.5;5615.5;5606.5;5616.0;5543.0;5550.0;5576.5;5574.5;5595.5;5595.5;5599.0;5561.5;5576.5;5604.5;5604.0;5605.0;5602.0;5604.0;830604;571393;508532;472706;195402;161046;188665;282040;178039;155255;142529;59860;46571;52239;0
2024-09-09;0.022714078374455732;0.2715654952076677;-0.003309523505283737;-1.0;-1.8369701987210297e-16;0.9510565162951536;-0.30901699437494734;0.0;1.0;136500;136065;136425;136385;136205;136395;136170;136800;136520;136595;136430;136465;136535;136250;135870;135860;136270;136120;136130;136145;135980;136070;136425;136390;136205;136395;136170;136220;1879228;3006957;1861869;905146;1092076;1040286;1013438;589041;896342;511428;243693;291492;275921;265230;5600.0;5646.0;5629.0;5613.0;5617.5;5609.0;5601.0;5654.0;5646.0;5632.5;5623.0;5618.5;5609.5;5604.5;5596.0;5626.0;5612.5;5610.0;5605.0;5588.0;5592.5;5645.5;5628.5;5612.5;5618.0;5609.0;5601.5;5595.5;632366;536073;367237;193379;151837;257398;162141;205377;163037;114020;55736;41153;69151;44381;0
2024-09-10;0.00695970695970696;-0.11578947368421053;-0.010457482986998312;-1.0;-1.8369701987210297e-16;0.8660254037844387;-0.4999999999999998;0.7818314824680298;0.6234898018587336;135740;135455;135270;135230;135240;135335;135225;136145;135835;135435;135510;135435;135395;135640;135415;135265;135035;135165;135175;135050;135225;135460;135270;135230;135240;135335;135230;135605;2294710;2809694;2153933;1080485;890957;1077536;1407194;682302;789301;575628;296114;239969;280011;350641;5588.5;5614.5;5629.0;5640.5;5660.5;5658.0;5669.5;5618.5;5630.0;5647.0;5662.5;5664.5;5673.5;5684.0;5581.0;5607.5;5623.5;5637.0;5648.0;5657.0;5662.5;5614.5;5629.0;5640.5;5661.0;5658.0;5669.0;5666.0;766885;492443;540665;350643;237856;234089;298592;250504;147481;144435;96544;68079;64204;77115;1
2024-09-11;0.008177397966701047;0.7792792792792793;-0.010380446457504251;-1.0;-1.8369701987210297e-16;0.7431448254773945;-0.6691306063588579;0.9749279121818236;-0.22252093395631434;135900;135905;135595;135235;135690;135930;136110;136240;136310;135940;135725;136080;136250;136135;135715;135435;135015;135165;135645;135885;135835;135905;135590;135230;135690;135930;136115;135865;2383996;3690855;2607166;1449890;1220432;1116309;1289117;713637;1034783;700390;383091;318706;286908;321735;5647.0;5639.0;5652.5;5670.0;5656.0;5654.0;5659.5;5666.5;5654.5;5685.5;5673.5;5666.5;5665.0;5664.5;5633.5;5617.5;5642.0;5654.0;5643.0;5643.0;5651.0;5638.5;5653.0;5670.0;5655.5;5654.0;5659.5;5660.0;815812;671128;594045;292369;246435;222586;148717;275355;204867;178960;86593;70986;63511;44229;1
2024-09-12;0.00952906548933039;0.9806949806949807;-0.007768361581920904;-1.0;-1.8369701987210297e-16;0.5877852522924732;-0.8090169943749473;0.43388373911755823;-0.900968867902419;136285;135595;135165;134800;134985;135135;135390;136295;135665;135325;135185;135175;135440;135560;135555;135115;134725;134750;134905;135025;135280;135595;135165;134800;134990;135135;135395;135450;1918437;2859711;2373138;1315200;1056425;1249245;1390402;570585;773382;591023;321780;264124;296629;322202;5659.5;5654.5;5669.0;5681.5;5662.5;5650.0;5648.0;5669.0;5677.0;5688.0;5681.5;5663.5;5656.5;5651.5;5644.5;5650.0;5655.5;5660.5;5646.5;5645.5;5634.5;5654.5;5669.5;5681.5;5662.5;5650.0;5648.5;5635.5;570810;508004;458592;284210;252610;185953;215915;189627;160768;140313;77482;72645;52791;64513;0
2024-09-13;0.011519976519793081;0.3343949044585987;-0.01488596531160377;-1.0;-1.8369701987210297e-16;0.40673664307580004;-0.913545457642601;-0.433883739117558;-0.9009688679024191;135250;135705;136870;137025;136850;136220;135975;135740;136995;137085;137030;136865;136320;136140;135095;135695;136530;136645;136155;135915;135825;135705;136870;137025;136845;136225;135975;136060;1742882;3242413;2119087;1034252;1215983;1420207;1122358;542275;907993;561439;262099;290831;340136;280411;5620.0;5610.0;5584.5;5559.5;5562.5;5558.5;5563.5;5629.5;5622.0;5592.0;5571.5;5569.0;5565.0;5582.0;5601.0;5575.0;5554.0;5558.0;5555.0;5556.0;5563.0;5610.5;5584.0;5559.0;5562.5;5558.0;5563.0;5576.5;591074;663409;551837;229700;193767;132607;266209;199764;194688;145669;60424;51446;34847;68882;1
2024-09-16;0.014713493530499076;0.5753768844221105;-0.007606480714284413;-1.0;-1.8369701987210297e-16;-0.20791169081775907;-0.9781476007338057;0.0;1.0;136240;136255;136660;136360;136050;136105;136300;136315;136885;136755;136420;136250;136320;136380;135850;136180;136270;136030;136030;136015;136080;136255;136655;136365;136055;136105;136300;136130;1856635;3179252;1773251;1100349;817049;920503;758443;548200;938747;473285;293624;215724;242865;197707;5572.5;5571.5;5520.5;5518.0;5520.5;5527.0;5518.0;5590.0;5572.0;5531.5;5527.5;5527.5;5530.5;5530.0;5558.0;5506.0;5513.0;5509.0;5518.5;5516.0;5514.5;5571.5;5520.5;5518.0;5520.5;5527.0;5518.0;5521.5;656441;860726;405750;262101;100153;158487;163236;208402;238932;109433;75554;29523;46474;43568;1
2024-09-17;0.007596887844979448;0.6763285024154589;-0.004626972021307033;-1.0;-1.8369701987210297e-16;-0.4067366430758002;-0.9135454576426009;0.7818314824680298;0.6234898018587336;136550;135885;135395;135455;135625;135425;135850;136735;135940;135975;135785;135720;135850;135915;135650;135140;135350;135420;135360;135370;135720;135880;135395;135460;135620;135430;135850;135820;2698201;3209665;2621587;1164227;1212837;1372791;1154091;765971;863135;663218;306672;311054;344234;289518;5519.0;5511.0;5502.0;5511.5;5509.5;5506.5;5495.5;5522.5;5517.5;5523.5;5515.0;5513.5;5514.0;5509.5;5494.0;5497.5;5500.0;5505.5;5493.0;5495.0;5486.0;5511.0;5502.5;5512.0;5510.0;5507.0;5495.5;5488.0;712714;504797;392800;185985;248370;206078;340476;221815;144599;107998;53003;65326;53522;88188;1
2024-09-18;0.011680703039179787;0.5642633228840125;-0.007574141047175609;-1.0;-1.8369701987210297e-16;-0.587785252292473;-0.8090169943749476;0.9749279121818236;-0.22252093395631434;136040;135305;135390;135060;134820;135205;135355;136190;135955;135595;135095;135215;135600;136245;135190;135050;134965;134795;134790;135005;135200;135305;135390;135060;134820;135205;135355;135240;2228684;3942453;2068573;1186491;961344;1314132;3488899;674985;1077279;543570;296855;252890;351864;1026247;5483.0;5491.0;5475.5;5474.0;5488.0;5490.5;5485.0;5503.0;5498.5;5483.5;5492.5;5494.0;5492.0;5485.5;5475.5;5468.5;5464.5;5471.5;5481.0;5477.0;5417.0;5490.5;5475.0;5474.0;5488.0;5490.5;5484.5;5448.0;581484;512472;340091;250082;165891;197502;877117;195200;153606;94312;65302;47160;55724;240546;0
2024-09-19;0.013194648632755072;0.724233983286908;-0.008182947322276613;-1.0;-1.8369701987210297e-16;-0.743144825477394;-0.6691306063588585;0.43388373911755823;-0.900968867902419;135750;135495;134945;134645;134690;134835;134320;136180;135785;135100;134835;134890;134850;134485;135450;134815;134310;134510;134625;134200;134120;135495;134945;134650;134695;134835;134315;134335;3012079;3593786;2388782;1340633;908158;1496398;1266422;908160;1069743;658553;361733;239556;381426;331224;5408.0;5445.5;5430.0;5429.0;5411.5;5424.0;5431.5;5447.5;5446.5;5441.0;5432.5;5428.5;5435.0;5439.0;5401.5;5418.5;5413.0;5410.0;5410.5;5416.5;5429.5;5446.0;5430.0;5429.5;5411.5;5424.0;5431.0;5432.5;769066;582957;506352;289792;176304;218664;180437;247159;170265;132381;81426;48656;51947;45637;0
2024-09-20;0.01848987108655617;0.027888446215139442;-0.02156915462740945;-1.0;-1.8369701987210297e-16;-0.8660254037844384;-0.5000000000000004;-0.433883739117558;-0.9009688679024191;133740;133825;133245;132620;132515;132140;131880;134115;134060;133270;132725;132555;132235;132000;133565;133125;132550;132385;132105;131810;131710;133825;133245;132620;132510;132135;131885;131890;2908877;3967766;1970351;1474863;1325349;1273380;1136452;934237;1198279;525316;392308;344640;317652;279022;5439.5;5448.5;5484.0;5499.0;5494.5;5514.5;5514.0;5450.0;5495.0;5500.0;5504.0;5517.5;5522.5;5528.0;5423.0;5447.0;5477.5;5485.5;5491.5;5505.5;5512.0;5449.0;5484.0;5498.5;5494.5;5514.5;5514.0;5520.0;678660;827496;412930;317722;314076;255743;192941;214800;219723;110805;84698;82651;64047;49473;0
2024-09-23;0.018730372364288917;-0.08383233532934131;-0.03652444892534714;-1.0;-1.8369701987210297e-16;-0.9945218953682734;0.10452846326765299;0.0;1.0;131400;131380;131210;131435;131515;131375;131445;131540;131750;131585;131640;131515;131565;131485;130885;131115;130850;131340;131230;131230;131125;131380;131210;131430;131510;131370;131440;131180;2591591;3126031;2341896;1255006;1234301;998720;972466;830439;901970;644099;344029;328315;274202;260711;5573.0;5566.0;5560.0;5537.0;5539.0;5545.0;5535.0;5603.5;5567.5;5562.5;5544.5;5555.5;5546.5;5542.0;5560.0;5544.0;5536.0;5533.0;5539.0;5530.0;5533.0;5565.5;5559.5;5537.0;5539.0;5545.0;5535.5;5535.5;870470;553577;390144;211598;211162;181605;160247;271094;163705;111069;58408;60417;52163;41290;1
2024-09-24;0.00684931506849315;1.9333333333333333;-0.025136250425064562;-1.0;-1.8369701987210297e-16;-0.9510565162951536;0.30901699437494723;0.7818314824680298;0.6234898018587336;132590;133095;133485;132630;132825;133105;132950;133230;133865;133520;132895;133245;133130;133195;132430;132805;132610;132335;132780;132830;132925;133095;133485;132630;132820;133105;132950;133170;2471835;3823746;2456430;1653708;1152891;999885;998186;782903;1127008;654670;429309;297612;262814;259248;5522.0;5481.5;5465.5;5467.5;5468.0;5456.5;5462.0;5530.0;5484.5;5469.0;5474.0;5470.0;5467.5;5462.5;5473.5;5452.5;5448.0;5457.0;5454.5;5454.0;5454.0;5482.0;5465.5;5467.5;5468.0;5456.5;5462.0;5455.0;807276;620157;509599;260480;195277;160311;138269;244376;166908;133348;67490;49656;41661;37775;0
2024-09-25;0.011539331774643639;0.6764705882352942;-0.01733316141391442;-1.0;-1.8369701987210297e-16;-0.8660254037844386;0.5000000000000001;0.9749279121818236;-0.22252093395631434;133370;133330;132995;132875;132470;132515;132340;133845;133705;133170;133000;132820;132515;132485;133055;132910;132595;132325;132425;132165;132250;133330;132995;132880;132465;132510;132340;132385;2252658;3280508;2408379;1751736;1246465;1326280;967148;751120;1018911;656421;449266;323974;342218;251895;5455.5;5472.0;5468.5;5491.5;5482.5;5481.0;5473.0;5479.5;5476.5;5495.0;5497.5;5485.5;5493.5;5481.5;5441.0;5464.0;5468.0;5479.5;5474.0;5469.5;5469.0;5472.0;5468.5;5491.5;5482.5;5481.0;5473.0;5479.0;697334;387913;452521;289226;161231;263188;160921;221063;112986;113645;77973;43132;63899;42304;0
2024-09-26;0.01259653595261303;0.6755952380952381;-0.015405978841938683;-1.0;-1.8369701987210297e-16;-0.743144825477394;0.6691306063588585;0.43388373911755823;-0.900968867902419;133300;133370;133205;132770;133155;133470;133820;134000;133775;133395;133325;133645;133820;133990;133155;133045;132745;132760;133065;133425;133685;133375;133210;132770;133155;133470;133815;133805;2504108;3392982;2404451;1392951;1192599;1089427;1225071;850030;1078577;668183;383269;315625;283331;308054;5445.0;5441.0;5448.5;5441.0;5436.0;5442.5;5442.0;5446.0;5448.5;5451.0;5446.5;5445.5;5456.0;5446.0;5406.5;5430.0;5435.5;5424.5;5434.0;5438.5;5438.5;5440.5;5448.5;5441.5;5436.0;5442.0;5442.0;5442.5;792450;494090;406924;300839;212078;226500;126185;237823;133419;106723;74094;53965;61208;39112;0
2024-09-27;0.009414853713428357;0.6812749003984063;-0.011753914889525036;-1.0;-1.8369701987210297e-16;-0.5877852522924734;0.8090169943749473;-0.433883739117558;-0.9009688679024191;133600;133475;134060;134315;133755;133665;133695;133660;134175;134595;134425;133945;133735;133845;133105;133400;133910;133705;133660;133335;133325;133475;134065;134315;133755;133670;133700;133405;2054938;3206969;2083851;1511899;1109646;1161062;1406879;670437;937443;565877;400012;295629;300135;352854;5430.0;5455.5;5446.5;5437.5;5433.5;5432.0;5434.0;5459.0;5457.0;5450.0;5440.0;5447.5;5444.0;5438.5;5426.5;5437.0;5430.5;5430.0;5430.5;5430.5;5430.5;5455.5;5446.5;5437.0;5433.5;5432.0;5434.5;5435.0;603729;403124;377594;188775;214137;196596;143625;200404;124091;106308;51028;55824;53274;33943;1
2024-09-30;0.011152694610778443;0.40939597315436244;-0.009184577024108125;-1.0;-1.8369701987210297e-16;-1.133107779529596e-15;1.0;0.0;1.0;133715;133660;133100;133450;132875;132890;132980;134195;133710;133550;133620;133090;133065;133090;133370;133030;132950;132865;132855;132835;132465;133665;133105;133450;132880;132890;132985;132780;1863368;2687003;1728431;1205262;769991;904394;1700521;630039;884785;495091;331610;222918;243000;436139;5449.5;5443.5;5489.0;5466.0;5471.0;5461.0;5469.5;5454.0;5493.5;5492.0;5476.0;5472.0;5475.0;5486.5;5422.0;5443.0;5458.0;5458.0;5461.0;5461.0;5466.5;5443.0;5489.0;5465.5;5471.0;5461.0;5469.5;5468.0;514022;558525;347699;210756;127946;117520;261423;158388;141176;87343;50140;33434;31024;65901;0
2024-10-01;0.01301275100026175;-0.005747126436781609;-0.017304478315145918;-0.8660254037844386;0.5000000000000001;0.20129852008866006;0.9795299412524945;0.7818314824680298;0.6234898018587336;132445;133110;132995;133655;133790;133915;133565;133180;133320;133685;133960;133990;133965;133740;132370;132540;132810;133320;133625;133010;133370;133115;132995;133655;133795;133910;133565;133490;2215527;4237538;3241074;1880007;1598121;2514868;1425215;722900;1337026;904370;506998;425477;641168;362723;5497.0;5454.5;5488.0;5483.0;5465.5;5475.0;5485.0;5497.5;5494.5;5497.0;5489.0;5484.0;5497.5;5485.0;5448.5;5449.0;5476.0;5463.5;5461.0;5474.5;5474.0;5454.0;5487.5;5483.0;5465.5;5475.0;5485.0;5480.0;713310;704624;556252;295246;305619;394073;169145;203342;189430;151571;71656;75656;97913;44977;0
2024-10-02;0.012231492317565783;0.8333333333333334;-0.006836724462550273;-0.8660254037844386;0.5000000000000001;0.39435585511331855;0.9189578116202306;0.9749279121818236;-0.22252093395631434;133720;134765;135020;134585;134870;134630;134645;134800;135470;135480;134875;134985;134705;134660;133645;134750;134540;134370;134555;134405;133780;134765;135020;134585;134875;134635;134650;133930;2818429;4100809;2578480;1852504;1231148;1026580;1729712;936214;1275479;726433;490159;341711;275761;440059;5435.0;5433.0;5452.0;5453.5;5454.5;5460.5;5462.0;5447.5;5457.0;5455.0;5465.0;5464.5;5469.0;5466.5;5422.5;5432.0;5436.0;5450.0;5451.0;5457.0;5458.5;5433.0;5452.0;5453.5;5454.0;5460.5;5461.5;5463.5;669044;487676;323211;289590;137035;170667;149432;213672;146513;95210;74132;36746;42782;39866;1
2024-10-03;0.013722704157941969;0.12534059945504086;-0.0042877915084621595;-0.8660254037844386;0.5000000000000001;0.5712682150947923;0.8207634412072763;0.43388373911755823;-0.900968867902419;133875;132660;132280;131580;131750;131745;131890;133940;132725;132360;131940;131990;131915;132330;132550;131995;131540;131570;131600;131625;131730;132655;132280;131585;131750;131740;131885;132070;3118259;3838550;3208923;1361443;1587331;1401076;1855412;987763;1160588;863073;363580;405097;361082;455175;5472.5;5492.0;5501.0;5513.5;5511.0;5498.0;5503.5;5502.5;5509.5;5530.0;5515.5;5513.0;5510.0;5504.0;5468.0;5485.5;5499.5;5503.5;5498.0;5497.0;5482.0;5491.5;5501.5;5513.5;5510.5;5498.0;5503.0;5486.5;597786;401860;561882;202411;159009;144408;241311;184492;123696;149203;53526;41003;35742;56124;0
2024-10-04;0.017927170868347338;0.25416666666666665;-0.014793015206779775;-0.8660254037844386;0.5000000000000001;0.7247927872291199;0.6889669190756866;-0.433883739117558;-0.9009688679024191;132150;131525;131975;131960;131980;132065;131955;132600;132200;132310;132100;132090;132225;132275;131335;131395;131840;131680;131920;131885;131930;131525;131980;131965;131975;132065;131955;132240;3334310;3598425;2126817;1333074;864386;1062433;993344;1115932;1119195;569602;342145;215175;253566;233600;5490.0;5530.0;5492.0;5473.5;5477.0;5480.5;5485.0;5538.0;5530.5;5498.5;5488.0;5481.0;5485.5;5486.0;5479.5;5486.0;5472.5;5470.0;5470.5;5475.0;5475.5;5530.0;5492.5;5473.0;5477.5;5480.0;5485.0;5480.0;750671;656713;450323;250829;147817;155757;127221;233223;193588;120358;65225;38365;37165;30952;1
2024-10-07;0.009572455542943625;0.45454545454545453;-0.015222211438681887;-0.8660254037844386;0.5000000000000001;0.9884683243281114;0.1514277775045767;0.0;1.0;131910;133165;132815;132650;132335;132365;132540;133165;133200;133350;132695;132465;132630;132615;131850;131965;132635;132190;132155;132305;131965;133165;132810;132650;132335;132370;132545;132145;2460386;3493188;2164639;1610652;994293;1119986;1676280;822533;1066626;594308;418545;259934;289354;424686;5486.0;5454.5;5472.5;5493.0;5502.5;5494.5;5494.5;5488.0;5482.0;5495.0;5509.5;5505.5;5500.5;5509.0;5437.0;5450.0;5464.5;5491.0;5493.0;5493.0;5494.0;5454.5;5472.5;5493.5;5502.5;5494.5;5495.0;5506.5;598134;567357;370349;312444;138452;157116;211921;190719;160859;100097;78935;36566;36079;53491;1
2024-10-08;0.01137138958380714;-0.31;-0.017845629418657458;-0.8660254037844386;0.5000000000000001;0.9987165071710528;-0.05064916883871264;0.7818314824680298;0.6234898018587336;131385;130840;131535;131475;131705;131720;131755;131700;131595;131575;131720;131910;131815;131935;130680;130600;131015;131335;131600;131460;131650;130835;131535;131480;131705;131720;131755;131655;3400896;3734352;2378062;1530757;1347550;1226098;1157106;1075466;1154055;648212;384046;340170;304394;280746;5521.0;5519.5;5527.0;5541.5;5546.0;5541.5;5545.0;5538.0;5532.5;5549.5;5548.0;5547.0;5552.5;5546.5;5515.0;5511.5;5523.0;5541.0;5532.0;5535.5;5538.5;5519.0;5527.0;5542.0;5545.5;5541.0;5544.5;5544.0;701315;557372;469877;188928;200055;224043;127684;226511;162285;123182;47081;53354;61984;32925;1
2024-10-09;0.010160977280511473;0.8614232209737828;-0.013718114273950555;-0.8660254037844386;0.5000000000000001;0.9680771188662043;-0.2506525322587204;0.9749279121818236;-0.22252093395631434;131750;130780;130640;130610;130225;129970;130020;131825;130845;130645;130730;130395;130075;130100;130705;130270;130105;130160;129870;129895;129860;130775;130635;130610;130220;129970;130020;129950;2720186;3131952;2456482;1814580;1680754;1073466;1195607;841839;870624;636357;453780;420418;255941;282083;5548.0;5576.5;5588.5;5595.0;5597.0;5603.0;5604.0;5581.5;5599.0;5604.5;5598.5;5608.5;5607.0;5613.5;5545.0;5573.5;5583.5;5585.0;5592.0;5601.5;5602.0;5576.0;5588.5;5594.5;5596.5;5603.5;5604.0;5607.0;632936;503328;384447;208758;236429;140927;224499;202366;139697;101355;54537;55140;32504;54897;1
2024-10-10;0.0149146110056926;0.19338422391857507;-0.022909926384395367;-0.8660254037844386;0.5000000000000001;0.8978045395707416;-0.4403941515576344;0.43388373911755823;-0.900968867902419;130240;130280;130235;130390;130305;130230;130470;130390;130505;130530;130570;130450;130495;130555;129895;129945;130205;130290;130205;129955;130355;130285;130235;130390;130300;130230;130465;130455;2454820;3101769;1727386;1052703;922384;1531283;886094;820261;981542;472274;262720;231963;378084;215117;5595.0;5597.0;5609.0;5594.5;5596.5;5602.0;5594.0;5618.5;5610.5;5609.0;5600.5;5606.5;5612.5;5601.0;5585.0;5580.0;5582.5;5591.0;5592.0;5593.5;5589.5;5597.5;5608.5;5594.0;5597.0;5602.5;5593.5;5597.0;848687;585579;423821;182270;215315;218451;149306;292276;169773;116935;45202;55240;59740;37749;1
2024-10-11;0.0057585995085995085;0.5933333333333334;-0.02040141445798526;-0.8660254037844386;0.5000000000000001;0.7907757369376989;-0.6121059825476626;-0.433883739117558;-0.9009688679024191;130340;130245;129510;129915;129740;129750;129960;130945;130310;130145;130195;129765;130060;130080;130200;129375;129440;129700;129530;129745;129860;130245;129515;129910;129740;129750;129960;130005;2655605;2940015;2062848;1290838;1068524;1166590;884786;818324;834160;547986;324358;273155;282259;213411;5587.5;5608.0;5658.0;5650.5;5647.5;5648.5;5639.5;5612.5;5666.5;5659.0;5653.0;5658.0;5649.0;5649.0;5570.5;5604.5;5638.0;5639.0;5642.5;5634.0;5636.5;5608.0;5658.0;5650.5;5647.0;5648.5;5639.0;5640.0;671943;838760;529387;247648;193126;188990;180924;218746;211149;135069;59410;45634;45325;41730;1
2024-10-14;0.01204541967162805;0.46178343949044587;-0.020089668197541186;-0.8660254037844386;0.5000000000000001;0.29936312297335804;-0.9541392564000488;0.0;1.0;130100;130120;130015;130480;130550;130895;131095;130165;130525;130570;130585;130920;131255;131270;129420;129790;129740;129800;130460;130725;131025;130115;130010;130475;130550;130890;131090;131165;2543900;3679316;2235451;1758663;1639074;1478700;1171401;833543;1162779;622487;438556;417535;377296;281081;5627.0;5647.0;5615.5;5613.5;5597.0;5591.0;5587.5;5664.5;5649.0;5627.5;5621.5;5597.5;5596.0;5594.5;5626.0;5603.5;5610.5;5593.5;5582.5;5575.5;5581.0;5647.0;5615.5;5613.5;5596.5;5590.5;5588.0;5590.0;587060;620131;370133;331764;238635;231795;184747;181624;186426;105582;82684;63262;60280;45680;0
2024-10-15;0.014219830899308224;0.6432432432432432;-0.014368293161477278;-0.8660254037844386;0.5000000000000001;0.10116832198743272;-0.994869323391895;0.7818314824680298;0.6234898018587336;130610;130750;130365;130960;130585;130840;130895;131195;131330;131145;131115;130850;130955;130945;130410;130205;130290;130560;130515;130625;130750;130750;130365;130955;130585;130840;130895;130910;2473581;3762358;2636784;1297161;1179079;1227140;959303;781712;1082925;676504;331694;308389;303863;224900;5602.5;5632.0;5648.0;5654.0;5656.0;5670.0;5663.5;5635.5;5657.0;5667.5;5658.0;5676.0;5675.0;5673.5;5591.5;5625.5;5648.0;5645.5;5656.0;5661.5;5663.0;5631.5;5648.0;5653.5;5656.0;5670.0;5664.0;5666.0;764103;632950;443211;252440;310495;216924;168282;242719;176276;118729;64705;76082;53892;43885;0
2024-10-16;0.00861342929331598;2.6533333333333333;0.007199140942845476;-0.8660254037844386;0.5000000000000001;-0.10116832198743204;-0.9948693233918952;0.9749279121818236;-0.22252093395631434;133190;133340;133030;133675;133570;133810;134200;133905;133530;133695;133685;133975;134360;134255;132955;132910;132935;133370;133545;133795;133785;133335;133030;133680;133575;133810;134205;133830;3310655;2933707;2528994;1270215;1296913;1529306;1345734;1050601;883415;662994;327108;327751;394752;300461;5665.0;5700.5;5699.0;5670.5;5669.0;5672.0;5660.5;5710.0;5707.5;5699.0;5676.5;5677.0;5675.5;5682.5;5640.5;5690.0;5669.5;5662.0;5662.5;5653.5;5659.0;5700.5;5699.0;5671.0;5668.5;5672.0;5660.0;5673.0;1003764;541119;502259;305650;162965;204555;244862;301502;155735;139773;81365;45627;51879;59524;0
2024-10-17;0.010886703205946393;0.296551724137931;0.008766371932479077;-0.8660254037844386;0.5000000000000001;-0.2993631229733582;-0.9541392564000488;0.43388373911755823;-0.900968867902419;133340;132280;132510;132710;132560;132770;132915;133430;132640;132805;132885;132795;132985;132995;132235;131940;132450;132545;132375;132655;132800;132285;132505;132710;132565;132770;132915;132825;2803247;3410793;2084648;1233720;1162010;1034703;873282;815579;965421;570398;304217;294728;258773;208619;5690.5;5688.0;5680.0;5685.5;5686.0;5685.0;5682.5;5698.5;5698.0;5692.0;5693.5;5692.0;5688.0;5682.5;5681.0;5671.0;5672.0;5674.5;5682.5;5680.5;5672.0;5688.0;5680.0;5685.5;5686.5;5685.5;5682.5;5680.0;697794;567398;366765;219857;117461;109925;190991;227240;174650;101547;58034;29932;26962;44636;1
2024-10-18;0.011174441277936103;1.0268456375838926;0.010015399575471163;-0.8660254037844386;0.5000000000000001;-0.4853019625310808;-0.8743466161445822;-0.433883739117558;-0.9009688679024191;133470;133500;132405;132555;132330;132375;132230;133650;133820;132830;132565;132530;132480;132505;132770;132350;132120;132150;132250;132175;132155;133495;132410;132555;132330;132370;132230;132475;2617229;3604299;2435489;1367353;795662;957884;771691;786568;969347;569859;323557;196012;225620;172316;5644.5;5661.0;5679.5;5679.0;5687.5;5688.5;5699.5;5667.5;5680.5;5687.5;5696.0;5692.0;5701.5;5702.5;5637.5;5656.0;5668.0;5676.0;5684.0;5683.5;5694.5;5661.0;5680.0;5678.5;5687.0;5688.0;5699.0;5698.5;604570;511333;380465;273814;119066;198101;134547;195678;152344;105933;70703;31480;44605;32129;1
2024-10-21;0.012736944631752454;0.011764705882352941;-0.0003139622413121352;-0.8660254037844386;0.5000000000000001;-0.8978045395707417;-0.44039415155763423;0.0;1.0;132140;132925;132655;132420;132445;132655;132290;132935;133115;132845;132555;132690;132670;132480;132010;132635;132170;132105;132240;132265;132155;132920;132655;132415;132445;132660;132290;132280;2816235;3155487;2874736;1632948;1277231;961178;1112117;849661;933106;773599;417112;325083;247298;262806;5711.0;5726.5;5718.5;5709.5;5710.0;5710.0;5707.0;5742.5;5741.5;5721.5;5714.0;5719.0;5711.5;5714.5;5705.0;5717.5;5703.0;5699.0;5708.0;5704.0;5705.5;5727.0;5718.5;5709.5;5710.0;5710.5;5707.0;5711.0;743430;559820;489794;234409;235440;117202;130585;230820;172949;143690;62031;57115;30420;35032;1
2024-10-22;0.00836234296957772;0.03619909502262444;-0.0013197251643984284;-0.8660254037844386;0.5000000000000001;-0.9680771188662041;-0.2506525322587213;0.7818314824680298;0.6234898018587336;132050;131405;131180;131365;131565;131570;131555;132135;132135;131660;131575;131825;131660;131890;131305;131080;130960;131015;131495;131225;131370;131405;131180;131370;131565;131575;131560;131820;2911036;4729287;2963053;1565949;1297541;1323406;1312059;876440;1303206;726974;364117;311453;320418;307758;5691.5;5714.0;5702.0;5699.5;5698.0;5693.0;5709.5;5719.0;5723.5;5711.5;5709.5;5700.5;5710.5;5721.0;5690.5;5680.0;5691.5;5694.5;5687.5;5690.5;5707.5;5714.5;5701.5;5699.5;5698.0;5693.5;5709.5;5710.5;521320;734253;383234;238064;172643;178785;279018;176215;216753;109547;65791;45875;43639;71526;1
2024-10-23;0.00935251798561151;0.44534412955465585;-0.005110242802727985;-0.8660254037844386;0.5000000000000001;-0.9987165071710528;-0.05064916883871355;0.9749279121818236;-0.22252093395631434;131510;130785;131155;130700;131050;130910;130985;131530;131295;131205;131070;131100;131140;131015;130700;130740;130430;130540;130650;130800;130765;130790;131160;130695;131050;130910;130985;130980;2865846;3745457;2917044;1433126;1378673;1521024;1094401;828872;1060551;742414;341733;349124;361091;246191;5722.0;5726.5;5724.5;5731.0;5709.0;5717.0;5711.0;5734.5;5726.5;5736.5;5732.0;5717.5;5719.0;5714.0;5716.0;5709.0;5721.0;5708.0;5703.5;5707.5;5690.0;5726.0;5725.0;5730.5;5709.0;5717.0;5711.0;5697.5;562579;520096;414350;384412;208391;219188;298403;188663;152755;111614;91531;55776;54038;74551;1
2024-10-24;0.00836438293665881;0.8045454545454546;-0.005972567068370375;-0.8660254037844386;0.5000000000000001;-0.9884683243281114;0.15142777750457667;0.43388373911755823;-0.900968867902419;131315;130995;130950;131270;131050;131015;131460;131555;131120;131295;131405;131075;131885;131640;130870;130610;130640;131045;130665;130995;131360;131000;130955;131270;131050;131015;131465;131490;3286062;3229481;2014025;1481986;1465271;2084886;1218047;971427;928185;525690;359196;363291;529472;301421;5688.5;5708.0;5713.5;5707.5;5712.0;5716.0;5697.5;5722.0;5724.5;5717.0;5713.0;5718.0;5717.0;5704.5;5679.0;5707.0;5702.5;5704.0;5707.0;5678.0;5688.5;5708.0;5713.5;5708.0;5712.0;5715.5;5697.0;5694.0;700126;451546;390330;205346;169611;466909;207763;221380;132954;102129;51465;39026;110421;52718;1
2024-10-25;0.012222518371853938;1.0529595015576323;0.001997557488947164;-0.8660254037844386;0.5000000000000001;-0.9377521321470804;0.3473052528448203;-0.433883739117558;-0.9009688679024191;132300;132040;131845;132120;131670;131955;131530;132360;132260;132340;132145;132170;132005;131830;131655;131680;131735;131585;131530;131510;131520;132040;131845;132125;131665;131950;131525;131795;2705449;3097587;2378101;1419466;1468160;1402675;1034544;816896;924943;656122;362709;378374;352375;246623;5675.0;5693.5;5699.0;5697.0;5705.5;5703.5;5712.0;5697.0;5707.5;5700.0;5707.5;5710.0;5717.0;5714.5;5672.5;5688.5;5675.5;5692.5;5693.5;5701.0;5706.5;5693.5;5699.5;5697.0;5706.0;5704.0;5712.5;5709.0;518904;450927;476369;220223;221216;229278;158450;170108;139142;126677;61323;56271;56896;37575;0
2024-10-28;0.006651549508692366;0.13636363636363635;-0.0026033870558231365;-0.8660254037844386;0.5000000000000001;-0.5712682150947924;0.8207634412072763;0.0;1.0;131600;132460;132875;132895;132965;132895;133175;132470;132960;132960;133120;133060;133240;133210;131355;132265;132615;132835;132855;132820;132925;132460;132875;132895;132970;132895;133170;133000;2543036;3220012;2057491;1410557;930942;1453030;994526;759776;888661;542052;342917;230401;352126;229024;5705.0;5689.0;5698.0;5704.0;5708.0;5706.5;5697.0;5722.5;5707.5;5709.0;5711.0;5713.5;5712.0;5706.5;5688.0;5687.5;5696.0;5700.0;5705.5;5692.0;5694.0;5689.5;5697.5;5704.0;5708.0;5707.0;5697.0;5704.0;630933;434774;263233;189591;155232;250336;167460;201165;125086;72361;49443;38878;59623;40320;1
2024-10-29;0.01675531914893617;0.8027210884353742;0.00867937823677162;-0.8660254037844386;0.5000000000000001;-0.3943558551133187;0.9189578116202306;0.7818314824680298;0.6234898018587336;133125;133360;133065;133020;132900;132735;132460;133485;133475;133230;133245;132940;132825;132710;132975;132915;132880;132780;132660;132395;132385;133365;133060;133020;132895;132735;132465;132460;3208847;3518026;2269943;1454180;1381679;1351147;1145298;925660;971175;603291;350434;335606;316421;257070;5710.0;5719.0;5714.5;5707.0;5726.5;5751.0;5755.0;5739.0;5724.0;5715.0;5733.0;5764.0;5761.0;5765.5;5707.0;5707.5;5698.0;5705.5;5723.5;5740.5;5742.0;5719.0;5714.5;5707.0;5726.0;5751.0;5755.0;5760.0;689257;545287;474565;389717;578453;327195;309637;214416;152874;134940;88937;137983;82298;76158;1
2024-10-30;0.00867605633802817;-0.06926406926406926;0.0024597215852886667;-0.8660254037844386;0.5000000000000001;-0.20129852008866114;0.9795299412524943;0.9749279121818236;-0.22252093395631434;132250;132400;132605;132330;132440;132340;132365;132435;132705;132665;132715;132475;132470;132540;131885;132240;132080;132255;132285;132260;132350;132395;132610;132335;132440;132345;132365;132415;2338920;3384154;2034551;1455231;992621;875662;741498;711464;944745;539462;371753;255942;209503;157404;5762.0;5782.5;5775.5;5770.5;5778.5;5778.5;5769.5;5789.5;5792.5;5779.5;5786.0;5782.0;5783.0;5771.5;5761.0;5771.0;5764.0;5769.5;5775.5;5765.0;5759.0;5782.5;5776.0;5770.5;5778.5;5778.5;5770.0;5760.5;676885;553919;420886;332590;160245;254554;204021;217166;169139;125535;92337;42607;62892;50440;0
2024-10-31;0.006275992438563327;0.06626506024096386;0.0008685724689077607;-0.8660254037844386;0.5000000000000001;-2.4492935982947064e-16;1.0;0.43388373911755823;-0.900968867902419;131940;131795;131965;131780;131675;131680;131445;132185;132300;132335;131940;131800;131745;131585;131700;131555;131755;131570;131575;131365;131350;131800;131965;131785;131675;131680;131450;131505;2176928;3576790;2031943;1397734;935190;1147091;1001718;672899;1040395;555397;346357;235527;284643;235304;5783.0;5785.0;5797.0;5797.5;5807.5;5798.0;5799.0;5796.0;5801.0;5802.0;5811.0;5812.0;5807.5;5802.0;5771.0;5770.0;5790.5;5795.0;5797.0;5794.0;5791.5;5785.0;5797.0;5798.0;5807.0;5798.0;5799.0;5796.5;536204;579494;309307;280770;277238;232326;159107;179485;166917;82387;75789;63776;57029;42898;0
2024-11-01;0.009890859481582538;0.3333333333333333;-0.002439551850910374;-0.5000000000000004;0.8660254037844384;0.20791169081775931;0.9781476007338057;-0.433883739117558;-0.9009688679024191;131465;131600;130890;130510;130340;130250;129920;131635;131625;130955;130520;130420;130260;129990;131045;130585;130265;130225;130235;129865;129705;131605;130890;130510;130340;130255;129925;129805;2167731;3306732;2311242;1022145;757674;1134244;1390457;613932;897992;614874;258309;195623;275068;300159;5805.5;5785.5;5816.5;5842.5;5847.0;5847.5;5867.0;5822.0;5830.0;5852.0;5850.0;5849.5;5871.5;5889.0;5779.5;5784.5;5812.0;5836.5;5840.0;5844.0;5864.0;5786.0;5817.0;5842.5;5847.5;5847.0;5867.0;5888.5;642259;670512;581933;239001;203264;328407;404451;196529;188740;157326;59740;48691;76365;88896;0
2024-11-04;0.020081390484159283;0.3806818181818182;-0.012416957560517949;-0.5000000000000004;0.8660254037844384;0.7431448254773941;0.6691306063588582;0.0;1.0;130000;130790;131125;131575;132110;131750;131650;130830;131185;131645;132170;132145;131890;131765;130000;130710;131090;131540;131695;131505;131505;130785;131120;131575;132110;131750;131655;131730;2175141;2718721;2188842;1950976;1442906;1628959;1242781;665356;766117;538060;424242;347731;388009;286686;5852.5;5818.0;5819.5;5795.0;5783.0;5787.5;5789.0;5856.0;5833.5;5822.0;5801.0;5791.5;5795.0;5802.5;5815.0;5816.0;5787.0;5773.5;5772.0;5782.5;5779.0;5818.0;5819.0;5795.5;5783.0;5787.0;5789.0;5785.0;667348;458471;536803;376943;241576;174339;250665;230453;142829;151997;104606;64916;50020;67173;0
2024-11-05;0.016692307692307694;0.8870967741935484;0.00232869999278217;-0.5000000000000004;0.8660254037844384;0.8660254037844386;0.5000000000000001;0.7818314824680298;0.6234898018587336;131925;132005;131630;131390;131420;131670;131875;132125;132095;131895;131495;131715;132080;132090;131715;131560;131230;131130;131385;131635;131860;132005;131635;131390;131420;131665;131880;132020;2140135;2894662;2463000;1635458;1153096;1448086;924899;652758;800749;626613;394458;288802;351907;213571;5800.0;5800.0;5799.0;5797.0;5806.5;5787.0;5767.5;5820.0;5808.0;5818.0;5809.5;5812.5;5790.5;5770.0;5794.5;5787.5;5792.0;5795.0;5786.0;5760.5;5754.5;5800.0;5798.5;5797.0;5807.0;5787.0;5767.5;5767.5;669592;508670;510657;305986;270705;375867;202982;227931;153857;136519;80120;67574;100692;53856;1
2024-11-06;0.008603373128671593;-0.4185022026431718;-0.007359993922069536;-0.5000000000000004;0.8660254037844384;0.9510565162951535;0.30901699437494745;0.9749279121818236;-0.22252093395631434;130655;129910;130855;130425;131320;131160;131655;130910;130865;130980;131405;131375;131725;132020;129845;129780;130105;130375;130680;131070;131570;129905;130850;130420;131325;131160;131660;131645;3531562;3729103;2654343;2519538;1703471;1502381;1627606;1061691;1107438;766783;652957;465057;389869;392514;5868.0;5821.5;5787.5;5787.0;5729.5;5717.5;5705.5;5875.0;5825.5;5807.0;5788.0;5736.0;5726.5;5707.0;5815.5;5785.0;5773.0;5728.5;5708.5;5703.5;5677.0;5821.5;5788.0;5787.0;5729.0;5717.5;5705.5;5698.5;930840;735656;624286;646670;465784;328253;486478;326266;216098;176469;176952;118649;78906;119669;1
2024-11-07;0.017144387891776053;0.6116071428571429;-0.003763896221291271;-0.5000000000000004;0.8660254037844384;0.9945218953682733;0.10452846326765346;0.43388373911755823;-0.900968867902419;131150;131030;132555;131910;131555;131320;130775;131680;132600;132665;132065;131590;131460;131090;130895;130955;131905;131515;131170;130605;130705;131035;132555;131915;131560;131320;130775;130920;2501236;3892816;2704838;1741060;1843158;1967758;1254860;789585;1153823;741641;436743;474354;498583;293377;5707.0;5707.5;5657.0;5671.0;5689.0;5715.5;5724.0;5722.5;5713.5;5678.0;5693.5;5726.0;5735.5;5730.5;5680.0;5646.5;5645.0;5658.5;5687.5;5695.0;5688.0;5707.0;5657.0;5671.0;5688.5;5715.0;5724.0;5691.5;840476;897035;516673;365801;459370;540948;299073;279131;265412;148068;95685;127734;139584;80148;1
2024-11-08;0.015707205489897066;-0.24514563106796117;-0.011912492357701348;-0.5000000000000004;0.8660254037844384;0.9945218953682734;-0.10452846326765333;-0.433883739117558;-0.9009688679024191;130100;129070;129280;128840;128605;128120;128360;130340;129340;129440;128955;128680;128380;128640;129015;128660;128760;128435;128105;128025;128250;129065;129280;128835;128605;128125;128365;128615;2706710;3185906;2577225;2059575;1684707;1445553;1329556;772284;885664;726716;530000;442035;363032;313264;5743.5;5757.5;5767.5;5781.0;5793.5;5799.5;5780.5;5764.0;5779.0;5786.0;5796.5;5800.0;5801.5;5785.5;5736.5;5757.0;5757.0;5775.0;5784.5;5778.0;5767.0;5757.5;5768.0;5780.5;5793.5;5800.0;5780.5;5772.5;580797;507398;398036;314226;259000;324755;279415;205188;158277;119201;85484;70995;81751;75819;1
2024-11-11;0.01779400461183705;0.183585313174946;-0.023925044738351883;-0.5000000000000004;0.8660254037844384;0.7431448254773945;-0.6691306063588579;0.0;1.0;128450;128475;128675;128425;128750;128945;128980;128815;128795;128755;128840;128980;129095;129215;128230;128300;128385;128375;128675;128795;128820;128480;128680;128425;128750;128950;128975;128920;2703097;3196469;2215722;1621590;1136580;1307709;1320406;831743;932820;607965;386815;288424;326967;306932;5787.0;5816.5;5809.5;5811.5;5797.0;5784.0;5778.0;5823.0;5827.0;5815.5;5815.0;5800.0;5785.0;5785.0;5781.0;5803.0;5790.0;5792.5;5780.5;5774.5;5772.5;5816.5;5809.5;5811.5;5797.0;5784.5;5778.0;5778.0;588320;473772;416870;259671;182090;187426;180446;186094;148919;130554;77693;50189;49712;48863;1
2024-11-12;0.007668353444920202;0.29441624365482233;-0.02254266678835448;-0.5000000000000004;0.8660254037844384;0.5877852522924732;-0.8090169943749473;0.7818314824680298;0.6234898018587336;128520;128945;128505;128855;128930;128785;128485;128970;129250;129125;129060;129100;128785;128865;128230;128405;128400;128815;128745;128390;128460;128945;128505;128855;128925;128785;128485;128740;2357824;3415258;2446650;1324001;1276441;1463140;1206619;694262;934575;652400;348628;336325;379420;295597;5795.0;5773.5;5791.0;5772.5;5790.0;5787.0;5800.0;5804.0;5793.0;5798.0;5794.5;5790.5;5807.0;5801.0;5764.5;5761.5;5770.5;5766.5;5775.5;5786.0;5769.0;5773.0;5791.0;5772.5;5790.0;5786.5;5800.0;5775.0;613257;540373;541568;410976;253756;318748;342991;197419;162166;146235;108980;71538;87689;84582;0
2024-11-13;0.007936507936507936;0.5588235294117647;-0.019643288685747343;-0.5000000000000004;0.8660254037844384;0.40673664307580004;-0.913545457642601;0.9749279121818236;-0.22252093395631434;128800;128570;128645;128080;128035;127930;128150;129225;129020;128855;128195;128175;128385;128295;128465;128275;127905;127820;127890;127905;127945;128575;128640;128080;128035;127935;128150;127980;2369043;3452206;2868109;1904960;1256756;1071178;1161988;732318;1013859;766879;480098;316321;285499;288487;5740.0;5754.5;5753.5;5795.5;5812.5;5823.5;5820.5;5768.5;5765.5;5800.5;5821.5;5826.0;5824.5;5829.0;5735.5;5733.5;5753.0;5791.0;5809.5;5812.0;5815.0;5754.5;5754.0;5795.5;5812.5;5823.5;5820.0;5824.0;513145;685895;564013;449941;276867;227624;196270;176895;200887;165639;121381;76612;59963;48464;1
2024-11-14;0.010908385093167702;0.8861209964412812;-0.015862183342515265;-0.5000000000000004;0.8660254037844384;0.20791169081775931;-0.9781476007338057;0.43388373911755823;-0.900968867902419;129065;128515;128970;129120;128930;129090;128915;129160;128985;129440;129295;129205;129165;128980;128510;128350;128875;128885;128920;128715;128595;128510;128970;129120;128930;129090;128920;128905;2632025;3062641;2574302;1380154;925121;1272191;1175735;809364;885662;728813;370885;257500;341665;292435;5815.0;5822.0;5792.0;5799.0;5791.0;5786.5;5786.5;5839.0;5828.0;5802.5;5799.0;5793.0;5804.0;5796.5;5804.5;5787.5;5784.5;5772.0;5780.5;5779.5;5783.5;5822.0;5792.0;5799.0;5791.0;5787.0;5786.5;5790.5;661469;645611;395527;360058;207314;268092;191073;232137;189950;110002;100552;54429;69071;51900;0
2024-11-18;0.00844535699066362;0.45871559633027525;-0.01585064760235325;-0.5000000000000004;0.8660254037844384;-0.587785252292473;-0.8090169943749476;0.0;1.0;128850;128390;128595;128535;128515;128260;128830;129295;128745;129250;128535;128575;128895;128945;128325;128275;128225;128105;128230;128220;128530;128390;128595;128530;128515;128260;128830;128575;2197120;2467381;2705695;1428755;1167899;1207531;1212415;702013;739512;782947;392691;328950;337177;322906;5785.0;5797.0;5776.0;5751.5;5748.0;5754.0;5753.0;5808.5;5804.0;5778.5;5761.0;5764.5;5770.0;5755.5;5776.0;5771.5;5748.5;5744.5;5748.0;5750.0;5744.0;5797.0;5776.5;5751.5;5748.5;5754.5;5752.5;5749.0;503320;486835;418559;250457;223435;243979;181560;167400;144816;117785;73195;60656;63914;50728;1
2024-11-19;0.009235545207605743;0.23949579831932774;-0.017965216892466846;-0.5000000000000004;0.8660254037844384;-0.743144825477394;-0.6691306063588585;0.7818314824680298;0.6234898018587336;128390;128690;128765;129065;129120;129440;129110;129090;128810;129260;129365;129480;129460;129170;128305;128045;128730;128895;129005;129085;128870;128685;128770;129070;129115;129440;129110;129140;2600265;3353114;2457965;1564621;1260286;1140795;1215951;850835;1017906;711276;418589;351066;316362;303719;5770.0;5780.5;5776.0;5783.5;5781.0;5766.0;5782.0;5781.5;5804.0;5785.0;5795.0;5785.0;5783.0;5792.5;5754.0;5772.5;5760.0;5776.0;5764.5;5764.0;5777.0;5780.5;5776.5;5783.5;5781.0;5766.0;5782.0;5781.0;605605;651520;505296;269501;190530;182816;233173;197750;171172;135173;74185;51121;47184;56582;0
2024-11-21;0.011176882934808006;0.5958188153310104;-0.012946935368699545;-0.5000000000000004;0.8660254037844384;-0.9510565162951535;-0.30901699437494756;0.43388373911755823;-0.900968867902419;128900;128340;127750;127610;127690;127635;128065;129165;128345;127985;127830;127790;128250;128275;128190;127605;127490;127350;127430;127580;127835;128340;127750;127610;127695;127635;128065;127915;2441565;3205154;2726245;1893139;1376977;1473864;1503484;793980;902625;730756;485169;348609;373031;369559;5790.0;5819.5;5825.0;5824.5;5820.0;5835.5;5817.0;5829.5;5834.5;5831.5;5827.0;5840.5;5839.5;5827.0;5788.0;5812.5;5816.0;5809.5;5817.0;5813.0;5812.0;5819.5;5825.0;5824.5;5820.5;5836.0;5816.5;5820.5;691185;624140;377216;325733;307203;275752;223551;220057;176089;100711;83634;88955;72581;59287;1
2024-11-22;0.014080682699767262;0.22589531680440772;-0.02001994323847511;-0.5000000000000004;0.8660254037844384;-0.9945218953682733;-0.10452846326765423;-0.433883739117558;-0.9009688679024191;127760;128695;128075;128350;129055;129275;129180;128710;128760;128525;129135;129360;129325;129400;127685;128050;128030;128320;128965;129080;129140;128690;128080;128355;129055;129275;129185;129365;2618170;3211608;2446842;1902201;1463037;1191148;1034973;827096;904875;684626;492670;365604;295479;241302;5828.0;5797.0;5836.0;5835.0;5817.0;5810.5;5824.5;5832.5;5838.0;5837.5;5836.0;5818.5;5828.0;5825.0;5794.0;5795.5;5818.5;5808.0;5804.0;5808.5;5813.5;5797.0;5835.5;5835.5;5817.0;5810.5;5824.0;5815.0;654346;662940;382738;348643;201922;189308;161790;222747;190029;102860;97773;52406;50885;42091;0
2024-11-25;0.021524733876017534;0.9490909090909091;-0.0003299114609707069;-0.5000000000000004;0.8660254037844384;-0.8660254037844386;0.5000000000000001;0.0;1.0;130295;129850;129745;129875;129720;129710;129760;130330;130200;129980;130000;129855;129900;129965;129715;129610;129595;129690;129590;129685;129690;129845;129750;129875;129720;129710;129765;129920;2758912;2822061;2111166;1378947;1114746;757870;883453;883125;846590;595449;363091;291804;190981;216596;5790.0;5808.5;5801.5;5796.5;5821.5;5815.0;5813.0;5809.0;5815.0;5802.0;5823.0;5823.0;5824.0;5821.0;5781.5;5789.5;5779.0;5787.5;5808.5;5811.5;5808.0;5808.0;5801.5;5796.5;5821.5;5815.5;5813.0;5809.0;627160;506245;423566;470468;294633;172587;163840;212559;166432;125206;115217;74501;43066;44656;1
2024-11-26;0.0059480409839211025;-0.13548387096774195;-0.005851995207814948;-0.5000000000000004;0.8660254037844384;-0.743144825477394;0.6691306063588585;0.7818314824680298;0.6234898018587336;129450;130205;130350;130435;130670;130615;130745;130240;130620;130505;130845;130765;130790;130830;129310;129765;130030;130335;130455;130560;130495;130200;130350;130435;130670;130615;130750;130635;2121487;3189047;2486246;1660580;1220856;913789;1066212;736348;930048;686409;438269;312539;237757;268731;5815.5;5789.5;5804.5;5801.5;5802.5;5810.5;5818.5;5828.5;5811.0;5812.5;5807.0;5813.0;5821.5;5823.0;5783.0;5786.0;5799.5;5793.5;5801.5;5801.5;5803.5;5789.5;5804.5;5801.0;5803.0;5810.5;5818.0;5807.0;631945;549724;408032;294922;191910;259400;229435;205762;163008;102700;74262;48973;61569;55906;1
2024-11-27;0.013016608729239088;0.7655786350148368;0.0032744696991520946;-0.5000000000000004;0.8660254037844384;-0.5877852522924734;0.8090169943749473;0.9749279121818236;-0.22252093395631434;130600;130515;130270;130515;130035;128665;128660;130840;130915;130690;130545;130110;128965;128825;130470;130230;130140;129950;127875;128280;128325;130515;130265;130510;130035;128665;128655;128475;2094428;3030472;2388129;1977275;2664629;2445190;1330403;672681;886690;676802;498859;698234;748620;372153;5806.5;5831.5;5826.5;5824.5;5843.0;5873.5;5892.0;5834.0;5834.0;5826.5;5849.5;5903.0;5907.5;5931.0;5805.0;5817.0;5815.0;5823.5;5832.0;5873.0;5883.0;5831.5;5826.5;5824.0;5843.0;5874.0;5892.0;5920.5;587164;526843;345119;455583;656464;647300;461848;192370;134741;82209;113607;162940;189750;125339;1
2024-11-28;0.02327718223583461;0.12335526315789473;-0.012759078575140003;-0.5000000000000004;0.8660254037844384;-0.40673664307580015;0.913545457642601;0.43388373911755823;-0.900968867902419;128250;127670;127155;126710;126320;126435;126490;128250;127850;127225;126825;126530;126685;126590;127300;127080;126510;126300;126315;126420;126420;127670;127150;126715;126325;126435;126490;126445;3024476;2662467;2257296;1368207;816164;994779;522827;971268;768197;581396;330644;211362;261611;134766;5977.5;5976.0;5988.5;5991.0;5995.0;5995.0;5985.5;6003.0;5994.0;6002.0;5998.0;6007.0;5997.0;5990.0;5947.0;5959.5;5983.0;5982.5;5987.5;5975.5;5980.0;5975.5;5988.5;5991.0;5994.5;5995.5;5985.5;5986.5;793772;457580;378187;211449;281260;245040;128229;267684;144934;108382;55304;74094;63599;31484;0
2024-11-29;0.027017543859649124;0.2481962481962482;-0.030148416740157814;-0.5000000000000004;0.8660254037844384;-0.20791169081775898;0.9781476007338057;-0.433883739117558;-0.9009688679024191;125645;125250;124725;125265;125930;125665;125515;125835;125475;125670;126050;126080;125745;125575;125080;124495;124405;125175;125475;125395;125240;125255;124730;125260;125935;125665;125515;125320;2794566;3367086;2853867;2035092;1439384;1136687;699395;956453;1098795;930705;695272;491411;375288;221362;6025.0;6092.0;6115.0;6076.5;5992.5;6018.0;6038.0;6092.5;6138.0;6120.5;6080.0;6033.5;6043.5;6039.0;6015.5;6092.0;6053.5;5977.0;5989.5;6013.0;6025.0;6092.0;6115.0;6076.5;5992.5;6018.5;6038.0;6036.5;819547;805124;710384;779078;389855;291532;137828;269619;218296;213894;246217;126482;94263;42822;1
2024-12-02;0.01806677543873612;0.8392070484581498;-0.02270502806695836;-2.4492935982947064e-16;1.0;0.39435585511331855;0.9189578116202306;0.0;1.0;126310;125805;125565;125860;125630;125760;126150;126390;125945;125900;126060;125945;126360;126270;125575;125100;125285;125435;125480;125600;125805;125810;125565;125855;125630;125765;126155;125980;2701381;2886253;2719968;1808779;1357624;1548033;1262543;859749;834626;795675;504830;403346;439406;325149;6026.0;6045.5;6084.5;6087.0;6095.5;6093.5;6067.5;6057.0;6094.5;6106.5;6106.0;6110.5;6099.5;6091.0;6023.0;6042.0;6083.0;6076.5;6083.0;6064.0;6066.0;6045.5;6084.5;6087.0;6095.5;6093.0;6068.0;6083.5;650379;583057;520589;410821;364430;288593;239796;219488;179689;157601;121981;105021;81737;64539;0
2024-12-03;0.010212968094370991;0.8178294573643411;-0.021807819799561905;-2.4492935982947064e-16;1.0;0.5712682150947923;0.8207634412072763;0.7818314824680298;0.6234898018587336;126155;125985;126355;126215;125990;126310;126330;126440;126825;126435;126260;126420;126485;126600;125700;125800;125890;125885;125920;126215;126150;125985;126355;126215;125990;126310;126330;126555;2625133;3509528;2570263;1735832;1270312;1148525;1061410;855603;1006032;735787;497357;369700;332141;289311;6068.5;6086.0;6090.0;6094.5;6074.0;6082.5;6091.0;6090.5;6100.0;6113.0;6102.5;6087.5;6099.0;6094.5;6049.5;6071.0;6088.0;6073.5;6068.0;6080.0;6055.0;6086.0;6090.0;6094.0;6074.0;6082.5;6090.5;6058.5;603918;544426;504536;390212;253848;209256;286418;212071;178493;139567;110321;73047;59339;74685;0
2024-12-04;0.008917601363402163;0.5644444444444444;-0.01932474024739083;-2.4492935982947064e-16;1.0;0.7247927872291199;0.6889669190756866;0.9749279121818236;-0.22252093395631434;126335;126215;126605;127005;126930;126965;126715;126595;126800;127125;127090;127140;127020;126740;125980;126130;126520;126565;126755;126695;126335;126215;126610;127005;126925;126965;126710;126510;2642472;2790905;2082479;1830680;1133534;1016839;1512284;831297;838948;583240;494928;320654;282593;386108;6070.0;6082.5;6075.5;6076.0;6050.5;6048.5;6038.5;6089.5;6087.0;6081.5;6081.5;6059.0;6055.0;6065.5;6065.0;6061.0;6066.5;6046.5;6043.5;6036.0;6037.5;6082.5;6075.5;6076.5;6050.5;6048.5;6038.0;6059.5;524304;505416;359182;478708;250462;223047;317757;182808;155858;103459;126715;70213;57460;82377;0
2024-12-05;0.009181936913761032;0.5689655172413793;-0.014840788734147427;-2.4492935982947064e-16;1.0;0.8486442574947509;0.5289640103269624;0.43388373911755823;-0.900968867902419;126640;127390;128030;128290;128110;128045;128055;127390;128130;128365;128395;128255;128125;128290;126270;127380;127865;127990;128040;127875;128040;127385;128030;128290;128110;128045;128055;128130;2399903;2955915;2534268;1449351;909085;1276189;1194911;764771;807280;662166;364219;228882;309088;273690;6049.0;6020.0;6010.5;5979.0;5988.5;5991.0;6008.5;6052.5;6021.0;6011.5;5998.0;5994.0;6014.0;6019.0;6018.0;6005.0;5976.0;5975.5;5982.0;5991.0;6006.5;6020.5;6011.0;5979.0;5988.5;5991.5;6009.0;6011.5;564136;533890;598277;340257;205604;273444;206016;196731;150085;153595;85195;47354;71215;55092;0
2024-12-06;0.016779848389134554;0.7976470588235294;-0.0031335874220254777;-2.4492935982947064e-16;1.0;0.9377521321470804;0.3473052528448203;-0.433883739117558;-0.9009688679024191;127965;127705;127655;126770;126565;126350;126190;128015;127970;127680;126800;126600;126395;126265;127350;127500;126715;126345;126305;126090;125985;127705;127655;126770;126570;126345;126185;126115;2358005;2679891;2497042;1991128;956748;1369073;1134545;738645;824355;693642;483829;259409;347867;273272;6035.0;6012.5;6021.0;6060.0;6078.0;6089.5;6096.5;6045.0;6028.0;6063.0;6086.5;6090.0;6106.0;6107.0;6008.0;5998.5;6016.5;6056.0;6072.0;6088.0;6092.5;6012.5;6021.0;6060.0;6077.5;6089.5;6096.5;6103.0;599497;538278;569440;453077;214773;326926;274443;202395;169858;152645;117814;56978;80131;65316;1
2024-12-09;0.01586371273395069;0.37192118226600984;-0.011004660544946265;-2.4492935982947064e-16;1.0;0.9680771188662043;-0.2506525322587204;0.0;1.0;126740;126795;127335;127540;127435;127440;127425;126900;127495;127760;127770;127490;127650;127570;126505;126745;127280;127225;127185;127385;127295;126795;127335;127540;127440;127440;127420;127325;1613266;2518427;1985373;1713525;1052368;1015529;921097;544693;725651;559049;467128;301459;283203;237380;6092.0;6068.5;6078.5;6060.5;6078.0;6078.5;6094.0;6096.0;6080.5;6081.5;6089.5;6086.0;6094.5;6100.5;6056.0;6053.0;6050.5;6059.0;6072.5;6076.0;6084.0;6068.5;6078.5;6060.5;6078.0;6079.0;6094.5;6100.5;558817;405413;410177;404020;210895;200788;179374;180737;130515;120400;106813;61894;57608;51391;1
2024-12-10;0.009981063594760928;1.3873517786561265;0.0022426605612121306;-2.4492935982947064e-16;1.0;0.8978045395707416;-0.4403941515576344;0.7818314824680298;0.6234898018587336;128260;128450;128310;128395;128325;128150;128175;128610;128750;128740;128520;128340;128255;128235;127860;127905;128110;128190;127970;128005;128055;128450;128310;128395;128325;128150;128175;128110;2848562;3094796;2238468;1340396;1126724;950794;623603;940124;908736;628686;358509;316824;259786;166549;6067.0;6062.5;6059.0;6053.5;6062.0;6066.5;6074.5;6083.5;6080.0;6070.0;6066.0;6073.5;6077.5;6078.5;6029.5;6046.5;6042.0;6051.5;6059.5;6056.5;6066.5;6062.5;6058.5;6053.0;6061.5;6066.5;6075.0;6071.5;904924;494223;395138;278583;247794;196638;148753;281176;146725;119368;75520;63648;55441;41830;1
2024-12-11;0.006939030095119289;0.449438202247191;0.002401277033905094;-2.4492935982947064e-16;1.0;0.7907757369376989;-0.6121059825476626;0.9749279121818236;-0.22252093395631434;128260;128570;128335;127895;127975;127990;128020;128730;129025;128615;127980;128125;128090;128045;128140;128305;127820;127525;127900;127860;127750;128570;128335;127890;127970;127985;128020;127820;2306254;3340773;2275188;1555636;1177893;947516;954729;721937;1004854;635095;404783;305337;248321;233275;6080.0;6072.0;6042.0;6036.5;6049.0;6018.5;6024.0;6084.0;6072.5;6044.0;6062.0;6051.0;6025.5;6038.0;6052.5;6036.5;6023.0;6034.0;6014.0;6012.5;6021.5;6072.0;6042.0;6036.5;6048.5;6018.5;6023.5;6025.5;582256;685071;511424;393591;388480;180562;236089;186091;202726;134390;105011;92677;49751;61074;1
2024-12-12;0.02935443630126306;0.7264276228419655;0.017572777233117596;-2.4492935982947064e-16;1.0;0.6513724827222223;-0.7587581226927909;0.43388373911755823;-0.900968867902419;130260;128495;127615;127320;126820;126790;126430;130480;128545;127620;127345;127045;126795;126540;128480;127560;127045;126725;126765;126315;126250;128495;127620;127320;126820;126790;126425;126300;3007930;2596667;2595262;1790369;1118501;1749420;1248842;954819;705924;693973;445771;285809;432622;298237;5899.0;5909.0;5931.5;5953.0;6015.0;6020.5;6041.5;5921.0;5932.5;5959.0;6024.0;6026.5;6059.0;6049.0;5877.0;5896.0;5923.0;5949.5;5994.0;6020.0;6035.0;5909.5;5931.5;5953.0;6015.5;6020.5;6042.0;6041.0;927111;562861;633354;648988;370020;534164;236878;278468;170089;163069;163050;95071;137282;66252;1
2024-12-13;0.03477660064486412;0.07836644591611479;-0.01238187952786998;-2.4492935982947064e-16;1.0;0.48530196253108104;-0.8743466161445821;-0.433883739117558;-0.9009688679024191;126305;126165;125920;125620;125620;125780;125465;126550;126320;126095;125685;125870;125865;125565;125950;125855;125475;125350;125480;125185;125275;126160;125915;125620;125620;125785;125465;125415;2305087;2536790;2123720;1246087;1130950;1727233;979207;744221;732155;603558;340292;315829;483004;283005;5992.5;6044.5;6027.5;6036.0;6056.5;6074.0;6044.0;6045.0;6052.5;6039.0;6057.0;6081.0;6085.5;6059.5;5980.5;6013.0;6020.0;6034.0;6055.5;6015.5;6030.0;6044.5;6027.5;6036.0;6056.5;6073.5;6043.5;6057.0;652398;621317;417957;386593;364339;607363;303599;226122;197396;136605;122117;103399;161700;90138;0
2024-12-16;0.01551799216183049;0.11224489795918367;-0.022636906987625365;-2.4492935982947064e-16;1.0;-0.10116832198743204;-0.9948693233918952;0.0;1.0;124810;124915;124785;124700;124655;124795;124625;124990;125020;124825;124740;124825;124885;124775;124535;124635;124295;124340;124545;124510;124550;124915;124785;124705;124660;124800;124625;124630;2315144;1856870;2365206;1276517;947958;1194843;909315;805651;579875;693663;377297;285445;351091;254073;6078.5;6056.5;6050.0;6064.5;6077.5;6068.5;6091.0;6107.0;6065.0;6092.0;6086.5;6079.5;6094.0;6100.0;6033.5;6032.5;6050.0;6061.5;6060.0;6066.0;6084.0;6057.0;6050.0;6064.0;6077.5;6068.0;6091.0;6086.5;1070409;467142;509050;309603;237282;256925;245087;337277;157169;159626;99222;74070;78733;71214;0
2024-12-17;0.013620703469273295;0.12058823529411765;-0.03074125440639032;-2.4492935982947064e-16;1.0;-0.2993631229733582;-0.9541392564000488;0.7818314824680298;0.6234898018587336;123525;124045;124475;123895;124245;124890;124980;124370;124510;124535;124365;125300;124995;125430;123495;123580;123695;123785;124155;124330;124535;124050;124470;123890;124240;124890;124980;124705;2470082;2286355;2285007;2023812;2056214;1541949;1782760;923773;739317;683944;602923;615870;465651;541401;6155.0;6147.5;6158.5;6196.0;6177.5;6122.5;6101.0;6172.5;6184.0;6197.0;6217.5;6183.5;6137.5;6113.5;6104.0;6147.0;6156.5;6165.0;6112.5;6100.0;6067.5;6147.0;6158.0;6195.5;6177.5;6122.5;6101.0;6101.5;1066939;654622;502539;926975;550928;398922;486773;377528;213754;162314;259738;194503;143044;180190;0
2024-12-18;0.015664845173041893;1.6847545219638242;-0.003985863836290809;-2.4492935982947064e-16;1.0;-0.4853019625310808;-0.8743466161445822;0.9749279121818236;-0.22252093395631434;126755;125835;125565;124895;124400;124015;124050;127030;126045;125745;124925;124585;124215;124345;125810;125470;124870;124300;124010;123855;123890;125835;125560;124895;124395;124015;124050;123975;2102728;2008075;1952581;1852899;1259176;1234857;1272786;745161;672814;608665;526460;378676;380601;347996;6107.5;6148.5;6167.0;6160.0;6191.0;6198.5;6207.5;6152.0;6168.0;6175.0;6195.0;6204.0;6213.0;6230.0;6100.0;6148.0;6139.0;6155.0;6188.0;6188.5;6204.5;6148.5;6167.0;6160.0;6191.0;6199.0;6207.5;6222.0;802675;440052;577375;450751;375650;279497;336461;309651;146989;184866;135411;107637;86439;101216;0
2024-12-19;0.039327837166186735;0.362086258776329;-0.024480536870461096;-2.4492935982947064e-16;1.0;-0.651372482722222;-0.7587581226927911;0.43388373911755823;-0.900968867902419;123850;123360;123330;123490;123415;123210;123420;123905;123545;123680;123495;123750;123555;123440;123240;122900;123070;122975;123205;123190;123095;123355;123330;123485;123415;123210;123420;123350;1797796;3106136;2640133;1636154;1249950;998845;1078287;674216;1026349;801440;488963;385813;316102;294471;6250.0;6271.0;6196.0;6157.5;6141.0;6150.0;6130.5;6304.0;6308.5;6204.0;6193.0;6157.5;6158.0;6136.5;6241.0;6190.0;6147.5;6140.0;6126.5;6126.5;6112.0;6270.5;6196.0;6157.5;6140.5;6149.5;6130.5;6119.5;875048;1436160;980645;616735;523742;314238;325064;325283;447572;298431;200083;152208;123354;117538;0
2024-12-20;0.008922083165119096;-0.18099547511312217;-0.0325298043555887;-2.4492935982947064e-16;1.0;-0.7907757369376986;-0.6121059825476627;-0.433883739117558;-0.9009688679024191;122600;122730;122525;122845;122945;122825;123225;123085;122810;123165;123160;123010;123310;123950;122405;122370;122515;122815;122745;122710;122955;122730;122530;122840;122945;122825;123225;123710;1856121;2015344;2097074;1209581;954205;1133342;1760123;666188;667851;660082;371218;296622;338337;507991;6106.0;6066.0;6102.0;6086.5;6090.0;6089.5;6099.0;6118.5;6121.5;6107.0;6101.5;6105.5;6102.0;6112.0;6056.5;6064.5;6078.5;6074.5;6074.0;6076.5;6051.0;6065.5;6102.0;6086.0;6090.0;6090.0;6098.5;6063.0;785079;660166;519945;509224;363400;261045;538360;309251;243037;199670;158411;116187;91819;184184;0
2024-12-23;0.013132137030995106;0.6708074534161491;-0.023427457153819074;-2.4492935982947064e-16;1.0;-0.9987165071710528;-0.05064916883871355;0.0;1.0;123450;122865;122945;122495;122530;122710;122625;123570;123345;123155;122630;122735;122720;122830;122615;122750;122450;122210;122435;122445;122475;122860;122940;122490;122530;122705;122625;122820;1526294;1991211;1626958;1305480;653142;851446;750817;556993;636562;511994;382989;195936;257551;221562;6123.0;6158.0;6159.5;6163.5;6173.0;6183.5;6191.5;6161.5;6166.0;6174.0;6182.5;6189.5;6200.5;6206.0;6113.0;6145.0;6149.0;6159.5;6169.0;6182.5;6185.5;6158.5;6159.5;6163.5;6173.0;6184.0;6191.5;6195.0;594709;328324;352382;345249;201224;203634;248533;230985;121935;128445;116273;66237;66846;79282;0
2024-12-26;0.011948157148643175;0.07457627118644068;-0.030405693554881593;-2.4492935982947064e-16;1.0;-0.848644257494751;0.5289640103269624;0.43388373911755823;-0.900968867902419;122205;122315;122120;122535;122680;122715;122775;122545;122585;122700;122715;123110;122850;122970;121660;121915;122035;122385;122675;122515;122695;122310;122115;122535;122685;122710;122775;122755;1731497;1999555;1481832;1003802;1030981;1003168;941041;647854;689091;490110;314077;310192;301839;267909;6165.0;6168.5;6179.0;6167.5;6155.0;6162.5;6175.5;6198.0;6202.0;6194.5;6177.0;6166.5;6183.5;6182.0;6152.0;6163.5;6165.5;6150.5;6152.0;6160.5;6164.0;6169.0;6179.0;6167.5;6155.0;6162.5;6175.5;6177.0;615884;517610;374315;325195;217404;238118;222029;228238;182292;119999;98442;67517;83687;72188;0
2024-12-27;0.011865308293441349;0.5827586206896552;-0.024901797689310574;-2.4492935982947064e-16;1.0;-0.72479278722912;0.6889669190756865;-0.433883739117558;-0.9009688679024191;122505;122975;122070;122330;122105;121965;121915;123050;123075;122665;122360;122230;122000;122030;122210;122025;122065;121935;121865;121740;121585;122975;122075;122325;122100;121960;121920;121625;1771359;2000262;1528464;1380650;797665;811637;872555;633694;654260;488323;421283;248549;251740;264782;6200.0;6183.5;6210.0;6200.0;6203.5;6205.0;6198.0;6218.0;6217.0;6215.5;6213.0;6213.0;6206.5;6208.0;6172.0;6183.0;6190.0;6190.0;6200.5;6191.0;6193.0;6183.0;6210.5;6200.0;6204.0;6204.5;6198.5;6204.5;558610;435460;301668;303588;179443;184979;148900;219859;159815;112434;109697;68222;68619;50895;0
2024-12-30;0.0144483898616383;0.11299435028248588;-0.03033954675226993;-2.4492935982947064e-16;1.0;-0.20129852008866114;0.9795299412524943;0.0;1.0;121505;121855;122035;121765;121665;121480;121570;121920;122410;122240;122150;121795;121650;121725;121445;121685;121720;121600;121410;121430;121505;121850;122040;121770;121660;121480;121570;121645;1413924;2058434;1366161;1239736;1209348;899477;549794;505230;658827;450856;387516;374290;277665;159602;6240.0;6216.0;6205.5;6218.5;6257.0;6237.0;6213.5;6254.5;6236.5;6221.5;6261.5;6277.5;6240.0;6229.0;6206.5;6186.5;6198.5;6209.0;6218.0;6196.0;6211.0;6216.5;6205.5;6219.0;6256.5;6237.0;6213.5;6218.0;470598;498624;357179;358073;397431;356784;171090;184142;170164;112319;111114;127360;119260;54748;1
2025-01-02;0.008230113987078722;0.38;-0.026647512372701534;0.49999999999999994;0.8660254037844387;0.39435585511331855;0.9189578116202306;0.43388373911755823;-0.900968867902419;121790;121275;120605;121015;121795;121840;121440;122375;121400;121245;121865;121975;121880;121535;121055;120390;120300;121010;121550;121215;121260;121275;120605;121010;121800;121840;121440;121440;1626509;1878561;1778631;1590826;1429347;1230304;985548;647788;627565;559891;477666;440409;377282;305390;6219.5;6248.0;6242.0;6237.5;6220.0;6187.5;6198.0;6261.0;6259.5;6253.0;6244.0;6226.5;6211.5;6209.5;6192.5;6236.5;6228.5;6216.5;6184.0;6186.5;6190.0;6247.5;6242.5;6237.0;6219.5;6188.0;6198.0;6191.0;555766;331368;371241;317417;383329;231505;181719;203726;121671;125383;100128;130121;82538;67033;0
2025-01-03;0.017037523606207406;0.4650602409638554;-0.029037204293326607;0.49999999999999994;0.8660254037844387;0.5712682150947923;0.8207634412072763;-0.433883739117558;-0.9009688679024191;121265;120855;120990;120525;120320;119980;119705;121420;121565;121005;120550;120330;120145;119880;120715;120780;120405;120220;119920;119630;119640;120855;120990;120530;120315;119980;119700;119710;1476682;2580377;1884719;1167956;1078378;1139543;712247;571618;818047;584273;345325;315126;339197;207882;6180.0;6218.5;6174.5;6187.0;6189.0;6208.0;6217.5;6232.0;6221.5;6190.0;6207.5;6210.5;6220.0;6221.5;6177.0;6166.5;6168.0;6186.0;6183.0;6196.5;6209.5;6218.0;6175.0;6186.5;6189.5;6207.5;6217.5;6217.0;549641;644819;310694;319301;188550;244086;144890;203466;220654;111755;108072;63859;85412;53350;0
2025-01-06;0.017193749226899764;0.21342925659472423;-0.037415771371697576;0.49999999999999994;0.8660254037844387;0.9377521321470804;0.3473052528448203;0.0;1.0;119925;120925;120975;121240;121000;121275;121000;120945;121250;121380;121470;121300;121405;121045;119825;120815;120545;120755;120800;120895;120720;120925;120975;121235;121000;121275;121000;120920;1936628;2310938;2736309;1577190;1010606;1008881;946356;676829;729040;877563;480925;312502;312152;277792;6176.5;6153.0;6136.0;6145.5;6143.5;6138.5;6149.0;6179.5;6153.0;6183.5;6149.0;6147.5;6157.5;6155.5;6150.0;6121.0;6133.0;6127.0;6129.5;6131.0;6139.0;6153.0;6136.0;6145.5;6143.5;6139.0;6148.5;6140.5;649494;548515;578424;275970;184714;198661;171066;257040;203991;205213;100034;61399;66304;58029;1
2025-01-07;0.01371690639983323;0.7507598784194529;-0.026261813794490246;0.49999999999999994;0.8660254037844387;0.9884683243281114;0.1514277775045767;0.7818314824680298;0.6234898018587336;121060;121795;122170;122340;122500;122690;122545;121875;122260;122495;122855;122725;122780;122690;120915;121770;122065;122005;122360;122505;122225;121790;122170;122340;122495;122690;122550;122285;2086947;2357909;2199898;2029175;1124667;925980;938097;723500;703324;614905;576861;341584;263748;264222;6143.0;6126.5;6090.0;6097.5;6091.5;6091.5;6102.0;6147.0;6127.5;6116.5;6112.5;6103.0;6109.5;6135.5;6107.0;6090.0;6090.0;6083.0;6080.5;6085.5;6101.5;6126.5;6090.0;6097.5;6091.5;6092.0;6102.0;6132.0;640805;541254;397442;376893;273638;221163;301061;244838;193908;141655;130316;94819;72422;89079;1
2025-01-08;0.016025111514951264;0.6623711340206185;-0.015494679683298656;0.49999999999999994;0.8660254037844387;0.9987165071710528;-0.05064916883871264;0.9749279121818236;-0.22252093395631434;122200;121650;121015;120845;121030;120955;120645;122350;121895;121205;121150;121085;120970;120765;121475;120950;120725;120820;120835;120560;120460;121650;121020;120840;121030;120960;120645;120570;2107856;2626821;2071743;1062156;908021;1116897;904504;742643;821722;609354;323125;278641;326435;258260;6151.5;6154.5;6173.0;6159.0;6145.5;6155.0;6147.0;6173.5;6182.0;6175.5;6162.5;6161.0;6160.5;6152.5;6149.0;6150.0;6145.0;6137.5;6145.0;6143.5;6139.0;6155.0;6173.0;6159.0;6145.5;6155.0;6147.0;6146.0;610066;576778;465415;298594;217203;160868;206749;237231;210821;154290;99651;70381;55978;70487;0
2025-01-09;0.01620294599018003;0.20454545454545456;-0.024014772105125995;0.49999999999999994;0.8660254037844387;0.9680771188662043;-0.2506525322587204;0.43388373911755823;-0.900968867902419;120775;120645;120775;120840;121050;121040;121075;120930;120945;120930;121095;121055;121150;121080;120475;120580;120510;120780;120810;120930;120825;120640;120780;120845;121050;121035;121070;120865;1987939;2200614;1713528;1016056;839156;821346;629392;734122;670543;489676;270438;228519;223815;170579;6132.0;6136.0;6130.0;6101.5;6095.0;6095.0;6097.0;6147.5;6144.5;6140.0;6112.0;6103.0;6106.5;6097.5;6121.0;6122.0;6100.0;6080.5;6088.5;6089.0;6072.5;6135.5;6130.5;6102.0;6095.5;6095.0;6097.0;6079.5;526228;466051;460749;371329;218076;175829;289396;202278;154553;143627;111048;63832;54584;77617;0
2025-01-10;0.005588904988615194;0.9407407407407408;-0.01918743432601024;0.49999999999999994;0.8660254037844387;0.8978045395707416;-0.4403941515576344;-0.433883739117558;-0.9009688679024191;121110;120855;120235;120005;119795;119835;120145;121420;120945;120395;120005;119950;120205;120265;120800;120090;119955;119665;119655;119680;120020;120850;120230;120010;119800;119835;120145;120220;1459442;2457160;1980380;1273041;957042;1154498;938815;538024;784206;576828;364145;267436;318508;244422;6064.0;6077.0;6127.5;6125.0;6134.5;6136.0;6127.0;6087.0;6150.0;6135.5;6138.5;6144.5;6141.5;6133.5;6055.0;6073.5;6114.5;6119.0;6127.0;6125.0;6117.5;6076.5;6127.5;6125.0;6135.0;6136.5;6126.5;6119.0;402331;1036251;434638;320455;223183;166865;208016;158660;268688;141019;103011;76410;56610;60409;0
2025-01-13;0.014573528197506399;0.07365439093484419;-0.027026148900698346;0.49999999999999994;0.8660254037844387;0.48530196253108104;-0.8743466161445821;0.0;1.0;119785;119875;119840;120290;120435;120095;119965;120165;120155;120465;120615;120650;120125;120010;119565;119675;119615;120220;120085;119855;119860;119870;119845;120290;120435;120095;119960;119910;1741226;2259932;2108744;1183516;1102871;1031219;737103;607708;712019;621785;336287;306763;287631;189053;6149.5;6120.0;6139.5;6136.0;6129.0;6131.0;6115.5;6159.0;6144.5;6153.0;6141.5;6134.0;6132.5;6117.0;6097.5;6102.5;6127.5;6117.5;6115.0;6113.0;6101.0;6120.0;6139.0;6136.5;6128.5;6131.5;6115.5;6109.5;571680;496428;466208;260994;225765;173677;218736;215489;181387;159225;89349;72148;59892;69093;0
2025-01-14;0.009057895395917686;0.6129032258064516;-0.01995068370320556;0.49999999999999994;0.8660254037844387;0.29936312297335804;-0.9541392564000488;0.7818314824680298;0.6234898018587336;120230;119980;120100;119560;120095;119880;119770;120510;120370;120105;120195;120165;120040;119960;119930;119430;119055;119530;119830;119690;119765;119985;120095;119555;120095;119880;119770;119910;1824780;3421713;2715071;1309505;857832;881500;636480;634652;1050915;805016;397174;271198;280956;194394;6113.5;6100.0;6079.0;6090.5;6070.5;6071.0;6081.5;6113.5;6107.5;6094.5;6096.0;6078.5;6083.0;6082.5;6088.0;6061.5;6072.5;6068.0;6063.5;6063.5;6065.0;6100.5;6079.0;6090.5;6070.5;6071.5;6081.5;6071.0;553040;745932;473436;341399;224017;216706;217331;209564;244652;152547;100124;70476;64768;54799;1
2025-01-15;0.012101804873991517;0.8350515463917526;-0.01572128880195759;0.49999999999999994;0.8660254037844387;0.10116832198743272;-0.994869323391895;0.9749279121818236;-0.22252093395631434;120270;121275;121910;121605;121615;121925;121985;121290;122035;121995;121765;121930;121995;122355;120270;121030;121475;121325;121535;121760;121955;121280;121910;121600;121610;121920;121985;122270;1952305;2751785;1610397;1474938;783086;847958;1353319;606870;830348;467350;382438;207766;220202;308226;6065.0;6075.5;6032.5;6057.0;6058.0;6065.0;6059.0;6081.0;6087.0;6058.0;6078.0;6076.5;6070.0;6062.5;6052.0;6030.0;6028.0;6053.0;6056.5;6051.0;6040.0;6075.0;6032.0;6057.0;6058.0;6064.5;6059.0;6042.0;469511;845287;378960;375354;255946;205512;197953;186436;275147;120306;114602;81045;64792;62652;1
2025-01-16;0.0306809678223996;0.7804878048780488;0.00899203211732656;0.49999999999999994;0.8660254037844387;-0.10116832198743204;-0.9948693233918952;0.43388373911755823;-0.900968867902419;123150;123120;122730;122495;122235;122085;121850;123420;123230;123000;122575;122260;122175;121880;122920;122645;122375;122110;121945;121725;121595;123125;122725;122500;122230;122080;121850;121665;2035258;2516858;2308145;1404619;1097640;938278;877769;674378;746758;642724;420155;302113;254006;225925;6040.0;6043.5;6062.5;6037.0;6040.0;6060.5;6071.0;6045.0;6065.0;6064.5;6051.5;6067.5;6074.5;6086.0;6011.0;6042.5;6037.0;6020.0;6037.5;6052.0;6070.5;6043.5;6062.0;6037.0;6039.5;6061.0;6071.0;6083.5;697438;543326;434237;500942;355595;235168;196548;249185;178169;130492;148596;103566;72561;58978;1
2025-01-17;0.014819326025172554;0.5315068493150685;0.005449105112150664;0.49999999999999994;0.8660254037844387;-0.2993631229733582;-0.9541392564000488;-0.433883739117558;-0.9009688679024191;122565;122505;121935;122905;123260;123415;123400;122650;122605;122955;123340;123555;123510;123450;122215;121810;121855;122865;123245;123235;122925;122510;121935;122910;123255;123415;123395;123125;1826769;2601727;2445030;1293355;975134;929269;1027267;602191;756153;699422;356302;260925;247064;261916;6072.0;6069.5;6098.0;6070.5;6051.0;6051.5;6067.0;6075.5;6099.0;6104.5;6073.0;6060.0;6072.5;6082.0;6041.5;6067.5;6061.0;6043.5;6045.0;6046.5;6065.5;6069.5;6097.5;6070.5;6051.5;6051.0;6067.0;6072.0;536212;556403;577527;352450;237802;221254;216029;188676;182023;174739;109297;73350;64219;63243;0
2025-01-20;0.014237343450414067;0.6303724928366762;0.00852127035443069;0.49999999999999994;0.8660254037844387;-0.7907757369376986;-0.6121059825476627;0.0;1.0;122910;122770;122875;123765;123610;123720;123640;123235;123080;123845;123925;123880;123820;123720;122615;122245;122785;123535;123600;123295;123290;122770;122870;123765;123610;123715;123640;123435;1828744;3152893;2289515;1192272;896264;1185262;715375;587753;950772;665307;334865;254606;352358;213554;6080.0;6094.5;6061.5;6048.0;6060.0;6057.5;6062.5;6100.0;6099.5;6072.0;6061.0;6061.0;6079.5;6062.5;6068.0;6056.0;6042.5;6044.0;6050.5;6051.0;6045.0;6095.0;6061.0;6047.5;6060.0;6057.0;6062.5;6054.5;464858;603321;427021;227121;138511;332243;179830;185983;211060;142066;75777;46184;104756;56612;1
2025-01-21;0.014766902611667073;0.6584022038567493;0.013404374534356535;0.49999999999999994;0.8660254037844387;-0.8978045395707417;-0.44039415155763423;0.7818314824680298;0.6234898018587336;123440;123455;123435;123245;123585;123630;123590;123505;123605;123520;123735;123875;123775;123995;122875;122990;123185;123170;123550;123520;123585;123455;123435;123245;123580;123625;123595;123880;2028035;2428307;1736881;1450666;855536;898897;1034204;659638;729606;517010;398025;243775;250549;273732;6065.0;6056.0;6066.5;6061.5;6043.5;6040.0;6046.0;6080.0;6070.0;6071.5;6066.0;6047.0;6047.5;6048.5;6054.0;6055.5;6055.0;6038.5;6035.0;6035.5;6029.0;6056.0;6066.0;6061.5;6043.0;6040.0;6046.0;6039.0;623308;440450;389978;352453;240437;160961;223241;230982;141074;116478;106461;69755;48575;63210;1
2025-01-22;0.011625081011017498;0.9442508710801394;0.01952802819848913;0.49999999999999994;0.8660254037844387;-0.9680771188662041;-0.2506525322587213;0.9749279121818236;-0.22252093395631434;124230;124670;124065;123935;123975;124005;124255;124725;124770;124415;124170;124180;124335;124335;124110;123870;123930;123815;123915;123985;124040;124670;124065;123935;123980;124010;124250;124055;1835847;2434128;2215133;1337981;863492;832319;829489;629044;704501;650470;376995;245256;230959;217859;6023.0;6011.5;6000.0;5949.5;5951.5;5935.0;5945.0;6030.0;6024.5;6003.0;5954.5;5955.0;5948.5;5947.0;6006.0;5997.0;5937.0;5940.0;5925.0;5930.5;5937.5;6011.5;5999.5;5949.5;5951.5;5935.0;5945.0;5941.0;648358;488132;907572;408155;410654;277850;272783;230111;152910;241348;107399;102010;75657;55646;0
2025-01-23;0.009337519117765435;0.16379310344827586;0.015678199017138544;0.49999999999999994;0.8660254037844387;-0.9987165071710528;-0.05064916883871355;0.43388373911755823;-0.900968867902419;123800;123945;124395;123740;123515;123490;123725;123965;124730;124505;123820;123605;123820;123755;123420;123870;123595;123505;123265;123400;123205;123945;124390;123740;123515;123490;123725;123285;1924364;2671034;2223068;1160325;1457300;834527;1119752;635429;796017;608345;319935;418724;232425;300234;5952.0;5969.5;5957.0;5952.0;5929.0;5916.5;5894.0;5980.0;5974.0;5965.0;5952.5;5939.5;5918.5;5919.0;5948.0;5950.0;5947.0;5920.0;5908.5;5882.5;5892.0;5969.5;5957.0;5951.5;5929.0;5916.5;5894.0;5917.5;550699;518250;345408;420795;426459;363621;266475;207324;171423;105139;120735;128729;98572;73319;0
2025-01-24;0.015347334410339256;0.2736842105263158;0.012330987504872895;0.49999999999999994;0.8660254037844387;-0.9884683243281114;0.15142777750457667;-0.433883739117558;-0.9009688679024191;123350;123165;123425;122930;123110;123190;123115;123555;123565;123455;123300;123290;123275;123200;122935;122790;122800;122845;123065;123085;122950;123170;123425;122930;123110;123190;123115;123110;1912206;2562583;1644893;1219586;795052;614192;583599;634509;787197;502240;348750;226091;164097;159627;5912.0;5907.0;5887.5;5898.0;5892.0;5889.0;5903.5;5921.5;5920.0;5909.0;5901.0;5893.0;5904.5;5913.5;5893.0;5879.5;5885.5;5875.0;5875.0;5885.0;5898.0;5907.5;5887.5;5897.5;5892.0;5888.5;5903.5;5913.0;519473;550135;409420;364992;254671;191280;174185;195699;178825;126320;99324;73208;56622;51112;0
2025-01-27;0.006282934738548845;-0.567741935483871;0.00373889662555863;0.49999999999999994;0.8660254037844387;-0.72479278722912;0.6889669190756865;0.0;1.0;122350;122875;124240;124400;124230;124750;124890;122960;124520;124655;124590;124755;125090;125275;122190;122805;124155;124110;124215;124740;124830;122880;124235;124400;124235;124750;124890;125045;1679320;3063740;2156843;1330310;1042222;1245126;1173020;563600;875844;644495;390009;300399;340535;308342;5950.5;5940.0;5919.0;5928.0;5938.5;5922.0;5916.5;5962.0;5942.5;5943.0;5948.0;5947.5;5931.5;5921.0;5931.0;5908.5;5915.0;5927.0;5919.0;5910.5;5903.0;5939.5;5918.5;5928.0;5938.5;5922.0;5916.5;5919.5;583371;551535;394930;270282;270738;239619;195031;203757;178716;123330;84631;84374;76261;55622;1
2025-01-28;0.028320392317123008;0.8831168831168831;0.02632597833858105;0.49999999999999994;0.8660254037844387;-0.5712682150947924;0.8207634412072763;0.7818314824680298;0.6234898018587336;125250;125295;124885;124890;124930;124770;124865;125605;125475;125215;125060;124975;124880;124970;125100;124800;124840;124695;124565;124660;124725;125300;124885;124890;124935;124770;124870;124900;1830112;2260112;1688455;1369009;1118979;839212;694627;612387;685044;512013;387422;312072;228228;191482;5916.5;5912.0;5915.0;5888.0;5879.5;5864.0;5872.5;5925.0;5920.0;5915.0;5888.0;5880.5;5878.5;5876.0;5900.0;5905.5;5886.0;5871.5;5863.5;5861.0;5861.5;5912.0;5914.5;5888.0;5879.5;5864.0;5872.5;5870.0;501340;479467;468350;417661;236999;243818;229754;182859;134894;142100;122955;70792;69887;66538;0
2025-01-29;0.008942115768463073;0.33482142857142855;0.02179476950082551;0.49999999999999994;0.8660254037844387;-0.3943558551133187;0.9189578116202306;0.9749279121818236;-0.22252093395631434;124860;125520;124390;124510;124760;124430;124455;125535;125525;124540;124765;124850;124560;124560;124790;124340;124115;124345;124420;124330;124330;125515;124390;124505;124765;124435;124455;124455;1542909;2506368;1675394;1043844;963996;712559;637853;541444;741717;481887;293289;283695;213302;177589;5866.0;5847.5;5881.5;5857.5;5871.5;5884.0;5880.5;5877.5;5891.0;5886.5;5877.5;5885.0;5884.5;5882.5;5846.5;5845.0;5856.0;5845.0;5862.0;5868.0;5869.0;5848.0;5881.5;5858.0;5871.5;5884.0;5880.0;5872.0;527787;589534;451681;452505;317752;213529;132691;176814;172322;137799;114813;79394;60707;41851;0
2025-01-30;0.014296011532916868;0.39215686274509803;0.017469489200883797;0.49999999999999994;0.8660254037844387;-0.20129852008866114;0.9795299412524943;0.43388373911755823;-0.900968867902419;124450;124685;125360;125970;126620;126860;127190;124915;125870;126280;126700;126900;127265;127645;124245;124645;125170;125900;126520;126825;127170;124680;125365;125970;126620;126865;127185;127470;2153467;2788841;2226958;1380175;1105075;1127966;1215738;716049;840041;656828;401074;311506;290739;327719;5864.0;5917.0;5901.0;5900.0;5886.0;5898.5;5874.0;5957.5;5921.5;5918.5;5904.0;5902.0;5899.0;5875.5;5863.5;5897.5;5883.5;5876.5;5876.0;5867.0;5861.0;5917.5;5901.0;5900.5;5886.0;5898.0;5874.0;5865.5;788122;419765;543167;331673;208908;245911;246611;281207;132644;156530;97192;66636;67575;68543;0
2025-01-31;0.02808356769787063;0.876967095851216;0.038269415050869574;0.49999999999999994;0.8660254037844387;-2.4492935982947064e-16;1.0;-0.433883739117558;-0.9009688679024191;127310;127425;127775;127615;127570;127625;127555;127650;127840;128015;127770;127795;127710;127605;127235;127215;127280;127340;127495;127375;126950;127420;127780;127615;127570;127625;127550;127035;1673051;2047992;2207677;1077668;847494;1037799;1381948;588362;661298;683392;343182;259292;325116;419564;5900.0;5888.0;5845.5;5848.5;5872.5;5868.5;5869.0;5905.0;5888.0;5868.5;5882.5;5885.5;5877.0;5888.5;5880.5;5842.0;5843.5;5848.0;5861.5;5848.5;5861.5;5888.5;5845.5;5848.5;5872.5;5868.5;5869.0;5870.5;467384;659552;445310;426098;315165;339195;308673;176228;203868;128824;107084;81181;99864;99072;0
2025-02-03;0.011860812190715575;-0.5231788079470199;0.022239388518458286;0.8660254037844386;0.5000000000000001;0.6234898018587335;0.7818314824680298;0.0;1.0;125715;126135;126175;126230;126815;126400;126280;126180;126475;126545;126900;126870;126540;126465;125465;125955;126065;126035;126365;126170;126060;126140;126175;126230;126820;126405;126280;126070;1455123;2281640;1863780;2463465;1218878;1012184;833357;534488;707668;563392;756299;373035;303304;246195;5897.0;5888.5;5911.0;5929.0;5855.0;5862.5;5863.0;5918.5;5924.0;5935.0;5935.0;5867.5;5868.5;5866.5;5878.5;5873.0;5907.5;5852.5;5845.5;5848.5;5845.0;5888.5;5910.5;5929.5;5855.0;5862.5;5863.5;5848.0;408235;561434;471132;725306;310600;291916;221130;146471;184468;152516;233451;101904;89733;68210;1
2025-02-04;0.011414707870978006;0.7212543554006968;0.026394151581782925;0.8660254037844386;0.5000000000000001;0.7818314824680298;0.6234898018587336;0.7818314824680298;0.6234898018587336;126500;125820;125130;125630;125810;125870;125780;126535;126135;125750;126200;126000;125925;125910;125815;124965;124995;125585;125585;125520;125635;125815;125135;125625;125815;125865;125780;125880;1675489;2332234;1994713;1656316;961105;1015296;783390;600790;740484;615655;495860;284638;302586;229107;5828.5;5837.0;5838.5;5819.5;5791.0;5788.0;5799.0;5854.5;5851.0;5841.5;5820.0;5794.5;5806.5;5804.5;5826.5;5836.0;5816.0;5783.0;5784.0;5787.5;5792.5;5837.5;5838.0;5819.5;5791.0;5788.0;5799.0;5802.5;546968;434770;472939;586839;197392;268306;156686;194769;144410;145782;165646;57847;80313;50300;0
2025-02-05;0.01241106719367589;0.37261146496815284;0.017437443399724063;0.8660254037844386;0.5000000000000001;0.9009688679024191;0.4338837391175582;0.9749279121818236;-0.22252093395631434;125550;125600;125430;125430;125850;125740;125695;125905;125865;125575;126120;125860;125825;125835;125385;125290;124845;125410;125585;125535;125585;125595;125435;125425;125850;125740;125695;125725;1730098;2265806;2202233;1536863;958924;815543;644339;613904;725640;639080;458557;274475;231749;181816;5787.0;5813.0;5830.0;5822.0;5829.5;5825.0;5797.5;5814.5;5832.0;5844.0;5833.0;5834.5;5825.0;5816.0;5775.0;5812.0;5820.0;5806.0;5817.0;5794.0;5795.5;5813.0;5830.0;5822.5;5829.0;5825.5;5797.5;5815.5;580603;433490;441914;441571;201521;239312;213038;215136;139214;135133;135497;61550;74430;57928;1
2025-02-06;0.01015531660692951;0.8666666666666667;0.018580295586421627;0.8660254037844386;0.5000000000000001;0.9749279121818236;0.22252093395631445;0.43388373911755823;-0.900968867902419;125950;125765;125775;125840;125645;125950;125980;126225;125810;126455;126015;126005;126110;126490;125460;125400;125505;125565;125620;125820;125895;125765;125780;125845;125640;125950;125975;126430;1922623;1903896;2622589;1326328;826587;841547;1149820;658291;609791;770815;377096;239156;246782;317147;5830.5;5827.0;5811.0;5804.5;5800.0;5800.0;5784.0;5850.0;5844.5;5822.0;5815.5;5805.0;5801.0;5786.0;5823.5;5810.0;5788.0;5797.5;5792.0;5773.5;5775.0;5826.5;5811.0;5805.0;5800.0;5799.5;5783.5;5781.5;578069;537063;550350;328650;192095;317076;206317;206607;177863;160090;93744;58894;81550;58944;0
2025-02-07;0.009884874950377133;0.7911646586345381;0.01988363554199853;0.8660254037844386;0.5000000000000001;1.0;6.123233995736766e-17;-0.433883739117558;-0.9009688679024191;126385;126240;126535;125890;125420;125025;125025;126470;126745;126575;125940;125460;125125;125305;126150;126220;125575;125270;124980;124825;124320;126240;126540;125895;125420;125020;125025;124490;1309921;2366276;2046821;1670518;1424738;1004680;1312039;460005;780990;627569;492048;435353;318938;369657;5796.5;5793.5;5769.0;5770.0;5779.5;5808.5;5800.5;5801.0;5798.5;5788.5;5793.5;5814.5;5812.5;5832.0;5784.5;5760.0;5762.0;5758.0;5779.0;5790.5;5795.5;5793.0;5769.5;5769.5;5780.0;5808.5;5800.5;5826.0;387389;696953;446639;501363;459751;325558;317903;145059;231310;147501;158986;132450;102208;90117;1
2025-02-10;0.019187403568461447;0.3216494845360825;0.007532331035982435;0.8660254037844386;0.5000000000000001;0.7818314824680299;-0.6234898018587335;0.0;1.0;125100;125555;126265;125665;125970;125865;125880;125670;126490;126285;125995;126130;125935;125935;124860;125510;125385;125560;125785;125710;125685;125560;126260;125660;125970;125860;125885;125725;1698392;2553845;2069476;1141881;967916;766098;667771;579203;759639;618251;328334;271865;205460;176512;5831.5;5811.0;5801.0;5812.5;5797.5;5797.0;5799.5;5846.0;5812.5;5826.5;5813.0;5809.0;5805.5;5804.5;5810.0;5785.5;5801.0;5793.5;5795.5;5792.0;5796.0;5811.0;5801.5;5812.0;5797.0;5797.0;5799.5;5804.0;539234;595379;422826;255240;206774;150893;103759;192038;177576;137026;74825;62861;46454;31520;1
2025-02-11;0.013029576338928857;0.5460122699386503;0.010374923418401679;0.8660254037844386;0.5000000000000001;0.6234898018587339;-0.7818314824680295;0.7818314824680298;0.6234898018587336;125750;125835;126570;126460;126495;126585;126580;126210;126875;127000;126525;126630;126645;126670;125565;125715;126405;126130;126410;126440;126460;125840;126570;126455;126495;126590;126575;126535;1696616;2654949;1824199;1040011;901743;687196;562319;594011;786408;550264;295353;252927;194779;149729;5818.0;5809.0;5807.5;5795.0;5783.0;5781.5;5787.0;5823.0;5826.0;5809.0;5796.0;5786.5;5789.0;5790.0;5797.0;5805.0;5782.0;5776.0;5777.5;5776.0;5779.5;5809.0;5807.5;5794.5;5783.0;5781.5;5787.0;5787.0;606916;507287;482710;305756;182246;168306;139339;219280;174021;156830;100244;54079;44754;40602;0
2025-02-12;0.011411530815109344;2.4146341463414633;0.03412624627320232;0.8660254037844386;0.5000000000000001;0.43388373911755823;-0.900968867902419;0.9749279121818236;-0.22252093395631434;129030;127565;127020;127130;126700;126740;127015;129340;127910;127380;127130;126785;127050;127240;127550;126715;126850;126450;126490;126605;126700;127565;127020;127130;126705;126740;127010;126965;2716919;2936299;1679410;1342487;794159;1148463;1417413;914294;1019655;557301;405066;241021;339716;372483;5787.0;5787.0;5783.5;5784.0;5784.5;5777.5;5774.0;5790.0;5805.0;5791.0;5800.0;5789.5;5783.0;5785.0;5773.5;5765.5;5767.5;5775.0;5775.0;5772.0;5760.0;5786.5;5783.5;5784.0;5784.5;5777.5;5774.5;5776.5;488909;830871;429884;452062;150992;196044;336454;179386;266682;130970;126455;46450;55841;89518;0
2025-02-13;0.022669146710067426;0.17606837606837608;0.016104532364166164;0.8660254037844386;0.5000000000000001;0.2225209339563141;-0.9749279121818237;0.43388373911755823;-0.900968867902419;126930;126365;126490;126445;126535;126715;126750;127030;126685;126575;126720;126765;126950;126910;126235;126255;126035;126280;126485;126620;126625;126360;126485;126445;126540;126710;126755;126795;1484954;2290141;1989662;1457116;818591;967656;1211889;493735;711732;592598;410701;232305;261669;331803;5775.0;5785.5;5805.0;5801.0;5774.5;5777.5;5787.0;5799.0;5808.0;5814.0;5802.0;5781.5;5787.0;5808.0;5770.5;5781.0;5797.5;5773.5;5774.0;5774.5;5781.0;5785.5;5805.5;5801.0;5774.5;5777.0;5787.0;5793.0;483553;586672;347852;396752;130059;181550;441568;177919;190946;118722;116502;41271;54428;127695;0
2025-02-14;0.00988733947845269;0.7848605577689243;0.01472315201674429;0.8660254037844386;0.5000000000000001;1.2246467991473532e-16;-1.0;-0.433883739117558;-0.9009688679024191;127020;128060;128350;128715;129015;129445;129535;128370;128825;128765;129230;129440;129670;129750;126995;128025;128270;128675;128955;129335;129455;128060;128345;128715;129015;129440;129535;129725;2093503;2304987;1424949;1203965;904112;890751;692703;651610;682856;419146;342775;259336;240020;179237;5778.5;5752.0;5743.0;5735.5;5734.0;5727.0;5728.5;5783.5;5754.0;5746.0;5738.5;5736.0;5731.0;5730.0;5742.0;5733.0;5734.5;5720.0;5725.5;5717.0;5722.0;5752.0;5743.0;5735.5;5733.5;5727.5;5729.0;5727.0;573571;512078;307856;360344;134178;203234;131250;176041;149461;90015;99218;37939;55037;36506;1
2025-02-17;0.03105810108644308;0.8757921419518377;0.038978623084520055;0.8660254037844386;0.5000000000000001;-0.6234898018587338;-0.7818314824680296;0.0;1.0;130450;131130;131140;131475;131760;131870;131690;131160;131200;131630;131845;131940;131885;131725;130420;130830;131050;131390;131660;131560;131180;131125;131145;131475;131765;131870;131695;131325;1532990;1776238;1991377;1036095;804677;755648;874727;545600;589295;595600;309525;248131;237695;251654;5724.5;5721.5;5717.5;5718.5;5728.0;5722.5;5720.5;5734.5;5727.5;5723.0;5729.5;5728.5;5725.5;5726.0;5712.0;5707.5;5710.5;5716.0;5718.0;5718.5;5718.5;5721.5;5717.0;5718.5;5727.5;5722.5;5720.5;5722.5;439179;357998;239281;189905;161135;111761;91886;147038;120015;75734;51047;46781;28761;23477;1
2025-02-18;0.011651973936374089;0.5789473684210527;0.04276073485644171;0.8660254037844386;0.5000000000000001;-0.7818314824680297;-0.6234898018587337;0.7818314824680298;0.6234898018587336;131300;131070;130845;131005;131455;131405;130960;131325;131160;131160;131610;131475;131440;131035;130690;130295;130640;131000;131275;130935;130620;131075;130845;131005;131455;131405;130965;130780;1585557;2802365;1816174;1303437;834840;973542;1124043;518092;835484;522736;366463;238568;264915;291690;5724.0;5716.0;5723.0;5703.5;5689.0;5698.5;5706.5;5732.5;5726.0;5735.0;5705.0;5701.0;5708.0;5711.0;5711.5;5710.5;5701.0;5686.0;5688.5;5696.5;5700.0;5716.0;5723.0;5703.5;5689.0;5698.5;5706.5;5702.5;450149;413113;544267;399890;193437;219417;164057;158035;128081;152555;101635;51601;53724;44678;0
2025-02-19;0.010015232292460015;0.23193916349809887;0.03443701003348455;0.8660254037844386;0.5000000000000001;-0.900968867902419;-0.4338837391175583;0.9749279121818236;-0.22252093395631434;130600;129580;130100;129815;129880;129675;129550;130620;130125;130160;130035;129975;129700;129610;129475;129450;129625;129755;129655;129470;129315;129575;130100;129810;129885;129675;129550;129365;2200650;1973500;1802859;1046986;822672;925885;786054;696253;576691;516539;282295;230818;255415;203824;5712.0;5728.0;5715.5;5700.0;5705.5;5723.0;5720.0;5731.5;5741.5;5722.0;5712.0;5724.0;5725.0;5728.0;5694.0;5714.0;5698.0;5691.0;5704.5;5713.0;5718.0;5728.5;5715.5;5700.5;5705.5;5723.0;5720.0;5724.0;611797;500091;474137;339188;254369;168138;159170;196838;146196;130537;93477;72352;46117;38739;0
2025-02-20;0.011255742725880551;0.3741496598639456;0.02502296818042617;0.8660254037844386;0.5000000000000001;-0.9749279121818236;-0.2225209339563146;0.43388373911755823;-0.900968867902419;129700;129665;129425;129805;129455;129350;129410;129900;129695;130000;129980;129590;129610;129495;129475;129095;129305;129450;129210;129265;129235;129665;129425;129805;129455;129355;129410;129390;1668108;2191737;2076160;1222670;973787;874635;712105;555197;680662;592544;340682;267297;232607;181921;5712.0;5706.5;5719.5;5702.0;5706.0;5706.0;5702.5;5722.5;5725.0;5722.0;5716.5;5711.5;5709.0;5709.0;5699.5;5703.5;5699.0;5698.0;5704.0;5695.0;5702.0;5706.5;5720.0;5702.0;5706.5;5706.0;5702.0;5708.0;480009;512336;442819;350704;143782;193675;144698;164282;157648;135121;99651;37964;49098;35284;1
2025-02-21;0.0069776407093292215;0.4696132596685083;0.02103640871412636;0.8660254037844386;0.5000000000000001;-1.0;-1.8369701987210297e-16;-0.433883739117558;-0.9009688679024191;129520;129560;129445;129065;128910;129015;129095;129710;129750;129465;129170;129165;129345;129165;129310;129140;128920;128760;128790;129010;128445;129560;129440;129070;128910;129010;129095;128700;1287411;2114496;1833521;1035299;818136;902115;1344379;452615;673312;541506;299408;243328;269126;383594;5711.5;5715.0;5709.0;5708.5;5705.0;5704.5;5710.0;5725.0;5723.5;5719.0;5715.0;5711.0;5715.0;5743.0;5710.5;5706.0;5703.5;5700.5;5701.5;5703.5;5709.5;5715.5;5709.0;5708.0;5705.0;5705.0;5709.5;5738.0;453465;414758;428325;307377;165958;188107;499416;146474;115737;117655;83100;39990;48036;130213;1
2025-02-24;0.010075663990117356;0.7586206896551724;0.017938877266936156;0.8660254037844386;0.5000000000000001;-0.7818314824680299;0.6234898018587334;0.0;1.0;129435;129580;129005;128790;128565;128260;127825;129775;129650;129265;128825;128640;128300;127950;129310;128845;128745;128455;128250;127815;127685;129585;129010;128790;128565;128260;127830;127710;1528426;2548982;2068290;1110803;1053936;1111603;1026477;518080;782623;612301;323608;303859;315810;266190;5724.0;5715.5;5729.5;5737.5;5736.0;5738.5;5740.0;5727.5;5735.0;5740.0;5741.0;5746.5;5746.5;5755.0;5712.5;5715.5;5727.0;5730.0;5730.5;5734.5;5736.0;5716.0;5729.5;5737.5;5736.0;5738.5;5740.0;5753.0;444033;399290;341760;230598;241793;247095;252324;140762;118017;95236;66912;67807;66045;62185;0
2025-02-25;0.020937149920809674;0.2047970479704797;0.002856435624113503;0.8660254037844386;0.5000000000000001;-0.6234898018587337;0.7818314824680297;0.7818314824680298;0.6234898018587336;127620;127755;128040;128510;128375;127965;128015;128080;128285;128750;128525;128640;128135;128345;127620;127540;127945;128225;127860;127905;127980;127755;128045;128515;128375;127970;128015;128130;1904867;2427608;2151037;1123648;1436813;883832;1149079;644667;782095;653951;347986;419450;251879;299788;5768.5;5812.5;5784.5;5779.0;5761.5;5771.0;5762.0;5816.5;5813.5;5790.0;5781.5;5778.0;5775.5;5768.0;5767.5;5780.0;5768.5;5759.0;5760.0;5760.0;5745.0;5812.5;5784.0;5779.0;5762.0;5771.5;5762.0;5751.5;812228;559974;405486;324845;323092;183972;265296;257465;169438;120515;95713;85698;48918;69570;1
2025-02-26;0.009481272527816956;0.6446280991735537;0.007134391849997253;0.8660254037844386;0.5000000000000001;-0.4338837391175575;0.9009688679024194;0.9749279121818236;-0.22252093395631434;128320;129085;127555;127190;127370;127335;127000;129135;129125;127775;127455;127515;127385;127215;128250;127490;126905;127060;127255;126950;126815;129090;127555;127185;127370;127335;126995;127105;1937511;2843054;2128211;1148376;835646;1035143;978903;664996;883282;654503;347453;247991;304330;273329;5742.5;5744.5;5776.5;5801.5;5782.0;5781.0;5786.0;5756.0;5779.0;5806.5;5805.0;5784.5;5789.5;5794.0;5735.0;5740.5;5774.0;5776.5;5772.0;5771.5;5781.5;5745.0;5777.0;5801.0;5781.5;5781.5;5785.5;5792.5;500004;534284;575421;493018;256753;321840;197728;169436;154752;150980;121665;69988;91320;55283;0
2025-02-27;0.020183915211970074;-0.1718146718146718;-0.01142815705043402;0.8660254037844386;0.5000000000000001;-0.22252093395631464;0.9749279121818235;0.43388373911755823;-0.900968867902419;126100;126250;126320;126320;126430;126400;126695;126365;126580;126600;126640;126475;126810;127275;125850;126120;126110;126170;126215;126400;126640;126255;126325;126320;126430;126395;126690;127180;1592451;2141796;1937398;1229984;933330;990868;1159636;575471;673717;574438;374240;277724;296263;327396;5819.0;5807.5;5825.0;5830.5;5830.0;5830.5;5828.0;5825.5;5829.5;5833.0;5837.0;5839.0;5836.0;5838.0;5797.5;5799.5;5809.0;5825.0;5828.5;5821.5;5822.5;5808.0;5825.0;5831.0;5830.0;5830.5;5828.0;5824.0;568512;579796;508105;336167;231906;202038;176949;208817;180220;161404;104140;67007;64486;55751;0
2025-02-28;0.011538461538461539;0.3711340206185567;-0.008793341763962003;0.8660254037844386;0.5000000000000001;-2.4492935982947064e-16;1.0;-0.433883739117558;-0.9009688679024191;126390;126040;126250;125855;126050;125300;125000;126400;126645;126400;126220;126115;125425;125000;125795;125965;125630;125760;125285;124910;124295;126035;126250;125850;126050;125305;125000;124465;1405062;1975788;2180965;1211376;1253159;1179269;1495261;472547;636549;661053;359806;364193;325151;402117;5867.0;5875.5;5867.5;5876.0;5902.0;5916.5;5918.5;5894.0;5878.5;5881.0;5905.5;5926.0;5924.5;5940.0;5864.0;5855.0;5860.0;5875.0;5888.5;5901.5;5918.5;5875.5;5868.0;5875.5;5902.0;5916.5;5918.5;5937.0;550116;448210;489758;432484;410877;353121;326500;179210;137809;114196;108036;111208;95247;95410;1
2025-03-06;0.006989376148254653;0.07428571428571429;-0.022344558949701672;1.0;6.123233995736766e-17;0.9377521321470804;0.3473052528448203;0.43388373911755823;-0.900968867902419;124490;125170;124705;124630;125120;125070;124865;125215;125170;124945;125810;125570;125390;125335;124370;124530;124220;124615;124730;124845;124760;125165;124700;124625;125120;125075;124865;124960;2023426;2217168;2171661;2371778;1773545;1120035;1247894;669701;678095;660903;720913;545787;342080;373458;5781.0;5774.0;5769.0;5788.0;5782.0;5808.0;5799.5;5796.5;5784.5;5798.0;5792.0;5810.5;5809.5;5800.0;5773.5;5765.0;5762.0;5765.0;5780.0;5792.0;5781.0;5774.0;5769.0;5788.5;5782.0;5808.5;5799.5;5789.0;519781;459748;485273;440881;360145;243927;200933;181065;144981;147395;136819;110247;73499;62577;0
2025-03-07;0.012772110209655393;0.5880503144654088;-0.01697158442690712;1.0;6.123233995736766e-17;0.9884683243281114;0.1514277775045767;-0.433883739117558;-0.9009688679024191;125155;124065;124545;125780;126355;126030;126280;125280;124545;125830;126600;126435;126560;126970;124015;123705;124485;125740;125930;125970;126250;124065;124540;125780;126365;126030;126275;126890;1977791;2359777;2863012;1939337;872712;1172665;1276184;690428;768790;911762;591148;295295;375327;382049;5788.0;5796.5;5799.5;5800.5;5793.0;5814.5;5819.5;5803.0;5807.0;5810.0;5812.5;5820.5;5823.5;5823.0;5780.5;5783.0;5790.0;5789.5;5792.0;5812.0;5812.0;5796.0;5799.5;5800.5;5793.5;5814.5;5820.0;5822.5;416704;502372;417640;331681;282552;248663;194172;147488;165829;143194;105523;82343;74456;57868;1
2025-03-10;0.03000279653229995;0.6245006657789614;-0.01026054763489175;1.0;6.123233995736766e-17;0.8978045395707416;-0.4403941515576344;0.0;1.0;126050;125460;125370;125385;125875;126050;125670;126210;125825;125535;126355;126285;126190;125885;125240;125300;124895;125335;125860;125620;125380;125460;125365;125385;125875;126055;125675;125415;2053622;2702378;2325990;1894898;1182069;1295158;1401996;663888;839409;698650;555668;359708;380989;393111;5818.0;5827.0;5815.0;5804.0;5823.0;5842.5;5866.5;5839.5;5830.0;5818.5;5825.0;5845.5;5868.5;5895.5;5810.0;5810.0;5798.0;5802.0;5822.5;5837.5;5863.0;5826.5;5815.5;5804.0;5823.5;5842.0;5866.5;5892.5;518571;399437;381478;293021;324266;321552;430960;178017;127379;118218;85525;93651;91658;112723;1
2025-03-11;0.011582705275684252;0.934931506849315;-0.008512375926623949;1.0;6.123233995736766e-17;0.7907757369376989;-0.6121059825476626;0.7818314824680298;0.6234898018587336;126260;125800;125080;124585;124485;124190;124325;126325;125980;125220;124725;124510;124370;125025;125670;124960;124490;124425;124085;123965;124285;125800;125085;124585;124490;124190;124325;125000;1878625;3379277;2193855;1359381;1233099;1263058;1664223;635954;1063423;680582;398667;344582;356495;469956;5864.0;5864.0;5852.0;5865.0;5850.0;5858.0;5856.0;5873.5;5867.0;5870.0;5865.5;5858.5;5867.0;5859.5;5855.5;5847.0;5849.5;5844.5;5846.0;5855.0;5831.5;5864.5;5852.0;5865.0;5850.0;5857.5;5856.0;5833.0;496420;506262;468208;277156;186873;236357;295066;173088;161923;141846;78702;52620;70674;85906;0
2025-03-12;0.018691588785046728;0.565677966101695;-0.01614179179189004;1.0;6.123233995736766e-17;0.6513724827222223;-0.7587581226927909;0.9749279121818236;-0.22252093395631434;125300;125010;125110;124740;125030;124945;124395;125775;125410;125135;125135;125350;125030;125200;124435;124695;124550;124700;124860;124360;124385;125005;125115;124740;125025;124945;124395;124750;2594224;2476248;1695309;1390744;1318927;1369228;1710370;920309;817784;526708;403992;392246;403125;483634;5836.0;5867.0;5834.0;5846.5;5844.5;5841.0;5831.5;5867.5;5870.0;5855.0;5851.5;5847.5;5847.0;5833.0;5824.0;5829.5;5830.0;5836.0;5835.0;5825.5;5808.0;5867.0;5833.5;5846.0;5844.0;5841.0;5832.0;5824.0;620929;519670;373135;197280;131164;187416;406952;202975;159734;114325;61248;42285;56356;104246;1
2025-03-13;0.011292897047086992;0.3286219081272085;-0.019630942984264616;1.0;6.123233995736766e-17;0.48530196253108104;-0.8743466161445821;0.43388373911755823;-0.900968867902419;124825;125535;125090;126660;126775;126965;126820;125770;125650;126770;126895;127100;127130;127065;124655;124820;125040;126425;126745;126785;126810;125535;125090;126665;126780;126970;126825;127015;1889633;2734512;2559051;1417059;1060566;918503;761636;634651;825908;716497;394266;294546;261101;201007;5843.5;5836.0;5848.0;5829.0;5825.5;5823.0;5833.5;5846.5;5858.0;5849.0;5833.5;5830.0;5834.0;5833.5;5831.5;5831.5;5826.5;5817.0;5821.0;5818.0;5825.0;5836.0;5847.5;5829.5;5826.0;5823.0;5833.5;5831.5;426098;427024;363823;267271;118447;180309;116883;145915;139234;110294;76388;36526;46165;32416;1
2025-03-14;0.020308431804526336;1.0907297830374754;0.0005614514501544973;1.0;6.123233995736766e-17;0.29936312297335804;-0.9541392564000488;-0.433883739117558;-0.9009688679024191;127420;127735;128295;129500;130080;130010;129830;127870;128340;129550;130130;130300;130120;130215;127355;127585;128065;129490;129785;129740;129745;127735;128295;129505;130085;130010;129830;130105;1707169;2547153;2221362;1422373;1146140;990555;1025918;585459;785358;618755;362592;302814;266884;260115;5810.0;5779.0;5761.5;5753.0;5750.5;5736.5;5750.5;5812.0;5782.0;5767.5;5757.0;5753.0;5751.5;5762.0;5776.0;5757.0;5746.5;5741.5;5734.5;5732.0;5744.0;5779.0;5761.5;5752.5;5750.0;5736.5;5750.0;5757.5;570196;578867;473487;223738;231939;250197;257172;185319;164908;135267;67169;65420;67459;71010;1
2025-03-17;0.025074556584523622;0.8544600938967136;0.020018505159489382;1.0;6.123233995736766e-17;-0.2993631229733582;-0.9541392564000488;0.0;1.0;130085;130435;130575;131130;132030;132010;132320;130795;130825;131360;132160;132250;132380;132495;129890;130200;130525;131125;131880;131930;132270;130435;130575;131135;132030;132010;132320;132470;1966071;2467198;1866120;1562072;875552;883892;850078;688874;797397;598292;454418;269108;269565;243103;5756.0;5725.5;5743.5;5725.0;5705.5;5703.0;5712.0;5761.0;5744.5;5746.0;5725.5;5710.0;5712.5;5712.5;5718.0;5723.5;5720.0;5702.5;5698.5;5699.0;5684.5;5725.0;5743.5;5724.5;5705.0;5702.5;5712.0;5685.5;515810;424241;386170;346319;255983;185584;258153;170776;132841;118605;93584;62908;48123;74129;0
2025-03-18;0.02148595149325441;0.7066189624329159;0.03188825416699272;1.0;6.123233995736766e-17;-0.4853019625310808;-0.8743466161445822;0.7818314824680298;0.6234898018587336;131865;132045;132005;132165;132530;132450;132980;132190;132740;132315;132805;132800;133160;133060;131490;131915;131970;132065;132370;132400;132760;132045;132005;132160;132535;132445;132985;132910;2051236;3142389;1404677;1751596;1024414;1336001;868289;725327;1036483;438701;506938;313288;407648;256899;5719.0;5706.5;5708.0;5704.5;5687.5;5683.5;5681.0;5730.5;5710.5;5716.0;5707.5;5689.0;5686.5;5686.0;5706.5;5695.5;5701.0;5684.5;5671.0;5675.5;5678.0;5706.5;5707.5;5704.5;5687.5;5683.5;5681.0;5683.0;547228;473638;339510;329744;299544;192719;138989;183370;155422;101456;93487;84693;55591;41178;0
2025-03-19;0.012664467447768552;0.6287425149700598;0.03620745257849834;1.0;6.123233995736766e-17;-0.651372482722222;-0.7587581226927911;0.9749279121818236;-0.22252093395631434;132540;133020;133390;133665;133565;133620;133435;133090;133630;134055;133725;133830;133790;134260;132530;132780;133365;133425;133530;133255;133260;133020;133385;133665;133560;133620;133445;134240;1868827;2453851;1916986;1100247;1018097;850526;1482747;662306;787861;589224;321456;299275;250994;446957;5698.5;5698.5;5693.0;5673.5;5662.0;5669.5;5674.0;5704.5;5699.0;5695.0;5675.5;5672.0;5678.5;5675.0;5684.0;5686.5;5668.5;5662.0;5660.0;5669.0;5645.5;5698.5;5693.0;5674.0;5662.0;5669.5;5674.5;5649.0;451232;367099;410329;269505;207388;172712;361812;155550;111343;115464;71654;54371;44531;104699;0
2025-03-20;0.014523917307982496;0.5506493506493506;0.043091248035761344;1.0;6.123233995736766e-17;-0.7907757369376986;-0.6121059825476627;0.43388373911755823;-0.900968867902419;133590;133405;133625;133670;133070;133225;133125;133600;133845;133720;133955;133420;133380;133340;133060;133255;133230;132895;133025;133075;132940;133410;133625;133675;133070;133220;133125;132995;1729696;2555242;1831873;1673017;1069321;861240;1162686;601284;792689;566914;477324;317026;241880;326318;5675.0;5669.0;5684.0;5679.5;5686.5;5685.5;5677.0;5675.5;5692.0;5690.0;5694.0;5695.0;5686.0;5688.0;5661.5;5660.0;5677.5;5673.0;5678.0;5673.0;5667.0;5669.0;5684.5;5679.0;5686.5;5685.0;5676.5;5685.5;398043;561471;330557;276236;221802;181063;264272;139981;176464;99816;78854;59592;49751;69656;1
2025-03-21;0.007934725653117747;0.05188679245283019;0.0370838403694343;1.0;6.123233995736766e-17;-0.8978045395707417;-0.44039415155763423;-0.433883739117558;-0.9009688679024191;132950;132930;133270;133250;133080;133280;133310;133115;133425;133735;133285;133365;133435;133345;132615;132820;133055;132880;132885;133160;132885;132935;133265;133250;133075;133280;133310;132915;2077823;2447279;2075795;1107265;994420;922511;1007326;713366;764269;626620;326685;296660;266668;265778;5699.5;5729.5;5736.5;5741.5;5735.5;5718.5;5726.0;5733.0;5742.0;5743.5;5745.5;5736.0;5731.5;5733.0;5692.5;5724.0;5732.5;5733.0;5717.5;5715.0;5723.0;5729.5;5736.5;5742.0;5735.5;5718.5;5726.0;5733.0;662227;451332;300937;260382;250752;211858;142478;207961;135214;88863;67267;66993;60642;41798;1
2025-03-24;0.008424219631440391;1.1473214285714286;0.04298110326992881;1.0;6.123233995736766e-17;-0.9884683243281114;0.15142777750457667;0.0;1.0;133900;132865;132970;133165;133025;132860;132055;134145;133270;133415;133185;133035;132865;132290;132670;132505;132850;132875;132700;131940;131925;132865;132970;133165;133025;132860;132060;132155;2163478;2546458;1826179;1120421;884817;1623362;1084794;744767;817505;549968;320164;260363;447427;297839;5722.5;5765.5;5745.5;5749.0;5738.5;5739.5;5757.5;5781.5;5770.0;5753.0;5751.0;5744.5;5759.0;5770.0;5711.5;5731.0;5732.5;5737.0;5733.5;5736.0;5755.5;5765.5;5745.0;5749.0;5738.5;5739.5;5757.5;5761.0;699138;513735;324178;181760;149585;221182;276061;207926;151517;97339;53308;39899;58628;73231;1
2025-03-25;0.01657953696788648;0.12387387387387387;0.028537640431954687;1.0;6.123233995736766e-17;-0.9377521321470804;0.3473052528448203;0.7818314824680298;0.6234898018587336;132200;132850;133530;134050;134260;133670;133340;132935;133680;134105;134455;134265;133805;133455;132090;132560;133465;133995;133410;133220;133145;132845;133530;134050;134260;133670;133340;133170;2287308;2664283;1633351;1291288;1172530;1247812;950049;790080;831771;482041;358655;333568;371380;266161;5761.0;5736.0;5715.0;5689.5;5691.0;5705.5;5701.0;5761.5;5742.5;5719.5;5697.0;5708.0;5714.0;5704.0;5733.0;5713.5;5688.5;5684.5;5688.5;5696.5;5691.0;5736.5;5715.5;5689.5;5691.0;5705.5;5701.0;5704.0;528942;519899;552480;268928;262521;263107;174273;180985;154108;143590;72055;61928;68586;48583;0
2025-03-26;0.017889561270801817;0.4608879492600423;0.03453833979045899;1.0;6.123233995736766e-17;-0.848644257494751;0.5289640103269624;0.9749279121818236;-0.22252093395631434;133180;133750;133435;133290;133370;133395;133315;133755;133795;133835;133580;133875;133415;133550;133000;133030;133265;133265;133320;133095;133255;133755;133435;133290;133370;133390;133315;133305;1924676;3045421;1767991;1306778;1150165;1207602;1016881;677551;963218;521641;357327;322738;328848;269714;5711.0;5729.0;5734.0;5733.0;5743.0;5737.5;5745.0;5734.0;5742.5;5738.5;5747.5;5752.5;5750.5;5745.5;5699.0;5724.5;5722.5;5729.0;5735.0;5737.0;5734.0;5729.0;5733.5;5733.0;5743.0;5738.0;5745.0;5737.5;497509;523266;276342;296862;231157;176963;161943;164285;152687;85369;81926;60024;53138;45215;1
2025-03-27;0.009535966361315512;0.8464566929133859;0.03614854717913441;1.0;6.123233995736766e-17;-0.72479278722912;0.6889669190756865;0.43388373911755823;-0.900968867902419;133680;133970;133790;133685;134460;134445;133980;134165;134055;134000;134575;134640;134640;134315;133605;133240;133530;133665;134285;133725;133920;133970;133785;133685;134465;134440;133975;134095;2064933;3079589;1905089;1439380;1025893;1150408;1076739;728744;971067;572183;417761;308468;334405;316642;5729.0;5762.0;5754.5;5744.5;5739.0;5741.5;5753.5;5764.5;5775.5;5760.5;5748.5;5743.0;5769.0;5757.5;5726.0;5753.0;5731.5;5735.0;5737.0;5736.0;5743.5;5762.0;5755.0;5745.0;5738.5;5742.0;5753.5;5756.0;543635;462464;467637;228582;138404;234192;224106;177995;134928;139732;63272;37793;58364;60510;0
2025-03-28;0.010472770795930581;0.3607142857142857;0.034239438280662476;1.0;6.123233995736766e-17;-0.5712682150947924;0.8207634412072763;-0.433883739117558;-0.9009688679024191;133745;133435;133265;132180;132395;132205;132625;133750;133800;133270;132505;132530;132625;133635;132850;133095;132120;132080;132190;132030;132615;133440;133265;132185;132400;132200;132625;132995;2114525;2663151;2366915;1172258;772166;1205796;2006829;698568;817807;673923;325285;228042;349433;537086;5750.5;5770.0;5757.5;5770.0;5769.5;5770.5;5759.5;5780.0;5780.0;5784.0;5772.5;5775.0;5773.0;5763.5;5749.5;5756.0;5755.0;5756.5;5767.5;5757.0;5748.0;5770.0;5757.5;5770.5;5769.5;5771.0;5759.0;5758.5;550786;489003;464412;247590;136013;281462;258647;173737;157601;136452;70908;39980;74957;70230;0
2025-03-31;0.013234139594003514;-0.05367231638418079;0.01794628459443403;1.0;6.123233995736766e-17;-2.4492935982947064e-16;1.0;0.0;1.0;131935;131685;131370;131450;131035;131045;131110;132170;131790;131650;131455;131175;131205;131720;131430;130930;131275;130855;130900;130805;131100;131680;131365;131450;131030;131045;131115;131335;1820369;2705372;1732434;1253886;876141;1067563;1578411;661572;865085;534869;368335;257852;295348;427647;5797.0;5789.5;5773.0;5758.0;5772.5;5754.5;5753.0;5817.0;5794.5;5786.5;5773.0;5773.0;5757.5;5754.5;5784.5;5765.0;5753.0;5757.5;5750.0;5748.5;5732.5;5789.5;5772.5;5758.0;5772.5;5754.0;5753.5;5744.0;556156;567245;468226;268636;234213;133580;255070;200132;165166;128568;69233;63009;37960;67792;0
2025-04-01;0.010346003713950051;0.23809523809523808;0.010003369758821547;0.8660254037844387;-0.4999999999999998;0.20791169081775931;0.9781476007338057;0.7818314824680298;0.6234898018587336;131130;131100;131380;132035;132430;132235;132425;131325;131510;132390;132515;132585;132665;132475;130865;130625;131120;132035;132045;132185;131620;131105;131380;132040;132430;132240;132420;131860;1818987;3153906;2682945;1242295;1198419;1020344;1220816;641814;989798;794299;365331;363110;309648;338415;5744.0;5756.5;5748.5;5721.5;5718.0;5716.0;5715.0;5757.5;5762.0;5753.0;5724.5;5722.0;5723.0;5717.5;5733.0;5738.0;5719.0;5710.5;5702.0;5711.0;5709.0;5756.5;5749.0;5721.5;5718.0;5716.5;5714.5;5711.0;469495;475838;480409;299585;265705;169517;172090;167113;153941;147578;84887;76349;46953;44135;1
2025-04-02;0.01555708075955159;0.4411764705882353;0.010380357022825262;0.8660254037844387;-0.4999999999999998;0.40673664307580015;0.9135454576426009;0.9749279121818236;-0.22252093395631434;131525;131620;131120;131500;131525;131855;131690;132045;132130;131750;131695;131930;131875;131840;131405;131030;130885;131360;131355;131420;131590;131620;131115;131495;131525;131855;131685;131690;2194764;3050805;2260109;1244389;1366748;1132436;761163;766527;928321;664090;352967;391734;326094;220701;5710.0;5711.5;5715.0;5729.0;5728.0;5718.5;5722.5;5715.0;5720.5;5742.0;5738.5;5729.5;5730.0;5723.0;5691.0;5688.0;5713.5;5717.5;5717.0;5713.5;5711.0;5711.5;5715.0;5729.5;5728.0;5718.5;5722.5;5720.0;544280;554044;492415;300820;168940;193908;180045;192811;180379;146450;88249;50665;54656;52135;1
2025-04-03;0.02014826078692264;-0.15849056603773584;-0.0010097971399939067;0.8660254037844387;-0.4999999999999998;0.5877852522924731;0.8090169943749475;0.43388373911755823;-0.900968867902419;130340;130360;132550;132160;131570;131905;131895;131590;133070;133130;132185;132120;132140;132030;130205;130265;132115;131360;131520;131595;131685;130360;132550;132155;131565;131905;131895;131925;2729972;3827650;2420963;1910126;1182263;1153894;1155917;894705;1225498;784875;604257;381623;370242;368421;5652.5;5663.0;5640.0;5622.5;5629.5;5633.0;5644.0;5672.0;5668.0;5640.0;5641.0;5638.5;5645.0;5653.0;5633.5;5625.0;5619.5;5620.0;5625.5;5631.0;5637.5;5663.0;5640.0;5622.5;5630.0;5633.0;5644.5;5645.0;803685;644735;440450;340512;193267;176422;213509;255821;213052;144129;111299;61210;56359;72346;0
2025-04-04;0.022441307350007673;-0.17264957264957265;-0.008502644056653715;0.8660254037844387;-0.4999999999999998;0.7431448254773941;0.6691306063588582;-0.433883739117558;-0.9009688679024191;129700;128975;128015;127280;127540;127570;127730;129900;129315;128020;128215;127850;127850;127825;128730;127670;126825;127205;127215;127245;127165;128975;128015;127285;127540;127565;127730;127375;2414638;3373555;2511576;2525599;1204127;1307242;1180074;907781;1101097;795958;813152;379437;423283;387471;5726.5;5761.5;5809.5;5838.0;5829.5;5834.5;5848.5;5779.5;5816.0;5848.5;5849.0;5851.0;5867.5;5869.5;5724.0;5752.5;5800.0;5810.0;5825.5;5831.0;5842.5;5762.0;5809.5;5838.5;5829.5;5834.0;5848.0;5866.0;913605;700643;663081;537169;301907;436804;334085;300246;217280;197666;180903;91271;132755;104684;1
2025-04-07;0.023708558211256746;-0.3821138211382114;-0.03981354118905701;0.8660254037844387;-0.4999999999999998;0.9945218953682733;0.10452846326765346;0.0;1.0;125650;126080;125530;127190;125890;125640;126550;126490;126120;129025;127585;126070;126895;126865;125350;124225;125370;125260;125090;125530;125435;126075;125535;127190;125885;125645;126550;125565;2722637;3820245;4797735;2547699;1595668;1787416;1456257;1053034;1283386;2059699;1129407;699036;723787;583547;5905.0;5890.0;5911.0;5900.0;5949.5;5945.5;5918.0;5924.5;5933.0;5924.0;5957.0;5958.5;5945.5;5943.0;5881.5;5882.0;5839.5;5886.5;5939.0;5912.0;5911.0;5890.0;5910.5;5900.0;5949.0;5946.0;5918.0;5941.5;892331;699963;867936;537146;260807;360337;286444;285747;224242;319066;181650;89669;119682;93464;1
2025-04-08;0.03820135296458416;0.640625;-0.027213938427150895;0.8660254037844387;-0.4999999999999998;0.9945218953682734;-0.10452846326765333;0.7818314824680298;0.6234898018587336;127300;126605;126985;125790;125775;125000;125195;127445;127980;127475;126070;125800;125330;125770;126170;126470;125715;125250;124675;124430;124680;126610;126985;125790;125780;125000;125200;124705;2305327;3522584;2625836;2045710;2086394;2078317;1694428;837712;1200387;868872;668499;701813;739921;582946;5898.5;5919.0;5913.5;5967.5;6011.0;6014.5;5998.0;5924.0;5932.5;5980.0;6012.5;6022.0;6025.0;6013.5;5883.5;5893.0;5908.0;5965.5;5994.5;5997.0;5992.0;5919.0;5914.0;5968.0;6011.0;6014.0;5998.0;6007.0;624611;597344;664299;602422;486697;360018;329823;208816;190939;188554;179262;154032;117409;109136;0
2025-04-09;0.03405341712490181;-0.1453287197231834;-0.0595417162799854;0.8660254037844387;-0.4999999999999998;0.9510565162951536;-0.30901699437494734;0.9749279121818236;-0.22252093395631434;123015;123155;124475;123950;123790;124585;128565;123405;124760;125040;124525;124820;129960;128845;122560;123060;123830;123605;123730;123800;127035;123150;124475;123950;123795;124585;128570;127145;2667676;3730602;3052878;2196785;1491554;2899332;2049144;972592;1345139;1129286;806727;544218;1114744;912726;6049.5;6102.5;6062.0;6082.5;6074.5;6035.5;5905.0;6117.5;6107.5;6092.5;6092.0;6075.5;6053.5;5909.0;6047.5;6050.5;6055.0;6058.0;6031.0;5888.0;5862.0;6103.0;6062.0;6083.0;6075.0;6035.5;5905.0;5880.0;867758;809656;575472;471767;409674;932008;436531;294128;268418;201635;139660;120470;311304;147951;1
2025-04-10;0.06015526561801406;0.6195945945945946;-0.028904868650686057;0.8660254037844387;-0.4999999999999998;0.8660254037844387;-0.4999999999999998;0.43388373911755823;-0.900968867902419;127145;127275;126845;126710;126050;126195;126410;128245;127800;127365;126970;126245;126660;126925;126735;126540;126510;125985;125060;125485;126185;127280;126840;126705;126050;126195;126415;126385;2477616;3466755;2394610;1831718;2062313;1967815;1693253;964531;1284704;913787;692148;816874;823234;697779;5879.5;5901.0;5920.5;5942.0;5962.0;5953.5;5918.5;5904.0;5930.0;5946.0;5974.5;5975.0;5956.0;5950.0;5842.5;5895.5;5909.0;5933.5;5946.0;5911.0;5904.0;5900.5;5920.5;5942.0;5962.5;5953.5;5919.0;5912.5;730700;651394;499540;447750;342227;362577;402598;262503;220937;163273;135784;113475;120495;127790;1
2025-04-11;0.02505013960438869;0.6342229199372057;-0.029202977019199366;0.8660254037844387;-0.4999999999999998;0.7431448254773945;-0.6691306063588579;-0.433883739117558;-0.9009688679024191;127080;127290;126995;126670;127000;127685;128210;127675;127450;127300;127375;127825;128540;128370;126960;126205;126100;126295;126840;127255;127955;127295;126990;126670;127000;127690;128215;128135;2125314;3541698;2798046;1655514;1435354;1800269;1107644;838661;1289534;1091805;579850;469522;586166;365384;5843.0;5868.0;5900.5;5907.0;5895.0;5898.0;5876.0;5889.0;5935.5;5930.0;5914.0;5904.0;5903.5;5899.0;5833.0;5868.0;5885.0;5893.0;5875.5;5866.5;5871.0;5868.5;5901.0;5907.5;5895.0;5898.0;5875.5;5889.5;773594;831090;506470;287175;313291;341357;209199;279539;273914;170633;101834;105639;113376;77079;0
2025-04-14;0.019200503619767075;1.0245901639344261;-0.01677822844232747;0.8660254037844387;-0.4999999999999998;0.20791169081775931;-0.9781476007338057;0.0;1.0;128600;129465;129130;128860;128750;128875;129290;129495;129700;129590;129310;129120;129530;130000;128445;128975;128775;128480;128425;128860;129240;129470;129125;128865;128750;128880;129285;129895;1997901;3046967;2449505;2183582;1788601;1605126;1481276;740402;1049020;806551;728838;590536;538649;447292;5859.5;5869.5;5850.0;5856.0;5879.0;5868.0;5876.0;5870.5;5873.5;5860.0;5886.5;5888.5;5879.5;5876.0;5851.0;5842.0;5841.5;5851.0;5865.5;5858.0;5863.5;5869.5;5850.0;5856.0;5879.0;5868.0;5875.5;5867.5;509168;516984;325024;357088;218444;227426;135749;205891;187417;113612;119994;81571;77343;45315;0
2025-04-15;0.013219284603421462;0.6029411764705882;-0.009211387371941816;0.8660254037844387;-0.4999999999999998;5.66553889764798e-16;-1.0;0.7818314824680298;0.6234898018587336;129450;129165;129745;129235;129585;129445;129175;129955;129910;129995;129620;129885;129740;129410;129155;129120;128950;129140;129385;129020;129045;129165;129740;129235;129585;129445;129175;129105;2008036;2916506;2840307;1671238;1205204;1394816;1162905;739708;946799;902156;514469;391341;458278;373041;5870.0;5873.0;5876.0;5889.5;5894.0;5908.0;5904.0;5878.5;5887.5;5906.5;5909.5;5915.5;5915.0;5911.0;5845.0;5863.5;5872.0;5888.5;5893.5;5900.5;5899.5;5873.0;5876.0;5889.5;5894.0;5908.0;5903.5;5908.0;601331;473872;501452;256679;236758;168854;185064;214972;160733;164348;88330;76100;55373;56195;1
2025-04-16;0.008072614909231363;2.45933014354067;0.008003402931196026;0.8660254037844387;-0.4999999999999998;-0.20791169081775907;-0.9781476007338057;0.9749279121818236;-0.22252093395631434;131520;131125;131045;130775;131165;131425;130775;131680;131515;131480;131275;131495;132065;131570;130810;130980;130535;130755;130825;130715;130735;131125;131040;130775;131170;131420;130775;131170;2192879;2593513;2101941;1159172;1125139;2044009;1654311;821163;890376;676945;366921;354558;671986;497083;5880.0;5917.0;5894.0;5895.5;5874.5;5871.0;5885.5;5923.5;5929.0;5898.5;5897.5;5881.5;5888.5;5885.5;5875.0;5891.0;5883.0;5868.0;5868.0;5865.0;5866.0;5916.5;5894.5;5896.0;5874.5;5871.0;5885.0;5869.5;634299;540642;409355;338300;195024;262155;217932;216565;185495;133990;102295;61233;84970;74718;0
2025-04-17;0.012811739659367397;0.2818991097922849;0.004276743074995539;0.8660254037844387;-0.4999999999999998;-0.4067366430758002;-0.9135454576426009;0.43388373911755823;-0.900968867902419;130855;130855;131150;131280;131660;132180;132195;131195;131290;131530;131955;132280;132375;132600;130525;130270;130855;131245;131655;131845;132135;130855;131150;131280;131665;132175;132195;132345;1844817;3069329;2306577;1600520;1691919;1233749;1157232;662428;967626;719524;494342;522103;371880;353353;5885.5;5880.0;5869.0;5869.5;5842.0;5815.5;5817.0;5899.5;5894.5;5882.0;5872.5;5847.5;5831.0;5822.0;5873.0;5864.0;5860.0;5840.0;5811.0;5811.0;5807.0;5879.5;5869.0;5869.5;5842.0;5815.0;5817.0;5811.5;540372;501207;307058;347141;436766;244527;196350;192205;165489;104670;96147;131454;74731;63166;0
2025-04-22;0.01780596843834779;0.8025751072961373;0.014679994548033932;0.8660254037844387;-0.4999999999999998;-0.9945218953682733;-0.10452846326765423;0.7818314824680298;0.6234898018587336;132140;131520;131530;132520;132920;132785;132570;132320;131865;132610;133000;133195;132985;133335;131505;130940;131380;132450;132705;132415;132550;131520;131530;132520;132920;132790;132575;133190;2148244;3117420;2254445;1561863;1292890;1583917;1314961;750372;959393;660268;447603;389381;481055;387719;5804.0;5781.5;5766.0;5761.0;5751.0;5737.0;5746.0;5810.5;5784.5;5774.5;5763.0;5751.5;5753.5;5747.0;5779.5;5763.5;5759.5;5743.5;5732.5;5735.0;5726.5;5781.5;5765.5;5761.0;5751.0;5737.0;5745.5;5730.0;504190;469107;349927;313946;249909;250109;246269;169493;153666;111852;91627;78724;78423;70823;0
2025-04-23;0.01812471621008022;1.3298538622129437;0.029922463060050336;0.8660254037844387;-0.4999999999999998;-0.9945218953682734;0.10452846326765299;0.9749279121818236;-0.22252093395631434;134125;134490;135410;135585;135340;135075;135090;134815;135440;135670;135770;135385;135215;135180;134110;134325;135000;135090;134665;134750;134825;134490;135410;135580;135345;135075;135090;134990;2149404;3395814;2247292;1736916;1406532;1249750;1143255;736917;1029077;680050;507400;402990;352110;314461;5708.0;5692.0;5684.5;5701.0;5703.5;5714.5;5714.0;5716.5;5699.0;5707.5;5718.5;5715.0;5729.0;5722.0;5683.0;5664.0;5672.5;5695.5;5700.0;5709.0;5710.0;5692.5;5685.0;5700.5;5703.5;5715.0;5714.5;5716.5;659483;678440;473338;347562;193904;262645;200503;218339;210274;156746;106288;61093;80374;58045;0
2025-04-24;0.012376514445479962;0.4066265060240964;0.03398015427043738;0.8660254037844387;-0.4999999999999998;-0.9510565162951536;0.30901699437494723;0.43388373911755823;-0.900968867902419;134785;135245;135190;135500;136395;136830;136980;135495;135720;135575;136470;136985;137095;137390;134675;134865;134950;135495;136320;136610;136940;135245;135185;135500;136395;136825;136975;137170;1788228;2945599;2442892;1895122;1569756;1289352;1255587;608285;897566;699973;514650;420555;361941;346348;5711.0;5684.5;5682.5;5682.5;5677.5;5682.0;5688.5;5711.0;5697.0;5698.0;5684.5;5692.0;5688.5;5691.0;5675.0;5669.0;5677.5;5667.5;5671.0;5677.5;5682.0;5684.5;5682.0;5682.0;5677.5;5682.5;5688.5;5689.0;596477;612452;443197;290625;286893;144861;149743;200808;193176;130907;85372;86095;47386;45967;0
2025-04-25;0.020143191007901472;0.7624309392265194;0.04746712422418531;0.8660254037844387;-0.4999999999999998;-0.8660254037844386;0.5000000000000001;-0.433883739117558;-0.9009688679024191;136745;136980;136680;137265;137090;136910;136765;137190;137225;137430;137280;137185;137025;137320;136530;136580;136630;136810;136850;136500;136705;136975;136675;137265;137090;136915;136765;137010;1973333;2777148;2401380;1182080;970965;1552964;1236444;689051;874988;720904;357854;284063;449958;363773;5705.5;5690.0;5687.0;5681.0;5685.5;5674.5;5687.5;5712.0;5704.0;5697.0;5696.0;5692.5;5692.0;5695.0;5684.0;5681.5;5681.0;5680.0;5669.0;5674.5;5684.0;5690.0;5687.0;5681.5;5685.5;5674.5;5687.5;5690.0;574763;488599;317138;237918;250341;207396;168874;209930;152730;100223;69594;75724;62127;46797;1
2025-04-28;0.006800979926139895;0.41935483870967744;0.046947836162491444;0.8660254037844387;-0.4999999999999998;-0.40673664307580015;0.913545457642601;0.0;1.0;136890;137495;137535;137805;137410;137185;137150;137535;137755;138070;137900;137530;137325;137400;136840;136920;137470;137200;137130;136955;136975;137490;137535;137805;137410;137190;137150;137170;1660354;3005190;2061159;1484889;1050912;1184928;1073415;595657;916523;596009;419618;288073;334520;300588;5700.0;5669.0;5652.5;5676.5;5679.5;5681.5;5668.5;5702.5;5674.0;5678.0;5689.5;5690.5;5688.0;5669.0;5665.0;5652.5;5650.0;5673.0;5677.5;5664.0;5652.0;5669.0;5652.5;5677.0;5680.0;5681.0;5668.5;5653.5;533308;556656;435574;390532;185645;269773;228157;187874;166461;125357;95398;52595;76479;63904;1
2025-04-29;0.00898531667762437;0.34552845528455284;0.048436682490156466;0.8660254037844387;-0.4999999999999998;-0.20791169081775898;0.9781476007338057;0.7818314824680298;0.6234898018587336;137265;137275;137635;138335;138170;138085;137980;137670;137775;138435;138465;138290;138225;138025;137200;137145;137500;137990;138020;137950;137610;137270;137630;138335;138170;138090;137980;137690;1748256;2834641;2265859;1286733;889894;923436;1210363;620291;891780;676025;363343;259086;259069;319486;5661.5;5646.5;5653.5;5647.5;5634.0;5636.5;5634.5;5664.0;5660.0;5657.0;5649.5;5639.5;5641.0;5638.5;5639.0;5644.5;5638.5;5620.5;5628.5;5627.5;5628.0;5646.5;5653.5;5647.5;5634.5;5636.0;5634.0;5633.5;528341;513539;376886;398384;163254;165396;137372;193512;169514;118086;122316;51788;51157;41861;0
2025-04-30;0.00961643536225549;0.007575757575757576;0.04571949206494432;0.8660254037844387;-0.4999999999999998;-1.133107779529596e-15;1.0;0.9749279121818236;-0.22252093395631434;137155;136775;136605;136255;136915;136935;136900;137640;137350;136790;136980;136965;137285;137500;136725;136330;136115;136230;136660;136760;136840;136775;136605;136255;136915;136935;136900;137020;2360287;3164419;2420781;1688348;1218682;1565490;1380765;811557;922333;680602;475573;340187;436650;380923;5663.0;5673.0;5710.5;5701.0;5701.0;5722.5;5716.5;5674.5;5718.0;5717.5;5708.0;5727.0;5726.5;5718.5;5644.5;5667.0;5699.0;5692.0;5697.0;5713.0;5701.0;5672.5;5711.0;5701.0;5701.0;5722.5;5716.5;5704.0;609340;715660;432423;374541;300456;204976;248275;212323;211409;117687;101433;79117;57523;70606;1
2025-05-02;0.011118807188946813;0.7377049180327869;0.04404319496692671;0.49999999999999994;-0.8660254037844387;0.39435585511331855;0.9189578116202306;-0.433883739117558;-0.9009688679024191;137240;136860;136820;137115;136585;136655;136615;137465;137350;137215;137155;136880;137010;136925;136490;136585;136380;136380;136465;136560;136565;136860;136820;137115;136580;136650;136620;136765;2022192;2870616;2284914;1515326;1176814;1110041;875836;688183;856852;646308;422478;344775;322791;248845;5710.0;5684.0;5670.0;5671.0;5686.0;5693.0;5691.5;5715.0;5684.5;5683.0;5693.5;5696.0;5699.5;5694.0;5677.5;5664.0;5664.5;5670.0;5680.0;5687.0;5686.0;5684.0;5670.0;5671.5;5686.5;5692.5;5691.5;5691.5;605410;442349;355326;238520;171186;150024;139504;210752;145806;113253;76679;55948;46663;36318;1
2025-05-05;0.008561643835616438;0.5063829787234042;0.03971171198524403;0.49999999999999994;-0.8660254037844387;0.8486442574947509;0.5289640103269624;0.0;1.0;136975;137265;136390;135950;135740;135535;135635;137460;137345;136455;136090;135905;135700;135745;136935;136245;135620;135585;135450;135400;135505;137270;136390;135945;135740;135540;135635;135645;1533569;3121845;2318095;1412916;996110;935755;939053;539759;904092;625257;385656;289213;257312;242745;5691.5;5672.0;5678.5;5691.0;5703.0;5720.5;5719.5;5691.5;5683.0;5693.0;5704.0;5721.0;5721.0;5726.5;5664.5;5669.0;5677.0;5689.5;5700.0;5713.0;5716.0;5671.5;5678.5;5691.0;5702.5;5720.0;5719.0;5724.0;495177;388266;352912;276774;263091;134996;166427;163668;121768;101277;86407;76896;37463;47434;0
2025-05-06;0.015769300967329803;0.0;0.025231065334800837;0.49999999999999994;-0.8660254037844387;0.9377521321470804;0.3473052528448203;0.7818314824680298;0.6234898018587336;135300;135890;135705;135535;135395;135455;135490;136015;136220;136090;135840;135830;135530;135645;135285;135540;135480;135360;135325;135310;135160;135890;135705;135530;135395;135455;135485;135435;1989088;3089561;2147290;1351893;1401860;860550;1149128;655734;899874;587145;370849;385244;247825;313081;5733.0;5739.5;5765.0;5752.0;5755.0;5745.5;5734.5;5747.5;5772.0;5767.5;5757.0;5762.0;5747.0;5746.0;5726.5;5739.0;5750.5;5740.0;5742.0;5733.0;5730.5;5739.5;5765.0;5752.5;5755.0;5746.0;5735.0;5742.0;665123;572473;446172;322315;274865;196624;189294;224906;170596;123448;92400;84606;58475;54114;1
2025-05-07;0.007834441980783445;0.7924528301886793;0.029055690072639227;0.49999999999999994;-0.8660254037844387;0.9884683243281114;0.1514277775045767;0.9749279121818236;-0.22252093395631434;136000;136200;134930;134875;135075;135410;135235;136500;136205;135080;135200;135480;135475;135520;136000;134760;134675;134755;134930;135050;134945;136205;134930;134875;135075;135410;135240;135250;1964184;3091261;2106717;1415709;1156591;1187593;1977961;632468;883613;571701;374175;313176;309822;548738;5740.0;5762.5;5774.5;5772.0;5777.0;5773.0;5775.5;5762.5;5775.0;5776.5;5780.5;5782.5;5779.0;5786.5;5730.0;5758.5;5760.0;5761.5;5770.5;5767.5;5767.0;5762.0;5774.5;5771.5;5777.0;5773.5;5775.5;5779.0;564573;464404;366950;328716;171618;169027;287341;198586;143761;110987;92960;51981;47237;93140;0
2025-05-08;0.013419117647058823;0.9452054794520548;0.029068934038492006;0.49999999999999994;-0.8660254037844387;0.9987165071710528;-0.05064916883871264;0.43388373911755823;-0.900968867902419;136400;137575;138780;138610;139255;139230;138935;137695;138885;138800;139620;139410;139260;139155;136380;137465;138205;138550;138990;138850;138880;137575;138775;138610;139255;139225;138940;138940;2530197;3249775;2031286;2115905;1104749;1052301;1009772;786848;892098;582663;558948;319313;294932;269477;5752.0;5732.5;5714.5;5708.5;5712.5;5707.0;5713.0;5780.5;5734.5;5720.0;5712.5;5719.0;5715.0;5715.0;5728.5;5712.0;5702.0;5692.5;5701.5;5705.5;5706.5;5732.5;5714.5;5708.5;5712.5;5707.0;5713.5;5707.5;800871;505623;400620;331546;242777;124394;157090;256875;154347;111397;93877;66295;38503;45837;0
2025-05-09;0.02375366568914956;0.7469135802469136;0.04227287574950909;0.49999999999999994;-0.8660254037844387;0.9680771188662043;-0.2506525322587204;-0.433883739117558;-0.9009688679024191;138800;138715;138805;138565;138390;138200;138280;138845;139045;139070;138595;138440;138310;138510;138280;138390;138205;138170;138155;137905;138175;138715;138805;138560;138385;138200;138275;138290;2075740;2797764;2384277;1412460;962737;1074389;913526;683504;823721;662661;382696;259474;296873;239083;5697.5;5685.5;5684.5;5675.0;5673.5;5677.5;5681.0;5698.5;5698.0;5689.0;5686.0;5681.5;5685.5;5682.5;5675.0;5681.0;5674.5;5666.5;5672.0;5676.5;5670.0;5686.0;5684.5;5675.5;5673.5;5677.0;5680.5;5679.5;541968;454516;344299;301348;170017;141914;183840;191122;146552;99070;86048;44671;40736;46355;0
2025-05-12;0.008393371757925072;2.060085836909871;0.04797899635125092;0.49999999999999994;-0.8660254037844387;0.6513724827222223;-0.7587581226927909;0.0;1.0;140305;139505;138545;138505;138275;138450;138340;140310;139515;138940;138535;138530;138495;138530;139280;138485;138230;138090;138240;138275;138060;139505;138550;138510;138280;138455;138335;138470;1829341;3043350;2142006;1296016;985731;844021;1045022;571383;892097;612831;356126;270982;230520;287970;5700.0;5702.5;5704.0;5710.0;5711.5;5719.5;5726.5;5725.0;5710.5;5722.5;5719.0;5720.0;5728.5;5733.0;5689.0;5687.0;5699.5;5707.0;5708.0;5717.0;5717.0;5702.5;5703.5;5710.0;5711.0;5719.0;5727.0;5719.5;649261;503984;456593;237436;149822;149092;220280;223592;166712;131312;66017;41850;45066;62507;0
2025-05-13;0.016036491928299063;0.28444444444444444;0.031725369137501395;0.49999999999999994;-0.8660254037844387;0.48530196253108104;-0.8743466161445821;0.7818314824680298;0.6234898018587336;138700;138720;139445;140040;140505;140325;140330;138825;139830;140115;140820;140535;140410;140745;138325;138655;139370;140020;140165;140210;140315;138720;139445;140040;140510;140330;140330;140670;1818111;3112500;1827541;1722929;1112859;836506;1187488;632103;930367;517108;467239;299431;220559;295241;5686.5;5663.5;5659.0;5653.5;5627.5;5634.5;5635.5;5699.0;5668.0;5665.5;5654.0;5639.5;5642.0;5637.5;5662.5;5646.5;5647.5;5624.5;5624.5;5630.0;5619.0;5663.0;5659.0;5653.5;5627.5;5634.0;5636.0;5621.0;624046;623452;427832;457107;247326;203457;279233;207996;195096;117093;117298;65100;52997;67814;1
2025-05-14;0.021881759192501803;0.7347611202635914;0.04011188852587607;0.49999999999999994;-0.8660254037844387;0.29936312297335804;-0.9541392564000488;0.9749279121818236;-0.22252093395631434;140555;140720;140715;140425;140555;140525;140270;140940;141030;140840;140645;140630;140745;140330;140435;140310;140090;140170;140335;140225;139925;140725;140710;140420;140555;140530;140270;140280;1955600;3179922;2142536;1406922;800970;1162818;1060985;679617;977615;637086;406082;235931;322852;295703;5627.0;5618.0;5624.0;5636.0;5635.5;5633.0;5639.0;5639.0;5635.0;5639.5;5643.0;5639.0;5647.0;5658.0;5604.5;5617.0;5617.5;5625.5;5630.5;5633.0;5638.5;5618.0;5623.5;5636.0;5635.5;5633.0;5639.5;5644.0;760186;570530;400529;313188;152069;183606;271087;258230;172793;125588;95111;44013;51054;69163;0
2025-05-15;0.007861691152929458;-0.13574660633484162;0.02971267130414924;0.49999999999999994;-0.8660254037844387;0.10116832198743272;-0.994869323391895;0.43388373911755823;-0.900968867902419;139775;140010;140395;140315;140630;140735;140195;140050;140475;140940;140670;141025;140860;140665;139570;139910;140140;140030;140610;140000;140165;140015;140400;140315;140625;140735;140190;140625;1443422;2445621;2408370;1225286;1188970;1556284;1207430;527915;790650;722178;378648;357065;448632;359165;5654.0;5642.0;5649.5;5666.0;5658.5;5655.5;5699.5;5660.0;5650.0;5668.0;5673.5;5663.0;5712.0;5719.0;5635.0;5635.5;5641.5;5658.0;5654.5;5655.5;5679.5;5641.5;5649.5;5666.0;5659.0;5655.5;5699.5;5702.5;531739;496029;442413;297316;201186;475335;453622;182889;156757;134526;87307;57475;132177;125004;1
2025-05-16;0.011446968341978178;0.75;0.03263241675010912;0.49999999999999994;-0.8660254037844387;-0.10116832198743204;-0.9948693233918952;-0.433883739117558;-0.9009688679024191;140770;139520;139905;139395;139820;140165;140380;140790;140000;139920;139995;140360;140595;140850;139330;139180;139120;139285;139790;140130;140350;139525;139905;139400;139825;140165;140375;140700;2375660;2969294;2044719;1171994;1107627;1087214;1022988;733783;905674;599699;346870;327443;316605;290839;5693.0;5715.5;5709.0;5716.5;5697.5;5694.5;5697.0;5728.0;5733.0;5722.5;5718.5;5699.0;5698.5;5697.0;5688.5;5708.0;5704.5;5697.0;5687.0;5691.0;5680.0;5715.5;5709.0;5716.5;5697.5;5694.0;5696.5;5689.0;663757;475095;355201;298190;198674;153664;207585;224984;153742;102317;83255;54691;42706;57881;1
2025-05-19;0.012289550330326063;0.5086705202312138;0.022838523021172757;0.49999999999999994;-0.8660254037844387;-0.651372482722222;-0.7587581226927911;0.0;1.0;140000;140200;141005;141225;141500;141370;141585;140370;141070;141315;141550;141615;141740;141640;139895;140060;140790;141145;141300;141350;141250;140200;141010;141225;141495;141375;141585;141400;1599470;3255087;2290494;1502302;1073722;1228947;1030733;563309;974270;668584;432210;325374;353233;289634;5676.5;5699.0;5679.5;5670.0;5660.5;5663.0;5664.0;5708.5;5704.5;5685.5;5670.0;5664.0;5668.5;5667.5;5672.0;5676.5;5666.5;5650.0;5654.0;5658.0;5660.5;5699.0;5679.5;5670.0;5660.5;5663.5;5664.0;5661.5;543525;550743;423511;361613;125288;153241;99120;181739;205611;151847;111372;38250;45457;31595;0
2025-05-20;0.013178571428571428;0.7615176151761518;0.028301955447526034;0.49999999999999994;-0.8660254037844387;-0.7907757369376986;-0.6121059825476627;0.7818314824680298;0.6234898018587336;141300;141375;140765;140760;140795;141090;140985;141455;141395;140950;140880;141180;141120;141050;140915;140390;140520;140640;140700;140720;140635;141375;140770;140755;140790;141085;140990;141015;1606601;3257924;1741812;840056;971516;987706;1083649;560425;1013229;522186;246242;285565;275501;308782;5662.5;5666.5;5678.5;5682.5;5685.0;5682.0;5684.0;5679.5;5684.5;5690.5;5688.0;5689.5;5689.0;5698.5;5657.5;5657.5;5671.5;5673.0;5679.0;5680.5;5682.5;5667.0;5678.5;5683.0;5685.0;5682.0;5684.0;5695.0;649017;617973;402075;326056;170891;144198;215894;226153;177300;117934;87457;46272;39511;54364;1
2025-05-21;0.009483368719037509;0.6567164179104478;0.024495575349593613;0.49999999999999994;-0.8660254037844387;-0.8978045395707417;-0.44039415155763423;0.9749279121818236;-0.22252093395631434;141270;141135;140705;140055;139650;139770;139115;141515;141150;140780;140105;139795;139845;139180;141065;140520;139590;139530;139465;138790;138820;141130;140705;140055;139650;139765;139120;138970;1707679;2455280;2658330;1235936;993263;2058636;1261021;630927;768208;738594;355415;273616;573364;342050;5683.0;5670.5;5669.5;5660.0;5672.0;5666.5;5670.0;5691.0;5682.0;5675.5;5677.5;5672.5;5679.5;5673.0;5663.0;5668.0;5657.5;5659.0;5665.0;5659.0;5663.5;5670.5;5669.0;5660.0;5672.5;5666.5;5670.0;5668.5;602494;392446;335966;247824;126669;350317;145640;206397;124753;101444;71253;35481;98533;40354;1
2025-05-22;0.019289304169321158;0.10091743119266056;0.006333682490922807;0.49999999999999994;-0.8660254037844387;-0.9680771188662041;-0.2506525322587213;0.43388373911755823;-0.900968867902419;139065;139110;138765;139280;139030;139080;139905;139210;139440;139330;139375;139390;140150;139945;138415;138580;138705;138955;138970;139075;138320;139110;138770;139275;139030;139080;139905;138325;2202485;3146199;1987814;1464890;1029489;1689363;1963833;763561;943424;563633;396101;284833;467873;524463;5660.5;5668.5;5654.0;5647.0;5631.0;5638.0;5612.5;5691.0;5668.5;5660.5;5648.5;5639.0;5643.0;5665.0;5659.0;5648.5;5645.0;5624.5;5626.5;5604.5;5611.5;5668.5;5654.0;5646.5;5631.0;5638.0;5612.0;5664.5;686690;570753;381194;419977;185003;510152;519641;239271;169412;107288;103055;49199;126747;132325;1
2025-05-23;0.03577463775932118;0.2542713567839196;-0.01311720860593041;0.49999999999999994;-0.8660254037844387;-0.9987165071710528;-0.05064916883871355;-0.433883739117558;-0.9009688679024191;136440;136870;136990;138050;138230;138320;138265;137360;137335;138235;138465;138880;138635;138995;135960;136000;136990;137890;138225;137985;138125;136870;136995;138050;138230;138320;138270;138670;2523749;3010193;2324921;1303996;1482910;1201744;1168328;909449;1029774;738075;417576;467155;382594;374801;5740.0;5703.5;5715.0;5691.0;5696.0;5686.5;5678.0;5748.5;5752.5;5718.5;5697.0;5697.0;5688.0;5680.0;5690.0;5699.5;5687.5;5679.0;5676.5;5672.5;5659.5;5704.0;5715.5;5691.0;5696.5;5686.5;5678.0;5660.5;893859;687300;362281;263236;192574;145060;221952;284245;210209;117045;77300;61517;46120;62413;1
2025-05-26;0.023783347991791264;0.9984591679506933;0.006198384444404286;0.49999999999999994;-0.8660254037844387;-0.848644257494751;0.5289640103269624;0.0;1.0;139200;138915;139495;139140;139025;139060;139345;139495;139965;139580;139360;139245;139380;139400;138715;138850;139055;138840;138975;138980;139170;138915;139490;139140;139025;139055;139345;139225;1944894;3069353;1876883;1129553;656964;675434;527256;704132;1029878;602339;365333;214877;223833;194604;5650.0;5665.5;5663.0;5672.0;5681.0;5673.0;5676.0;5669.0;5673.0;5678.0;5682.5;5681.5;5677.0;5686.0;5642.0;5653.0;5659.0;5667.0;5672.0;5670.0;5674.0;5666.0;5663.5;5671.5;5681.0;5673.5;5676.0;5680.0;422276;340739;254576;137231;115653;100103;123407;154675;121604;80731;44178;31357;28620;34024;1
2025-05-27;0.008979885057471264;1.044;0.011338007695905207;0.49999999999999994;-0.8660254037844387;-0.72479278722912;0.6889669190756865;0.7818314824680298;0.6234898018587336;140020;141095;140690;141000;140655;140480;140905;141625;141290;141545;141035;140865;141020;141035;140020;140620;140630;140535;140420;140425;140645;141100;140685;141005;140655;140480;140900;140690;2507630;2579053;2025819;1279487;1148283;1069903;1010351;919331;897001;638434;383521;339716;301720;305787;5665.0;5660.0;5663.0;5659.0;5657.0;5667.0;5659.0;5676.5;5677.0;5673.5;5666.5;5668.0;5668.0;5660.0;5648.5;5653.5;5654.0;5652.0;5653.0;5654.0;5645.5;5660.0;5663.5;5659.0;5656.5;5666.5;5658.5;5649.5;593316;461949;398698;227843;174319;134980;199964;198048;148654;109846;67653;42972;41684;60043;1
2025-05-28;0.01146264819311527;0.48286604361370716;0.015595132472066535;0.49999999999999994;-0.8660254037844387;-0.5712682150947924;0.8207634412072763;0.9749279121818236;-0.22252093395631434;140795;140545;140105;140115;139695;139710;140005;141080;140650;140225;140185;139805;140230;140180;140450;139690;139725;139565;139570;139685;139870;140545;140100;140115;139690;139715;140000;140120;1882698;2525114;1547745;1068890;691037;925051;887624;710359;842080;493287;336012;216318;287389;270806;5653.0;5669.5;5684.0;5700.0;5713.0;5709.5;5698.0;5670.0;5690.0;5702.5;5714.0;5721.0;5712.0;5703.5;5647.0;5667.0;5683.0;5696.0;5706.0;5691.5;5684.5;5669.0;5684.0;5699.5;5713.0;5709.5;5698.0;5692.0;465480;616803;369606;316809;276716;256073;249835;154724;187802;117519;91821;80658;70130;70626;0
2025-05-29;0.0107603252956426;0.6831683168316832;0.013141657884544366;0.49999999999999994;-0.8660254037844387;-0.3943558551133187;0.9189578116202306;0.43388373911755823;-0.900968867902419;140600;139675;139195;139705;138940;139300;139775;140600;140125;139945;139750;139410;140000;140110;139370;139065;139130;138880;138835;139200;139690;139675;139200;139710;138940;139295;139780;139725;2089445;3117576;1967402;1325735;998942;1365596;1108645;758055;1057152;648823;386813;312691;403807;334132;5700.5;5666.5;5668.5;5648.0;5654.0;5655.0;5663.5;5706.0;5680.0;5669.0;5656.5;5656.5;5663.5;5663.5;5666.0;5661.0;5645.5;5645.0;5650.0;5652.5;5655.5;5666.5;5668.5;5647.5;5654.0;5654.5;5663.0;5658.0;567843;485476;433603;235771;138707;220538;142391;198687;161644;125207;65891;39030;64612;42435;0
2025-05-30;0.012553342816500711;0.43342776203966005;0.004920221859894253;0.49999999999999994;-0.8660254037844387;-0.20129852008866114;0.9795299412524943;-0.433883739117558;-0.9009688679024191;139600;139815;138220;138020;137995;137960;138210;140045;139815;138285;138270;138085;138375;138575;139095;138115;137705;137885;137535;137910;138095;139815;138220;138015;137990;137955;138215;138200;2259650;2787686;2032362;1143468;1026290;1126836;1090945;881235;943030;640974;358824;334324;348108;347427;5707.0;5715.0;5753.5;5768.5;5757.0;5748.5;5752.5;5729.0;5754.0;5777.5;5771.0;5760.5;5753.5;5755.5;5696.0;5711.0;5744.5;5747.5;5748.0;5744.0;5743.0;5715.0;5753.5;5769.0;5757.0;5749.0;5752.5;5749.0;595457;517874;567787;358065;176482;144111;183388;208748;149209;143708;89441;49586;44484;50672;0
2025-06-02;0.01797994269340974;0.2290836653386454;-0.0059720130488215215;1.2246467991473532e-16;-1.0;0.40673664307580015;0.9135454576426009;0.0;1.0;138110;139290;138130;137885;137655;137505;137405;139325;139570;138250;138050;137730;137580;137685;137960;137870;137775;137605;137340;137255;137240;139290;138130;137890;137650;137505;137400;137560;1949967;3167485;1826409;1326541;1018822;979520;1069156;722081;971079;585958;412434;320539;304612;329234;5737.5;5713.0;5720.0;5724.5;5741.5;5737.0;5733.5;5745.0;5727.5;5732.5;5743.0;5745.0;5743.0;5736.0;5712.0;5701.5;5713.0;5721.0;5730.5;5732.0;5716.0;5712.5;5720.0;5724.5;5742.0;5736.5;5733.5;5718.0;597110;499536;362499;260146;186031;134740;176182;205286;163374;112109;83329;59596;42465;54469;0
2025-06-03;0.01687061038302802;0.1223175965665236;-0.0109423825842434;1.2246467991473532e-16;-1.0;0.5877852522924731;0.8090169943749475;0.7818314824680298;0.6234898018587336;137525;137120;137070;137845;138090;137915;138200;137530;137595;137960;138150;138125;138300;138530;136945;136900;136845;137625;137780;137750;137930;137125;137065;137845;138085;137910;138200;138240;264631;2591063;2342696;1480381;900978;1068706;1406263;117492;918341;782074;481251;300716;338768;437008;5714.0;5743.0;5724.5;5678.0;5680.0;5676.0;5671.0;5745.0;5743.5;5731.5;5692.0;5686.5;5677.0;5679.5;5705.0;5713.5;5675.5;5675.0;5675.0;5666.5;5658.5;5743.0;5724.0;5677.5;5679.5;5676.5;5671.0;5673.0;515629;556912;651075;255794;161729;173792;293321;162916;180520;184266;78043;44937;52889;83971;1
2025-06-04;0.01257953099436466;1.0433526011560694;-0.0038634865496424793;1.2246467991473532e-16;-1.0;0.7431448254773941;0.6691306063588582;0.9749279121818236;-0.22252093395631434;138650;139065;139025;138560;138060;137940;137710;139380;139410;139550;138645;138150;138065;137760;138650;138820;138500;138005;137815;137640;137440;139065;139030;138555;138060;137940;137705;137580;2143565;2639460;2299367;1510021;898911;910414;904026;858007;944222;780497;489110;307020;290051;287954;5670.0;5656.0;5668.5;5659.5;5671.5;5670.0;5673.0;5670.5;5672.0;5674.5;5676.5;5678.5;5675.5;5680.0;5641.5;5653.5;5648.5;5659.5;5668.0;5665.0;5670.0;5656.0;5669.0;5659.0;5671.0;5670.0;5672.5;5678.0;568588;447328;409260;232991;185135;188724;136931;209191;141681;129910;72131;54503;52298;38235;1
2025-06-05;0.015218175261449694;0.27014218009478674;-0.009324594965149416;1.2246467991473532e-16;-1.0;0.8660254037844386;0.5000000000000001;0.43388373911755823;-0.900968867902419;138010;137975;137760;137565;137890;137750;137315;138250;138145;137795;137940;137940;137845;137345;137820;137490;137185;137535;137580;137260;136570;137975;137760;137570;137890;137750;137320;136940;1734336;3247777;2280384;1294617;909356;926569;1665470;667107;1122883;777841;424437;308987;300834;523523;5665.0;5643.5;5626.5;5627.5;5622.5;5618.5;5616.0;5668.5;5644.0;5639.0;5633.5;5628.0;5621.0;5625.5;5635.5;5619.0;5621.0;5620.0;5611.5;5608.0;5615.0;5643.5;5626.0;5627.5;5622.5;5618.0;5616.5;5618.0;603215;637562;430722;248678;284329;204434;172028;209132;190025;122532;68957;75429;59063;48348;0
2025-06-06;0.012173030939786972;0.49404761904761907;-0.01319864763686572;1.2246467991473532e-16;-1.0;0.9510565162951535;0.30901699437494745;-0.433883739117558;-0.9009688679024191;137400;136970;137300;136395;136945;136370;136440;137405;137535;137450;137000;136995;136795;136595;136780;136830;136330;136325;136310;136245;136290;136970;137300;136390;136945;136370;136435;136325;1968678;2617931;2291875;1427712;1085276;1258652;919393;776125;879801;781971;488066;365293;424449;285752;5624.0;5608.5;5620.5;5638.0;5626.5;5609.5;5611.0;5627.0;5634.0;5640.0;5645.5;5626.5;5613.0;5614.5;5591.5;5606.5;5610.5;5625.5;5601.0;5595.5;5588.5;5608.5;5621.0;5638.0;5626.5;5609.5;5610.5;5592.5;717445;539174;384238;304916;265983;220065;276457;248319;172587;116557;91039;72458;62893;78609;1
2025-06-09;0.010080058224163028;0.45126353790613716;-0.017186217253762123;1.2246467991473532e-16;-1.0;0.9510565162951536;-0.30901699437494734;0.0;1.0;136775;135725;134570;135205;135790;135945;136180;137200;136250;135270;135920;136210;136305;136495;135350;134520;134540;135180;135630;135940;136115;135725;134565;135205;135785;135945;136180;136380;2161984;3093470;1722699;1413025;1112733;989383;993917;822628;1050854;581374;452051;362205;314970;321219;5596.5;5596.0;5611.0;5612.0;5601.5;5601.0;5600.0;5606.0;5624.5;5618.0;5612.5;5607.5;5604.0;5601.0;5577.5;5590.5;5603.5;5594.0;5596.5;5595.5;5580.5;5596.0;5611.0;5612.0;5602.0;5601.0;5599.5;5583.5;554503;534643;311174;254294;148415;109183;212075;197024;170798;103150;78195;46785;33453;64751;0
2025-06-10;0.01959422409065984;0.8432835820895522;-0.016326831487178197;1.2246467991473532e-16;-1.0;0.8660254037844387;-0.4999999999999998;0.7818314824680298;0.6234898018587336;136780;137365;137290;137320;137405;137295;136970;137760;137540;137885;137445;137665;137470;137035;136585;136500;137145;137045;137020;136855;136655;137360;137290;137320;137405;137300;136965;136835;2660603;3183773;2312499;1263846;1179147;1170622;1125338;1003382;1110290;767466;409362;382497;376414;366441;5581.5;5576.5;5576.5;5584.5;5588.5;5582.5;5590.5;5595.5;5584.5;5587.5;5589.0;5598.0;5593.0;5601.0;5568.5;5567.5;5561.5;5575.0;5582.0;5581.5;5588.5;5576.0;5576.0;5584.0;5588.5;5583.0;5590.0;5597.0;687818;367195;477318;206381;201557;133192;140521;219093;119215;133744;63906;59902;41600;42218;1
2025-06-11;0.010125749378564117;0.37545126353790614;-0.013366216325685637;1.2246467991473532e-16;-1.0;0.7431448254773945;-0.6691306063588579;0.9749279121818236;-0.22252093395631434;137020;136345;136915;136680;137045;137210;137640;137120;136955;137415;137145;137280;137950;137785;135710;135895;136650;136180;136835;137205;137310;136345;136915;136680;137050;137215;137640;137535;2997994;2864102;2061754;1537647;984613;1401460;1269705;1251861;1013350;666959;485190;323781;431394;397846;5591.0;5574.5;5560.5;5564.5;5550.0;5552.0;5552.0;5602.0;5585.0;5567.5;5566.5;5555.5;5554.5;5567.5;5562.5;5560.0;5552.0;5546.5;5542.5;5548.0;5551.0;5575.0;5560.5;5564.5;5549.5;5552.0;5552.0;5560.5;689022;549228;439932;305023;216255;113212;200055;232483;166149;120078;81196;61034;33023;59681;0
2025-06-12;0.01634797839731426;0.5;-0.013759649413647207;1.2246467991473532e-16;-1.0;0.5877852522924732;-0.8090169943749473;0.43388373911755823;-0.900968867902419;136830;136415;137120;137310;137565;137515;137525;136965;137255;137840;137760;137700;137645;137870;136020;136345;137075;137235;137335;137255;137520;136420;137120;137310;137570;137515;137525;137805;2461191;3073156;2531006;1274057;1068783;941257;909277;974506;1065405;810474;400186;335523;301714;282517;5550.0;5550.0;5554.5;5566.5;5565.5;5573.0;5564.0;5562.5;5561.0;5579.0;5576.5;5579.5;5575.0;5566.0;5544.5;5546.0;5549.0;5558.0;5563.0;5563.5;5557.0;5550.0;5554.5;5566.5;5565.5;5573.0;5564.5;5563.0;595917;397607;365458;290062;167959;132478;194167;205139;125509;102373;76651;46852;37738;43020;1
2025-06-13;0.016261053862457065;0.6134831460674157;-0.008723321355902853;1.2246467991473532e-16;-1.0;0.40673664307580004;-0.913545457642601;-0.433883739117558;-0.9009688679024191;137385;137370;137340;137235;137420;137760;137680;137645;137930;137495;137750;137855;137950;137700;137110;137135;136660;137200;137295;137480;137185;137375;137335;137235;137420;137760;137675;137675;2048266;3156185;2608289;1382113;1021616;1067650;1432440;814546;1136091;881312;477119;351062;367030;458173;5587.0;5596.0;5585.5;5570.0;5563.5;5562.5;5560.0;5599.5;5612.0;5589.5;5576.5;5571.0;5566.0;5569.5;5576.0;5580.0;5563.5;5554.5;5560.0;5556.0;5551.0;5595.5;5585.5;5569.5;5563.5;5562.0;5559.5;5552.5;562466;625526;410614;298503;158219;171678;247395;175906;192932;119416;85918;45634;47042;55758;0
2025-06-16;0.009389671361502348;0.7286821705426356;-0.006081969344563066;1.2246467991473532e-16;-1.0;-0.20791169081775907;-0.9781476007338057;0.0;1.0;137600;138670;139575;140075;139995;139975;139800;138950;139920;140115;140180;140265;140045;139945;137550;138480;139385;139865;139865;139735;139730;138665;139580;140075;139995;139970;139800;139745;2288631;3416201;2020535;1277162;956703;891695;796130;876871;1191621;687314;429416;325490;295437;245950;5543.0;5534.5;5518.0;5519.0;5533.5;5525.5;5517.0;5553.5;5552.0;5526.0;5536.0;5534.0;5529.0;5518.0;5525.0;5516.5;5512.5;5518.5;5521.5;5514.5;5507.0;5534.5;5517.5;5519.5;5533.5;5526.0;5517.0;5513.0;524351;547601;350419;325384;158488;179316;247396;164054;176162;96022;90029;43296;47201;65059;0
2025-06-17;0.01973110465116279;0.7734806629834254;0.009148456468955948;1.2246467991473532e-16;-1.0;-0.4067366430758002;-0.9135454576426009;0.7818314824680298;0.6234898018587336;139650;139700;139355;138820;138560;138405;138495;139770;139795;139425;138880;138770;138660;138720;139355;139140;138740;138390;138280;138375;138445;139695;139355;138815;138555;138400;138495;138675;2117513;2995862;2123648;1387016;1207963;1037873;907893;854524;1084657;730924;481075;397518;339885;296107;5508.0;5505.0;5483.0;5500.0;5490.0;5502.0;5515.0;5520.0;5505.5;5507.0;5502.0;5505.0;5517.5;5521.0;5498.5;5481.5;5480.0;5489.5;5483.0;5495.5;5505.5;5505.0;5483.0;5500.0;5490.0;5502.5;5515.0;5516.0;561058;549749;487798;238341;299957;333730;240057;195088;163425;137732;68190;79283;85312;66478;1
2025-06-18;0.010848549946294308;2.254125412541254;0.024874146510820507;1.2246467991473532e-16;-1.0;-0.587785252292473;-0.8090169943749476;0.9749279121818236;-0.22252093395631434;141695;141315;141125;141590;141445;141680;141775;141795;141765;141830;141665;141845;141960;141875;141000;141075;141120;141275;141230;141435;141250;141315;141125;141590;141445;141675;141795;141325;1730541;2361740;1820326;1144488;906285;1113477;1181645;708130;866881;633754;385792;307114;353601;406927;5506.0;5516.0;5497.0;5495.0;5506.0;5520.5;5510.0;5524.5;5517.0;5502.0;5509.0;5522.0;5521.0;5521.0;5491.0;5488.0;5488.0;5494.5;5503.5;5508.0;5500.0;5516.0;5497.5;5495.0;5505.5;5521.0;5510.0;5518.5;616447;485358;304280;212351;214194;173537;296702;196659;145586;91943;60819;61184;48180;82637;0
2025-06-20;0.006775115565122269;0.6041666666666666;0.023082217641628565;1.2246467991473532e-16;-1.0;-0.8660254037844384;-0.5000000000000004;-0.433883739117558;-0.9009688679024191;141580;140390;140220;139495;139780;139835;139570;141745;140570;140390;139840;140375;139980;139805;140265;140015;139400;139305;139765;139465;139385;140395;140215;139500;139775;139840;139570;139635;2039210;2254710;1820304;1324162;1424574;1057314;813546;766302;775820;578229;413584;459843;333426;255881;5483.0;5507.0;5498.5;5513.5;5515.0;5522.0;5524.0;5509.5;5508.5;5516.5;5525.0;5524.0;5527.5;5535.0;5480.0;5486.5;5490.5;5511.0;5509.5;5514.5;5524.0;5507.0;5498.0;5514.0;5515.0;5522.5;5524.5;5534.0;475553;388626;399568;307538;182862;151036;161815;156930;127378;111517;89382;54943;43862;49265;0
2025-06-23;0.017234072609125583;0.1598360655737705;0.008215045459712356;1.2246467991473532e-16;-1.0;-0.9945218953682734;0.10452846326765299;0.0;1.0;139695;139750;138965;139100;138740;138560;138910;139945;139815;139260;139235;138845;138945;139030;139455;138845;138795;138715;138345;138320;138700;139755;138970;139095;138735;138560;138905;138835;2122545;2868155;1609623;1430511;1353936;1427831;996570;825550;960730;529506;452900;424110;443823;334199;5545.5;5530.5;5538.0;5522.0;5525.5;5530.0;5520.0;5552.5;5540.5;5542.0;5526.0;5534.0;5531.0;5522.0;5528.5;5520.0;5515.5;5505.0;5518.0;5510.5;5509.0;5530.0;5537.5;5522.0;5525.5;5530.0;5519.5;5510.5;620358;462066;430234;351948;291045;248044;170987;201750;147920;131634;97917;81494;72931;49072;1
2025-06-24;0.011632485056730734;0.9476923076923077;0.009265673709733286;1.2246467991473532e-16;-1.0;-0.9510565162951536;0.30901699437494723;0.7818314824680298;0.6234898018587336;139860;139395;139255;140325;140575;140355;140480;139900;139720;140350;140670;140590;140545;140525;138710;138640;139225;140315;140325;140245;139520;139395;139260;140320;140570;140350;140480;139690;2668931;3168303;2141104;1177944;763251;760079;1257895;958759;1041055;675043;361735;239864;225173;364805;5482.0;5504.0;5510.5;5502.5;5505.5;5513.0;5512.0;5509.5;5513.0;5510.5;5511.5;5516.0;5515.5;5530.0;5482.0;5499.5;5482.0;5493.0;5504.5;5502.0;5508.5;5503.5;5510.5;5502.0;5505.5;5512.5;5512.5;5528.0;630415;400174;541081;300588;210988;186997;262307;194244;124580;150246;83779;53834;46168;63858;0
2025-06-25;0.014514514514514515;0.3251231527093596;0.005268095547376777;1.2246467991473532e-16;-1.0;-0.8660254037844386;0.5000000000000001;0.9749279121818236;-0.22252093395631434;139300;138730;138505;138470;138275;138510;138250;139385;138940;138830;138470;138645;138540;138350;138260;138250;138270;137900;138265;138170;137960;138735;138505;138470;138275;138510;138245;138180;2516916;2815835;1818919;1710166;974215;1127333;938628;933181;966542;598065;529834;314485;349765;288835;5517.5;5533.5;5545.0;5549.0;5563.5;5541.0;5549.0;5553.5;5551.0;5558.0;5579.0;5564.0;5551.0;5557.0;5515.0;5530.0;5542.5;5548.0;5536.0;5540.0;5547.5;5533.0;5544.5;5549.0;5564.0;5541.0;5549.5;5556.5;641903;473347;429929;405484;265564;190100;186129;206161;150488;114606;109051;70497;52101;49876;0
2025-06-26;0.011844938980617373;0.5454545454545454;0.0014591896440877537;1.2246467991473532e-16;-1.0;-0.743144825477394;0.6691306063588585;0.43388373911755823;-0.900968867902419;138635;138730;138900;139355;139490;139525;139405;138970;139200;139565;139610;139750;139665;139515;138325;138380;138800;139260;139355;139345;139320;138730;138900;139355;139490;139525;139410;139425;2211921;3193670;2059812;1390128;1128126;1002662;731518;841859;1103049;662210;426184;340846;304001;227402;5552.0;5541.0;5519.0;5510.0;5508.5;5503.5;5499.5;5567.0;5543.5;5524.0;5516.0;5514.5;5506.0;5503.5;5540.0;5514.0;5507.0;5505.0;5499.0;5494.5;5496.0;5541.0;5519.0;5510.0;5509.0;5503.0;5499.5;5498.0;633474;584873;368569;295363;207209;195495;161630;199944;175132;114241;86006;65022;54912;44079;1
2025-06-27;0.010278789627438958;0.8947368421052632;0.008816302933949994;1.2246467991473532e-16;-1.0;-0.5877852522924734;0.8090169943749473;-0.433883739117558;-0.9009688679024191;139600;138495;139100;139025;139320;139300;139145;139740;139275;139415;139485;139565;139430;139300;138450;138300;138890;138825;139230;138935;138850;138500;139100;139025;139315;139300;139140;138910;2321290;2843081;1874121;1369243;917399;1231336;1036025;881832;1005331;600237;438099;285156;372764;322319;5489.5;5471.0;5493.0;5489.5;5483.5;5470.5;5486.5;5494.0;5495.0;5507.0;5490.5;5484.5;5497.0;5498.5;5461.5;5468.0;5488.0;5473.5;5466.5;5468.0;5483.5;5470.5;5493.5;5489.0;5483.0;5470.0;5486.5;5490.5;645641;525141;450652;378772;229926;289645;234004;196943;175086;131476;103478;62313;77533;62062;1
2025-06-30;0.010315186246418338;0.6597222222222222;0.006385216074700162;1.2246467991473532e-16;-1.0;-1.133107779529596e-15;1.0;0.0;1.0;139250;138915;140180;140285;140325;140570;140950;139250;140295;140355;140535;140575;141035;141280;138025;138550;139935;140135;140190;140480;140850;138915;140175;140290;140320;140565;140950;141200;2487866;2966528;1618240;1272299;953636;1286780;1165785;913632;984260;518273;395508;313476;406694;349915;5525.5;5516.0;5514.0;5497.5;5468.0;5478.0;5477.5;5547.5;5526.5;5522.5;5501.5;5484.5;5482.5;5477.5;5513.5;5505.0;5496.5;5465.0;5468.0;5474.0;5466.5;5515.5;5514.0;5497.5;5468.5;5478.0;5477.5;5468.5;538851;521097;488546;550603;232572;156013;213812;181403;153591;132337;126088;60813;43271;56969;1
2025-07-01;0.02459605026929982;0.8394160583941606;0.017172455489681188;-0.4999999999999997;-0.8660254037844388;0.20129852008866006;0.9795299412524945;0.7818314824680298;0.6234898018587336;140900;141240;141330;141340;141365;141565;141835;141875;141885;141455;141535;141835;141895;141950;140725;141140;141075;141150;141355;141560;141725;141240;141320;141335;141360;141560;141830;141935;2798610;2940750;1906854;1337347;1220646;1064023;832241;1030551;1052670;622517;425095;385379;339218;248128;5467.5;5478.0;5485.5;5491.0;5499.5;5492.5;5504.0;5479.0;5494.5;5499.0;5509.0;5504.0;5505.0;5509.5;5457.5;5473.0;5485.5;5488.5;5491.0;5491.0;5502.5;5478.0;5485.5;5491.0;5499.0;5492.5;5504.0;5507.0;587909;518308;330204;281426;162886;200270;167526;190384;156894;102865;82450;49272;50011;44645;0
2025-07-02;0.008694109297374025;0.9020408163265307;0.022281085853807968;-0.4999999999999997;-0.8660254037844388;0.39435585511331855;0.9189578116202306;0.9749279121818236;-0.22252093395631434;141830;141945;140690;140830;141070;141280;141425;142200;142035;140975;141340;141385;141685;141450;141545;140520;140400;140725;140915;141195;140965;141950;140690;140830;141070;141280;141425;141185;2800459;3840394;2494776;1664055;1228835;1287832;1212919;1045030;1204955;726032;498990;366669;372398;351445;5502.0;5497.0;5498.5;5484.0;5466.5;5464.5;5468.0;5518.5;5510.0;5508.0;5485.0;5470.0;5470.0;5470.0;5488.0;5493.0;5479.5;5464.5;5461.5;5458.0;5456.0;5496.5;5498.5;5483.5;5466.5;5464.5;5468.0;5460.5;631272;521216;436826;379139;192198;219688;194694;210818;158729;114105;101993;50487;52402;51675;1
2025-07-03;0.01269125008813368;0.4222222222222222;0.016373140561323676;-0.4999999999999997;-0.8660254037844388;0.5712682150947923;0.8207634412072763;0.43388373911755823;-0.900968867902419;141160;141300;142985;142685;142945;143300;143410;141475;143200;143295;143140;143325;143445;143445;140865;141210;142620;142535;142885;143200;143235;141300;142990;142685;142940;143295;143405;143330;2434638;4039039;1915457;1410825;1048643;852074;618317;888945;1264522;576660;412858;312200;250310;173596;5465.0;5468.0;5450.5;5446.0;5453.5;5452.5;5457.0;5482.5;5472.5;5453.5;5457.0;5468.5;5459.0;5459.0;5459.5;5440.0;5440.5;5445.0;5451.0;5452.5;5447.0;5468.5;5450.0;5445.5;5454.0;5452.5;5457.5;5447.5;571888;583844;336277;208468;241428;127826;117708;167230;168987;94402;63969;66220;34228;30561;0
2025-07-04;0.01827713233210541;0.7015503875968992;0.025321322443523784;-0.4999999999999997;-0.8660254037844388;0.7247927872291199;0.6889669190756866;-0.433883739117558;-0.9009688679024191;142675;142590;142975;143155;143290;143250;143530;142845;142985;143370;143500;143415;143560;143650;142415;142535;142970;143050;143225;143230;143480;142590;142985;143155;143295;143245;143530;143505;1465370;2269681;1571913;1078251;541475;643522;635482;580162;811716;527142;339224;178921;212227;193763;5455.5;5451.0;5443.0;5441.5;5442.5;5446.0;5454.5;5460.0;5453.0;5448.0;5446.5;5447.0;5457.5;5460.5;5448.5;5437.5;5438.0;5440.0;5442.5;5444.5;5453.0;5451.0;5443.0;5441.0;5442.5;5445.5;5454.0;5458.0;300381;297578;174264;92127;63635;131804;103812;102763;103009;51431;25279;14722;34335;29124;0
2025-07-07;0.009882600315402138;0.6702127659574468;0.027703402618722468;-0.4999999999999997;-0.8660254037844388;0.9884683243281114;0.1514277775045767;0.0;1.0;143360;143220;142590;142235;141760;141315;141370;143415;143345;142605;142240;141815;141470;141480;142855;142510;142060;141655;141285;141145;141200;143225;142590;142235;141760;141315;141375;141405;2307538;3077265;1998098;1620253;1558814;1299880;1077588;836477;990677;589412;447683;422226;345877;286258;5474.0;5479.0;5480.5;5489.0;5498.0;5516.0;5510.5;5489.5;5491.0;5502.0;5503.5;5517.0;5516.5;5516.5;5470.5;5475.0;5477.5;5488.0;5493.0;5506.0;5506.5;5479.0;5480.5;5489.5;5497.5;5515.5;5510.5;5515.0;479338;506932;489418;294368;363295;176319;156018;152670;150865;138353;77878;92050;46623;44241;0
2025-07-08;0.015834263392857144;0.23127753303964757;0.013943784700663998;-0.4999999999999997;-0.8660254037844388;0.9987165071710528;-0.05064916883871264;0.7818314824680298;0.6234898018587336;141670;141435;141150;141100;140960;140910;141020;141895;141435;141335;141290;141030;141110;141235;140860;140800;140810;140860;140530;140825;140860;141430;141150;141100;140955;140910;141025;140955;2968885;3411403;1902533;1268774;1621218;1033498;999491;1027910;1095376;564936;376134;497818;310949;287467;5505.5;5484.5;5485.0;5491.0;5492.5;5493.5;5479.0;5510.5;5502.0;5496.5;5496.0;5505.0;5495.0;5480.0;5480.5;5479.5;5481.5;5486.5;5488.5;5478.0;5467.0;5484.5;5485.5;5491.0;5492.5;5493.5;5479.5;5471.5;585271;492014;337233;177380;309678;235229;246710;181573;150856;97148;51189;93230;65605;67733;0
2025-07-09;0.009635067410178584;0.5494505494505495;0.009360951205528337;-0.4999999999999997;-0.8660254037844388;0.9680771188662043;-0.2506525322587204;0.9749279121818236;-0.22252093395631434;141280;140735;140045;139730;139805;139700;139340;141340;140845;140200;139850;139820;139830;139445;140205;140010;139720;139530;139620;139080;139240;140735;140045;139730;139805;139700;139345;139295;2395059;3078450;1742380;1214550;841482;1704070;810016;830245;949952;516180;338599;227989;469739;227382;5488.0;5497.0;5492.5;5500.5;5485.5;5482.5;5512.5;5506.5;5500.0;5502.5;5501.0;5488.0;5520.0;5526.5;5486.0;5479.5;5488.0;5485.0;5480.0;5478.0;5506.5;5496.5;5492.0;5500.5;5485.5;5483.0;5512.5;5516.0;466215;368175;299605;202692;146263;412708;341160;145218;107417;77654;52545;37793;101307;84470;0
2025-07-10;0.02962202718006795;0.03942652329749104;-0.01920240556823336;-0.4999999999999997;-0.8660254037844388;0.8978045395707416;-0.4403941515576344;0.43388373911755823;-0.900968867902419;137320;137500;137965;138190;138205;138355;138285;137655;138305;138395;138315;138655;138570;138480;136755;137480;137730;137920;138175;138125;138100;137495;137970;138195;138205;138355;138290;138390;2687501;3363309;1974777;1176934;1170898;1192321;1006908;902182;1046644;583656;337346;331125;331757;281995;5643.5;5605.0;5577.0;5576.0;5565.0;5574.0;5585.5;5658.0;5605.5;5582.5;5591.0;5585.5;5593.0;5591.0;5598.5;5553.0;5564.0;5563.5;5555.0;5568.0;5575.0;5605.0;5577.0;5575.5;5564.5;5574.0;5585.0;5578.0;1066062;943678;423381;356249;307128;265440;216170;296569;267423;133325;96945;83114;72489;64317;0
2025-07-11;0.01543839207690067;0.6344339622641509;-0.01407319489188538;-0.4999999999999997;-0.8660254037844388;0.7907757369376989;-0.6121059825476626;-0.433883739117558;-0.9009688679024191;138100;137880;137325;137605;137265;137095;137490;138255;138005;138150;137645;137270;137505;137815;137535;137135;137150;137050;137005;137050;137425;137875;137325;137610;137265;137095;137485;137725;2053389;2974558;2374048;1264409;862927;1087285;1137334;731728;935089;723203;372596;252417;317016;313537;5579.5;5598.0;5611.0;5598.5;5599.0;5590.5;5579.0;5604.0;5619.0;5619.0;5610.0;5602.0;5592.5;5580.0;5577.0;5585.0;5583.5;5591.5;5586.0;5578.0;5569.0;5597.5;5610.5;5598.0;5599.5;5590.5;5579.5;5574.0;516141;586054;627201;272238;198103;141729;166885;170354;164897;166912;71404;52278;40488;47161;0
2025-07-14;0.009051412020275163;0.292;-0.019088745798173063;-0.4999999999999997;-0.8660254037844388;0.29936312297335804;-0.9541392564000488;0.0;1.0;137370;137320;137010;136430;136675;136840;136545;137720;137450;137025;136880;136915;136865;136750;136815;136515;136225;136390;136450;136420;136545;137320;137010;136435;136680;136840;136545;136645;2510347;2841549;1985170;1253899;1011725;917087;778530;897762;907507;581522;366861;285496;257972;212584;5591.5;5581.0;5570.0;5587.5;5599.0;5593.5;5598.0;5599.5;5584.0;5594.0;5601.0;5600.0;5600.0;5614.0;5573.5;5568.5;5569.0;5587.0;5590.0;5588.5;5596.5;5581.5;5570.0;5588.0;5599.0;5593.0;5598.0;5607.0;550222;428992;354536;282192;155231;118762;226449;184934;129004;101770;76902;44143;34724;57972;1
2025-07-15;0.010883016670306472;0.43812709030100333;-0.022397440292537995;-0.4999999999999997;-0.8660254037844388;0.10116832198743272;-0.994869323391895;0.7818314824680298;0.6234898018587336;136880;136850;136330;136175;136080;136180;136740;137000;137535;136415;136375;136235;136855;137025;136230;135885;135870;135720;135650;136180;136550;136855;136325;136175;136075;136175;136735;136600;2257599;3784583;1702837;1402319;1374826;1503638;1162073;805724;1162348;518606;416552;407407;434094;326401;5599.0;5573.5;5576.0;5577.0;5589.0;5618.5;5598.0;5623.0;5588.0;5588.0;5598.0;5627.0;5618.5;5600.5;5567.5;5556.5;5573.0;5570.0;5585.5;5589.0;5580.0;5573.0;5576.0;5577.0;5589.0;5618.5;5598.0;5583.5;850136;633309;371295;380646;457407;354997;228800;252281;174309;102391;95573;113639;94251;64414;1
2025-07-16;0.013771186440677966;0.5251989389920424;-0.02307366449258136;-0.4999999999999997;-0.8660254037844388;-0.10116832198743204;-0.9948693233918952;0.9749279121818236;-0.22252093395631434;136640;136800;136095;135735;135895;135950;136705;137280;136960;136375;136035;135955;136745;136935;136285;135965;135730;135525;135775;135935;136140;136800;136095;135735;135890;135950;136705;136880;2425926;3056674;2087691;2037943;840159;1512070;1749823;867631;979124;616305;617204;263824;440183;503704;5585.0;5594.0;5602.5;5591.0;5585.5;5583.0;5569.0;5597.0;5613.5;5605.5;5594.0;5590.0;5586.0;5598.0;5576.5;5585.5;5586.0;5571.0;5575.5;5560.0;5567.0;5594.0;5602.5;5590.5;5585.5;5583.0;5569.0;5578.0;532614;568934;459569;647335;205945;286423;365784;177245;169664;124889;167778;58338;74894;93259;1
2025-07-17;0.01284396955503513;0.3903133903133903;-0.025296074993738597;-0.4999999999999997;-0.8660254037844388;-0.2993631229733582;-0.9541392564000488;0.43388373911755823;-0.900968867902419;136210;136655;136435;136930;136730;136425;136435;136940;136780;137015;137065;136745;136675;136920;135635;136190;136245;136530;136330;136290;136240;136655;136430;136930;136725;136430;136435;136885;2557963;2940492;2186003;1432063;1067355;951513;1100390;897279;946488;660560;416404;313670;279044;323333;5601.0;5605.0;5599.5;5580.0;5583.5;5582.0;5574.0;5629.0;5611.0;5608.0;5588.0;5590.0;5586.5;5577.0;5597.5;5595.0;5575.5;5575.5;5577.5;5573.0;5561.0;5605.0;5599.5;5580.0;5583.5;5582.5;5574.0;5566.5;700322;407718;420934;213693;169456;152668;218689;210249;125253;117244;58725;48915;40053;58776;0
2025-07-18;0.01049849497100066;0.6503496503496503;-0.02105346159911686;-0.4999999999999997;-0.8660254037844388;-0.4853019625310808;-0.8743466161445822;-0.433883739117558;-0.9009688679024191;136565;135515;136060;135810;135145;134745;134735;136640;136340;136380;136020;135160;134780;134860;135470;135250;135725;135110;134720;134475;134415;135515;136060;135810;135150;134745;134730;134485;2700490;3295432;1979876;1491272;1135817;991905;1110018;952919;1058247;580633;442795;318113;273891;311718;5581.0;5574.5;5544.5;5561.0;5581.0;5589.5;5592.5;5585.0;5577.5;5563.0;5582.5;5592.5;5597.0;5615.0;5563.5;5544.5;5539.5;5555.5;5577.0;5581.5;5589.5;5574.0;5545.0;5561.5;5580.5;5589.5;5592.5;5611.0;541444;573875;384486;280929;262326;215198;281508;170105;163037;104882;74612;65552;55959;63089;1
2025-07-21;0.01706147255885476;-0.07296137339055794;-0.03671561243853353;-0.4999999999999997;-0.8660254037844388;-0.8978045395707417;-0.44039415155763423;0.0;1.0;134140;135140;135290;135750;135925;135940;135335;135645;135565;135835;136015;136050;136005;135455;134040;134920;135120;135680;135765;135275;135180;135135;135290;135750;135925;135940;135335;135365;2272728;2806800;2100878;1163815;847557;1103701;909261;842332;928407;673531;378414;263822;332354;273914;5610.0;5574.0;5590.0;5574.0;5567.0;5571.0;5579.0;5626.5;5593.0;5591.5;5576.0;5576.0;5585.0;5582.0;5573.0;5570.0;5572.5;5565.0;5565.5;5570.0;5576.5;5574.0;5590.0;5574.0;5567.0;5571.5;5579.5;5578.5;624648;414649;342738;233989;124403;174069;108412;186470;130550;105357;63375;37838;45457;31377;1
2025-07-22;0.014984344714477411;0.6019900497512438;-0.027323052803233387;-0.4999999999999997;-0.8660254037844388;-0.9680771188662041;-0.2506525322587213;0.7818314824680298;0.6234898018587336;135250;135635;136055;136195;136080;135825;135295;135725;136370;136385;136350;136105;135830;135300;134785;135595;135845;135885;135595;135290;135080;135640;136050;136190;136085;135825;135295;135150;2258960;2919820;1828531;1109972;1131470;1130029;875976;873377;1002359;606789;360252;367284;362432;268052;5584.5;5589.5;5591.0;5579.5;5567.5;5574.0;5579.0;5599.5;5592.5;5603.5;5584.0;5574.5;5583.5;5584.0;5573.0;5574.0;5576.0;5565.0;5564.0;5572.5;5576.0;5589.0;5590.5;5579.0;5567.5;5574.5;5578.5;5579.0;557560;475955;463613;289584;174359;206282;136714;178819;145379;127392;76156;50234;53344;36838;0
2025-07-23;0.011829944547134935;0.55625;-0.0229578793487106;-0.4999999999999997;-0.8660254037844388;-0.9987165071710528;-0.05064916883871355;0.9749279121818236;-0.22252093395631434;135675;134835;135495;135950;136255;136415;136435;135700;135985;136135;136375;136505;136640;136800;134505;134565;135480;135800;136110;136340;136360;134840;135495;135950;136260;136420;136440;136700;2782367;3640826;1891471;1570786;1173877;1125535;918703;972595;1111216;550317;448295;343573;321102;245885;5575.0;5573.5;5571.5;5567.5;5552.0;5544.5;5533.0;5588.5;5579.0;5580.0;5572.0;5552.5;5545.5;5535.5;5570.0;5565.0;5565.0;5550.0;5541.5;5530.0;5525.5;5573.0;5571.5;5567.0;5552.5;5544.5;5533.0;5529.0;556221;417414;331263;296470;251958;275487;208509;164507;124814;90216;79169;64214;69561;51833;0
2025-07-24;0.01691542288557214;0.6797385620915033;-0.019503284175785375;-0.4999999999999997;-0.8660254037844388;-0.9884683243281114;0.15142777750457667;0.43388373911755823;-0.900968867902419;136065;135355;134575;134985;134820;134695;134645;136160;135450;135195;135120;135110;134890;134740;135065;134520;134510;134700;134540;134615;134550;135355;134575;134990;134825;134700;134640;134600;2176252;2922250;1884510;1117122;1239074;945209;612519;758739;934762;564227;332992;351042;263168;171261;5534.5;5536.5;5543.0;5538.0;5530.5;5539.0;5539.5;5549.0;5549.0;5546.0;5541.0;5545.5;5541.0;5541.0;5529.0;5526.0;5531.0;5530.5;5527.0;5529.5;5530.0;5536.5;5543.5;5537.5;5530.5;5539.0;5540.0;5531.0;502522;526991;278143;225963;219423;168138;118961;144032;152151;80728;54913;53951;41219;31860;0
2025-07-25;0.012126557160180795;0.012121212121212121;-0.028944709109282516;-0.4999999999999997;-0.8660254037844388;-0.9377521321470804;0.3473052528448203;-0.433883739117558;-0.9009688679024191;134530;134870;134465;134375;134205;134680;134210;135555;135050;134875;134485;134755;134785;134475;134525;134370;134325;134140;134180;134170;134075;134875;134470;134375;134205;134685;134210;134255;2200600;3112638;1942165;1329471;958706;1014928;1123477;776904;983871;560326;377030;278605;291789;305681;5540.0;5534.5;5546.0;5546.0;5575.0;5567.0;5572.5;5545.0;5554.0;5553.0;5581.0;5576.0;5574.0;5577.0;5528.5;5534.0;5536.0;5544.5;5557.0;5565.5;5568.0;5534.5;5546.0;5545.5;5575.0;5567.0;5572.0;5575.5;473085;472450;291102;477575;190557;118612;124363;140128;135079;77557;119563;51656;31262;31695;1
2025-07-28;0.011001263658663496;0.09121621621621621;-0.029483918437889247;-0.4999999999999997;-0.8660254037844388;-0.5712682150947924;0.8207634412072763;0.0;1.0;134210;134410;133255;133390;133125;133020;132580;134885;134495;133620;133390;133255;133050;132585;133760;133155;133085;133065;132975;132450;132335;134405;133255;133385;133125;133020;132580;132475;2264722;2939220;1640336;1069030;789725;1108922;994995;833408;967310;482785;317950;229678;316494;258082;5592.5;5579.5;5600.0;5588.5;5599.5;5596.0;5605.0;5599.0;5611.5;5604.0;5602.5;5600.0;5609.0;5608.5;5576.0;5573.5;5586.5;5586.5;5592.5;5596.0;5597.0;5579.5;5600.5;5588.5;5599.5;5596.5;5605.0;5604.0;508492;619332;338094;257976;128978;177820;155543;149127;154448;89225;65070;34258;44725;42879;1
2025-07-29;0.019000074510096117;0.3196078431372549;-0.03433846019955071;-0.4999999999999997;-0.8660254037844388;-0.3943558551133187;0.9189578116202306;0.7818314824680298;0.6234898018587336;133150;133135;133105;133480;133835;133990;133760;133495;133340;133715;133860;134045;134100;133875;132775;132770;133070;133445;133745;133665;133640;133140;133105;133475;133830;133985;133765;133705;2598715;2947958;2356444;1488433;947897;1043766;881051;936884;939952;725954;444035;272458;295934;247740;5604.0;5599.0;5592.0;5596.0;5572.5;5572.5;5573.0;5607.5;5606.0;5601.0;5598.0;5573.5;5574.0;5583.0;5589.5;5585.0;5573.0;5572.0;5562.0;5567.5;5568.5;5598.5;5591.5;5596.0;5573.0;5572.5;5573.0;5572.0;522858;523792;631778;348984;231214;141205;218580;147803;138167;141829;81303;56564;37523;54141;0
2025-07-30;0.009988734509951183;0.5;-0.029304195848708654;-0.4999999999999997;-0.8660254037844388;-0.20129852008866114;0.9795299412524943;0.9749279121818236;-0.22252093395631434;133435;132630;133270;132720;132775;133150;133235;133760;134020;133420;133065;133240;133475;135870;132575;132520;132645;132620;132495;133060;132680;132625;133270;132720;132775;133145;133230;134270;2727382;4167663;2073214;1329197;1572080;1407244;2854534;986591;1316058;632423;401637;494343;421667;921853;5580.5;5585.0;5596.5;5606.0;5620.5;5598.0;5600.0;5597.5;5605.5;5616.0;5627.0;5632.0;5608.0;5631.0;5580.5;5581.5;5593.0;5604.0;5596.5;5587.0;5536.0;5585.5;5596.5;5605.5;5620.5;5598.5;5600.5;5573.5;517470;512984;427705;312301;476519;291891;906168;147229;139059;110336;80335;117546;77844;241318;1
2025-07-31;0.02529321392438266;0.44;-0.02289608698981545;-0.4999999999999997;-0.8660254037844388;-2.4492935982947064e-16;1.0;0.43388373911755823;-0.900968867902419;133980;132990;133350;133115;133850;133750;133300;134210;133445;133495;133995;134030;133780;133655;132960;132520;133030;133105;133735;133085;133085;132990;133355;133110;133850;133755;133300;133625;2226535;3282676;2303892;1722890;963407;1308432;1248753;788394;991422;649236;461117;266475;366724;350647;5610.0;5642.5;5659.0;5641.0;5628.5;5633.5;5645.5;5646.0;5668.0;5661.0;5642.5;5637.0;5648.0;5660.0;5606.0;5641.0;5628.5;5624.5;5623.5;5631.5;5639.5;5642.0;5659.0;5641.0;5628.5;5633.0;5645.5;5640.5;569664;584294;547473;287860;156492;168516;302249;165816;147810;127957;67945;39232;43938;73281;0
2025-08-01;0.012613822958650545;0.22781065088757396;-0.027370192835449524;-0.8660254037844384;-0.5000000000000004;0.20129852008866006;0.9795299412524945;-0.433883739117558;-0.9009688679024191;132905;134810;133895;133825;133745;133150;133130;134835;135480;134385;133930;133790;133265;133325;132505;133740;133635;133250;133125;132885;132600;134810;133885;133830;133745;133155;133130;132605;3370989;3894844;2225382;1443461;1116786;1129019;1261080;1231155;1262853;660569;462710;354808;349482;366177;5662.0;5592.0;5588.5;5589.0;5584.0;5590.5;5591.5;5669.5;5599.0;5603.0;5593.0;5594.5;5598.0;5603.0;5586.0;5568.0;5577.0;5581.5;5578.0;5589.0;5584.0;5592.0;5588.5;5589.0;5583.5;5590.5;5592.0;5599.0;929932;774207;461827;246740;170215;182077;253846;249318;208958;113479;64065;45588;46532;64444;1
2025-08-04;0.022384409916857907;0.30084033613445377;-0.01986536006539129;-0.8660254037844384;-0.5000000000000004;0.7247927872291199;0.6889669190756866;0.0;1.0;133400;134420;133505;133765;133260;132935;132935;134500;134585;134030;133775;133270;133035;133380;133055;133260;133445;133165;132815;132825;132860;134425;133505;133765;133265;132935;132930;133165;2603693;3468265;2180095;1544432;1263208;887871;1210290;944348;1158532;653674;459995;372013;257727;350825;5572.0;5557.5;5537.5;5544.5;5554.5;5559.5;5558.5;5583.0;5560.5;5547.5;5555.0;5565.0;5562.0;5560.5;5554.0;5535.0;5534.0;5542.5;5553.0;5555.5;5545.5;5557.0;5537.0;5545.0;5554.5;5559.5;5558.0;5550.5;473567;562114;315628;294672;222007;103373;180125;152307;150353;77458;73114;57852;28028;45806;1
2025-08-05;0.013268365817091454;-0.031073446327683617;-0.021647414285451094;-0.8660254037844384;-0.5000000000000004;0.8486442574947509;0.5289640103269624;0.7818314824680298;0.6234898018587336;132760;133350;134085;133265;133965;133615;133855;133810;134650;134270;134050;134005;134180;133915;132600;133025;133075;133230;133415;133475;133505;133345;134085;133270;133970;133610;133860;133645;2335927;4294662;2617302;1986793;1458339;1472276;1086317;870256;1377501;801884;556479;415391;411952;311749;5570.5;5555.0;5539.0;5549.0;5543.5;5542.0;5543.5;5573.0;5562.5;5551.0;5551.0;5545.5;5548.5;5549.5;5544.5;5535.0;5535.5;5539.0;5538.0;5536.0;5539.5;5555.0;5539.5;5549.0;5544.0;5541.5;5543.5;5542.5;562255;567266;289740;194826;143064;169551;133580;174710;160467;85333;52737;35735;42982;35789;0
2025-08-06;0.015441398011449232;0.5658536585365853;-0.01146248272498171;-0.8660254037844384;-0.5000000000000004;0.9377521321470804;0.3473052528448203;0.9749279121818236;-0.22252093395631434;133760;134635;135410;134810;135145;134825;135170;134960;135585;135425;135315;135225;135310;135250;133740;134375;134695;134740;134810;134795;134865;134635;135410;134815;135145;134830;135170;135015;3152842;3955377;2444602;1440754;1122369;1257360;1259261;1017373;1216749;734575;414735;317268;348479;333424;5538.5;5521.5;5503.5;5515.0;5511.5;5510.5;5497.5;5545.5;5526.5;5524.5;5517.5;5515.0;5510.5;5502.5;5519.0;5494.0;5501.5;5506.0;5507.5;5496.0;5492.5;5522.0;5504.0;5515.0;5511.5;5510.5;5497.0;5498.5;529904;621957;419612;270030;130553;221813;193856;163162;155622;101657;65486;32553;55471;46711;0
2025-08-07;0.013793361244019139;0.8048780487804879;0.0004883137637893148;-0.8660254037844384;-0.5000000000000004;0.9884683243281114;0.1514277775045767;0.43388373911755823;-0.900968867902419;135225;135635;136220;136350;136650;137200;136920;135775;136495;136400;136680;137265;137265;137095;135035;135405;135870;136310;136580;136725;136840;135635;136220;136350;136650;137195;136920;136925;2611751;3804915;2206908;1632835;1640286;1319545;997849;863995;1116013;627873;450617;438812;374350;268157;5498.0;5494.0;5497.0;5504.0;5488.5;5489.0;5493.5;5504.5;5498.0;5508.0;5509.0;5497.0;5494.5;5494.0;5488.0;5484.0;5495.5;5487.5;5484.0;5485.5;5477.5;5494.0;5496.5;5503.5;5488.5;5489.0;5494.0;5481.5;541541;466974;437318;286032;255966;125753;235822;165194;131169;115682;75077;59959;34507;53368;0
2025-08-08;0.016491033462747273;0.7488789237668162;0.012005559534583304;-0.8660254037844384;-0.5000000000000004;0.9987165071710528;-0.05064916883871264;-0.433883739117558;-0.9009688679024191;136705;136375;135850;136415;136385;136300;136315;136760;136640;136515;136795;136435;136490;136665;136100;135720;135795;136280;136175;136265;135770;136375;135850;136415;136385;136295;136315;136095;2026558;3605770;2391159;1641746;950015;899050;1884208;671814;1078740;684016;449388;273709;245948;500588;5457.0;5461.0;5455.0;5456.0;5452.5;5454.0;5457.0;5467.0;5468.5;5460.0;5456.5;5456.5;5458.5;5473.5;5447.5;5445.0;5449.0;5446.5;5449.0;5451.0;5448.0;5461.0;5455.0;5456.0;5452.0;5453.5;5457.5;5464.0;540205;442775;298846;213056;129205;100714;451135;155725;128915;77682;48549;31176;24236;101995;0
2025-08-11;0.007863648001170403;0.3581395348837209;0.008030247202744763;-0.8660254037844384;-0.5000000000000004;0.7907757369376989;-0.6121059825476626;0.0;1.0;136105;135815;135750;135915;136270;135745;135715;136380;136150;136015;136290;136445;135815;135955;135680;135535;135525;135800;135680;135510;135660;135815;135745;135915;136270;135750;135720;135820;2243993;3281561;1860586;1469393;1599814;1225410;1071121;784807;1050427;546116;426575;463612;350026;296017;5470.0;5478.0;5471.5;5481.0;5470.5;5473.5;5476.0;5485.5;5480.5;5486.5;5487.5;5474.5;5480.5;5477.0;5464.0;5470.0;5470.0;5470.5;5462.0;5471.0;5467.5;5478.5;5471.5;5481.0;5471.0;5473.5;5476.0;5472.0;441976;339150;296465;216286;219780;142606;145894;130348;94043;79366;57097;57457;39873;33387;0
2025-08-12;0.006869696190441203;0.8823529411764706;0.010066585788240524;-0.8660254037844384;-0.5000000000000004;0.6513724827222223;-0.7587581226927909;0.7818314824680298;0.6234898018587336;136335;136930;137700;137945;138425;138350;138340;137025;137835;138055;138490;138460;138430;138365;136070;136815;137560;137840;138160;138005;138120;136925;137705;137945;138425;138345;138345;138190;2694524;3488155;2146035;1761854;1188875;1189653;852497;981607;1092232;609175;467352;325210;328579;235707;5468.5;5433.5;5442.5;5435.0;5419.0;5420.0;5420.5;5470.5;5449.0;5447.0;5435.5;5426.5;5427.0;5421.0;5432.0;5430.5;5431.5;5414.5;5417.0;5416.5;5412.0;5433.5;5443.0;5435.0;5418.5;5420.0;5420.5;5417.0;663187;503395;333670;443887;181900;166389;218255;194399;137542;81385;94561;42335;40436;50574;0
2025-08-13;0.017750394249459053;2.090909090909091;0.04521965498790032;-0.8660254037844384;-0.5000000000000004;0.48530196253108104;-0.8743466161445821;0.9749279121818236;-0.22252093395631434;141130;140525;140345;140180;139805;139805;140065;141445;140660;140505;140385;139895;140135;140125;140350;139845;140030;139765;139530;139770;139650;140525;140350;140180;139805;139805;140060;139685;1460927;2764778;1768360;1258527;1158333;1325831;902233;530322;888470;560265;371132;323518;367272;240871;5413.0;5409.5;5418.5;5417.5;5430.0;5423.5;5421.0;5423.5;5428.0;5421.5;5435.0;5431.5;5425.0;5430.0;5404.0;5408.0;5411.5;5414.0;5420.5;5416.0;5420.0;5409.5;5418.5;5417.5;5429.5;5423.5;5421.0;5428.5;534263;479873;312197;272214;187987;190275;137792;152656;126077;82550;67309;43787;45438;33285;1
2025-08-14;0.01356904981222986;-0.02610966057441253;0.03178463308139137;-0.8660254037844384;-0.5000000000000004;0.29936312297335804;-0.9541392564000488;0.43388373911755823;-0.900968867902419;139480;138745;139335;140270;140055;139785;139570;139840;139425;140460;140295;140190;139900;139600;138600;138485;139235;139850;139690;139495;139305;138745;139330;140265;140055;139790;139570;139530;2988373;3052286;2850922;1655115;1152452;1121745;1101395;1007053;926218;819893;457132;326549;306486;293229;5425.5;5428.5;5446.0;5423.0;5437.5;5447.0;5443.0;5435.5;5446.5;5447.0;5443.0;5448.0;5447.5;5455.5;5417.5;5427.0;5419.5;5422.0;5430.5;5438.5;5432.0;5428.5;5446.0;5422.5;5437.5;5447.5;5443.0;5436.5;557990;465239;444161;298960;231214;166300;284319;162294;127569;117415;69257;57414;42640;64634;0
2025-08-15;0.014159736162890737;0.5139240506329114;0.03093926326641466;-0.8660254037844384;-0.5000000000000004;0.10116832198743272;-0.994869323391895;-0.433883739117558;-0.9009688679024191;139500;138830;139145;139100;138910;138650;138460;139500;139230;139385;139170;139100;138765;138720;138785;138570;138810;138865;138510;138400;138405;138830;139140;139100;138910;138655;138460;138630;2193934;2840299;2201809;1042399;1240928;1007392;936898;727169;902496;650238;291885;341371;278702;248270;5428.0;5411.5;5416.5;5414.5;5417.0;5421.0;5420.5;5429.5;5418.0;5417.0;5421.0;5425.0;5426.0;5424.5;5407.5;5405.5;5410.0;5413.5;5413.0;5414.5;5417.0;5411.5;5416.5;5415.0;5417.5;5421.5;5420.5;5422.0;504930;369769;218042;158535;154385;173831;114168;141345;102549;59895;38804;40174;41565;27064;1
2025-08-18;0.017347670250896056;0.36983471074380164;0.02765092550923296;-0.8660254037844384;-0.5000000000000004;-0.4853019625310808;-0.8743466161445822;0.0;1.0;139295;139350;139530;140465;140760;140280;140250;140295;139885;140500;140820;140765;140345;140455;138955;139265;139530;140440;140250;140020;140140;139350;139535;140465;140765;140285;140255;140355;2546692;2837562;2320815;1420623;1244897;1169286;868685;884759;914025;697440;393235;360149;344648;243371;5422.0;5429.5;5428.5;5434.0;5439.5;5453.0;5449.5;5439.0;5433.5;5441.0;5441.5;5453.5;5459.0;5458.5;5422.0;5423.5;5422.5;5432.0;5439.0;5446.5;5449.5;5429.0;5428.0;5434.0;5439.5;5453.0;5450.0;5453.5;363777;313494;369110;225931;238429;201383;177907;112674;90173;91550;50900;59041;46849;43593;0
2025-08-19;0.013388850999676944;0.6514745308310992;0.032229083129899444;-0.8660254037844384;-0.5000000000000004;-0.651372482722222;-0.7587581226927911;0.7818314824680298;0.6234898018587336;140170;138830;137920;137405;137205;137475;137295;140200;138910;137950;137455;137645;137505;137295;138770;137675;137300;137045;137170;137145;136665;138825;137925;137410;137200;137475;137295;136820;3029593;3761046;2291073;1628656;1472044;1187482;1597058;974089;1063651;603303;397310;375587;309766;400820;5451.5;5477.0;5487.5;5497.5;5494.0;5492.5;5500.0;5480.0;5506.5;5501.5;5502.5;5495.0;5502.5;5513.0;5446.0;5476.5;5481.0;5485.5;5479.0;5491.5;5499.5;5477.0;5487.0;5497.0;5494.5;5493.0;5499.5;5508.5;633930;669594;392992;312190;291678;214550;295394;167081;156050;93205;75757;67905;50724;65663;1
2025-08-20;0.028180067061425413;0.1379746835443038;0.007035889847742828;-0.8660254037844384;-0.5000000000000004;-0.7907757369376986;-0.6121059825476627;0.9749279121818236;-0.22252093395631434;136795;136695;137135;136900;137435;137520;137340;137080;137430;137310;137485;137580;137665;137370;136460;136660;136750;136840;137255;136820;137145;136690;137135;136900;137440;137515;137335;137195;2748151;3363187;2372471;1410128;1053422;1727369;966604;930863;1010985;667703;391806;293875;497220;266869;5513.0;5488.5;5489.5;5486.5;5489.5;5480.5;5487.0;5519.5;5494.0;5492.0;5491.0;5491.5;5501.5;5490.0;5486.0;5479.5;5480.0;5479.0;5480.0;5476.5;5484.0;5488.5;5489.5;5487.0;5489.0;5480.5;5486.5;5487.5;671522;425402;332400;232126;148029;430390;113960;186960;116067;80212;50287;34212;100021;29332;0
2025-08-21;0.008808801491282577;0.4149377593360996;0.007959316595340691;-0.8660254037844384;-0.5000000000000004;-0.8978045395707417;-0.44039415155763423;0.43388373911755823;-0.900968867902419;136960;136475;136960;136890;136730;136855;137070;136980;137565;137190;137000;136890;137360;137390;135900;136250;136665;136645;136580;136850;137045;136355;136960;136890;136730;136855;137065;137250;1201375;854503;1492736;972653;795840;1306091;939236;418795;320866;472753;274959;230911;365464;249199;5503.0;5495.5;5491.5;5498.0;5501.5;5497.5;5489.5;5510.5;5499.5;5504.5;5508.5;5508.5;5498.0;5492.0;5494.0;5480.0;5485.5;5496.5;5496.5;5485.5;5481.0;5495.0;5491.5;5498.0;5501.5;5498.0;5489.5;5488.5;484290;636399;394712;285763;173640;221711;191896;140430;178476;109792;75894;43957;52726;46020;0
2025-08-22;0.012156834112149533;0.7597597597597597;0.008523536688706175;-0.8660254037844384;-0.5000000000000004;-0.9680771188662041;-0.2506525322587213;-0.433883739117558;-0.9009688679024191;137165;137835;138105;139975;140060;140195;140445;138190;138450;140135;140190;140425;140555;140795;137005;137455;138105;139785;140040;140085;140330;137830;138110;139975;140060;140200;140445;140515;2409845;2983439;2898033;1231776;1148202;1075164;1142792;825822;960812;906541;331248;295027;272298;288792;5486.5;5480.5;5487.0;5434.0;5435.0;5437.5;5432.0;5486.5;5488.5;5487.0;5438.5;5439.0;5438.5;5438.0;5473.0;5473.0;5430.0;5423.5;5431.0;5430.5;5428.0;5480.5;5487.5;5434.0;5435.5;5438.0;5432.0;5436.0;464355;367159;837956;331610;125547;114821;141478;132548;95584;211016;76012;33174;26954;36983;1
2025-08-25;0.028578719060984945;0.9630102040816326;0.03265085317660435;-0.8660254037844384;-0.5000000000000004;-0.9377521321470804;0.3473052528448203;0.0;1.0;140780;141360;140895;141215;141040;140765;140690;141585;141450;141380;141500;141135;140885;140855;140780;140865;140670;140875;140700;140535;140585;141360;140900;141210;141040;140770;140695;140645;2257116;2480259;2107279;1623466;972861;1086935;1022871;777803;774349;610779;462382;285472;313684;275424;5438.5;5431.5;5434.0;5414.0;5418.0;5415.5;5418.5;5446.5;5440.5;5434.5;5420.5;5419.5;5421.5;5422.5;5430.5;5430.0;5410.5;5413.0;5413.5;5414.0;5415.5;5431.5;5434.5;5414.5;5418.5;5415.0;5418.5;5421.5;370535;257202;400303;259415;110618;131800;115655;103926;73971;98004;59103;26221;29253;28906;1
2025-08-26;0.007707060662025856;0.02304147465437788;0.02784563846750245;-0.8660254037844384;-0.5000000000000004;-0.848644257494751;0.5289640103269624;0.7818314824680298;0.6234898018587336;140525;140610;140400;139765;139590;139575;139890;140735;140635;140430;139860;139710;139910;139935;140105;140110;139450;139530;139460;139545;139705;140610;140400;139765;139585;139575;139890;139830;2195902;2904244;2515801;1135067;943804;865446;951091;746554;901787;719264;313045;264011;237265;251495;5410.0;5414.0;5420.0;5434.5;5441.5;5451.5;5442.0;5417.5;5425.5;5440.0;5444.0;5456.0;5454.5;5450.5;5405.5;5411.0;5419.5;5431.0;5440.0;5442.0;5441.0;5413.5;5420.0;5434.5;5441.5;5451.5;5442.5;5442.0;429778;339416;442690;219181;272864;160398;147716;119127;89500;102062;49676;58207;37080;37633;1
2025-08-27;0.00914428037715709;0.5058365758754864;0.022090580133068752;-0.8660254037844384;-0.5000000000000004;-0.72479278722912;0.6889669190756865;0.9749279121818236;-0.22252093395631434;140100;140210;139955;140035;140395;140455;140980;140485;140425;140155;140690;140540;141015;141300;139540;139740;139760;139965;140260;140410;140955;140210;139955;140035;140395;140455;140980;141170;2269723;3445910;2023621;1632222;958214;1340583;1154143;777380;1056668;589512;471394;287760;396706;327868;5455.0;5450.0;5451.0;5450.5;5439.0;5432.5;5425.5;5460.0;5455.5;5462.5;5452.5;5442.5;5433.5;5431.0;5432.5;5444.5;5447.5;5437.0;5427.5;5419.5;5423.0;5450.0;5451.0;5450.5;5439.0;5433.0;5425.5;5426.0;610899;420247;432610;255129;262527;240388;189945;158204;106517;103650;67183;65492;56981;43529;1
2025-08-28;0.015881513204853676;1.1730337078651685;0.034499070297177414;-0.8660254037844384;-0.5000000000000004;-0.5712682150947924;0.8207634412072763;0.43388373911755823;-0.900968867902419;142150;142680;143680;144205;144085;144225;144080;142950;143715;144660;144235;144345;144385;144210;142115;142490;143665;143930;143970;143975;143875;142680;143680;144205;144080;144225;144080;143910;2209069;3764021;3065024;1225887;1027374;1090790;935719;721953;1107623;841656;322912;278892;286639;236744;5417.5;5417.0;5419.0;5411.5;5414.0;5407.0;5409.5;5420.5;5434.0;5419.5;5417.5;5414.5;5410.5;5410.5;5406.5;5413.0;5407.0;5409.5;5401.5;5398.5;5403.0;5417.0;5418.5;5411.0;5414.0;5407.5;5409.5;5409.0;479647;632008;405680;147991;228766;252908;119604;126162;161102;104312;37907;53339;59094;29543;0
2025-08-29;0.017903622933520928;0.34970530451866405;0.03690491080573033;-0.8660254037844384;-0.5000000000000004;-0.3943558551133187;0.9189578116202306;-0.433883739117558;-0.9009688679024191;143005;143590;144000;144350;144405;144245;144195;143870;144245;144430;144775;144480;144340;144235;142870;143530;143940;144260;144220;144030;143985;143590;144000;144350;144410;144245;144195;144175;2262665;2641374;2126029;1746932;1027158;1052566;838017;749698;780963;558326;462938;281767;294213;228566;5460.0;5478.5;5457.5;5467.0;5469.5;5468.5;5467.5;5483.0;5481.5;5469.5;5475.0;5473.0;5472.5;5469.0;5454.0;5452.0;5453.0;5465.5;5463.0;5464.0;5461.0;5478.0;5457.5;5467.5;5469.5;5468.0;5467.5;5463.5;659456;487848;425077;266723;165787;131386;127120;179147;125295;100084;56326;35564;28315;26701;0
2025-09-01;0.013321212545015908;0.5433070866141733;0.039246626537782416;-1.0;-1.8369701987210297e-16;0.20791169081775931;0.9781476007338057;0.0;1.0;143905;144210;143955;143555;143295;143135;143240;144250;144240;144050;143560;143320;143280;143450;143730;143760;143465;143180;143075;143115;143035;144210;143960;143555;143300;143140;143240;143320;1848303;2687484;1688038;1292891;994948;586022;1006171;664737;860101;493539;364828;283325;174616;300660;5463.5;5459.5;5464.0;5479.0;5484.5;5486.0;5485.0;5470.0;5476.0;5481.5;5489.0;5488.0;5488.0;5487.0;5454.5;5459.5;5464.0;5478.0;5483.5;5483.5;5482.0;5459.5;5464.5;5479.5;5484.5;5485.5;5485.0;5482.5;282565;399705;247769;221343;93826;63497;92186;81752;96455;57896;50812;23853;14605;21452;1
2025-09-02;0.008443070080956187;-0.3168724279835391;0.026325445532444546;-1.0;-1.8369701987210297e-16;0.40673664307580015;0.9135454576426009;0.7818314824680298;0.6234898018587336;142650;141675;142780;142960;142445;142790;142650;142795;142995;143250;143065;142830;142870;142670;141670;141615;142700;142080;142375;142585;142115;141680;142780;142965;142440;142785;142650;142300;2985443;3955209;2313994;1978212;1197476;968317;1372537;1024106;1215815;686564;594406;363808;298620;395561;5505.0;5534.5;5507.0;5497.0;5501.0;5485.5;5497.5;5536.5;5539.0;5507.5;5507.0;5502.5;5498.0;5513.0;5499.5;5503.5;5491.5;5492.5;5482.5;5485.0;5495.0;5534.5;5507.0;5496.5;5500.5;5485.5;5497.5;5508.0;773157;626821;384088;261178;225631;112991;290460;199413;163024;98436;66934;56002;29015;67861;1
2025-09-03;0.01146161934805468;0.6636085626911316;0.02337923121055651;-1.0;-1.8369701987210297e-16;0.5877852522924731;0.8090169943749475;0.9749279121818236;-0.22252093395631434;142700;142380;141895;142295;141945;141895;141765;142815;142415;142630;142295;142075;142035;141870;142315;141820;141850;141885;141795;141670;141625;142380;141895;142300;141945;141895;141765;141685;2104837;3438089;2598096;1503730;1104600;1281041;885485;737282;1075936;775572;431464;321472;367512;246872;5499.0;5483.0;5484.5;5476.5;5492.5;5498.5;5496.5;5500.0;5494.0;5485.0;5493.5;5504.0;5500.5;5497.0;5478.0;5482.0;5469.0;5475.5;5492.0;5492.0;5489.0;5482.5;5485.0;5476.0;5492.5;5498.5;5496.5;5494.5;463958;426678;411548;274113;243830;126458;131238;125762;113244;105737;65168;60572;31224;32167;1
2025-09-04;0.008584442887175893;0.1306122448979592;0.014021031547320982;-1.0;-1.8369701987210297e-16;0.7431448254773941;0.6691306063588582;0.43388373911755823;-0.900968867902419;141750;142055;142215;142325;142630;142790;143410;142150;142360;142365;142650;142865;143495;143480;141550;141785;141885;142135;142570;142725;143165;142060;142220;142325;142625;142790;143410;143220;2417751;3044277;2099210;1546668;1149886;1653321;1046753;883798;926676;608677;431352;322147;423943;266877;5499.5;5491.5;5486.5;5495.5;5498.5;5504.5;5491.5;5500.0;5495.5;5498.0;5502.0;5507.0;5506.0;5493.5;5481.0;5482.0;5485.5;5493.0;5496.5;5490.0;5476.5;5492.0;5486.0;5495.5;5498.5;5505.0;5491.5;5482.5;532077;321314;300640;210949;188010;164005;262642;144792;87510;77372;51994;43925;40224;61750;0
2025-09-05;0.013721340388007054;0.8688946015424165;0.02252021536885575;-1.0;-1.8369701987210297e-16;0.8660254037844386;0.5000000000000001;-0.433883739117558;-0.9009688679024191;143240;144195;145310;144185;144255;144535;144380;144430;145400;145465;144825;144555;144555;144675;143160;144010;143880;143930;144095;144200;144300;144190;145310;144190;144255;144540;144380;144625;2502074;3281541;3090039;1791627;1153846;1055814;942590;896262;967668;800420;489565;321732;296652;253953;5463.5;5431.0;5415.5;5441.5;5431.0;5433.0;5434.5;5472.5;5436.0;5451.5;5451.0;5435.0;5439.5;5444.5;5426.0;5415.0;5415.0;5429.0;5427.0;5430.0;5434.5;5430.5;5415.0;5441.5;5431.0;5432.5;5435.0;5442.5;789512;549714;503592;312525;164027;149648;121983;203313;140768;120731;77480;43016;34509;31165;0
2025-09-08;0.016091873778274226;0.7331887201735358;0.030964523005419946;-1.0;-1.8369701987210297e-16;0.9945218953682734;-0.10452846326765333;0.0;1.0;144850;144690;143850;143370;143420;143350;143420;145025;144950;143905;143800;143470;143600;143740;144575;143745;143335;143315;143145;143330;143400;144695;143850;143375;143420;143350;143425;143685;1648412;3918261;2151253;1570798;1113799;1101620;1183958;574983;1162371;572811;422411;303030;305705;305547;5439.0;5443.0;5463.5;5469.0;5458.0;5464.5;5462.0;5445.5;5466.0;5478.5;5469.0;5469.0;5465.5;5462.0;5433.0;5441.0;5462.5;5454.5;5457.5;5459.5;5449.0;5442.5;5463.5;5468.5;5458.5;5465.0;5462.0;5450.5;406946;466374;393841;244523;145912;79381;162098;113691;114957;94977;58721;35380;21668;39268;1
2025-09-09;0.01297894373489817;0.4175531914893617;0.021529988324763213;-1.0;-1.8369701987210297e-16;0.9510565162951536;-0.30901699437494734;0.7818314824680298;0.6234898018587336;143930;144035;143675;143825;143615;143575;143605;144475;144085;144065;143860;143760;143830;143765;143655;143580;143610;143520;143470;143515;143540;144035;143675;143825;143615;143580;143605;143580;2737677;3420683;2778982;1485738;1154595;1080008;789326;914961;1009615;756200;400805;323548;292588;205200;5450.0;5463.5;5450.0;5451.0;5457.0;5462.0;5464.5;5463.5;5467.0;5459.0;5458.0;5467.5;5466.5;5466.5;5447.0;5446.5;5441.0;5450.5;5453.0;5457.5;5458.5;5463.5;5450.5;5451.0;5456.5;5462.0;5464.0;5460.5;438953;446272;465580;166852;187702;169182;116049;122752;121878;121764;42278;49920;42066;28956;0
2025-09-10;0.007885777808656985;0.3876651982378855;0.01848834738258837;-1.0;-1.8369701987210297e-16;0.8660254037844387;-0.4999999999999998;0.9749279121818236;-0.22252093395631434;143780;143765;144455;144440;144370;144315;144045;143885;144695;144920;144630;144530;144465;144120;142965;143160;144290;144295;144185;143840;143940;143765;144455;144440;144375;144320;144045;144075;3097378;4016680;2351360;1327126;1000220;1411590;875629;1068536;1187369;682101;377329;290330;401711;248852;5460.5;5458.5;5439.5;5431.0;5434.5;5430.5;5429.0;5465.0;5459.0;5439.5;5436.5;5435.5;5433.0;5432.0;5437.0;5430.5;5426.0;5424.0;5428.5;5427.5;5427.0;5458.0;5439.0;5431.0;5435.0;5431.0;5428.5;5431.5;567039;547149;316501;250704;152377;107017;86168;160295;143314;83568;58916;34786;27279;20850;1
2025-09-11;0.013597162331339547;0.6061381074168798;0.01942674483568241;-1.0;-1.8369701987210297e-16;0.7431448254773945;-0.6691306063588579;0.43388373911755823;-0.900968867902419;144150;144580;144870;145480;145175;145275;145405;144730;144935;145695;145515;145315;145590;145470;143380;144080;144830;144935;145080;145250;144595;144580;144870;145480;145170;145275;145405;144825;3491179;3261853;2435895;1373457;722453;1058154;1712789;1298525;996833;661113;364219;206086;296347;463899;5435.0;5425.0;5413.5;5406.0;5408.0;5406.5;5404.0;5449.0;5425.5;5417.0;5408.5;5411.0;5408.0;5417.0;5424.0;5410.5;5400.0;5399.0;5402.5;5402.0;5403.0;5425.0;5413.5;5406.0;5408.0;5406.0;5404.0;5412.5;643658;454727;422671;230365;168199;140188;269433;167976;126259;94675;53593;34794;30624;57696;1
2025-09-12;0.0160596600763094;0.43844492440604754;0.019215057235777523;-1.0;-1.8369701987210297e-16;0.5877852522924732;-0.8090169943749473;-0.433883739117558;-0.9009688679024191;144395;143980;144715;144210;144260;144185;144005;144540;144860;144870;144590;144435;144230;144115;143550;143615;144110;144140;144135;143755;143875;143985;144715;144205;144260;144180;144005;143900;2707510;3265608;2380019;1334113;847062;1242001;730814;901686;972850;662832;364027;242115;353430;204820;5423.0;5412.0;5391.5;5385.5;5377.0;5376.0;5372.5;5431.5;5413.0;5396.5;5388.0;5383.5;5377.0;5376.5;5410.5;5389.0;5376.0;5373.5;5373.5;5366.0;5368.0;5412.5;5392.0;5385.0;5377.0;5376.5;5372.5;5373.0;475417;500583;537131;388014;184568;267435;160919;135952;121391;115271;78495;38045;54735;33496;0
2025-09-15;0.009141590775303854;0.45454545454545453;0.01577570488597627;-1.0;-1.8369701987210297e-16;5.66553889764798e-16;-1.0;0.0;1.0;144150;144595;144745;145135;145330;145340;145665;144955;144745;145315;145340;145525;145805;145720;143930;144140;144305;145040;145235;145275;145365;144600;144740;145135;145325;145335;145665;145405;3149346;3322014;2667468;1373050;1208060;1463388;1200008;1038523;1003597;781748;392386;340890;396050;326263;5369.5;5345.0;5345.5;5336.5;5329.5;5339.5;5336.5;5371.5;5353.0;5357.5;5339.0;5339.5;5340.5;5340.5;5344.0;5341.5;5335.5;5329.0;5329.0;5332.5;5336.0;5345.5;5345.0;5336.5;5329.5;5339.0;5336.5;5337.0;610474;376301;464307;258694;211939;135677;128173;152765;93469;105837;55191;40123;31680;30318;0
2025-09-16;0.013007284079084287;0.9013333333333333;0.0244324537274793;-1.0;-1.8369701987210297e-16;-0.20791169081775907;-0.9781476007338057;0.7818314824680298;0.6234898018587336;145620;146090;145520;145505;145225;145145;145410;146260;146215;145695;145565;145440;145530;145475;145230;145435;145305;145210;145095;145050;145165;146090;145520;145505;145220;145140;145410;145220;3645016;3832518;2270102;1548815;1087731;1482816;1036867;1261791;1220880;676432;439802;317458;434899;288735;5324.5;5320.5;5331.0;5330.0;5318.5;5317.5;5316.0;5333.5;5336.0;5340.0;5332.5;5320.5;5318.5;5321.0;5315.5;5319.5;5324.5;5316.0;5313.0;5310.0;5315.0;5320.5;5330.5;5330.0;5318.5;5317.0;5316.0;5319.0;502064;487628;346030;251019;171162;183186;148373;136599;126816;88955;61239;40273;40440;29582;1
2025-09-17;0.00830929817332784;0.2892561983471074;0.01966215801607686;-1.0;-1.8369701987210297e-16;-0.4067366430758002;-0.9135454576426009;0.9749279121818236;-0.22252093395631434;145400;145305;146775;146580;146690;146860;147160;145690;146820;146810;146740;146980;147340;147895;145115;145175;146285;146480;146600;146820;146545;145305;146770;146585;146690;146865;147165;147015;2624206;4262148;2472404;1226762;1429888;1969160;3723709;895533;1293814;704041;345519;409311;561885;1225097;5317.5;5316.0;5312.5;5318.5;5323.0;5322.0;5318.0;5324.5;5319.5;5320.5;5326.0;5328.5;5325.0;5329.0;5314.0;5310.5;5308.5;5315.5;5320.0;5316.0;5291.0;5316.0;5312.5;5318.5;5323.0;5322.0;5318.0;5318.0;349470;317020;332730;170478;153389;170086;840791;95425;77645;76652;41982;36542;38379;210218;1
2025-09-18;0.019119669876203577;0.7140287769784173;0.028033301010736342;-1.0;-1.8369701987210297e-16;-0.587785252292473;-0.8090169943749476;0.43388373911755823;-0.900968867902419;147100;146830;146510;146625;146780;147025;146890;147395;147055;146925;146965;147040;147115;147020;146630;146325;146470;146400;146755;146710;146825;146830;146505;146630;146775;147025;146890;146980;2511807;3196700;2031898;1415146;1051761;1188477;858105;895606;1029138;659566;451507;335290;353790;238447;5309.5;5306.0;5320.5;5316.0;5319.0;5313.5;5313.5;5309.5;5329.0;5322.0;5322.5;5319.5;5315.5;5319.0;5284.5;5306.0;5305.5;5309.0;5313.5;5309.0;5312.5;5306.0;5320.5;5315.5;5319.5;5313.5;5313.5;5317.0;647010;548506;428644;254330;150458;142737;124757;165441;135990;102222;54994;29828;29402;26621;0
2025-09-19;0.007273963290278722;0.37850467289719625;0.021889168239464577;-1.0;-1.8369701987210297e-16;-0.743144825477394;-0.6691306063588585;-0.433883739117558;-0.9009688679024191;146730;147160;147010;147080;147065;147255;147410;147290;147720;147260;147105;147300;147470;147420;146435;146905;146845;146785;146985;147180;147255;147165;147005;147080;147060;147250;147410;147345;2324170;3374982;2019963;1143718;889437;1128199;728450;788029;1068347;634667;348504;264242;330609;204906;5338.0;5341.5;5341.0;5330.5;5338.5;5334.0;5337.0;5351.5;5345.0;5341.5;5342.5;5342.0;5337.5;5338.5;5329.5;5334.5;5330.0;5330.5;5333.0;5330.5;5331.0;5341.5;5340.5;5330.5;5338.5;5333.5;5337.0;5332.5;517112;382381;297258;275042;105688;117081;114768;131611;100664;67208;58192;24583;26224;23935;0
2025-09-22;0.00875758195324746;0.1867704280155642;0.019340894559808745;-1.0;-1.8369701987210297e-16;-0.9945218953682733;-0.10452846326765423;0.0;1.0;146675;146160;146070;145430;146130;146150;146520;146775;146225;146085;146170;146445;146605;146590;145880;145535;145240;145415;146055;146120;146350;146165;146075;145435;146130;146145;146525;146370;2598739;3225641;2571877;1591833;1486478;1174077;826348;896539;1005748;726489;460451;419819;343172;239260;5335.0;5340.5;5354.5;5364.0;5361.5;5359.0;5348.0;5355.0;5359.5;5376.0;5367.0;5362.0;5361.0;5349.5;5331.0;5340.0;5354.0;5358.5;5349.0;5344.0;5341.5;5341.0;5354.0;5364.0;5361.5;5359.0;5348.0;5349.5;508625;516976;505086;227840;216681;189187;133352;125590;128867;110388;51338;50190;42377;31669;0
2025-09-23;0.010465314470768707;0.5830618892508144;0.013687750044654702;-1.0;-1.8369701987210297e-16;-0.9945218953682734;0.10452846326765299;0.7818314824680298;0.6234898018587336;146135;146155;147050;147630;147960;148260;147915;146640;147120;147780;148145;148300;148375;148020;146040;146150;146930;147560;147790;147680;147700;146155;147045;147630;147960;148265;147910;147715;2174687;3653868;2740252;2201138;1343027;1461011;1034404;721803;1122490;799899;654057;393336;432435;308016;5347.5;5344.5;5328.5;5309.5;5298.0;5297.0;5295.0;5354.5;5344.5;5329.0;5312.0;5305.5;5299.0;5296.0;5342.5;5328.5;5300.5;5287.0;5293.5;5285.0;5289.0;5344.5;5328.5;5309.5;5298.5;5297.0;5295.0;5293.0;371295;589372;605769;524922;223377;262229;151040;100113;141270;123582;109694;47224;56512;33101;0
2025-09-24;0.015978376159031034;0.6638115631691649;0.021246267804690716;-1.0;-1.8369701987210297e-16;-0.9510565162951536;0.30901699437494723;0.9749279121818236;-0.22252093395631434;147590;147515;147490;147355;147280;147520;147445;147730;147890;147865;147495;147600;147570;147655;147235;147380;147310;147215;147155;147200;147355;147515;147490;147360;147280;147525;147445;147610;2278056;3330128;2414662;1651112;1469250;1238433;1099114;792620;1020139;695148;474906;431135;346428;299795;5302.0;5311.5;5317.5;5315.0;5325.0;5323.0;5330.0;5316.5;5321.0;5324.0;5326.0;5328.0;5332.0;5336.5;5300.0;5310.5;5311.0;5314.0;5322.0;5321.0;5329.5;5311.5;5317.5;5315.0;5324.5;5323.5;5330.0;5335.0;496869;361859;325192;223509;155534;161908;172972;119378;86618;81891;50692;37653;39569;37719;0
2025-09-25;0.012500846940849651;0.45799457994579945;0.021436360373790497;-1.0;-1.8369701987210297e-16;-0.8660254037844386;0.5000000000000001;0.43388373911755823;-0.900968867902419;148000;147570;146845;146910;147385;147190;146295;148700;147600;147165;147475;147500;147335;146475;147250;146605;146490;146765;147100;146220;146110;147570;146840;146915;147385;147195;146295;146355;2999476;3140284;2427173;1528842;1173347;1839579;1248766;1042301;977916;716104;443016;326507;508086;331652;5331.0;5329.5;5346.5;5356.5;5349.5;5350.5;5360.0;5345.5;5350.0;5359.0;5360.5;5355.5;5366.0;5374.0;5314.5;5328.5;5344.5;5349.0;5348.5;5349.0;5359.0;5329.5;5346.5;5356.5;5349.5;5351.0;5360.0;5371.0;668328;531703;514496;275103;195918;259483;279548;169727;128966;112329;55382;39127;55107;60364;0
2025-09-26;0.0175;0.16795366795366795;0.010468758349752718;-1.0;-1.8369701987210297e-16;-0.743144825477394;0.6691306063588585;-0.433883739117558;-0.9009688679024191;146545;146240;146380;146305;146050;146225;146310;146595;147170;146730;146400;146320;146465;146475;145975;146100;146125;146025;146050;146130;146240;146240;146385;146305;146055;146225;146310;146390;2181830;3514756;2336423;965725;886544;994357;767681;775512;1063748;677970;286442;267035;268934;206591;5370.0;5355.5;5357.5;5349.5;5344.0;5345.0;5343.0;5370.0;5360.0;5357.5;5351.5;5349.5;5347.5;5344.5;5350.0;5340.0;5345.5;5342.5;5342.5;5339.0;5338.0;5355.5;5357.0;5349.5;5344.5;5345.0;5343.5;5342.0;591363;571876;349799;199478;125326;167424;105610;148610;135233;86415;47100;35830;35849;28964;1
2025-09-29;0.008154491794329387;0.5523012552301255;0.010300399614165633;-1.0;-1.8369701987210297e-16;-0.20791169081775898;0.9781476007338057;0.0;1.0;146635;147660;147695;147375;147365;147505;147180;147910;149095;147785;147640;147515;147510;147535;146620;147515;147330;147205;147145;147110;147165;147665;147695;147370;147365;147505;147180;147340;2862985;2817694;1889378;1463180;1053605;1167616;999046;937498;908593;535774;405830;303220;321938;261472;5345.0;5325.0;5319.0;5326.5;5328.5;5317.5;5320.5;5346.5;5334.0;5329.5;5332.5;5329.5;5322.5;5322.5;5319.5;5306.5;5315.0;5320.5;5317.0;5315.0;5313.0;5324.5;5319.0;5327.0;5328.0;5317.0;5320.5;5315.0;501506;622305;332665;270286;155268;141376;132084;130952;147626;75159;61640;35456;33779;30138;0
2025-09-30;0.016878644252736386;0.3151515151515151;0.014280086495934105;-1.0;-1.8369701987210297e-16;-1.133107779529596e-15;1.0;0.7818314824680298;0.6234898018587336;147400;147895;147805;146935;146765;146875;146865;147930;148435;147825;147045;146945;147025;147020;146975;147720;146835;146680;146740;146825;146610;147895;147800;146930;146760;146875;146860;146950;2408084;3111984;2459814;1338703;964447;867139;1097100;808117;892078;658212;367606;272096;237635;279021;5355.0;5364.5;5355.5;5370.0;5370.0;5359.5;5363.0;5368.5;5364.5;5370.0;5376.0;5371.0;5364.0;5372.0;5346.0;5351.0;5352.5;5363.0;5358.0;5354.0;5359.5;5364.5;5355.5;5370.0;5370.0;5359.5;5363.5;5360.5;560805;423042;406944;347454;210165;150253;187830;152328;97409;80953;68433;44404;35511;41360;1
2025-10-01;0.012381275440976933;0.32602739726027397;0.011325499033021541;-0.8660254037844386;0.5000000000000001;0.20129852008866006;0.9795299412524945;0.9749279121818236;-0.22252093395631434;147205;147905;147140;146440;146280;145975;146060;148125;148015;147195;146640;146435;146150;146415;146575;147005;146335;146065;145955;145910;145955;147905;147145;146445;146280;145975;146060;146305;4043128;3454102;2370940;1686395;1115751;794862;1190417;1388192;1092443;727328;488677;331434;239620;343386;5347.5;5353.0;5350.5;5360.5;5374.5;5374.0;5374.0;5356.5;5359.5;5366.5;5376.5;5376.5;5374.5;5376.0;5334.0;5348.0;5348.5;5357.0;5369.0;5369.0;5359.0;5353.0;5351.0;5360.0;5374.5;5373.5;5374.0;5362.0;709396;446566;397985;367296;150963;86574;223138;180095;108710;93723;78280;34511;20752;51357;0
2025-10-02;0.015047043239020414;0.3792325056433409;0.006652135663095652;-0.8660254037844386;0.5000000000000001;0.39435585511331855;0.9189578116202306;0.43388373911755823;-0.900968867902419;146750;146015;146030;144615;144370;144675;144725;147280;146315;146030;144735;144715;144830;144890;145885;145670;144570;144235;144270;144415;144585;146010;146030;144615;144370;144675;144730;144740;2869737;3565933;3262699;1894481;1250610;1227834;1058016;934083;1068128;892023;511461;338158;330964;277061;5359.5;5368.5;5374.0;5388.0;5406.0;5385.5;5386.5;5370.0;5376.0;5393.5;5413.0;5407.0;5388.0;5391.5;5347.0;5359.5;5373.5;5385.5;5384.5;5376.5;5378.5;5368.5;5373.5;5388.0;5405.5;5385.0;5386.5;5379.5;485417;437140;488603;476236;254584;231502;154527;124315;113627;111818;102995;56295;48204;33780;0
2025-10-03;0.020749574105621806;0.2512315270935961;-0.005952289137629334;-0.8660254037844386;0.5000000000000001;0.5712682150947923;0.8207634412072763;-0.433883739117558;-0.9009688679024191;145000;144900;144630;144455;144735;144745;144680;145050;144935;144825;144795;145160;144970;144960;144565;144240;144210;144335;144655;144615;144525;144895;144630;144450;144740;144745;144675;144840;2587445;3492813;2305857;1557439;1555837;1224302;1178527;822743;1061797;656592;427961;431155;336813;317046;5370.0;5370.0;5390.0;5391.5;5386.5;5377.5;5379.0;5385.5;5392.5;5396.5;5399.0;5392.0;5381.0;5382.5;5361.5;5370.0;5382.5;5382.0;5372.5;5371.5;5371.0;5370.5;5390.0;5391.5;5386.5;5378.0;5379.0;5372.0;606036;503747;426347;266817;258274;177511;119762;156952;122755;102972;64126;60415;42389;28721;0
2025-10-06;0.006551724137931035;0.6842105263157895;-0.006918867410369217;-0.8660254037844386;0.5000000000000001;0.9377521321470804;0.3473052528448203;0.0;1.0;144860;145215;144400;144380;143975;144420;144250;145335;145245;144575;144430;144440;144515;144260;144450;144335;144050;143890;143820;144155;144055;145210;144400;144385;143980;144425;144245;144160;2882354;4195231;2676511;1483948;1365704;1349635;859072;919481;1239712;737829;405005;378859;351453;221430;5382.0;5362.0;5356.0;5357.5;5351.0;5347.5;5349.0;5386.0;5364.5;5362.5;5359.5;5354.5;5352.0;5350.5;5354.0;5348.5;5348.5;5349.5;5343.0;5346.5;5343.5;5361.5;5355.5;5357.0;5350.5;5347.5;5349.5;5345.5;573469;490957;460041;196409;197633;101399;112812;149140;121160;104500;38685;42412;25726;27468;0
2025-10-07;0.010458373602098578;-0.11221122112211221;-0.015305099472007486;-0.8660254037844386;0.5000000000000001;0.9884683243281114;0.1514277775045767;0.7818314824680298;0.6234898018587336;143650;143115;142305;142070;141825;141630;141650;143715;143300;142355;142260;141935;141730;142030;142800;142180;141765;141675;141420;141565;141590;143110;142305;142070;141825;141630;141650;141875;3140204;3933063;2126001;1897367;1575510;1077294;1160075;979816;1193884;558472;523327;436543;289426;304012;5354.5;5368.0;5362.5;5369.5;5375.0;5378.0;5381.5;5379.0;5369.5;5375.0;5377.0;5380.0;5383.5;5386.0;5352.0;5357.0;5362.5;5364.0;5370.5;5376.0;5378.0;5368.0;5363.0;5369.5;5374.5;5378.0;5381.5;5383.5;606919;423563;343464;286362;166674;228029;172815;158662;115896;78997;66003;39498;49032;40001;0
2025-10-08;0.015976331360946745;0.12200435729847495;-0.02800904767865993;-0.8660254037844386;0.5000000000000001;0.9987165071710528;-0.05064916883871264;0.9749279121818236;-0.22252093395631434;141700;142305;142235;142590;142165;142225;142205;142465;142480;142715;142650;142275;142305;142425;141640;141985;142155;142020;142060;142105;142085;142305;142235;142585;142170;142220;142205;142250;2988040;3491359;2509479;1546851;959965;870514;1016445;955918;1072887;708451;431929;269745;232470;266625;5388.0;5370.0;5371.5;5378.0;5376.5;5376.0;5380.5;5395.0;5373.0;5379.5;5383.5;5380.5;5386.0;5390.0;5366.5;5360.0;5369.5;5374.0;5373.5;5375.0;5379.0;5370.5;5372.0;5378.5;5376.5;5376.0;5381.0;5385.0;588885;443914;383496;245889;141173;155370;237598;155855;111199;95457;57588;31988;35372;52952;1
2025-10-09;0.008045165843330981;1.105263157894737;-0.01915698292962503;-0.8660254037844386;0.5000000000000001;0.9680771188662043;-0.2506525322587204;0.43388373911755823;-0.900968867902419;142900;143280;142510;142355;142600;142270;141955;143800;143515;142660;142810;142665;142275;142050;142855;142450;142110;142340;142250;141890;141810;143280;142510;142355;142595;142265;141955;141920;3366620;3853420;2523073;1597432;1082357;1276663;974406;1118402;1200672;734232;460047;316971;375394;266068;5360.0;5365.5;5383.0;5392.5;5392.5;5399.5;5397.5;5369.0;5387.0;5395.5;5397.0;5400.5;5403.5;5408.0;5352.5;5360.0;5380.0;5388.5;5388.5;5393.0;5397.0;5365.5;5382.5;5392.5;5392.0;5399.5;5397.0;5405.0;506889;611622;420125;299187;267455;236520;191704;144175;155450;97477;63910;61178;52617;43178;1
2025-10-10;0.013925822253324003;0.16834170854271358;-0.02336550534797478;-0.8660254037844386;0.5000000000000001;0.8978045395707416;-0.4403941515576344;-0.433883739117558;-0.9009688679024191;142145;142650;141785;141560;140985;140490;140965;142665;142685;142260;141605;141050;141100;141100;141885;141355;141440;140825;140425;140365;140855;142645;141785;141560;140980;140485;140960;140965;2651965;4506137;2984885;2826765;1746585;1566532;1052183;839654;1340370;923111;891158;531441;473068;319969;5399.5;5416.0;5487.0;5481.0;5511.0;5516.5;5517.5;5416.0;5523.0;5493.5;5517.5;5517.5;5545.5;5531.5;5387.5;5415.0;5450.5;5477.0;5503.0;5514.5;5513.5;5415.5;5487.5;5481.5;5511.0;5516.5;5517.5;5529.0;570383;1102565;888502;696791;352878;478488;248234;149778;246200;230664;182052;85197;124819;66307;0
2025-10-13;0.018502233634668824;0.5684410646387833;-0.026177290082900484;-0.8660254037844386;0.5000000000000001;0.48530196253108104;-0.8743466161445821;0.0;1.0;141550;142020;142120;142060;142140;142365;142090;142230;142295;142315;142340;142450;142395;142240;141550;141710;141750;141915;142130;141990;141945;142020;142125;142065;142145;142365;142090;142010;2990702;3636364;2693512;1594851;1121860;1255746;1018793;992954;1216036;847134;480279;344497;375708;274512;5520.0;5486.5;5497.0;5478.0;5479.0;5480.5;5473.0;5526.0;5507.5;5507.0;5481.5;5481.5;5482.5;5478.0;5481.0;5482.5;5478.0;5473.0;5472.5;5468.0;5469.0;5486.5;5497.0;5478.0;5479.5;5480.0;5473.0;5474.5;741149;509716;439541;226829;167113;196937;116922;213158;144203;108232;56595;42028;47366;31503;0
2025-10-14;0.006852702225362063;-0.9175257731958762;-0.03172430417452241;-0.8660254037844386;0.5000000000000001;0.29936312297335804;-0.9541392564000488;0.7818314824680298;0.6234898018587336;140590;141340;141980;142135;142405;142325;142210;141595;142065;142690;142495;142540;142370;142225;140500;141195;141835;141965;141970;142130;141690;141340;141980;142130;142405;142320;142210;141860;3207885;3926671;2832806;1686039;1548850;1061014;1431585;1036572;1259853;858035;495654;487090;308270;404773;5506.0;5525.5;5531.5;5524.0;5503.5;5492.5;5485.5;5538.5;5543.0;5535.0;5531.0;5512.5;5496.5;5492.5;5506.0;5520.0;5515.5;5500.5;5485.5;5484.0;5480.5;5525.5;5531.5;5523.5;5504.0;5493.0;5485.0;5489.5;829541;599312;463982;341958;439761;201666;188430;217779;156871;113681;83338;98611;47618;47885;0
2025-10-15;0.015577210327903834;2.1210045662100456;0.0009171654759606102;-0.8660254037844386;0.5000000000000001;0.10116832198743272;-0.994869323391895;0.9749279121818236;-0.22252093395631434;145145;144420;145585;145965;145350;145585;145705;145405;145645;146100;145970;145595;145840;146045;144320;144005;145465;145190;145255;144945;145600;144425;145580;145965;145345;145590;145705;145860;2776732;4069650;2650831;1636552;988661;1868010;1383691;949031;1263159;803985;500135;320002;568584;390064;5482.5;5479.0;5466.0;5456.0;5465.0;5468.5;5477.0;5493.5;5483.5;5471.5;5469.0;5472.5;5490.0;5479.0;5478.5;5464.0;5454.5;5455.0;5462.0;5468.0;5471.0;5479.0;5466.5;5456.0;5464.5;5468.0;5476.5;5479.0;479327;590136;377255;256635;176780;319925;123118;135895;148484;91052;57524;39350;77659;33331;0
2025-10-16;0.014433842020048916;0.8257756563245824;0.005429533349890996;-0.8660254037844386;0.5000000000000001;-0.10116832198743204;-0.9948693233918952;0.43388373911755823;-0.900968867902419;145735;144795;145155;145760;145730;145810;145310;145930;145200;145900;146195;145840;145815;145430;144685;144330;144905;145460;145040;145170;145020;144795;145160;145765;145730;145810;145310;145325;2878667;3598824;2785578;1979325;2019252;1371389;1325280;936431;1062342;796448;574727;590624;422226;405487;5470.0;5467.0;5458.5;5444.0;5456.0;5463.5;5468.0;5473.5;5473.0;5464.5;5459.5;5479.5;5472.5;5478.5;5459.0;5455.5;5442.0;5442.5;5452.0;5460.5;5464.5;5467.0;5459.0;5444.0;5456.0;5463.5;5468.5;5466.0;485944;467506;413409;269843;411666;177276;212512;131500;119243;96564;60406;96475;48026;53592;0
2025-10-17;0.01279720039798264;0.2975871313672922;0.00028824263471028164;-0.8660254037844386;0.5000000000000001;-0.2993631229733582;-0.9541392564000488;-0.433883739117558;-0.9009688679024191;144885;144330;145790;145945;146305;146060;146015;145455;145870;146235;146430;146390;146090;146400;144225;144080;145530;145650;145995;145820;146010;144335;145790;145945;146305;146060;146020;146255;3155405;3989972;2634523;1722220;1054228;1032935;978305;1060586;1179044;768378;512349;327900;312077;274549;5469.5;5470.5;5466.0;5449.5;5436.0;5433.0;5431.0;5473.0;5479.0;5471.0;5450.0;5439.5;5435.5;5432.0;5450.5;5462.0;5440.5;5433.5;5426.0;5427.0;5422.0;5470.0;5465.5;5449.5;5436.5;5433.5;5431.5;5423.0;545866;464253;476223;281907;240615;141932;146867;143756;123286;116019;65804;53072;35397;35414;0
2025-10-20;0.017013493460330608;0.9087221095334685;0.010331523662382724;-0.8660254037844386;0.5000000000000001;-0.7907757369376986;-0.6121059825476627;0.0;1.0;146320;146505;147155;147550;148015;147870;147775;146925;147265;147665;148065;148215;147995;147795;146250;146305;147150;147505;147740;147740;147605;146505;147150;147555;148015;147870;147775;147655;2963177;4122982;2300602;1847285;1462925;975487;903972;1059831;1349229;699703;536625;424030;280349;257661;5429.5;5401.0;5398.5;5394.0;5387.5;5387.0;5390.0;5429.5;5401.5;5398.5;5398.5;5390.0;5393.5;5391.5;5400.5;5386.5;5383.0;5383.5;5383.0;5386.5;5384.5;5401.0;5398.5;5394.0;5388.0;5387.0;5390.0;5386.5;462257;439300;333056;239158;137771;112620;115237;125801;104893;79550;54661;27220;24994;26624;0
2025-10-21;0.01342946965554948;0.43256997455470736;0.015347554641366957;-0.8660254037844386;0.5000000000000001;-0.8978045395707417;-0.44039415155763423;0.7818314824680298;0.6234898018587336;147100;146985;147155;147370;147320;146760;147085;147650;147720;147740;147550;147370;147235;147115;146830;146645;146815;147050;146695;146695;146920;146985;147155;147375;147320;146760;147090;146945;2891158;3982924;2577066;1532997;1435612;1390653;725817;991130;1258785;810160;454297;420797;396845;205339;5404.5;5400.0;5413.0;5399.5;5386.5;5398.0;5398.0;5406.5;5419.5;5415.5;5401.0;5399.0;5404.0;5401.5;5392.5;5398.5;5398.5;5384.0;5384.0;5393.0;5394.5;5400.0;5413.0;5399.5;5386.5;5397.5;5398.0;5398.5;455853;495480;407479;295083;243476;203843;97701;125366;125630;99260;77582;57588;47836;23953;0
2025-10-22;0.007443915703602992;0.319634703196347;0.014747124353896468;-0.8660254037844386;0.5000000000000001;-0.9680771188662041;-0.2506525322587213;0.9749279121818236;-0.22252093395631434;146995;147640;147170;147485;147620;147505;147380;147795;147750;147625;147945;147910;147705;147490;146565;146755;147065;147365;147220;147285;147090;147635;147175;147480;147615;147510;147375;147485;3160551;4047217;2625690;2046864;1905767;1254893;1141402;1107948;1248584;782167;596112;592061;392117;338735;5407.5;5399.5;5403.5;5406.0;5405.0;5414.0;5419.5;5410.0;5409.5;5414.0;5408.5;5426.0;5425.5;5423.5;5389.0;5398.0;5396.5;5399.0;5404.5;5412.5;5413.5;5399.0;5403.0;5406.0;5405.5;5414.5;5419.5;5415.0;405294;397016;400799;258633;343763;265684;148798;113048;103558;98035;57523;84251;60804;35506;1
2025-10-23;0.009388074424300147;1.0108695652173914;0.021720891209098536;-0.8660254037844386;0.5000000000000001;-0.9987165071710528;-0.05064916883871355;0.43388373911755823;-0.900968867902419;147960;148660;148390;148330;148225;148295;148490;149045;149125;148575;148425;148430;148515;148630;147910;148300;148190;147770;148190;148135;148400;148660;148395;148330;148225;148295;148490;148480;3205228;3352481;2283201;1780718;943038;1280221;846289;1109923;1019061;661062;515227;267312;364024;242159;5414.0;5399.5;5393.0;5395.5;5396.0;5397.5;5392.5;5415.0;5400.0;5399.0;5407.0;5400.0;5402.5;5394.5;5394.0;5390.5;5391.0;5394.0;5391.0;5389.5;5390.0;5399.5;5393.5;5395.5;5396.0;5398.0;5393.0;5392.0;431788;349137;251165;244513;163804;183348;106204;114992;86987;58219;55590;33244;37410;23679;1
2025-10-24;0.009157880508245472;0.5719557195571956;0.02491832461094226;-0.8660254037844386;0.5000000000000001;-0.9884683243281114;0.15142777750457667;-0.433883739117558;-0.9009688679024191;148545;149525;149400;148945;149020;148940;149005;149845;150095;149420;149340;149200;149085;149050;148450;149320;148875;148930;148825;148900;148850;149530;149395;148940;149020;148945;149005;148940;3164471;3365963;2330686;1193075;904909;808414;594638;1067112;1035476;651026;334899;256614;220703;155183;5397.0;5376.5;5386.0;5396.5;5392.0;5396.5;5400.5;5401.5;5390.0;5401.0;5400.5;5399.0;5401.0;5405.0;5373.0;5372.0;5385.0;5388.0;5390.5;5394.0;5398.0;5377.0;5386.5;5396.5;5392.5;5396.5;5400.5;5399.0;533335;338779;327001;240022;92115;97822;152846;139164;92502;81353;52973;22752;23992;32955;0
2025-10-27;0.011074085294018647;0.9878419452887538;0.034598647076565126;-0.8660254037844386;0.5000000000000001;-0.72479278722912;0.6889669190756865;0.0;1.0;150075;150585;149860;150010;149775;149630;149620;150595;150750;150090;150060;149820;149750;149635;150000;149745;149540;149735;149630;149545;149475;150590;149855;150010;149770;149635;149625;149595;2444631;3698494;2218533;1276514;805003;857773;654179;833322;1103302;633203;360901;233650;234780;178028;5372.5;5371.0;5383.5;5385.5;5385.0;5383.5;5378.0;5384.5;5387.5;5393.5;5390.5;5388.0;5387.0;5381.5;5368.0;5370.0;5383.5;5378.5;5381.0;5376.0;5375.5;5370.5;5384.0;5385.5;5384.5;5383.5;5378.0;5377.0;399820;365209;282943;285106;157446;159403;126767;106626;96594;66155;58561;31825;33455;26380;1
2025-10-28;0.00849575212393803;0.03529411764705882;0.029890377839999174;-0.8660254037844386;0.5000000000000001;-0.5712682150947924;0.8207634412072763;0.7818314824680298;0.6234898018587336;149520;149585;149870;150050;150135;150410;150430;149650;150030;150235;150230;150495;150525;150460;149065;149120;149845;149970;150100;150200;150200;149580;149870;150055;150135;150410;150425;150225;2785297;3626718;2052714;1104341;1450246;1063086;711327;915952;1085800;571779;301944;422296;303135;199637;5385.5;5383.0;5377.5;5372.5;5369.0;5366.5;5365.0;5393.5;5388.5;5384.0;5374.0;5369.5;5370.5;5365.5;5381.5;5370.0;5370.5;5367.0;5362.5;5362.5;5358.5;5382.5;5377.0;5372.5;5368.5;5366.5;5365.0;5361.5;358945;406968;365709;247023;212563;128589;161375;87163;96242;81612;50144;41553;28198;37516;0
2025-10-29;0.009764579989299091;0.958904109589041;0.03524433665307807;-0.8660254037844386;0.5000000000000001;-0.3943558551133187;0.9189578116202306;0.9749279121818236;-0.22252093395631434;150465;150565;151045;151290;151365;151650;151600;150785;151230;151430;151555;151695;151740;151635;149815;150555;150950;151270;151340;151380;150910;150565;151045;151290;151360;151655;151605;151280;3073016;3372825;2169259;1252674;930583;1277342;2472988;1015591;984003;609855;348063;240203;314701;731272;5367.0;5350.5;5343.5;5344.5;5349.5;5346.0;5345.0;5369.0;5352.5;5349.5;5350.0;5352.5;5350.5;5371.0;5348.5;5340.0;5340.5;5338.0;5345.0;5344.0;5344.0;5350.5;5343.5;5344.0;5349.0;5346.0;5345.0;5362.0;510612;455379;259337;341807;191454;141627;559828;113804;98659;58878;66382;37335;28806;150891;0
2025-10-30;0.012793672947197023;0.6155844155844156;0.03712708927878457;-0.8660254037844386;0.5000000000000001;-0.20129852008866114;0.9795299412524943;0.43388373911755823;-0.900968867902419;151000;150025;151235;151675;151605;151665;151615;151000;151400;151715;151790;151755;151720;151625;150020;149900;151065;151540;151545;151545;151370;150025;151230;151675;151610;151665;151610;151440;2767518;4350815;2484045;1182793;868364;660736;893918;895173;1237113;708575;328188;227018;176200;237601;5365.5;5391.0;5386.0;5386.0;5386.5;5386.5;5379.0;5391.0;5398.0;5390.0;5390.5;5390.5;5390.0;5384.0;5365.5;5378.0;5377.5;5380.0;5383.5;5378.5;5377.5;5390.5;5386.5;5385.5;5386.5;5386.5;5379.5;5380.0;437606;493336;324990;225641;153180;163458;143011;108076;127791;85582;56486;40422;36279;36015;0
2025-10-31;0.012549668874172186;0.8364116094986808;0.037950615380662404;-0.8660254037844386;0.5000000000000001;-2.4492935982947064e-16;1.0;-0.433883739117558;-0.9009688679024191;151485;152020;151445;151710;151570;151665;151800;152090;152215;151920;151785;151840;151905;152060;151445;151355;151365;151425;151415;151570;151740;152025;151450;151710;151570;151665;151800;152000;2823383;3216129;2250916;1526737;1199077;939135;852870;990090;1030518;669527;450734;354537;283619;242388;5425.0;5412.0;5416.5;5426.0;5421.5;5415.0;5418.5;5431.5;5422.5;5427.0;5434.5;5422.0;5420.0;5419.5;5406.5;5410.0;5414.0;5417.0;5407.0;5410.5;5412.5;5412.5;5417.0;5426.0;5421.5;5415.0;5418.5;5414.0;461851;394391;377273;389722;330778;176547;140705;125721;84559;74361;79088;59284;38182;31015;1
2025-11-03;0.005875169158662574;0.9775280898876404;0.04032831251195976;-0.5000000000000004;0.8660254037844384;0.5877852522924731;0.8090169943749475;0.0;1.0;152225;152740;152595;152905;152665;152715;152710;152915;152960;152990;153225;152900;152810;152745;151965;151970;152320;152510;152655;152560;152480;152745;152595;152910;152665;152720;152710;152530;2518891;3254561;2429925;1963137;834335;814459;777965;868719;1004282;735699;595881;257470;247358;217653;5409.5;5388.0;5384.5;5386.5;5393.5;5394.0;5389.5;5417.0;5395.0;5391.5;5405.0;5397.0;5399.0;5396.0;5384.0;5380.0;5382.0;5378.0;5387.0;5388.0;5388.5;5388.0;5384.5;5386.5;5393.5;5394.5;5390.0;5390.5;483903;365845;232167;442319;182135;139193;143050;120564;89582;51842;102455;39911;31609;28962;1
2025-11-04;0.008277221218590902;-0.011904761904761904;0.035286262272519776;-0.5000000000000004;0.8660254037844384;0.7431448254773941;0.6691306063588582;0.7818314824680298;0.6234898018587336;151950;152205;152645;153045;152900;152845;152715;152300;152700;153180;153250;152990;152860;152730;151750;152120;152440;152800;152760;152635;152505;152210;152645;153045;152905;152840;152720;152550;2661765;3232230;2898146;1556038;966599;931210;808683;872823;984798;844222;452684;285537;272328;230003;5417.5;5421.0;5421.0;5414.0;5412.5;5417.0;5427.0;5431.5;5429.5;5427.5;5418.0;5420.0;5428.5;5434.0;5414.0;5412.0;5413.0;5410.5;5411.0;5416.5;5425.5;5421.5;5420.5;5414.0;5412.5;5417.0;5427.0;5430.0;545419;415434;384820;257042;175961;187486;186569;133652;98170;81669;52942;35699;36714;42138;1
2025-11-05;0.009871668311944718;0.7333333333333333;0.037377135963595085;-0.5000000000000004;0.8660254037844384;0.8660254037844386;0.5000000000000001;0.9749279121818236;-0.22252093395631434;152850;152840;153425;154230;154760;155280;155235;153250;153615;154385;154975;155475;155435;155235;152555;152515;153275;154120;154700;155205;154945;152835;153425;154220;154760;155285;155235;155125;2826915;3689734;3159823;2314138;1964946;1103292;1249517;911532;1127995;893169;660609;515678;290356;305293;5433.0;5429.0;5412.5;5400.5;5392.0;5388.5;5390.5;5435.5;5432.0;5414.5;5406.5;5395.5;5391.5;5395.0;5422.0;5410.5;5396.0;5392.0;5383.0;5384.0;5388.5;5429.5;5413.0;5400.5;5392.0;5388.0;5390.0;5390.5;298467;399155;425405;306508;296294;152095;127833;81442;99112;95730;72697;63568;32331;28882;1
2025-11-06;0.02273470722930978;0.8460431654676259;0.05027227154188117;-0.5000000000000004;0.8660254037844384;0.9510565162951535;0.30901699437494745;0.43388373911755823;-0.900968867902419;155455;155875;156430;155885;155845;155780;155690;155970;156570;156455;156125;155995;156060;155850;155455;155825;155835;155725;155675;155655;155490;155880;156430;155885;155845;155780;155695;155760;2548430;3169803;3253502;1959616;1362767;1214168;1117523;832105;958211;927085;595405;428116;366186;310253;5380.0;5370.5;5365.5;5379.0;5382.5;5387.0;5383.0;5383.5;5372.0;5382.0;5392.0;5390.0;5393.0;5389.0;5366.0;5359.5;5364.0;5375.5;5380.5;5380.0;5374.5;5370.5;5365.5;5379.5;5383.0;5386.5;5383.0;5381.0;434947;410251;396177;378168;185355;174002;208186;111208;93961;86903;85890;43867;42639;44092;0
2025-11-07;0.007172493647679393;0.16143497757847533;0.04658825744584989;-0.5000000000000004;0.8660254037844384;0.9945218953682733;0.10452846326765346;-0.433883739117558;-0.9009688679024191;155635;155075;154905;154675;154975;155020;155365;155750;155430;154980;155415;155210;155410;155750;155060;154790;154500;154550;154950;154905;155285;155075;154905;154675;154975;155020;155365;155635;2423174;2888326;2766805;2214324;1217074;1325192;1407345;765104;878328;824648;675874;368198;383136;393888;5376.0;5389.0;5384.5;5376.5;5371.5;5367.5;5364.0;5390.5;5390.5;5389.0;5379.0;5375.0;5372.0;5366.0;5369.0;5378.5;5374.0;5366.5;5361.0;5363.0;5360.5;5388.5;5384.5;5376.5;5371.5;5367.5;5364.5;5362.0;377924;303207;379099;341655;284258;161892;107311;105277;73684;83964;69676;57125;37879;27370;1
2025-11-10;0.011886786391235905;1.4054054054054055;0.05082557700089966;-0.5000000000000004;0.8660254037844384;0.8660254037844387;-0.4999999999999998;0.0;1.0;157100;157050;157635;156885;157040;156985;157330;157220;157735;157730;157195;157235;157415;157455;156670;156695;156835;156815;156930;156930;157250;157050;157635;156885;157040;156985;157325;157320;2674524;3166495;2736463;1493136;1116649;1212837;981456;869487;973105;761721;403736;300768;326182;242852;5340.0;5338.5;5340.5;5339.0;5341.0;5342.0;5329.0;5344.5;5347.0;5345.5;5345.0;5345.0;5342.5;5331.0;5327.0;5332.0;5335.5;5336.0;5340.0;5328.0;5326.0;5338.0;5341.0;5338.5;5340.5;5342.0;5329.5;5327.5;483897;372003;259470;211387;141125;204511;144681;105900;82696;59571;41252;27375;45129;32354;0
2025-11-11;0.008084022915340548;1.0;0.05074952556935835;-0.5000000000000004;0.8660254037844384;0.7431448254773945;-0.6691306063588579;0.7818314824680298;0.6234898018587336;157940;158305;159650;160505;159640;159680;159670;158700;159995;160565;160605;159800;159765;159875;157940;158095;159620;159510;159465;159485;159595;158305;159645;160510;159645;159680;159670;159605;3250693;4273898;3551422;2314885;1334253;1076702;1086976;1068778;1257262;980672;660342;368484;284667;273460;5313.5;5310.5;5294.0;5287.0;5297.5;5300.0;5296.5;5321.5;5313.0;5297.0;5303.0;5301.0;5301.0;5297.0;5303.0;5293.0;5286.5;5286.0;5291.5;5292.5;5293.0;5310.0;5294.0;5287.5;5298.0;5300.5;5296.5;5293.5;481646;450301;372526;349908;208892;146205;103131;116960;107767;81074;66089;40130;32245;21215;1
2025-11-12;0.016873496264404205;0.7729831144465291;0.058103085693123654;-0.5000000000000004;0.8660254037844384;0.5877852522924732;-0.8090169943749473;0.9749279121818236;-0.22252093395631434;160000;160005;159550;158955;158920;158830;158875;160170;160095;159835;159165;158970;158910;159380;159725;159525;158910;158845;158730;158610;158870;160005;159550;158955;158925;158825;158875;159260;2363018;2869572;3123477;1775503;1189231;1024873;1632806;748021;866679;879277;490836;332354;287340;411985;5298.5;5287.0;5309.5;5315.5;5320.5;5315.5;5315.5;5300.5;5310.5;5319.5;5322.5;5322.0;5318.5;5317.0;5286.5;5286.0;5307.0;5311.0;5314.5;5313.0;5309.0;5287.5;5309.0;5316.0;5320.5;5316.0;5315.5;5314.5;296732;399600;317205;259048;163449;87926;113998;74912;97801;74198;58249;34582;22526;27317;1
2025-11-13;0.00975;0.8589743589743589;0.052933005944348265;-0.5000000000000004;0.8660254037844384;0.40673664307580004;-0.913545457642601;0.43388373911755823;-0.900968867902419;159950;159525;159485;159535;159535;159125;158910;159950;160295;159915;159975;159715;159255;159135;159435;159180;159225;159475;158970;158870;158610;159525;159485;159535;159535;159120;158910;158610;2212280;3917560;3032830;1999725;1519716;1303435;1476769;703595;1190536;887088;580245;436598;372928;406377;5301.5;5294.0;5296.5;5307.0;5300.5;5304.0;5308.5;5310.0;5306.0;5308.0;5308.5;5305.5;5309.0;5320.5;5292.0;5293.0;5296.0;5299.0;5299.0;5300.0;5306.5;5294.0;5296.5;5307.0;5300.5;5304.0;5308.5;5317.5;395783;395311;315657;270970;203786;186810;287363;104882;101290;72596;57991;43504;36848;59664;1
2025-11-14;0.011378555798687089;-0.0989010989010989;0.037248419997313424;-0.5000000000000004;0.8660254037844384;0.20791169081775931;-0.9781476007338057;-0.433883739117558;-0.9009688679024191;158295;158485;158935;159955;159910;159845;160045;158815;159065;160015;160250;159950;160275;160210;158065;158460;158615;159605;159660;159735;159760;158490;158930;159955;159915;159845;160045;160045;2882163;3369620;3331441;2059884;1097169;1430150;1429023;924100;999515;954689;601957;317137;404835;401663;5325.0;5313.5;5322.5;5305.5;5290.5;5303.5;5299.5;5333.5;5328.5;5329.0;5309.5;5303.5;5304.0;5315.0;5311.0;5313.0;5302.0;5289.0;5289.5;5295.5;5299.5;5313.0;5323.0;5305.5;5290.0;5303.5;5299.0;5314.0;478098;458006;447111;374543;206676;124966;248664;125352;102973;101558;81756;43404;29716;52776;0
2025-11-17;0.013961274834960043;0.6877828054298643;0.041313901476964635;-0.5000000000000004;0.8660254037844384;-0.4067366430758002;-0.9135454576426009;0.0;1.0;159585;159365;158905;159405;159350;159535;159340;159670;159625;159470;159620;159660;159645;159370;158940;158670;158765;159240;159225;159315;159005;159365;158900;159405;159355;159535;159345;159030;2350239;3395989;2975399;2043655;1265085;1147356;1289011;760107;1036874;880672;639617;389510;345333;371470;5317.0;5318.0;5324.0;5326.5;5324.5;5321.0;5325.0;5324.5;5326.0;5329.0;5329.5;5328.0;5327.5;5333.0;5308.5;5314.0;5320.5;5320.0;5320.5;5319.0;5324.5;5318.5;5324.0;5327.0;5324.5;5321.0;5325.0;5331.5;366392;260536;239522;222822;171692;125672;178332;94787;63612;55641;48469;32762;28482;39040;0
2025-11-18;0.008365447880439891;-0.1760299625468165;0.02775457402790734;-0.5000000000000004;0.8660254037844384;-0.587785252292473;-0.8090169943749476;0.7818314824680298;0.6234898018587336;158100;157195;158260;158030;158095;158390;158465;158220;158605;158455;158455;158570;158595;158615;157130;157120;157820;157780;157985;158285;158400;157200;158265;158030;158095;158395;158460;158520;2936780;4044226;2893652;2450516;1604533;1248177;1001177;974562;1157255;840416;785565;512310;386192;284724;5351.0;5357.0;5336.0;5350.0;5351.0;5333.0;5334.5;5358.5;5357.5;5350.0;5355.5;5356.5;5341.5;5335.0;5346.0;5328.5;5330.5;5345.5;5331.0;5332.0;5328.0;5356.5;5336.5;5350.0;5351.0;5333.5;5335.0;5332.0;302266;471966;303935;286698;293727;139550;143268;85303;109424;76386;71129;67334;37073;35733;1
2025-11-19;0.010309930423782416;0.7607361963190185;0.025823732700236763;-0.5000000000000004;0.8660254037844384;-0.743144825477394;-0.6691306063588585;0.9749279121818236;-0.22252093395631434;158360;157400;157425;157860;157260;157120;157220;158440;157695;157900;157870;157340;157305;157380;157360;157310;157245;157185;157075;157025;157120;157405;157425;157860;157265;157125;157215;157185;2958826;2666234;2647833;1730504;1280862;1309536;1050305;959273;823607;763115;498924;358533;379300;298491;5336.5;5351.0;5347.5;5341.5;5347.0;5349.5;5353.0;5351.0;5353.0;5355.0;5349.5;5352.0;5359.5;5355.5;5332.5;5344.0;5340.5;5336.5;5345.5;5348.0;5341.5;5351.0;5347.5;5341.0;5347.0;5349.5;5352.5;5343.5;375052;280110;261282;229434;165420;232442;192827;96129;66916;62771;52985;34436;51766;44762;0
2025-11-21;0.01376610255114928;-0.48623853211009177;0.002443132182655215;-0.5000000000000004;0.8660254037844384;-0.9510565162951535;-0.30901699437494756;-0.433883739117558;-0.9009688679024191;155200;156495;156340;155560;155410;156170;156195;156690;156675;156435;155915;156195;156350;156465;155200;156030;155370;155025;155140;156075;155855;156500;156335;155570;155410;156170;156190;156195;2666401;2768550;3128923;2457518;1680895;1254714;1450464;877392;823046;943313;812753;537105;391680;453244;5362.5;5367.5;5384.0;5405.0;5425.5;5399.5;5412.0;5390.5;5388.0;5407.5;5443.0;5436.5;5412.5;5425.0;5360.5;5364.5;5383.5;5401.5;5399.5;5395.5;5406.0;5367.5;5384.0;5404.5;5425.5;5399.5;5411.5;5413.0;595711;366836;386398;574257;414422;251568;245896;161765;91987;96590;142070;97895;58742;62608;1
2025-11-24;0.010728092783505155;1.0360360360360361;0.009957829830964953;-0.5000000000000004;0.8660254037844384;-0.9510565162951536;0.30901699437494723;0.0;1.0;156750;156140;156200;156730;156685;156610;156675;156860;156805;157335;156985;156925;156865;156765;156060;155930;156130;156670;156575;156565;156605;156140;156200;156735;156685;156605;156675;156685;2649623;3278792;3467661;1364454;1126280;946635;770908;867024;1022660;1001188;413193;321646;261807;202612;5408.0;5394.5;5413.5;5402.0;5400.0;5403.0;5402.5;5408.0;5414.5;5415.0;5406.0;5406.5;5404.0;5406.5;5386.5;5393.5;5394.0;5397.0;5396.5;5399.0;5397.5;5394.5;5413.5;5402.5;5400.0;5402.5;5402.5;5399.0;428801;406684;399245;286529;172110;109819;130116;118415;101000;99265;61306;34513;24596;28375;0
2025-11-25;0.008963317384370015;0.6797153024911032;0.008177363643666159;-0.5000000000000004;0.8660254037844384;-0.8660254037844386;0.5000000000000001;0.7818314824680298;0.6234898018587336;156885;156655;156615;156445;156600;156695;156895;157155;157760;156750;157195;156800;156935;157135;156435;156410;156035;156305;156460;156680;156875;156655;156620;156450;156595;156700;156890;157125;3451826;4297835;3123095;2286186;1073452;875735;1064134;1168130;1310126;878526;695352;306135;249542;278393;5392.0;5374.5;5372.5;5402.5;5398.0;5393.5;5386.5;5392.0;5375.5;5415.5;5403.0;5399.5;5395.5;5386.5;5371.0;5358.5;5372.5;5382.0;5389.0;5380.0;5377.5;5374.0;5372.5;5402.0;5398.0;5393.0;5386.5;5379.5;486270;500300;661655;378163;171886;269211;188998;128507;112231;144760;82906;36799;59170;46125;1
2025-11-26;0.010995315039678745;0.8492753623188406;0.009693053311793215;-0.5000000000000004;0.8660254037844384;-0.743144825477394;0.6691306063588585;0.9749279121818236;-0.22252093395631434;157500;157925;158920;158870;158935;159215;159445;157950;158970;159170;159040;159375;159565;159740;157415;157515;158785;158475;158895;159210;159370;157920;158915;158870;158935;159215;159440;159675;2526923;3813466;2322973;1952993;1471892;1186951;1297155;841631;1153300;673634;538953;397653;317817;333938;5385.0;5386.0;5381.5;5374.5;5356.0;5351.5;5343.0;5392.5;5386.0;5384.5;5376.5;5356.5;5352.0;5346.0;5376.0;5374.0;5371.5;5354.0;5347.5;5340.5;5338.0;5386.0;5381.5;5375.0;5355.5;5352.0;5343.5;5339.0;350317;418213;280585;335176;239749;226481;173713;99004;112205;73241;80852;56278;45918;38834;1
2025-11-27;0.017333333333333333;0.8791208791208791;0.021335472099644356;-0.5000000000000004;0.8660254037844384;-0.5877852522924734;0.8090169943749473;0.43388373911755823;-0.900968867902419;159815;159720;159540;159415;159520;159475;159585;159940;159980;159635;159560;159795;159650;159735;159675;159525;159385;159360;159470;159470;159285;159720;159545;159410;159515;159480;159590;159350;1720161;2248066;1305975;839402;1033034;798795;875855;596328;734185;404327;234338;303295;234545;260608;5340.0;5350.0;5349.5;5355.5;5350.0;5349.5;5351.0;5355.0;5353.0;5357.5;5356.0;5351.0;5353.5;5360.5;5330.5;5345.5;5348.5;5346.5;5340.5;5346.0;5346.0;5349.5;5349.5;5355.5;5349.5;5349.0;5351.0;5358.0;325541;170708;171830;108890;133378;103381;138195;86101;48484;42048;29003;35013;24500;30928;1
2025-11-28;0.0043487782748803305;0.28776978417266186;0.016525672874217814;-0.5000000000000004;0.8660254037844384;-0.40673664307580015;0.913545457642601;-0.433883739117558;-0.9009688679024191;159485;160235;159810;159990;159975;160270;160355;160270;160240;160340;160050;160275;160580;160820;159465;159575;159505;159615;159830;160250;160315;160235;159810;159995;159980;160265;160355;160770;1664685;2731300;2813870;1409948;1153288;1125623;1009418;610002;921355;899633;456277;383473;347878;297793;5388.0;5377.0;5366.5;5365.0;5382.5;5378.5;5374.5;5396.0;5384.0;5376.5;5386.5;5383.5;5381.0;5377.0;5374.5;5365.5;5361.5;5363.5;5374.0;5374.0;5364.5;5376.5;5366.5;5365.5;5382.5;5378.5;5375.0;5367.5;356875;379143;349244;316207;216114;97595;169289;86778;86360;68504;61896;37534;22548;34174;0
2025-12-01;0.008621500454588206;0.3890909090909091;0.017104842849355647;-2.4492935982947064e-16;1.0;0.20129852008866006;0.9795299412524945;0.0;1.0;160000;160155;159435;160085;159645;159415;159555;160360;160245;160225;160210;159685;159735;159675;159845;158945;159055;159425;159350;159390;159465;160155;159435;160080;159645;159415;159555;159575;2032772;3357425;2889357;1638388;942142;1088394;806679;686718;1009250;829214;495941;288433;311911;222826;5371.5;5376.5;5380.5;5377.5;5380.0;5389.0;5388.5;5378.0;5385.5;5385.5;5383.0;5390.0;5392.5;5395.5;5362.0;5375.5;5372.5;5370.5;5377.0;5383.5;5387.0;5377.0;5380.0;5377.5;5380.0;5389.0;5389.0;5393.0;388634;369586;274250;296474;237604;135715;147917;109086;90686;67762;66536;51244;32549;32796;0
2025-12-02;0.00884375;0.7632508833922261;0.014855802007198009;-2.4492935982947064e-16;1.0;0.39435585511331855;0.9189578116202306;0.7818314824680298;0.6234898018587336;160025;160240;160940;160970;160770;160860;160960;160480;161020;161460;161085;161055;161155;161600;159980;159745;160650;160680;160640;160845;160940;160240;160940;160975;160765;160860;160955;161515;2561008;4501824;2783508;1400816;1434479;1246523;1507344;818062;1380060;824194;425259;433239;377089;429588;5388.0;5387.5;5379.5;5373.0;5374.0;5377.0;5369.0;5396.5;5394.0;5382.0;5377.5;5379.5;5377.5;5370.5;5374.5;5379.0;5370.5;5368.0;5373.0;5362.5;5365.0;5387.0;5379.5;5372.5;5374.0;5377.5;5369.0;5368.0;380329;343995;342294;262177;171665;214528;108553;97887;86478;80939;57580;37346;47798;26260;1
2025-12-03;0.01674738322137166;0.9832089552238806;0.0267727289972557;-2.4492935982947064e-16;1.0;0.5712682150947923;0.8207634412072763;0.9749279121818236;-0.22252093395631434;162380;162500;162425;162320;162285;162075;162220;162585;162900;162695;162580;162445;162320;162575;162100;162290;162075;162065;162040;161970;162130;162500;162430;162325;162285;162070;162225;162570;2825127;3498585;3349437;2011853;1307388;1143125;1100049;926898;1132589;1007079;604784;374427;315331;289033;5350.0;5354.0;5347.0;5337.0;5333.0;5343.5;5340.5;5355.5;5355.0;5351.0;5342.5;5344.5;5344.0;5346.0;5344.0;5332.0;5331.0;5331.5;5330.0;5336.5;5336.0;5353.5;5347.5;5337.0;5333.0;5343.0;5340.5;5341.0;338551;492732;387060;259902;215397;115009;142530;89490;116144;93392;57721;44584;25766;32141;0
2025-12-04;0.005727306318512132;0.7365591397849462;0.025399367064667836;-2.4492935982947064e-16;1.0;0.7247927872291199;0.6889669190756866;0.43388373911755823;-0.900968867902419;162655;163540;164420;164535;164875;164670;164490;163585;164630;164880;165285;165025;164700;164910;162650;163275;164375;164485;164660;164350;164450;163545;164420;164540;164875;164665;164485;164880;2896737;3817193;2784100;2146707;1342895;1520039;1496245;889679;1145166;771630;584374;359214;387128;373771;5336.0;5335.5;5321.5;5326.5;5323.0;5333.5;5339.0;5341.5;5338.0;5326.5;5328.0;5334.5;5342.5;5347.0;5329.0;5319.5;5318.5;5322.0;5322.5;5331.5;5339.0;5335.0;5321.5;5326.0;5323.0;5333.0;5339.5;5341.5;328743;439159;251250;188457;241279;183052;186432;86494;99478;60155;39924;47545;40534;39462;1
2025-12-05;0.017552488395684115;0.9106830122591943;0.03869573757611471;-2.4492935982947064e-16;1.0;0.8486442574947509;0.5289640103269624;-0.433883739117558;-0.9009688679024191;165250;165115;165145;165425;163600;162210;160860;165345;165450;165560;165785;164285;162900;160915;164960;164970;164790;163445;160900;160475;158055;165115;165150;165425;163605;162215;160855;158305;1949184;3327920;2671692;3034667;3683032;2696443;2509548;574729;947160;740808;849647;1343445;994002;947786;5327.5;5337.5;5348.5;5372.0;5404.0;5434.5;5445.5;5340.0;5350.0;5378.5;5417.0;5461.0;5456.5;5514.5;5326.0;5336.0;5345.0;5362.0;5396.5;5400.5;5438.0;5337.5;5348.5;5372.0;5403.5;5435.0;5445.0;5506.5;277082;317909;544169;589200;1047558;741396;637063;72811;77296;119432;133079;278168;183947;167207;1
2025-12-08;0.05034795763993949;0.3155048076923077;0.005448350578592849;-2.4492935982947064e-16;1.0;0.9987165071710528;-0.05064916883871264;0.0;1.0;160090;159420;159500;158630;158425;158930;159510;160105;159790;159730;158690;159095;159920;159650;159305;158935;158520;158110;158355;158810;159020;159420;159505;158625;158430;158930;159505;159350;3110574;3481865;2964111;2315261;1828324;2194368;1649831;1086132;1075997;855445;641904;515885;606706;441447;5451.5;5443.0;5418.5;5452.0;5475.0;5470.5;5456.0;5465.0;5450.0;5458.5;5495.0;5479.5;5478.5;5457.5;5422.5;5414.0;5416.5;5452.0;5460.0;5454.5;5444.0;5443.0;5418.5;5452.0;5474.5;5470.5;5456.5;5448.5;734874;513192;429601;562948;278997;264355;210003;198145;125841;108834;143952;72483;70625;57309;0
2025-12-09;0.012461740271097508;0.17794486215538846;-0.005575654127458763;-2.4492935982947064e-16;1.0;0.9680771188662043;-0.2506525322587204;0.7818314824680298;0.6234898018587336;158465;157395;156645;157240;158215;157920;158215;158665;157665;157590;158680;158645;158395;158540;157265;155630;156400;157090;157795;157920;158095;157395;156650;157240;158220;157920;158215;158450;3878291;4879013;3306891;3311286;1977944;1564788;1302744;1248633;1388812;924741;960030;568906;443989;360122;5449.0;5492.5;5496.0;5493.0;5458.5;5462.5;5473.0;5495.0;5522.0;5503.0;5504.5;5468.5;5475.5;5475.5;5446.0;5483.0;5483.5;5452.5;5447.0;5456.0;5462.5;5492.5;5496.0;5493.0;5458.5;5462.5;5472.5;5465.0;660065;688690;376556;588701;316854;175692;163078;186938;179256;99693;137675;78411;47440;40044;1
2025-12-10;0.023885400561638216;0.9696169088507266;-0.00045804496370150527;-2.4492935982947064e-16;1.0;0.8978045395707416;-0.4403941515576344;0.9749279121818236;-0.22252093395631434;159300;158890;158830;158695;158845;158920;158795;160280;159075;159055;158995;159000;158930;158995;158705;157965;158495;158320;158545;158635;158680;158890;158830;158695;158845;158925;158795;158880;3746353;4269655;2981881;2339253;1606705;1175009;1094293;1204129;1293797;854816;652613;427672;317477;273724;5449.5;5468.0;5486.5;5491.0;5504.5;5497.0;5506.0;5470.0;5493.0;5493.0;5515.0;5509.0;5508.0;5513.0;5442.5;5467.0;5481.0;5483.0;5495.0;5496.5;5499.0;5468.5;5486.0;5491.0;5504.0;5497.5;5506.0;5509.0;470718;453564;282504;396621;193155;168847;151643;132144;124321;73229;92472;48908;42418;39465;1
2025-12-11;0.0145323289391086;0.2894168466522678;-0.004544762854995867;-2.4492935982947064e-16;1.0;0.7907757369376989;-0.6121059825476626;0.43388373911755823;-0.900968867902419;158635;158900;158810;159535;159855;160030;159840;159040;159065;159610;160260;160270;160245;160190;158050;158335;158710;159410;159820;159785;159835;158900;158810;159535;159855;160030;159845;160075;3095130;3190625;3113103;2392139;1426334;1337778;1362451;988120;1017727;910018;681263;369771;354481;361868;5499.5;5467.5;5451.5;5443.0;5427.0;5427.5;5434.5;5500.0;5473.5;5454.0;5444.5;5431.0;5439.0;5438.5;5465.5;5448.5;5441.5;5424.5;5420.5;5424.0;5417.5;5467.5;5451.5;5443.0;5427.5;5427.5;5434.5;5421.0;468804;442247;362832;417336;246323;202610;277056;131338;110194;83506;85092;54060;45894;63325;0
2025-12-12;0.013994389636587133;0.75;0.0022795482321342564;-2.4492935982947064e-16;1.0;0.6513724827222223;-0.7587581226927909;-0.433883739117558;-0.9009688679024191;159715;159840;161530;161080;159710;160135;160850;160315;161610;161550;161085;160140;161070;160900;159585;159650;160930;159610;159540;160090;160630;159840;161525;161080;159710;160130;160855;160685;2736792;3983640;2530637;2586328;1594570;1918900;1010374;916566;1257183;743908;766059;471048;550652;287012;5429.5;5421.0;5408.0;5404.0;5437.5;5427.5;5422.5;5440.0;5424.0;5416.0;5446.0;5444.5;5430.0;5428.5;5420.0;5399.0;5400.0;5403.5;5426.0;5412.5;5416.0;5421.5;5408.0;5404.0;5437.0;5427.5;5422.0;5426.0;400285;523088;285350;506454;298115;300019;150225;115635;130421;69819;116771;67217;61235;34503;1
2025-12-15;0.01296058604389068;0.9830917874396136;0.013319117912214549;-2.4492935982947064e-16;1.0;0.10116832198743272;-0.994869323391895;0.0;1.0;161575;162910;162235;162415;162605;163075;162590;162955;162925;162785;162715;163300;163105;162685;161345;161785;162145;162160;162600;162400;162170;162910;162235;162410;162605;163075;162590;162510;2840753;3251822;3230619;2170474;2137607;1466682;1398556;931880;986517;932598;645179;596821;406963;387841;5420.0;5406.0;5408.5;5424.5;5420.5;5425.0;5433.5;5430.5;5411.0;5430.0;5431.0;5427.5;5435.5;5444.0;5404.5;5399.0;5406.0;5417.0;5412.5;5422.5;5431.5;5406.5;5408.5;5425.0;5420.5;5425.0;5434.0;5442.0;407529;321858;407772;313862;237064;134149;208367;113237;81404;96261;77362;57010;36457;49938;1
2025-12-16;0.012099644128113879;-0.04859335038363171;0.010189602408166718;-2.4492935982947064e-16;1.0;-0.10116832198743204;-0.9948693233918952;0.7818314824680298;0.6234898018587336;161250;160555;160705;160210;159650;159930;159930;161350;161165;160850;160300;160015;160455;160250;159900;160000;160095;159365;159520;159840;159795;160555;160710;160210;159655;159935;159930;160080;3139291;2974171;2412561;2102952;1293117;1853261;1183851;1146028;1103983;801381;657447;397781;545262;349045;5438.5;5451.0;5459.5;5467.0;5483.0;5476.5;5475.5;5475.0;5469.0;5475.0;5491.5;5487.0;5477.0;5481.5;5432.5;5434.0;5456.0;5464.5;5474.5;5462.5;5472.5;5451.5;5459.0;5466.5;5483.5;5477.0;5475.5;5480.5;772102;521430;423163;407125;246352;260021;164268;200022;146345;110291;92168;55941;60900;44362;0
2025-12-17;0.02496124031007752;1.0372670807453417;0.012153678144531159;-2.4492935982947064e-16;1.0;-0.2993631229733582;-0.9541392564000488;0.9749279121818236;-0.22252093395631434;161500;161165;159825;160870;160245;160330;160425;161690;161220;161055;160890;160390;160705;160665;160590;159610;159770;160215;159720;160135;160250;161165;159830;160870;160250;160325;160425;160475;3040881;3523257;2985454;1745837;1546313;1514219;1158563;1128715;1139464;934474;572680;488351;463096;348995;5516.0;5508.0;5514.5;5514.5;5536.0;5538.0;5528.0;5535.0;5533.0;5523.0;5539.5;5545.0;5538.0;5540.0;5498.5;5503.5;5505.5;5512.5;5530.5;5521.0;5527.5;5507.5;5514.0;5514.5;5536.0;5538.0;5527.5;5533.0;564990;584146;483234;381539;306655;248401;208361;164273;153507;109662;92935;76399;57884;47935;0
2025-12-18;0.012879256965944273;0.5048076923076923;0.006181383201918922;-2.4492935982947064e-16;1.0;-0.4853019625310808;-0.8743466161445822;0.43388373911755823;-0.900968867902419;160660;160265;160510;160795;161555;161550;161475;161080;161070;161035;161835;161795;161710;161710;159845;160020;160235;160765;161405;160700;161400;160270;160515;160795;161550;161550;161475;161490;2972399;2908469;2788784;2259310;1360718;1932504;934979;1004089;961682;845562;661578;393998;583502;265684;5519.0;5568.0;5551.0;5542.0;5525.0;5528.5;5527.5;5571.5;5569.5;5553.5;5544.5;5534.0;5543.5;5532.0;5516.0;5528.5;5536.0;5514.5;5513.5;5524.0;5521.5;5568.5;5551.0;5542.5;5525.0;5529.0;5527.5;5531.0;629966;689858;412576;376640;317836;257083;171664;152778;170424;101196;85654;70598;67171;36935;0
2025-12-19;0.012386406074940869;0.6809045226130653;0.008163182343385257;-2.4492935982947064e-16;1.0;-0.651372482722222;-0.7587581226927911;-0.433883739117558;-0.9009688679024191;161200;161225;162040;162515;162175;162235;161885;161980;162085;162610;162725;162380;162300;161965;161085;160990;161640;162070;162105;161810;161710;161225;162045;162515;162175;162240;161885;161750;2506383;3051736;2744324;1566618;928797;945200;820924;864255;964839;824347;471453;269264;258199;225212;5535.0;5549.5;5522.5;5516.0;5522.0;5521.5;5540.5;5556.5;5549.5;5528.5;5524.0;5523.0;5542.0;5543.5;5530.5;5521.5;5508.0;5513.0;5513.0;5520.0;5534.5;5549.5;5523.0;5516.5;5522.0;5521.5;5540.5;5541.5;508064;431262;501135;287144;159524;181570;164932;143236;111930;105088;59325;32901;36950;36384;1
2025-12-22;0.01076302729528536;0.6138328530259366;0.011877722986336482;-2.4492935982947064e-16;1.0;-0.9680771188662041;-0.2506525322587213;0.0;1.0;162055;161490;160995;160515;160870;161215;161140;162415;161575;161330;161040;161350;161350;161300;161365;160710;160150;160455;160775;160975;160715;161490;160995;160510;160870;161215;161140;161145;2373728;2695548;2844615;1689407;1516291;1200569;1351673;781874;862929;852019;503173;447964;341408;392812;5538.5;5535.5;5542.0;5553.0;5568.5;5587.5;5597.0;5552.0;5545.5;5560.5;5571.0;5592.0;5604.5;5614.0;5528.5;5525.0;5535.5;5546.0;5566.5;5584.0;5588.0;5535.5;5542.0;5553.0;5568.5;5587.5;5597.0;5590.5;412699;388922;361685;379810;407350;344354;330319;116451;102204;92311;84552;94409;76250;80502;1
2025-12-23;0.01397673629323378;0.48344370860927155;0.005542347117745644;-2.4492935982947064e-16;1.0;-0.9987165071710528;-0.05064916883871355;0.7818314824680298;0.6234898018587336;161245;161770;162390;162850;163120;163250;163420;162185;162535;162900;163465;163345;163440;163420;160900;161665;161970;162845;163035;163110;162920;161770;162390;162845;163125;163245;163415;163190;2630013;2810290;2468662;1767187;909462;911019;1112043;855497;884058;759192;501663;255340;234478;297631;5588.5;5595.0;5585.5;5561.0;5551.0;5545.0;5546.5;5603.0;5599.5;5588.0;5563.0;5553.0;5548.5;5548.5;5582.0;5575.5;5560.0;5538.0;5540.0;5539.5;5541.5;5595.5;5586.0;5561.0;5551.5;5545.0;5546.5;5543.5;460149;455081;341546;395932;158537;140383;118973;127267;111788;87860;92325;39254;30973;29966;0
2025-12-26;0.01624856584700301;0.7767175572519084;0.01415244808564604;-2.4492935982947064e-16;1.0;-0.848644257494751;0.5289640103269624;-0.433883739117558;-0.9009688679024191;162935;162450;162195;162775;163145;162850;163335;162975;162820;163085;163440;163260;163385;163485;162165;162100;162125;162700;162710;162835;163165;162450;162195;162775;163140;162855;163330;163315;2092593;2413041;2104324;1468661;1017239;1130222;803074;700818;760887;660123;456197;295081;321585;232432;5550.0;5557.5;5555.5;5542.5;5538.0;5542.0;5543.0;5570.0;5566.0;5555.5;5543.0;5543.5;5549.0;5550.0;5543.0;5552.5;5541.0;5523.0;5536.5;5528.0;5542.0;5558.0;5555.5;5542.5;5538.0;5541.5;5543.5;5546.5;376971;299219;282072;308078;130987;208134;81798;105732;77060;75810;74831;31463;50553;25114;1
2025-12-29;0.012397581857796054;0.8663366336633663;0.018609754657101206;-2.4492935982947064e-16;1.0;-0.3943558551133187;0.9189578116202306;0.0;1.0;163850;163600;163215;163215;162965;162865;162900;164335;163890;163515;163275;163035;163165;163100;163580;163065;163005;162660;162680;162690;162355;163600;163210;163220;162965;162860;162905;162535;2365086;2667779;2078290;1689071;1099283;1006802;1326658;792947;849788;648718;520838;328425;302467;386952;5545.5;5566.5;5575.5;5573.0;5566.5;5579.0;5581.0;5568.0;5581.5;5580.0;5582.0;5584.5;5582.5;5586.0;5543.0;5566.0;5566.0;5562.0;5563.5;5576.5;5577.5;5566.5;5575.5;5573.0;5566.5;5579.5;5581.0;5578.0;352769;310362;270782;366485;250832;79509;153535;101319;80982;68164;79693;55558;24057;38631;1
2025-12-30;0.012084223375038144;0.5429292929292929;0.014932417536352938;-2.4492935982947064e-16;1.0;-0.20129852008866114;0.9795299412524943;0.7818314824680298;0.6234898018587336;163430;164370;163910;163735;164235;164330;164560;164730;164795;164435;164300;164540;164605;164605;163070;163910;163675;163675;164220;164160;164245;164370;163915;163740;164235;164335;164555;164345;2498895;2634759;2376855;1466705;1070860;1005072;813592;856460;855620;725641;430242;311535;290131;223487;5604.0;5560.5;5541.0;5537.0;5540.0;5540.0;5527.0;5608.0;5568.0;5547.0;5545.0;5544.5;5542.0;5537.5;5560.0;5534.0;5530.5;5527.5;5529.0;5525.5;5525.5;5561.0;5541.0;5537.0;5539.5;5540.0;5526.5;5531.5;453334;464169;366589;311052;247401;150591;183105;132409;112630;86298;68177;49698;32822;36877;1
2026-01-02;0.010554977666279141;0.5217391304347826;0.017126835350383663;0.49999999999999994;0.8660254037844387;0.39435585511331855;0.9189578116202306;-0.433883739117558;-0.9009688679024191;163970;164760;163455;163500;163100;162885;162675;164810;165040;163980;163660;163150;162960;162900;163960;163340;163175;162880;162710;162625;162530;164765;163455;163500;163100;162890;162680;162670;1915737;2632875;2404592;1716880;1137203;952294;1068460;638524;810356;729492;550991;356258;277612;300537;5507.0;5471.5;5470.0;5475.0;5475.0;5460.5;5460.5;5508.0;5481.0;5480.0;5491.5;5480.0;5462.5;5463.5;5467.5;5459.0;5457.0;5473.5;5460.0;5454.0;5454.0;5471.5;5470.0;5475.0;5475.0;5461.0;5460.5;5463.0;444320;361467;361182;267069;215104;155629;127983;120850;85855;87535;72453;51971;38427;30714;1
2026-01-05;0.015307678233823261;0.250996015936255;0.011158314199040032;0.49999999999999994;0.8660254037844387;0.8486442574947509;0.5289640103269624;0.0;1.0;163160;163175;163295;162900;163975;164140;164430;163690;163370;163610;164015;164180;164455;164550;162795;162565;162765;162790;163645;164040;164310;163175;163295;162905;163975;164140;164435;164500;2729266;3045311;2934196;2158737;1335449;1275815;1124048;882052;943063;888687;657511;400920;367436;315325;5455.0;5475.5;5479.5;5471.5;5451.0;5446.5;5433.5;5480.0;5489.5;5482.5;5476.5;5455.5;5448.5;5438.5;5455.0;5475.0;5462.5;5449.0;5444.5;5431.5;5432.5;5475.0;5479.5;5471.5;5450.5;5446.0;5433.5;5436.0;398498;349106;393837;325984;207196;205674;151298;122792;96714;99291;81285;47793;48892;32695;0
2026-01-06;0.012441774944839421;0.9901477832512315;0.01924851517647569;0.49999999999999994;0.8660254037844387;0.9377521321470804;0.3473052528448203;0.7818314824680298;0.6234898018587336;164575;165475;166070;166095;166165;166180;166140;165690;166460;166655;166480;166270;166345;166330;164525;165400;165610;165930;165865;166015;165945;165475;166070;166095;166170;166185;166140;166205;2938649;3364235;3520680;1888419;1347355;1018293;1201271;899796;1009428;1027242;524292;370749;272482;318518;5449.0;5434.0;5428.0;5403.5;5405.5;5405.5;5406.0;5452.0;5440.0;5429.5;5417.5;5408.5;5409.5;5415.5;5430.5;5420.0;5397.5;5401.0;5400.0;5399.5;5402.0;5434.0;5428.0;5403.5;5405.5;5405.5;5406.0;5408.0;427548;407767;464303;289119;187862;113137;185129;128696;107223;109663;68448;41017;28236;40828;0
2026-01-07;0.012942427464681756;0.8098591549295775;0.02849153543733316;0.49999999999999994;0.8660254037844387;0.9884683243281114;0.1514277775045767;0.9749279121818236;-0.22252093395631434;166250;165605;165025;164460;164400;164430;164325;166260;165710;165065;164500;164580;164490;164525;165565;164915;164260;164010;164285;164225;164205;165600;165020;164465;164400;164425;164325;164460;2848922;3172804;2542024;1763555;1133377;1057543;976629;908688;968031;725459;505310;315154;283262;253883;5403.0;5414.5;5413.5;5422.5;5425.0;5423.0;5428.0;5421.0;5424.0;5432.5;5434.0;5430.0;5430.0;5429.0;5401.0;5410.5;5410.0;5420.5;5421.0;5420.0;5415.0;5415.0;5413.5;5422.0;5425.5;5423.0;5427.5;5418.5;375379;371796;374794;305913;151616;115345;185354;106397;100971;94526;71675;35471;27224;43029;0
2026-01-08;0.013533834586466165;-0.04888888888888889;0.01432054757219066;0.49999999999999994;0.8660254037844387;0.9987165071710528;-0.05064916883871264;0.43388373911755823;-0.900968867902419;163900;164350;164365;164460;164730;164810;164650;164530;164880;165080;164960;164850;164885;164890;163745;164050;164180;164455;164485;164545;164430;164345;164365;164455;164730;164810;164650;164620;2723898;3392494;3069039;1709454;1100074;914407;1112775;918458;1110894;895450;503360;311765;253494;321216;5424.0;5412.5;5418.0;5419.0;5420.5;5417.5;5417.0;5427.5;5423.5;5428.5;5428.0;5428.0;5421.0;5426.0;5410.0;5406.5;5413.5;5413.0;5414.5;5413.5;5416.5;5412.5;5417.5;5418.5;5421.0;5417.5;5417.0;5425.0;350598;327014;352798;213652;159365;111492;135264;107596;88578;89686;55929;37925;27426;31222;1
2026-01-09;0.008145210494203782;1.0524344569288389;0.01997331949899948;0.49999999999999994;0.8660254037844387;0.9680771188662043;-0.2506525322587204;-0.433883739117558;-0.9009688679024191;165150;164955;165860;166090;165925;166280;166160;165690;166185;166235;166350;166315;166435;166180;164510;164745;165425;165740;165860;166110;165870;164960;165860;166095;165925;166280;166160;166040;2862238;3449707;2767844;1839620;1058963;967372;861127;890939;1071855;803815;551022;305917;270015;239918;5428.5;5416.5;5396.0;5393.5;5384.0;5384.5;5395.0;5428.5;5424.0;5402.0;5400.5;5390.5;5396.5;5397.0;5411.0;5384.0;5389.0;5383.0;5381.5;5382.0;5391.0;5416.0;5396.5;5393.0;5384.0;5384.5;5395.0;5394.5;304329;641083;339568;261573;192495;136723;89579;88451;162692;86578;63283;44254;32346;21568;0
2026-01-12;0.011656070239176506;0.5142857142857142;0.020131415116436752;0.49999999999999994;0.8660254037844387;0.6513724827222223;-0.7587581226927909;0.0;1.0;165500;164930;164710;165230;165485;165220;165385;165800;165245;165480;165615;165570;165435;165515;164925;164615;164285;165070;165185;165175;165265;164930;164715;165235;165485;165225;165385;165335;2884658;2998266;3093527;1789606;1273629;990392;945763;914974;947636;923021;524292;354918;275732;250028;5388.0;5408.0;5406.0;5401.0;5396.0;5395.0;5396.0;5408.5;5412.0;5413.0;5405.5;5398.0;5400.0;5399.0;5377.0;5388.0;5392.5;5393.5;5388.0;5390.5;5395.0;5408.0;5405.5;5400.5;5396.0;5395.0;5396.5;5399.0;407752;503918;308957;188329;168547;115909;87082;116105;128688;79093;44200;40373;26907;21227;1
2026-01-13;0.009154078549848942;0.7920792079207921;0.017797698215617386;0.49999999999999994;0.8660254037844387;0.48530196253108104;-0.8743466161445821;0.7818314824680298;0.6234898018587336;165485;164435;164305;164250;163845;163910;164025;165690;164740;164995;164275;164090;164150;164150;164370;163740;164195;163685;163635;163835;163870;164435;164310;164250;163845;163905;164030;163940;2660838;3671046;2930146;1825709;1238148;1126976;1214045;812381;1179963;829410;516938;333819;289775;306421;5397.5;5404.5;5401.5;5400.5;5404.0;5408.5;5409.5;5411.0;5410.5;5404.0;5414.5;5419.0;5413.0;5413.0;5394.5;5390.0;5388.5;5396.5;5402.0;5405.0;5400.5;5405.0;5401.0;5400.0;5404.5;5408.5;5409.5;5403.5;370338;438366;347889;336514;222655;129688;117898;100465;114892;84229;74889;50371;28212;28979;1
2026-01-14;0.012418043931474151;0.20194647201946472;0.007644090648043217;0.49999999999999994;0.8660254037844387;0.29936312297335804;-0.9541392564000488;0.9749279121818236;-0.22252093395631434;164050;164950;165015;165375;165370;165475;165640;165010;165450;165590;165810;165625;165780;166385;163955;164780;163825;165130;165280;165465;165590;164955;165020;165380;165370;165475;165635;166315;3025110;3591590;4361461;2048974;1093357;1020513;1569524;914227;1087510;1243935;583570;305303;282835;395225;5393.5;5393.5;5390.5;5396.5;5414.0;5401.0;5411.5;5404.0;5395.0;5446.0;5417.0;5416.0;5412.0;5422.0;5387.0;5380.0;5387.0;5395.5;5399.0;5399.5;5409.0;5393.5;5390.5;5396.0;5413.5;5401.5;5411.5;5416.0;324293;454675;834796;292375;169918;142961;183623;89950;112598;209250;69565;42158;33846;43518;1
2026-01-15;0.02127400182871076;0.9097421203438395;0.023314097683602923;0.49999999999999994;0.8660254037844387;0.10116832198743272;-0.994869323391895;0.43388373911755823;-0.900968867902419;167000;167320;167120;166860;167190;167400;167590;167545;167805;167180;167375;167480;167610;168025;166805;166880;166625;166845;167040;167385;167575;167315;167120;166865;167190;167395;167590;167960;2825644;3675609;2573101;1927622;1302566;900035;1343949;936560;1159612;739716;542319;354404;240562;358180;5412.0;5404.0;5418.0;5409.0;5389.0;5381.5;5383.0;5412.0;5423.5;5419.5;5409.5;5393.0;5384.5;5383.5;5401.0;5397.5;5405.0;5388.0;5380.0;5375.0;5372.5;5403.5;5418.0;5409.0;5388.5;5382.0;5383.0;5378.0;273075;437034;314984;337013;269488;179724;175978;75289;116859;80040;78287;58342;41034;42641;0
2026-01-16;0.008383233532934131;0.5678571428571428;0.023833075214305045;0.49999999999999994;0.8660254037844387;-0.10116832198743204;-0.9948693233918952;-0.433883739117558;-0.9009688679024191;167420;167575;166710;166535;165985;166235;166220;167990;167630;166820;166665;166465;166350;166430;167415;166685;166055;165805;165920;166080;166190;167575;166710;166535;165985;166230;166215;166360;2152625;1828272;2119701;2007100;1168519;972207;860800;661656;572635;613632;557524;326468;262266;235209;5385.5;5392.0;5395.0;5401.5;5400.0;5390.0;5393.5;5397.0;5395.5;5413.0;5411.5;5401.5;5395.0;5395.0;5381.5;5385.0;5394.0;5391.0;5386.0;5387.5;5384.0;5391.5;5395.0;5401.5;5400.0;5390.0;5394.0;5385.5;306164;206262;278187;318934;198128;135228;115275;89186;51716;61613;72827;44232;27967;25149;1
2026-01-19;0.013051009437343209;-0.011441647597254004;0.012638124499880887;0.49999999999999994;0.8660254037844387;-0.651372482722222;-0.7587581226927911;0.0;1.0;165780;166395;166260;166450;166415;166560;166445;166550;166745;166520;166550;166855;166635;166500;165600;165905;165925;166140;166405;166165;166315;166400;166260;166455;166410;166560;166445;166400;1869275;2341891;1846925;1198963;1256799;870220;511279;740957;803822;536046;357095;366690;250749;156161;5397.0;5386.0;5381.0;5383.5;5376.0;5372.5;5370.5;5400.0;5391.5;5388.0;5386.0;5377.5;5379.5;5383.5;5381.5;5375.5;5380.0;5375.5;5362.5;5369.5;5369.0;5386.0;5380.5;5384.0;5376.0;5372.0;5370.5;5381.5;244171;239969;153095;131254;256936;121169;116013;68547;67778;34598;30574;55087;27099;25912;0
2026-01-20;0.007570273856918808;0.1593625498007968;0.010002558510703103;0.49999999999999994;0.8660254037844387;-0.7907757369376986;-0.6121059825476627;0.7818314824680298;0.6234898018587336;165800;165745;165830;167215;167790;167915;167670;166110;166185;167690;167840;168080;168060;167720;164895;165010;165685;166765;167710;167505;167210;165745;165825;167220;167785;167915;167670;167320;3644695;3759127;3682667;2238939;1373239;1207768;1171476;1159029;1124481;1030192;641761;381412;339574;314115;5394.0;5396.5;5405.5;5391.5;5380.5;5377.0;5387.0;5412.5;5424.0;5409.0;5394.5;5382.0;5389.5;5401.5;5387.0;5396.0;5390.0;5373.5;5374.0;5374.5;5385.0;5396.5;5406.0;5391.0;5380.0;5377.0;5386.5;5397.5;562742;553211;454297;360458;153962;167582;232134;138909;133802;97175;80435;35371;37026;50829;1
2026-01-21;0.019209891435464414;0.9105180533751962;0.019870749715470072;0.49999999999999994;0.8660254037844387;-0.8978045395707417;-0.44039415155763423;0.9749279121818236;-0.22252093395631434;167795;169715;170460;171205;171380;171645;171600;169830;170550;171490;171435;171815;171760;172530;167795;169715;170365;170940;171360;171275;171510;169720;170460;171205;171380;171645;171605;172445;3179197;3386124;3414531;2043537;1903606;1366303;1984589;1005086;987131;943852;551410;497112;366055;497930;5383.5;5363.0;5360.5;5341.5;5336.0;5335.5;5337.5;5385.5;5369.5;5367.5;5351.5;5341.0;5346.0;5341.5;5362.0;5356.5;5335.5;5335.5;5330.0;5334.0;5330.0;5363.5;5360.5;5341.0;5336.0;5335.5;5337.5;5330.5;425001;426798;531243;371036;310405;192182;175152;114718;98920;124961;77397;59495;43966;38133;1
2026-01-22;0.03674126165857147;0.9708029197080292;0.052317651208593906;0.49999999999999994;0.8660254037844387;-0.9680771188662041;-0.2506525322587213;0.43388373911755823;-0.900968867902419;173780;174485;174580;176490;178505;178350;177880;174650;174840;176820;179710;178890;178575;178700;173350;174070;174545;176270;177970;177350;177450;174485;174580;176490;178500;178345;177885;177620;3388059;3137711;3953781;3194428;1880436;2029922;1500068;1100963;945767;1095791;1040291;648303;681863;501610;5327.5;5324.5;5336.5;5325.0;5305.5;5308.0;5303.5;5335.5;5337.0;5337.0;5327.5;5310.5;5312.0;5304.5;5316.0;5324.0;5321.0;5305.0;5300.5;5297.0;5293.0;5325.0;5337.0;5325.0;5305.5;5308.0;5303.5;5293.5;370081;345127;307570;357082;273770;262004;202900;101167;84244;77743;78209;53962;52436;44346;0
2026-01-23;0.03659799746806307;0.8113207547169812;0.07582644908266073;0.49999999999999994;0.8660254037844387;-0.9987165071710528;-0.05064916883871355;-0.433883739117558;-0.9009688679024191;178510;178000;177780;177710;178955;178765;178415;178990;178375;178060;179370;179190;178905;179210;177550;177645;177180;177610;178690;178310;178175;177995;177780;177715;178960;178760;178415;179115;2862866;2891341;2850288;2851090;1391241;1642798;1597033;1045897;920929;833285;813686;377791;462871;433754;5299.0;5296.0;5304.0;5308.0;5292.5;5305.0;5301.0;5308.0;5308.0;5314.5;5308.0;5307.5;5307.0;5308.0;5296.0;5286.0;5301.0;5292.0;5290.5;5282.5;5293.5;5296.0;5303.5;5308.0;5292.5;5304.5;5301.0;5298.0;312890;385802;326600;309058;237249;348718;218460;83070;97637;78309;68114;50188;75513;50386;1
2026-01-26;0.02840177020895188;0.7731755424063116;0.08503537898350579;0.49999999999999994;0.8660254037844387;-0.848644257494751;0.5289640103269624;0.0;1.0;181100;181290;179445;180060;180055;179775;179850;183385;181320;181590;180505;180190;180775;180235;180730;179240;179135;179530;179370;179725;179560;181290;179450;180055;180055;179775;179855;179950;3642673;3763756;2858303;1786409;1290816;1605147;1165079;1463406;1252006;991257;671576;442291;552811;390186;5289.0;5290.5;5290.0;5277.0;5269.5;5281.5;5277.5;5298.0;5298.0;5293.0;5285.0;5282.5;5284.0;5284.0;5275.0;5287.0;5275.0;5268.0;5268.5;5274.0;5274.0;5290.0;5290.0;5277.0;5269.5;5281.5;5277.0;5283.5;303548;319308;394880;308850;193759;119808;152277;80579;75822;94927;67396;40871;29313;31348;0
2026-01-27;0.023467697404748758;0.5235294117647059;0.08129700789091636;0.49999999999999994;0.8660254037844387;-0.72479278722912;0.6889669190756865;0.7818314824680298;0.6234898018587336;181360;182320;183270;183935;183940;184640;183515;182890;183335;184260;184495;184785;184750;183820;181270;181875;183195;183755;183850;183500;183040;182315;183270;183930;183940;184640;183520;183360;3257253;3609832;3074162;2071314;1829703;1586519;1496883;1227119;1246889;958401;637256;519644;459012;456709;5282.0;5262.0;5251.5;5252.0;5223.5;5219.0;5216.5;5283.5;5262.0;5257.5;5253.0;5228.0;5227.0;5220.5;5260.0;5250.0;5248.5;5223.0;5212.0;5214.5;5208.5;5262.0;5251.0;5252.0;5223.5;5218.5;5216.5;5210.0;377889;419420;281151;456335;373675;215174;249559;97605;85987;61713;91982;75636;45565;46385;1
2026-01-28;0.019381340979267754;0.8862019914651493;0.09312634965992646;0.49999999999999994;0.8660254037844387;-0.5712682150947924;0.8207634412072763;0.9749279121818236;-0.22252093395631434;184385;184270;185535;185945;184945;185110;184815;184560;185895;186460;186195;185420;185250;184950;183475;183935;184930;184550;184845;184515;183840;184275;185535;185945;184950;185115;184820;184360;2762788;3415960;3261990;2452630;1509660;1659956;1370546;1050376;1226043;1116771;922137;508962;520832;451408;5192.0;5183.0;5179.5;5192.0;5214.5;5214.5;5213.0;5206.5;5190.5;5200.0;5216.0;5220.0;5216.5;5227.0;5180.0;5174.0;5177.0;5184.0;5204.5;5204.5;5209.0;5182.5;5180.0;5192.0;5214.0;5215.0;5213.0;5224.5;480861;489847;479601;608805;326584;182865;235950;125311;113385;110430;131863;67752;44870;55400;1
2026-01-29;0.016188952463595196;1.4154103852596316;0.10514315489814813;0.49999999999999994;0.8660254037844387;-0.3943558551133187;0.9189578116202306;0.43388373911755823;-0.900968867902419;187700;187855;187315;185410;182945;183610;184125;188780;187955;187525;185865;184085;185075;184575;187095;186715;185325;182645;182885;183580;183760;187850;187310;185415;182945;183610;184125;184125;2837168;3321943;3419943;3151068;1769498;1717943;1397449;1091897;1129525;1086312;1242298;664069;598001;459972;5200.0;5194.5;5186.5;5199.5;5233.5;5217.0;5210.5;5206.0;5196.0;5202.0;5252.5;5234.0;5218.0;5212.5;5180.0;5183.0;5167.5;5199.5;5205.5;5199.5;5189.0;5195.0;5186.5;5200.0;5233.5;5217.5;5210.0;5192.5;442233;420491;525748;808046;398765;260557;218140;117279;97570;131031;230793;116408;72646;56343;1
2026-01-30;0.03268513585508791;0.09046454767726161;0.07218678992132713;0.49999999999999994;0.8660254037844387;-0.20129852008866114;0.9795299412524943;-0.433883739117558;-0.9009688679024191;183200;183450;183830;183870;184110;183430;182380;184205;184590;184410;184765;184110;183470;182615;182790;183220;183615;183660;183280;182285;181065;183445;183830;183865;184110;183430;182380;182425;3093682;3074798;2539655;2286839;2109919;2443769;2599236;1229447;1125330;827160;719243;640780;727714;812665;5239.5;5252.0;5270.5;5253.0;5269.5;5278.5;5290.5;5258.0;5275.5;5271.0;5270.5;5284.0;5297.5;5312.0;5227.0;5247.5;5247.0;5249.0;5264.5;5276.0;5280.5;5251.5;5270.5;5253.5;5269.5;5278.5;5290.5;5285.0;469272;545580;448162;427912;365295;365660;503302;125683;128555;107974;104031;82101;89795;117987;1
2026-02-02;0.02019650655021834;-0.06621621621621622;0.05210178889887732;0.8660254037844386;0.5000000000000001;0.4338837391175581;0.9009688679024191;0.0;1.0;180820;183040;183710;182570;182795;183485;183430;183110;183890;183930;183365;183605;183655;183445;180820;182365;182395;182315;182475;183145;182870;183040;183705;182565;182795;183485;183430;182925;2496737;2954388;3012750;2024378;1647283;1339675;1114895;935292;1055850;1010525;678794;513228;408580;343459;5297.5;5274.0;5288.5;5289.5;5294.0;5291.0;5289.5;5297.5;5295.5;5312.0;5301.0;5296.5;5291.5;5298.5;5266.5;5273.0;5278.0;5284.5;5284.0;5280.5;5289.0;5274.5;5288.5;5289.5;5293.5;5290.5;5289.0;5291.5;504657;338684;490730;343884;201562;132516;165485;126818;93440;116456;83129;49183;33834;39993;0
2026-02-03;0.017918371861519743;1.1358024691358024;0.0675399857372029;0.8660254037844386;0.5000000000000001;0.6234898018587335;0.7818314824680298;0.7818314824680298;0.6234898018587336;184500;185835;187110;187735;187350;186850;186230;186160;187115;188315;187815;187420;186900;186295;184490;185155;186950;187040;186805;185845;185695;185840;187105;187735;187345;186855;186230;185845;3178896;3469880;3388791;2400543;1523413;2103050;1590110;1230690;1260499;1031503;753997;479106;627661;470862;5275.5;5262.0;5244.0;5258.5;5244.0;5253.0;5261.0;5278.0;5263.0;5258.5;5267.5;5257.0;5268.0;5271.0;5254.5;5239.5;5235.0;5243.5;5241.5;5251.5;5256.5;5262.0;5243.5;5258.0;5243.5;5253.5;5261.5;5270.0;466500;433535;438885;417626;253128;262802;224294;115212;98300;92637;89899;55571;57430;47985;1
2026-02-04;0.020731707317073172;0.7032679738562092;0.07673413272511297;0.8660254037844386;0.5000000000000001;0.7818314824680298;0.6234898018587336;0.9749279121818236;-0.22252093395631434;187180;185175;184725;183575;183310;182610;181735;187435;185680;184795;184355;183370;182645;181880;185095;184710;183480;183280;182085;181370;181040;185180;184720;183575;183310;182610;181730;181190;3283653;2936479;3207278;2117026;1914546;2086168;1785113;1254480;1044983;1022728;760545;628196;687033;541189;5268.0;5246.0;5245.0;5272.5;5276.0;5274.0;5281.5;5269.5;5255.0;5273.5;5283.5;5285.5;5288.0;5288.0;5244.0;5241.5;5245.0;5267.5;5273.0;5265.5;5280.0;5245.5;5245.5;5272.5;5276.5;5274.0;5281.0;5283.5;341662;325939;476815;371841;234878;324095;175916;91121;83128;109072;91597;56961;78534;47985;1
2026-02-05;0.03472593225771984;0.22076923076923077;0.04357678403591319;0.8660254037844386;0.5000000000000001;0.9009688679024191;0.4338837391175582;0.43388373911755823;-0.900968867902419;182370;182720;183205;183860;183490;183730;183860;183195;183710;184870;184150;183830;184225;184115;182025;182575;183200;182085;183160;183175;183535;182720;183210;183860;183495;183730;183865;183775;3060196;2896203;3761731;2970212;1996663;1854002;1299390;1157470;1028688;1192460;1018102;660625;578125;406820;5276.0;5292.5;5274.0;5270.5;5299.5;5287.5;5280.5;5300.0;5293.0;5279.0;5314.0;5311.0;5296.0;5281.0;5266.0;5269.5;5260.5;5267.0;5283.0;5277.0;5272.0;5292.5;5273.5;5270.5;5299.0;5287.0;5280.5;5275.0;503488;393061;496583;612344;371192;242036;161013;124015;96170;120297;136415;88338;59862;42988;0
2026-02-06;0.015600153534024237;0.6449912126537786;0.046695985084610675;0.8660254037844386;0.5000000000000001;0.9749279121818236;0.22252093395631445;-0.433883739117558;-0.9009688679024191;183860;182770;182395;182350;182550;183430;183125;184660;183035;183350;182940;183535;183520;183155;182730;182220;182095;181925;182440;183030;182275;182770;182400;182355;182545;183435;183125;182655;3122472;2872915;3333506;2073146;1603460;1381445;1655983;1148768;981339;1131245;736661;517707;430722;525369;5269.0;5271.5;5250.0;5249.5;5249.5;5242.5;5233.0;5273.5;5278.5;5252.5;5257.0;5253.0;5244.0;5255.0;5247.5;5249.0;5233.5;5245.0;5234.5;5228.0;5232.5;5271.5;5249.5;5250.0;5249.5;5242.0;5233.0;5241.5;477730;510784;508065;273941;236755;191952;316954;126177;117537;111956;70661;54061;41971;68310;1
2026-02-09;0.014875448710975743;0.6782449725776966;0.04086019069410502;0.8660254037844386;0.5000000000000001;0.9009688679024191;-0.43388373911755806;0.0;1.0;183780;184305;183840;184570;184130;185230;185875;185085;184450;185065;184725;185320;185940;186385;183700;183580;183785;184090;183990;185180;185380;184310;183845;184575;184130;185230;185875;186350;2968152;2929315;2817588;1851759;1611555;1617135;1838166;1111511;1015039;920435;579898;506286;484949;557965;5230.0;5226.0;5231.0;5210.0;5197.5;5212.0;5212.0;5233.5;5232.5;5232.0;5210.5;5215.5;5215.5;5226.5;5217.0;5210.5;5206.5;5197.0;5195.0;5204.0;5207.5;5226.0;5230.5;5209.5;5197.5;5212.5;5211.5;5212.5;420312;472143;395386;291459;270836;166092;252122;113652;115330;95745;65378;58260;35969;56663;1
2026-02-10;0.018935683969964087;0.6839080459770115;0.04685250419042177;0.8660254037844386;0.5000000000000001;0.7818314824680299;-0.6234898018587335;0.7818314824680298;0.6234898018587336;185960;185865;185790;186435;186985;186625;186285;186775;186380;186570;187350;187195;186725;186355;185540;185460;185635;186300;186470;186225;185560;185865;185795;186430;186980;186625;186290;185805;2735298;2954564;3183151;2275876;1646615;1195105;1468454;989262;1000101;980533;672971;477273;344212;417055;5214.0;5223.0;5219.0;5215.5;5224.0;5218.0;5223.0;5226.5;5228.5;5224.0;5231.5;5225.5;5224.5;5227.0;5208.0;5218.0;5202.0;5215.5;5213.5;5216.5;5219.5;5223.5;5218.5;5216.0;5224.5;5218.5;5223.0;5221.5;388036;306874;490814;313952;236934;146433;136442;106732;78510;117018;72447;49642;28338;31066;1
2026-02-11;0.010163476016347602;0.8148148148148148;0.04609093439135828;0.8660254037844386;0.5000000000000001;0.6234898018587339;-0.7818314824680295;0.9749279121818236;-0.22252093395631434;187000;188405;188710;189170;189435;190780;190635;188650;188995;189865;189560;190955;190950;190655;186920;187805;188530;188485;189430;190440;189755;188405;188705;189175;189435;190780;190635;189825;3062227;2947219;3044416;2431564;2209815;1501135;1636167;1149846;1049864;945357;765911;652323;440638;481841;5204.5;5199.0;5199.5;5200.5;5204.0;5192.5;5194.5;5207.5;5220.5;5203.0;5212.0;5204.5;5197.5;5202.5;5190.5;5195.0;5185.0;5192.5;5191.5;5190.0;5193.0;5198.5;5199.5;5200.0;5204.0;5192.5;5195.0;5201.5;377170;557067;512020;365119;209550;168773;164672;96935;132685;114750;81232;48221;36244;36680;1
2026-02-12;0.02157754010695187;0.9467162329615861;0.06030432190470102;0.8660254037844386;0.5000000000000001;0.43388373911755823;-0.900968867902419;0.43388373911755823;-0.900968867902419;190740;189135;188970;189565;189570;188675;188525;191225;189930;190150;190285;189670;189065;188530;188855;188860;188935;189510;188405;188355;187120;189130;188975;189560;189575;188670;188525;187860;2640690;3160571;3006809;2000936;2680517;1866287;2292979;966568;1048951;955343;639298;877653;611105;693707;5194.0;5193.5;5180.0;5178.0;5188.0;5213.0;5213.5;5201.5;5196.0;5183.5;5189.5;5219.5;5222.0;5227.0;5185.5;5178.5;5172.5;5171.0;5182.5;5208.5;5211.0;5193.0;5179.5;5177.5;5188.0;5213.0;5213.5;5223.0;331173;379674;395164;387065;612243;288616;342793;82823;84939;80637;73949;130023;70448;71789;1
2026-02-13;0.02152144280171962;0.0438489646772229;0.03530426226970975;0.8660254037844386;0.5000000000000001;0.2225209339563141;-0.9749279121818237;-0.433883739117558;-0.9009688679024191;187300;185415;185205;184040;184950;185630;186240;187540;186385;185430;185785;185950;186365;186600;185040;184550;183725;183975;184720;185485;185785;185420;185210;184040;184945;185630;186240;186365;2782704;2794355;2670405;2262122;1536327;1378795;1402053;1080235;1083082;1021304;886213;548390;428401;449901;5234.0;5227.5;5234.5;5254.5;5250.5;5245.0;5235.5;5245.5;5241.5;5264.0;5264.5;5254.0;5247.0;5245.5;5226.0;5217.5;5225.0;5241.5;5240.0;5232.5;5233.0;5227.5;5234.0;5254.0;5250.5;5245.0;5236.0;5240.5;479245;476094;641296;468478;226162;185489;156858;111339;106041;136234;101360;52774;39953;35916;0
2026-02-19;0.015305050929328993;0.5780445969125214;0.040204037607145686;0.8660254037844386;0.5000000000000001;-0.900968867902419;-0.4338837391175583;0.43388373911755823;-0.900968867902419;190465;190580;190235;190500;192285;192160;192050;190705;190795;190575;192295;192445;192565;192270;189710;189695;189650;190430;191930;191855;191815;190580;190240;190500;192280;192160;192055;191990;2477881;2785617;2205634;2538162;1454187;1435930;1197942;1006071;1110456;818626;883892;468908;454130;379504;5260.0;5244.0;5229.5;5243.5;5228.5;5237.5;5242.5;5266.5;5253.5;5245.5;5246.0;5239.0;5244.5;5244.5;5237.0;5227.0;5228.0;5227.0;5227.5;5233.5;5236.5;5244.0;5230.0;5243.5;5228.5;5237.0;5243.0;5238.0;507169;566677;494391;472386;258454;188509;159710;110930;111887;103941;91264;45447;39834;33157;0
2026-02-20;0.015304649148137454;0.9245283018867925;0.04347472281558336;0.8660254037844386;0.5000000000000001;-0.9749279121818236;-0.2225209339563146;-0.433883739117558;-0.9009688679024191;192345;190705;190595;191405;192250;192225;192435;192475;190940;191470;192630;192320;192550;193325;190585;190260;190300;191405;191840;191340;192435;190700;190600;191400;192250;192230;192440;192960;2229608;2516897;2603797;2854167;1425801;1819485;1887275;807605;884976;870042;1069756;473102;574156;609941;5222.5;5228.5;5213.0;5207.5;5196.0;5196.0;5200.5;5233.5;5232.5;5217.5;5210.0;5197.5;5207.5;5203.5;5215.0;5212.0;5200.0;5191.5;5187.0;5194.0;5183.0;5228.5;5213.0;5207.0;5195.5;5196.5;5201.0;5187.5;345682;433116;418239;640018;242428;248105;327399;84596;99750;86066;146439;59568;58753;80769;1
2026-02-23;0.021523824378070655;0.8043478260869565;0.044522649803804666;0.8660254037844386;0.5000000000000001;-0.9009688679024193;0.43388373911755795;0.0;1.0;193590;192560;193025;194440;192475;192345;192665;193830;193380;194675;194550;192550;192835;192995;192455;192560;192890;192400;192050;192110;192630;192560;193025;194435;192470;192350;192670;192745;2472751;2738411;2849899;2191272;1698111;1532416;1228036;929567;988573;965997;738759;538806;471357;375921;5192.0;5189.5;5175.5;5149.5;5161.5;5162.0;5169.0;5198.0;5197.0;5176.0;5163.0;5173.0;5176.0;5175.5;5184.5;5169.5;5145.5;5147.0;5153.0;5159.0;5166.5;5190.0;5175.5;5150.0;5161.5;5161.5;5168.5;5173.5;329873;412357;613886;378551;443847;262924;179208;81175;101686;116098;81144;80220;57620;40669;0
2026-02-24;0.013559584689291802;0.25523809523809526;0.0356056616548626;0.8660254037844386;0.5000000000000001;-0.7818314824680299;0.6234898018587334;0.7818314824680298;0.6234898018587336;192720;193505;193505;193940;194750;194835;194940;194215;194290;194130;194965;195295;195395;195210;192515;192910;193155;193770;194630;194835;194805;193505;193505;193940;194750;194835;194945;194935;2669724;2977636;2611053;2228485;1574456;1257212;1078169;1030098;1079659;936021;751008;485099;374993;318789;5179.0;5178.5;5184.0;5177.0;5158.5;5153.0;5154.5;5190.5;5190.0;5185.5;5178.5;5161.5;5157.0;5156.0;5170.5;5177.5;5173.0;5156.0;5148.0;5151.5;5151.0;5179.0;5184.5;5176.5;5158.5;5153.5;5154.0;5155.0;357742;309559;429920;409949;323287;132872;123416;90851;77336;89250;88688;66487;29057;25693;1
2026-02-25;0.014943960149439602;1.3836805555555556;0.051845547321005596;0.8660254037844386;0.5000000000000001;-0.6234898018587337;0.7818314824680297;0.9749279121818236;-0.22252093395631434;196500;196660;194965;194525;194540;194640;195080;197760;196710;195625;194635;194795;195145;195115;195835;194660;194355;194060;194430;194490;194190;196660;194965;194525;194545;194645;195075;194310;2537212;2520331;2514403;1757535;1184878;1144876;1156955;1108598;941990;868068;582334;377116;352595;365561;5144.0;5127.5;5152.0;5156.0;5150.0;5141.5;5134.5;5146.5;5152.5;5159.5;5172.5;5151.0;5142.0;5137.0;5121.0;5126.5;5142.0;5149.5;5139.5;5128.5;5131.0;5128.0;5152.0;5156.5;5150.0;5141.0;5134.5;5131.5;574217;373193;411915;498861;260514;232727;128594;122134;93320;97712;104271;55020;48980;31547;0
2026-02-26;0.020814249363867686;0.08190709046454768;0.03445885599264167;0.8660254037844386;0.5000000000000001;-0.4338837391175575;0.9009688679024194;0.43388373911755823;-0.900968867902419;194005;194295;194240;193350;193370;193330;193295;194650;195035;194550;193540;194040;193665;193965;193815;193555;193050;192170;193230;193050;193220;194295;194240;193350;193375;193330;193300;193805;2755622;3019092;2750210;2697567;1670630;1388473;1305946;1070158;1091916;925534;882123;534746;429822;428073;5133.0;5130.5;5135.5;5147.5;5145.0;5155.5;5161.5;5144.5;5138.0;5155.0;5163.0;5158.5;5168.5;5161.5;5129.0;5123.0;5134.5;5141.0;5142.5;5154.0;5141.0;5130.5;5135.0;5147.0;5144.5;5155.0;5162.0;5142.5;323064;342466;457322;553582;253072;216401;221558;82449;87120;111027;121394;61428;52488;57135;1
2026-02-27;0.01476766062730342;0.6928446771378709;0.032187580575277576;0.8660254037844386;0.5000000000000001;-0.22252093395631464;0.9749279121818235;-0.433883739117558;-0.9009688679024191;194155;193615;193095;193065;193480;192800;192460;194300;193695;194200;193685;193695;193085;192890;192170;192520;192895;192830;192765;192255;192450;193620;193090;193065;193480;192800;192460;192845;2901830;2577155;2829201;2051391;1366387;1478518;1173650;389000;335008;333050;238200;155353;160790;124965;5180.5;5191.0;5206.0;5198.0;5169.5;5178.5;5178.5;5199.5;5212.0;5206.5;5199.5;5179.5;5183.5;5186.0;5176.0;5184.5;5185.5;5166.0;5164.0;5175.0;5176.0;5191.5;5206.0;5198.0;5169.5;5179.0;5178.5;5178.0;411321;490569;477846;478298;316901;184381;157397;32148;27631;24126;24121;14434;9645;9237;0
