datetime;label;cluster;retorno_total;volatilidade_total;posicao_fechamento;drawdown_maximo;runup_maximo;volume_medio_normalizado
2022-06-13;Lateral;2;-0.000243819183693373;0.009411420490564197;0.7772020725388601;0.007558394694494563;0.0018530257960696348;0.026701607612347737
2022-06-14;Super Venda;5;-0.008699455676516329;0.012927682737169518;0.21428571428571427;0.011469673405909799;0.00145800933125972;0.027920983516104884
2022-06-15;Venda;1;-0.005333207475929772;0.007740230319048518;0.25609756097560976;0.007315461582027563;0.00042476873702095523;0.02091551158699128
2022-06-17;Super Venda;5;-0.012723268901394667;0.018448739907022265;0.29708222811671087;0.01820406165891852;0.00024467824810374357;0.040328677194114454
2022-06-20;Super Compra;4;0.010420284821118444;0.013794472287004415;0.9784172661870504;0.0030764650424254456;0.010718007244578972;0.040371254729711994
2022-06-21;Venda;1;-0.003472052423101374;0.005770453322900875;0.17796610169491525;0.004498997505990513;0.0012714558169103624;0.039045577821631726
2022-06-22;Super Compra;4;0.009014842115748581;0.012650662416575356;0.8503937007874016;0.0017432015140950293;0.010907460902480327;0.0389004883932569
2022-06-23;Compra;0;0.0037580972160411413;0.008257924145774613;0.9760479041916168;0.004302032339415517;0.003955891806359096;0.039064257651440656
2022-06-24;Compra;0;0.003594787558040841;0.008986968895102102;0.40555555555555556;4.992760497278945e-05;0.008937041290129313;0.03896311178638506
2022-06-27;Compra;0;0.006663726787201725;0.006908716742613553;0.9787234042553191;9.799598216473124e-05;0.006810720760448821;0.03915900885571842
2022-06-28;Super Venda;5;-0.006461256569747818;0.011909928154684411;0.3360323886639676;0.01046337817638266;0.0014465499783017503;0.040252185918680336
2022-06-29;Venda;1;-0.0071949488522343496;0.00915275806372669;0.053475935828877004;0.007684401155107435;0.001468356908619255;0.04543875081137281
2022-06-30;Lateral;2;0.0005515996389529636;0.0075719586801725;0.847682119205298;0.005867014341590613;0.0017049443385818875;0.04018864986572522
2022-07-01;Venda;1;-0.0018102277869965304;0.011816764720671795;0.5914893617021276;0.008799718409010912;0.003017046311660884;0.043613613843467604
2022-07-04;Compra;0;0.0071668420788853805;0.009321906480228537;0.8333333333333334;0.0006014133213050669;0.008720493158923471;0.038283129792356214
2022-07-05;Compra;0;0.0004071454018016184;0.008804519313959997;0.2023121387283237;0.0013741157310804622;0.007430403582879536;0.04516229860623961
2022-07-06;Venda;1;-0.006200310015500775;0.010350517525876294;0.2463768115942029;0.008750437521876094;0.0016000800040002;0.041330142401114295
2022-07-07;Lateral;3;-0.0017648789096970292;0.004706343759192077;0.1875;0.0026473183645455436;0.002059025394646534;0.030867453340119377
2022-07-08;Compra;0;0.0037845276712867395;0.008109702152757298;0.793939393939394;0.0026540843409023885;0.00545561781185491;0.032692931300264086
2022-07-11;Lateral;3;-0.0034553558014923133;0.004857529170213831;0.21649484536082475;0.0045069858280334515;0.0003505433421803796;0.035826918769213435
2022-07-12;Compra;0;0.007824010567494792;0.009144947416552356;0.95;0.0008636894782299446;0.00828125793832241;0.03622310643305342
2022-07-13;Super Compra;4;0.009300444803881924;0.015365952284674484;0.9078947368421053;0.004650222401940962;0.010715729882733522;0.04502316813769777
2022-07-14;Lateral;2;-0.0008767858063850637;0.005312290473980092;0.8252427184466019;0.005260714838310383;5.157563566970963e-05;0.03562956878307501
2022-07-15;Super Compra;4;0.010332294911734164;0.011682242990654205;0.8888888888888888;5.1921079958463136e-05;0.011630321910695742;0.03584772369209041
2022-07-18;Lateral;2;0.0012616704516780217;0.005046681806712087;0.87;0.003128942720161494;0.001917739086550593;0.029312921515668947
2022-07-19;Compra;0;0.0005091908956667855;0.008707164315902032;0.39766081871345027;0.002953307194867356;0.005753857121034676;0.03833841083082387
2022-07-20;Compra;0;0.005340793489318413;0.009053916581892167;0.8370786516853933;0.0022380467955239063;0.00681586978636826;0.0319940545215314
2022-07-21;Venda;1;-0.00035523978685612787;0.00786602385181426;0.896774193548387;0.007409286982999239;0.00045673686881502157;0.038267516210691806
2022-07-22;Compra;0;0.005709134615384615;0.008463541666666666;0.9112426035502958;0.002003205128205128;0.006460336538461538;0.034596233719001286
2022-07-25;Lateral;3;-0.0011891195560620323;0.005549224594956151;0.45535714285714285;0.0037159986126938513;0.0018332259822622999;0.035038530288743236
2022-07-26;Venda;1;-0.00321082789962458;0.005730092867022327;0.4224137931034483;0.005631298162418494;9.879470460383324e-05;0.03828041185540307
2022-07-27;Lateral;2;0.0024808970923886078;0.005259501835863848;0.7641509433962265;0.0015381561972809368;0.0037213456385829114;0.03387079712944422
2022-07-28;Lateral;2;-0.0002451340883463254;0.004902681766926509;0.64;0.0033828504191792913;0.0015198313477472177;0.03648262473948731
2022-07-29;Lateral;2;0.003874279626132016;0.005617705457891423;0.8275862068965517;0.0007748559252264032;0.00484284953266502;0.03275914233821955
2022-08-01;Compra;0;0.00518310404960279;0.01051152877349351;0.8663594470046083;0.003923658205774075;0.006587870567719434;0.04731033577994349
2022-08-02;Super Compra;4;0.009107290702771149;0.015535966492962548;0.8996865203761756;0.004870208931963181;0.010665757560999366;0.0636334434808416
2022-08-03;Venda;1;-0.004906204906204906;0.007022607022607022;0.2945205479452055;0.006974506974506974;4.81000481000481e-05;0.04185137313940412
2022-08-04;Lateral;2;0.0005209319946959651;0.0035044516006819473;0.6621621621621622;0.0017995832544042433;0.0017048683462777042;0.036025559214095726
2022-08-05;Compra;0;0.005470868792668101;0.009632469840082297;0.8932038834951457;0.0031328906761432713;0.006499579163939026;0.041136559531962096
2022-08-08;Lateral;2;-0.0008300285898736512;0.0039195794521811305;0.7294117647058823;0.0036890159549940052;0.00023056349718712533;0.03511600707861774
2022-08-09;Venda;1;-0.0034932892075749218;0.007492186063614635;0.3067484662576687;0.005791505791505791;0.0017006802721088435;0.047150439081518156
2022-08-10;Compra;0;0.0030422739862870636;0.007219724833129002;0.9371069182389937;0.003723380102619988;0.0034963447305090133;0.04258953426918483
2022-08-11;Venda;1;-0.005168074779795075;0.005887111270896998;0.0916030534351145;0.005707352148121517;0.00017975912277548085;0.04619693728588316
2022-08-12;Lateral;3;-0.0022028412156087033;0.004585506203920158;0.23529411764705882;0.0032817838518252114;0.001303722352094947;0.03298999473804973
2022-08-15;Compra;0;0.0037066809574848162;0.007859949982136478;0.7784090909090909;0.002411575562700965;0.005448374419435513;0.036918135207145354
2022-08-16;Venda;1;-0.004058405752349023;0.008337377034717014;0.15343915343915343;0.005337685826459041;0.0029996912082579734;0.04315238114983283
2022-08-17;Lateral;3;0.00017328019407381737;0.00428868480332698;0.3333333333333333;0.001256281407035176;0.003032403396291804;0.03476612086559194
2022-08-18;Lateral;2;0.001295728415324148;0.004794195136699348;0.6396396396396397;0.0017708288342763356;0.003023366302423012;0.036213545569162016
2022-08-19;Venda;1;-0.003376748673420164;0.0065780818313379815;0.26666666666666666;0.005130903828443626;0.001447178002894356;0.037963832328485166
2022-08-22;Lateral;2;0.001115324559446799;0.005532009814856123;0.6854838709677419;0.0026767789426723177;0.0028552308721838055;0.04436559625103088
2022-08-23;Lateral;2;0.0019332161687170475;0.004349736379613357;0.5151515151515151;0.00030755711775043936;0.0040421792618629175;0.03510926952744823
2022-08-24;Lateral;2;0.002039399461945674;0.004512713703028725;0.6057692307692307;0.0006942636466198039;0.003818450056408921;0.03555331586895911
2022-08-25;Venda;1;-0.0017791277934476025;0.005684530266869169;0.3282442748091603;0.0036450423085267955;0.0020394879583423738;0.04402174733870833
2022-08-26;Super Venda;5;-0.0060274923030224185;0.010016911669051646;0.329004329004329;0.009323099605394389;0.0006938120636572568;0.05593267387397105
2022-08-29;Lateral;2;0.003336113427856547;0.0057065098108072514;0.6384615384615384;0.00030727360519731354;0.005399236205609938;0.03574080358025406
2022-08-30;Venda;1;-0.0016322569260631727;0.006970178224810305;0.5506329113924051;0.005470266454914417;0.0014999117698958884;0.046976172972593766
2022-08-31;Compra;0;4.448794376723908e-05;0.00676216745262034;0.2894736842105263;0.0019129815819912803;0.00484918587062906;0.05090189648664311
2022-09-01;Venda;1;-0.005162342073087895;0.006475569442557624;0.06293706293706294;0.005569895394647467;0.0009056740479101572;0.044027399027523374
2022-09-02;Super Compra;4;0.012923351158645277;0.015285204991087344;0.9096209912536443;0.000980392156862745;0.0143048128342246;0.040972412670111716
2022-09-05;Lateral;3;-0.002719894713753016;0.005132704540469401;0.42735042735042733;0.004913358192586093;0.00021934634788330776;0.031559336145228
2022-09-06;Compra;0;0.002252150804017837;0.006351065267330301;0.8439716312056738;0.003107968109544615;0.0032430971577856855;0.04455083250075777
2022-09-08;Venda;1;-0.006209515300424392;0.00862184498548135;0.25906735751295334;0.008443153897699352;0.00017869108778199687;0.05028653799149128
2022-09-09;Lateral;2;0.004072778786134845;0.005179512151932356;0.8461538461538461;0.0003098853424233034;0.004869626809509053;0.032830254723967875
2022-09-12;Venda;1;-0.005157990550908066;0.00563477959342898;0.06923076923076923;0.005548090676606996;8.66889168219843e-05;0.032060772763140954
2022-09-13;Venda;1;-0.0037471345441721037;0.008420031740433785;0.03664921465968586;0.00405572209486863;0.004364309645565156;0.04934317068220097
2022-09-14;Venda;1;-0.0017364976178814728;0.00739124627098268;0.6867469879518072;0.006812413731688855;0.0005788325392938243;0.046293239150612335
2022-09-15;Super Venda;5;-0.01339764201500536;0.014469453376205787;0.018518518518518517;0.013665594855305467;0.0008038585209003215;0.049733104541875496
2022-09-16;Compra;0;0.0031041723728658815;0.008171277275632247;0.39106145251396646;9.129918743723181e-05;0.008079978088195015;0.045041397937224226
2022-09-19;Super Compra;4;0.00953808420765772;0.012263251124131354;0.937037037037037;0.0019530362901394377;0.010310214833991915;0.047969977562046066
2022-09-20;Compra;0;0.0020866631148996626;0.006126798082045818;0.5;0.0009767359261232463;0.005150062155922571;0.04221841863579835
2022-09-21;Lateral;3;-0.0027476179924662085;0.006337247950365611;0.09090909090909091;0.003323731442499446;0.0030135165078661644;0.037016574233247904
2022-09-22;Venda;1;-0.002209163610657005;0.0057880086599213535;0.25190839694656486;0.003667211593690629;0.002120797066230725;0.04335011829662064
2022-09-23;Venda;1;-0.003613329169826471;0.006691350314493465;0.22666666666666666;0.0051300352411116565;0.0015613150733818084;0.0362184081801971
2022-09-26;Venda;1;-0.005828289621161175;0.0095045953822013;0.20754716981132076;0.007800941492938803;0.0017036538892624973;0.04919054407854614
2022-09-27;Compra;0;0.001226269415932419;0.008856390226178582;0.6717948717948717;0.004723408120628577;0.004132982105550005;0.04406021470394925
2022-09-28;Lateral;2;0.0017452006980802793;0.007118581794801139;0.7290322580645161;0.003444475062000551;0.003674106732800588;0.03978829395383199
2022-09-29;Compra;0;0.004994631937637119;0.010642767119451058;0.9824561403508771;0.00546141996919199;0.0051813471502590676;0.0405329016944061
2022-09-30;Lateral;2;0.002793040293040293;0.006593406593406593;0.8263888888888888;0.002655677655677656;0.003937728937728938;0.03477581693322112
2022-10-03;Super Compra;4;0.009903149812407294;0.011037431288718261;0.924901185770751;0.00030538347439141433;0.010732047814326847;0.04348709338357598
2022-10-04;Lateral;3;-0.0009788067069537833;0.006851646948676483;0.422360248447205;0.0038726700144693167;0.0029789769342071664;0.038547832762897784
2022-10-05;Venda;1;-0.00413610779464438;0.007163568139177895;0.4166666666666667;0.00712092785263517;4.264028654272557e-05;0.037007320657022405
2022-10-06;Venda;1;-0.00429980608717646;0.007334963325183374;0.39655172413793105;0.0072084984402664195;0.00012646488491695472;0.03770323183532356
2022-10-07;Lateral;2;-0.0010616612875828095;0.006200101919483608;0.7191780821917808;0.005520638695430609;0.0006794632240529981;0.03218406451434002
2022-10-10;Lateral;3;-0.0021932653851115987;0.005547671268223455;0.3333333333333333;0.0040424891411860835;0.0015051821270373716;0.032271964303054505
2022-10-11;Lateral;2;0.0;0.006683157574968537;0.5324675324675324;0.003558564423035195;0.003124593151933342;0.0398220297710791
2022-10-13;Lateral;2;0.0004328816934331847;0.006666378078871045;0.7662337662337663;0.004675122289078395;0.0019912557897926496;0.0365889798146035
2022-10-14;Super Venda;5;-0.0070280694236125995;0.012427683736875937;0.3310344827586207;0.011142061281337047;0.0012856224555388902;0.04744822098462743
2022-10-17;Compra;0;0.004556896102768857;0.006857043659404566;0.930379746835443;0.0018227584411075427;0.005034285218297023;0.03774466794773257
2022-10-18;Venda;1;-0.00446979694351028;0.008684176918819973;0.2647058823529412;0.006768549657315568;0.0019156272615044058;0.041742208990649975
2022-10-19;Compra;0;0.001700174267862456;0.007140731925022315;0.375;0.000977600204020912;0.006163131721001402;0.04217130591368536
2022-10-20;Compra;0;0.004965285083105407;0.005764780138859667;0.9562043795620438;0.000547022932884494;0.0052177572059751735;0.042587534252740374
2022-10-21;Compra;0;0.002210728288979728;0.004921998832068074;0.5084745762711864;0.0002919829815633603;0.004630015850504713;0.04390011434502709
2022-10-24;Venda;1;-0.0014639451229713904;0.005813953488372093;0.7122302158273381;0.005604818470804751;0.00020913501756734148;0.04804209120339216
2022-10-25;Compra;0;0.001107797187899446;0.007158074137196421;0.4107142857142857;0.001832126118449084;0.005325948018747337;0.03794547804524315
2022-10-26;Compra;0;0.0013926364348507269;0.006223344068239186;0.23076923076923078;4.3519888589085215e-05;0.0061798241796501;0.03956178822278375
2022-10-27;Venda;1;-0.0036748811067877215;0.009727626459143969;0.28;0.006398616515348033;0.003329009943795936;0.04556445265970293
2022-10-28;Super Venda;5;-0.004655172413793103;0.012112068965517241;0.41637010676156583;0.009698275862068966;0.002413793103448276;0.04241124656712034
2022-10-31;Venda;1;-0.003313931257169563;0.01321323873050941;0.2572347266881029;0.006712835110676807;0.006500403619832604;0.04459647884867551
2022-11-01;Super Compra;4;0.002504563399414187;0.015366982213354842;0.5994475138121547;0.006707135883176975;0.008659846330177867;0.044435182541675125
2022-11-03;Super Compra;4;0.010104902590451723;0.014429458360094198;0.9525222551928784;0.003639477627916934;0.010789980732177264;0.03988885003027243
2022-11-04;Super Compra;4;0.008692035766271575;0.013308380120607194;0.928125;0.0036598045331669785;0.009648575587440216;0.041973099697718806
2022-11-07;Super Venda;5;-0.01583644057145251;0.021534207549541245;0.11867704280155641;0.018392056642507017;0.0031421509070342283;0.04760177137598565
2022-11-08;Lateral;3;-0.002264860476048032;0.0066236485620272635;0.07741935483870968;0.00277765907439853;0.003845989487628734;0.039729065516832286
2022-11-09;Lateral;2;0.0010276612143530015;0.006208786503382718;0.5379310344827586;0.002312237732294254;0.0038965487710884645;0.036645949900742526
2022-11-10;Super Venda;5;-0.01248671625929862;0.025460503010981225;0.29739130434782607;0.020058448459086078;0.005402054551895147;0.04935737856215421
2022-11-11;Venda;1;-0.0017852360974738909;0.009997322145853789;0.5535714285714286;0.007319467999642953;0.0026778541462108363;0.03478314133729217
2022-11-14;Venda;1;-0.004353370564179236;0.010509652170089267;0.20502092050209206;0.006508069126247747;0.004001583043841519;0.04213237426399432
2022-11-16;Venda;1;-0.004821942048219421;0.00871488608714886;0.2639593908629442;0.007122318071223181;0.0015925680159256802;0.05226173630781996
2022-11-17;Compra;0;0.004746981288598027;0.01138353765323993;0.728744939271255;0.0035487141672043507;0.00783482348603558;0.04382116366677517
2022-11-18;Super Venda;5;-0.01495992876224399;0.021193232413178983;0.21638655462184875;0.01954585930543188;0.0016473731077471059;0.05102014781459589
2022-11-21;Super Venda;5;-0.011221776555951147;0.012708999954932625;0.0673758865248227;0.012078056694758664;0.0006309432601739601;0.0462029377898671
2022-11-22;Super Venda;5;-0.004154624277456647;0.01300578034682081;0.3854166666666667;0.009167268786127168;0.0038385115606936414;0.04669315844464871
2022-11-23;Compra;0;0.0020635575732562937;0.005915531710001375;0.5736434108527132;0.0013298482138762782;0.004585683496125098;0.04409977591950552
2022-11-24;Super Compra;4;0.014600513721779099;0.01734937587310171;0.9064935064935065;0.0011265828489027082;0.016222793024199;0.05102419541956805
2022-11-25;Venda;1;-0.00367745986187102;0.00690644900887972;0.19480519480519481;0.0050228720064579785;0.0018835770024217418;0.03732579508854931
2022-11-28;Compra;0;0.0023750799305745866;0.007627660546268384;0.7485029940119761;0.0033342468256143233;0.00429341372065406;0.04152854037639034
2022-11-29;Super Compra;4;0.013292201605952002;0.01605952002903416;0.9067796610169492;0.0012702445220704986;0.014789275506963661;0.04671056101366304
2022-11-30;Compra;0;0.004869332142059415;0.006745588563770382;0.8278145695364238;0.0007147643511279875;0.006030824212642395;0.04403159157145172
2022-12-01;Compra;0;0.0038423733357162006;0.005808238763291931;0.8307692307692308;0.0009829327137878653;0.0048253060495040655;0.039899778538574085
2022-12-02;Super Compra;4;0.023553162853297442;0.02503364737550471;0.9551971326164874;0.0003589053387169134;0.024674742036787798;0.05810676772945736
2022-12-05;Venda;1;-0.007403419033517297;0.008390541571319604;0.0481283422459893;0.007807241889890968;0.0005832996814286355;0.04153096956778585
2022-12-06;Compra;0;0.003218786834708496;0.008386979780578474;0.6972972972972973;0.0026294314987759543;0.005757548281802521;0.044406091061024625
2022-12-07;Venda;1;-0.0010436992331079547;0.007305894631755684;0.7080745341614907;0.006216817171121296;0.0010890774606343875;0.04467030585807799
2022-12-08;Lateral;2;0.0003205128205128205;0.0052197802197802195;0.8859649122807017;0.004304029304029304;0.0009157509157509158;0.0427799410755568
2022-12-09;Compra;0;0.0058615556382582805;0.00902493487160402;0.6649484536082474;0.00013956084852995905;0.00888537402307406;0.03329932735558121
2022-12-12;Super Venda;5;-0.011425049777187826;0.018062008153977436;0.26246719160104987;0.016165734332037548;0.001896273821939888;0.05270977636168198
2022-12-13;Compra;0;-0.00014168319637291018;0.012090299423821668;0.48828125;0.006045149711910834;0.006045149711910834;0.043774269047085035
2022-12-14;Super Venda;5;-0.009668047816354717;0.0110015716530933;0.05627705627705628;0.010287183883411917;0.000714387769681383;0.0455856483505503
2022-12-15;Super Compra;4;0.008436233386747101;0.016495428409840703;0.6314285714285715;0.001979451409180884;0.014515977000659817;0.04465860073564017
2022-12-16;Venda;1;-0.00166073546856465;0.009679715302491104;0.6862745098039216;0.00830367734282325;0.0013760379596678529;0.04279051522213699
2022-12-19;Compra;0;0.0010452796122962893;0.010072694445764242;0.45754716981132076;0.0035634532237373497;0.006509241222026892;0.04183991677602489
2022-12-20;Super Compra;4;0.0074685353372366415;0.010280761606196119;0.7713004484304933;0.00046102069982942236;0.009819740906366696;0.05079752407256346
2022-12-21;Compra;0;0.0036944675348665372;0.011729934423201256;0.7165354330708661;0.004710446106954835;0.007019488316246421;0.044670141763585185
2022-12-22;Compra;0;-0.0009617145997435428;0.012960249129877267;0.19081272084805653;0.0034346949990840814;0.009525554130793186;0.04720857070271167
2022-12-23;Compra;0;0.003795066413662239;0.007996747085931146;0.5932203389830508;0.0009487666034155598;0.007047980482515587;0.033452170277768915
2022-12-26;Lateral;2;0.001087498300783905;0.007023426525896053;0.6774193548387096;0.0036703067651456794;0.0033531197607503736;0.02444266147490423
2022-12-27;Lateral;2;0.0029763267548880445;0.006868446357433948;0.7;0.0018315856953157197;0.005036860662118229;0.03304645018056048
2022-12-28;Lateral;3;-0.00013451105232479936;0.006860063668564767;0.3660130718954248;0.002645384029054387;0.004214679639510379;0.04358094624316458
2022-12-29;Venda;1;-0.0040019565120725685;0.0076481835564053535;0.27325581395348836;0.006091867135043799;0.0015563164213615545;0.03985527266760206
2023-01-02;Venda;1;-0.0021296296296296298;0.00800925925925926;0.5838150289017341;0.006805555555555555;0.0012037037037037038;0.030383921213139438
2023-01-03;Compra;0;0.0025693730729701952;0.012146127254040923;0.6346153846153846;0.0051387461459403904;0.007007381108100533;0.0499923131514939
2023-01-04;Venda;1;-0.000992063492063492;0.006708238851095994;0.6619718309859155;0.005432728647014361;0.0012755102040816326;0.049321430082283235
2023-01-05;Compra;0;0.00560878709978967;0.008787099789670483;0.7446808510638298;0.0009347978499649451;0.007852301939705538;0.04755760780087094
2023-01-06;Super Venda;5;-0.010183299389002037;0.011676849966055669;0.06976744186046512;0.010997963340122199;0.0006788866259334691;0.04227177849743534
2023-01-09;Compra;0;0.0006375227686703097;0.006375227686703097;0.44285714285714284;0.002185792349726776;0.004189435336976321;0.04624677415822403
2023-01-10;Compra;0;0.005728053825521662;0.008864845206164478;0.6666666666666666;0.00018184297858798927;0.008683002227576488;0.0590891750347421
2023-01-11;Compra;0;0.0033862056674389593;0.006906077348066298;0.8258064516129032;0.0023168775619319196;0.0045891997861343785;0.05130215989388055
2023-01-12;Venda;1;-0.0066442239546420975;0.00947909284195606;0.17757009345794392;0.008327427356484762;0.001151665485471297;0.0501340127763029
2023-01-13;Compra;0;0.0017416156834725138;0.008440137542982182;0.6825396825396826;0.004019113115705801;0.004421024427276381;0.04067659075842216
2023-01-16;Venda;1;-0.004730155869898189;0.009595459050364897;0.460093896713615;0.0091449680151365;0.00045049103522839894;0.04519418104670802
2023-01-17;Compra;0;0.004090439160336225;0.006967231536836428;0.8064516129032258;0.0015282959500157324;0.005438935586820695;0.04482124746138052
2023-01-18;Lateral;3;-0.0003517720517104916;0.00545246680151262;0.27419354838709675;0.001846803271480081;0.003605663530032539;0.044398043668906276
2023-01-19;Lateral;3;-0.0021651716671821837;0.006672263709071627;0.15894039735099338;0.003225663912332641;0.0034465997967389863;0.03727903812970072
2023-01-20;Lateral;2;0.0017294133297858188;0.005498647510088245;0.6532258064516129;0.001862445124384728;0.0036362023857035163;0.03158142488115294
2023-01-23;Venda;1;-0.0015419860780685522;0.008150497841219491;0.7567567567567568;0.007709930390342762;0.00044056745087672923;0.04181876546077019
2023-01-24;Lateral;3;-0.0012846637724816161;0.007973775139541065;0.022222222222222223;0.0014618587755825287;0.0065119163639585365;0.04464038248040257
2023-01-25;Venda;1;-0.0022090660068922858;0.005920296898471326;0.373134328358209;0.0044181320137845715;0.0015021648846867545;0.03966991941117371
2023-01-26;Venda;1;-0.0029561361561535452;0.009129244011650654;0.24285714285714285;0.005173238273268704;0.0039560057383819505;0.04638323745964867
2023-01-27;Super Venda;5;-0.00765998424231813;0.010330035892497593;0.22033898305084745;0.009936093845749804;0.00039394204674778955;0.03834277137861871
2023-01-30;Venda;1;-0.004240469985423385;0.005388930606475551;0.040983606557377046;0.0044613277971641855;0.0009276028093113653;0.03945114557577585
2023-01-31;Compra;0;0.003658966672544525;0.005951331334861577;0.6148148148148148;0.0;0.005951331334861577;0.0388364372946551
2023-02-01;Venda;1;-0.004422626155411083;0.0061474503560214055;0.11510791366906475;0.005130246340276857;0.0010172040157445492;0.03838699113772041
2023-02-02;Super Venda;5;-0.010223048327137546;0.012789874314037882;0.10380622837370242;0.011550716941051514;0.0012391573729863693;0.04415965843369539
2023-02-03;Compra;0;0.003860302466052046;0.008401834779054453;0.518918918918919;0.0004995685544302648;0.007902266224624189;0.041817622695131014
2023-02-06;Venda;1;-0.001662280094195872;0.007203213741515445;0.3974358974358974;0.004525095811977652;0.0026781179295377938;0.049241067587655285
2023-02-07;Venda;1;-0.002846779007300611;0.00812709490793884;0.4124293785310734;0.006198631709444878;0.001928463198493962;0.044627538238653855
2023-02-08;Compra;0;0.003535678207365231;0.009413169253374966;0.7268292682926829;0.0033060887133804758;0.00610708053999449;0.05010977429307565
2023-02-09;Super Venda;5;-0.012709364077890245;0.013571785211747083;0.023411371237458192;0.013027098179837502;0.0005446870319095819;0.050868488914844544
2023-02-10;Venda;1;-0.004190651623301865;0.007183974211374626;0.28846153846153844;0.006262951876583007;0.0009210223347916187;0.03652766499844859
2023-02-13;Super Compra;4;0.013459574863083634;0.01615148983570036;0.9597701149425287;0.002042142393019586;0.014109347442680775;0.053418585405692574
2023-02-14;Compra;0;0.0029830197338228544;0.00770995869664984;0.9761904761904762;0.004543368517668655;0.003166590178981184;0.04609190244183982
2023-02-15;Super Compra;4;0.006972610855398077;0.01098300141275122;0.6929460580912863;0.000638016679578909;0.01034498473317231;0.03549804071413447
2023-02-16;Venda;1;-0.006172005225931432;0.009956300400955085;0.20361990950226244;0.008199306212551246;0.0017569941884038383;0.04087158018747454
2023-02-17;Venda;1;-0.0025160623624028394;0.006874241811564901;0.43137254901960786;0.005481421575234758;0.0013928202363301433;0.04090347855319574
2023-02-23;Compra;0;0.005934989043097152;0.007989408327246166;0.7771428571428571;0.0002739225712198685;0.0077154857560262965;0.04947153413076158
2023-02-24;Super Venda;5;-0.007723427730783376;0.010159985288709084;0.14027149321266968;0.009148584038249356;0.001011401250459728;0.04773525129559485
2023-02-27;Lateral;2;0.0006059758541928868;0.004941033888034308;0.8490566037735849;0.003589241597911714;0.0013517922901225936;0.04918129833233918
2023-02-28;Super Venda;5;-0.008883953359244865;0.011845271145659819;0.1484375;0.010642235794928743;0.0012030353507310753;0.058633005788258266
2023-03-01;Super Venda;5;-0.007503539405379896;0.011137328928739972;0.08898305084745763;0.008494572911750826;0.0026427560169891458;0.06459724519071205
2023-03-02;Super Venda;5;-0.005751461436922497;0.011785781633037904;0.352;0.00990005657175184;0.0018857250612860645;0.06634571921063798
2023-03-03;Compra;0;0.00547514759093506;0.007998476480670348;0.9345238095238095;0.001999619120167587;0.005998857360502761;0.058031463078420865
2023-03-06;Compra;0;0.0022953328232593728;0.006312165263963275;0.7424242424242424;0.0023909716908951796;0.003921193573068095;0.052024128118601465
2023-03-07;Venda;1;-0.0038203943024242995;0.004905197622865768;0.057692307692307696;0.004103386472974248;0.0008018111498915197;0.04875231633734007
2023-03-08;Compra;0;0.007279729475859478;0.009768927296637234;0.8605769230769231;0.0011271839188427579;0.008641743377794477;0.05353110292088281
2023-03-09;Venda;1;-0.0026045300218594486;0.005674154690479513;0.00819672131147541;0.00265103948653551;0.0030231152039440026;0.060563550777032224
2023-03-10;Compra;0;0.0026176764551901384;0.007615058778734948;0.875;0.0040454999762029415;0.003569558802532007;0.06152175680713995
2023-03-13;Super Compra;4;0.00870987921659208;0.010730956161878639;0.9775784753363229;0.00178047254703816;0.00895048361484048;0.06086098570394644
2023-03-14;Venda;1;-0.0032014525993883792;0.008218654434250764;0.023255813953488372;0.003392584097859327;0.004826070336391437;0.04365892510552607
2023-03-15;Venda;1;-0.0007357268981753973;0.00799489896017265;0.4662576687116564;0.004463409848930743;0.003531489111241907;0.04521148055545828
2023-03-16;Venda;1;-0.002591419522027066;0.010365678088108263;0.6481481481481481;0.009309914579134274;0.0010557635089739898;0.04246416210812892
2023-03-17;Venda;1;-0.003108606955508063;0.007285797551972023;0.38;0.0058772100252574315;0.001408587526714591;0.028652240619012618
2023-03-20;Lateral;2;0.00166267299134432;0.008264462809917356;0.8106508875739645;0.005036921120837205;0.0032275416890801506;0.035199836930940004
2023-03-21;Venda;1;-0.0015170051382432102;0.006802055297284071;0.697841726618705;0.006263763151455835;0.0005382921458282359;0.03726323596765032
2023-03-22;Lateral;2;0.002716854376605414;0.003704801422643746;0.8666666666666667;0.0004939735230191662;0.00321082789962458;0.027920031031144103
2023-03-23;Super Venda;5;-0.007366027288906466;0.01107375914573858;0.29464285714285715;0.010628831322918727;0.00044492782281985367;0.03947262650604534
2023-03-24;Lateral;2;0.0002532414910858995;0.008205024311183143;0.654320987654321;0.00511547811993517;0.003089546191247974;0.03662744232339837
2023-03-27;Compra;0;0.0021551724137931034;0.007818765036086608;0.2948717948717949;0.0001503608660785886;0.007668404170008019;0.03610320699588222
2023-03-28;Compra;0;0.0047043676339506785;0.007725066851540062;0.6217948717948718;9.903931860948797e-05;0.0076260275329305734;0.03627895749956883
2023-03-29;Lateral;3;0.0004915454187966968;0.005603617774282344;0.40350877192982454;0.0017695635076681085;0.003834054266614235;0.03255813703412659
2023-03-30;Super Venda;5;-0.004612280196021909;0.010521764197174979;0.5114155251141552;0.009993273758047467;0.0005284904391275103;0.05153249944403294
2023-03-31;Lateral;3;-0.004044878894399769;0.00645254490297106;0.05970149253731343;0.004430105455771175;0.0020224394471998843;0.032512501188055626
2023-04-03;Lateral;2;0.001880164266983326;0.005937360843105239;0.6416666666666667;0.001929642274009203;0.004007718569096037;0.039418545451566527
2023-04-04;Compra;0;0.0014178155861934096;0.01026694045174538;0.1380952380952381;0.0;0.01026694045174538;0.050406954130387586
2023-04-05;Super Venda;5;-0.008988542078229949;0.013976689055709205;0.19434628975265017;0.011704859739233504;0.0022718293164757015;0.05743880240537232
2023-04-06;Lateral;2;0.001935868162414375;0.005162315099771666;0.40384615384615385;0.00014891293557033655;0.005013402164201331;0.03739330542383078
2023-04-10;Lateral;3;-0.0008340692768128741;0.0034834658031596506;0.4507042253521127;0.0024040820331665195;0.0010793837699931313;0.03501554687329582
2023-04-11;Compra;0;0.004102466250059629;0.009015885130945;0.49206349206349204;0.0003339216715164814;0.008681963459428517;0.043597151388960045
2023-04-12;Venda;1;-0.0031195522525002293;0.007753004862831452;0.26627218934911245;0.0051839618313606756;0.002569043031470777;0.036019926790098064
2023-04-13;Venda;1;-0.003260470242468773;0.005372887582659809;0.11965811965811966;0.0039033798677443055;0.0014695077149155032;0.04081457949006741
2023-04-14;Venda;1;-0.003048358043508383;0.006004341600849845;0.43846153846153846;0.005681030899265623;0.00032331070158422246;0.03819630612385009
2023-04-17;Venda;1;-0.004791081218040264;0.00709448564979039;0.2792207792207792;0.006772009029345372;0.0003224766204450177;0.0350392374780833
2023-04-18;Compra;0;0.003058812624553923;0.007647031561384808;0.8363636363636363;0.0033368864995133706;0.004310145061871437;0.03966787542224215
2023-04-19;Lateral;2;0.004295086609713504;0.005947042998064851;0.8015873015873016;0.00047198753952895644;0.0054750554585358945;0.03432685046092899
2023-04-20;Compra;0;0.004455821008722032;0.008485020857034509;0.5865921787709497;0.000521425862722791;0.007963594994311717;0.03967208071108588
2023-04-24;Compra;0;-0.0004724335049841735;0.00784239618273728;0.03614457831325301;0.0007558936079746775;0.007086502574762602;0.04359658280630348
2023-04-25;Lateral;3;-0.0012441977317318275;0.005216059721491123;0.3302752293577982;0.002966933052591281;0.002249126668899842;0.03604208667365704
2023-04-26;Lateral;2;0.0007184252119354375;0.0050768714976770915;0.7735849056603774;0.003208965946644954;0.0018679055510321375;0.040157979479804415
2023-04-27;Lateral;3;-0.00019193857965451057;0.005758157389635317;0.13333333333333333;0.0009596928982725527;0.0047984644913627635;0.034727633900277124
2023-04-28;Super Compra;4;0.006380733064670889;0.015112262521588947;0.5111111111111111;0.0013433122241412398;0.013768950297447707;0.04312193760818306
2023-05-02;Venda;1;-0.003997880641587592;0.0068879148403256105;0.3006993006993007;0.0060690718173498385;0.0008188430229757719;0.04839520717716621
2023-05-03;Lateral;2;0.0031593273063089335;0.0051035287255759695;0.8952380952380953;0.0014095460289686012;0.0036939826966073683;0.04257307120616294
2023-05-04;Venda;1;-0.006230379135474523;0.007824197053851727;0.16049382716049382;0.007486114465105047;0.0003380825887466795;0.052834060153007414
2023-05-05;Lateral;2;0.002686882256981096;0.005709624796084829;0.865546218487395;0.002255061894251991;0.0034545629018328376;0.03363210158330005
2023-05-08;Lateral;2;0.00395882818685669;0.00661357179451353;0.9788732394366197;0.0025150202598854267;0.004098551534628103;0.03805201529662343
2023-05-09;Compra;0;0.0023176045239640306;0.004913321590803745;0.5943396226415094;0.000602577176230648;0.004310744414573097;0.04535157468117964
2023-05-10;Lateral;3;-0.001200812857934602;0.004987991871420654;0.21296296296296297;0.002263070386107519;0.002724921485313135;0.0453065517652758
2023-05-11;Compra;0;0.00046193643754619364;0.006374722838137472;0.4782608695652174;0.0025868440502586844;0.003787878787878788;0.04346145741122648
2023-05-12;Lateral;2;-0.0005923900660742766;0.0048302574618364095;0.5849056603773585;0.003417634996582365;0.0014126224652540442;0.036516988855574105
2023-05-15;Lateral;3;-0.0013204024951054046;0.0038246141237535856;0.38095238095238093;0.002777398351773437;0.0010472157719801484;0.03264366659290953
2023-05-16;Super Venda;5;-0.00984579418243942;0.011014701254327203;0.09387755102040816;0.010879827361417075;0.00013487389291012904;0.04568339871408521
2023-05-17;Lateral;3;-0.0006354970494779846;0.003949160236041761;0.22988505747126436;0.0015433499773036769;0.0024058102587380843;0.03685970288709607
2023-05-18;Compra;0;-9.091322332833311e-05;0.007091231419609982;0.3525641025641026;0.0025910268648574935;0.004500204554752489;0.04430644830994358
2023-05-19;Lateral;2;0.0033721505327997843;0.006294680994559597;0.9142857142857143;0.0023829863765118474;0.0039116946180477495;0.03067861888370941
2023-05-22;Lateral;2;0.0014380729822038468;0.004314218946611541;0.6875;0.0015279525435915873;0.0027862664030199533;0.03434817114436232
2023-05-23;Lateral;2;0.0037720598140913377;0.005927522565000673;0.8560606060606061;0.001302258745341057;0.004625263819659616;0.0372887837618037
2023-05-24;Lateral;2;0.0031465183090884216;0.005335400611062976;0.6410256410256411;0.0002736102877468193;0.005061790323316157;0.032006430302452114
2023-05-25;Lateral;2;0.0020269357236160535;0.007161839556776722;0.9937106918238994;0.005089860817080311;0.00207197873969641;0.036760339097207766
2023-05-26;Venda;1;-0.004502496433666191;0.006597717546362339;0.07432432432432433;0.004992867332382311;0.0016048502139800285;0.033633660586702877
2023-05-29;Lateral;2;0.00207197873969641;0.0038736993829106797;0.9883720930232558;0.0017566776271339128;0.002117021755776767;0.02078363946782355
2023-05-30;Venda;1;-0.005811313901752474;0.00789975483519477;0.13218390804597702;0.006855534368473622;0.0010442204667211478;0.03991880573423879
2023-05-31;Lateral;3;-0.0011910215300045808;0.005267979844251031;0.2608695652173913;0.002565277141548328;0.002702702702702703;0.04012478637273945
2023-06-01;Compra;0;0.00618783517440528;0.008892148324700921;0.9278350515463918;0.00206261172480176;0.006829536599899161;0.03825041891624294
2023-06-02;Lateral;2;4.422430567840085e-05;0.0037148416769856715;0.6785714285714286;0.0024765611179904477;0.0012382805589952238;0.026382190520336597
2023-06-05;Venda;1;-0.001152124783976603;0.009039748305047193;0.6862745098039216;0.007355873620773696;0.0016838746842734967;0.04525247072659401
2023-06-06;Lateral;2;0.004481349677079215;0.004964632485391679;0.9026548672566371;0.0;0.004964632485391679;0.03709346948799892
2023-06-07;Venda;1;-0.004265770423991727;0.00749741468459152;0.21264367816091953;0.005860048259220959;0.0016373664253705618;0.03808495828671142
2023-06-09;Compra;0;0.005776636713735558;0.008729139922978177;0.6911764705882353;0.00025673940949935817;0.008472400513478818;0.04431614340616619
2023-06-12;Lateral;2;0.003927595628415301;0.004909494535519126;0.8869565217391304;0.0004269125683060109;0.0044825819672131145;0.03649277395996714
2023-06-13;Lateral;2;0.0011914893617021277;0.005957446808510639;0.8357142857142857;0.0037872340425531914;0.0021702127659574467;0.039996066703477086
2023-06-14;Lateral;2;0.001283750207056485;0.0035613715421567004;0.7906976744186046;0.0015322179890674176;0.002029153553089283;0.03463272435084672
2023-06-15;Lateral;2;0.0022601191699198686;0.00521882062872406;0.5196850393700787;0.0004520238339839737;0.0047667967947400865;0.03205996524725227
2023-06-16;Lateral;3;0.0011102886750555144;0.0044411547002220575;0.37037037037037035;0.0005345834361378403;0.003906571264084217;0.038525800041288735
2023-06-19;Lateral;2;0.0041563786008230455;0.004897119341563786;0.907563025210084;0.0002880658436213992;0.004609053497942387;0.03966974031409727
2023-06-20;Venda;1;-0.005182412701024143;0.007609098013408464;0.23243243243243245;0.0069510138608974625;0.0006580841525110024;0.048190173188855864
2023-06-21;Lateral;2;0.0012717426977354774;0.0058664259927797835;0.6923076923076923;0.002789629143419757;0.0030767968493600265;0.044600755459901276
2023-06-22;Lateral;3;-0.002642553367191048;0.004748338081671415;0.17391304347826086;0.003468351294438251;0.001279986787233164;0.04024467386887238
2023-06-23;Lateral;2;0.0013671389510315685;0.005592841163310962;0.8074074074074075;0.0031485624326787636;0.0024442787306321982;0.04275539288780914
2023-06-26;Venda;1;-0.006249482658720305;0.007863587451369919;0.15789473684210525;0.007491101729989239;0.00037248572138068043;0.045338594989409016
2023-06-27;Venda;1;-0.005514245133260924;0.008062494778176957;0.11398963730569948;0.006433285988804411;0.0016292087893725457;0.049945984198737615
2023-06-28;Lateral;2;0.00041890080428954424;0.003560656836461126;0.7058823529411765;0.0020945040214477213;0.0014661528150134047;0.03411552404065679
2023-06-29;Lateral;2;-0.0008779264214046823;0.004138795986622074;0.6161616161616161;0.00342809364548495;0.0007107023411371238;0.031067528069163918
2023-06-30;Lateral;3;-0.000454451559595125;0.006403635612476761;0.4838709677419355;0.003552984920470977;0.002850650692005784;0.038828248077722956
2023-07-03;Lateral;2;0.0024352994592809676;0.0038799686300408634;0.6914893617021277;0.0002476575721302679;0.0036323110579105956;0.03655188073311981
2023-07-04;Lateral;3;-0.0004958472790380563;0.005702243708937647;0.2753623188405797;0.0020660303293252346;0.003636213379612413;0.04502000680492367
2023-07-05;Compra;0;0.00265065230896666;0.0072064609650031065;0.4482758620689655;0.0005798301925864568;0.006626630772416649;0.04304441518158589
2023-07-06;Venda;1;-0.005940179878686468;0.006776824932022589;0.04938271604938271;0.006274837900020916;0.0005019870320016733;0.04329582231359227
2023-07-07;Lateral;3;0.0002910360884749709;0.00681855978712789;0.20121951219512196;0.0010809911857641776;0.005737568601363712;0.03295352583326717
2023-07-10;Lateral;3;0.00087576629550857;0.004045206222111014;0.4329896907216495;0.00087576629550857;0.0031694399266024437;0.033990212019309365
2023-07-11;Lateral;2;0.0025107451380909826;0.004383165241074088;0.7184466019417476;0.0006383250351078769;0.0037448402059662112;0.028083951772977202
2023-07-12;Lateral;2;0.0006239081607187422;0.0030779469262124616;0.7702702702702703;0.0017469428500124782;0.0013310040761999834;0.02712057910670844
2023-07-13;Lateral;3;-0.0002066457265663746;0.0026037361547363203;0.4603174603174603;0.0014051909406513474;0.0011985452140849727;0.025059994416247632
2023-07-14;Venda;1;-0.003124088807431166;0.008622485108510018;0.36231884057971014;0.006248177614862332;0.002374307493647686;0.03581422215357794
2023-07-17;Lateral;3;-0.0015580259390264443;0.0049688394812194715;0.3305084745762712;0.0032002694963786426;0.0017685699848408287;0.03166106967383792
2023-07-18;Lateral;3;-0.0026270797714857594;0.004962261790584213;0.42016806722689076;0.004712063717109379;0.00025019807347483427;0.03496773031125382
2023-07-19;Venda;1;-0.00617543270038649;0.006679549655520081;0.031446540880503145;0.006385481431692153;0.00029406822382792807;0.032703267563314146
2023-07-20;Lateral;2;4.2002688172043014e-05;0.005082325268817204;0.8181818181818182;0.004116263440860215;0.0009660618279569893;0.03903717000529952
2023-07-21;Lateral;2;0.0014474772539288668;0.005707196029776675;0.391304347826087;0.0007857733664185277;0.004921422663358147;0.0320273275287605
2023-07-24;Super Compra;4;0.008364235681911825;0.01334981458590853;0.8148148148148148;0.0025133910177173465;0.010836423568191183;0.04160682932194593
2023-07-25;Venda;1;-0.006307872710363511;0.008006146132384456;0.045454545454545456;0.006671788443653714;0.0013343576887307428;0.03445375430557517
2023-07-26;Lateral;2;-0.0009770793469853032;0.0049261083743842365;0.7851239669421488;0.004844685095468795;8.142327891544193e-05;0.03078130859210671
2023-07-27;Lateral;2;-0.0015962018581426758;0.00515695984938403;0.6825396825396826;0.005116031596611141;4.0928252772889126e-05;0.037110180461176694
2023-07-28;Lateral;3;-0.000620989443179466;0.004471123990892155;0.46296296296296297;0.0026909542537776857;0.0017801697371144691;0.029497830106893597
2023-07-31;Lateral;2;0.00028576094056172435;0.0036332462442847813;0.5056179775280899;0.0015512736773350751;0.002081972566949706;0.02609189873151397
2023-08-01;Venda;1;-0.005573542067948035;0.008237367321011433;0.1044776119402985;0.0064341625343223635;0.00180320478668907;0.03982818285477651
2023-08-02;Super Venda;5;-0.00778642936596218;0.009599143080789354;0.13304721030042918;0.009063568574135872;0.0005355745066534833;0.0476626561872642
2023-08-03;Compra;0;0.0007820217319723412;0.007490945011524531;0.5439560439560439;0.0032927230819888046;0.004198221929535726;0.048895483290425625
2023-08-04;Super Compra;4;0.011658894070619586;0.012033644237175217;0.9965397923875432;0.00033311125916055963;0.011700532978014657;0.04012739891585432
2023-08-07;Lateral;3;-0.002256204562547004;0.0049302247848249355;0.211864406779661;0.003300743711874321;0.0016294810729506142;0.03343951388556485
2023-08-08;Compra;0;0.002617138032925285;0.0069649641198818064;0.5393939393939394;0.0011397214014352047;0.005825242718446602;0.03888967802015414
2023-08-09;Venda;1;-0.004244589199411641;0.004832948098339987;0.043478260869565216;0.004454717377600336;0.0003782307207396512;0.041704284525513904
2023-08-10;Venda;1;-0.0038860103626943004;0.006602039110813973;0.3670886075949367;0.006309543707170316;0.000292495403643657;0.0335672326357678
2023-08-11;Lateral;3;-0.00016827226452399984;0.004206806613099996;0.23;0.001135837785536999;0.0030709688275629967;0.030574346597381324
2023-08-14;Lateral;3;-0.0010671903013745412;0.003841885084948348;0.12222222222222222;0.0015367540339793393;0.0023051310509690087;0.028022202538571805
2023-08-15;Venda;1;-0.00784614728583003;0.008485778858044433;0.06532663316582915;0.008400494648415845;8.528420962858727e-05;0.039485327275285184
2023-08-16;Compra;0;0.00585238516272999;0.008631215527767251;0.7951219512195122;0.0010104837691044587;0.0076207317586627936;0.037776594281213764
2023-08-17;Venda;1;-0.005240912933220625;0.007438715131022823;0.03409090909090909;0.005494505494505495;0.0019442096365173288;0.036888705495066634
2023-08-18;Lateral;2;0.0017902813299232737;0.004688832054560955;0.7727272727272727;0.0018329070758738278;0.002855924978687127;0.03264107874838133
2023-08-21;Venda;1;-0.0033327636301486926;0.007349171081866348;0.4127906976744186;0.006366433088360964;0.0009827379935053837;0.042672859209949746
2023-08-22;Lateral;2;0.0014052718988204233;0.0043009836903291744;0.7227722772277227;0.0017033598773580887;0.0025976238129710853;0.02816087692184079
2023-08-23;Lateral;2;0.0014668901927912825;0.0032271584241408214;0.8701298701298701;0.001341156747694887;0.0018860016764459346;0.026399058882804968
2023-08-24;Venda;1;-0.006661115736885929;0.007660283097418817;0.10326086956521739;0.007452123230641133;0.00020815986677768527;0.03669872925253421
2023-08-25;Venda;1;-0.006551971932197658;0.008919135985120683;0.06635071090047394;0.007143762945428414;0.0017753730396922686;0.04275208242171285
2023-08-28;Lateral;3;-0.000932124396237607;0.004533514108973816;0.35514018691588783;0.0025421574442843825;0.001991356664689433;0.030288018775776967
2023-08-29;Compra;0;0.005949139050651473;0.008714231848841594;0.7067307692307693;0.00020947672713561523;0.008504755121705978;0.04280932571451367
2023-08-30;Lateral;3;-0.0018740629685157421;0.004997501249375313;0.2916666666666667;0.0033316674995835416;0.0016658337497917708;0.03917380720017656
2023-08-31;Venda;1;-0.003499599443437197;0.006914871189442172;0.4878048780487805;0.0068727073407260615;4.216384871611081e-05;0.036442127165527936
2023-09-01;Lateral;2;0.0014698471358978666;0.006635309927767512;0.6012658227848101;0.0025197379472534855;0.004115571980514027;0.03157517739909578
2023-09-04;Lateral;3;-0.001166618057580934;0.0026248906295571017;0.14285714285714285;0.0015416024332319486;0.0010832881963251531;0.02488983080921577
2023-09-05;Lateral;2;0.0023140356782228207;0.004081117468865702;0.7216494845360825;0.0006311006395153147;0.003450016829350387;0.04009980036237246
2023-09-06;Super Venda;5;-0.01030884633114026;0.011314587436617358;0.08148148148148149;0.0112307756778276;8.38117587897582e-05;0.04773084856349744
2023-09-08;Lateral;3;0.0013313291818767446;0.004165771956194975;0.35051546391752575;0.00012883830792355595;0.0040369336482714195;0.0320893110001866
2023-09-11;Lateral;2;0.002049092849519744;0.004823906083244397;0.4424778761061947;8.537886872998933e-05;0.004738527214514407;0.03785310287709933
2023-09-12;Lateral;2;0.0009650484622162548;0.0026433936138966978;0.6349206349206349;0.0007132966894641883;0.0019300969244325096;0.03525755896905694
2023-09-13;Compra;0;0.003288104553400483;0.007699991675684675;0.8918918918918919;0.0035794555897777406;0.0041205360859069345;0.04751265325768575
2023-09-14;Lateral;2;0.0021618026107923837;0.006111249688201546;0.8299319727891157;0.0029101188991435935;0.003201130789057953;0.042612133142511936
2023-09-15;Lateral;2;0.0017049943859940948;0.003909011519108413;0.46808510638297873;0.00012475568678005573;0.003784255832328357;0.04094593072180761
2023-09-18;Compra;0;0.0061031686313853355;0.00890393779784299;0.8169014084507042;0.0011704706964300643;0.007733467101412926;0.046596406834058704
2023-09-19;Lateral;2;0.0007558261599832039;0.003905101826579887;0.5268817204301075;0.0013017006088599623;0.0026034012177199245;0.03498868611369946
2023-09-20;Lateral;2;0.003130086390384375;0.004256917490922749;0.8137254901960784;0.000333875881641;0.0039230416092817496;0.04182776476626958
2023-09-21;Compra;0;0.0034163214758508777;0.00614937865653158;0.6111111111111112;0.00034163214758508773;0.005807746508946492;0.04190063449763078
2023-09-22;Lateral;2;0.0005109209349853111;0.0038319070123898325;0.6222222222222222;0.001873376761612807;0.0019585302507770254;0.03751492907923823
2023-09-25;Lateral;3;-0.0029981154702758265;0.003597738564330992;0.011904761904761904;0.003040945691279767;0.0005567928730512249;0.03361473612961687
2023-09-26;Lateral;2;0.0004311645755184754;0.004872159703358772;0.8761061946902655;0.003837364722114431;0.001034794981244341;0.046428351885281174
2023-09-27;Venda;1;-0.0030729279376758276;0.0050638389958883355;0.24786324786324787;0.004328067517853278;0.0007357714780350574;0.04067240900819992
2023-09-28;Compra;0;0.005072840790842872;0.005809920221990982;0.9776119402985075;0.0006070065903572668;0.005202913631633715;0.048453843265589915
2023-09-29;Lateral;3;-0.0018322822566899607;0.0036645645133799214;0.43023255813953487;0.0034088972217487645;0.0002556672916311573;0.03746044163635703
2023-10-02;Venda;1;-0.004601754687768794;0.007354206089798727;0.15204678362573099;0.005719938069843455;0.0016342680199552726;0.04772294109442552
2023-10-03;Venda;1;-0.005764313266588653;0.006111038876609023;0.04964539007092199;0.0060676981753564774;4.334070125254627e-05;0.05846436957623054
2023-10-04;Lateral;2;0.001759014951627089;0.0053210202286719435;0.7933884297520661;0.0024626209322779246;0.0028583992963940193;0.04520528613254157
2023-10-05;Super Venda;5;-0.011253598534415075;0.011733403123091686;0.03345724907063197;0.011646165925150484;8.723719794120213e-05;0.05086897347618433
2023-10-06;Compra;0;0.004098908442860325;0.008153263533080865;0.9016393442622951;0.0032523947427043885;0.004900868790376476;0.045087576117605624
2023-10-09;Lateral;2;0.0009217803529101923;0.004433324554472829;0.6831683168316832;0.0021069265209375824;0.002326398033535247;0.034860089686427564
2023-10-10;Lateral;2;0.0018872780303680191;0.004074804838294587;0.47368421052631576;4.289268250836407e-05;0.004031912155786223;0.03630409568542469
2023-10-11;Lateral;3;0.0011140629017053732;0.004070614448538863;0.3473684210526316;0.00029994001199760045;0.003770674436541263;0.03687828376082018
2023-10-13;Lateral;3;-0.0033718895386060013;0.004780400358530027;0.29464285714285715;0.004780400358530027;0.0;0.03508534560260357
2023-10-16;Compra;0;0.002448032984023364;0.008074214052568288;0.648936170212766;0.002791616560728397;0.00528259749183989;0.04205599299252683
2023-10-17;Compra;0;0.007814523788964684;0.008721181245142906;0.9603960396039604;0.0005612641395388999;0.008159917105604007;0.048190066108958866
2023-10-18;Venda;1;-0.004025523532182776;0.006595006637831356;0.11688311688311688;0.00479636846387735;0.0017986381739540063;0.03957153290666788
2023-10-19;Lateral;3;-0.0013782410198983548;0.004134723059695064;0.25;0.002411921784822121;0.0017228012748729434;0.038395403081558255
2023-10-20;Super Venda;5;-0.008192457737321196;0.010446467273515388;0.17842323651452283;0.010056350238404855;0.0003901170351105332;0.04878303587672273
2023-10-23;Lateral;2;0.0024459488971391133;0.0046298318410133215;0.7830188679245284;0.0011792967896920724;0.003450535051321249;0.04553032574677711
2023-10-24;Venda;1;-0.002592352559948153;0.004579822855908404;0.1792452830188679;0.003413264203931735;0.0011665586519766689;0.048088057323085194
2023-10-25;Lateral;2;-0.0012164393083673648;0.004865757233469459;0.7410714285714286;0.004822312972456338;4.344426101312017e-05;0.04467062300425327
2023-10-26;Compra;0;0.004043126684636119;0.00626032518911399;0.9375;0.0018259281801582471;0.004434397008955743;0.04754939320013043
2023-10-27;Lateral;3;-0.0008598452278589854;0.004213241616509028;0.2755102040816326;0.0020206362854686155;0.0021926053310404128;0.04197976279299906
2023-10-30;Venda;1;-0.003077456547180443;0.008365480473321486;0.5647668393782384;0.007802002513978588;0.000563477959342898;0.05610392080568378
2023-10-31;Compra;0;0.004030844724851034;0.00836838415702769;0.6387434554973822;0.0013144058885383807;0.00705397826848931;0.051939447422202856
2023-11-01;Compra;0;0.003977862331373227;0.006096506399169838;0.6666666666666666;8.647526807333103e-05;0.006010031131096507;0.03882049710124701
2023-11-03;Venda;1;-0.002305306396177383;0.008634420320228016;0.49029126213592233;0.006538687232794031;0.0020957330874339843;0.036773889207091716
2023-11-06;Lateral;3;-0.0010439285117755136;0.0037998997828628694;0.3516483516483517;0.002380157006848171;0.0014197427760146986;0.043100604238234426
2023-11-07;Lateral;2;0.0008735077575807995;0.005657002620523273;0.7279411764705882;0.003244457385300112;0.0024125452352231603;0.048210040069125715
2023-11-08;Lateral;3;-0.002109355612540326;0.0052527090743651255;0.047244094488188976;0.0023575150963685994;0.0028951939779965257;0.04338816435201346
2023-11-09;Compra;0;0.006674681812528502;0.007255088926661415;0.9371428571428572;0.00012437295302848142;0.007130715973632934;0.04519526904882372
2023-11-10;Lateral;2;0.0012793000990425883;0.0035902938263453286;0.6206896551724138;0.0009491581379993397;0.002641135688345989;0.03592161744634902
2023-11-13;Lateral;3;-0.0031323414252153485;0.0044512220253060215;0.06481481481481481;0.0034208465564851834;0.0010303754688208383;0.04114798962851084
2023-11-14;Compra;0;0.0063175798809379175;0.008625926375896003;0.8403755868544601;0.0009314380593690519;0.007694488316526951;0.041955920739156174
2023-11-16;Venda;1;-0.002717391304347826;0.0038762787723785165;0.061855670103092786;0.0029571611253196932;0.0009191176470588235;0.050298961071004414
2023-11-17;Lateral;2;0.0010339205471825664;0.003419891040680797;0.7790697674418605;0.001630413170557124;0.0017894778701236728;0.038516746291716523
2023-11-20;Lateral;2;0.0025357581520662467;0.004675304092872142;0.8559322033898306;0.001465985181663299;0.0032093189112088433;0.04674360873967326
2023-11-21;Lateral;3;3.952881650723377e-05;0.0033994782196221044;0.26744186046511625;0.000869633963159143;0.0025298442564629614;0.05206834668388734
2023-11-22;Lateral;3;-0.0013720647614567409;0.004194597985024893;0.32710280373831774;0.0027441295229134817;0.0014504684621114117;0.04585034452451867
2023-11-23;Lateral;2;0.00366242665301461;0.004489426219824361;0.9122807017543859;0.000433190249281298;0.004056235970543063;0.03137521292836277
2023-11-24;Lateral;2;0.0027695351137487635;0.003956478733926805;0.91;0.0008308605341246291;0.0031256181998021763;0.03670226704468198
2023-11-27;Lateral;2;0.00031714568880079284;0.0027750247770069376;0.7714285714285715;0.001823587710604559;0.0009514370664023786;0.04990533670162166
2023-11-28;Compra;0;0.0049501029621416125;0.007880563915729447;0.9296482412060302;0.002376049421827974;0.005504514493901473;0.054611451708893956
2023-11-29;Lateral;2;0.000984251968503937;0.003267716535433071;0.6746987951807228;0.001220472440944882;0.002047244094488189;0.044485467049109696
2023-11-30;Venda;1;-0.004195091351054654;0.006194620873519956;0.310126582278481;0.0061162079510703364;7.84129224496197e-05;0.048465404567374484
2023-12-01;Lateral;2;-3.925262992620505e-05;0.0031794630240226094;0.7530864197530864;0.0024336630554247134;0.000745799968597896;0.04074836391286197
2023-12-04;Lateral;3;-0.0006647116324535679;0.00375366568914956;0.15625;0.0012512218963831867;0.0025024437927663734;0.045223308977996396
2023-12-05;Venda;1;-0.003211781755512906;0.006893580353295993;0.4772727272727273;0.006501899651404176;0.00039168070189181777;0.05116276846514641
2023-12-06;Lateral;3;-0.0017301038062283738;0.004207297892418999;0.11214953271028037;0.002201950298836112;0.002005347593582888;0.04543991943582957
2023-12-07;Venda;1;-0.003077651515151515;0.004340277777777778;0.08181818181818182;0.0034327651515151515;0.0009075126262626263;0.04536466189577954
2023-12-08;Compra;0;0.006148597723035424;0.01055178706017692;0.8646616541353384;0.0029751279305010115;0.007576659129675909;0.055859102474354216
2023-12-11;Lateral;3;-0.0010619469026548673;0.0029891838741396264;0.35526315789473684;0.0021238938053097347;0.0008652900688298919;0.0456131352727069
2023-12-12;Venda;1;-0.003904401325130147;0.006586212336330652;0.1377245508982036;0.004811484461271494;0.0017747278750591575;0.04440509384544322
2023-12-13;Lateral;3;-0.0021288125096764203;0.0037931568354234403;0.17346938775510204;0.002786809103576405;0.0010063477318470351;0.03374611403637114
2023-12-14;Lateral;3;-0.000225589352182577;0.004812572846561642;0.4296875;0.002293491747189533;0.0025190810993721098;0.04270163655602322
2023-12-15;Venda;1;-0.006528835690968444;0.0074293647517916775;0.09595959595959595;0.007241754530786838;0.00018761022100484035;0.0382729127054406
2023-12-18;Lateral;2;3.764918489514702e-05;0.003426075825458379;0.6153846153846154;0.0020707051692330863;0.0013553706562252927;0.042260009796570755
2023-12-19;Lateral;2;0.0003361093475744109;0.002240728983829406;0.6166666666666667;0.001045673525787056;0.0011950554580423497;0.02863038636727563
2023-12-20;Venda;1;-0.0054364015490020855;0.006627941614536789;0.16292134831460675;0.006516234733392911;0.00011170688114387846;0.042238291418401394
2023-12-21;Lateral;3;-0.0005608524957936063;0.00534679379323238;0.2517482517482518;0.0019068984856982613;0.0034398953075341185;0.04493040788444489
2023-12-22;Lateral;3;-0.0021969838018990875;0.0031279091416868366;0.09523809523809523;0.0024948799106311675;0.0006330292310556693;0.033519738770404164
2023-12-26;Lateral;2;3.6971310263235726e-05;0.002329192546583851;0.9365079365079365;0.0021443359952676723;0.00018485655131617864;0.031561434816374044
2023-12-27;Lateral;2;0.0009978195794375254;0.0026978084925533092;0.6712328767123288;0.0008130381758379837;0.0018847703167153259;0.045083863718654756
2023-12-28;Lateral;2;0.0005530157793835717;0.002765078896917859;0.64;0.0012166347146438578;0.001548444182274001;0.04044300036369074
2024-01-02;Compra;0;0.002928637627432808;0.0039295644114921225;0.8490566037735849;0.0004077849860982391;0.0035217794253938834;0.06254012291341199
2024-01-03;Compra;0;0.002728461969725285;0.006167071575406466;0.46060606060606063;0.00011212857409829938;0.006054943001308166;0.07267073198602542
2024-01-04;Venda;1;-0.0029571401834175555;0.007037244993449373;0.5585106382978723;0.006887516376567471;0.00014972861688190156;0.08560437366377828
2024-01-05;Compra;0;0.0011652821110401082;0.004585948953125587;0.819672131147541;0.0025936924407021764;0.001992256512423411;0.0655400998343446
2024-01-08;Compra;0;0.0027907678382863175;0.0038844471262633883;0.8349514563106796;0.0004525569467491326;0.0034318901795142554;0.07301442576375007
2024-01-09;Venda;1;-0.003232839636117585;0.005375535674009473;0.3076923076923077;0.0048868506127358845;0.0004886850612735884;0.08172481977598842
2024-01-10;Venda;1;-0.003058565872446475;0.004417928482422687;0.2222222222222222;0.0040403277574292944;0.000377600724993392;0.06663301293346383
2024-01-11;Compra;0;0.0011395145667945454;0.006647168306301516;0.26285714285714284;0.0006077411022904243;0.006039427204011091;0.08423589168825267
2024-01-12;Compra;0;0.0009441444163299219;0.005966992711205106;0.34177215189873417;0.0010952075229427093;0.004871785188262397;0.054181480231513444
2024-01-15;Lateral;2;0.0004936208991494532;0.0027718712029161604;0.589041095890411;0.0011391251518833535;0.001632746051032807;0.03502436813234273
2024-01-16;Venda;1;-0.0037327645311190675;0.006513293212462863;0.08187134502923976;0.00426601660699322;0.0022472766054696426;0.06139177546923022
2024-01-17;Lateral;2;0.0010797470306956657;0.003239241092086997;0.6547619047619048;0.0010411846367422489;0.002198056455344748;0.045935307996086756
2024-01-18;Venda;1;-0.0017815646785437646;0.006041828040278854;0.3782051282051282;0.004066615027110767;0.001975213013168087;0.053011013569428445
2024-01-19;Venda;1;-0.0047936396585993215;0.006781246346311236;0.28160919540229884;0.006703300986008808;7.7945360302428e-05;0.04549977376682184
2024-01-22;Lateral;2;0.0007397889654635362;0.006697036950512012;0.9651162790697675;0.005723630417007359;0.0009734065335046529;0.048483278374271126
2024-01-23;Venda;1;-0.0017150652894172675;0.004638472032742156;0.47058823529411764;0.0038978756577665173;0.0007405963749756383;0.052100776625717944
2024-01-24;Venda;1;-0.0056934025774187345;0.006847470667436045;0.011235955056179775;0.005770340450086555;0.0010771302173494903;0.04476559906137701
2024-01-25;Lateral;2;0.0031821180488183476;0.00500601497923862;0.9844961240310077;0.0017462842950832396;0.0032597306841553805;0.039740180380249734
2024-01-26;Compra;0;0.0025625097064761607;0.00861935083087436;0.6306306306306306;0.0028731169436247866;0.005746233887249573;0.04775720120796767
2024-01-29;Venda;1;-0.004482572068938867;0.006994358142051163;0.27071823204419887;0.006376072339438906;0.0006182858026122575;0.04565807618804858
2024-01-30;Lateral;2;-0.000429000429000429;0.003354003354003354;0.6511627906976745;0.002613002613002613;0.000741000741000741;0.03992458902012834
2024-01-31;Compra;0;0.0020191038285314903;0.005319562009784888;0.5474452554744526;0.0008930651549273899;0.0044264968548574975;0.04579322899998426
2024-02-01;Lateral;3;0.0003117692907248636;0.00494933749025721;0.3937007874015748;0.0016367887763055339;0.003312548713951676;0.04931246526289679
2024-02-02;Lateral;3;-0.0018032851150574308;0.0047826257399349245;0.26229508196721313;0.0030577443255321653;0.0017248814144027599;0.046655306452330875
2024-02-05;Venda;1;-0.0036721618876474726;0.0050003906555199625;0.1328125;0.004336276271583717;0.000664114383936245;0.04072157626143802
2024-02-06;Lateral;2;0.0017349732043027335;0.005127809692716968;0.9097744360902256;0.0029301769672668387;0.0021976327254501294;0.042791725510212895
2024-02-07;Lateral;2;0.000846642293630941;0.004310178949393881;0.6964285714285714;0.0021550894746969404;0.0021550894746969404;0.0496654875047705
2024-02-08;Venda;1;-0.0075474604335939;0.008317609457430012;0.06018518518518518;0.008048057299087374;0.0002695521583426393;0.04364373363592026
2024-02-09;Venda;1;-0.0030667701863354036;0.008229813664596273;0.5990566037735849;0.007996894409937888;0.0002329192546583851;0.047980356093207756
2024-02-15;Compra;0;0.0005801361386138614;0.004873143564356436;0.5873015873015873;0.002281868811881188;0.0025912747524752477;0.05663573985398505
2024-02-16;Lateral;3;0.0003075858356722673;0.0031143065861817063;0.2716049382716049;0.0005382752124264678;0.0025760313737552385;0.05040067911755523
2024-02-19;Lateral;2;0.0014586772100879046;0.0032244443591416838;0.7738095238095238;0.0010364285440098268;0.0021880158151318567;0.04582234657608523
2024-02-20;Compra;0;0.0038512869399428026;0.004957102001906578;0.8461538461538461;0.0003431839847473785;0.004613918017159199;0.055532298199889224
2024-02-21;Compra;0;0.0009499202067026369;0.003419712744129493;0.4;0.00041796489094916026;0.0030017478531803327;0.05542166105873794
2024-02-22;Venda;1;-0.0018122781847013517;0.00354904477837348;0.2553191489361702;0.0027184172770520275;0.0008306275013214528;0.057084906756947856
2024-02-23;Venda;1;-0.003861150017034485;0.004769655903395541;0.19047619047619047;0.004769655903395541;0.0;0.04872721421661122
2024-02-26;Lateral;3;-0.0014043877628482503;0.0039095118803613455;0.5922330097087378;0.003719729750246717;0.0001897821301146284;0.04473197535067866
2024-02-27;Lateral;2;0.0018081139111764042;0.003013523185294007;0.8625;0.0007910498361396768;0.00222247334915433;0.04835941452804224
2024-02-28;Venda;1;-0.0022964273613673156;0.003538756917516847;0.2765957446808511;0.0032752324662124006;0.000263524451304446;0.05759478575938964
2024-02-29;Venda;1;-0.0014882655981682885;0.004388475481778287;0.4956521739130435;0.003663423010875787;0.0007250524709024995;0.06335202126597951
2024-03-01;Venda;1;-0.0038614467043890503;0.006040679002905643;0.056962025316455694;0.004205536014681144;0.001835142988224499;0.04760919440556721
2024-03-04;Venda;1;-0.004594532506317482;0.00585802894555479;0.16339869281045752;0.0055517267784669574;0.00030630216708783217;0.04315511526467612
2024-03-05;Lateral;3;0.0;0.003119103546536255;0.2222222222222222;0.000693134121452501;0.002425969425083754;0.043618700129388066
2024-03-06;Lateral;3;-0.0014943101268247827;0.0024522012337637455;0.1875;0.0019540978581554847;0.0004981033756082608;0.04053594483606253
2024-03-07;Venda;1;-0.004495159059474412;0.00545566313201168;0.11267605633802817;0.005109881665898264;0.00034578146611341634;0.05099194471226974
2024-03-08;Lateral;2;0.0009000900090009;0.0032481509020467264;0.5903614457831325;0.0010174930536531914;0.002230657848393535;0.04852231009815026
2024-03-11;Compra;0;0.004744167810233287;0.00611644775534209;0.8589743589743589;0.0005097039796118408;0.005606743775730249;0.05676515792615965
2024-03-12;Lateral;2;0.001092896174863388;0.004839968774395004;0.7016129032258065;0.002302888368462139;0.002537080405932865;0.04377361328844119
2024-03-13;Lateral;3;-0.0027042688815916553;0.003438284720880819;0.02247191011235955;0.0027815337067799884;0.0006567510141008305;0.03413337631134733
2024-03-14;Compra;0;0.002642521276182334;0.005168460731356623;0.5714285714285714;0.00031088485602145103;0.004857575875335173;0.04597481422968429
2024-03-15;Lateral;3;-0.0029611158731395622;0.0038962050962362657;0.16;0.0035845086885373644;0.00031169640769890126;0.0421870805334677
2024-03-18;Venda;1;-0.003599514847998748;0.0055557729175632845;0.09154929577464789;0.004108141946085528;0.0014476309714777573;0.04356805131505295
2024-03-19;Lateral;2;0.0030794418024479614;0.00514539642940672;0.8787878787878788;0.0014422702112730959;0.003703126218133624;0.04132916835015391
2024-03-20;Lateral;3;-0.0027176022983150866;0.0045034552372078575;0.3620689655172414;0.0043481636773041385;0.00015529155990371923;0.03724363658719023
2024-03-21;Lateral;3;-0.0011200370770894485;0.0020083423451259077;0.4230769230769231;0.0019697203769504096;3.862196817549822e-05;0.030132458939985476
2024-03-22;Lateral;3;-0.0012850967716811403;0.004205771252774641;0.42592592592592593;0.0030764437867518207;0.0011293274660228202;0.037570794506758244
2024-03-25;Lateral;3;-0.0004305620792234226;0.0030922185689682166;0.3037974683544304;0.0013699702520745265;0.0017222483168936903;0.03209092894002836
2024-03-26;Lateral;3;-0.0003525402483450194;0.002977006541580164;0.25;0.0010967918837400603;0.0018802146578401034;0.038839510686980314
2024-03-27;Lateral;2;0.00137524557956778;0.005108055009823182;0.9153846153846154;0.003300589390962672;0.0018074656188605109;0.04204864012516819
2024-03-28;Lateral;2;0.0015559964212082313;0.0021783949896915238;0.8214285714285714;0.00023339946318123468;0.001944995526510289;0.025640234957257316
2024-04-01;Venda;1;-0.004083378704207824;0.00490005444504939;0.15079365079365079;0.004822275803064479;7.777864198491094e-05;0.03787519152328973
2024-04-02;Venda;1;-0.0016458325169481562;0.005760413809318547;0.40816326530612246;0.003997021826874093;0.001763391982444453;0.05536890491632312
2024-04-03;Lateral;2;0.0006306412833550116;0.0041385834220172635;0.6571428571428571;0.002088999251113476;0.0020495841709037878;0.04753223748031333
2024-04-04;Venda;1;-0.005021825626762468;0.007725885579634565;0.005;0.005060455054660641;0.0026654305249739253;0.06408085964223015
2024-04-05;Venda;1;-0.001961861414109707;0.006042533155457898;0.551948051948052;0.00529702581809621;0.0007455073373616888;0.047659596662024004
2024-04-08;Lateral;2;0.0015567230978789648;0.00396964389959136;0.8725490196078431;0.0019069857949017318;0.0020626581046896283;0.03649100962980991
2024-04-09;Compra;0;3.850745119180561e-05;0.006392236897839732;0.4397590361445783;0.002772536485810004;0.0036197004120297276;0.05512124172600373
2024-04-10;Lateral;3;-0.001855574454925004;0.004059069120148446;0.3904761904761905;0.0034405443018401113;0.0006185248183083346;0.04609012697795646
2024-04-11;Lateral;2;-0.0010967918837400603;0.0037212581769752047;0.6421052631578947;0.003486231344745192;0.00023502683223001293;0.04167509783568202
2024-04-12;Venda;1;-0.004978244678766022;0.00685978597467759;0.022857142857142857;0.005135039786758653;0.001724746187918937;0.04555361853702591
2024-04-15;Venda;1;-0.0019011406844106464;0.0038814955640050696;0.2857142857142857;0.0030101394169835234;0.0008713561470215463;0.0504421280484446
2024-04-16;Compra;0;0.0029000684738389655;0.0057598582188746125;0.6153846153846154;0.0006444596608531035;0.0051153985580215085;0.049827132097049386
2024-04-17;Lateral;3;-0.0016648828635985255;0.0036072462044634715;0.3076923076923077;0.002774804772664209;0.0008324414317992627;0.03616695412915258
2024-04-18;Lateral;3;-0.0023307260804298017;0.0050564904795765185;0.1484375;0.0030812988859919414;0.0019751915935845776;0.0341956316178261
2024-04-19;Lateral;2;0.0020515248352862272;0.005838955300430031;0.7635135135135135;0.0024065964413934587;0.0034323588590365723;0.03927016245098594
2024-04-22;Lateral;2;0.002334322453016815;0.004549950544015826;0.6434782608695652;0.0005934718100890207;0.003956478733926805;0.03861698944231637
2024-04-23;Lateral;3;-0.000989981388349899;0.0034847344869916447;0.2159090909090909;0.0017423672434958223;0.0017423672434958223;0.03860731771908602
2024-04-24;Lateral;3;-0.0003953037909633553;0.003834446772344547;0.3711340206185567;0.0018183974384314346;0.0020160493339131122;0.03821613307694928
2024-04-25;Lateral;2;0.0036723614881047422;0.0049896215870988345;0.808;0.00035925275427111606;0.004630368832827718;0.037378041437962556
2024-04-26;Lateral;2;0.00011745820445558122;0.00254492776320426;0.5538461538461539;0.0012920402490113935;0.0012528875141928663;0.02392666604774086
2024-04-29;Lateral;2;0.0008189050070191858;0.002963656215878958;0.7894736842105263;0.0015208235844642022;0.001442832631414756;0.031857033636790766
2024-04-30;Lateral;3;-0.0031675269826372597;0.00453621148130768;0.04310344827586207;0.0033630533395901767;0.0011731581417175035;0.03402695565640081
2024-05-02;Lateral;2;0.00019482543640897756;0.004325124688279302;0.8378378378378378;0.003428927680798005;0.0008961970074812968;0.04675806868635799
2024-05-03;Lateral;2;0.0008480783315986276;0.0040090975675571485;0.5096153846153846;0.0011950194672526117;0.002814078100304537;0.04467096469067847
2024-05-06;Lateral;3;-0.000268579979280973;0.002148639834247784;0.39285714285714285;0.0011126884855926025;0.0010359513486551818;0.030496129650349365
2024-05-07;Lateral;2;0.0036051238781928357;0.004985809618777326;0.8923076923076924;0.0008437523970238552;0.004142057221753471;0.037228352726272416
2024-05-08;Lateral;3;-0.0004992511233150275;0.002304235953761665;0.1;0.0007296747186911939;0.0015745612350704713;0.03291886540729801
2024-05-09;Lateral;2;0.0022961665693714732;0.0034247908153337225;0.875;0.0007005253940455342;0.0027242654212881884;0.03658214959812886
2024-05-10;Venda;1;-0.003632148377125193;0.004829984544049459;0.128;0.004250386398763524;0.000579598145285935;0.03975202022194372
2024-05-13;Lateral;3;-0.0031231925968768074;0.003470213996529786;0.0;0.0031231925968768074;0.0003470213996529786;0.028891834479170594
2024-05-14;Lateral;2;0.003050428604525446;0.004247432234149355;0.8545454545454545;0.0005791953046567302;0.003668236929492625;0.04377730142904443
2024-05-15;Lateral;2;0.0022609441390870465;0.005613378552216115;0.9722222222222222;0.0031965072311230655;0.0024168713210930494;0.04234874654421167
2024-05-16;Lateral;2;0.002989362528146595;0.0043481636773041385;0.8482142857142857;0.0006988120195667365;0.0036493516577374018;0.03885917464550213
2024-05-17;Lateral;2;0.0022168637212196638;0.0038114499066583696;0.6122448979591837;0.00011667703795892968;0.00369477286869944;0.030015961240150657
2024-05-20;Compra;0;0.005139586496904568;0.007358953393295176;0.7777777777777778;0.0005840439201027917;0.006774909473192384;0.03830633432788765
2024-05-21;Lateral;3;-0.0001168907071887785;0.004130138320670174;0.1509433962264151;0.0007403078121955971;0.003389830508474576;0.03820742326429245
2024-05-22;Lateral;3;-0.0022018637203633077;0.0037353045256163253;0.3263157894736842;0.0034207525655644243;0.0003145519600519011;0.04138484733812638
2024-05-23;Venda;1;-0.0033834885757503385;0.004697078258100469;0.1440677966101695;0.004060186290900406;0.0006368919672000636;0.04329099304580908
2024-05-24;Lateral;2;0.0013954786491766676;0.0037079861249551455;0.44086021505376344;0.00023922491128742872;0.0034687612136677167;0.03232098096807371
2024-05-27;Lateral;2;-0.00012024048096192385;0.0024849699398797596;0.5967741935483871;0.0016032064128256513;0.0008817635270541082;0.026239918909192233
2024-05-28;Lateral;3;-0.0012379697296433848;0.0024360049518789184;0.26229508196721313;0.0018769218481690028;0.0005590831037099157;0.030243746356711544
2024-05-29;Lateral;2;0.001541832346019638;0.002961941085774568;0.7534246575342466;0.0006897671021666802;0.0022721739836078876;0.029234908538575424
2024-05-31;Lateral;3;-0.002809675054971903;0.004438472188288948;0.13761467889908258;0.0034204739799657954;0.0010179982083231534;0.033630587487186336
2024-06-03;Compra;0;0.005249989746113777;0.008695295517000943;0.7688679245283019;0.001435544071202986;0.007259751445797958;0.050166265012166616
2024-06-04;Venda;1;-0.000576036866359447;0.0054312047399605;0.5;0.0032916392363396972;0.002139565503620803;0.04828557597469059
2024-06-05;Compra;0;0.0007789119829459271;0.007584142991841922;0.654054054054054;0.004181527487393925;0.0034026155044479976;0.05455184107093541
2024-06-06;Lateral;2;0.0017550304069221664;0.004979388596383821;0.9098360655737705;0.0027753969225745886;0.002203991673809232;0.03114784548645977
2024-06-07;Lateral;2;0.0012296593843505348;0.003115137107021355;0.5394736842105263;0.00045087510759519615;0.002664261999426159;0.03505890149092915
2024-06-10;Lateral;2;0.001197654249607665;0.004171140662426695;0.43564356435643564;0.0006194763360039647;0.003551664326422731;0.036324714289042694
2024-06-11;Compra;0;0.002930735573350945;0.00528357962519607;0.5859375;0.0001651118632873772;0.005118467761908693;0.041728503471045
2024-06-12;Lateral;2;0.00032781511227667593;0.005695787575807245;0.5107913669064749;0.0025815440091788234;0.0031142435666284217;0.03963507073288517
2024-06-13;Lateral;3;-0.0018517756470927123;0.004732315542570265;0.3652173913043478;0.0035800995843792436;0.001152215958191021;0.03834122375806371
2024-06-14;Compra;0;0.006707519046041736;0.008156674395495197;0.9847715736040609;0.001324942033786022;0.006831732361709175;0.037067394087009986
2024-06-17;Lateral;3;-0.0019452032116546644;0.0030626603757967054;0.32432432432432434;0.002938498468669812;0.00012416190712689348;0.03063263464675524
2024-06-18;Venda;1;-0.0031614386598784695;0.00533749384135326;0.3230769230769231;0.004885859747084907;0.00045163409426835275;0.03777120742013989
2024-06-19;Lateral;2;0.0016155088852988692;0.0027753614183339548;0.746268656716418;0.0004556563522637836;0.002319705066070171;0.02958247511324994
2024-06-20;Venda;1;-0.005234539847427366;0.007912676513552994;0.2205128205128205;0.006979386463236488;0.0009332900503165071;0.04141322470134885
2024-06-21;Lateral;3;-0.0008946362490341995;0.0034158838599487617;0.3333333333333333;0.0020332642023504536;0.0013826196575983084;0.03310716890123633
2024-06-24;Lateral;3;-0.0008041170794467674;0.002372145384367964;0.3728813559322034;0.0016886458668382116;0.0006834995175297523;0.025948717842051675
2024-06-25;Lateral;3;-0.0009677029152050321;0.00366920688681908;0.42857142857142855;0.002540220152413209;0.0011289867344058708;0.03168781857680887
2024-06-26;Lateral;3;0.000649772579597141;0.003533138401559454;0.27586206896551724;0.0003248862897985705;0.0032082521117608835;0.03286340773898341
2024-06-27;Venda;1;-0.005309593197333227;0.006347558784781828;0.03773584905660377;0.005549123717513673;0.0007984350672681544;0.03670337183309911
2024-06-28;Compra;0;0.005725496476617553;0.0075672645739910315;0.9470899470899471;0.0014413837283792441;0.006125880845611787;0.04190289486954088
2024-07-01;Lateral;2;0.001783449587824984;0.0064204185161699425;0.8888888888888888;0.003923589093214965;0.002496829422954978;0.04260144230268606
2024-07-02;Venda;1;-0.002365557483046838;0.005677337959312411;0.4027777777777778;0.004652263049992115;0.0010250749093202965;0.043338167553976834
2024-07-03;Lateral;2;0.0019220962617189032;0.004197230612324952;0.45794392523364486;0.0;0.004197230612324952;0.03756077620425543
2024-07-04;Lateral;3;-0.001292951455549896;0.0034870508952709323;0.1797752808988764;0.0019198370097559063;0.0015672138855150257;0.03535034639091765
2024-07-05;Lateral;2;0.0005901794145420207;0.0033443500157381177;0.5764705882352941;0.0013377400062952471;0.0020066100094428708;0.028338515222886353
2024-07-08;Venda;1;-0.004940207802391688;0.006743775730248971;0.0872093023255814;0.005528327778866889;0.001215447951382082;0.03689033009821512
2024-07-09;Lateral;2;0.0016827769733495088;0.004187375259265057;0.8317757009345794;0.0018001800180018;0.0023871952412632567;0.03354974869419906
2024-07-10;Lateral;3;0.0001559332605644784;0.003391548417277405;0.41379310344827586;0.0012474660845158273;0.002144082332761578;0.03444488840448333
2024-07-11;Lateral;2;0.0002708978328173375;0.004024767801857585;0.7115384615384616;0.0025928792569659444;0.0014318885448916408;0.04055190139760254
2024-07-12;Lateral;3;0.00019288635136177764;0.003009027081243731;0.3974358974358974;0.0010030090270812437;0.0020060180541624875;0.02877233029712894
2024-07-15;Lateral;2;0.0013462056232932036;0.003461671602753952;0.6666666666666666;0.0009615754452094312;0.002500096157544521;0.03137107518056223
2024-07-16;Lateral;2;0.000345476181336609;0.002226402057502591;0.8448275862068966;0.0015354496948293732;0.000690952362673218;0.03095778306963841
2024-07-17;Lateral;2;0.0009981955695473567;0.004799017161285369;0.744;0.0025722731984489577;0.002226743962836411;0.03410258158941417
2024-07-18;Lateral;3;-0.0030861816217884423;0.004166345189414397;0.12037037037037036;0.003587686135329064;0.0005786590540853329;0.0374349085222978
2024-07-19;Lateral;3;-0.0016279069767441861;0.004651162790697674;0.275;0.0029069767441860465;0.0017441860465116279;0.016201732538893836
2024-07-22;Lateral;2;0.004326136097903188;0.005066645880427157;0.9769230769230769;0.0006235871852833425;0.004443058695143815;0.03478185103171319
2024-07-23;Lateral;3;-0.00011739385638818235;0.002426139698689102;0.24193548387096775;0.0007043631383290941;0.001721776560360008;0.03521252355704525
2024-07-24;Lateral;2;0.002794395465994962;0.003581549118387909;0.945054945054945;0.0005903652392947104;0.002991183879093199;0.03279932910165546
2024-07-25;Lateral;2;0.0010281149907074222;0.0031634307406382223;0.6875;0.0011467436434813556;0.002016687097156867;0.03233686588452197
2024-07-26;Lateral;2;0.002247102420562958;0.0035480564535204603;0.7888888888888889;0.0005519198927698494;0.0029961365607506112;0.033463258545046996
2024-07-29;Lateral;3;-0.0022745990038825054;0.0032550296090042745;0.1566265060240964;0.0027844229185458253;0.00047060669045844935;0.029358641975600095
2024-07-30;Lateral;2;0.00023648116033422672;0.0030742550843449474;0.5512820512820513;0.0014583004887277313;0.0016159545956172159;0.03645097443078855
2024-07-31;Lateral;3;0.0003918034713787564;0.002703443952513419;0.2318840579710145;0.00023508208282725385;0.0024683618696861656;0.027545428577392596
2024-08-01;Lateral;3;-0.0029835709857408558;0.005347179169249845;0.028985507246376812;0.0031385616862988222;0.002208617482951023;0.04173273288196457
2024-08-02;Venda;1;-0.004244949296438959;0.0065246442889709926;0.018072289156626505;0.004362864554673375;0.0021617797342976183;0.03932045998877728
2024-08-05;Compra;0;0.002252614641995173;0.007200321802091713;0.6703910614525139;0.002574416733708769;0.004625905068382945;0.046713524879287836
2024-08-06;Lateral;3;-0.0022653207217232336;0.003894761942611875;0.04081632653061224;0.0024242905969318815;0.0014704713456799936;0.042383779727786286
2024-08-07;Venda;1;-0.0030964606279151805;0.005095441539607259;0.3923076923076923;0.005095441539607259;0.0;0.04152230090058964
2024-08-08;Lateral;2;0.0017527459686842721;0.0030770429228012776;0.6835443037974683;0.0003505491937368544;0.002726493729064423;0.030907909851481643
2024-08-09;Lateral;2;0.0035567927008428053;0.005257867470811103;0.9264705882352942;0.0013144668677027758;0.003943400603108328;0.034714240785244724
2024-08-12;Lateral;2;0.001979293544457978;0.0027405602923264312;0.875;0.0004186967113276492;0.002321863580998782;0.026626312348932434
2024-08-13;Lateral;2;0.0003026405387001589;0.0025724445789513505;0.6176470588235294;0.0012862222894756753;0.0012862222894756753;0.03143606474681721
2024-08-14;Lateral;2;0.0006668148477439431;0.0024449877750611247;0.6666666666666666;0.0009631770022968067;0.001481810772764318;0.023024987154465104
2024-08-15;Lateral;2;0.0019101495059324835;0.0028652242588987254;0.9102564102564102;0.0006979392425522536;0.0021672850163464716;0.026627248532331678
2024-08-16;Lateral;3;-0.003397384379338058;0.004895155987433331;0.1865671641791045;0.004310659750127859;0.0005844962373054724;0.03584516810202115
2024-08-19;Lateral;2;0.0010561200335044976;0.0018937324738701336;0.7692307692307693;0.0004005972540879129;0.0014931352197822207;0.02898910111751485
2024-08-20;Lateral;2;0.0;0.0023601176427871175;0.9230769230769231;0.002178570131803493;0.00018154751098362442;0.028163541036994734
2024-08-21;Lateral;3;-0.0024128493229616825;0.0036012676462114663;0.18;0.0030610774992797466;0.00054019014693172;0.038399345163954456
2024-08-22;Lateral;3;-0.0005808887598024978;0.002977054893987801;0.4146341463414634;0.0018152773743828057;0.0011617775196049957;0.03140640725830206
2024-08-23;Compra;0;0.006109757428083063;0.006618903880423319;0.978021978021978;0.00036367603738589663;0.006255227843037422;0.04383331378988018
2024-08-26;Lateral;3;-0.0007578765022194955;0.0031397740806236242;0.19540229885057472;0.0013713955754448013;0.0017683785051788227;0.033639389333430934
2024-08-27;Lateral;2;0.0015865003245114301;0.0038580803346073412;0.6635514018691588;0.0009735342900411048;0.0028845460445662365;0.03625259758256988
2024-08-28;Compra;0;0.004425420777713291;0.005803830528148578;0.8;0.00021764364480557168;0.005586186883343006;0.04155968234453813
2024-08-29;Venda;1;-0.002962320725407319;0.004587984538130848;0.2677165354330709;0.004190600050576207;0.00039738448755464035;0.04342506200760289
2024-08-30;Compra;0;0.00492772667542707;0.006789312308366185;0.7795698924731183;0.00036501679077237555;0.006424295517593809;0.048244805082122
2024-09-02;Lateral;2;0.0005501760563380282;0.0032643779342723003;0.6067415730337079;0.0014304577464788733;0.0018339201877934272;0.033774205519129075
2024-09-03;Compra;0;0.0004409495112809583;0.005585360476225472;0.4407894736842105;0.002021018593371059;0.0035643418828544132;0.04793627647631808
2024-09-04;Compra;0;0.005485324033711131;0.007120023249055507;0.9336734693877551;0.0011624527753560012;0.0059575704736995055;0.044287115743315196
2024-09-05;Lateral;3;-0.0011977351916376306;0.003448025551684088;0.2736842105263158;0.002141405342624855;0.0013066202090592336;0.03023174200694279
2024-09-06;Venda;1;-0.006040097514827348;0.0074955426991230945;0.06796116504854369;0.006549503329330859;0.0009460393697922352;0.03725575142452644
2024-09-09;Lateral;3;-0.00025655121861828845;0.0023822613157412497;0.36923076923076925;0.0011361553967381346;0.0012461059190031153;0.028694961476338134
2024-09-10;Lateral;3;-0.0002957048865232498;0.002957048865232498;0.4875;0.0017372662083240925;0.0012197826569084055;0.033081306754597736
2024-09-11;Venda;1;-0.0026918396696043365;0.006821785464065784;0.23243243243243245;0.004277443858549356;0.0025443416055164277;0.03943824801666531
2024-09-12;Lateral;3;-0.0027004032108903933;0.004439018976806126;0.125;0.003255280582991159;0.001183738393814967;0.036085418661855315
2024-09-13;Lateral;2;0.0011324614597793526;0.0040549426463067145;0.8918918918918919;0.0024841090085482576;0.001570833637758457;0.030260961646852567
2024-09-16;Lateral;3;-0.0021586418849699985;0.0035489536074930486;0.1958762886597938;0.0028537977462315236;0.0006951558612615249;0.027229852893123362
2024-09-17;Lateral;3;0.00048007681228996637;0.004616123195095831;0.176;0.00033236087004689984;0.004283762325048931;0.03992476064183203
2024-09-18;Lateral;3;-0.002437403057832927;0.004653224019499224;0.15079365079365079;0.0031390796956939212;0.0015141443238053031;0.031291938378056584
2024-09-19;Lateral;3;-0.0021860758086627886;0.005854236911334247;0.43037974683544306;0.004705620808477528;0.0011486161028567193;0.03603533233031621
2024-09-20;Lateral;3;-0.00469060752748696;0.005403579871664978;0.09722222222222222;0.0052159555705655;0.00018762430109947842;0.0275195638531171
2024-09-23;Lateral;2;0.0016767014709244722;0.005601707186952214;0.7891156462585034;0.002743693316058227;0.0028580138708939867;0.03501323218072668
2024-09-24;Venda;1;-0.006405214068996516;0.006817245383376409;0.02197802197802198;0.006555043637861932;0.0002622017455144773;0.036662232984624295
2024-09-25;Lateral;3;-0.0008646941614346404;0.004323470807173202;0.4956521739130435;0.0030076318658596186;0.0013158389413135832;0.03585189462123465
2024-09-26;Lateral;3;-0.003265643181562254;0.0048796967080815285;0.038461538461538464;0.003453323824180774;0.0014263728839007544;0.035967218636880356
2024-09-27;Lateral;2;0.001902133373116515;0.005109652394450246;0.5912408759124088;0.0011189019841861853;0.003990750410264061;0.029243487637637112
2024-09-30;Lateral;2;0.002629601803155522;0.004507888805409466;0.8333333333333334;0.0011269722013523666;0.0033809166040570998;0.02594381575698959
2024-10-01;Compra;0;0.004962592578668371;0.006579194706567916;0.9657142857142857;0.0013910297379600737;0.005188164968607843;0.048209209041579014
2024-10-02;Lateral;3;-0.0032217449266775293;0.006961931565693971;0.047872340425531915;0.0035550288846096876;0.003406902681084284;0.03756679306690271
2024-10-03;Venda;1;-0.0052540066525551855;0.006198971877834896;0.054878048780487805;0.005594194133655882;0.0006047777441790142;0.045533415520779205
2024-10-04;Lateral;3;-7.577192650123129e-05;0.003561280545557871;0.26595744680851063;0.0010229210077666224;0.002538359537791248;0.02801770346385047
2024-10-07;Lateral;3;-0.0012423295561495313;0.005383428076647969;0.02097902097902098;0.0013552686067085796;0.004028159469939389;0.03024187982574643
2024-10-08;Lateral;2;-0.0004181396586459878;0.004257421978940966;0.8303571428571429;0.003953320409016611;0.00030410156992435476;0.03287263631448578
2024-10-09;Lateral;2;-0.00022963870177587263;0.004133496631965708;0.9351851851851852;0.004095223515003062;3.827311696264544e-05;0.034150973835118566
2024-10-10;Lateral;2;0.0011901562559987714;0.0024954889238683916;0.5692307692307692;0.0002303528237416977;0.002265136100126694;0.02433203267887495
2024-10-11;Lateral;2;0.0030885645896069802;0.005443595089182303;0.6666666666666666;0.0005404988031812216;0.004903096286001081;0.027290918919105997
2024-10-14;Lateral;2;0.0035380533015421296;0.006383878783217321;0.8855421686746988;0.002115140560704534;0.004268738222512787;0.031674548141437615
2024-10-15;Compra;0;0.004525754612050781;0.006558508802209182;0.7777777777777778;0.0005753077896674721;0.0059832010125417095;0.03706767140909126
2024-10-16;Lateral;2;0.004886115913703676;0.005712997068330452;0.9802631578947368;0.0007141246335413064;0.004998872434789145;0.03541144453387267
2024-10-17;Lateral;2;0.0015093200513168817;0.002679043091087465;0.7323943661971831;0.0004527960153950645;0.0022262470756924005;0.02895779704265493
2024-10-18;Lateral;2;0.0011328877308258753;0.005362335259242476;0.6126760563380281;0.002152486688569163;0.003209848570673313;0.03155457493003546
2024-10-21;Lateral;3;-0.0018092043270136822;0.005088387169725981;0.362962962962963;0.0036561004108401495;0.0014322867588858316;0.03942990873331051
2024-10-22;Lateral;2;0.0014483915230980333;0.005336179295624333;0.5857142857142857;0.0016770849214819332;0.0036590943741423997;0.04027479998101967
2024-10-23;Venda;1;-0.0035073005222827952;0.005909038923411231;0.3419354838709677;0.005527810605771797;0.00038122831763943424;0.03985661018535955
2024-10-24;Lateral;2;0.002443680794196258;0.005001909125620466;0.9618320610687023;0.002367315769377625;0.002634593356242841;0.02763842412130073
2024-10-25;Lateral;2;0.002123705866737457;0.004588721604914862;0.6446280991735537;0.0008343130190754294;0.003754408585839433;0.030575043360782872
2024-10-28;Lateral;2;0.00015051740357478833;0.002596425211665099;0.8115942028985508;0.001956726246472248;0.0006396989651928504;0.02861896839805826
2024-10-29;Lateral;3;-0.00033818058843422386;0.002630293465599519;0.4;0.0013902979746740316;0.0012399954909254876;0.0313937888055817
2024-10-30;Lateral;3;-0.002036122318162965;0.004411598356019758;0.4358974358974359;0.003959126729761321;0.00045247162625843674;0.02802810609239433
2024-10-31;Lateral;3;-0.0013639980297806237;0.004395104762626454;0.05172413793103448;0.001591331034744061;0.002803773727882393;0.027962779967367072
2024-11-01;Lateral;3;-0.0029032011612804645;0.005271602108640843;0.35507246376811596;0.004775001910000764;0.0004966001986400795;0.029885174664848937
2024-11-04;Lateral;2;0.0034318398474737846;0.004232602478551001;0.8738738738738738;0.0002669208770257388;0.003965681601525262;0.030747259452339956
2024-11-05;Lateral;3;-0.0018232925624857555;0.005052039808554281;0.24060150375939848;0.003038820937476259;0.0020132188710780216;0.03497443730731151
2024-11-06;Venda;1;-0.003324290244927592;0.0066867907225555;0.36;0.0057315349050475715;0.0009552558175079287;0.0371794970706146
2024-11-07;Venda;1;-0.004828184527177398;0.00573346912602316;0.013157894736842105;0.004903624910414545;0.0008298442156086153;0.03774660689802628
2024-11-08;Lateral;3;-0.003442141089108911;0.00525990099009901;0.11029411764705882;0.004022277227722772;0.0012376237623762376;0.033583993216172156
2024-11-11;Lateral;3;-0.0019428793471925393;0.0028754614338449584;0.10810810810810811;0.0022537400427433455;0.0006217213911016126;0.03168079907673085
2024-11-12;Lateral;2;0.002723629430761449;0.005641803820863002;0.6275862068965518;0.0008170888292284347;0.004824714991634567;0.03537984136938063
2024-11-13;Venda;1;-0.004391931283765401;0.007384663220490497;0.18421052631578946;0.005752263982276808;0.0016323992382136889;0.04141693944995306
2024-11-14;Lateral;2;0.0011630611770179111;0.004380863766767465;0.4336283185840708;0.0007366054121113437;0.003644258354656122;0.03714595043685035
2024-11-18;Compra;0;-0.0005054628873595396;0.00797076091605428;0.2975609756097561;0.002877250281892764;0.005093510634161515;0.0425196009562413
2024-11-19;Lateral;2;0.0023686560789034287;0.004116025317438745;0.6415094339622641;0.0002718129926610492;0.0038442123247776957;0.038389930142326896
2024-11-21;Lateral;3;-0.001095890410958904;0.0038747553816046968;0.24242424242424243;0.0020352250489236792;0.0018395303326810175;0.04566019733548624
2024-11-22;Lateral;2;0.002186219012297482;0.0038649228967401915;0.6565656565656566;0.000351356626976381;0.0035135662697638103;0.03783392527844521
2024-11-25;Lateral;2;0.0010019653936567882;0.002967359050445104;0.7272727272727273;0.0011561139157578327;0.0018112451346872713;0.03487212947967236
2024-11-26;Lateral;2;0.0006520905255082471;0.00364403528960491;0.8526315789473684;0.002454929037207518;0.0011891062523973917;0.041948313453217374
2024-11-27;Lateral;2;0.0018423274737084517;0.004222000460581869;0.6727272727272727;0.000997927381592078;0.0032240730789897904;0.040950290072378194
2024-11-28;Venda;1;-0.003460343675042271;0.005623058471943691;0.2867132867132867;0.005072549250914238;0.0005505092210294523;0.038917290072829444
2024-11-29;Compra;0;0.004289436760873923;0.01014231308879535;0.6758893280632411;0.002565644417718982;0.007576668671076368;0.04500536569702361
2024-12-02;Lateral;2;0.002309560785250667;0.004897861665272966;0.926829268292683;0.0022299207581730576;0.0026679409070999084;0.04641959505567334
2024-12-03;Lateral;3;-0.0011079893949586482;0.0043132444303747375;0.5963302752293578;0.0036801076332555103;0.0006331367971192276;0.04385770478090707
2024-12-04;Lateral;2;0.0031594328817977175;0.004778642233719047;0.8016528925619835;0.0006713794873820149;0.0041072627463370325;0.03581051311382005
2024-12-05;Lateral;2;0.0020307740373349996;0.0039053346871826917;0.85;0.0012887604467702882;0.0026165742404124035;0.04029889983806898
2024-12-06;Venda;1;-0.006932748423485175;0.007559437546512083;0.05699481865284974;0.007363597195566175;0.00019584035094590888;0.03704384601426849
2024-12-09;Lateral;2;0.0016099265716417325;0.0037695841677464954;0.5416666666666666;0.0004319315192209526;0.0033376526485255427;0.03222534299713322
2024-12-10;Lateral;2;0.0006624581092666199;0.004909983633387889;0.4523809523809524;0.0015587249629802822;0.003351258670407607;0.03365198680021072
2024-12-11;Lateral;3;-0.003467487435228114;0.006194724743834495;0.0880503144654088;0.00401293489694939;0.0021817898468851054;0.03434365092269749
2024-12-12;Lateral;3;-0.0023116404811346627;0.004505739920855699;0.4782608695652174;0.004466559573717823;3.918034713787564e-05;0.039202378270747185
2024-12-13;Lateral;3;-0.0023824650571791614;0.0049237611181702666;0.23387096774193547;0.003533989834815756;0.0013897712833545108;0.03017461884779849
2024-12-16;Lateral;2;-0.0006411026966382178;0.004247305365228192;0.7735849056603774;0.003926754016909084;0.0003205513483191089;0.0363821954146072
2024-12-17;Venda;1;-0.004699738903394256;0.006748343040771239;0.23214285714285715;0.006266318537859008;0.0004820245029122314;0.03530220431263199
2024-12-18;Venda;1;-0.005335881814199817;0.006968502369290806;0.02857142857142857;0.00553498188189384;0.0014335204873969656;0.030701672788569983
2024-12-19;Lateral;2;0.0012567907240736236;0.004946079623773615;0.680327868852459;0.0021081650855428527;0.002837914538230763;0.04209687747280786
2024-12-20;Lateral;2;0.002570903897163844;0.005305039787798408;0.5;8.161599673536013e-05;0.005223423791063048;0.03163161520173306
2024-12-23;Lateral;3;-0.0037008418398470863;0.00573427142218065;0.05673758865248227;0.004026190573020456;0.0017080808491601936;0.027493574972642425
2024-12-26;Lateral;2;0.0033982967572879137;0.005445463478545693;0.7518796992481203;0.0006960366852276449;0.004749426793318048;0.030528601979352858
2024-12-27;Lateral;2;0.0020889653477512904;0.004915212582944212;0.43333333333333335;4.0960104857868435e-05;0.004874252478086344;0.029553132081063874
2024-12-30;Lateral;3;-0.0021715081738845413;0.0042610726430941945;0.09615384615384616;0.002581226697258983;0.0016798459458352113;0.02967143879206874
2025-01-02;Compra;0;0.003358069731768998;0.007835496040794329;0.7513227513227513;0.002528916711579122;0.005306579329215207;0.05029982198483247
2025-01-03;Venda;1;-0.0038019671047193984;0.004959087527894868;0.20833333333333334;0.004835110339697496;0.0001239771881973717;0.048418434598645047
2025-01-06;Compra;0;0.002149204381070469;0.006902252531514776;0.8263473053892215;0.003554453399462699;0.003347799132052077;0.07825006559137251
2025-01-07;Compra;0;0.0013915036424654171;0.0035196856838831136;0.6395348837209303;0.0008594581321109928;0.002660227551772121;0.06228900426517684
2025-01-08;Venda;1;-0.00144610172292691;0.003966450440028095;0.23958333333333334;0.0023963971408503077;0.0015700532991777879;0.059404798807976285
2025-01-09;Lateral;2;0.0005795901469675016;0.003477540881805009;0.7976190476190477;0.002194162699234113;0.0012833781825708963;0.0491896457645522
2025-01-10;Lateral;3;-0.0018713353017008358;0.0036595001455483013;0.125;0.0023287728198943735;0.0013307273256539277;0.0516082458238464
2025-01-13;Compra;0;0.003755006675567423;0.007092790387182911;0.7941176470588235;0.0018775033377837116;0.005215287049399199;0.05413617106823037
2025-01-14;Venda;1;-0.004537885095753539;0.008742714404662781;0.47619047619047616;0.008701082431307244;4.1631973355537055e-05;0.06208781997573402
2025-01-15;Lateral;3;-0.002542859486506439;0.004265441719301124;0.2403846153846154;0.0035682060536461322;0.0006972356656549913;0.03627797403303205
2025-01-16;Venda;1;-0.0018740324289089872;0.005092479426383118;0.2;0.002892528314185611;0.002199951112197507;0.05092253301959963
2025-01-17;Compra;0;0.007996063476442368;0.009021199819576003;0.9590909090909091;0.0006560872596055276;0.008365112559970475;0.049443779472529314
2025-01-20;Compra;0;0.007243133265513733;0.008626653102746695;0.9245283018867925;0.0007324516785350967;0.007894201424211596;0.04497155700732231
2025-01-21;Lateral;3;-0.0015392716814517763;0.0027139790172965527;0.1791044776119403;0.0020253574755944425;0.0006886215417021104;0.031795736288092964
2025-01-22;Lateral;3;-0.0010478378269455526;0.003909241123604562;0.010309278350515464;0.001088139281828074;0.0028211018417764883;0.040022589959137815
2025-01-23;Venda;1;-0.005265484947144178;0.007315406567788094;0.15934065934065933;0.006431126653000522;0.0008842799147875718;0.03978781867989573
2025-01-24;Lateral;3;-0.004010532712173384;0.005306866518128418;0.1984732824427481;0.005063803929511849;0.00024306258861656876;0.027624419249491997
2025-01-27;Lateral;2;0.00128783000643915;0.004024468770122344;0.49;0.0006841596909207985;0.0033403090792015456;0.03885667717516335
2025-01-28;Lateral;3;4.00368338871762e-05;0.0030027625415382153;0.13333333333333333;0.0003603315049845858;0.0026424310365536293;0.03076013744881093
2025-01-29;Lateral;2;0.0009245116166894444;0.003416673366026208;0.9176470588235294;0.0022107886486051934;0.0012058847174210145;0.030581497595428504
2025-01-30;Compra;0;0.00486598596043395;0.00885449904275686;0.7207207207207207;0.0015156349712827058;0.007338864071474154;0.04009074396898362
2025-01-31;Lateral;3;-0.0012522011348072785;0.005752298963020935;0.4557823129251701;0.003873997260810018;0.0018783017022109176;0.0373516758247494
2025-02-03;Lateral;3;0.00043590251634634437;0.0038042401426590052;0.34375;0.0008718050326926887;0.0029324351099663166;0.03449999776204824
2025-02-04;Lateral;2;0.0039558858786861665;0.00603372492607688;0.8344370860927153;0.001078877966914409;0.004954846959162471;0.03705208249141491
2025-02-05;Lateral;2;-3.98628717212788e-05;0.005819979271306705;0.7945205479452054;0.00466395599138962;0.0011560232799170853;0.041210909506166044
2025-02-06;Compra;0;0.000556549393758696;0.007553170343868018;0.35789473684210527;0.002146690518783542;0.005406479825084476;0.04931212030062792
2025-02-07;Venda;1;-0.005057889121586913;0.007902951752479551;0.32;0.007586833682380369;0.00031611807009918205;0.03615188618641064
2025-02-10;Venda;1;-0.004791509919613511;0.007127865996119273;0.3055555555555556;0.006969468973983289;0.00015839702213598384;0.03954538427686333
2025-02-11;Lateral;3;-0.0009085881330489058;0.004700955992731295;0.08403361344537816;0.0013036264517658214;0.0033973295409654735;0.03498248715364203
2025-02-12;Lateral;2;0.0008660053534876398;0.004172571248622264;0.5283018867924528;0.0013383719099354433;0.002834199338686821;0.03201647243608224
2025-02-13;Lateral;2;-0.00035575934856510395;0.004269112182781248;0.7592592592592593;0.0035971223021582736;0.0006719898806229742;0.03808577415512752
2025-02-14;Lateral;2;0.002843786521231009;0.003856641994546163;0.898989898989899;0.0006232956758862485;0.0032333463186599142;0.025566195229248277
2025-02-17;Lateral;2;0.002554521885008388;0.004422754308372731;0.7327586206896551;0.0006862894616440446;0.003736464846728687;0.038811544581861195
2025-02-18;Lateral;2;0.0012228208949520425;0.003974167908594138;0.7019230769230769;0.0015667392716573044;0.0024074286369368337;0.03519953218566719
2025-02-19;Lateral;3;-0.002229054573405073;0.004112221368178325;0.34579439252336447;0.0036510376633358955;0.0004611837048424289;0.03543272513246832
2025-02-20;Lateral;2;0.0029360633571566546;0.005369905350589144;0.7194244604316546;0.0009271779022599962;0.004442727448329148;0.04080057706278561
2025-02-21;Lateral;3;-0.002896983274749894;0.004210282359303179;0.27522935779816515;0.004055776584649852;0.00015450577465332766;0.0339372423746731
2025-02-24;Lateral;3;-0.0016666020696872214;0.004030851517383047;0.08653846153846154;0.0020154257586915236;0.0020154257586915236;0.04075252101657451
2025-02-25;Compra;0;0.003709778194314277;0.006287097781943142;0.7080745341614907;0.0007419556388628554;0.0055451421430802875;0.042240417559866274
2025-02-26;Venda;1;-0.0029007094978636665;0.006820587197679432;0.3218390804597701;0.005095841009760496;0.001724746187918937;0.04156705235191815
2025-02-27;Lateral;3;0.0;0.0038790373654211526;0.42857142857142855;0.001662444585180494;0.002216592780240659;0.03786299207258664
2025-02-28;Venda;1;-0.0031683168316831685;0.006099009900990099;0.2857142857142857;0.004910891089108911;0.001188118811881188;0.0400134965616645
2025-03-06;Venda;1;-0.0006415139729762239;0.005813720380097029;0.5586206896551724;0.0038891784611683575;0.0019245419189286718;0.05497582782066528
2025-03-07;Super Compra;4;0.009916094584286803;0.010799309486530973;0.9628252788104089;0.0004817535830422739;0.0103175559034887;0.06533207779434645
2025-03-10;Compra;0;0.00011964584828906437;0.0051048895270000795;0.765625;0.003788785195820372;0.001316104331179708;0.05649881534883051
2025-03-11;Venda;1;-0.003957467220978574;0.005836264790534058;0.13013698630136986;0.0047169811320754715;0.0011192836584585865;0.05216797144438021
2025-03-12;Venda;1;-0.0029573974902086164;0.004675885221005515;0.3247863247863248;0.00447606106626169;0.00019982415474382542;0.039841305681277986
2025-03-13;Super Compra;4;0.01259093452714046;0.013830042369493964;0.9393063583815029;0.00039971220721080823;0.013430330162283156;0.0585324592385813
2025-03-14;Super Compra;4;0.009431388596593787;0.011574886004910558;0.9696969696969697;0.001792743286955844;0.009782142717954714;0.04666176615214037
2025-03-17;Compra;0;0.0042887229561554665;0.0063947922649818115;0.7305389221556886;0.0003829216925138809;0.006011870572467931;0.04259797053856315
2025-03-18;Lateral;2;0.0011741979470474603;0.0026135373660088634;0.5507246376811594;0.00026514147191394264;0.0023483958940949206;0.03220153016327541
2025-03-19;Compra;0;0.0020616238098808007;0.005172801559337282;0.43478260869565216;0.00018742034635280006;0.004985381212984481;0.043605277162374764
2025-03-20;Lateral;2;0.00037418147801683815;0.003666978484565014;0.9081632653061225;0.0029560336763330215;0.0007109448082319925;0.041355973614269674
2025-03-21;Lateral;3;-0.00015007128385983342;0.0051024236512343365;0.2867647058823529;0.0016132663014932092;0.0034891573497411272;0.043016501756693054
2025-03-24;Lateral;2;0.001466496202150861;0.004249078739565315;0.5575221238938053;0.0009024592013236069;0.0033466195382417085;0.034999389755566566
2025-03-25;Lateral;2;0.0038942559724406503;0.004792930427619262;0.9140625;0.0004867819965550813;0.00430614843106418;0.029100250176658283
2025-03-26;Lateral;3;-0.0010866714130475512;0.00427174279611796;0.043859649122807015;0.0012740285532281635;0.0029977142428897967;0.03138970219642535
2025-03-27;Lateral;3;-0.0007848120188354885;0.003512968084311234;0.32978723404255317;0.001943344046640257;0.001569624037670977;0.03387828517277266
2025-03-28;Venda;1;-0.008104153378606536;0.008629422579071774;0.05652173913043478;0.008591903350467115;3.7519228604659885e-05;0.03910957450182807
2025-03-31;Lateral;3;0.0006089670396589784;0.0028545329984014617;0.4666666666666667;0.000723148359595037;0.0021313846388064245;0.031184265519010296
2025-04-01;Compra;0;0.005023595676663115;0.009666615923275994;0.7244094488188977;0.001978992236261227;0.0076876236870147665;0.047833896795383773
2025-04-02;Compra;0;0.002859975594874924;0.006597010372178158;0.7052023121387283;0.0017922513727882856;0.004804758999389872;0.04015667740201883
2025-04-03;Venda;1;-0.002980007544322897;0.007657487740475292;0.03940886699507389;0.0032817804602036965;0.004375707280271595;0.041896762321707685
2025-04-04;Venda;1;-0.005702456743350389;0.009334843573018788;0.38493723849372385;0.009295785650119126;3.905792289966019e-05;0.040016268594514556
2025-04-07;Super Compra;4;0.013223930534533577;0.029116545845614593;0.49794801641586867;0.0012745957141719112;0.027841950131442684;0.07759605077103762
2025-04-08;Super Venda;5;-0.009410560302397921;0.013859904713155097;0.04261363636363636;0.010001181241878963;0.003858723471276135;0.04157561576477602
2025-04-09;Venda;1;-0.004217714400482024;0.009720827475396666;0.09917355371900827;0.005181763406306487;0.004539064069090179;0.04685297103922235
2025-04-10;Lateral;3;-0.0011037092514486185;0.00674051007134692;0.22807017543859648;0.002641018565966337;0.004099491505380582;0.036171517338121933
2025-04-11;Venda;1;-0.002559155872278436;0.009449190913028071;0.475;0.00704752155596677;0.0024016693570613015;0.03925397869921092
2025-04-14;Lateral;3;-0.002052195461937582;0.006311469062185395;0.11042944785276074;0.002749167505614497;0.0035623015565708974;0.03607276142847325
2025-04-15;Venda;1;-0.0039307873135766315;0.008054260279779568;0.2727272727272727;0.006127403753516513;0.0019268565262630544;0.04145185978536025
2025-04-16;Lateral;3;-0.002060360944713648;0.007211263306497768;0.25396825396825395;0.003891792895570224;0.003319470410927544;0.03071942020216635
2025-04-17;Lateral;2;0.00099123141441098;0.005146778497903164;0.6296296296296297;0.002249332825009531;0.0028974456728936334;0.03368764218112953
2025-04-22;Compra;0;0.007526799969588687;0.009351478750095035;0.926829268292683;0.0011404242378164678;0.008211054512278567;0.03749298600460537
2025-04-23;Lateral;2;0.0012554464219776973;0.00494793589838269;0.8656716417910447;0.0030278413706520935;0.001920094527730596;0.037821651588357666
2025-04-24;Lateral;2;0.002293069013980324;0.004623123012057105;0.88;0.0017752792366299282;0.0028478437754271765;0.04158517153279795
2025-04-25;Compra;0;0.004280070237050044;0.005853087503658179;0.79375;0.0003658179689786362;0.005487269534679543;0.038095723627237545
2025-04-28;Lateral;2;0.0019631366561238955;0.004362525902497546;0.5583333333333333;0.0004726069727705675;0.0038899189297269786;0.037343337894449345
2025-04-29;Compra;0;0.005085915646456207;0.0067933301849093615;0.893048128342246;0.0009808551603879827;0.005812475024521379;0.04224717496387745
2025-04-30;Venda;1;-0.0025621316935690495;0.004941253980454596;0.2074074074074074;0.0035869843709966692;0.0013542696094579261;0.04533527943963807
2025-05-02;Lateral;2;0.0021561175266773865;0.006102908931442772;0.8802395209580839;0.00321590410758661;0.0028870048238561615;0.043418886581172135
2025-05-05;Venda;1;-0.003262702544174793;0.00612214971772124;0.38922155688622756;0.005645575188796832;0.00047657452892440797;0.048644842135615624
2025-05-06;Lateral;3;-0.001289561917394348;0.004495044397774584;0.08196721311475409;0.001658008179507019;0.0028370362182675657;0.04486979640940827
2025-05-07;Lateral;3;-0.0004076187652857037;0.0030015563625583634;0.49382716049382713;0.0018898688208700807;0.0011116875416882829;0.04405432787650849
2025-05-08;Lateral;2;-0.0012249603689292404;0.004287361291252342;0.680672268907563;0.004143248306672431;0.00014411298457991066;0.03868553150197702
2025-05-09;Venda;1;-0.0017650660999243544;0.00623176398544721;0.41040462427745666;0.004322610856957602;0.0019091531284896076;0.04193070975787449
2025-05-12;Lateral;3;-0.00025262550073983184;0.005124688729293731;0.39436619718309857;0.0022736295066584865;0.002851059222635245;0.03787202101850967
2025-05-13;Lateral;2;0.004266915271253899;0.005342608196780093;0.8993288590604027;0.0005378464627630965;0.004804761734016996;0.032670570571929854
2025-05-14;Lateral;3;-0.0020964360587002098;0.005329922183136126;0.44;0.0044416018192801054;0.000888320363856021;0.038260083157183655
2025-05-15;Lateral;3;-0.0005698208625663307;0.005698208625663307;0.21875;0.001816303999430179;0.003881904626233128;0.04340454763133708
2025-05-16;Venda;1;-0.0036095922232943782;0.005718165898288124;0.35;0.005610950287695222;0.00010721561059290233;0.034123929041445095
2025-05-19;Lateral;2;0.0015602283606964292;0.003723272224389206;0.8285714285714286;0.0015247686252260557;0.00219850359916315;0.040856341748145716
2025-05-20;Lateral;2;-7.104038645970234e-05;0.003054736617767201;0.5465116279069767;0.0017404894682627073;0.0013142471495044934;0.03152107339167193
2025-05-21;Venda;1;-0.004619594186418393;0.008457410895135213;0.3907563025210084;0.00792438079670232;0.0005330300984328915;0.04478965783746327
2025-05-22;Lateral;2;0.0036752783482866718;0.0045040175836846465;0.912;0.0004323856880337261;0.004071631895650921;0.033438598403246346
2025-05-23;Compra;0;0.007737791079640849;0.009088254617125337;0.8514056224899599;0.0;0.009088254617125337;0.036235165832091784
2025-05-26;Lateral;3;-0.002544894082225169;0.0037635757554034194;0.1619047619047619;0.0031542349188142943;0.000609340836589125;0.0313980704945579
2025-05-27;Compra;0;0.002238965100575734;0.006503660530243798;0.4098360655737705;0.00042646954296680646;0.006077190987276992;0.03390649739539686
2025-05-28;Lateral;2;7.137504014846008e-05;0.003568752007423004;0.78;0.002712251525641483;0.000856500481781521;0.026396804985552993
2025-05-29;Lateral;2;0.0036998455404288946;0.00585509536980495;0.7116564417177914;0.00046697079636481197;0.005388124573440138;0.03358270506307907
2025-05-30;Lateral;3;-0.0014831428158008971;0.004196208942265953;0.5344827586206896;0.00372594414701201;0.000470264795253943;0.0323461737598215
2025-06-02;Lateral;3;-0.0017374936653876782;0.0034387895460797797;0.24210526315789474;0.002570042713385941;0.0008687468326938391;0.031096169404966796
2025-06-03;Compra;0;0.005654045378273875;0.0081345298022908;0.8968609865470852;0.0016414970453053185;0.006493032756985482;0.04075217010851486
2025-06-04;Venda;1;-0.0033806869268117245;0.007552598453515555;0.05238095238095238;0.0037762992267577774;0.0037762992267577774;0.03967339914277449
2025-06-05;Lateral;3;-0.0013792102206736353;0.004427990708478513;0.6311475409836066;0.004173925667828107;0.00025406504065040653;0.03939773576631573
2025-06-06;Venda;1;-0.006627822286962855;0.008157319737800437;0.05357142857142857;0.007064821558630735;0.0010924981791697013;0.03696084745150218
2025-06-09;Lateral;2;0.004718733744519581;0.005424686037006762;0.910958904109589;0.00022293230289068886;0.005201753734116073;0.029730287852483127
2025-06-10;Lateral;3;0.00021851555102338116;0.005390050258576735;0.23648648648648649;0.001056158496613009;0.004333891761963727;0.03936463742068771
2025-06-11;Lateral;3;-0.0017163933827557243;0.005587408245992039;0.0392156862745098;0.0019355074316181572;0.0036519008143738817;0.034887032142624785
2025-06-12;Compra;0;0.0013856476079346558;0.005579054842473745;0.30718954248366015;0.0003281796966161027;0.005250875145857643;0.04273767040128179
2025-06-13;Lateral;2;-0.0007645259938837921;0.006079801951361584;0.688622754491018;0.004951215960390273;0.001128585990971312;0.04081219920474161
2025-06-16;Lateral;2;0.0035823034210997673;0.00523016299480566;0.9452054794520548;0.0013612753000179115;0.0038688876947877487;0.03359574640158461
2025-06-17;Lateral;3;-0.003874995515051487;0.004915503570019016;0.10948905109489052;0.004413189336586416;0.0005023142334326002;0.034864504552801455
2025-06-18;Lateral;2;0.0032949512843224093;0.005031000885739593;0.6619718309859155;3.54295837023915e-05;0.004995571302037201;0.030260908375507326
2025-06-20;Venda;1;-0.005134788189987163;0.007060333761232349;0.10101010101010101;0.005847953216374269;0.0012123805448580802;0.03055478409217533
2025-06-23;Lateral;2;0.0009354873529305941;0.003346166300867125;0.6451612903225806;0.001223329615370777;0.002122836685496348;0.028615554186048733
2025-06-24;Compra;0;0.007647840292987685;0.008078704534846146;0.9733333333333334;0.00021543212092923054;0.007863272413916916;0.0377037901812632
2025-06-25;Lateral;3;-0.0002526984585394029;0.004043175336630446;0.35714285714285715;0.0016966896501931338;0.0023464856864373125;0.03206782083029482
2025-06-26;Lateral;2;0.0032757379409647227;0.0055075593952483804;0.7254901960784313;0.0007199424046076314;0.004787616990640749;0.036090732645594245
2025-06-27;Lateral;3;-0.0005391804457225018;0.0037742631200575125;0.2571428571428571;0.001509705248023005;0.0022645578720345075;0.030574806379511876
2025-06-30;Lateral;2;0.0007847053787986874;0.0029961478099586247;0.8452380952380952;0.001747752889142531;0.0012483949208160936;0.02866230928150698
2025-07-01;Lateral;2;3.5378192881907595e-05;0.002688742659024977;0.6842105263157895;0.0018042878369772873;0.0008844548220476898;0.033874193741343296
2025-07-02;Lateral;2;0.0009950956002558818;0.0040869997867652285;0.7478260869565218;0.002061269457672898;0.0020257303290923305;0.043818430862703206
2025-07-03;Lateral;3;-0.0020981221806483197;0.004720774906458719;0.0962962962962963;0.002552715319788789;0.0021680595866699305;0.03344010384538437
2025-07-04;Lateral;2;0.0012589613568805736;0.002797691904179052;0.4625;3.497114880223815e-05;0.0027627207553768142;0.025997324985203032
2025-07-07;Lateral;3;-0.0024896556560768637;0.003822147415667298;0.3211009174311927;0.003716950697804895;0.00010519671786240269;0.03573346231944027
2025-07-08;Lateral;2;-0.00035423308537017357;0.0037194473963868225;0.5523809523809524;0.0024087849805171802;0.0013106624158696423;0.03318052349715668
2025-07-09;Lateral;3;-0.0022492770181013247;0.0034274697418686852;0.020833333333333332;0.002320682637723589;0.0011067871041450961;0.028254025074009727
2025-07-10;Lateral;2;0.0016670894792157431;0.004820063059471605;0.6992481203007519;0.001703330554850868;0.0031167325046207372;0.03143788476137513
2025-07-11;Compra;0;0.002075368651010377;0.007281995266703077;0.46;0.0012743491716730383;0.006007646095030038;0.035298471626112875
2025-07-14;Venda;1;-0.004196773958105248;0.005838989854755127;0.2625;0.005729508794978469;0.00010948105977665864;0.03155499252493657
2025-07-15;Lateral;3;-0.0011369471136213598;0.003997652754346072;0.5596330275229358;0.003374165627521455;0.0006234871268246167;0.02691489908788609
2025-07-16;Lateral;3;-0.0026452110657996255;0.004739336492890996;0.007751937984496124;0.0026819501083801757;0.0020573863845108195;0.03296507848612111
2025-07-17;Lateral;2;0.0036281012936563196;0.005643713123465386;0.8896103896103896;0.0013926045369589914;0.004251108586506395;0.03430748502982547
2025-07-18;Lateral;3;-0.001837424665588711;0.004814052623842422;0.1297709923664122;0.0024621490518888724;0.00235190357195355;0.028901847848808757
2025-07-21;Lateral;2;0.003400103481410304;0.005284943454800798;0.8811188811188811;0.0012565599822603297;0.0040283834725404685;0.03283628779242474
2025-07-22;Lateral;2;0.0009922457829554224;0.0039689831318216896;0.6388888888888888;0.0015434934401528794;0.00242548969166881;0.029161599954477736
2025-07-23;Lateral;2;0.003358057492896417;0.004834126720543194;0.7175572519083969;0.00011070519207350825;0.004723421528469685;0.030186884496905157
2025-07-24;Lateral;2;0.003083782277540405;0.005090098458108861;0.7007299270072993;0.0004830020434701839;0.004607096414638677;0.029600719528807173
2025-07-25;Lateral;3;-0.0006693191536831146;0.0040902837169523665;0.09090909090909091;0.0010411631279515115;0.0030491205890008552;0.028553871091836054
2025-07-28;Lateral;2;0.0009755731492251697;0.004014858729503583;0.5607476635514018;0.0012757495028329143;0.002739109226670669;0.026151354057677514
2025-07-29;Lateral;2;0.0027797603395815335;0.0048457984298110515;0.627906976744186;0.00026295030239284776;0.004582848127418204;0.03732268551126159
2025-07-30;Lateral;3;-0.004126960306145419;0.005815262249568545;0.0967741935483871;0.004689727620619795;0.0011255346289487506;0.03254517863341131
2025-07-31;Lateral;3;-0.0017997750281214847;0.003487064116985377;0.17204301075268819;0.002399700037495313;0.0010873640794900638;0.03602684632520904
2025-08-01;Lateral;3;-0.00048545502072519514;0.005601404085290713;0.26;0.0019418200829007806;0.0036595840023899325;0.031953660356291796
2025-08-04;Lateral;2;0.0019474926032732856;0.004381858357364893;0.5470085470085471;0.00044942136998614283;0.00393243698737875;0.0332605240316892
2025-08-05;Venda;1;-0.006078233956072641;0.008912257150315099;0.16317991631799164;0.007532535332065481;0.0013797218182496178;0.03932682953145522
2025-08-06;Venda;1;-0.004394062476921941;0.005391034635551289;0.1643835616438356;0.005280259951259139;0.00011077468429214977;0.03612342258388488
2025-08-07;Lateral;2;0.0009543385699603582;0.003890764939069153;0.9056603773584906;0.0025693730729701952;0.0013213918660989576;0.032424839607378214
2025-08-08;Lateral;2;0.004158998895841001;0.005299963194700037;0.8611111111111112;0.0004048582995951417;0.0048951048951048955;0.03281117660267659
2025-08-11;Lateral;2;0.0012154696132596686;0.003609576427255985;0.7959183673469388;0.0016574585635359116;0.0019521178637200737;0.027045205408194516
2025-08-12;Lateral;2;0.0017792302106027595;0.003594771241830065;0.7777777777777778;0.0010167029774872912;0.002578068264342774;0.031190628223103166
2025-08-13;Lateral;3;-0.001175674231358438;0.003384516726637928;0.3157894736842105;0.0022444689871388363;0.0011400477394990915;0.02592505150822003
2025-08-14;Compra;0;0.0066745613090752505;0.008791760864104497;0.8408163265306122;0.0007176947644166936;0.008074066099687803;0.041202951683897544
2025-08-15;Lateral;3;-0.00032340364368105214;0.0041323798914801105;0.5043478260869565;0.0024075604585144994;0.0017248194329656113;0.029942813783984303
2025-08-18;Compra;0;0.006701067870708808;0.00695190998351609;0.9639175257731959;0.0;0.00695190998351609;0.03348533105255956
2025-08-19;Lateral;3;-0.003697795823665893;0.004712877030162413;0.16923076923076924;0.0044953596287703014;0.00021751740139211136;0.03302377107335578
2025-08-20;Lateral;3;-0.0017136398439493929;0.004083567287709191;0.26785714285714285;0.0028074525103000693;0.0012761147774091224;0.03399983190908195
2025-08-21;Lateral;3;-0.0005110981308411214;0.003833235981308411;0.42857142857142855;0.002153913551401869;0.001679322429906542;0.022544338162945987
2025-08-22;Super Compra;4;0.013540422142572681;0.014698960935520075;0.9211822660098522;0.0;0.014698960935520075;0.040709495551965125
2025-08-25;Lateral;2;0.002235707441711913;0.005039213598779233;0.7605633802816901;0.0015969338869370809;0.003442279711842152;0.032522267465144826
2025-08-26;Venda;1;-0.004522792022792023;0.00698005698005698;0.32142857142857145;0.006766381766381766;0.00021367521367521368;0.03953620799701915
2025-08-27;Lateral;2;0.0005716123039548426;0.0028223357507770356;0.6962025316455697;0.0013933049908899289;0.0014290307598871066;0.03206892344539956
2025-08-28;Compra;0;0.003653953229398664;0.00692511135857461;0.542713567839196;0.00010439866369710468;0.006820712694877506;0.048108224267741743
2025-08-29;Lateral;2;0.0024305555555555556;0.0034027777777777776;0.8367346938775511;0.0004166666666666667;0.0029861111111111113;0.031297783305112716
2025-09-01;Lateral;3;-0.002778646104685492;0.004063769928102532;0.15384615384615385;0.0034038414782397277;0.0006599284498628044;0.02712385504678723
2025-09-02;Lateral;2;0.001295699677826026;0.003852080123266564;0.4818181818181818;0.0005603025633842274;0.0032917775598823363;0.03604869104651261
2025-09-03;Compra;0;0.002854223193206244;0.005497022446174988;0.5769230769230769;0.00031713591035624933;0.005179886535818739;0.040760549440564245
2025-09-04;Lateral;2;0.0007734767781176388;0.0033751713954224237;0.9166666666666666;0.0023204303343529165;0.0010547410610695074;0.032833208312166316
2025-09-05;Super Venda;5;-0.0077076594866148235;0.010907714541325442;0.19558359621451105;0.00984102952308857;0.0010666850182368729;0.044615210061827844
2025-09-08;Lateral;3;-0.0033020507473062216;0.003962460896767466;0.07017543859649122;0.0035801181786583244;0.00038234271810914147;0.033708949459207195
2025-09-09;Lateral;2;0.0010440229685053071;0.003166869671132765;0.4725274725274725;0.0004524099530189664;0.0027144597181137987;0.04336023048731508
2025-09-10;Lateral;3;-0.00010383856564327991;0.004361219757017756;0.23809523809523808;0.0011422242220760792;0.0032189955349416774;0.03476252558465023
2025-09-11;Compra;0;0.004210671636639746;0.005970870435562919;0.7514450867052023;0.0002761096155173604;0.0056947608200455585;0.03572782094415541
2025-09-12;Lateral;3;-0.003524168192654528;0.005251701620426355;0.125;0.004180630895207822;0.001071070725218533;0.032517873019298885
2025-09-15;Lateral;2;0.002694393588724999;0.0069777885246467925;0.8217821782178217;0.0030398286642025632;0.003937959860444229;0.038107753058009224
2025-09-16;Lateral;3;-0.00010307861462341947;0.002680043980208906;0.5128205128205128;0.001477460142935679;0.001202583837273227;0.03188208099222285
2025-09-17;Lateral;3;-0.0012944983818770227;0.0035769034236075624;0.5714285714285714;0.0033384431953670584;0.00023846022824050418;0.034629711373083905
2025-09-18;Lateral;3;0.0008190567196778377;0.003105590062111801;0.3516483516483517;0.00027301890655927923;0.002832571155552522;0.028290881597758513
2025-09-19;Lateral;2;0.0004761580844840487;0.0028229372151554314;0.5662650602409639;0.0011223726277124005;0.0017005645874430312;0.0264209339813759
2025-09-22;Venda;1;-0.004347230779763127;0.005784897651810775;0.23076923076923078;0.00568220716095023;0.00010269049086054631;0.03561969146171422
2025-09-23;Lateral;2;0.003944236654199252;0.005780346820809248;0.8235294117647058;0.0008160489629377763;0.004964297857871472;0.037817199438268057
2025-09-24;Lateral;3;-0.0008814156891992677;0.0037629669808122586;0.09009009009009009;0.0012204217235066784;0.00254254525730558;0.033196964485697776
2025-09-25;Lateral;2;0.00047669311178453474;0.004596683577922299;0.6296296296296297;0.0024175150669072834;0.002179168511015016;0.03345360750214866
2025-09-26;Lateral;3;-0.0005123650771963383;0.004133078289383796;0.2975206611570248;0.0017420412624675502;0.002391037026916245;0.030196796910823123
2025-09-29;Lateral;3;-0.0022004807204035345;0.003080673008564948;0.08791208791208792;0.0024713091167608923;0.0006093638918040557;0.026269790935606396
2025-09-30;Venda;1;-0.005919962112242482;0.006698014275565779;0.09595959595959595;0.00656270085585738;0.00013531341970839957;0.03463026528696128
2025-10-01;Venda;1;-0.004723392687236645;0.005844773684925921;0.12790697674418605;0.005470980019029496;0.00037379366589642516;0.033188637848961255
2025-10-02;Super Venda;5;-0.009689789769225502;0.009997945627610765;0.030821917808219176;0.009997945627610765;0.0;0.04516131198707907
2025-10-03;Lateral;3;-0.0012445550715619166;0.004252229827836548;0.3902439024390244;0.002903961833644472;0.0013482679941920763;0.029838809116368614
2025-10-06;Lateral;2;-0.0001038781163434903;0.0036357340720221606;0.638095238095238;0.0024238227146814403;0.0012119113573407201;0.03727851060124755
2025-10-07;Lateral;3;-0.001651382593724746;0.004146024384245107;0.5169491525423728;0.0037946663855802677;0.00035135799866483963;0.029650512915836844
2025-10-08;Lateral;2;0.00246071642000914;0.003937146272014623;0.7678571428571429;0.0005624494674306605;0.003374696804583963;0.03463687440457411
2025-10-09;Lateral;3;-0.0010876429724229878;0.0038593782892428602;0.44545454545454544;0.002806820573994807;0.0010525577152480528;0.03425041145459176
2025-10-10;Lateral;3;-0.001586909757731777;0.005783404450400254;0.14634146341463414;0.002433261628522058;0.0033501428218781957;0.03742742802289742
2025-10-13;Lateral;2;-0.0003869969040247678;0.003975513650436251;0.5575221238938053;0.0026034337179848014;0.0013720799324514494;0.03583485703637386
2025-10-14;Lateral;3;0.0010564868291308635;0.006021974926045922;0.34502923976608185;0.0010212706014931681;0.0050007043245527535;0.0371119889704157
2025-10-15;Lateral;2;0.0026101590136346463;0.004361713088573685;0.7874015748031497;0.0008242607411477831;0.0035374523474259022;0.03447587045164015
2025-10-16;Compra;0;0.0042024043264097;0.0068547414832420515;0.864321608040201;0.0017222968550859427;0.005132444628156109;0.035883909801638296
2025-10-17;Lateral;2;0.0010631730571369778;0.004835722614719803;0.5886524822695035;0.001783387063584608;0.0030523355511351945;0.03155289897276803
2025-10-20;Lateral;2;0.002718222282627162;0.003499711188882471;0.7864077669902912;3.3977778532839525e-05;0.0034657334103496314;0.028830492309214084
2025-10-21;Lateral;2;0.001495022255444939;0.006285889028575312;0.6054054054054054;0.0023104889402330874;0.003975400088342224;0.03239664375745825
2025-10-22;Lateral;2;0.002106407555887749;0.003805123326764966;0.7410714285714286;0.0007134606237684311;0.0030916627029965345;0.03297430399665759
2025-10-23;Lateral;3;-0.0004043399150886178;0.0025945144551519643;0.36363636363636365;0.0013477997169620594;0.001246714738189905;0.02857528704878272
2025-10-24;Lateral;3;-0.003078982597054886;0.0036479250334672023;0.11926605504587157;0.0035140562248995983;0.00013386880856760375;0.02734971814600781
2025-10-27;Lateral;2;0.001000934205258241;0.003670092085946884;0.8545454545454545;0.0021353263045509143;0.0015347657813959696;0.02813151934459214
2025-10-28;Lateral;2;0.0012344031493961433;0.002602255287916194;0.5384615384615384;0.00016681123640488422;0.0024354440515113097;0.026133109088419464
2025-10-29;Lateral;2;0.0016220331689231686;0.0031778609023800854;0.7083333333333334;0.0006289516369293919;0.0025489092654506934;0.027856871015862757
2025-10-30;Lateral;2;0.0029093794425893477;0.004297946903825173;0.9384615384615385;0.0011240784210004298;0.003173868482824743;0.03203267205272105
2025-10-31;Lateral;2;0.0017498101621050547;0.0036646967545973788;0.6216216216216216;0.0005282445772392618;0.003136452177358117;0.027276726054932275
2025-11-03;Lateral;2;0.0020642878207018578;0.004390707428159508;0.8805970149253731;0.0018021560339460663;0.0025885513942134407;0.03202716487205279
2025-11-04;Lateral;2;0.0026204592354810183;0.004847849585639883;0.8175675675675675;0.0013429853581840218;0.0035048642274558618;0.038412645605387534
2025-11-05;Compra;0;0.005181684862310575;0.0072348052794525015;0.8513513513513513;0.000977676389115203;0.0062571288903372985;0.0417437317615251
2025-11-06;Venda;1;-0.0034839864476123505;0.00396343412388928;0.08064516129032258;0.00380361823179697;0.00015981589209230966;0.04325841342383996
2025-11-07;Lateral;3;-0.0014847809948032665;0.003098673380458991;0.3645833333333333;0.0026145056647622735;0.00048416771569671736;0.034560079018877254
2025-11-10;Venda;1;-0.004757826624797792;0.005677673105592032;0.055865921787709494;0.005075015066450979;0.0006026580391410537;0.037028479709359595
2025-11-11;Compra;0;0.0053867835891011585;0.0059191982461634825;0.9417989417989417;0.00018791105543376137;0.005731287190729721;0.04757614939267413
2025-11-12;Venda;1;-0.0037292384832340957;0.005797555625195863;0.04864864864864865;0.004011281729865246;0.0017862738953306173;0.04200694594370291
2025-11-13;Lateral;3;0.00031350910743957114;0.004326425682666082;0.4492753623188406;0.00163024735868577;0.002696178323980312;0.040688846993886925
2025-11-14;Compra;0;0.006417717935004876;0.008808632459810615;0.9571428571428572;0.002013401705099569;0.006795230754711046;0.04149411739505134
2025-11-17;Lateral;2;0.0031465340926968943;0.004436613070702621;0.9078014184397163;0.0008810295459551305;0.0035555835247474904;0.03944885792998824
2025-11-18;Lateral;3;-0.0014533046884872994;0.004012384683432326;0.33070866141732286;0.0027802350562365725;0.0012321496271957538;0.03798443218118209
2025-11-19;Lateral;2;0.0027632205812291566;0.004160711449896776;0.9389312977099237;0.0011434016198189614;0.0030173098300778148;0.035125415032687964
2025-11-21;Venda;1;-0.004925163106050914;0.006812076244083408;0.18779342723004694;0.006204426250479724;0.0006076499936036843;0.04141727729466668
2025-11-24;Compra;0;0.0034250960307298335;0.007714468629961588;0.5020746887966805;0.00044814340588988477;0.007266325224071703;0.048849475623148654
2025-11-25;Lateral;3;-0.0010535389330523896;0.004565335376560355;0.5804195804195804;0.003703348976790218;0.0008619863997701369;0.043555120473173566
2025-11-26;Lateral;3;-0.0003146237100427888;0.002422602567329474;0.22077922077922077;0.0008494840171155299;0.0015731185502139442;0.03248031811763891
2025-11-27;Lateral;3;-0.0008148426726839664;0.0015670051397768585;0.1;0.0009715431866616522;0.0005954619531152063;0.018700346193850546
2025-11-28;Lateral;2;0.0011576246793066768;0.005224954633627432;0.5868263473053892;0.0019085163631812777;0.0033164382704461547;0.03794176997127864
2025-12-01;Compra;0;0.004045535798287704;0.00733841377363816;0.8760683760683761;0.0023834164393012826;0.004954997334336877;0.04290795599476072
2025-12-02;Lateral;3;0.00021747234994407854;0.005032931527277246;0.4012345679012346;0.001801913756679508;0.0032310177705977385;0.04079436768681722
2025-12-03;Lateral;3;-0.0006156687702016315;0.0038171463752501153;0.4032258064516129;0.0021548406957057104;0.0016623056795444051;0.04886910860106361
2025-12-04;Lateral;3;0.0007298382191947452;0.0030714025057778857;0.32673267326732675;0.0002736893321980294;0.0027977131735798565;0.04065102046399324
2025-12-05;Lateral;2;0.0016954797299343002;0.004662569257319326;0.8246753246753247;0.0021496260861667018;0.0025129431711526234;0.036470074344954445
2025-12-08;Venda;1;-0.0054858934169279;0.007586206896551724;0.08677685950413223;0.006144200626959247;0.0014420062695924764;0.04369701388178262
2025-12-09;Compra;0;0.003798397650738932;0.007596795301477864;0.7058823529411765;0.0015640460914807368;0.006032749209997127;0.04716849650378347
2025-12-10;Lateral;3;-0.0008499653717811496;0.0035257822829440283;0.35714285714285715;0.0021091733299754456;0.0014166089529685827;0.03887376219411164
2025-12-11;Compra;0;0.004565203702537624;0.0056671494238398085;0.9166666666666666;0.0006296832693155343;0.0050374661545242744;0.04032111163033349
2025-12-12;Lateral;3;-0.002785860211725376;0.0038382962917105183;0.24193548387096775;0.0037144802823005016;0.00012381600941001672;0.030578608781996322
2025-12-15;Lateral;3;0.001078682158597097;0.0039448947514408115;0.4140625;0.0005547508244213641;0.0033901439270194473;0.042401568505985386
2025-12-16;Lateral;3;-0.0030801779658380262;0.004698049220621636;0.152317880794702;0.003795774866992315;0.0009022743536293208;0.0316989182555484
2025-12-17;Compra;0;0.0065384013765055525;0.008040043797903957;0.8560311284046692;0.0003441263882371344;0.007695917409666823;0.03794721825788115
2025-12-18;Lateral;2;0.001775590305899944;0.0049841131393682635;0.7;0.0017132888916578405;0.0032708242477104232;0.0350571125601216
2025-12-19;Lateral;2;0.0029313749691434214;0.005986176252777092;0.9020618556701031;0.0024685262898049864;0.0035176499629721056;0.03246521978883432
2025-12-22;Venda;1;-0.003012515916643374;0.007329420168328209;0.3050847457627119;0.0052486102052858785;0.0020808099630423306;0.03628150414257061
2025-12-23;Lateral;2;0.0028018966685140713;0.00572695363014964;0.9408602150537635;0.0025863661555514503;0.0031405874745981895;0.0319173368408579
2025-12-26;Lateral;2;0.00357594253830266;0.005918801442707852;0.6770833333333334;0.0004315792718641142;0.0054872221708437375;0.029703895752420148
2025-12-29;Lateral;3;3.063443923658977e-05;0.003124712802132157;0.4215686274509804;0.0012866464479367706;0.0018380663541953865;0.033446569417164
2025-12-30;Lateral;3;-0.0010371545360258678;0.004636690866939174;0.08552631578947369;0.001433713623329876;0.0032029772436092977;0.039584439354566466
2026-01-02;Lateral;3;0.0002753051298522529;0.00492490287846808;0.40372670807453415;0.0017130096968584626;0.0032118931816096175;0.045346429658122536
2026-01-05;Venda;1;-0.0023883156250956855;0.005174683854373986;0.16568047337278108;0.003245659695642855;0.0019290241587311308;0.0617168265589401
2026-01-06;Compra;0;0.00015053892936713433;0.006292527247546215;0.46411483253588515;0.0027699163003552718;0.0035226109471909435;0.07379755995419766
2026-01-07;Venda;1;-0.003393425238600212;0.004878048780487805;0.2546583850931677;0.004635661263444933;0.0002423875170428723;0.05335485171697482
2026-01-08;Compra;0;0.0005475618288565084;0.005475618288565084;0.3055555555555556;0.001125543759316156;0.0043500745292489275;0.063708008050896
2026-01-09;Compra;0;0.0014168575907391777;0.004883636802122272;0.8271604938271605;0.0026226938381767755;0.002260942963945496;0.05161827816283491
2026-01-12;Compra;0;0.003187420314492138;0.007255175763463057;0.7949790794979079;0.0025802926355412543;0.004674883127921802;0.062478391773739574
2026-01-13;Lateral;3;-0.00033474331274154775;0.004868993639877058;0.06875;0.0006694866254830955;0.0041995070143939625;0.05320692057022396
2026-01-14;Compra;0;0.002211920128473169;0.010695997333575735;0.8810198300283286;0.007211465624337181;0.003484531709238554;0.07073672024394696
2026-01-15;Lateral;3;-0.001525849688846338;0.00332096696984203;0.43243243243243246;0.0029619435136428915;0.00035902345619913834;0.04075469886638563
2026-01-16;Lateral;2;-0.00104972707096155;0.0045888069102033475;0.6274509803921569;0.0039289784655989445;0.0006598284446044029;0.03173363691497312
2026-01-19;Lateral;2;0.0011728617827499097;0.0035787321063394683;0.8907563025210085;0.0020149163960062554;0.0015638157103332131;0.029954093479535746
