time;Abertura;Fechamento;Maxima;Minima;Volume_Real;Volume_Tick
2024-01-02 10:00:00;135095.0;135165.0;135205.0;134980.0;308289;87000
2024-01-02 10:10:00;135165.0;135005.0;135190.0;134950.0;320394;93601
2024-01-02 10:20:00;135005.0;134690.0;135080.0;134660.0;469809;133201
2024-01-02 10:30:00;134690.0;135080.0;135080.0;134595.0;522178;145822
2024-01-02 10:40:00;135075.0;134975.0;135150.0;134910.0;279519;80738
2024-01-02 10:50:00;134970.0;134870.0;135020.0;134835.0;192942;56625
2024-01-02 11:00:00;134875.0;135045.0;135080.0;134845.0;241774;70430
2024-01-02 11:10:00;135040.0;134975.0;135095.0;134940.0;167229;48881
2024-01-02 11:20:00;134975.0;134910.0;134985.0;134875.0;157738;44918
2024-01-02 11:30:00;134905.0;135130.0;135350.0;134820.0;684834;191057
2024-01-02 11:40:00;135130.0;134945.0;135180.0;134905.0;469269;135462
2024-01-02 11:50:00;134945.0;135270.0;135325.0;134920.0;411398;118414
2024-01-02 12:00:00;135270.0;135055.0;135295.0;134990.0;347222;101925
2024-01-02 12:10:00;135050.0;134720.0;135080.0;134715.0;346070;96610
2024-01-02 12:20:00;134725.0;134575.0;134835.0;134460.0;387427;101744
2024-01-02 12:30:00;134570.0;134530.0;134690.0;134440.0;282191;78978
2024-01-02 12:40:00;134530.0;134530.0;134650.0;134510.0;186068;54454
2024-01-02 12:50:00;134535.0;134510.0;134570.0;134455.0;146742;41845
2024-01-03 10:00:00;133945.0;133945.0;134045.0;133905.0;256599;74668
2024-01-03 10:10:00;133945.0;134265.0;134290.0;133905.0;448564;120043
2024-01-03 10:20:00;134260.0;134245.0;134315.0;134180.0;280611;79390
2024-01-03 10:30:00;134240.0;134240.0;134340.0;134215.0;252739;71967
2024-01-03 10:40:00;134235.0;133950.0;134270.0;133930.0;475895;127445
2024-01-03 10:50:00;133950.0;133775.0;133965.0;133690.0;473459;125896
2024-01-03 11:00:00;133775.0;133925.0;133970.0;133760.0;292355;79893
2024-01-03 11:10:00;133925.0;134045.0;134070.0;133850.0;294447;80131
2024-01-03 11:20:00;134050.0;133935.0;134085.0;133900.0;266646;73460
2024-01-03 11:30:00;133935.0;134420.0;134520.0;133900.0;680359;177975
2024-01-03 11:40:00;134425.0;134380.0;134495.0;134180.0;455680;121321
2024-01-03 11:50:00;134380.0;134140.0;134585.0;134110.0;458300;120489
2024-01-03 12:00:00;134145.0;134430.0;134595.0;134065.0;624630;173786
2024-01-03 12:10:00;134430.0;134565.0;134590.0;134300.0;382411;107658
2024-01-03 12:20:00;134570.0;134610.0;134745.0;134450.0;435479;121747
2024-01-03 12:30:00;134615.0;134345.0;134655.0;134320.0;318486;87544
2024-01-03 12:40:00;134350.0;134410.0;134450.0;134260.0;302881;81953
2024-01-03 12:50:00;134415.0;134495.0;134655.0;134395.0;332020;87626
2024-01-04 10:00:00;134195.0;133995.0;134215.0;133965.0;360591;94701
2024-01-04 10:10:00;133990.0;133875.0;134035.0;133840.0;374612;100379
2024-01-04 10:20:00;133880.0;133945.0;133995.0;133870.0;212627;63745
2024-01-04 10:30:00;133935.0;133700.0;133940.0;133680.0;388522;106657
2024-01-04 10:40:00;133700.0;133550.0;133715.0;133465.0;446195;109119
2024-01-04 10:50:00;133545.0;133575.0;133645.0;133500.0;244128;60792
2024-01-04 11:00:00;133575.0;133025.0;133595.0;132800.0;744177;178001
2024-01-04 11:10:00;133025.0;133175.0;133200.0;132835.0;539945;130970
2024-01-04 11:20:00;133180.0;132810.0;133210.0;132810.0;350091;91086
2024-01-04 11:30:00;132810.0;133030.0;133130.0;132655.0;571658;146562
2024-01-04 11:40:00;133025.0;132910.0;133070.0;132855.0;381302;102523
2024-01-04 11:50:00;132915.0;133180.0;133190.0;132895.0;288378;76481
2024-01-04 12:00:00;133180.0;133295.0;133445.0;133165.0;449950;107679
2024-01-04 12:10:00;133295.0;133215.0;133320.0;133200.0;202242;55538
2024-01-04 12:20:00;133215.0;133290.0;133330.0;133105.0;293516;79456
2024-01-04 12:30:00;133295.0;133440.0;133465.0;133275.0;198725;54326
2024-01-04 12:40:00;133440.0;133415.0;133470.0;133330.0;212994;59041
2024-01-04 12:50:00;133415.0;133300.0;133420.0;133280.0;214705;58466
2024-01-05 10:00:00;132150.0;132295.0;132300.0;132095.0;339385;95965
2024-01-05 10:10:00;132295.0;132560.0;132650.0;132230.0;524331;146382
2024-01-05 10:20:00;132555.0;132540.0;132770.0;132335.0;356396;106022
2024-01-05 10:30:00;132540.0;132450.0;132545.0;131840.0;939324;292122
2024-01-05 10:40:00;132450.0;132740.0;132760.0;132365.0;605391;170877
2024-01-05 10:50:00;132735.0;133020.0;133030.0;132715.0;522378;134620
2024-01-05 11:00:00;133015.0;132860.0;133090.0;132845.0;359023;94492
2024-01-05 11:10:00;132855.0;132835.0;132925.0;132670.0;398074;105535
2024-01-05 11:20:00;132830.0;132945.0;133025.0;132775.0;311312;84950
2024-01-05 11:30:00;132940.0;133035.0;133110.0;132780.0;580594;153510
2024-01-05 11:40:00;133035.0;133075.0;133230.0;132880.0;520182;138963
2024-01-05 11:50:00;133075.0;133170.0;133280.0;133060.0;303240;75179
2024-01-05 12:00:00;133170.0;133705.0;133715.0;133165.0;660041;164026
2024-01-05 12:10:00;133705.0;133765.0;133850.0;133670.0;441585;114293
2024-01-05 12:20:00;133760.0;133915.0;133935.0;133725.0;306983;79840
2024-01-05 12:30:00;133915.0;133875.0;134040.0;133860.0;333726;84280
2024-01-05 12:40:00;133880.0;133850.0;133965.0;133825.0;235122;61995
2024-01-05 12:50:00;133855.0;133685.0;133880.0;133680.0;272276;74238
2024-01-08 10:00:00;132750.0;132570.0;132820.0;132555.0;360590;106287
2024-01-08 10:10:00;132575.0;132400.0;132635.0;132385.0;528944;160776
2024-01-08 10:20:00;132400.0;132385.0;132550.0;132305.0;469251;143666
2024-01-08 10:30:00;132390.0;132505.0;132540.0;132370.0;316349;96134
2024-01-08 10:40:00;132505.0;132490.0;132565.0;132420.0;259541;78682
2024-01-08 10:50:00;132490.0;132580.0;132625.0;132480.0;299714;88580
2024-01-08 11:00:00;132580.0;132680.0;132715.0;132520.0;418665;126249
2024-01-08 11:10:00;132680.0;132640.0;132740.0;132545.0;336160;98555
2024-01-08 11:20:00;132640.0;132670.0;132750.0;132590.0;211846;61835
2024-01-08 11:30:00;132670.0;132675.0;133035.0;132625.0;684647;189771
2024-01-08 11:40:00;132680.0;132835.0;132890.0;132555.0;514150;145668
2024-01-08 11:50:00;132830.0;132950.0;132965.0;132655.0;428931;121342
2024-01-08 12:00:00;132955.0;133115.0;133215.0;132765.0;549204;151015
2024-01-08 12:10:00;133110.0;133105.0;133190.0;133010.0;285830;80154
2024-01-08 12:20:00;133110.0;133305.0;133315.0;133015.0;345625;94636
2024-01-08 12:30:00;133300.0;133385.0;133460.0;133265.0;375177;99421
2024-01-08 12:40:00;133385.0;133480.0;133485.0;133345.0;224055;59842
2024-01-08 12:50:00;133480.0;133405.0;133490.0;133350.0;169309;47164
2024-01-09 10:00:00;133105.0;132900.0;133105.0;132855.0;401455;113002
2024-01-09 10:10:00;132900.0;132770.0;133005.0;132725.0;511014;146559
2024-01-09 10:20:00;132765.0;132765.0;132815.0;132610.0;400474;114087
2024-01-09 10:30:00;132770.0;132900.0;132920.0;132675.0;455753;132871
2024-01-09 10:40:00;132900.0;132930.0;132945.0;132760.0;317842;93244
2024-01-09 10:50:00;132935.0;133010.0;133090.0;132900.0;501862;142023
2024-01-09 11:00:00;133010.0;132900.0;133075.0;132775.0;486821;141893
2024-01-09 11:10:00;132900.0;133005.0;133020.0;132865.0;320556;89385
2024-01-09 11:20:00;133005.0;132740.0;133020.0;132670.0;400988;105218
2024-01-09 11:30:00;132740.0;132775.0;132855.0;132460.0;783061;207368
2024-01-09 11:40:00;132775.0;132575.0;132800.0;132360.0;610454;168930
2024-01-09 11:50:00;132575.0;132580.0;132625.0;132445.0;360903;96835
2024-01-09 12:00:00;132585.0;132575.0;132600.0;132410.0;362266;96116
2024-01-09 12:10:00;132575.0;132690.0;132720.0;132450.0;370612;100485
2024-01-09 12:20:00;132695.0;132640.0;132740.0;132600.0;284028;78467
2024-01-09 12:30:00;132640.0;132640.0;132730.0;132585.0;226511;63757
2024-01-09 12:40:00;132640.0;132635.0;132665.0;132555.0;210964;60164
2024-01-09 12:50:00;132640.0;132775.0;132815.0;132615.0;241199;64440
2024-01-10 10:00:00;132630.0;132395.0;132665.0;132380.0;508439;141230
2024-01-10 10:10:00;132400.0;132575.0;132630.0;132290.0;562749;153636
2024-01-10 10:20:00;132570.0;132710.0;132835.0;132515.0;470487;134363
2024-01-10 10:30:00;132710.0;132615.0;132800.0;132515.0;544591;155847
2024-01-10 10:40:00;132620.0;132380.0;132665.0;132370.0;366369;101252
2024-01-10 10:50:00;132375.0;132410.0;132540.0;132340.0;393701;107785
2024-01-10 11:00:00;132415.0;132405.0;132465.0;132325.0;277362;78201
2024-01-10 11:10:00;132410.0;132195.0;132465.0;132110.0;449882;119188
2024-01-10 11:20:00;132195.0;132220.0;132240.0;132015.0;505879;129063
2024-01-10 11:30:00;132215.0;132165.0;132230.0;131880.0;629722;165115
2024-01-10 11:40:00;132160.0;132075.0;132210.0;132015.0;303046;87289
2024-01-10 11:50:00;132070.0;132010.0;132105.0;131935.0;298762;86801
2024-01-10 12:00:00;132005.0;131830.0;132040.0;131755.0;423693;110871
2024-01-10 12:10:00;131830.0;131755.0;131900.0;131655.0;322658;91359
2024-01-10 12:20:00;131750.0;131705.0;131755.0;131595.0;278400;76260
2024-01-10 12:30:00;131700.0;131730.0;131735.0;131615.0;181206;51781
2024-01-10 12:40:00;131730.0;131755.0;131845.0;131690.0;250842;67527
2024-01-10 12:50:00;131755.0;131845.0;131845.0;131720.0;177049;48148
2024-01-11 10:00:00;131840.0;132105.0;132110.0;131760.0;524814;159178
2024-01-11 10:10:00;132100.0;131870.0;132245.0;131855.0;529346;156671
2024-01-11 10:20:00;131865.0;131790.0;132070.0;131640.0;320909;105543
2024-01-11 10:30:00;131790.0;131790.0;132025.0;131355.0;918787;315487
2024-01-11 10:40:00;131790.0;131810.0;131910.0;131545.0;583905;183974
2024-01-11 10:50:00;131805.0;131630.0;131850.0;131435.0;509478;157498
2024-01-11 11:00:00;131635.0;132010.0;132025.0;131610.0;547457;163119
2024-01-11 11:10:00;132015.0;132360.0;132385.0;131995.0;468280;135657
2024-01-11 11:20:00;132355.0;132210.0;132430.0;132185.0;444368;125953
2024-01-11 11:30:00;132210.0;132120.0;132380.0;131985.0;696152;201172
2024-01-11 11:40:00;132120.0;131660.0;132180.0;131555.0;652809;186483
2024-01-11 11:50:00;131660.0;131785.0;131920.0;131635.0;457582;134439
2024-01-11 12:00:00;131785.0;131165.0;131840.0;131120.0;715013;203155
2024-01-11 12:10:00;131160.0;131140.0;131230.0;130950.0;460111;137211
2024-01-11 12:20:00;131135.0;131235.0;131250.0;131050.0;327006;95972
2024-01-11 12:30:00;131235.0;131540.0;131545.0;131225.0;352122;103904
2024-01-11 12:40:00;131540.0;131540.0;131635.0;131465.0;274068;81041
2024-01-11 12:50:00;131535.0;131410.0;131550.0;131360.0;257805;73865
2024-01-12 10:00:00;131830.0;131885.0;131945.0;131660.0;459351;129307
2024-01-12 10:10:00;131885.0;131665.0;131930.0;131630.0;588189;165130
2024-01-12 10:20:00;131660.0;131600.0;131695.0;131460.0;363275;104421
2024-01-12 10:30:00;131600.0;132280.0;132360.0;131575.0;855703;227709
2024-01-12 10:40:00;132280.0;132225.0;132390.0;132135.0;600172;166808
2024-01-12 10:50:00;132225.0;132395.0;132455.0;132185.0;410141;116880
2024-01-12 11:00:00;132395.0;132315.0;132455.0;132250.0;287918;79734
2024-01-12 11:10:00;132310.0;132505.0;132640.0;132285.0;428704;112459
2024-01-12 11:20:00;132500.0;132870.0;132875.0;132490.0;410974;111521
2024-01-12 11:30:00;132870.0;132950.0;133040.0;132750.0;477976;119564
2024-01-12 11:40:00;132955.0;132880.0;133025.0;132870.0;312583;86024
2024-01-12 11:50:00;132880.0;132520.0;132900.0;132500.0;408674;115383
2024-01-12 12:00:00;132515.0;132520.0;132685.0;132435.0;385359;106052
2024-01-12 12:10:00;132520.0;132400.0;132585.0;132385.0;271532;81227
2024-01-12 12:20:00;132400.0;132310.0;132455.0;132265.0;237511;69731
2024-01-12 12:30:00;132315.0;132000.0;132380.0;131985.0;382022;107554
2024-01-12 12:40:00;132005.0;131910.0;132145.0;131870.0;281870;79473
2024-01-12 12:50:00;131910.0;132005.0;132035.0;131790.0;287715;82820
2024-01-15 10:00:00;131500.0;131415.0;131500.0;131380.0;255378;71192
2024-01-15 10:10:00;131420.0;131375.0;131510.0;131325.0;359238;101680
2024-01-15 10:20:00;131370.0;131435.0;131480.0;131260.0;400662;104983
2024-01-15 10:30:00;131430.0;131595.0;131625.0;131335.0;364664;99880
2024-01-15 10:40:00;131595.0;131695.0;131735.0;131500.0;333637;91554
2024-01-15 10:50:00;131695.0;131685.0;131805.0;131605.0;338718;89076
2024-01-15 11:00:00;131680.0;131650.0;131700.0;131530.0;271892;73534
2024-01-15 11:10:00;131650.0;131580.0;131735.0;131550.0;293732;77503
2024-01-15 11:20:00;131580.0;131850.0;131880.0;131565.0;283934;73004
2024-01-15 11:30:00;131850.0;131800.0;131895.0;131705.0;316076;80031
2024-01-15 11:40:00;131800.0;131740.0;131805.0;131715.0;144696;38161
2024-01-15 11:50:00;131745.0;131745.0;131805.0;131645.0;216322;55794
2024-01-15 12:00:00;131745.0;131625.0;131745.0;131585.0;252265;62031
2024-01-15 12:10:00;131630.0;131550.0;131640.0;131455.0;206177;55514
2024-01-15 12:20:00;131545.0;131640.0;131760.0;131530.0;261524;69852
2024-01-15 12:30:00;131640.0;131650.0;131665.0;131570.0;158783;41866
2024-01-15 12:40:00;131650.0;131725.0;131740.0;131625.0;118004;31617
2024-01-15 12:50:00;131720.0;131830.0;131850.0;131690.0;172665;45403
2024-01-16 10:00:00;131710.0;131770.0;131855.0;131605.0;494283;135151
2024-01-16 10:10:00;131770.0;131445.0;131775.0;131435.0;467404;127855
2024-01-16 10:20:00;131450.0;131295.0;131460.0;131130.0;624862;162847
2024-01-16 10:30:00;131295.0;131550.0;131575.0;131290.0;549055;150456
2024-01-16 10:40:00;131555.0;131475.0;131600.0;131350.0;428042;119741
2024-01-16 10:50:00;131475.0;131275.0;131485.0;131100.0;537610;139438
2024-01-16 11:00:00;131270.0;131350.0;131420.0;131205.0;344599;94825
2024-01-16 11:10:00;131350.0;131400.0;131565.0;131350.0;358572;97779
2024-01-16 11:20:00;131400.0;131475.0;131505.0;131310.0;310117;81437
2024-01-16 11:30:00;131475.0;131165.0;131530.0;131010.0;710904;191606
2024-01-16 11:40:00;131170.0;130880.0;131175.0;130820.0;589245;152109
2024-01-16 11:50:00;130885.0;130780.0;130925.0;130710.0;473241;117661
2024-01-16 12:00:00;130780.0;130845.0;130850.0;130705.0;302425;78792
2024-01-16 12:10:00;130840.0;130790.0;130860.0;130615.0;316380;82213
2024-01-16 12:20:00;130790.0;130800.0;130980.0;130750.0;371403;92046
2024-01-16 12:30:00;130800.0;130615.0;130845.0;130510.0;485060;117156
2024-01-16 12:40:00;130620.0;130835.0;130845.0;130580.0;334471;82869
2024-01-16 12:50:00;130835.0;130815.0;130920.0;130770.0;226326;58476
2024-01-17 10:00:00;129665.0;129740.0;129805.0;129595.0;314404;92014
2024-01-17 10:10:00;129745.0;130060.0;130070.0;129720.0;493732;134136
2024-01-17 10:20:00;130055.0;129915.0;130165.0;129800.0;432983;127425
2024-01-17 10:30:00;129920.0;129920.0;130025.0;129665.0;514440;153003
2024-01-17 10:40:00;129920.0;129795.0;129965.0;129575.0;542245;144194
2024-01-17 10:50:00;129795.0;129660.0;129930.0;129475.0;454318;130219
2024-01-17 11:00:00;129660.0;129605.0;129745.0;129525.0;358826;96555
2024-01-17 11:10:00;129605.0;129795.0;129865.0;129565.0;373701;97950
2024-01-17 11:20:00;129795.0;129705.0;129800.0;129675.0;215582;58372
2024-01-17 11:30:00;129710.0;129870.0;129945.0;129655.0;550854;144760
2024-01-17 11:40:00;129875.0;129920.0;129935.0;129615.0;370389;100415
2024-01-17 11:50:00;129925.0;129800.0;129945.0;129695.0;287288;76940
2024-01-17 12:00:00;129800.0;129905.0;129975.0;129635.0;435146;113827
2024-01-17 12:10:00;129905.0;129695.0;130010.0;129675.0;313102;86489
2024-01-17 12:20:00;129690.0;129870.0;129895.0;129650.0;228106;65739
2024-01-17 12:30:00;129870.0;129845.0;129945.0;129670.0;323886;85775
2024-01-17 12:40:00;129845.0;129575.0;129885.0;129560.0;292305;77497
2024-01-17 12:50:00;129575.0;129475.0;129670.0;129425.0;274178;75299
2024-01-18 10:00:00;130115.0;129700.0;130125.0;129650.0;550753;147447
2024-01-18 10:10:00;129700.0;129535.0;129770.0;129505.0;428862;110593
2024-01-18 10:20:00;129530.0;129490.0;129645.0;129410.0;413268;104818
2024-01-18 10:30:00;129480.0;129305.0;129575.0;129190.0;570547;150987
2024-01-18 10:40:00;129310.0;129230.0;129405.0;129090.0;478055;117157
2024-01-18 10:50:00;129225.0;129100.0;129240.0;129025.0;316296;75431
2024-01-18 11:00:00;129100.0;129240.0;129270.0;129095.0;298479;75209
2024-01-18 11:10:00;129240.0;129165.0;129355.0;129145.0;342699;86711
2024-01-18 11:20:00;129160.0;128895.0;129165.0;128835.0;621347;149781
2024-01-18 11:30:00;128895.0;128765.0;129075.0;128715.0;541522;138202
2024-01-18 11:40:00;128770.0;128725.0;128830.0;128575.0;487284;119554
2024-01-18 11:50:00;128725.0;128870.0;128900.0;128660.0;427836;101812
2024-01-18 12:00:00;128865.0;128725.0;128870.0;128655.0;438760;105236
2024-01-18 12:10:00;128725.0;128770.0;128840.0;128670.0;281003;70971
2024-01-18 12:20:00;128775.0;128590.0;128800.0;128495.0;399319;96898
2024-01-18 12:30:00;128590.0;128725.0;128770.0;128540.0;281046;72492
2024-01-18 12:40:00;128730.0;128590.0;128760.0;128535.0;260236;63480
2024-01-18 12:50:00;128585.0;128425.0;128620.0;128355.0;333453;80898
2024-01-19 10:00:00;128535.0;128360.0;128550.0;128270.0;540903;137182
2024-01-19 10:10:00;128365.0;128530.0;128585.0;128285.0;490550;133522
2024-01-19 10:20:00;128530.0;128120.0;128535.0;128080.0;613714;165785
2024-01-19 10:30:00;128125.0;128355.0;128395.0;128115.0;438922;118371
2024-01-19 10:40:00;128355.0;128410.0;128415.0;128175.0;411201;107025
2024-01-19 10:50:00;128410.0;128295.0;128415.0;128225.0;281060;75832
2024-01-19 11:00:00;128295.0;127965.0;128305.0;127930.0;653287;166321
2024-01-19 11:10:00;127965.0;127755.0;127990.0;127700.0;459037;119460
2024-01-19 11:20:00;127750.0;127515.0;127770.0;127465.0;475455;112798
2024-01-19 11:30:00;127515.0;127555.0;127690.0;127435.0;464757;111532
2024-01-19 11:40:00;127555.0;127625.0;127650.0;127465.0;267166;71915
2024-01-19 11:50:00;127630.0;127680.0;127715.0;127605.0;199574;53813
2024-01-19 12:00:00;127685.0;127505.0;127760.0;127355.0;557682;139710
2024-01-19 12:10:00;127505.0;127715.0;127750.0;127465.0;317871;84052
2024-01-19 12:20:00;127715.0;127650.0;127770.0;127560.0;247756;67192
2024-01-19 12:30:00;127650.0;127660.0;127715.0;127520.0;231310;59959
2024-01-19 12:40:00;127660.0;127595.0;127800.0;127590.0;263446;69069
2024-01-19 12:50:00;127595.0;127615.0;127675.0;127555.0;162154;40194
2024-01-22 10:00:00;128430.0;128105.0;128520.0;128070.0;600898;153028
2024-01-22 10:10:00;128110.0;128130.0;128180.0;127875.0;591776;154297
2024-01-22 10:20:00;128130.0;128555.0;128565.0;128060.0;583553;151388
2024-01-22 10:30:00;128555.0;128355.0;128615.0;128290.0;461663;125628
2024-01-22 10:40:00;128360.0;128415.0;128460.0;128320.0;225760;62374
2024-01-22 10:50:00;128415.0;128420.0;128435.0;128215.0;371028;98528
2024-01-22 11:00:00;128415.0;128360.0;128495.0;128320.0;304582;80901
2024-01-22 11:10:00;128360.0;128050.0;128475.0;128035.0;443373;117357
2024-01-22 11:20:00;128055.0;127950.0;128155.0;127835.0;496482;123082
2024-01-22 11:30:00;127955.0;128115.0;128120.0;127680.0;642678;163548
2024-01-22 11:40:00;128110.0;128295.0;128340.0;128105.0;448676;117473
2024-01-22 11:50:00;128290.0;128510.0;128540.0;128220.0;397721;100906
2024-01-22 12:00:00;128510.0;128405.0;128610.0;128315.0;395494;103997
2024-01-22 12:10:00;128400.0;128360.0;128645.0;128320.0;390460;100436
2024-01-22 12:20:00;128365.0;128315.0;128450.0;128295.0;277067;70673
2024-01-22 12:30:00;128320.0;128170.0;128330.0;128035.0;348665;91741
2024-01-22 12:40:00;128165.0;127945.0;128180.0;127910.0;318783;82185
2024-01-22 12:50:00;127945.0;127985.0;128100.0;127855.0;307598;77107
2024-01-23 10:00:00;128160.0;127785.0;128175.0;127770.0;544428;147551
2024-01-23 10:10:00;127785.0;127710.0;127920.0;127700.0;435976;113125
2024-01-23 10:20:00;127710.0;127805.0;127825.0;127660.0;369978;97975
2024-01-23 10:30:00;127800.0;128035.0;128145.0;127785.0;607965;161737
2024-01-23 10:40:00;128030.0;128150.0;128240.0;127990.0;507186;129507
2024-01-23 10:50:00;128145.0;128275.0;128300.0;128135.0;299016;75336
2024-01-23 11:00:00;128275.0;127895.0;128280.0;127880.0;492633;129240
2024-01-23 11:10:00;127895.0;128025.0;128065.0;127895.0;304550;79181
2024-01-23 11:20:00;128020.0;128325.0;128370.0;127975.0;461150;117493
2024-01-23 11:30:00;128330.0;127915.0;128370.0;127865.0;759271;189809
2024-01-23 11:40:00;127910.0;128000.0;128115.0;127775.0;519730;139595
2024-01-23 11:50:00;127995.0;128055.0;128160.0;127800.0;449812;121235
2024-01-23 12:00:00;128050.0;128365.0;128380.0;127995.0;391392;101726
2024-01-23 12:10:00;128365.0;128505.0;128510.0;128295.0;343304;90847
2024-01-23 12:20:00;128500.0;128510.0;128570.0;128345.0;378541;96823
2024-01-23 12:30:00;128515.0;128225.0;128530.0;128175.0;300228;80672
2024-01-23 12:40:00;128225.0;128055.0;128235.0;127930.0;373584;96842
2024-01-23 12:50:00;128050.0;127975.0;128075.0;127750.0;362672;96090
2024-01-24 10:00:00;130045.0;129850.0;130045.0;129790.0;405578;106597
2024-01-24 10:10:00;129855.0;129975.0;130020.0;129780.0;403415;101411
2024-01-24 10:20:00;129975.0;129875.0;130035.0;129850.0;259106;69483
2024-01-24 10:30:00;129875.0;129705.0;129905.0;129585.0;540899;140271
2024-01-24 10:40:00;129705.0;129785.0;129810.0;129640.0;327902;83803
2024-01-24 10:50:00;129790.0;129975.0;130025.0;129755.0;410706;107176
2024-01-24 11:00:00;129975.0;130025.0;130115.0;129910.0;336798;89395
2024-01-24 11:10:00;130020.0;129950.0;130030.0;129855.0;312812;82652
2024-01-24 11:20:00;129945.0;129820.0;129985.0;129770.0;309178;79546
2024-01-24 11:30:00;129820.0;129525.0;129850.0;129505.0;527830;134028
2024-01-24 11:40:00;129525.0;129420.0;129600.0;129345.0;529571;128553
2024-01-24 11:50:00;129415.0;129235.0;129565.0;129225.0;566863;138410
2024-01-24 12:00:00;129230.0;129115.0;129315.0;129010.0;565427;135236
2024-01-24 12:10:00;129115.0;129110.0;129170.0;129010.0;329121;81247
2024-01-24 12:20:00;129110.0;129055.0;129165.0;129035.0;221189;54573
2024-01-24 12:30:00;129050.0;129040.0;129085.0;128935.0;337142;78800
2024-01-24 12:40:00;129045.0;129085.0;129305.0;129010.0;424311;110486
2024-01-24 12:50:00;129085.0;129105.0;129130.0;128975.0;258481;69197
2024-01-25 10:00:00;128790.0;128605.0;128820.0;128555.0;347073;91349
2024-01-25 10:10:00;128610.0;128845.0;128885.0;128440.0;546486;142936
2024-01-25 10:20:00;128845.0;128850.0;128910.0;128665.0;346340;92042
2024-01-25 10:30:00;128855.0;129090.0;129230.0;128460.0;753301;203474
2024-01-25 10:40:00;129095.0;128930.0;129160.0;128920.0;418617;107105
2024-01-25 10:50:00;128930.0;128850.0;128960.0;128745.0;384342;101921
2024-01-25 11:00:00;128845.0;128700.0;128940.0;128690.0;359365;94519
2024-01-25 11:10:00;128700.0;128770.0;128865.0;128650.0;347498;91957
2024-01-25 11:20:00;128770.0;128820.0;128905.0;128750.0;233416;62437
2024-01-25 11:30:00;128815.0;128805.0;128925.0;128620.0;491084;135382
2024-01-25 11:40:00;128805.0;128780.0;128850.0;128630.0;340298;91257
2024-01-25 11:50:00;128785.0;129255.0;129265.0;128750.0;510522;132924
2024-01-25 12:00:00;129260.0;129030.0;129315.0;128880.0;493007;128314
2024-01-25 12:10:00;129035.0;128950.0;129070.0;128815.0;329733;86676
2024-01-25 12:20:00;128950.0;128975.0;129050.0;128840.0;277607;73876
2024-01-25 12:30:00;128970.0;128805.0;128990.0;128570.0;423822;109210
2024-01-25 12:40:00;128810.0;128800.0;129065.0;128785.0;310650;82055
2024-01-25 12:50:00;128800.0;128770.0;128840.0;128720.0;205841;54280
2024-01-26 10:00:00;128795.0;128715.0;128860.0;128685.0;365643;105209
2024-01-26 10:10:00;128720.0;128820.0;128835.0;128605.0;304511;89262
2024-01-26 10:20:00;128825.0;128685.0;128850.0;128665.0;216766;65137
2024-01-26 10:30:00;128680.0;128600.0;128895.0;128370.0;727392;213397
2024-01-26 10:40:00;128600.0;128960.0;129015.0;128530.0;662506;177674
2024-01-26 10:50:00;128960.0;128780.0;129075.0;128780.0;475548;131248
2024-01-26 11:00:00;128780.0;128590.0;128820.0;128410.0;560039;154312
2024-01-26 11:10:00;128590.0;128835.0;128885.0;128510.0;477358;127487
2024-01-26 11:20:00;128835.0;129320.0;129330.0;128800.0;512850;134462
2024-01-26 11:30:00;129320.0;129485.0;129520.0;129195.0;626429;164675
2024-01-26 11:40:00;129490.0;129250.0;129510.0;129240.0;400047;107534
2024-01-26 11:50:00;129250.0;129110.0;129275.0;129030.0;363697;97230
2024-01-26 12:00:00;129105.0;128900.0;129105.0;128735.0;425163;116649
2024-01-26 12:10:00;128905.0;128995.0;129040.0;128870.0;297073;80593
2024-01-26 12:20:00;128990.0;129180.0;129200.0;128945.0;306301;78093
2024-01-26 12:30:00;129175.0;129285.0;129320.0;129060.0;262090;69534
2024-01-26 12:40:00;129280.0;129365.0;129535.0;129280.0;282944;75477
2024-01-26 12:50:00;129365.0;129060.0;129385.0;129010.0;264353;70326
2024-01-29 10:00:00;129235.0;129065.0;129290.0;129025.0;382565;99180
2024-01-29 10:10:00;129065.0;129000.0;129110.0;128955.0;358050;94032
2024-01-29 10:20:00;129005.0;129145.0;129255.0;128955.0;425068;117065
2024-01-29 10:30:00;129140.0;129420.0;129435.0;129100.0;430100;118272
2024-01-29 10:40:00;129420.0;129395.0;129525.0;129345.0;418658;117614
2024-01-29 10:50:00;129395.0;129395.0;129580.0;129345.0;366006;104053
2024-01-29 11:00:00;129390.0;129440.0;129455.0;129250.0;364568;104317
2024-01-29 11:10:00;129445.0;129260.0;129470.0;129170.0;482018;139250
2024-01-29 11:20:00;129255.0;128965.0;129305.0;128935.0;499912;138674
2024-01-29 11:30:00;128970.0;128685.0;129030.0;128635.0;676222;172579
2024-01-29 11:40:00;128680.0;128690.0;128730.0;128565.0;325239;86702
2024-01-29 11:50:00;128695.0;128810.0;128850.0;128670.0;277401;78281
2024-01-29 12:00:00;128810.0;128830.0;128865.0;128640.0;346438;98431
2024-01-29 12:10:00;128830.0;128895.0;128990.0;128810.0;306080;84268
2024-01-29 12:20:00;128890.0;128795.0;128920.0;128725.0;289458;80778
2024-01-29 12:30:00;128800.0;128945.0;128955.0;128770.0;217443;59662
2024-01-29 12:40:00;128950.0;128875.0;128970.0;128805.0;240108;65092
2024-01-29 12:50:00;128880.0;128690.0;128880.0;128500.0;406085;105999
2024-01-30 10:00:00;128750.0;128630.0;128835.0;128580.0;578039;147248
2024-01-30 10:10:00;128635.0;128500.0;128670.0;128420.0;466034;121095
2024-01-30 10:20:00;128500.0;128310.0;128530.0;128255.0;510922;132947
2024-01-30 10:30:00;128315.0;128205.0;128455.0;128170.0;556873;146325
2024-01-30 10:40:00;128210.0;128195.0;128390.0;128170.0;400997;108239
2024-01-30 10:50:00;128195.0;128210.0;128240.0;128105.0;333006;84915
2024-01-30 11:00:00;128205.0;128225.0;128300.0;128150.0;312176;82309
2024-01-30 11:10:00;128225.0;128190.0;128275.0;128070.0;306109;81633
2024-01-30 11:20:00;128190.0;128135.0;128260.0;128115.0;275299;74251
2024-01-30 11:30:00;128135.0;127890.0;128260.0;127880.0;634355;153990
2024-01-30 11:40:00;127895.0;128040.0;128040.0;127870.0;436158;106530
2024-01-30 11:50:00;128040.0;128150.0;128190.0;128000.0;336385;86245
2024-01-30 12:00:00;128155.0;127700.0;128190.0;127625.0;808759;197812
2024-01-30 12:10:00;127700.0;127640.0;127770.0;127530.0;507841;126925
2024-01-30 12:20:00;127640.0;127665.0;127700.0;127495.0;399025;100565
2024-01-30 12:30:00;127660.0;127720.0;127790.0;127605.0;296673;74093
2024-01-30 12:40:00;127720.0;127660.0;127760.0;127550.0;295485;77713
2024-01-30 12:50:00;127660.0;127785.0;127805.0;127605.0;233425;61184
2024-01-31 10:00:00;127955.0;127990.0;128045.0;127830.0;515283;132927
2024-01-31 10:10:00;127985.0;128430.0;128475.0;127920.0;726530;183711
2024-01-31 10:20:00;128425.0;128570.0;128640.0;128365.0;404035;112545
2024-01-31 10:30:00;128575.0;128655.0;128760.0;128485.0;661952;173059
2024-01-31 10:40:00;128655.0;128610.0;128720.0;128515.0;381986;103723
2024-01-31 10:50:00;128605.0;128770.0;128825.0;128585.0;375100;97910
2024-01-31 11:00:00;128770.0;128895.0;128955.0;128655.0;512987;127219
2024-01-31 11:10:00;128900.0;128935.0;129000.0;128845.0;349961;85010
2024-01-31 11:20:00;128935.0;128980.0;128985.0;128825.0;299893;76095
2024-01-31 11:30:00;128980.0;129245.0;129260.0;128980.0;580196;144246
2024-01-31 11:40:00;129245.0;129115.0;129340.0;129085.0;461060;113067
2024-01-31 11:50:00;129110.0;129030.0;129250.0;129005.0;414456;106409
2024-01-31 12:00:00;129030.0;129080.0;129160.0;129000.0;328250;83323
2024-01-31 12:10:00;129075.0;129125.0;129190.0;129050.0;299610;77716
2024-01-31 12:20:00;129120.0;129185.0;129310.0;129075.0;283559;74410
2024-01-31 12:30:00;129190.0;129080.0;129205.0;129035.0;268482;69266
2024-01-31 12:40:00;129080.0;129155.0;129185.0;129010.0;242336;63683
2024-01-31 12:50:00;129155.0;129225.0;129250.0;129085.0;207325;52703
2024-02-01 10:00:00;128415.0;128320.0;128435.0;128200.0;416015;106439
2024-02-01 10:10:00;128320.0;128290.0;128470.0;128260.0;441178;112770
2024-02-01 10:20:00;128290.0;128325.0;128430.0;128250.0;307826;80587
2024-02-01 10:30:00;128325.0;128530.0;128555.0;128210.0;539005;139441
2024-02-01 10:40:00;128535.0;128265.0;128565.0;128150.0;497975;135474
2024-02-01 10:50:00;128265.0;128300.0;128415.0;128185.0;322076;83371
2024-02-01 11:00:00;128300.0;128185.0;128470.0;128175.0;398791;104736
2024-02-01 11:10:00;128190.0;128435.0;128445.0;128090.0;432334;115316
2024-02-01 11:20:00;128430.0;128290.0;128620.0;128265.0;479419;127640
2024-02-01 11:30:00;128285.0;128470.0;128500.0;128215.0;558664;139863
2024-02-01 11:40:00;128465.0;128520.0;128725.0;128425.0;482354;124705
2024-02-01 11:50:00;128520.0;128340.0;128620.0;128240.0;464054;119919
2024-02-01 12:00:00;128345.0;128295.0;128345.0;127845.0;761186;192066
2024-02-01 12:10:00;128295.0;128145.0;128390.0;128120.0;388413;105397
2024-02-01 12:20:00;128140.0;128175.0;128230.0;127975.0;354671;93907
2024-02-01 12:30:00;128175.0;128285.0;128285.0;128095.0;289370;73566
2024-02-01 12:40:00;128280.0;128225.0;128425.0;128225.0;297090;74919
2024-02-01 12:50:00;128230.0;127910.0;128240.0;127895.0;336583;84273
2024-02-02 10:00:00;128800.0;128990.0;129030.0;128765.0;368541;101218
2024-02-02 10:10:00;128995.0;128905.0;129060.0;128815.0;413155;108546
2024-02-02 10:20:00;128905.0;129175.0;129280.0;128850.0;344067;100514
2024-02-02 10:30:00;129180.0;127900.0;129215.0;127680.0;1208079;315286
2024-02-02 10:40:00;127900.0;127910.0;128225.0;127820.0;712310;188805
2024-02-02 10:50:00;127915.0;127545.0;127965.0;127440.0;657321;166439
2024-02-02 11:00:00;127545.0;127570.0;127715.0;127510.0;490124;123471
2024-02-02 11:10:00;127575.0;127475.0;127765.0;127420.0;476380;121256
2024-02-02 11:20:00;127475.0;127380.0;127575.0;127360.0;404398;101558
2024-02-02 11:30:00;127375.0;127300.0;127545.0;127155.0;709808;172293
2024-02-02 11:40:00;127305.0;127330.0;127490.0;127250.0;449043;113294
2024-02-02 11:50:00;127330.0;127315.0;127455.0;127230.0;352932;91213
2024-02-02 12:00:00;127310.0;127065.0;127385.0;127010.0;469631;113025
2024-02-02 12:10:00;127060.0;126980.0;127095.0;126910.0;378249;88357
2024-02-02 12:20:00;126980.0;127055.0;127155.0;126940.0;342411;84577
2024-02-02 12:30:00;127055.0;127105.0;127115.0;126910.0;291104;74815
2024-02-02 12:40:00;127105.0;127010.0;127180.0;126980.0;249698;65860
2024-02-02 12:50:00;127010.0;127100.0;127125.0;126930.0;209825;55925
2024-02-05 10:00:00;127355.0;127385.0;127555.0;127320.0;495268;135109
2024-02-05 10:10:00;127385.0;127665.0;127730.0;127385.0;488257;128333
2024-02-05 10:20:00;127665.0;127725.0;127735.0;127545.0;350837;93492
2024-02-05 10:30:00;127725.0;127920.0;127930.0;127695.0;383056;100747
2024-02-05 10:40:00;127920.0;127950.0;128015.0;127865.0;330581;82904
2024-02-05 10:50:00;127955.0;127995.0;128000.0;127855.0;298125;81714
2024-02-05 11:00:00;127990.0;127985.0;128075.0;127900.0;328133;86360
2024-02-05 11:10:00;127985.0;127940.0;128040.0;127880.0;289735;76051
2024-02-05 11:20:00;127940.0;127845.0;127945.0;127810.0;309022;79017
2024-02-05 11:30:00;127845.0;127510.0;127850.0;127435.0;691690;176671
2024-02-05 11:40:00;127505.0;127685.0;127795.0;127470.0;403690;104410
2024-02-05 11:50:00;127690.0;127520.0;127725.0;127510.0;345182;91899
2024-02-05 12:00:00;127530.0;126960.0;127535.0;126810.0;849414;203708
2024-02-05 12:10:00;126965.0;126710.0;127040.0;126620.0;555282;136938
2024-02-05 12:20:00;126715.0;126840.0;126875.0;126670.0;307359;80613
2024-02-05 12:30:00;126840.0;126795.0;126905.0;126725.0;264739;69331
2024-02-05 12:40:00;126800.0;126740.0;126835.0;126665.0;278340;69932
2024-02-05 12:50:00;126745.0;126750.0;126860.0;126690.0;210654;53641
2024-02-06 10:00:00;128095.0;128565.0;128610.0;128035.0;701074;179816
2024-02-06 10:10:00;128570.0;129305.0;129315.0;128530.0;641268;157978
2024-02-06 10:20:00;129310.0;129610.0;129665.0;128955.0;750786;200106
2024-02-06 10:30:00;129610.0;129415.0;129650.0;129340.0;437685;121538
2024-02-06 10:40:00;129415.0;129705.0;129730.0;129400.0;597222;158813
2024-02-06 10:50:00;129700.0;129685.0;129735.0;129535.0;313887;86398
2024-02-06 11:00:00;129685.0;129700.0;129780.0;129550.0;378125;99663
2024-02-06 11:10:00;129705.0;129755.0;129765.0;129645.0;219480;53085
2024-02-06 11:20:00;129750.0;129395.0;129760.0;129360.0;416141;105541
2024-02-06 11:30:00;129390.0;129485.0;129560.0;129305.0;553022;140343
2024-02-06 11:40:00;129485.0;129805.0;129810.0;129420.0;474169;119082
2024-02-06 11:50:00;129810.0;129910.0;129970.0;129725.0;456654;110576
2024-02-06 12:00:00;129910.0;130120.0;130165.0;129730.0;539277;139616
2024-02-06 12:10:00;130125.0;130295.0;130320.0;130045.0;415410;99927
2024-02-06 12:20:00;130295.0;130255.0;130345.0;130230.0;278523;66461
2024-02-06 12:30:00;130255.0;130300.0;130390.0;130185.0;294417;75482
2024-02-06 12:40:00;130300.0;130250.0;130350.0;130230.0;173855;47286
2024-02-06 12:50:00;130250.0;130150.0;130315.0;130115.0;233557;61259
2024-02-07 10:00:00;130235.0;130180.0;130370.0;130120.0;536468;145549
2024-02-07 10:10:00;130175.0;130415.0;130450.0;130115.0;498280;132308
2024-02-07 10:20:00;130415.0;130235.0;130450.0;130205.0;417174;112704
2024-02-07 10:30:00;130235.0;130175.0;130260.0;130105.0;404471;101521
2024-02-07 10:40:00;130175.0;129985.0;130205.0;129960.0;441135;109643
2024-02-07 10:50:00;129990.0;129930.0;130030.0;129910.0;312415;79231
2024-02-07 11:00:00;129925.0;129980.0;130075.0;129910.0;353445;90088
2024-02-07 11:10:00;129985.0;130005.0;130040.0;129930.0;226433;55330
2024-02-07 11:20:00;130000.0;129830.0;130020.0;129770.0;447567;114368
2024-02-07 11:30:00;129830.0;130070.0;130085.0;129645.0;766846;196600
2024-02-07 11:40:00;130065.0;130055.0;130205.0;129930.0;652981;171152
2024-02-07 11:50:00;130060.0;130035.0;130115.0;129850.0;453485;118495
2024-02-07 12:00:00;130040.0;130015.0;130070.0;129900.0;379221;94151
2024-02-07 12:10:00;130010.0;130075.0;130170.0;129995.0;339554;87436
2024-02-07 12:20:00;130080.0;130125.0;130185.0;130030.0;286212;72571
2024-02-07 12:30:00;130125.0;130140.0;130170.0;130045.0;247091;66736
2024-02-07 12:40:00;130145.0;130100.0;130190.0;130085.0;169088;47942
2024-02-07 12:50:00;130105.0;130015.0;130110.0;129945.0;256844;71833
2024-02-08 10:00:00;129820.0;129885.0;129905.0;129735.0;391561;109297
2024-02-08 10:10:00;129885.0;129970.0;130195.0;129865.0;569470;153290
2024-02-08 10:20:00;129970.0;129840.0;130005.0;129670.0;553799;144608
2024-02-08 10:30:00;129840.0;129705.0;129935.0;129555.0;506552;139984
2024-02-08 10:40:00;129700.0;129800.0;129875.0;129665.0;378775;101536
2024-02-08 10:50:00;129805.0;129850.0;129890.0;129735.0;253337;71516
2024-02-08 11:00:00;129845.0;129610.0;129880.0;129595.0;351017;97813
2024-02-08 11:10:00;129605.0;129440.0;129645.0;129400.0;450700;124142
2024-02-08 11:20:00;129440.0;129215.0;129465.0;129165.0;424904;115558
2024-02-08 11:30:00;129215.0;129095.0;129355.0;129030.0;606492;155657
2024-02-08 11:40:00;129095.0;128850.0;129105.0;128800.0;519291;125785
2024-02-08 11:50:00;128850.0;128865.0;128935.0;128835.0;200908;53351
2024-02-08 12:00:00;128865.0;128725.0;128885.0;128705.0;389360;96462
2024-02-08 12:10:00;128730.0;128685.0;128745.0;128635.0;292721;70522
2024-02-08 12:20:00;128690.0;128780.0;128790.0;128660.0;167656;43834
2024-02-08 12:30:00;128780.0;128770.0;128845.0;128720.0;239711;63146
2024-02-08 12:40:00;128770.0;128690.0;128775.0;128645.0;228103;60209
2024-02-08 12:50:00;128690.0;128775.0;128795.0;128655.0;199646;53903
2024-02-09 10:00:00;128210.0;128305.0;128390.0;128070.0;600354;158640
2024-02-09 10:10:00;128305.0;128545.0;128670.0;128180.0;773394;203171
2024-02-09 10:20:00;128545.0;128410.0;128565.0;128350.0;482906;132751
2024-02-09 10:30:00;128405.0;128800.0;129020.0;128380.0;967972;250176
2024-02-09 10:40:00;128805.0;128755.0;128875.0;128645.0;393906;108716
2024-02-09 10:50:00;128750.0;128805.0;128850.0;128715.0;234329;62398
2024-02-09 11:00:00;128800.0;128725.0;128805.0;128515.0;445885;117122
2024-02-09 11:10:00;128725.0;128535.0;128830.0;128480.0;375822;102683
2024-02-09 11:20:00;128530.0;127985.0;128550.0;127890.0;662506;166101
2024-02-09 11:30:00;127985.0;127930.0;128010.0;127770.0;536633;134640
2024-02-09 11:40:00;127930.0;128145.0;128155.0;127860.0;508078;129885
2024-02-09 11:50:00;128145.0;128405.0;128465.0;128140.0;507990;123947
2024-02-09 12:00:00;128405.0;128070.0;128410.0;128040.0;467405;114027
2024-02-09 12:10:00;128065.0;127975.0;128080.0;127870.0;337028;88763
2024-02-09 12:20:00;127975.0;128160.0;128195.0;127955.0;269228;70426
2024-02-09 12:30:00;128155.0;127995.0;128195.0;127910.0;287294;74317
2024-02-09 12:40:00;127995.0;128015.0;128075.0;127840.0;291401;75005
2024-02-09 12:50:00;128010.0;127840.0;128015.0;127810.0;198608;52198
2024-02-15 10:00:00;129665.0;129390.0;129705.0;129355.0;456158;125164
2024-02-15 10:10:00;129390.0;129460.0;129550.0;129350.0;424563;117806
2024-02-15 10:20:00;129460.0;129270.0;129495.0;129250.0;352565;95898
2024-02-15 10:30:00;129275.0;129570.0;129615.0;129250.0;676184;175698
2024-02-15 10:40:00;129570.0;129170.0;129600.0;129130.0;602633;162199
2024-02-15 10:50:00;129170.0;129280.0;129300.0;129125.0;408257;108021
2024-02-15 11:00:00;129280.0;129040.0;129310.0;129010.0;425043;114296
2024-02-15 11:10:00;129040.0;129150.0;129210.0;128985.0;377988;104022
2024-02-15 11:20:00;129150.0;129125.0;129215.0;129005.0;358181;98421
2024-02-15 11:30:00;129125.0;129490.0;129565.0;129095.0;613983;167508
2024-02-15 11:40:00;129490.0;129395.0;129615.0;129390.0;410918;115530
2024-02-15 11:50:00;129400.0;129355.0;129550.0;129320.0;468694;125940
2024-02-15 12:00:00;129355.0;129400.0;129420.0;129220.0;388938;106869
2024-02-15 12:10:00;129405.0;129395.0;129465.0;129315.0;306344;80417
2024-02-15 12:20:00;129400.0;129285.0;129415.0;129160.0;345489;90706
2024-02-15 12:30:00;129285.0;129535.0;129540.0;129285.0;378591;99245
2024-02-15 12:40:00;129535.0;129545.0;129570.0;129435.0;269972;68975
2024-02-15 12:50:00;129540.0;129505.0;129625.0;129490.0;202743;53867
2024-02-16 10:00:00;130400.0;130645.0;130685.0;130375.0;534659;135009
2024-02-16 10:10:00;130650.0;130575.0;130670.0;130405.0;506778;135513
2024-02-16 10:20:00;130575.0;130715.0;130860.0;130550.0;524572;144750
2024-02-16 10:30:00;130715.0;130080.0;130740.0;130030.0;987853;246163
2024-02-16 10:40:00;130075.0;129715.0;130130.0;129690.0;784772;181172
2024-02-16 10:50:00;129710.0;130050.0;130065.0;129700.0;534416;129638
2024-02-16 11:00:00;130045.0;130225.0;130345.0;130030.0;620036;146743
2024-02-16 11:10:00;130225.0;130040.0;130250.0;130010.0;327133;85602
2024-02-16 11:20:00;130035.0;130175.0;130205.0;130025.0;302626;80050
2024-02-16 11:30:00;130170.0;130040.0;130360.0;129975.0;583549;156776
2024-02-16 11:40:00;130040.0;130320.0;130325.0;130025.0;330304;90556
2024-02-16 11:50:00;130320.0;130085.0;130380.0;130030.0;440062;117182
2024-02-16 12:00:00;130085.0;130600.0;130615.0;130050.0;469626;120250
2024-02-16 12:10:00;130600.0;130740.0;130790.0;130535.0;363535;92215
2024-02-16 12:20:00;130735.0;130745.0;130850.0;130665.0;313673;81104
2024-02-16 12:30:00;130750.0;130695.0;130755.0;130590.0;292466;78021
2024-02-16 12:40:00;130695.0;130660.0;130765.0;130610.0;196347;54676
2024-02-16 12:50:00;130660.0;130610.0;130725.0;130555.0;215419;57884
2024-02-19 10:00:00;130320.0;130285.0;130380.0;130250.0;339650;90659
2024-02-19 10:10:00;130285.0;130325.0;130380.0;130265.0;245362;64597
2024-02-19 10:20:00;130325.0;130225.0;130445.0;130215.0;453993;121740
2024-02-19 10:30:00;130220.0;130170.0;130280.0;130130.0;365522;92319
2024-02-19 10:40:00;130170.0;130145.0;130200.0;130095.0;227177;58984
2024-02-19 10:50:00;130140.0;130255.0;130275.0;130085.0;242978;66003
2024-02-19 11:00:00;130255.0;130180.0;130305.0;130135.0;354338;94641
2024-02-19 11:10:00;130185.0;130285.0;130305.0;130120.0;266472;69500
2024-02-19 11:20:00;130290.0;130425.0;130520.0;130265.0;497563;125582
2024-02-19 11:30:00;130430.0;130410.0;130540.0;130400.0;282717;71191
2024-02-19 11:40:00;130410.0;130320.0;130495.0;130315.0;371580;100758
2024-02-19 11:50:00;130320.0;130445.0;130490.0;130265.0;365173;98476
2024-02-19 12:00:00;130445.0;130525.0;130595.0;130420.0;389509;99689
2024-02-19 12:10:00;130530.0;130560.0;130575.0;130390.0;244923;64484
2024-02-19 12:20:00;130560.0;130485.0;130590.0;130475.0;213196;52017
2024-02-19 12:30:00;130480.0;130470.0;130510.0;130355.0;285507;71413
2024-02-19 12:40:00;130465.0;130500.0;130570.0;130450.0;203508;49471
2024-02-19 12:50:00;130495.0;130485.0;130540.0;130450.0;122715;30506
2024-02-20 10:00:00;130220.0;130430.0;130475.0;130140.0;639758;172477
2024-02-20 10:10:00;130420.0;130640.0;130750.0;130405.0;731209;193152
2024-02-20 10:20:00;130640.0;130860.0;130865.0;130490.0;554419;152178
2024-02-20 10:30:00;130855.0;131055.0;131060.0;130815.0;606495;155240
2024-02-20 10:40:00;131050.0;131250.0;131285.0;131050.0;549147;133821
2024-02-20 10:50:00;131250.0;131125.0;131260.0;131065.0;382238;99451
2024-02-20 11:00:00;131125.0;131210.0;131340.0;131080.0;413126;110144
2024-02-20 11:10:00;131210.0;131215.0;131310.0;131145.0;272629;71074
2024-02-20 11:20:00;131220.0;131445.0;131445.0;131210.0;337817;78823
2024-02-20 11:30:00;131440.0;131475.0;131655.0;131365.0;757543;167747
2024-02-20 11:40:00;131475.0;131600.0;131670.0;131390.0;460166;112318
2024-02-20 11:50:00;131605.0;131630.0;131730.0;131565.0;356729;86467
2024-02-20 12:00:00;131630.0;131725.0;131845.0;131625.0;397442;95383
2024-02-20 12:10:00;131730.0;131755.0;131795.0;131580.0;367821;87499
2024-02-20 12:20:00;131760.0;131745.0;131845.0;131715.0;247563;58518
2024-02-20 12:30:00;131745.0;131730.0;131805.0;131680.0;233615;57059
2024-02-20 12:40:00;131730.0;131670.0;131740.0;131635.0;173388;44259
2024-02-20 12:50:00;131670.0;131790.0;131800.0;131665.0;184720;45740
2024-02-21 10:00:00;131545.0;131665.0;131895.0;131540.0;639276;185660
2024-02-21 10:10:00;131665.0;131645.0;131815.0;131475.0;591677;172522
2024-02-21 10:20:00;131650.0;131605.0;131675.0;131490.0;353444;99117
2024-02-21 10:30:00;131605.0;131630.0;131825.0;131600.0;617314;154946
2024-02-21 10:40:00;131625.0;131720.0;131735.0;131575.0;380053;95556
2024-02-21 10:50:00;131720.0;131585.0;131735.0;131535.0;387859;99851
2024-02-21 11:00:00;131590.0;131555.0;131715.0;131535.0;328424;83185
2024-02-21 11:10:00;131555.0;131835.0;131845.0;131535.0;391832;102091
2024-02-21 11:20:00;131830.0;131635.0;131865.0;131630.0;384719;99774
2024-02-21 11:30:00;131635.0;131695.0;131780.0;131550.0;567897;145364
2024-02-21 11:40:00;131695.0;131785.0;131985.0;131690.0;579757;149763
2024-02-21 11:50:00;131785.0;131715.0;131910.0;131675.0;338416;92593
2024-02-21 12:00:00;131715.0;131755.0;131810.0;131640.0;339148;90963
2024-02-21 12:10:00;131755.0;131685.0;131820.0;131680.0;223454;60227
2024-02-21 12:20:00;131690.0;131550.0;131720.0;131510.0;287461;75187
2024-02-21 12:30:00;131550.0;131635.0;131645.0;131455.0;317214;85982
2024-02-21 12:40:00;131630.0;131630.0;131685.0;131565.0;218820;59712
2024-02-21 12:50:00;131635.0;131615.0;131665.0;131580.0;127130;35385
2024-02-22 10:00:00;132535.0;132455.0;132570.0;132440.0;268736;72907
2024-02-22 10:10:00;132455.0;132555.0;132560.0;132395.0;307872;87502
2024-02-22 10:20:00;132560.0;132505.0;132595.0;132440.0;272605;79908
2024-02-22 10:30:00;132505.0;132470.0;132605.0;132315.0;496232;147006
2024-02-22 10:40:00;132465.0;132650.0;132730.0;132450.0;454022;130005
2024-02-22 10:50:00;132650.0;132430.0;132670.0;132405.0;411384;113610
2024-02-22 11:00:00;132430.0;132420.0;132505.0;132370.0;283482;76492
2024-02-22 11:10:00;132420.0;132355.0;132500.0;132355.0;294604;76075
2024-02-22 11:20:00;132355.0;132475.0;132540.0;132335.0;331019;85040
2024-02-22 11:30:00;132475.0;132205.0;132525.0;132145.0;671474;166145
2024-02-22 11:40:00;132210.0;132300.0;132375.0;132070.0;517587;132152
2024-02-22 11:50:00;132305.0;132190.0;132430.0;132080.0;513754;131374
2024-02-22 12:00:00;132190.0;131995.0;132245.0;131955.0;488300;120971
2024-02-22 12:10:00;131995.0;131970.0;132140.0;131925.0;393542;102372
2024-02-22 12:20:00;131970.0;132060.0;132115.0;131940.0;292167;74717
2024-02-22 12:30:00;132060.0;132000.0;132100.0;131910.0;261757;68867
2024-02-22 12:40:00;132000.0;131880.0;132050.0;131870.0;266825;68267
2024-02-22 12:50:00;131880.0;132015.0;132015.0;131870.0;231652;60437
2024-02-23 10:00:00;132390.0;132385.0;132395.0;132230.0;437542;124389
2024-02-23 10:10:00;132390.0;132390.0;132465.0;132270.0;420495;114030
2024-02-23 10:20:00;132390.0;132195.0;132440.0;132150.0;363770;100067
2024-02-23 10:30:00;132195.0;132435.0;132480.0;132165.0;519456;136601
2024-02-23 10:40:00;132435.0;132140.0;132445.0;132130.0;466393;117589
2024-02-23 10:50:00;132140.0;132080.0;132220.0;132035.0;410291;99850
2024-02-23 11:00:00;132085.0;131830.0;132085.0;131780.0;530896;127526
2024-02-23 11:10:00;131830.0;131615.0;131830.0;131610.0;438474;100807
2024-02-23 11:20:00;131620.0;131665.0;131720.0;131605.0;305943;66730
2024-02-23 11:30:00;131670.0;131510.0;131735.0;131455.0;561039;131841
2024-02-23 11:40:00;131510.0;131585.0;131640.0;131490.0;299850;71540
2024-02-23 11:50:00;131585.0;131575.0;131640.0;131505.0;274837;67278
2024-02-23 12:00:00;131570.0;131490.0;131575.0;131425.0;280957;68740
2024-02-23 12:10:00;131490.0;131575.0;131585.0;131450.0;192925;49289
2024-02-23 12:20:00;131575.0;131600.0;131650.0;131530.0;197382;47162
2024-02-23 12:30:00;131600.0;131615.0;131640.0;131570.0;144826;36494
2024-02-23 12:40:00;131610.0;131385.0;131655.0;131365.0;374993;90182
2024-02-23 12:50:00;131380.0;131365.0;131425.0;131315.0;207685;55048
2024-02-26 10:00:00;130900.0;130940.0;131005.0;130860.0;305567;84111
2024-02-26 10:10:00;130945.0;130900.0;131065.0;130890.0;348415;96849
2024-02-26 10:20:00;130895.0;131050.0;131205.0;130860.0;548297;146189
2024-02-26 10:30:00;131050.0;131415.0;131425.0;131005.0;494405;128568
2024-02-26 10:40:00;131415.0;131605.0;131655.0;131400.0;377123;95178
2024-02-26 10:50:00;131610.0;131735.0;131785.0;131585.0;384246;96018
2024-02-26 11:00:00;131730.0;131650.0;131755.0;131620.0;199075;54489
2024-02-26 11:10:00;131655.0;131455.0;131670.0;131445.0;327484;84498
2024-02-26 11:20:00;131460.0;131395.0;131485.0;131340.0;304981;78085
2024-02-26 11:30:00;131395.0;131435.0;131525.0;131240.0;561174;147829
2024-02-26 11:40:00;131435.0;131475.0;131495.0;131305.0;309732;82362
2024-02-26 11:50:00;131475.0;131545.0;131605.0;131435.0;294154;84316
2024-02-26 12:00:00;131545.0;131475.0;131720.0;131440.0;398461;110173
2024-02-26 12:10:00;131475.0;131275.0;131495.0;131215.0;324243;83933
2024-02-26 12:20:00;131275.0;131185.0;131355.0;131150.0;286675;73669
2024-02-26 12:30:00;131180.0;131110.0;131225.0;131105.0;226186;59317
2024-02-26 12:40:00;131115.0;131035.0;131160.0;131020.0;210309;54764
2024-02-26 12:50:00;131035.0;131080.0;131130.0;131015.0;191461;49879
2024-02-27 10:00:00;132385.0;132525.0;132540.0;132360.0;390269;101541
2024-02-27 10:10:00;132525.0;132585.0;132685.0;132480.0;533811;134377
2024-02-27 10:20:00;132590.0;132810.0;132870.0;132575.0;489782;122930
2024-02-27 10:30:00;132810.0;132855.0;132940.0;132710.0;469448;118146
2024-02-27 10:40:00;132855.0;132775.0;132890.0;132740.0;269342;75273
2024-02-27 10:50:00;132775.0;132735.0;132865.0;132725.0;220873;60446
2024-02-27 11:00:00;132735.0;132655.0;132800.0;132630.0;345878;88278
2024-02-27 11:10:00;132650.0;132805.0;132840.0;132640.0;282129;79558
2024-02-27 11:20:00;132800.0;132910.0;132920.0;132775.0;341219;90130
2024-02-27 11:30:00;132910.0;132875.0;133030.0;132830.0;503063;129094
2024-02-27 11:40:00;132875.0;132830.0;132915.0;132775.0;302111;80915
2024-02-27 11:50:00;132825.0;132975.0;133010.0;132820.0;342060;92033
2024-02-27 12:00:00;132970.0;133115.0;133155.0;132965.0;455919;115362
2024-02-27 12:10:00;133115.0;133125.0;133130.0;133000.0;227188;60733
2024-02-27 12:20:00;133120.0;133075.0;133135.0;133055.0;134736;35353
2024-02-27 12:30:00;133070.0;133005.0;133100.0;132995.0;136812;35121
2024-02-27 12:40:00;133005.0;133065.0;133100.0;132985.0;169291;44331
2024-02-27 12:50:00;133065.0;133065.0;133095.0;133005.0;134098;34295
2024-02-28 10:00:00;132790.0;132960.0;132995.0;132760.0;348875;99940
2024-02-28 10:10:00;132965.0;133015.0;133080.0;132890.0;372630;98377
2024-02-28 10:20:00;133015.0;132755.0;133025.0;132690.0;451957;126521
2024-02-28 10:30:00;132760.0;132690.0;133060.0;132690.0;571035;150829
2024-02-28 10:40:00;132695.0;132855.0;132920.0;132665.0;398138;109323
2024-02-28 10:50:00;132860.0;132815.0;132865.0;132680.0;356982;94675
2024-02-28 11:00:00;132815.0;132765.0;132830.0;132615.0;369388;99262
2024-02-28 11:10:00;132760.0;132800.0;132825.0;132710.0;199191;52820
2024-02-28 11:20:00;132800.0;132645.0;132820.0;132640.0;240382;62279
2024-02-28 11:30:00;132640.0;132490.0;132725.0;132380.0;659682;168127
2024-02-28 11:40:00;132485.0;132675.0;132850.0;132480.0;564658;142370
2024-02-28 11:50:00;132680.0;132510.0;132755.0;132440.0;461119;122253
2024-02-28 12:00:00;132510.0;132685.0;132695.0;132435.0;304490;81645
2024-02-28 12:10:00;132685.0;132615.0;132785.0;132590.0;305428;78892
2024-02-28 12:20:00;132620.0;132585.0;132760.0;132560.0;267514;71655
2024-02-28 12:30:00;132585.0;132725.0;132740.0;132545.0;219555;58250
2024-02-28 12:40:00;132725.0;132715.0;132755.0;132635.0;194100;50393
2024-02-28 12:50:00;132715.0;132700.0;132795.0;132625.0;247698;64370
2024-02-29 10:00:00;131290.0;131235.0;131320.0;131145.0;425670;100142
2024-02-29 10:10:00;131230.0;131160.0;131295.0;131115.0;382466;97680
2024-02-29 10:20:00;131160.0;131165.0;131190.0;130910.0;405815;102478
2024-02-29 10:30:00;131165.0;131295.0;131520.0;131135.0;853885;223487
2024-02-29 10:40:00;131290.0;131365.0;131420.0;131185.0;446260;122525
2024-02-29 10:50:00;131365.0;131020.0;131375.0;131000.0;563392;139326
2024-02-29 11:00:00;131025.0;131065.0;131110.0;130825.0;579231;147651
2024-02-29 11:10:00;131065.0;131005.0;131120.0;130845.0;461482;115207
2024-02-29 11:20:00;131005.0;130890.0;131050.0;130880.0;308555;79330
2024-02-29 11:30:00;130885.0;130665.0;130930.0;130575.0;662440;156317
2024-02-29 11:40:00;130660.0;130590.0;130750.0;130545.0;373307;91949
2024-02-29 11:50:00;130590.0;130830.0;130860.0;130575.0;332467;86599
2024-02-29 12:00:00;130830.0;130880.0;131070.0;130820.0;439885;106699
2024-02-29 12:10:00;130880.0;130665.0;130905.0;130610.0;419384;106075
2024-02-29 12:20:00;130660.0;130890.0;130900.0;130580.0;283946;76832
2024-02-29 12:30:00;130890.0;130560.0;130920.0;130560.0;342199;92369
2024-02-29 12:40:00;130565.0;130665.0;130685.0;130465.0;345517;92204
2024-02-29 12:50:00;130665.0;130675.0;130705.0;130590.0;210415;56786
2024-03-01 10:00:00;131015.0;130705.0;131035.0;130570.0;598264;157566
2024-03-01 10:10:00;130705.0;130715.0;130745.0;130585.0;374510;97253
2024-03-01 10:20:00;130710.0;130960.0;130980.0;130635.0;425411;113447
2024-03-01 10:30:00;130960.0;130910.0;131000.0;130780.0;473303;124435
2024-03-01 10:40:00;130910.0;130825.0;130980.0;130775.0;309151;83363
2024-03-01 10:50:00;130825.0;130780.0;130870.0;130760.0;232239;59317
2024-03-01 11:00:00;130780.0;130835.0;130875.0;130725.0;269044;72328
2024-03-01 11:10:00;130830.0;130780.0;130895.0;130775.0;215380;56048
2024-03-01 11:20:00;130780.0;130980.0;131020.0;130770.0;254995;66286
2024-03-01 11:30:00;130980.0;130865.0;130995.0;130725.0;527867;136215
2024-03-01 11:40:00;130865.0;130465.0;130895.0;130420.0;529278;135853
2024-03-01 11:50:00;130465.0;130275.0;130465.0;130230.0;417111;102951
2024-03-01 12:00:00;130275.0;130695.0;130715.0;130270.0;669290;165243
2024-03-01 12:10:00;130695.0;130790.0;130940.0;130665.0;484343;123378
2024-03-01 12:20:00;130795.0;130975.0;130975.0;130785.0;287154;74655
2024-03-01 12:30:00;130970.0;131070.0;131105.0;130820.0;417792;102862
2024-03-01 12:40:00;131070.0;131240.0;131260.0;131040.0;278671;69826
2024-03-01 12:50:00;131235.0;131255.0;131295.0;131185.0;229075;56896
2024-03-04 10:00:00;130615.0;130760.0;130800.0;130570.0;339174;96088
2024-03-04 10:10:00;130765.0;130655.0;130815.0;130630.0;401117;112502
2024-03-04 10:20:00;130650.0;130520.0;130690.0;130410.0;545335;145938
2024-03-04 10:30:00;130515.0;130740.0;130750.0;130500.0;373358;103192
2024-03-04 10:40:00;130745.0;130650.0;130825.0;130585.0;455480;124118
2024-03-04 10:50:00;130650.0;130595.0;130715.0;130575.0;275986;77127
2024-03-04 11:00:00;130590.0;130365.0;130630.0;130325.0;419272;114722
2024-03-04 11:10:00;130360.0;130380.0;130500.0;130340.0;313713;87235
2024-03-04 11:20:00;130380.0;130150.0;130385.0;130110.0;418656;113224
2024-03-04 11:30:00;130150.0;129990.0;130165.0;129950.0;423219;112181
2024-03-04 11:40:00;129985.0;129935.0;130005.0;129880.0;309167;76432
2024-03-04 11:50:00;129935.0;129990.0;130015.0;129865.0;269023;73247
2024-03-04 12:00:00;129985.0;129840.0;129995.0;129815.0;298807;78502
2024-03-04 12:10:00;129835.0;129845.0;129860.0;129765.0;233404;59981
2024-03-04 12:20:00;129845.0;129785.0;129850.0;129740.0;156431;42040
2024-03-04 12:30:00;129785.0;129840.0;129875.0;129755.0;201558;54257
2024-03-04 12:40:00;129845.0;129865.0;129875.0;129790.0;120835;33145
2024-03-04 12:50:00;129870.0;129865.0;129915.0;129830.0;170045;43575
2024-03-05 10:00:00;129900.0;129890.0;129975.0;129820.0;412953;116259
2024-03-05 10:10:00;129890.0;129770.0;130070.0;129725.0;657218;175716
2024-03-05 10:20:00;129775.0;129820.0;129950.0;129735.0;407589;112445
2024-03-05 10:30:00;129825.0;129785.0;130015.0;129785.0;404755;108786
2024-03-05 10:40:00;129785.0;129690.0;129800.0;129670.0;388430;103674
2024-03-05 10:50:00;129690.0;129845.0;129860.0;129685.0;308544;80823
2024-03-05 11:00:00;129845.0;129895.0;129990.0;129825.0;381877;99115
2024-03-05 11:10:00;129895.0;130110.0;130125.0;129835.0;387343;94661
2024-03-05 11:20:00;130110.0;129990.0;130160.0;129980.0;401850;100149
2024-03-05 11:30:00;129990.0;129965.0;130020.0;129815.0;543258;138393
2024-03-05 11:40:00;129965.0;129880.0;129995.0;129815.0;323357;85563
2024-03-05 11:50:00;129880.0;129845.0;129900.0;129755.0;304127;79909
2024-03-05 12:00:00;129850.0;130230.0;130520.0;129845.0;930327;224012
2024-03-05 12:10:00;130230.0;130225.0;130485.0;130175.0;457577;115873
2024-03-05 12:20:00;130225.0;130140.0;130265.0;130075.0;315372;82211
2024-03-05 12:30:00;130135.0;130060.0;130225.0;130010.0;268565;71474
2024-03-05 12:40:00;130065.0;130140.0;130330.0;130050.0;319485;84094
2024-03-05 12:50:00;130145.0;130230.0;130295.0;130080.0;226144;59912
2024-03-06 10:00:00;130235.0;130010.0;130240.0;130005.0;299548;88832
2024-03-06 10:10:00;130005.0;129925.0;130120.0;129880.0;486072;138015
2024-03-06 10:20:00;129925.0;130285.0;130345.0;129905.0;548551;152443
2024-03-06 10:30:00;130280.0;130150.0;130290.0;130015.0;560397;155127
2024-03-06 10:40:00;130145.0;130220.0;130275.0;130085.0;375291;100744
2024-03-06 10:50:00;130215.0;130495.0;130640.0;130165.0;597435;160135
2024-03-06 11:00:00;130495.0;130370.0;130495.0;130255.0;426172;114600
2024-03-06 11:10:00;130370.0;130415.0;130420.0;130240.0;283369;76616
2024-03-06 11:20:00;130410.0;130335.0;130465.0;130315.0;289695;79220
2024-03-06 11:30:00;130335.0;130355.0;130500.0;130260.0;488947;127880
2024-03-06 11:40:00;130355.0;130510.0;130535.0;130255.0;329507;85470
2024-03-06 11:50:00;130505.0;130300.0;130560.0;130295.0;341329;92965
2024-03-06 12:00:00;130300.0;130310.0;130510.0;130200.0;515616;138043
2024-03-06 12:10:00;130310.0;130425.0;130535.0;130305.0;357648;90988
2024-03-06 12:20:00;130425.0;130090.0;130500.0;130075.0;387235;97696
2024-03-06 12:30:00;130085.0;130075.0;130135.0;129965.0;384496;105062
2024-03-06 12:40:00;130075.0;130100.0;130145.0;130015.0;200294;57024
2024-03-06 12:50:00;130105.0;130115.0;130190.0;130060.0;211862;57066
2024-03-07 10:00:00;130245.0;130275.0;130320.0;130170.0;355129;99353
2024-03-07 10:10:00;130270.0;130440.0;130470.0;130175.0;424376;124634
2024-03-07 10:20:00;130440.0;130440.0;130540.0;130410.0;340792;96169
2024-03-07 10:30:00;130440.0;130285.0;130535.0;130270.0;469747;128718
2024-03-07 10:40:00;130285.0;130215.0;130440.0;130195.0;442455;118938
2024-03-07 10:50:00;130215.0;130145.0;130295.0;130110.0;398767;108731
2024-03-07 11:00:00;130140.0;129965.0;130185.0;129965.0;442396;116119
2024-03-07 11:10:00;129965.0;129950.0;130035.0;129880.0;406491;104269
2024-03-07 11:20:00;129955.0;129975.0;130020.0;129825.0;393915;101789
2024-03-07 11:30:00;129975.0;129660.0;130020.0;129635.0;566315;143127
2024-03-07 11:40:00;129665.0;129595.0;129705.0;129475.0;581748;137094
2024-03-07 11:50:00;129600.0;129555.0;129645.0;129510.0;273901;69932
2024-03-07 12:00:00;129555.0;129495.0;129605.0;129425.0;297625;74510
2024-03-07 12:10:00;129490.0;129640.0;129685.0;129485.0;352920;90277
2024-03-07 12:20:00;129635.0;129620.0;129660.0;129575.0;188655;48683
2024-03-07 12:30:00;129625.0;129730.0;129735.0;129555.0;237159;61058
2024-03-07 12:40:00;129730.0;129745.0;129755.0;129660.0;185181;46372
2024-03-07 12:50:00;129740.0;129725.0;129745.0;129590.0;270372;68955
2024-03-08 10:00:00;127350.0;127280.0;127400.0;127275.0;230176;66341
2024-03-08 10:10:00;127280.0;127120.0;127405.0;127115.0;478458;134299
2024-03-08 10:20:00;127120.0;127485.0;127675.0;127115.0;538349;162335
2024-03-08 10:30:00;127480.0;127995.0;128040.0;127100.0;888180;268970
2024-03-08 10:40:00;127995.0;127830.0;128085.0;127780.0;626932;169767
2024-03-08 10:50:00;127830.0;127760.0;127970.0;127745.0;387157;106029
2024-03-08 11:00:00;127765.0;127765.0;127925.0;127690.0;446846;122052
2024-03-08 11:10:00;127765.0;127895.0;127945.0;127690.0;362094;97927
2024-03-08 11:20:00;127890.0;127715.0;127900.0;127665.0;358464;96549
2024-03-08 11:30:00;127715.0;127755.0;127985.0;127635.0;674675;169337
2024-03-08 11:40:00;127760.0;127945.0;128050.0;127700.0;464716;122869
2024-03-08 11:50:00;127945.0;127880.0;127970.0;127720.0;439709;113294
2024-03-08 12:00:00;127880.0;128175.0;128210.0;127870.0;525951;133817
2024-03-08 12:10:00;128170.0;128415.0;128525.0;128125.0;572964;141722
2024-03-08 12:20:00;128415.0;128495.0;128540.0;128385.0;309890;73874
2024-03-08 12:30:00;128500.0;128550.0;128585.0;128430.0;260418;66865
2024-03-08 12:40:00;128550.0;128705.0;128745.0;128540.0;412244;96703
2024-03-08 12:50:00;128705.0;128640.0;128765.0;128620.0;302147;73156
2024-03-11 10:00:00;127325.0;127430.0;127450.0;127265.0;392023;101547
2024-03-11 10:10:00;127425.0;127435.0;127575.0;127375.0;477235;129051
2024-03-11 10:20:00;127430.0;127425.0;127505.0;127245.0;572739;157380
2024-03-11 10:30:00;127430.0;127565.0;127625.0;127335.0;725609;190717
2024-03-11 10:40:00;127565.0;127555.0;127580.0;127390.0;462471;123599
2024-03-11 10:50:00;127550.0;127525.0;127725.0;127400.0;626363;167940
2024-03-11 11:00:00;127525.0;127670.0;127700.0;127460.0;540583;140844
2024-03-11 11:10:00;127670.0;127800.0;127810.0;127585.0;366153;97392
2024-03-11 11:20:00;127800.0;127835.0;127845.0;127575.0;462336;121838
2024-03-11 11:30:00;127835.0;128005.0;128240.0;127800.0;816203;201903
2024-03-11 11:40:00;128005.0;128160.0;128215.0;127950.0;462500;121349
2024-03-11 11:50:00;128160.0;128130.0;128175.0;127900.0;404593;106832
2024-03-11 12:00:00;128130.0;127830.0;128135.0;127780.0;361304;94894
2024-03-11 12:10:00;127825.0;127730.0;127845.0;127715.0;232905;61650
2024-03-11 12:20:00;127735.0;127630.0;127755.0;127605.0;260923;65976
2024-03-11 12:30:00;127635.0;127730.0;127750.0;127585.0;272069;67996
2024-03-11 12:40:00;127730.0;127730.0;127770.0;127655.0;174255;46464
2024-03-11 12:50:00;127730.0;127760.0;127845.0;127700.0;212265;56037
2024-03-12 10:00:00;128560.0;128445.0;128580.0;128240.0;632927;172244
2024-03-12 10:10:00;128450.0;128420.0;128485.0;128280.0;516566;142497
2024-03-12 10:20:00;128425.0;128450.0;128780.0;128405.0;624382;170489
2024-03-12 10:30:00;128450.0;128090.0;128575.0;128060.0;777886;200236
2024-03-12 10:40:00;128090.0;128265.0;128375.0;128070.0;494211;136350
2024-03-12 10:50:00;128270.0;128100.0;128340.0;128040.0;410678;113571
2024-03-12 11:00:00;128100.0;128025.0;128320.0;128000.0;536892;140204
2024-03-12 11:10:00;128020.0;128055.0;128100.0;127805.0;526676;143242
2024-03-12 11:20:00;128060.0;128115.0;128205.0;128010.0;342574;97236
2024-03-12 11:30:00;128115.0;128225.0;128240.0;128035.0;305180;83420
2024-03-12 11:40:00;128225.0;128275.0;128425.0;128145.0;436787;122012
2024-03-12 11:50:00;128270.0;128240.0;128360.0;128200.0;250832;70663
2024-03-12 12:00:00;128235.0;128390.0;128395.0;128175.0;255573;68105
2024-03-12 12:10:00;128395.0;128415.0;128570.0;128360.0;347283;93265
2024-03-12 12:20:00;128420.0;128425.0;128440.0;128260.0;244240;66547
2024-03-12 12:30:00;128430.0;128605.0;128660.0;128415.0;347045;94710
2024-03-12 12:40:00;128605.0;128555.0;128650.0;128465.0;276731;75311
2024-03-12 12:50:00;128560.0;128710.0;128720.0;128550.0;180865;51558
2024-03-13 10:00:00;128600.0;128810.0;128825.0;128550.0;475563;130298
2024-03-13 10:10:00;128805.0;128755.0;128875.0;128565.0;654952;181765
2024-03-13 10:20:00;128760.0;129070.0;129105.0;128675.0;577242;160006
2024-03-13 10:30:00;129070.0;129215.0;129225.0;128800.0;936177;240936
2024-03-13 10:40:00;129220.0;129275.0;129385.0;129035.0;748566;195037
2024-03-13 10:50:00;129270.0;129430.0;129470.0;129245.0;433661;114581
2024-03-13 11:00:00;129425.0;129465.0;129485.0;129320.0;297797;81653
2024-03-13 11:10:00;129465.0;129265.0;129510.0;129225.0;350414;95177
2024-03-13 11:20:00;129270.0;129285.0;129345.0;129215.0;264663;71611
2024-03-13 11:30:00;129285.0;129345.0;129345.0;129190.0;288004;78445
2024-03-13 11:40:00;129340.0;129245.0;129430.0;129205.0;365654;98017
2024-03-13 11:50:00;129245.0;129075.0;129315.0;129065.0;328633;86745
2024-03-13 12:00:00;129075.0;129195.0;129245.0;129065.0;270706;72683
2024-03-13 12:10:00;129195.0;129240.0;129265.0;129150.0;199467;53558
2024-03-13 12:20:00;129240.0;129315.0;129325.0;129170.0;197610;53780
2024-03-13 12:30:00;129315.0;129195.0;129315.0;129155.0;215983;60718
2024-03-13 12:40:00;129195.0;129155.0;129240.0;129105.0;172313;47444
2024-03-13 12:50:00;129155.0;129325.0;129360.0;129135.0;229602;61388
2024-03-14 10:00:00;129170.0;129280.0;129365.0;129110.0;483034;134725
2024-03-14 10:10:00;129280.0;129300.0;129400.0;129175.0;585960;159243
2024-03-14 10:20:00;129305.0;129075.0;129415.0;128980.0;593427;164342
2024-03-14 10:30:00;129075.0;128890.0;129190.0;128760.0;849464;222481
2024-03-14 10:40:00;128895.0;128640.0;128925.0;128630.0;582552;155210
2024-03-14 10:50:00;128640.0;128665.0;128820.0;128595.0;520275;134388
2024-03-14 11:00:00;128665.0;129020.0;129045.0;128625.0;577671;149043
2024-03-14 11:10:00;129020.0;129070.0;129110.0;128935.0;382890;95777
2024-03-14 11:20:00;129070.0;129075.0;129150.0;129005.0;378662;95819
2024-03-14 11:30:00;129075.0;129155.0;129190.0;129060.0;358434;88982
2024-03-14 11:40:00;129150.0;129210.0;129290.0;129115.0;415525;99162
2024-03-14 11:50:00;129210.0;129005.0;129230.0;128940.0;494916;121621
2024-03-14 12:00:00;129010.0;129015.0;129105.0;128885.0;416366;101335
2024-03-14 12:10:00;129015.0;128985.0;129120.0;128980.0;246465;60814
2024-03-14 12:20:00;128985.0;128895.0;129050.0;128875.0;378919;91071
2024-03-14 12:30:00;128895.0;128900.0;128955.0;128840.0;242152;62413
2024-03-14 12:40:00;128900.0;128900.0;128980.0;128825.0;235007;61096
2024-03-14 12:50:00;128900.0;128865.0;128955.0;128855.0;147811;37403
2024-03-15 10:00:00;128760.0;128855.0;128960.0;128735.0;425234;110369
2024-03-15 10:10:00;128860.0;128905.0;129060.0;128850.0;555594;142856
2024-03-15 10:20:00;128910.0;128595.0;128960.0;128550.0;641838;159785
2024-03-15 10:30:00;128595.0;128515.0;128655.0;128400.0;758411;190653
2024-03-15 10:40:00;128510.0;128230.0;128595.0;128225.0;639325;163718
2024-03-15 10:50:00;128225.0;128330.0;128475.0;128210.0;490898;122571
2024-03-15 11:00:00;128330.0;128135.0;128370.0;128010.0;687642;168408
2024-03-15 11:10:00;128140.0;128085.0;128280.0;128065.0;416500;104821
2024-03-15 11:20:00;128080.0;128020.0;128160.0;128010.0;345683;82850
2024-03-15 11:30:00;128020.0;128160.0;128175.0;127940.0;456553;111087
2024-03-15 11:40:00;128155.0;127995.0;128180.0;127895.0;429076;103253
2024-03-15 11:50:00;127995.0;127950.0;128005.0;127870.0;257511;60865
2024-03-15 12:00:00;127950.0;127980.0;128000.0;127885.0;192119;46003
2024-03-15 12:10:00;127985.0;127940.0;128040.0;127910.0;261407;63071
2024-03-15 12:20:00;127945.0;127985.0;128030.0;127910.0;167927;42456
2024-03-15 12:30:00;127985.0;127955.0;127990.0;127915.0;144322;35896
2024-03-15 12:40:00;127955.0;127890.0;127975.0;127825.0;205065;51175
2024-03-15 12:50:00;127885.0;127840.0;127945.0;127830.0;187713;45827
2024-03-18 10:00:00;128265.0;128295.0;128305.0;128175.0;329393;87019
2024-03-18 10:10:00;128295.0;128495.0;128545.0;128225.0;495659;134681
2024-03-18 10:20:00;128490.0;128420.0;128580.0;128410.0;422209;115832
2024-03-18 10:30:00;128415.0;128190.0;128580.0;128175.0;858984;222460
2024-03-18 10:40:00;128185.0;127930.0;128335.0;127920.0;703682;189635
2024-03-18 10:50:00;127935.0;127795.0;128050.0;127775.0;538511;140470
2024-03-18 11:00:00;127795.0;127890.0;127925.0;127670.0;549517;128694
2024-03-18 11:10:00;127895.0;127890.0;127960.0;127795.0;365372;90973
2024-03-18 11:20:00;127890.0;127775.0;127980.0;127765.0;348048;86701
2024-03-18 11:30:00;127780.0;127780.0;127860.0;127710.0;336834;83016
2024-03-18 11:40:00;127780.0;127470.0;127800.0;127405.0;568794;136639
2024-03-18 11:50:00;127470.0;127335.0;127480.0;127270.0;409274;93117
2024-03-18 12:00:00;127335.0;127375.0;127395.0;127290.0;205076;48386
2024-03-18 12:10:00;127375.0;127435.0;127520.0;127365.0;276771;64150
2024-03-18 12:20:00;127435.0;127495.0;127525.0;127385.0;244450;57698
2024-03-18 12:30:00;127495.0;127425.0;127520.0;127390.0;175197;39140
2024-03-18 12:40:00;127420.0;127450.0;127480.0;127405.0;126946;29338
2024-03-18 12:50:00;127445.0;127470.0;127525.0;127390.0;172596;39767
2024-03-19 10:00:00;128250.0;128395.0;128445.0;128245.0;496713;128496
2024-03-19 10:10:00;128395.0;128335.0;128435.0;128275.0;358980;95119
2024-03-19 10:20:00;128335.0;128370.0;128370.0;128190.0;435528;116461
2024-03-19 10:30:00;128365.0;128255.0;128420.0;128195.0;652219;167127
2024-03-19 10:40:00;128255.0;128240.0;128515.0;128160.0;858325;215681
2024-03-19 10:50:00;128235.0;128270.0;128330.0;128130.0;468206;122241
2024-03-19 11:00:00;128270.0;128125.0;128275.0;128110.0;450302;116552
2024-03-19 11:10:00;128120.0;128130.0;128255.0;128085.0;354747;92887
2024-03-19 11:20:00;128135.0;128385.0;128395.0;128120.0;400543;105265
2024-03-19 11:30:00;128390.0;128650.0;128710.0;128340.0;657790;157151
2024-03-19 11:40:00;128650.0;128635.0;128690.0;128570.0;299816;73745
2024-03-19 11:50:00;128630.0;128665.0;128745.0;128605.0;317737;77173
2024-03-19 12:00:00;128660.0;128465.0;128680.0;128435.0;403323;95754
2024-03-19 12:10:00;128470.0;128565.0;128590.0;128465.0;225214;55733
2024-03-19 12:20:00;128565.0;128555.0;128620.0;128510.0;235829;57290
2024-03-19 12:30:00;128555.0;128440.0;128585.0;128430.0;250514;61090
2024-03-19 12:40:00;128440.0;128525.0;128535.0;128395.0;267692;62968
2024-03-19 12:50:00;128530.0;128535.0;128550.0;128435.0;193707;46136
2024-03-20 10:00:00;128595.0;128540.0;128680.0;128485.0;464343;125464
2024-03-20 10:10:00;128545.0;128605.0;128940.0;128535.0;761980;207584
2024-03-20 10:20:00;128610.0;128500.0;128640.0;128475.0;416255;107730
2024-03-20 10:30:00;128500.0;128650.0;128745.0;128430.0;829090;222053
2024-03-20 10:40:00;128650.0;128655.0;128675.0;128495.0;476925;126834
2024-03-20 10:50:00;128655.0;128785.0;128845.0;128545.0;449703;117204
2024-03-20 11:00:00;128790.0;128430.0;128810.0;128415.0;557369;144315
2024-03-20 11:10:00;128430.0;128375.0;128480.0;128355.0;348285;93774
2024-03-20 11:20:00;128375.0;128335.0;128425.0;128325.0;300889;77859
2024-03-20 11:30:00;128330.0;128290.0;128360.0;128230.0;402710;100789
2024-03-20 11:40:00;128285.0;128335.0;128385.0;128250.0;287060;72913
2024-03-20 11:50:00;128335.0;128440.0;128450.0;128290.0;342280;86743
2024-03-20 12:00:00;128435.0;128415.0;128485.0;128380.0;252719;63439
2024-03-20 12:10:00;128415.0;128455.0;128500.0;128390.0;194267;47280
2024-03-20 12:20:00;128455.0;128495.0;128565.0;128425.0;195676;49239
2024-03-20 12:30:00;128490.0;128520.0;128575.0;128470.0;185889;45373
2024-03-20 12:40:00;128525.0;128610.0;128660.0;128520.0;208525;51593
2024-03-20 12:50:00;128610.0;128635.0;128645.0;128545.0;176704;44555
2024-03-21 10:00:00;130080.0;130230.0;130350.0;130065.0;588204;150190
2024-03-21 10:10:00;130225.0;130025.0;130345.0;129975.0;626171;162177
2024-03-21 10:20:00;130020.0;129950.0;130095.0;129885.0;472321;119969
2024-03-21 10:30:00;129950.0;129660.0;129960.0;129625.0;648610;154798
2024-03-21 10:40:00;129665.0;129515.0;129725.0;129505.0;508605;117022
2024-03-21 10:50:00;129520.0;129460.0;129625.0;129435.0;400664;96478
2024-03-21 11:00:00;129460.0;129370.0;129465.0;129295.0;457291;110857
2024-03-21 11:10:00;129375.0;129325.0;129405.0;129270.0;333240;78599
2024-03-21 11:20:00;129320.0;129225.0;129340.0;129205.0;302640;72192
2024-03-21 11:30:00;129225.0;129255.0;129310.0;129225.0;216793;54149
2024-03-21 11:40:00;129255.0;129385.0;129420.0;129250.0;313723;74483
2024-03-21 11:50:00;129390.0;129315.0;129400.0;129305.0;194778;46862
2024-03-21 12:00:00;129315.0;129305.0;129345.0;129245.0;210916;51114
2024-03-21 12:10:00;129310.0;129290.0;129345.0;129235.0;169411;41346
2024-03-21 12:20:00;129290.0;129295.0;129320.0;129230.0;136232;32569
2024-03-21 12:30:00;129295.0;129270.0;129320.0;129250.0;95901;23585
2024-03-21 12:40:00;129265.0;129245.0;129275.0;129160.0;230689;55812
2024-03-21 12:50:00;129240.0;129270.0;129295.0;129230.0;121958;28631
2024-03-22 10:00:00;128480.0;128550.0;128630.0;128400.0;474469;132114
2024-03-22 10:10:00;128550.0;128590.0;128645.0;128450.0;400829;113006
2024-03-22 10:20:00;128590.0;128260.0;128745.0;128225.0;621930;172484
2024-03-22 10:30:00;128255.0;128400.0;128505.0;128175.0;881420;239552
2024-03-22 10:40:00;128405.0;128350.0;128425.0;128180.0;547229;145240
2024-03-22 10:50:00;128350.0;128400.0;128495.0;128340.0;358753;97597
2024-03-22 11:00:00;128395.0;128395.0;128540.0;128365.0;379389;100329
2024-03-22 11:10:00;128400.0;128105.0;128435.0;128105.0;594278;146848
2024-03-22 11:20:00;128105.0;128155.0;128165.0;128000.0;478442;115313
2024-03-22 11:30:00;128155.0;128240.0;128270.0;128070.0;331993;81595
2024-03-22 11:40:00;128245.0;128290.0;128290.0;128135.0;301717;78010
2024-03-22 11:50:00;128290.0;128230.0;128345.0;128165.0;350247;89370
2024-03-22 12:00:00;128225.0;128300.0;128435.0;128135.0;513828;119858
2024-03-22 12:10:00;128295.0;128330.0;128365.0;128235.0;274852;65017
2024-03-22 12:20:00;128335.0;128375.0;128410.0;128290.0;187133;44722
2024-03-22 12:30:00;128370.0;128270.0;128385.0;128265.0;174549;44335
2024-03-22 12:40:00;128270.0;128225.0;128315.0;128220.0;184557;44164
2024-03-22 12:50:00;128230.0;128150.0;128230.0;128045.0;300867;73756
2024-03-25 10:00:00;127690.0;127780.0;127790.0;127530.0;568924;162410
2024-03-25 10:10:00;127785.0;127665.0;127920.0;127655.0;612718;176045
2024-03-25 10:20:00;127660.0;127495.0;127680.0;127460.0;432117;118525
2024-03-25 10:30:00;127495.0;127845.0;127865.0;127475.0;675617;188702
2024-03-25 10:40:00;127845.0;127685.0;127890.0;127590.0;524625;149387
2024-03-25 10:50:00;127690.0;127745.0;127840.0;127660.0;345803;103006
2024-03-25 11:00:00;127740.0;127770.0;127805.0;127645.0;262096;74303
2024-03-25 11:10:00;127770.0;127865.0;127945.0;127755.0;365998;94790
2024-03-25 11:20:00;127865.0;127865.0;127940.0;127720.0;352252;95773
2024-03-25 11:30:00;127865.0;127945.0;127960.0;127785.0;324713;85265
2024-03-25 11:40:00;127940.0;127625.0;127950.0;127615.0;388122;99033
2024-03-25 11:50:00;127630.0;127685.0;127685.0;127565.0;286330;71186
2024-03-25 12:00:00;127685.0;127630.0;127685.0;127605.0;141000;35972
2024-03-25 12:10:00;127625.0;127710.0;127735.0;127620.0;185014;44503
2024-03-25 12:20:00;127705.0;127675.0;127745.0;127640.0;141748;34179
2024-03-25 12:30:00;127675.0;127845.0;127855.0;127665.0;221620;53138
2024-03-25 12:40:00;127845.0;127790.0;127900.0;127785.0;188433;43872
2024-03-25 12:50:00;127795.0;127840.0;127850.0;127765.0;131774;31541
2024-03-26 10:00:00;127210.0;127345.0;127365.0;127170.0;439582;120147
2024-03-26 10:10:00;127345.0;127280.0;127420.0;127250.0;545974;150955
2024-03-26 10:20:00;127280.0;127515.0;127550.0;127270.0;548223;150154
2024-03-26 10:30:00;127515.0;127385.0;127540.0;127335.0;610063;172750
2024-03-26 10:40:00;127385.0;127565.0;127620.0;127340.0;477708;142958
2024-03-26 10:50:00;127570.0;127645.0;127650.0;127530.0;254847;76967
2024-03-26 11:00:00;127645.0;127840.0;127885.0;127625.0;656579;163591
2024-03-26 11:10:00;127835.0;127795.0;127885.0;127700.0;405603;108531
2024-03-26 11:20:00;127790.0;127690.0;127795.0;127635.0;359023;93313
2024-03-26 11:30:00;127685.0;127570.0;127710.0;127505.0;397062;105084
2024-03-26 11:40:00;127570.0;127640.0;127725.0;127515.0;390835;107311
2024-03-26 11:50:00;127640.0;127600.0;127675.0;127580.0;201028;57469
2024-03-26 12:00:00;127600.0;127730.0;127745.0;127555.0;326988;87389
2024-03-26 12:10:00;127725.0;127690.0;127735.0;127600.0;217196;60530
2024-03-26 12:20:00;127695.0;127640.0;127715.0;127610.0;163779;41739
2024-03-26 12:30:00;127645.0;127560.0;127680.0;127525.0;235006;58656
2024-03-26 12:40:00;127555.0;127775.0;127790.0;127530.0;290065;69378
2024-03-26 12:50:00;127775.0;127770.0;127835.0;127720.0;229195;58389
2024-03-27 10:00:00;127430.0;127285.0;127430.0;127250.0;471749;122934
2024-03-27 10:10:00;127285.0;127310.0;127385.0;127210.0;506789;136640
2024-03-27 10:20:00;127315.0;127230.0;127330.0;127175.0;348914;92341
2024-03-27 10:30:00;127230.0;127245.0;127440.0;127200.0;638903;168577
2024-03-27 10:40:00;127245.0;127135.0;127280.0;127120.0;405656;109093
2024-03-27 10:50:00;127135.0;127250.0;127270.0;127120.0;327491;86728
2024-03-27 11:00:00;127250.0;126935.0;127265.0;126830.0;768585;183840
2024-03-27 11:10:00;126940.0;127220.0;127220.0;126890.0;442127;112778
2024-03-27 11:20:00;127215.0;127215.0;127235.0;127080.0;349897;88243
2024-03-27 11:30:00;127220.0;127345.0;127355.0;127195.0;384879;95507
2024-03-27 11:40:00;127345.0;127375.0;127470.0;127305.0;391935;92465
2024-03-27 11:50:00;127375.0;127425.0;127480.0;127355.0;279984;65566
2024-03-27 12:00:00;127420.0;127470.0;127495.0;127390.0;243617;56004
2024-03-27 12:10:00;127470.0;127455.0;127535.0;127435.0;248339;57664
2024-03-27 12:20:00;127455.0;127510.0;127535.0;127440.0;190269;41305
2024-03-27 12:30:00;127510.0;127620.0;127640.0;127500.0;259472;57246
2024-03-27 12:40:00;127620.0;127695.0;127765.0;127610.0;300885;65153
2024-03-27 12:50:00;127690.0;127675.0;127730.0;127650.0;173086;39486
2024-03-28 10:00:00;127965.0;128110.0;128180.0;127955.0;464520;120130
2024-03-28 10:10:00;128110.0;127915.0;128160.0;127870.0;503861;132610
2024-03-28 10:20:00;127915.0;127955.0;128000.0;127855.0;338399;91297
2024-03-28 10:30:00;127960.0;128330.0;128340.0;127925.0;741039;189200
2024-03-28 10:40:00;128330.0;128535.0;128590.0;128320.0;582163;142359
2024-03-28 10:50:00;128535.0;128535.0;128590.0;128420.0;309544;82903
2024-03-28 11:00:00;128535.0;128605.0;128700.0;128505.0;469337;122115
2024-03-28 11:10:00;128610.0;128635.0;128730.0;128580.0;310000;73930
2024-03-28 11:20:00;128635.0;128630.0;128680.0;128580.0;227844;55631
2024-03-28 11:30:00;128630.0;128710.0;128720.0;128615.0;197888;47006
2024-03-28 11:40:00;128710.0;128745.0;128775.0;128690.0;226072;53816
2024-03-28 11:50:00;128750.0;128735.0;128785.0;128710.0;145854;33518
2024-03-28 12:00:00;128730.0;128745.0;128750.0;128625.0;245775;58648
2024-03-28 12:10:00;128745.0;128765.0;128790.0;128665.0;205039;48286
2024-03-28 12:20:00;128765.0;128775.0;128830.0;128755.0;182687;41747
2024-03-28 12:30:00;128780.0;128890.0;128945.0;128750.0;262698;57307
2024-03-28 12:40:00;128890.0;128945.0;128990.0;128890.0;238609;51902
2024-03-28 12:50:00;128950.0;128870.0;129015.0;128855.0;239023;54488
2024-04-01 10:00:00;128970.0;128930.0;128995.0;128835.0;354089;93723
2024-04-01 10:10:00;128930.0;129010.0;129035.0;128840.0;434293;111998
2024-04-01 10:20:00;129015.0;129105.0;129260.0;129005.0;477432;126768
2024-04-01 10:30:00;129115.0;128610.0;129165.0;128600.0;716210;183358
2024-04-01 10:40:00;128610.0;128510.0;128655.0;128380.0;614575;149887
2024-04-01 10:50:00;128510.0;128565.0;128600.0;128450.0;305795;80713
2024-04-01 11:00:00;128570.0;128230.0;128580.0;128120.0;682440;164932
2024-04-01 11:10:00;128235.0;128195.0;128300.0;128170.0;320833;78985
2024-04-01 11:20:00;128195.0;127980.0;128245.0;127965.0;401849;102585
2024-04-01 11:30:00;127975.0;127990.0;128100.0;127950.0;361869;85532
2024-04-01 11:40:00;127995.0;128035.0;128040.0;127955.0;173316;41744
2024-04-01 11:50:00;128035.0;128045.0;128085.0;127995.0;162173;39875
2024-04-01 12:00:00;128050.0;127905.0;128060.0;127825.0;400578;91531
2024-04-01 12:10:00;127910.0;127820.0;127935.0;127780.0;249623;57973
2024-04-01 12:20:00;127820.0;127860.0;127870.0;127790.0;170777;40832
2024-04-01 12:30:00;127860.0;127700.0;127860.0;127685.0;315056;67245
2024-04-01 12:40:00;127705.0;127715.0;127755.0;127670.0;225154;47475
2024-04-01 12:50:00;127715.0;127700.0;127740.0;127655.0;158220;34816
2024-04-02 10:00:00;127350.0;127445.0;127490.0;127345.0;354977;90407
2024-04-02 10:10:00;127450.0;127455.0;127540.0;127200.0;658513;172642
2024-04-02 10:20:00;127460.0;127530.0;127565.0;127330.0;469942;116949
2024-04-02 10:30:00;127525.0;127680.0;127710.0;127400.0;897034;215609
2024-04-02 10:40:00;127685.0;127590.0;127705.0;127520.0;452029;111944
2024-04-02 10:50:00;127590.0;127595.0;127660.0;127500.0;273447;75847
2024-04-02 11:00:00;127595.0;127590.0;127820.0;127085.0;868785;230981
2024-04-02 11:10:00;127585.0;127515.0;127610.0;127450.0;482099;125876
2024-04-02 11:20:00;127515.0;127760.0;127775.0;127415.0;535671;140554
2024-04-02 11:30:00;127755.0;127700.0;127760.0;127560.0;397929;107012
2024-04-02 11:40:00;127705.0;127440.0;127720.0;127370.0;406212;107056
2024-04-02 11:50:00;127440.0;127385.0;127470.0;127275.0;418179;105074
2024-04-02 12:00:00;127390.0;127470.0;127525.0;127330.0;317742;76573
2024-04-02 12:10:00;127475.0;127470.0;127540.0;127430.0;219572;52030
2024-04-02 12:20:00;127470.0;127435.0;127545.0;127395.0;240397;55813
2024-04-02 12:30:00;127435.0;127330.0;127435.0;127260.0;281716;70914
2024-04-02 12:40:00;127335.0;127190.0;127365.0;127155.0;249154;59956
2024-04-02 12:50:00;127190.0;127225.0;127265.0;127165.0;191145;44191
2024-04-03 10:00:00;127675.0;127780.0;127935.0;127675.0;686646;183782
2024-04-03 10:10:00;127780.0;127765.0;127870.0;127620.0;579420;154435
2024-04-03 10:20:00;127765.0;127550.0;127810.0;127480.0;555661;141411
2024-04-03 10:30:00;127555.0;127535.0;127715.0;127470.0;753310;199122
2024-04-03 10:40:00;127530.0;127005.0;127550.0;126940.0;826447;200514
2024-04-03 10:50:00;127005.0;126850.0;127035.0;126770.0;581480;128616
2024-04-03 11:00:00;126855.0;126640.0;127115.0;126625.0;850267;184806
2024-04-03 11:10:00;126640.0;126705.0;126795.0;126605.0;487350;113421
2024-04-03 11:20:00;126710.0;126660.0;126820.0;126650.0;311872;74086
2024-04-03 11:30:00;126655.0;126680.0;126730.0;126590.0;338522;81192
2024-04-03 11:40:00;126685.0;126905.0;126935.0;126670.0;390597;92165
2024-04-03 11:50:00;126910.0;126935.0;127000.0;126875.0;297717;67096
2024-04-03 12:00:00;126935.0;126985.0;127000.0;126855.0;291236;66284
2024-04-03 12:10:00;126980.0;126920.0;127020.0;126890.0;242971;56711
2024-04-03 12:20:00;126920.0;126880.0;126995.0;126875.0;222948;51696
2024-04-03 12:30:00;126880.0;126885.0;126910.0;126795.0;274747;60580
2024-04-03 12:40:00;126885.0;127085.0;127125.0;126880.0;385888;84317
2024-04-03 12:50:00;127085.0;126970.0;127085.0;126885.0;249075;56989
2024-04-04 10:00:00;128145.0;128555.0;128565.0;128130.0;771106;188552
2024-04-04 10:10:00;128555.0;128925.0;128955.0;128535.0;836027;196536
2024-04-04 10:20:00;128925.0;129125.0;129155.0;128870.0;656829;146251
2024-04-04 10:30:00;129130.0;129280.0;129360.0;128985.0;941911;214537
2024-04-04 10:40:00;129280.0;129525.0;129565.0;129280.0;637408;145837
2024-04-04 10:50:00;129525.0;129440.0;129535.0;129310.0;473008;116241
2024-04-04 11:00:00;129435.0;129735.0;129780.0;129435.0;661396;147648
2024-04-04 11:10:00;129735.0;129650.0;129760.0;129590.0;416049;93060
2024-04-04 11:20:00;129650.0;129505.0;129720.0;129440.0;412165;90381
2024-04-04 11:30:00;129500.0;128980.0;129560.0;128975.0;905446;200071
2024-04-04 11:40:00;128980.0;129170.0;129190.0;128855.0;749165;173407
2024-04-04 11:50:00;129170.0;128785.0;129210.0;128780.0;539728;125257
2024-04-04 12:00:00;128785.0;128900.0;128970.0;128745.0;398419;88797
2024-04-04 12:10:00;128905.0;129470.0;129665.0;128885.0;972449;222696
2024-04-04 12:20:00;129470.0;129580.0;129685.0;129435.0;380881;97751
2024-04-04 12:30:00;129580.0;129785.0;129850.0;129535.0;403477;100485
2024-04-04 12:40:00;129790.0;129800.0;129935.0;129730.0;305614;77184
2024-04-04 12:50:00;129795.0;129865.0;129885.0;129770.0;174891;45220
2024-04-05 10:00:00;127925.0;127615.0;127950.0;127585.0;605209;172205
2024-04-05 10:10:00;127610.0;127490.0;127835.0;127435.0;638859;192004
2024-04-05 10:20:00;127485.0;127635.0;127760.0;127455.0;513743;148480
2024-04-05 10:30:00;127640.0;127315.0;127690.0;127305.0;825763;227423
2024-04-05 10:40:00;127310.0;127175.0;127345.0;127145.0;610577;146195
2024-04-05 10:50:00;127180.0;127430.0;127460.0;127150.0;551147;136327
2024-04-05 11:00:00;127430.0;126965.0;127525.0;126880.0;823928;191475
2024-04-05 11:10:00;126965.0;127005.0;127120.0;126920.0;431213;103898
2024-04-05 11:20:00;127005.0;126860.0;127050.0;126830.0;388396;95818
2024-04-05 11:30:00;126860.0;126855.0;127005.0;126820.0;375768;94673
2024-04-05 11:40:00;126860.0;126860.0;126995.0;126830.0;322365;78019
2024-04-05 11:50:00;126855.0;127180.0;127240.0;126755.0;676042;156444
2024-04-05 12:00:00;127185.0;127115.0;127370.0;126985.0;583630;143626
2024-04-05 12:10:00;127115.0;126845.0;127170.0;126735.0;565499;136499
2024-04-05 12:20:00;126840.0;127020.0;127035.0;126775.0;380781;91161
2024-04-05 12:30:00;127020.0;127100.0;127120.0;126875.0;338461;81434
2024-04-05 12:40:00;127100.0;127070.0;127135.0;126940.0;299503;71069
2024-04-05 12:50:00;127070.0;127355.0;127375.0;127065.0;423109;97125
2024-04-08 10:00:00;127540.0;127490.0;127670.0;127450.0;555161;156066
2024-04-08 10:10:00;127495.0;127480.0;127525.0;127400.0;334828;99193
2024-04-08 10:20:00;127480.0;127585.0;127780.0;127450.0;568260;159149
2024-04-08 10:30:00;127585.0;128395.0;128405.0;127575.0;973422;251496
2024-04-08 10:40:00;128395.0;128580.0;128690.0;128325.0;805327;204157
2024-04-08 10:50:00;128580.0;128480.0;128660.0;128425.0;402645;102029
2024-04-08 11:00:00;128475.0;128435.0;128515.0;128320.0;408499;102712
2024-04-08 11:10:00;128435.0;128405.0;128465.0;128230.0;411112;107582
2024-04-08 11:20:00;128400.0;128630.0;128645.0;128400.0;381498;94906
2024-04-08 11:30:00;128630.0;128615.0;128670.0;128455.0;364226;92468
2024-04-08 11:40:00;128615.0;128650.0;128710.0;128595.0;291422;70185
2024-04-08 11:50:00;128645.0;128675.0;128740.0;128600.0;281093;65856
2024-04-08 12:00:00;128675.0;128865.0;128880.0;128655.0;309742;70555
2024-04-08 12:10:00;128865.0;128850.0;128925.0;128820.0;274674;63198
2024-04-08 12:20:00;128845.0;128945.0;129005.0;128845.0;265664;59215
2024-04-08 12:30:00;128940.0;128835.0;128955.0;128725.0;329758;79832
2024-04-08 12:40:00;128840.0;128880.0;128945.0;128810.0;253926;59370
2024-04-08 12:50:00;128885.0;128935.0;128970.0;128855.0;211275;51186
2024-04-09 10:00:00;129810.0;129760.0;129830.0;129630.0;404684;109344
2024-04-09 10:10:00;129765.0;129700.0;129840.0;129575.0;534335;141821
2024-04-09 10:20:00;129705.0;129885.0;129890.0;129665.0;432626;112194
2024-04-09 10:30:00;129885.0;129745.0;130150.0;129655.0;1015445;258226
2024-04-09 10:40:00;129745.0;129930.0;130050.0;129730.0;650542;171023
2024-04-09 10:50:00;129930.0;129845.0;129940.0;129670.0;512655;132917
2024-04-09 11:00:00;129845.0;130090.0;130100.0;129815.0;497045;123947
2024-04-09 11:10:00;130090.0;130225.0;130315.0;130085.0;600035;141812
2024-04-09 11:20:00;130220.0;130025.0;130285.0;129990.0;506518;114909
2024-04-09 11:30:00;130020.0;129820.0;130035.0;129720.0;611879;144040
2024-04-09 11:40:00;129815.0;129675.0;129890.0;129485.0;672070;167727
2024-04-09 11:50:00;129675.0;129850.0;129870.0;129635.0;396477;92989
2024-04-09 12:00:00;129850.0;129935.0;129995.0;129795.0;400376;92140
2024-04-09 12:10:00;129930.0;130000.0;130010.0;129880.0;289280;67029
2024-04-09 12:20:00;130000.0;129735.0;130010.0;129700.0;442724;101754
2024-04-09 12:30:00;129740.0;129870.0;129945.0;129735.0;323003;81298
2024-04-09 12:40:00;129875.0;129885.0;129965.0;129830.0;224516;57581
2024-04-09 12:50:00;129890.0;129820.0;129900.0;129720.0;321472;80976
2024-04-10 10:00:00;129910.0;129460.0;129915.0;129385.0;774860;218977
2024-04-10 10:10:00;129460.0;129510.0;129560.0;129160.0;775215;210693
2024-04-10 10:20:00;129510.0;129085.0;129515.0;129080.0;630988;171032
2024-04-10 10:30:00;129090.0;129415.0;129485.0;129070.0;720273;199399
2024-04-10 10:40:00;129415.0;129110.0;129465.0;129025.0;668024;182588
2024-04-10 10:50:00;129110.0;129345.0;129540.0;129110.0;589423;163731
2024-04-10 11:00:00;129340.0;129330.0;129420.0;129130.0;512489;145704
2024-04-10 11:10:00;129330.0;129300.0;129345.0;129005.0;538396;144501
2024-04-10 11:20:00;129305.0;129130.0;129345.0;129125.0;415059;108266
2024-04-10 11:30:00;129130.0;129165.0;129205.0;128895.0;629795;166788
2024-04-10 11:40:00;129170.0;129180.0;129320.0;129075.0;403877;107742
2024-04-10 11:50:00;129180.0;129100.0;129240.0;128975.0;373615;95578
2024-04-10 12:00:00;129100.0;128675.0;129165.0;128645.0;501734;119078
2024-04-10 12:10:00;128670.0;128665.0;128725.0;128535.0;469692;112074
2024-04-10 12:20:00;128660.0;128655.0;128730.0;128590.0;222369;51358
2024-04-10 12:30:00;128655.0;128580.0;128685.0;128515.0;256634;62011
2024-04-10 12:40:00;128580.0;128430.0;128595.0;128375.0;367840;85453
2024-04-10 12:50:00;128435.0;128435.0;128470.0;128340.0;246588;59941
2024-04-11 10:00:00;127970.0;127995.0;128055.0;127865.0;448422;125859
2024-04-11 10:10:00;128000.0;127965.0;128125.0;127905.0;459009;132262
2024-04-11 10:20:00;127960.0;127810.0;127995.0;127655.0;369894;105760
2024-04-11 10:30:00;127815.0;127700.0;127955.0;127640.0;658687;183230
2024-04-11 10:40:00;127700.0;127770.0;127805.0;127560.0;503857;139481
2024-04-11 10:50:00;127770.0;127640.0;127825.0;127550.0;524520;141663
2024-04-11 11:00:00;127645.0;127500.0;127675.0;127450.0;506682;134809
2024-04-11 11:10:00;127500.0;127335.0;127575.0;127295.0;605961;150791
2024-04-11 11:20:00;127335.0;127265.0;127415.0;127200.0;460410;111990
2024-04-11 11:30:00;127260.0;127370.0;127405.0;127240.0;330369;79010
2024-04-11 11:40:00;127370.0;127520.0;127615.0;127300.0;442631;107806
2024-04-11 11:50:00;127515.0;127505.0;127590.0;127450.0;279905;66630
2024-04-11 12:00:00;127510.0;127435.0;127595.0;127400.0;340126;84335
2024-04-11 12:10:00;127440.0;127520.0;127545.0;127380.0;240531;60283
2024-04-11 12:20:00;127520.0;127420.0;127570.0;127410.0;218680;52939
2024-04-11 12:30:00;127425.0;127685.0;127695.0;127415.0;298302;72648
2024-04-11 12:40:00;127685.0;127620.0;127765.0;127605.0;346318;83370
2024-04-11 12:50:00;127620.0;127740.0;127755.0;127620.0;232466;54552
2024-04-12 10:00:00;127595.0;127410.0;127625.0;127365.0;698977;188056
2024-04-12 10:10:00;127405.0;127425.0;127540.0;127230.0;772451;201749
2024-04-12 10:20:00;127425.0;127680.0;127780.0;127380.0;637931;172955
2024-04-12 10:30:00;127680.0;127565.0;127765.0;127435.0;740915;209242
2024-04-12 10:40:00;127570.0;127480.0;127645.0;127440.0;428666;125725
2024-04-12 10:50:00;127480.0;127550.0;127595.0;127375.0;437945;123567
2024-04-12 11:00:00;127555.0;127450.0;127775.0;127365.0;715575;184818
2024-04-12 11:10:00;127455.0;127350.0;127605.0;127310.0;556064;139093
2024-04-12 11:20:00;127350.0;127280.0;127435.0;127220.0;501513;127772
2024-04-12 11:30:00;127280.0;127330.0;127475.0;127240.0;477476;119292
2024-04-12 11:40:00;127330.0;127125.0;127365.0;127020.0;504172;122060
2024-04-12 11:50:00;127125.0;126920.0;127130.0;126900.0;366130;86066
2024-04-12 12:00:00;126920.0;127005.0;127060.0;126855.0;417623;99745
2024-04-12 12:10:00;127005.0;127065.0;127070.0;126835.0;347140;87776
2024-04-12 12:20:00;127065.0;127090.0;127130.0;127005.0;286414;71938
2024-04-12 12:30:00;127095.0;127090.0;127215.0;127040.0;289998;76861
2024-04-12 12:40:00;127090.0;127155.0;127175.0;127015.0;260831;70391
2024-04-12 12:50:00;127160.0;127105.0;127205.0;127075.0;177044;47018
2024-04-15 10:00:00;126025.0;125760.0;126135.0;125700.0;663777;188717
2024-04-15 10:10:00;125760.0;125810.0;125905.0;125645.0;560208;155873
2024-04-15 10:20:00;125805.0;125900.0;126035.0;125720.0;525022;145199
2024-04-15 10:30:00;125900.0;126080.0;126115.0;125660.0;857960;225209
2024-04-15 10:40:00;126080.0;126045.0;126330.0;125990.0;811316;212704
2024-04-15 10:50:00;126045.0;126240.0;126270.0;126040.0;440375;121736
2024-04-15 11:00:00;126240.0;126060.0;126240.0;125885.0;600572;159192
2024-04-15 11:10:00;126055.0;126075.0;126215.0;125860.0;666101;178300
2024-04-15 11:20:00;126075.0;125990.0;126135.0;125965.0;391120;105429
2024-04-15 11:30:00;125990.0;126055.0;126350.0;125965.0;710653;186793
2024-04-15 11:40:00;126055.0;126090.0;126265.0;125920.0;595444;155030
2024-04-15 11:50:00;126090.0;126000.0;126165.0;125985.0;368130;97236
2024-04-15 12:00:00;126000.0;125895.0;126020.0;125885.0;318645;82314
2024-04-15 12:10:00;125895.0;126070.0;126080.0;125885.0;344267;93256
2024-04-15 12:20:00;126070.0;126285.0;126295.0;126030.0;273008;72436
2024-04-15 12:30:00;126285.0;126115.0;126290.0;126035.0;362879;89782
2024-04-15 12:40:00;126115.0;126065.0;126175.0;126060.0;217562;57418
2024-04-15 12:50:00;126060.0;126160.0;126235.0;126050.0;191096;50248
2024-04-16 10:00:00;124235.0;124235.0;124340.0;124125.0;549227;149705
2024-04-16 10:10:00;124240.0;124275.0;124370.0;124190.0;477295;134638
2024-04-16 10:20:00;124270.0;124295.0;124325.0;124190.0;399369;106762
2024-04-16 10:30:00;124300.0;124070.0;124440.0;124065.0;886330;232710
2024-04-16 10:40:00;124075.0;123855.0;124130.0;123755.0;942950;233607
2024-04-16 10:50:00;123855.0;124135.0;124210.0;123840.0;552704;142077
2024-04-16 11:00:00;124135.0;124345.0;124375.0;124055.0;603943;153335
2024-04-16 11:10:00;124345.0;124435.0;124560.0;124275.0;568106;134684
2024-04-16 11:20:00;124430.0;124325.0;124480.0;124285.0;508295;121615
2024-04-16 11:30:00;124325.0;124415.0;124465.0;124205.0;559437;136929
2024-04-16 11:40:00;124420.0;124615.0;124770.0;124410.0;642710;157803
2024-04-16 11:50:00;124620.0;124495.0;124750.0;124465.0;503175;126412
2024-04-16 12:00:00;124490.0;124670.0;124750.0;124475.0;442637;114692
2024-04-16 12:10:00;124670.0;124755.0;124790.0;124620.0;341573;84295
2024-04-16 12:20:00;124755.0;124860.0;124880.0;124650.0;375303;90427
2024-04-16 12:30:00;124860.0;124815.0;124915.0;124695.0;394111;99209
2024-04-16 12:40:00;124815.0;124930.0;124995.0;124790.0;315642;86127
2024-04-16 12:50:00;124935.0;125060.0;125205.0;124920.0;426804;105887
2024-04-17 10:00:00;126710.0;126760.0;126845.0;126640.0;424234;120429
2024-04-17 10:10:00;126760.0;126680.0;127060.0;126670.0;577531;166532
2024-04-17 10:20:00;126675.0;126775.0;126875.0;126615.0;373837;106385
2024-04-17 10:30:00;126775.0;126540.0;126835.0;126460.0;699911;198273
2024-04-17 10:40:00;126535.0;126350.0;126675.0;126315.0;774513;212476
2024-04-17 10:50:00;126350.0;126135.0;126560.0;126000.0;754927;198615
2024-04-17 11:00:00;126135.0;126120.0;126175.0;125820.0;596549;156718
2024-04-17 11:10:00;126125.0;126095.0;126200.0;125980.0;409397;108638
2024-04-17 11:20:00;126095.0;126040.0;126240.0;125950.0;388788;104846
2024-04-17 11:30:00;126040.0;125920.0;126045.0;125785.0;444800;119651
2024-04-17 11:40:00;125925.0;126080.0;126160.0;125885.0;351082;97290
2024-04-17 11:50:00;126080.0;125925.0;126085.0;125865.0;312489;87171
2024-04-17 12:00:00;125915.0;126230.0;126340.0;125905.0;480210;129784
2024-04-17 12:10:00;126235.0;126040.0;126275.0;126025.0;282044;76947
2024-04-17 12:20:00;126040.0;125965.0;126150.0;125955.0;269100;71006
2024-04-17 12:30:00;125960.0;126080.0;126115.0;125765.0;483536;120983
2024-04-17 12:40:00;126080.0;126010.0;126105.0;125905.0;274604;70058
2024-04-17 12:50:00;126010.0;126110.0;126205.0;125980.0;333286;82141
2024-04-18 10:00:00;126170.0;126245.0;126295.0;126080.0;611030;166363
2024-04-18 10:10:00;126240.0;126280.0;126610.0;126185.0;815896;213140
2024-04-18 10:20:00;126280.0;126325.0;126425.0;126190.0;475016;130828
2024-04-18 10:30:00;126330.0;126100.0;126625.0;126085.0;915278;244064
2024-04-18 10:40:00;126100.0;126535.0;126645.0;126010.0;737371;203531
2024-04-18 10:50:00;126530.0;126575.0;126640.0;126330.0;534670;154392
2024-04-18 11:00:00;126570.0;126675.0;126705.0;126345.0;577484;158918
2024-04-18 11:10:00;126675.0;126735.0;126785.0;126585.0;426614;116490
2024-04-18 11:20:00;126730.0;126775.0;126795.0;126680.0;251607;69894
2024-04-18 11:30:00;126775.0;126650.0;126820.0;126565.0;466991;124613
2024-04-18 11:40:00;126650.0;126520.0;126660.0;126505.0;349110;91140
2024-04-18 11:50:00;126520.0;126275.0;126535.0;126180.0;487525;125037
2024-04-18 12:00:00;126275.0;126305.0;126400.0;126220.0;376838;97878
2024-04-18 12:10:00;126305.0;126125.0;126375.0;126095.0;295535;81833
2024-04-18 12:20:00;126120.0;125990.0;126225.0;125960.0;398424;105209
2024-04-18 12:30:00;125990.0;126055.0;126375.0;125810.0;481903;123607
2024-04-18 12:40:00;126055.0;125810.0;126060.0;125720.0;421394;108228
2024-04-18 12:50:00;125810.0;125770.0;125870.0;125735.0;229651;58702
2024-04-19 10:00:00;125925.0;125955.0;126000.0;125820.0;546744;145932
2024-04-19 10:10:00;125950.0;126105.0;126125.0;125915.0;583874;160471
2024-04-19 10:20:00;126100.0;126210.0;126210.0;126020.0;434256;113570
2024-04-19 10:30:00;126205.0;126415.0;126590.0;126135.0;949979;246377
2024-04-19 10:40:00;126415.0;126490.0;126595.0;126410.0;447572;121008
2024-04-19 10:50:00;126490.0;126730.0;126835.0;126465.0;578148;158796
2024-04-19 11:00:00;126735.0;126655.0;126800.0;126615.0;433765;116008
2024-04-19 11:10:00;126655.0;126440.0;126715.0;126430.0;518683;135882
2024-04-19 11:20:00;126445.0;127055.0;127065.0;126435.0;745279;185236
2024-04-19 11:30:00;127060.0;126750.0;127140.0;126725.0;654811;156379
2024-04-19 11:40:00;126750.0;127025.0;127080.0;126750.0;439523;115371
2024-04-19 11:50:00;127025.0;126995.0;127170.0;126995.0;359271;90561
2024-04-19 12:00:00;127000.0;127095.0;127115.0;126900.0;340844;88643
2024-04-19 12:10:00;127095.0;126895.0;127135.0;126870.0;269452;71737
2024-04-19 12:20:00;126900.0;126875.0;126950.0;126780.0;242176;67569
2024-04-19 12:30:00;126875.0;126925.0;127005.0;126850.0;172954;50439
2024-04-19 12:40:00;126925.0;126960.0;126970.0;126810.0;198504;51386
2024-04-19 12:50:00;126955.0;126845.0;127015.0;126830.0;192467;51782
2024-04-22 10:00:00;126890.0;126860.0;126975.0;126785.0;454516;132436
2024-04-22 10:10:00;126860.0;126720.0;126890.0;126615.0;688323;185182
2024-04-22 10:20:00;126715.0;126515.0;126755.0;126415.0;549350;143870
2024-04-22 10:30:00;126510.0;126310.0;126550.0;126190.0;718456;186175
2024-04-22 10:40:00;126305.0;126265.0;126350.0;126125.0;575877;148311
2024-04-22 10:50:00;126265.0;126370.0;126390.0;126195.0;417368;110100
2024-04-22 11:00:00;126375.0;126445.0;126500.0;126300.0;460532;117722
2024-04-22 11:10:00;126445.0;126820.0;126840.0;126425.0;745646;190928
2024-04-22 11:20:00;126815.0;126700.0;126875.0;126615.0;554966;140010
2024-04-22 11:30:00;126700.0;126740.0;126790.0;126595.0;422988;112090
2024-04-22 11:40:00;126740.0;126690.0;126785.0;126585.0;365629;95851
2024-04-22 11:50:00;126690.0;126670.0;126800.0;126615.0;406577;99855
2024-04-22 12:00:00;126670.0;126625.0;126740.0;126600.0;258796;68159
2024-04-22 12:10:00;126630.0;126655.0;126760.0;126585.0;242457;64077
2024-04-22 12:20:00;126660.0;126820.0;126835.0;126655.0;190846;53392
2024-04-22 12:30:00;126820.0;126665.0;126825.0;126660.0;194757;54827
2024-04-22 12:40:00;126665.0;126620.0;126690.0;126600.0;168181;44720
2024-04-22 12:50:00;126615.0;126855.0;126860.0;126610.0;203385;53118
2024-04-23 10:00:00;126325.0;126210.0;126325.0;126140.0;463640;127251
2024-04-23 10:10:00;126210.0;126020.0;126245.0;125920.0;882616;228051
2024-04-23 10:20:00;126025.0;126160.0;126180.0;125985.0;394930;108366
2024-04-23 10:30:00;126150.0;125880.0;126200.0;125785.0;861358;234463
2024-04-23 10:40:00;125880.0;126010.0;126275.0;125760.0;941308;252116
2024-04-23 10:50:00;126010.0;126270.0;126350.0;125910.0;959798;256380
2024-04-23 11:00:00;126265.0;126300.0;126465.0;126110.0;735118;208933
2024-04-23 11:10:00;126300.0;126405.0;126475.0;126280.0;369426;111103
2024-04-23 11:20:00;126405.0;126235.0;126465.0;126200.0;437381;124812
2024-04-23 11:30:00;126235.0;126380.0;126485.0;126215.0;463127;128354
2024-04-23 11:40:00;126380.0;126195.0;126400.0;126105.0;563901;150659
2024-04-23 11:50:00;126190.0;126140.0;126355.0;126045.0;414344;113018
2024-04-23 12:00:00;126135.0;126275.0;126300.0;126075.0;375580;95794
2024-04-23 12:10:00;126275.0;126345.0;126370.0;126215.0;323253;87968
2024-04-23 12:20:00;126345.0;126295.0;126395.0;126180.0;281688;76260
2024-04-23 12:30:00;126295.0;126410.0;126415.0;126235.0;273319;74300
2024-04-23 12:40:00;126405.0;126555.0;126590.0;126360.0;358172;95359
2024-04-23 12:50:00;126550.0;126490.0;126580.0;126435.0;181421;49301
2024-04-24 10:00:00;126715.0;126885.0;126940.0;126680.0;504430;146723
2024-04-24 10:10:00;126885.0;126725.0;126935.0;126665.0;522109;147314
2024-04-24 10:20:00;126725.0;126655.0;126835.0;126595.0;425897;123491
2024-04-24 10:30:00;126655.0;126640.0;126740.0;126440.0;823998;233223
2024-04-24 10:40:00;126640.0;126435.0;126740.0;126375.0;606895;173200
2024-04-24 10:50:00;126435.0;126485.0;126585.0;126390.0;441371;125115
2024-04-24 11:00:00;126485.0;126700.0;126730.0;126470.0;490932;137050
2024-04-24 11:10:00;126695.0;126580.0;126740.0;126385.0;631925;167039
2024-04-24 11:20:00;126575.0;126385.0;126650.0;126340.0;525554;133182
2024-04-24 11:30:00;126380.0;126435.0;126605.0;126295.0;539376;140908
2024-04-24 11:40:00;126440.0;126440.0;126465.0;126255.0;414297;106953
2024-04-24 11:50:00;126445.0;126435.0;126560.0;126400.0;315938;82657
2024-04-24 12:00:00;126430.0;126365.0;126485.0;126330.0;301003;80773
2024-04-24 12:10:00;126365.0;126365.0;126425.0;126300.0;248679;67299
2024-04-24 12:20:00;126365.0;126160.0;126385.0;126145.0;380329;101067
2024-04-24 12:30:00;126165.0;126140.0;126225.0;126085.0;304436;79967
2024-04-24 12:40:00;126145.0;126080.0;126155.0;126005.0;297849;79102
2024-04-24 12:50:00;126085.0;126145.0;126230.0;126070.0;239846;61106
2024-04-25 10:00:00;125950.0;125575.0;125970.0;125560.0;651551;177431
2024-04-25 10:10:00;125580.0;125430.0;125605.0;125280.0;699918;190752
2024-04-25 10:20:00;125430.0;125415.0;125535.0;125300.0;385417;117222
2024-04-25 10:30:00;125420.0;125215.0;125525.0;125185.0;820137;224590
2024-04-25 10:40:00;125210.0;125175.0;125485.0;125100.0;761009;208570
2024-04-25 10:50:00;125170.0;125260.0;125275.0;125040.0;505214;136646
2024-04-25 11:00:00;125260.0;125325.0;125475.0;125215.0;562020;152077
2024-04-25 11:10:00;125325.0;125535.0;125625.0;125310.0;543508;145856
2024-04-25 11:20:00;125540.0;125520.0;125635.0;125440.0;452644;119717
2024-04-25 11:30:00;125520.0;125645.0;125700.0;125460.0;434507;122395
2024-04-25 11:40:00;125645.0;125690.0;125750.0;125480.0;426369;118950
2024-04-25 11:50:00;125685.0;125720.0;125840.0;125665.0;441759;114906
2024-04-25 12:00:00;125720.0;125910.0;125920.0;125720.0;419738;107201
2024-04-25 12:10:00;125910.0;126025.0;126040.0;125890.0;349604;87138
2024-04-25 12:20:00;126020.0;126055.0;126100.0;125955.0;239211;64186
2024-04-25 12:30:00;126055.0;126075.0;126100.0;125925.0;309326;81113
2024-04-25 12:40:00;126070.0;126090.0;126180.0;126010.0;283001;75641
2024-04-25 12:50:00;126085.0;126165.0;126185.0;126030.0;235959;62116
2024-04-26 10:00:00;126990.0;126895.0;127025.0;126730.0;550167;169100
2024-04-26 10:10:00;126895.0;126985.0;127085.0;126750.0;543830;170980
2024-04-26 10:20:00;126990.0;127160.0;127235.0;126925.0;500989;153038
2024-04-26 10:30:00;127155.0;127705.0;127735.0;127115.0;881881;251340
2024-04-26 10:40:00;127705.0;127830.0;127870.0;127650.0;545494;149374
2024-04-26 10:50:00;127830.0;127710.0;127920.0;127705.0;340909;91112
2024-04-26 11:00:00;127705.0;127700.0;127865.0;127610.0;465368;119071
2024-04-26 11:10:00;127700.0;127575.0;127725.0;127545.0;400569;104665
2024-04-26 11:20:00;127575.0;127655.0;127715.0;127540.0;257736;68078
2024-04-26 11:30:00;127660.0;127655.0;127805.0;127595.0;373118;98663
2024-04-26 11:40:00;127655.0;127740.0;127775.0;127600.0;285135;79253
2024-04-26 11:50:00;127740.0;127720.0;127780.0;127680.0;166920;49004
2024-04-26 12:00:00;127725.0;127700.0;127800.0;127645.0;224956;64481
2024-04-26 12:10:00;127700.0;127710.0;127750.0;127615.0;230630;61202
2024-04-26 12:20:00;127710.0;127850.0;127855.0;127690.0;210239;54335
2024-04-26 12:30:00;127850.0;127840.0;127860.0;127765.0;160410;43754
2024-04-26 12:40:00;127840.0;127915.0;127945.0;127815.0;215481;56651
2024-04-26 12:50:00;127920.0;127970.0;128010.0;127885.0;212249;56618
2024-04-29 10:00:00;127865.0;128070.0;128150.0;127845.0;570292;160878
2024-04-29 10:10:00;128065.0;127960.0;128070.0;127860.0;550258;153216
2024-04-29 10:20:00;127955.0;127950.0;128070.0;127860.0;366904;101484
2024-04-29 10:30:00;127945.0;128130.0;128165.0;127870.0;572309;155391
2024-04-29 10:40:00;128130.0;128290.0;128300.0;127980.0;663156;181368
2024-04-29 10:50:00;128290.0;128220.0;128370.0;128170.0;597692;163558
2024-04-29 11:00:00;128220.0;128100.0;128335.0;128030.0;485582;138157
2024-04-29 11:10:00;128095.0;128160.0;128170.0;128025.0;350374;95289
2024-04-29 11:20:00;128160.0;128255.0;128325.0;128150.0;418136;117694
2024-04-29 11:30:00;128250.0;128145.0;128260.0;128080.0;352360;97332
2024-04-29 11:40:00;128145.0;128300.0;128340.0;128115.0;403657;107262
2024-04-29 11:50:00;128305.0;128325.0;128405.0;128190.0;418233;107254
2024-04-29 12:00:00;128330.0;128345.0;128465.0;128240.0;420274;109736
2024-04-29 12:10:00;128340.0;128295.0;128375.0;128260.0;242305;67813
2024-04-29 12:20:00;128300.0;128290.0;128320.0;128215.0;199061;56347
2024-04-29 12:30:00;128290.0;128105.0;128310.0;128105.0;306894;84717
2024-04-29 12:40:00;128105.0;128085.0;128185.0;128065.0;246039;69554
2024-04-29 12:50:00;128085.0;128145.0;128170.0;128050.0;259298;70403
2024-04-30 10:00:00;128250.0;128265.0;128375.0;128185.0;446989;117277
2024-04-30 10:10:00;128260.0;128165.0;128340.0;128105.0;617458;160768
2024-04-30 10:20:00;128160.0;127985.0;128195.0;127955.0;683803;174241
2024-04-30 10:30:00;127985.0;127930.0;128100.0;127840.0;802288;213450
2024-04-30 10:40:00;127925.0;128105.0;128185.0;127900.0;481824;130722
2024-04-30 10:50:00;128110.0;127865.0;128115.0;127815.0;485851;137119
2024-04-30 11:00:00;127860.0;127695.0;128010.0;127660.0;693539;187377
2024-04-30 11:10:00;127700.0;127935.0;127955.0;127670.0;377856;100671
2024-04-30 11:20:00;127935.0;127655.0;127970.0;127650.0;449055;119788
2024-04-30 11:30:00;127655.0;127640.0;127730.0;127580.0;363750;95698
2024-04-30 11:40:00;127645.0;127550.0;127675.0;127525.0;329450;88496
2024-04-30 11:50:00;127550.0;127455.0;127575.0;127430.0;332804;87030
2024-04-30 12:00:00;127460.0;127365.0;127550.0;127345.0;386272;100097
2024-04-30 12:10:00;127365.0;127310.0;127385.0;127260.0;334789;86252
2024-04-30 12:20:00;127315.0;127335.0;127370.0;127285.0;170984;46244
2024-04-30 12:30:00;127340.0;127220.0;127370.0;127200.0;265637;67284
2024-04-30 12:40:00;127220.0;127285.0;127325.0;127155.0;269857;70386
2024-04-30 12:50:00;127285.0;127285.0;127355.0;127245.0;174716;46981
2024-05-02 10:00:00;128655.0;128730.0;128810.0;128655.0;460649;123450
2024-05-02 10:10:00;128730.0;128765.0;128835.0;128575.0;576159;155615
2024-05-02 10:20:00;128760.0;128655.0;128790.0;128575.0;401923;107506
2024-05-02 10:30:00;128650.0;128535.0;128730.0;128410.0;860370;226815
2024-05-02 10:40:00;128535.0;128425.0;128615.0;128410.0;555493;145866
2024-05-02 10:50:00;128430.0;128315.0;128440.0;128225.0;578387;151115
2024-05-02 11:00:00;128320.0;127950.0;128340.0;127930.0;757926;182673
2024-05-02 11:10:00;127955.0;127930.0;128045.0;127880.0;528975;129074
2024-05-02 11:20:00;127930.0;128170.0;128230.0;127895.0;614400;149657
2024-05-02 11:30:00;128170.0;128255.0;128340.0;128150.0;440591;108224
2024-05-02 11:40:00;128255.0;128365.0;128400.0;128090.0;562207;141277
2024-05-02 11:50:00;128370.0;128345.0;128435.0;128305.0;334281;83607
2024-05-02 12:00:00;128350.0;128375.0;128400.0;128260.0;280615;68753
2024-05-02 12:10:00;128375.0;128340.0;128410.0;128295.0;207650;50598
2024-05-02 12:20:00;128340.0;128300.0;128400.0;128280.0;223109;57128
2024-05-02 12:30:00;128300.0;128265.0;128325.0;128200.0;281686;78886
2024-05-02 12:40:00;128265.0;128270.0;128360.0;128260.0;201966;53445
2024-05-02 12:50:00;128275.0;128280.0;128355.0;128250.0;170012;41100
2024-05-03 10:00:00;130055.0;129925.0;130315.0;129845.0;740552;199606
2024-05-03 10:10:00;129925.0;129925.0;130095.0;129790.0;548349;150868
2024-05-03 10:20:00;129930.0;129930.0;129970.0;129800.0;326815;96369
2024-05-03 10:30:00;129930.0;129760.0;130145.0;129690.0;779761;221230
2024-05-03 10:40:00;129755.0;129760.0;129920.0;129670.0;480175;134380
2024-05-03 10:50:00;129755.0;129705.0;129810.0;129640.0;373187;102014
2024-05-03 11:00:00;129705.0;129840.0;130070.0;129640.0;1010458;285350
2024-05-03 11:10:00;129840.0;129635.0;129900.0;129625.0;570190;163398
2024-05-03 11:20:00;129635.0;129700.0;129780.0;129550.0;664936;173533
2024-05-03 11:30:00;129705.0;129740.0;129785.0;129575.0;471988;128352
2024-05-03 11:40:00;129740.0;129780.0;129800.0;129635.0;314260;85697
2024-05-03 11:50:00;129785.0;129815.0;129890.0;129725.0;342551;92174
2024-05-03 12:00:00;129820.0;129840.0;129960.0;129790.0;299963;80268
2024-05-03 12:10:00;129840.0;129815.0;129955.0;129810.0;253643;67133
2024-05-03 12:20:00;129820.0;129775.0;129855.0;129720.0;256968;64911
2024-05-03 12:30:00;129775.0;129790.0;129845.0;129760.0;214261;56308
2024-05-03 12:40:00;129790.0;129765.0;129815.0;129705.0;170068;44214
2024-05-03 12:50:00;129770.0;129770.0;129830.0;129745.0;152315;38693
2024-05-06 10:00:00;129575.0;129570.0;129685.0;129540.0;446923;128044
2024-05-06 10:10:00;129575.0;129670.0;129760.0;129480.0;564031;157360
2024-05-06 10:20:00;129665.0;129805.0;129870.0;129600.0;539075;146663
2024-05-06 10:30:00;129810.0;129955.0;130040.0;129745.0;785430;207594
2024-05-06 10:40:00;129960.0;130135.0;130140.0;129925.0;583703;153946
2024-05-06 10:50:00;130135.0;130310.0;130330.0;130045.0;470426;123193
2024-05-06 11:00:00;130315.0;130305.0;130330.0;130170.0;431056;109870
2024-05-06 11:10:00;130305.0;130320.0;130410.0;130275.0;420197;107126
2024-05-06 11:20:00;130320.0;130265.0;130340.0;130175.0;393062;106907
2024-05-06 11:30:00;130270.0;130290.0;130360.0;130265.0;243007;66848
2024-05-06 11:40:00;130290.0;130390.0;130395.0;130245.0;220363;60539
2024-05-06 11:50:00;130390.0;130280.0;130450.0;130245.0;376129;102624
2024-05-06 12:00:00;130280.0;130235.0;130285.0;130155.0;312046;82173
2024-05-06 12:10:00;130235.0;130275.0;130365.0;130220.0;257730;68261
2024-05-06 12:20:00;130275.0;130140.0;130280.0;130110.0;292252;73536
2024-05-06 12:30:00;130140.0;130180.0;130190.0;130110.0;170717;42811
2024-05-06 12:40:00;130180.0;130280.0;130320.0;130150.0;255115;67194
2024-05-06 12:50:00;130280.0;130315.0;130335.0;130230.0;155382;40067
2024-05-07 10:00:00;130275.0;130450.0;130515.0;130240.0;725344;184218
2024-05-07 10:10:00;130450.0;130385.0;130550.0;130340.0;536953;140131
2024-05-07 10:20:00;130385.0;130505.0;130540.0;130360.0;306913;84474
2024-05-07 10:30:00;130510.0;130440.0;130595.0;130315.0;804682;214539
2024-05-07 10:40:00;130440.0;130495.0;130660.0;130430.0;611583;155412
2024-05-07 10:50:00;130495.0;130370.0;130540.0;130350.0;417120;109868
2024-05-07 11:00:00;130370.0;130455.0;130460.0;130260.0;485847;125867
2024-05-07 11:10:00;130455.0;130530.0;130595.0;130435.0;377169;98489
2024-05-07 11:20:00;130530.0;130775.0;130775.0;130525.0;519777;121765
2024-05-07 11:30:00;130770.0;130835.0;130910.0;130635.0;543536;131168
2024-05-07 11:40:00;130840.0;130860.0;130910.0;130765.0;369111;90103
2024-05-07 11:50:00;130860.0;130840.0;130900.0;130785.0;254786;65778
2024-05-07 12:00:00;130845.0;130915.0;130975.0;130830.0;292737;71965
2024-05-07 12:10:00;130920.0;130810.0;130920.0;130800.0;245182;62276
2024-05-07 12:20:00;130815.0;130855.0;130905.0;130725.0;364871;97595
2024-05-07 12:30:00;130860.0;130695.0;130885.0;130685.0;217885;60556
2024-05-07 12:40:00;130690.0;130745.0;130790.0;130690.0;168262;41226
2024-05-07 12:50:00;130745.0;130685.0;130805.0;130665.0;191574;47454
2024-05-08 10:00:00;129325.0;129230.0;129350.0;129190.0;422253;113264
2024-05-08 10:10:00;129225.0;129205.0;129325.0;129150.0;473862;131169
2024-05-08 10:20:00;129200.0;129435.0;129450.0;129195.0;460842;121285
2024-05-08 10:30:00;129435.0;129940.0;129940.0;129410.0;1015223;253838
2024-05-08 10:40:00;129935.0;130135.0;130160.0;129855.0;786473;178359
2024-05-08 10:50:00;130135.0;130195.0;130200.0;129960.0;539955;139386
2024-05-08 11:00:00;130195.0;130260.0;130290.0;130140.0;505676;125702
2024-05-08 11:10:00;130255.0;130340.0;130350.0;130220.0;408567;99580
2024-05-08 11:20:00;130340.0;130365.0;130400.0;130285.0;345663;82630
2024-05-08 11:30:00;130365.0;130280.0;130400.0;130195.0;356664;88727
2024-05-08 11:40:00;130285.0;130190.0;130350.0;130180.0;334428;83494
2024-05-08 11:50:00;130190.0;130130.0;130205.0;130100.0;280162;70204
2024-05-08 12:00:00;130135.0;130180.0;130240.0;130085.0;337197;81584
2024-05-08 12:10:00;130180.0;130225.0;130245.0;130110.0;271181;66636
2024-05-08 12:20:00;130220.0;130365.0;130390.0;130220.0;343163;80883
2024-05-08 12:30:00;130370.0;130405.0;130565.0;130345.0;469966;109751
2024-05-08 12:40:00;130405.0;130410.0;130455.0;130345.0;209179;51206
2024-05-08 12:50:00;130405.0;130405.0;130430.0;130370.0;121081;27693
2024-05-09 10:00:00;129205.0;129005.0;129240.0;128970.0;614690;173797
2024-05-09 10:10:00;129010.0;128675.0;129020.0;128640.0;860026;226941
2024-05-09 10:20:00;128675.0;128575.0;128730.0;128545.0;548662;136387
2024-05-09 10:30:00;128575.0;128575.0;128800.0;128510.0;817436;215129
2024-05-09 10:40:00;128575.0;128590.0;128625.0;128470.0;394752;109938
2024-05-09 10:50:00;128595.0;128475.0;128730.0;128450.0;543282;149105
2024-05-09 11:00:00;128475.0;128555.0;128580.0;128385.0;521578;141200
2024-05-09 11:10:00;128550.0;128710.0;128750.0;128420.0;519763;144332
2024-05-09 11:20:00;128705.0;128665.0;128825.0;128630.0;507834;142043
2024-05-09 11:30:00;128665.0;128650.0;128715.0;128580.0;387717;109604
2024-05-09 11:40:00;128650.0;128680.0;128720.0;128620.0;279183;76712
2024-05-09 11:50:00;128680.0;128770.0;128770.0;128595.0;269841;74238
2024-05-09 12:00:00;128765.0;128905.0;128910.0;128735.0;385123;104184
2024-05-09 12:10:00;128900.0;128940.0;129005.0;128875.0;332079;86507
2024-05-09 12:20:00;128940.0;128825.0;128970.0;128825.0;270245;70792
2024-05-09 12:30:00;128830.0;128830.0;128880.0;128765.0;250249;68496
2024-05-09 12:40:00;128825.0;128815.0;128895.0;128780.0;174046;47346
2024-05-09 12:50:00;128820.0;128715.0;128820.0;128645.0;328612;88407
2024-05-10 10:00:00;129340.0;129475.0;129550.0;129340.0;466784;130074
2024-05-10 10:10:00;129470.0;129795.0;130000.0;129470.0;814842;222649
2024-05-10 10:20:00;129790.0;129915.0;129920.0;129735.0;420581;116504
2024-05-10 10:30:00;129915.0;129740.0;130025.0;129680.0;789018;213241
2024-05-10 10:40:00;129745.0;129495.0;129765.0;129290.0;736528;204561
2024-05-10 10:50:00;129500.0;129395.0;129540.0;129330.0;373106;103381
2024-05-10 11:00:00;129400.0;129355.0;129450.0;129105.0;651947;170762
2024-05-10 11:10:00;129350.0;129345.0;129455.0;129240.0;433398;117296
2024-05-10 11:20:00;129345.0;129165.0;129475.0;129140.0;504413;130639
2024-05-10 11:30:00;129160.0;129080.0;129190.0;129000.0;541664;139015
2024-05-10 11:40:00;129085.0;129025.0;129110.0;128945.0;374174;96576
2024-05-10 11:50:00;129025.0;128930.0;129050.0;128850.0;410464;101953
2024-05-10 12:00:00;128925.0;128875.0;128995.0;128840.0;289760;73815
2024-05-10 12:10:00;128875.0;128820.0;128925.0;128790.0;275815;72171
2024-05-10 12:20:00;128825.0;128715.0;128890.0;128715.0;317310;74379
2024-05-10 12:30:00;128715.0;128650.0;128725.0;128560.0;370198;90162
2024-05-10 12:40:00;128645.0;128600.0;128655.0;128550.0;218370;55793
2024-05-10 12:50:00;128600.0;128585.0;128640.0;128525.0;218748;55739
2024-05-13 10:00:00;128915.0;128990.0;129085.0;128905.0;489330;137457
2024-05-13 10:10:00;128995.0;129130.0;129250.0;128980.0;487219;137624
2024-05-13 10:20:00;129125.0;129085.0;129240.0;129080.0;319873;93747
2024-05-13 10:30:00;129080.0;129410.0;129495.0;129065.0;704671;196098
2024-05-13 10:40:00;129410.0;129340.0;129440.0;129245.0;501209;139916
2024-05-13 10:50:00;129340.0;129670.0;129700.0;129315.0;584548;157385
2024-05-13 11:00:00;129675.0;129570.0;129720.0;129510.0;450779;120153
2024-05-13 11:10:00;129570.0;129600.0;129685.0;129535.0;256406;74638
2024-05-13 11:20:00;129600.0;129645.0;129700.0;129525.0;324516;91329
2024-05-13 11:30:00;129645.0;129545.0;129650.0;129480.0;305235;86586
2024-05-13 11:40:00;129545.0;129515.0;129580.0;129495.0;213606;58469
2024-05-13 11:50:00;129510.0;129270.0;129515.0;129270.0;376986;101890
2024-05-13 12:00:00;129275.0;129085.0;129290.0;129025.0;542819;136126
2024-05-13 12:10:00;129090.0;129045.0;129100.0;128990.0;321635;81186
2024-05-13 12:20:00;129040.0;128995.0;129095.0;128980.0;254195;65316
2024-05-13 12:30:00;129000.0;128985.0;129060.0;128940.0;282846;76259
2024-05-13 12:40:00;128980.0;129050.0;129085.0;128930.0;214393;56095
2024-05-13 12:50:00;129050.0;129095.0;129115.0;128975.0;225782;58482
2024-05-14 10:00:00;129005.0;129055.0;129110.0;128820.0;662328;188571
2024-05-14 10:10:00;129060.0;129100.0;129185.0;128980.0;551280;157667
2024-05-14 10:20:00;129100.0;129015.0;129180.0;128875.0;495160;139549
2024-05-14 10:30:00;129015.0;129095.0;129210.0;128910.0;747118;205234
2024-05-14 10:40:00;129095.0;129170.0;129330.0;129070.0;664137;180758
2024-05-14 10:50:00;129175.0;129485.0;129540.0;129160.0;620812;164546
2024-05-14 11:00:00;129490.0;129640.0;129675.0;129435.0;465053;116566
2024-05-14 11:10:00;129640.0;129530.0;129775.0;129525.0;683703;164935
2024-05-14 11:20:00;129525.0;129550.0;129615.0;129440.0;474943;125452
2024-05-14 11:30:00;129545.0;129480.0;129570.0;129415.0;361067;91736
2024-05-14 11:40:00;129480.0;129645.0;129750.0;129430.0;453216;116816
2024-05-14 11:50:00;129645.0;129885.0;129965.0;129625.0;531034;135141
2024-05-14 12:00:00;129880.0;129815.0;129890.0;129750.0;394482;96287
2024-05-14 12:10:00;129815.0;129760.0;129860.0;129720.0;270609;65866
2024-05-14 12:20:00;129765.0;129790.0;129835.0;129755.0;155432;37828
2024-05-14 12:30:00;129790.0;129605.0;129805.0;129535.0;367059;92742
2024-05-14 12:40:00;129600.0;129695.0;129720.0;129575.0;205044;51143
2024-05-14 12:50:00;129695.0;129615.0;129700.0;129610.0;162561;40157
2024-05-15 10:00:00;128220.0;128325.0;128400.0;128025.0;554788;160013
2024-05-15 10:10:00;128330.0;128550.0;128620.0;128315.0;608524;169521
2024-05-15 10:20:00;128550.0;128435.0;128565.0;128360.0;428961;118806
2024-05-15 10:30:00;128430.0;128065.0;128475.0;127940.0;961079;243174
2024-05-15 10:40:00;128065.0;128260.0;128330.0;127985.0;709869;183490
2024-05-15 10:50:00;128255.0;128265.0;128270.0;128025.0;577461;156036
2024-05-15 11:00:00;128265.0;128020.0;128270.0;127960.0;567277;152253
2024-05-15 11:10:00;128015.0;127955.0;128065.0;127855.0;498042;126837
2024-05-15 11:20:00;127950.0;127940.0;128075.0;127890.0;443985;116043
2024-05-15 11:30:00;127935.0;128200.0;128295.0;127930.0;482372;123474
2024-05-15 11:40:00;128195.0;128430.0;128480.0;128180.0;442529;112718
2024-05-15 11:50:00;128435.0;128555.0;128575.0;128370.0;441826;110767
2024-05-15 12:00:00;128555.0;128655.0;128705.0;128400.0;464492;118695
2024-05-15 12:10:00;128660.0;128835.0;128855.0;128650.0;336157;83644
2024-05-15 12:20:00;128840.0;128785.0;128905.0;128200.0;284258;72658
2024-05-15 12:30:00;128790.0;128655.0;128910.0;128650.0;360361;91282
2024-05-15 12:40:00;128650.0;128540.0;128720.0;128535.0;234603;60332
2024-05-15 12:50:00;128545.0;128585.0;128620.0;128510.0;175831;40164
2024-05-16 10:00:00;129800.0;129690.0;129900.0;129685.0;462221;128304
2024-05-16 10:10:00;129685.0;129615.0;129910.0;129570.0;721943;206209
2024-05-16 10:20:00;129615.0;129425.0;129635.0;129410.0;500369;130110
2024-05-16 10:30:00;129420.0;129060.0;129435.0;129035.0;866203;222806
2024-05-16 10:40:00;129060.0;129110.0;129160.0;128975.0;515634;125354
2024-05-16 10:50:00;129115.0;128785.0;129125.0;128765.0;666759;161436
2024-05-16 11:00:00;128790.0;128765.0;128825.0;128700.0;489864;114561
2024-05-16 11:10:00;128765.0;128930.0;129000.0;128745.0;446923;120987
2024-05-16 11:20:00;128930.0;129075.0;129095.0;128870.0;453180;118456
2024-05-16 11:30:00;129070.0;128915.0;129100.0;128890.0;398894;103757
2024-05-16 11:40:00;128915.0;129045.0;129085.0;128915.0;431019;112791
2024-05-16 11:50:00;129050.0;129175.0;129260.0;129035.0;432524;113704
2024-05-16 12:00:00;129180.0;129130.0;129260.0;129090.0;382798;94074
2024-05-16 12:10:00;129130.0;129080.0;129160.0;129060.0;262977;62574
2024-05-16 12:20:00;129080.0;129020.0;129095.0;129000.0;217862;54335
2024-05-16 12:30:00;129020.0;129060.0;129095.0;128995.0;164855;43947
2024-05-16 12:40:00;129060.0;129050.0;129075.0;129025.0;113391;28156
2024-05-16 12:50:00;129050.0;129125.0;129180.0;129005.0;235676;60190
2024-05-17 10:00:00;128780.0;128910.0;128940.0;128710.0;478775;131010
2024-05-17 10:10:00;128910.0;129065.0;129260.0;128855.0;701063;195198
2024-05-17 10:20:00;129070.0;128985.0;129085.0;128755.0;660022;180286
2024-05-17 10:30:00;128980.0;128580.0;129015.0;128570.0;778660;205044
2024-05-17 10:40:00;128580.0;128485.0;128670.0;128420.0;653252;173486
2024-05-17 10:50:00;128480.0;128560.0;128690.0;128440.0;508918;136598
2024-05-17 11:00:00;128560.0;128775.0;128800.0;128545.0;459413;129753
2024-05-17 11:10:00;128775.0;128855.0;128905.0;128730.0;400073;109894
2024-05-17 11:20:00;128860.0;128945.0;128995.0;128810.0;322436;82954
2024-05-17 11:30:00;128940.0;128955.0;129035.0;128860.0;363500;91862
2024-05-17 11:40:00;128950.0;128815.0;128980.0;128760.0;347154;90398
2024-05-17 11:50:00;128810.0;128845.0;128870.0;128725.0;307250;77308
2024-05-17 12:00:00;128845.0;128785.0;128865.0;128770.0;181868;46161
2024-05-17 12:10:00;128790.0;128815.0;128890.0;128755.0;259161;61866
2024-05-17 12:20:00;128815.0;128750.0;128840.0;128735.0;158857;38629
2024-05-17 12:30:00;128750.0;128700.0;128785.0;128685.0;220882;54764
2024-05-17 12:40:00;128705.0;128685.0;128725.0;128620.0;228171;57000
2024-05-17 12:50:00;128690.0;128685.0;128735.0;128650.0;136052;33746
2024-05-20 10:00:00;128560.0;128675.0;128735.0;128400.0;644064;176847
2024-05-20 10:10:00;128670.0;128735.0;128860.0;128605.0;556168;153257
2024-05-20 10:20:00;128740.0;128410.0;128850.0;128275.0;824177;220224
2024-05-20 10:30:00;128415.0;128185.0;128510.0;128165.0;826323;213960
2024-05-20 10:40:00;128185.0;128315.0;128430.0;128185.0;507727;133444
2024-05-20 10:50:00;128315.0;128410.0;128580.0;128305.0;517618;138257
2024-05-20 11:00:00;128415.0;128630.0;128630.0;128340.0;487864;128907
2024-05-20 11:10:00;128630.0;128890.0;128950.0;128605.0;616763;153065
2024-05-20 11:20:00;128890.0;129120.0;129135.0;128875.0;384289;93908
2024-05-20 11:30:00;129125.0;129215.0;129260.0;129025.0;537374;133418
2024-05-20 11:40:00;129220.0;129105.0;129285.0;129090.0;336021;87704
2024-05-20 11:50:00;129105.0;129075.0;129130.0;129005.0;282958;71386
2024-05-20 12:00:00;129075.0;129025.0;129095.0;128885.0;367100;91944
2024-05-20 12:10:00;129030.0;129215.0;129225.0;128995.0;259312;70736
2024-05-20 12:20:00;129210.0;129455.0;129465.0;129200.0;358630;93572
2024-05-20 12:30:00;129455.0;129410.0;129530.0;129375.0;280885;70864
2024-05-20 12:40:00;129405.0;129305.0;129440.0;129285.0;196923;50944
2024-05-20 12:50:00;129300.0;129335.0;129335.0;129265.0;122466;31231
2024-05-21 10:00:00;128585.0;128745.0;128790.0;128345.0;997232;267114
2024-05-21 10:10:00;128745.0;128555.0;128950.0;128525.0;909953;248336
2024-05-21 10:20:00;128555.0;128535.0;128675.0;128460.0;565715;146759
2024-05-21 10:30:00;128535.0;128110.0;128545.0;128065.0;942305;244021
2024-05-21 10:40:00;128115.0;128575.0;128690.0;128090.0;890492;233355
2024-05-21 10:50:00;128575.0;128320.0;128670.0;128290.0;666835;181597
2024-05-21 11:00:00;128325.0;128625.0;128655.0;128245.0;697715;190941
2024-05-21 11:10:00;128620.0;128530.0;128670.0;128450.0;431892;117886
2024-05-21 11:20:00;128530.0;128575.0;128620.0;128445.0;330353;82653
2024-05-21 11:30:00;128580.0;128710.0;128760.0;128510.0;515447;137641
2024-05-21 11:40:00;128710.0;128580.0;128725.0;128545.0;311338;83031
2024-05-21 11:50:00;128580.0;128310.0;128580.0;128230.0;606131;156163
2024-05-21 12:00:00;128310.0;128200.0;128320.0;128165.0;336318;84400
2024-05-21 12:10:00;128200.0;128355.0;128415.0;128140.0;460819;118305
2024-05-21 12:20:00;128355.0;128445.0;128500.0;128345.0;251920;68087
2024-05-21 12:30:00;128445.0;128425.0;128455.0;128320.0;261226;65425
2024-05-21 12:40:00;128425.0;128310.0;128425.0;128280.0;245271;65433
2024-05-21 12:50:00;128310.0;128220.0;128355.0;128205.0;236427;62266
2024-05-22 10:00:00;127415.0;127340.0;127500.0;127250.0;803145;212016
2024-05-22 10:10:00;127340.0;127345.0;127375.0;127140.0;624307;164674
2024-05-22 10:20:00;127350.0;127230.0;127460.0;127225.0;599113;154722
2024-05-22 10:30:00;127225.0;127225.0;127355.0;127085.0;806821;213385
2024-05-22 10:40:00;127230.0;127155.0;127250.0;127015.0;633416;161551
2024-05-22 10:50:00;127155.0;127160.0;127345.0;127080.0;576791;153115
2024-05-22 11:00:00;127165.0;126920.0;127205.0;126885.0;632317;163296
2024-05-22 11:10:00;126920.0;126885.0;127095.0;126850.0;550713;139993
2024-05-22 11:20:00;126890.0;126910.0;127090.0;126835.0;582019;149183
2024-05-22 11:30:00;126910.0;126810.0;126955.0;126755.0;566878;148967
2024-05-22 11:40:00;126810.0;126840.0;126885.0;126730.0;433891;107553
2024-05-22 11:50:00;126845.0;126885.0;127035.0;126805.0;409025;105543
2024-05-22 12:00:00;126885.0;127110.0;127120.0;126840.0;509263;133795
2024-05-22 12:10:00;127105.0;126975.0;127150.0;126870.0;441573;118810
2024-05-22 12:20:00;126980.0;126875.0;127025.0;126765.0;382808;102100
2024-05-22 12:30:00;126880.0;127025.0;127035.0;126790.0;323474;87496
2024-05-22 12:40:00;127030.0;126900.0;127045.0;126880.0;231669;62041
2024-05-22 12:50:00;126900.0;127025.0;127050.0;126830.0;250645;67613
2024-05-23 10:00:00;126095.0;126155.0;126210.0;125895.0;875307;238267
2024-05-23 10:10:00;126150.0;126020.0;126245.0;125960.0;694811;192335
2024-05-23 10:20:00;126020.0;126025.0;126135.0;125950.0;499933;130621
2024-05-23 10:30:00;126030.0;126010.0;126165.0;125855.0;867948;230815
2024-05-23 10:40:00;126005.0;125845.0;126095.0;125735.0;741931;196252
2024-05-23 10:50:00;125850.0;125605.0;125865.0;125575.0;673753;181226
2024-05-23 11:00:00;125610.0;125395.0;125690.0;125330.0;852530;216800
2024-05-23 11:10:00;125395.0;125120.0;125510.0;125105.0;772023;187558
2024-05-23 11:20:00;125120.0;125245.0;125325.0;125100.0;548421;135713
2024-05-23 11:30:00;125245.0;125260.0;125355.0;125165.0;443666;113493
2024-05-23 11:40:00;125265.0;125345.0;125350.0;125195.0;340706;87390
2024-05-23 11:50:00;125345.0;125185.0;125360.0;125145.0;361793;89159
2024-05-23 12:00:00;125185.0;125365.0;125425.0;125160.0;361081;90195
2024-05-23 12:10:00;125365.0;125270.0;125375.0;125245.0;267192;72820
2024-05-23 12:20:00;125275.0;125365.0;125375.0;125265.0;179891;50273
2024-05-23 12:30:00;125360.0;125410.0;125450.0;125330.0;237493;62228
2024-05-23 12:40:00;125410.0;125345.0;125445.0;125315.0;196917;53662
2024-05-23 12:50:00;125345.0;125380.0;125420.0;125310.0;149505;40149
2024-05-24 10:00:00;125565.0;125485.0;125575.0;125360.0;646571;177237
2024-05-24 10:10:00;125485.0;125410.0;125620.0;125395.0;504102;138003
2024-05-24 10:20:00;125410.0;125525.0;125605.0;125350.0;453000;127328
2024-05-24 10:30:00;125530.0;125555.0;125595.0;125330.0;676817;189711
2024-05-24 10:40:00;125550.0;125635.0;125750.0;125485.0;647410;188174
2024-05-24 10:50:00;125635.0;125410.0;125650.0;125355.0;475396;131578
2024-05-24 11:00:00;125405.0;125590.0;125605.0;125375.0;567020;160553
2024-05-24 11:10:00;125590.0;125585.0;125755.0;125535.0;520908;149529
2024-05-24 11:20:00;125585.0;125720.0;125745.0;125525.0;401870;111378
2024-05-24 11:30:00;125725.0;125535.0;125840.0;125520.0;482653;136273
2024-05-24 11:40:00;125535.0;125560.0;125575.0;125440.0;337792;89548
2024-05-24 11:50:00;125555.0;125580.0;125725.0;125525.0;324152;89519
2024-05-24 12:00:00;125580.0;125575.0;125605.0;125505.0;222502;62991
2024-05-24 12:10:00;125575.0;125515.0;125575.0;125460.0;214856;57458
2024-05-24 12:20:00;125520.0;125510.0;125560.0;125465.0;144343;38987
2024-05-24 12:30:00;125505.0;125410.0;125550.0;125405.0;195493;51366
2024-05-24 12:40:00;125415.0;125390.0;125450.0;125355.0;199045;52909
2024-05-24 12:50:00;125390.0;125390.0;125435.0;125345.0;169802;43555
2024-05-27 10:00:00;124910.0;124960.0;125055.0;124865.0;449541;129168
2024-05-27 10:10:00;124955.0;124945.0;125025.0;124780.0;638342;190160
2024-05-27 10:20:00;124945.0;124910.0;125085.0;124905.0;382565;111318
2024-05-27 10:30:00;124910.0;124725.0;124960.0;124700.0;590668;168054
2024-05-27 10:40:00;124725.0;125000.0;125050.0;124700.0;460935;129412
2024-05-27 10:50:00;125005.0;124750.0;125085.0;124705.0;586523;159515
2024-05-27 11:00:00;124750.0;124685.0;124860.0;124620.0;539369;160245
2024-05-27 11:10:00;124690.0;124680.0;124745.0;124595.0;302141;89200
2024-05-27 11:20:00;124680.0;124690.0;124790.0;124605.0;342669;104996
2024-05-27 11:30:00;124685.0;124625.0;124690.0;124550.0;310003;85309
2024-05-27 11:40:00;124625.0;124695.0;124755.0;124615.0;238711;68069
2024-05-27 11:50:00;124690.0;124735.0;124785.0;124620.0;263467;74034
2024-05-27 12:00:00;124735.0;124765.0;124815.0;124660.0;259710;72069
2024-05-27 12:10:00;124770.0;124850.0;124860.0;124750.0;204834;55969
2024-05-27 12:20:00;124850.0;124820.0;124895.0;124795.0;184177;49999
2024-05-27 12:30:00;124815.0;124840.0;124885.0;124815.0;121628;32593
2024-05-27 12:40:00;124840.0;124830.0;124955.0;124815.0;202540;54820
2024-05-27 12:50:00;124830.0;124860.0;124910.0;124765.0;229134;59565
2024-05-28 10:00:00;126050.0;125830.0;126200.0;125825.0;668831;172293
2024-05-28 10:10:00;125830.0;125790.0;125845.0;125565.0;801582;198718
2024-05-28 10:20:00;125785.0;125590.0;125820.0;125535.0;661661;168914
2024-05-28 10:30:00;125590.0;125340.0;125670.0;125315.0;781745;193531
2024-05-28 10:40:00;125340.0;125240.0;125405.0;125230.0;604701;147937
2024-05-28 10:50:00;125240.0;125200.0;125355.0;125155.0;484133;119195
2024-05-28 11:00:00;125205.0;125260.0;125275.0;125100.0;495406;123889
2024-05-28 11:10:00;125265.0;125160.0;125270.0;125105.0;353952;92267
2024-05-28 11:20:00;125160.0;125135.0;125215.0;125125.0;272287;67734
2024-05-28 11:30:00;125135.0;125000.0;125165.0;124970.0;527150;125676
2024-05-28 11:40:00;125000.0;125170.0;125190.0;124975.0;374572;90440
2024-05-28 11:50:00;125165.0;125050.0;125185.0;125030.0;292207;67257
2024-05-28 12:00:00;125050.0;125030.0;125140.0;124990.0;343932;84441
2024-05-28 12:10:00;125025.0;125100.0;125140.0;125000.0;250352;61952
2024-05-28 12:20:00;125100.0;125195.0;125280.0;125070.0;354661;85976
2024-05-28 12:30:00;125195.0;125195.0;125215.0;125100.0;256558;62791
2024-05-28 12:40:00;125195.0;125210.0;125240.0;125170.0;118177;30877
2024-05-28 12:50:00;125210.0;125245.0;125260.0;125200.0;122559;29543
2024-05-29 10:00:00;123515.0;123190.0;123540.0;123155.0;673824;172748
2024-05-29 10:10:00;123185.0;123065.0;123285.0;123050.0;728254;187943
2024-05-29 10:20:00;123065.0;122995.0;123150.0;122950.0;558576;138017
2024-05-29 10:30:00;123000.0;123045.0;123105.0;122865.0;705696;182393
2024-05-29 10:40:00;123045.0;123145.0;123150.0;122975.0;420195;113457
2024-05-29 10:50:00;123140.0;123230.0;123240.0;123070.0;469092;125402
2024-05-29 11:00:00;123230.0;123350.0;123385.0;123170.0;457213;115507
2024-05-29 11:10:00;123355.0;123280.0;123385.0;123240.0;325847;81119
2024-05-29 11:20:00;123280.0;123355.0;123375.0;123145.0;494549;127661
2024-05-29 11:30:00;123360.0;123415.0;123435.0;123270.0;349057;90850
2024-05-29 11:40:00;123410.0;123475.0;123495.0;123340.0;307288;80148
2024-05-29 11:50:00;123480.0;123420.0;123510.0;123380.0;281260;70248
2024-05-29 12:00:00;123425.0;123410.0;123490.0;123390.0;228433;53554
2024-05-29 12:10:00;123405.0;123245.0;123425.0;123210.0;428005;107783
2024-05-29 12:20:00;123245.0;123300.0;123365.0;123225.0;238177;61552
2024-05-29 12:30:00;123300.0;123365.0;123385.0;123250.0;202345;51511
2024-05-29 12:40:00;123365.0;123435.0;123440.0;123330.0;208323;50788
2024-05-29 12:50:00;123440.0;123430.0;123520.0;123415.0;228923;57065
2024-05-31 10:00:00;123115.0;122985.0;123120.0;122820.0;679681;176130
2024-05-31 10:10:00;122985.0;122955.0;123030.0;122835.0;443863;122849
2024-05-31 10:20:00;122955.0;123100.0;123175.0;122950.0;489931;135275
2024-05-31 10:30:00;123100.0;123070.0;123120.0;122850.0;666765;182603
2024-05-31 10:40:00;123065.0;123030.0;123105.0;122925.0;384517;101196
2024-05-31 10:50:00;123030.0;122790.0;123130.0;122750.0;639050;164814
2024-05-31 11:00:00;122790.0;122875.0;122915.0;122715.0;491979;124660
2024-05-31 11:10:00;122875.0;122750.0;122895.0;122655.0;514828;134479
2024-05-31 11:20:00;122750.0;122515.0;122815.0;122515.0;466614;121125
2024-05-31 11:30:00;122515.0;122605.0;122615.0;122455.0;387430;98736
2024-05-31 11:40:00;122610.0;122525.0;122610.0;122480.0;280360;73833
2024-05-31 11:50:00;122525.0;122445.0;122535.0;122370.0;386294;96625
2024-05-31 12:00:00;122440.0;122465.0;122520.0;122370.0;303712;78013
2024-05-31 12:10:00;122465.0;122465.0;122565.0;122440.0;278184;73649
2024-05-31 12:20:00;122465.0;122465.0;122495.0;122390.0;239723;65407
2024-05-31 12:30:00;122470.0;122375.0;122470.0;122355.0;179277;48182
2024-05-31 12:40:00;122375.0;122490.0;122515.0;122365.0;193309;48785
2024-05-31 12:50:00;122490.0;122420.0;122545.0;122405.0;204361;54610
2024-06-03 10:00:00;122630.0;122520.0;122640.0;122450.0;461606;129811
2024-06-03 10:10:00;122525.0;122375.0;122575.0;122275.0;593729;165941
2024-06-03 10:20:00;122375.0;122270.0;122385.0;122180.0;519751;147566
2024-06-03 10:30:00;122265.0;122155.0;122330.0;122105.0;631522;176693
2024-06-03 10:40:00;122150.0;122000.0;122210.0;121965.0;445573;113661
2024-06-03 10:50:00;122000.0;121910.0;122010.0;121835.0;419670;106763
2024-06-03 11:00:00;121905.0;122015.0;122185.0;121730.0;847854;226742
2024-06-03 11:10:00;122020.0;122355.0;122360.0;121970.0;593684;161397
2024-06-03 11:20:00;122355.0;122565.0;122580.0;122195.0;688854;184209
2024-06-03 11:30:00;122565.0;122570.0;122645.0;122505.0;457788;115614
2024-06-03 11:40:00;122570.0;122620.0;122790.0;122545.0;495722;128126
2024-06-03 11:50:00;122620.0;122545.0;122680.0;122460.0;427335;109237
2024-06-03 12:00:00;122550.0;122585.0;122655.0;122515.0;262796;71069
2024-06-03 12:10:00;122585.0;122670.0;122680.0;122525.0;198652;55281
2024-06-03 12:20:00;122665.0;122415.0;122735.0;122405.0;311194;84396
2024-06-03 12:30:00;122415.0;122370.0;122440.0;122290.0;320052;81223
2024-06-03 12:40:00;122365.0;122300.0;122395.0;122255.0;236077;62138
2024-06-03 12:50:00;122300.0;122330.0;122390.0;122280.0;154431;39833
2024-06-04 10:00:00;121960.0;121815.0;122080.0;121750.0;713590;216708
2024-06-04 10:10:00;121810.0;121395.0;121850.0;121380.0;743798;207319
2024-06-04 10:20:00;121395.0;121290.0;121515.0;121240.0;645336;176150
2024-06-04 10:30:00;121290.0;121240.0;121390.0;121170.0;596398;169081
2024-06-04 10:40:00;121240.0;121480.0;121485.0;121210.0;448218;131000
2024-06-04 10:50:00;121480.0;121525.0;121625.0;121340.0;560262;160830
2024-06-04 11:00:00;121520.0;121315.0;121780.0;121290.0;801188;237250
2024-06-04 11:10:00;121320.0;121230.0;121410.0;121155.0;706892;199475
2024-06-04 11:20:00;121230.0;121340.0;121385.0;121120.0;532128;144927
2024-06-04 11:30:00;121335.0;121415.0;121460.0;121215.0;532600;141384
2024-06-04 11:40:00;121415.0;121425.0;121495.0;121350.0;374108;106298
2024-06-04 11:50:00;121430.0;121450.0;121575.0;121405.0;413584;109713
2024-06-04 12:00:00;121450.0;121425.0;121520.0;121390.0;313525;81822
2024-06-04 12:10:00;121430.0;121710.0;121720.0;121405.0;410675;101413
2024-06-04 12:20:00;121715.0;121685.0;121825.0;121650.0;410149;101554
2024-06-04 12:30:00;121685.0;121710.0;121760.0;121575.0;318242;81046
2024-06-04 12:40:00;121710.0;121650.0;121755.0;121565.0;278912;72233
2024-06-04 12:50:00;121650.0;121505.0;121710.0;121490.0;265306;70374
2024-06-05 10:00:00;121950.0;121880.0;121955.0;121755.0;533671;146504
2024-06-05 10:10:00;121885.0;121910.0;121920.0;121790.0;421016;113461
2024-06-05 10:20:00;121910.0;121985.0;122055.0;121850.0;464375;134359
2024-06-05 10:30:00;121980.0;121805.0;122040.0;121745.0;707550;192128
2024-06-05 10:40:00;121810.0;121805.0;121980.0;121760.0;470393;129585
2024-06-05 10:50:00;121800.0;121970.0;121975.0;121755.0;302199;86161
2024-06-05 11:00:00;121965.0;121615.0;121975.0;121575.0;837478;225211
2024-06-05 11:10:00;121610.0;121525.0;121635.0;121455.0;523757;141565
2024-06-05 11:20:00;121530.0;121765.0;121840.0;121525.0;521197;135202
2024-06-05 11:30:00;121760.0;122265.0;122345.0;121725.0;894099;227052
2024-06-05 11:40:00;122265.0;122095.0;122380.0;122070.0;642532;166373
2024-06-05 11:50:00;122095.0;122060.0;122200.0;122040.0;375133;93550
2024-06-05 12:00:00;122055.0;122060.0;122190.0;122035.0;361738;89721
2024-06-05 12:10:00;122060.0;122230.0;122235.0;121965.0;423080;106229
2024-06-05 12:20:00;122225.0;122270.0;122295.0;122150.0;283882;69303
2024-06-05 12:30:00;122275.0;122210.0;122340.0;122195.0;273588;71053
2024-06-05 12:40:00;122210.0;122165.0;122255.0;122115.0;299303;78460
2024-06-05 12:50:00;122165.0;122155.0;122195.0;122075.0;221932;54938
2024-06-06 10:00:00;121710.0;121645.0;121785.0;121580.0;515006;152161
2024-06-06 10:10:00;121645.0;121720.0;121820.0;121495.0;693134;199134
2024-06-06 10:20:00;121725.0;122455.0;122495.0;121700.0;986211;266183
2024-06-06 10:30:00;122460.0;122765.0;122845.0;122410.0;822387;225400
2024-06-06 10:40:00;122765.0;122470.0;122830.0;122465.0;562434;145109
2024-06-06 10:50:00;122470.0;122510.0;122610.0;122395.0;481535;126655
2024-06-06 11:00:00;122505.0;122585.0;122635.0;122420.0;338643;90949
2024-06-06 11:10:00;122585.0;122385.0;122600.0;122165.0;366310;97652
2024-06-06 11:20:00;122390.0;122510.0;122515.0;122170.0;406417;101745
2024-06-06 11:30:00;122515.0;122745.0;122745.0;122470.0;494886;124657
2024-06-06 11:40:00;122740.0;122680.0;122775.0;122600.0;339668;88151
2024-06-06 11:50:00;122680.0;122720.0;122765.0;122625.0;222809;57638
2024-06-06 12:00:00;122720.0;122885.0;122890.0;122705.0;357972;93336
2024-06-06 12:10:00;122890.0;123085.0;123160.0;122880.0;501224;117899
2024-06-06 12:20:00;123085.0;123260.0;123300.0;123085.0;403932;89331
2024-06-06 12:30:00;123260.0;123340.0;123390.0;123205.0;330889;73597
2024-06-06 12:40:00;123340.0;123270.0;123465.0;123255.0;395544;87707
2024-06-06 12:50:00;123270.0;123345.0;123400.0;123230.0;257938;57677
2024-06-07 10:00:00;121855.0;121885.0;121890.0;121675.0;501108;146533
2024-06-07 10:10:00;121890.0;122155.0;122210.0;121775.0;588185;168766
2024-06-07 10:20:00;122150.0;121875.0;122170.0;121860.0;545692;162455
2024-06-07 10:30:00;121875.0;121825.0;121915.0;121620.0;706926;208330
2024-06-07 10:40:00;121830.0;121915.0;122015.0;121805.0;475547;136108
2024-06-07 10:50:00;121915.0;121985.0;122065.0;121910.0;296087;86074
2024-06-07 11:00:00;121985.0;122155.0;122160.0;121930.0;386563;112470
2024-06-07 11:10:00;122155.0;122305.0;122310.0;122045.0;593342;166271
2024-06-07 11:20:00;122305.0;122250.0;122305.0;122045.0;474198;135215
2024-06-07 11:30:00;122255.0;122265.0;122300.0;122175.0;331862;92121
2024-06-07 11:40:00;122270.0;122110.0;122290.0;122100.0;318185;85935
2024-06-07 11:50:00;122105.0;122135.0;122160.0;121975.0;523169;135150
2024-06-07 12:00:00;122140.0;122085.0;122140.0;121975.0;333245;85536
2024-06-07 12:10:00;122090.0;122005.0;122105.0;121985.0;212110;52585
2024-06-07 12:20:00;122005.0;122120.0;122140.0;122000.0;179282;47183
2024-06-07 12:30:00;122120.0;122070.0;122180.0;122040.0;247052;64118
2024-06-07 12:40:00;122070.0;122000.0;122125.0;121980.0;172508;45459
2024-06-07 12:50:00;122000.0;121875.0;122005.0;121840.0;234145;62282
2024-06-10 10:00:00;121005.0;120560.0;121040.0;120515.0;765914;209611
2024-06-10 10:10:00;120555.0;120725.0;120805.0;120520.0;785681;216062
2024-06-10 10:20:00;120725.0;120815.0;120900.0;120665.0;536385;150937
2024-06-10 10:30:00;120810.0;121030.0;121210.0;120690.0;868451;236001
2024-06-10 10:40:00;121035.0;121320.0;121320.0;120905.0;675191;188067
2024-06-10 10:50:00;121315.0;121075.0;121335.0;121045.0;520394;142467
2024-06-10 11:00:00;121070.0;121070.0;121210.0;120995.0;439775;118612
2024-06-10 11:10:00;121065.0;121255.0;121300.0;121055.0;318405;87516
2024-06-10 11:20:00;121255.0;121265.0;121385.0;121190.0;369822;97784
2024-06-10 11:30:00;121270.0;121235.0;121365.0;121090.0;507762;130425
2024-06-10 11:40:00;121230.0;121330.0;121445.0;121215.0;376106;98593
2024-06-10 11:50:00;121330.0;121215.0;121500.0;121200.0;457709;119473
2024-06-10 12:00:00;121215.0;121255.0;121305.0;121150.0;349275;88233
2024-06-10 12:10:00;121255.0;121210.0;121255.0;121100.0;269715;66924
2024-06-10 12:20:00;121205.0;121160.0;121260.0;121095.0;280880;70372
2024-06-10 12:30:00;121160.0;121125.0;121230.0;121035.0;335499;86509
2024-06-10 12:40:00;121120.0;121140.0;121225.0;121070.0;239746;63698
2024-06-10 12:50:00;121135.0;121085.0;121160.0;120985.0;261621;68530
2024-06-11 10:00:00;121205.0;121285.0;121315.0;121130.0;518987;146578
2024-06-11 10:10:00;121285.0;121375.0;121565.0;121255.0;787273;224586
2024-06-11 10:20:00;121375.0;121310.0;121530.0;121305.0;410532;119287
2024-06-11 10:30:00;121310.0;120985.0;121320.0;120905.0;855452;234434
2024-06-11 10:40:00;120990.0;121050.0;121185.0;120930.0;608812;172887
2024-06-11 10:50:00;121055.0;121130.0;121220.0;120975.0;485983;139057
2024-06-11 11:00:00;121130.0;121480.0;121520.0;121110.0;648599;183685
2024-06-11 11:10:00;121480.0;121500.0;121545.0;121310.0;579531;164280
2024-06-11 11:20:00;121505.0;121650.0;121715.0;121475.0;515308;140452
2024-06-11 11:30:00;121650.0;121640.0;121665.0;121500.0;375374;101974
2024-06-11 11:40:00;121635.0;121725.0;121750.0;121590.0;384703;102347
2024-06-11 11:50:00;121720.0;121485.0;121735.0;121475.0;317151;84100
2024-06-11 12:00:00;121485.0;121530.0;121555.0;121380.0;344872;88853
2024-06-11 12:10:00;121535.0;121405.0;121550.0;121335.0;314767;81608
2024-06-11 12:20:00;121405.0;121410.0;121465.0;121355.0;243706;63656
2024-06-11 12:30:00;121410.0;121455.0;121480.0;121365.0;175475;40071
2024-06-11 12:40:00;121460.0;121375.0;121465.0;121355.0;154370;37693
2024-06-11 12:50:00;121375.0;121625.0;121645.0;121340.0;325440;80622
2024-06-12 10:00:00;124360.0;124410.0;124465.0;124170.0;508701;157427
2024-06-12 10:10:00;124410.0;123765.0;124415.0;123655.0;644049;182797
2024-06-12 10:20:00;123760.0;123270.0;123880.0;123105.0;831442;234864
2024-06-12 10:30:00;123270.0;122605.0;123435.0;122590.0;864640;239921
2024-06-12 10:40:00;122605.0;122260.0;122865.0;122085.0;1060196;293723
2024-06-12 10:50:00;122260.0;122020.0;122510.0;121820.0;854832;237124
2024-06-12 11:00:00;122020.0;122005.0;122025.0;121705.0;629196;173763
2024-06-12 11:10:00;122000.0;122120.0;122170.0;121845.0;571358;155989
2024-06-12 11:20:00;122120.0;122275.0;122400.0;122065.0;454571;123966
2024-06-12 11:30:00;122275.0;122130.0;122360.0;122040.0;457061;124219
2024-06-12 11:40:00;122130.0;122075.0;122195.0;122000.0;325802;86349
2024-06-12 11:50:00;122080.0;122060.0;122120.0;121955.0;248801;66939
2024-06-12 12:00:00;122065.0;121965.0;122110.0;121915.0;267101;72000
2024-06-12 12:10:00;121965.0;121920.0;122000.0;121825.0;280805;70617
2024-06-12 12:20:00;121925.0;122110.0;122180.0;121915.0;260211;72038
2024-06-12 12:30:00;122110.0;122125.0;122205.0;122035.0;221892;61063
2024-06-12 12:40:00;122125.0;122175.0;122190.0;122085.0;161977;44192
2024-06-12 12:50:00;122170.0;122150.0;122255.0;122140.0;205938;55007
2024-06-13 10:00:00;121700.0;121870.0;121940.0;121660.0;484366;148654
2024-06-13 10:10:00;121870.0;121945.0;122140.0;121780.0;688528;212681
2024-06-13 10:20:00;121945.0;121945.0;122075.0;121690.0;627925;182655
2024-06-13 10:30:00;121940.0;121930.0;122115.0;121780.0;855500;260587
2024-06-13 10:40:00;121930.0;121765.0;121970.0;121580.0;640563;193989
2024-06-13 10:50:00;121765.0;121505.0;121825.0;121445.0;586205;172035
2024-06-13 11:00:00;121505.0;121560.0;121645.0;121435.0;425801;124614
2024-06-13 11:10:00;121565.0;121270.0;121565.0;121155.0;730044;207123
2024-06-13 11:20:00;121270.0;121190.0;121355.0;121135.0;458119;130485
2024-06-13 11:30:00;121190.0;121220.0;121250.0;121115.0;332576;90928
2024-06-13 11:40:00;121215.0;121205.0;121265.0;121070.0;360403;100242
2024-06-13 11:50:00;121200.0;121280.0;121335.0;121200.0;326622;89162
2024-06-13 12:00:00;121280.0;121080.0;121320.0;121075.0;382533;104552
2024-06-13 12:10:00;121080.0;121285.0;121295.0;121025.0;430788;113565
2024-06-13 12:20:00;121285.0;121805.0;121885.0;121205.0;891125;227101
2024-06-13 12:30:00;121805.0;121560.0;122050.0;121540.0;803913;204363
2024-06-13 12:40:00;121555.0;121640.0;121685.0;121495.0;368819;103357
2024-06-13 12:50:00;121640.0;121755.0;121820.0;121610.0;297225;84119
2024-06-14 10:00:00;121295.0;121170.0;121365.0;121155.0;610500;180897
2024-06-14 10:10:00;121165.0;120925.0;121285.0;120870.0;823092;238979
2024-06-14 10:20:00;120920.0;120725.0;121025.0;120635.0;671742;182203
2024-06-14 10:30:00;120725.0;120855.0;120870.0;120590.0;679592;190037
2024-06-14 10:40:00;120855.0;120785.0;120945.0;120705.0;508419;146699
2024-06-14 10:50:00;120785.0;120765.0;120865.0;120650.0;414039;117531
2024-06-14 11:00:00;120760.0;120630.0;120780.0;120600.0;417655;123531
2024-06-14 11:10:00;120635.0;120720.0;120825.0;120620.0;328002;97228
2024-06-14 11:20:00;120720.0;120995.0;121045.0;120700.0;537586;149241
2024-06-14 11:30:00;121000.0;120875.0;121010.0;120735.0;488883;136296
2024-06-14 11:40:00;120870.0;120885.0;120910.0;120780.0;260197;74235
2024-06-14 11:50:00;120880.0;121570.0;121585.0;120870.0;712320;195550
2024-06-14 12:00:00;121565.0;122005.0;122075.0;121555.0;776816;206549
2024-06-14 12:10:00;122000.0;121920.0;122120.0;121905.0;439829;120533
2024-06-14 12:20:00;121920.0;121835.0;122000.0;121785.0;280033;76900
2024-06-14 12:30:00;121835.0;121705.0;121860.0;121660.0;344032;88990
2024-06-14 12:40:00;121705.0;121520.0;121735.0;121495.0;324653;89431
2024-06-14 12:50:00;121520.0;121700.0;121720.0;121515.0;265875;74833
2024-06-17 10:00:00;120980.0;121010.0;121115.0;120930.0;454137;132326
2024-06-17 10:10:00;121010.0;120860.0;121215.0;120805.0;810327;232171
2024-06-17 10:20:00;120860.0;120655.0;120915.0;120570.0;639149;173319
2024-06-17 10:30:00;120655.0;120880.0;121015.0;120575.0;691247;200215
2024-06-17 10:40:00;120885.0;121070.0;121110.0;120810.0;471820;141164
2024-06-17 10:50:00;121065.0;120810.0;121100.0;120750.0;503445;147601
2024-06-17 11:00:00;120810.0;120645.0;120825.0;120550.0;491892;139992
2024-06-17 11:10:00;120645.0;120810.0;120815.0;120555.0;411960;117015
2024-06-17 11:20:00;120805.0;120690.0;120810.0;120675.0;285281;83166
2024-06-17 11:30:00;120690.0;120635.0;120695.0;120520.0;415830;117437
2024-06-17 11:40:00;120630.0;120575.0;120645.0;120540.0;217191;60172
2024-06-17 11:50:00;120570.0;120575.0;120620.0;120455.0;301176;85111
2024-06-17 12:00:00;120575.0;120515.0;120715.0;120495.0;347013;94564
2024-06-17 12:10:00;120515.0;120610.0;120655.0;120395.0;464701;125603
2024-06-17 12:20:00;120610.0;120675.0;120715.0;120605.0;207361;57448
2024-06-17 12:30:00;120680.0;120680.0;120710.0;120615.0;175306;48006
2024-06-17 12:40:00;120680.0;120840.0;120880.0;120645.0;320844;85483
2024-06-17 12:50:00;120845.0;120865.0;120955.0;120805.0;215493;57420
2024-06-18 10:00:00;120730.0;120975.0;120980.0;120580.0;581672;177154
2024-06-18 10:10:00;120975.0;120815.0;121120.0;120765.0;681329;208066
2024-06-18 10:20:00;120815.0;120740.0;120840.0;120605.0;526255;145268
2024-06-18 10:30:00;120740.0;121005.0;121005.0;120725.0;788190;236463
2024-06-18 10:40:00;121005.0;121730.0;121820.0;120995.0;1103207;298476
2024-06-18 10:50:00;121730.0;121780.0;121845.0;121585.0;649183;179888
2024-06-18 11:00:00;121780.0;121490.0;121835.0;121465.0;578002;168245
2024-06-18 11:10:00;121495.0;121350.0;121505.0;121255.0;491741;140300
2024-06-18 11:20:00;121350.0;121390.0;121425.0;121185.0;440201;126119
2024-06-18 11:30:00;121390.0;121540.0;121575.0;121330.0;478310;137191
2024-06-18 11:40:00;121540.0;121360.0;121585.0;121360.0;338704;92663
2024-06-18 11:50:00;121360.0;121395.0;121405.0;121220.0;327146;93543
2024-06-18 12:00:00;121400.0;121295.0;121415.0;121225.0;297301;86383
2024-06-18 12:10:00;121295.0;121455.0;121470.0;121255.0;245032;70946
2024-06-18 12:20:00;121450.0;121415.0;121470.0;121370.0;192571;55961
2024-06-18 12:30:00;121415.0;121495.0;121535.0;121390.0;182764;52382
2024-06-18 12:40:00;121495.0;121415.0;121510.0;121380.0;196726;57000
2024-06-18 12:50:00;121410.0;121330.0;121430.0;121300.0;175775;52358
2024-06-19 10:00:00;121205.0;120965.0;121215.0;120925.0;637946;180342
2024-06-19 10:10:00;120965.0;121075.0;121090.0;120870.0;580411;159903
2024-06-19 10:20:00;121075.0;120870.0;121205.0;120775.0;726366;204105
2024-06-19 10:30:00;120875.0;120835.0;121015.0;120800.0;573668;164990
2024-06-19 10:40:00;120835.0;120815.0;120885.0;120670.0;526065;152219
2024-06-19 10:50:00;120815.0;120700.0;120835.0;120695.0;267109;77634
2024-06-19 11:00:00;120705.0;120820.0;120940.0;120675.0;542285;162376
2024-06-19 11:10:00;120825.0;120730.0;120840.0;120685.0;358693;106227
2024-06-19 11:20:00;120735.0;120850.0;120875.0;120650.0;370238;110716
2024-06-19 11:30:00;120850.0;120930.0;120985.0;120810.0;312549;90431
2024-06-19 11:40:00;120925.0;120895.0;120980.0;120765.0;340695;93786
2024-06-19 11:50:00;120895.0;120900.0;120950.0;120810.0;286487;85753
2024-06-19 12:00:00;120900.0;120865.0;120945.0;120830.0;199452;59211
2024-06-19 12:10:00;120865.0;120840.0;120885.0;120810.0;139246;38672
2024-06-19 12:20:00;120845.0;120875.0;120895.0;120790.0;203259;54574
2024-06-19 12:30:00;120880.0;120960.0;120965.0;120865.0;193935;54151
2024-06-19 12:40:00;120955.0;121285.0;121305.0;120915.0;409620;106878
2024-06-19 12:50:00;121285.0;121210.0;121450.0;121155.0;446482;129230
2024-06-20 10:00:00;122875.0;123015.0;123055.0;122805.0;550316;167862
2024-06-20 10:10:00;123015.0;122885.0;123070.0;122785.0;492596;145005
2024-06-20 10:20:00;122885.0;122600.0;122920.0;122580.0;561468;162484
2024-06-20 10:30:00;122595.0;122910.0;122950.0;122540.0;814408;227781
2024-06-20 10:40:00;122910.0;123275.0;123320.0;122850.0;916994;257374
2024-06-20 10:50:00;123280.0;123225.0;123360.0;123160.0;529390;151354
2024-06-20 11:00:00;123220.0;123015.0;123325.0;122990.0;524008;145959
2024-06-20 11:10:00;123015.0;123220.0;123275.0;122960.0;510639;142417
2024-06-20 11:20:00;123225.0;123125.0;123335.0;123105.0;425840;118315
2024-06-20 11:30:00;123125.0;122905.0;123150.0;122835.0;566039;150845
2024-06-20 11:40:00;122905.0;122545.0;122940.0;122520.0;510617;132611
2024-06-20 11:50:00;122540.0;122575.0;122605.0;122360.0;601534;155055
2024-06-20 12:00:00;122575.0;122200.0;122595.0;122190.0;524254;135147
2024-06-20 12:10:00;122205.0;122310.0;122430.0;122175.0;442330;116738
2024-06-20 12:20:00;122310.0;122275.0;122355.0;122220.0;285803;78088
2024-06-20 12:30:00;122275.0;122075.0;122310.0;122075.0;290660;79301
2024-06-20 12:40:00;122075.0;122275.0;122375.0;122060.0;344834;93276
2024-06-20 12:50:00;122270.0;122155.0;122305.0;122135.0;258869;70462
2024-06-21 10:00:00;121900.0;121710.0;121905.0;121700.0;501736;143362
2024-06-21 10:10:00;121710.0;121960.0;122065.0;121700.0;583162;164417
2024-06-21 10:20:00;121960.0;122250.0;122330.0;121945.0;623740;168925
2024-06-21 10:30:00;122250.0;122420.0;122535.0;122230.0;692412;192286
2024-06-21 10:40:00;122415.0;122660.0;122710.0;122235.0;860826;232778
2024-06-21 10:50:00;122660.0;122960.0;123040.0;122655.0;785874;202647
2024-06-21 11:00:00;122955.0;122885.0;123125.0;122845.0;600915;160089
2024-06-21 11:10:00;122885.0;122910.0;122945.0;122705.0;496079;130217
2024-06-21 11:20:00;122905.0;123070.0;123080.0;122835.0;398468;105564
2024-06-21 11:30:00;123075.0;122950.0;123080.0;122880.0;422087;107618
2024-06-21 11:40:00;122950.0;122795.0;122985.0;122755.0;381082;101791
2024-06-21 11:50:00;122800.0;122845.0;122990.0;122750.0;390940;101326
2024-06-21 12:00:00;122845.0;122910.0;122980.0;122840.0;270561;69804
2024-06-21 12:10:00;122910.0;122605.0;123010.0;122605.0;492327;122030
2024-06-21 12:20:00;122605.0;122655.0;122775.0;122590.0;324364;88800
2024-06-21 12:30:00;122655.0;122655.0;122745.0;122600.0;223240;64543
2024-06-21 12:40:00;122655.0;122735.0;122745.0;122615.0;192166;55571
2024-06-21 12:50:00;122730.0;122640.0;122735.0;122610.0;198409;53462
2024-06-24 10:00:00;123240.0;123580.0;123595.0;123200.0;687553;199365
2024-06-24 10:10:00;123585.0;123870.0;123950.0;123500.0;855417;236131
2024-06-24 10:20:00;123870.0;123920.0;123985.0;123740.0;533490;150911
2024-06-24 10:30:00;123920.0;124300.0;124325.0;123905.0;798892;206628
2024-06-24 10:40:00;124300.0;124355.0;124430.0;124150.0;564845;145202
2024-06-24 10:50:00;124360.0;124365.0;124490.0;124325.0;440678;112946
2024-06-24 11:00:00;124360.0;124255.0;124385.0;124195.0;398213;104204
2024-06-24 11:10:00;124260.0;124245.0;124445.0;124220.0;405995;113571
2024-06-24 11:20:00;124245.0;124250.0;124340.0;124195.0;308205;86546
2024-06-24 11:30:00;124255.0;124255.0;124305.0;124150.0;317106;84942
2024-06-24 11:40:00;124255.0;124195.0;124320.0;124195.0;288848;75709
2024-06-24 11:50:00;124200.0;124260.0;124280.0;124160.0;227794;61918
2024-06-24 12:00:00;124265.0;124230.0;124305.0;124210.0;210809;55572
2024-06-24 12:10:00;124235.0;124165.0;124255.0;124130.0;278554;73858
2024-06-24 12:20:00;124160.0;124105.0;124185.0;124075.0;245020;64788
2024-06-24 12:30:00;124110.0;124075.0;124130.0;124020.0;272503;68868
2024-06-24 12:40:00;124075.0;124035.0;124120.0;123995.0;244900;60426
2024-06-24 12:50:00;124035.0;124150.0;124185.0;124015.0;283319;73209
2024-06-25 10:00:00;123980.0;124045.0;124075.0;123870.0;484011;139481
2024-06-25 10:10:00;124050.0;123875.0;124175.0;123765.0;634892;175480
2024-06-25 10:20:00;123880.0;123975.0;124070.0;123870.0;485113;132857
2024-06-25 10:30:00;123970.0;124280.0;124410.0;123885.0;951062;267531
2024-06-25 10:40:00;124280.0;124010.0;124330.0;123935.0;756782;217606
2024-06-25 10:50:00;124005.0;124005.0;124170.0;123845.0;506238;145198
2024-06-25 11:00:00;124005.0;123930.0;124065.0;123890.0;406113;119655
2024-06-25 11:10:00;123935.0;123955.0;124125.0;123910.0;416636;117202
2024-06-25 11:20:00;123955.0;124075.0;124145.0;123910.0;314309;90672
2024-06-25 11:30:00;124080.0;123850.0;124085.0;123815.0;387498;109420
2024-06-25 11:40:00;123850.0;123815.0;123910.0;123690.0;485532;131913
2024-06-25 11:50:00;123815.0;123885.0;123925.0;123775.0;360170;101370
2024-06-25 12:00:00;123890.0;123830.0;123910.0;123740.0;293817;84351
2024-06-25 12:10:00;123830.0;123705.0;123865.0;123690.0;270505;76782
2024-06-25 12:20:00;123705.0;123665.0;123780.0;123600.0;411386;111263
2024-06-25 12:30:00;123665.0;123550.0;123735.0;123540.0;359072;96746
2024-06-25 12:40:00;123555.0;123620.0;123660.0;123520.0;283931;74794
2024-06-25 12:50:00;123620.0;123625.0;123680.0;123555.0;233328;64907
2024-06-26 10:00:00;123255.0;123275.0;123325.0;123090.0;598474;174808
2024-06-26 10:10:00;123275.0;123350.0;123490.0;123275.0;471888;142863
2024-06-26 10:20:00;123355.0;123190.0;123405.0;123090.0;586501;168264
2024-06-26 10:30:00;123185.0;123045.0;123320.0;122975.0;721862;207096
2024-06-26 10:40:00;123040.0;122965.0;123120.0;122860.0;584115;159843
2024-06-26 10:50:00;122965.0;123120.0;123175.0;122940.0;475596;133974
2024-06-26 11:00:00;123120.0;123085.0;123285.0;123080.0;431813;125022
2024-06-26 11:10:00;123085.0;123405.0;123410.0;123085.0;398579;117084
2024-06-26 11:20:00;123410.0;123220.0;123515.0;123215.0;581782;156668
2024-06-26 11:30:00;123220.0;123275.0;123320.0;123115.0;436097;121935
2024-06-26 11:40:00;123270.0;123195.0;123275.0;123135.0;356777;99846
2024-06-26 11:50:00;123200.0;123200.0;123295.0;123185.0;260137;72529
2024-06-26 12:00:00;123205.0;123320.0;123365.0;123195.0;281608;77619
2024-06-26 12:10:00;123320.0;123165.0;123355.0;123095.0;429592;115269
2024-06-26 12:20:00;123165.0;123270.0;123300.0;123160.0;216575;62060
2024-06-26 12:30:00;123275.0;123355.0;123390.0;123230.0;222650;62289
2024-06-26 12:40:00;123355.0;123355.0;123385.0;123275.0;232014;65316
2024-06-26 12:50:00;123355.0;123560.0;123585.0;123350.0;351365;95561
2024-06-27 10:00:00;124725.0;124575.0;124760.0;124570.0;471427;135740
2024-06-27 10:10:00;124580.0;124790.0;124825.0;124570.0;546583;157932
2024-06-27 10:20:00;124790.0;125230.0;125255.0;124775.0;667310;187402
2024-06-27 10:30:00;125235.0;125050.0;125290.0;124905.0;886405;231189
2024-06-27 10:40:00;125050.0;125145.0;125220.0;124960.0;517065;137302
2024-06-27 10:50:00;125145.0;125250.0;125315.0;124980.0;600301;160338
2024-06-27 11:00:00;125245.0;125155.0;125345.0;125090.0;607885;157415
2024-06-27 11:10:00;125155.0;125100.0;125275.0;125075.0;349368;90866
2024-06-27 11:20:00;125095.0;124925.0;125135.0;124870.0;520963;131706
2024-06-27 11:30:00;124925.0;124970.0;125040.0;124845.0;403893;100993
2024-06-27 11:40:00;124970.0;124885.0;125020.0;124850.0;334792;84367
2024-06-27 11:50:00;124885.0;124580.0;124920.0;124550.0;544136;137009
2024-06-27 12:00:00;124580.0;124605.0;124640.0;124460.0;523117;129264
2024-06-27 12:10:00;124605.0;124585.0;124655.0;124535.0;256143;65738
2024-06-27 12:20:00;124585.0;124715.0;124750.0;124530.0;318949;87859
2024-06-27 12:30:00;124710.0;124910.0;124940.0;124685.0;354247;90635
2024-06-27 12:40:00;124910.0;124995.0;125000.0;124885.0;254892;63556
2024-06-27 12:50:00;124990.0;125085.0;125120.0;124955.0;314206;83193
2024-06-28 10:00:00;125770.0;125880.0;125920.0;125650.0;679340;190409
2024-06-28 10:10:00;125880.0;125745.0;125950.0;125610.0;684359;189072
2024-06-28 10:20:00;125750.0;125690.0;125815.0;125535.0;603171;155195
2024-06-28 10:30:00;125685.0;125520.0;125830.0;125465.0;671003;175133
2024-06-28 10:40:00;125515.0;125175.0;125580.0;125165.0;693808;173246
2024-06-28 10:50:00;125175.0;124885.0;125190.0;124880.0;707161;170097
2024-06-28 11:00:00;124880.0;124780.0;125025.0;124700.0;702879;163552
2024-06-28 11:10:00;124780.0;124885.0;124900.0;124705.0;481117;120874
2024-06-28 11:20:00;124885.0;125115.0;125320.0;124855.0;721907;179650
2024-06-28 11:30:00;125120.0;125260.0;125335.0;125100.0;427836;102466
2024-06-28 11:40:00;125260.0;125385.0;125475.0;125160.0;495220;120884
2024-06-28 11:50:00;125385.0;125595.0;125645.0;125335.0;573329;136252
2024-06-28 12:00:00;125600.0;125585.0;125675.0;125495.0;504632;117903
2024-06-28 12:10:00;125590.0;125665.0;125675.0;125505.0;318393;73750
2024-06-28 12:20:00;125665.0;125495.0;125715.0;125495.0;394429;95448
2024-06-28 12:30:00;125495.0;125715.0;125750.0;125485.0;332652;81155
2024-06-28 12:40:00;125715.0;125605.0;125730.0;125555.0;271507;65531
2024-06-28 12:50:00;125610.0;125505.0;125730.0;125460.0;324887;75970
2024-07-01 10:00:00;125510.0;125330.0;125545.0;125270.0;543182;156629
2024-07-01 10:10:00;125330.0;125550.0;125575.0;125055.0;764903;210633
2024-07-01 10:20:00;125545.0;125845.0;125870.0;125505.0;656840;169998
2024-07-01 10:30:00;125840.0;126425.0;126465.0;125805.0;1040680;256640
2024-07-01 10:40:00;126420.0;126340.0;126560.0;126310.0;477270;121538
2024-07-01 10:50:00;126340.0;126160.0;126350.0;126025.0;409742;106281
2024-07-01 11:00:00;126160.0;126070.0;126330.0;126010.0;601770;155683
2024-07-01 11:10:00;126070.0;125945.0;126090.0;125760.0;661123;168509
2024-07-01 11:20:00;125945.0;126160.0;126215.0;125665.0;621716;165045
2024-07-01 11:30:00;126160.0;126120.0;126235.0;126060.0;411992;118758
2024-07-01 11:40:00;126125.0;126210.0;126390.0;126110.0;509352;144266
2024-07-01 11:50:00;126210.0;126385.0;126475.0;126205.0;436714;119564
2024-07-01 12:00:00;126380.0;126660.0;126715.0;126310.0;507328;127795
2024-07-01 12:10:00;126655.0;126650.0;126710.0;126555.0;384572;101096
2024-07-01 12:20:00;126650.0;126500.0;126660.0;126375.0;385491;106177
2024-07-01 12:30:00;126500.0;126475.0;126530.0;126425.0;196742;53185
2024-07-01 12:40:00;126470.0;126500.0;126510.0;126345.0;317954;80589
2024-07-01 12:50:00;126500.0;126360.0;126515.0;126350.0;251004;62827
2024-07-02 10:00:00;126145.0;126300.0;126355.0;126100.0;642334;176618
2024-07-02 10:10:00;126295.0;126655.0;126690.0;126290.0;767730;195708
2024-07-02 10:20:00;126655.0;126065.0;126665.0;126020.0;759665;186078
2024-07-02 10:30:00;126065.0;126225.0;126325.0;125975.0;814111;204323
2024-07-02 10:40:00;126225.0;126695.0;126730.0;126215.0;848224;223173
2024-07-02 10:50:00;126695.0;126815.0;126910.0;126675.0;573909;148699
2024-07-02 11:00:00;126820.0;126790.0;126950.0;126620.0;659712;175198
2024-07-02 11:10:00;126790.0;126440.0;126800.0;126435.0;613041;158984
2024-07-02 11:20:00;126440.0;126395.0;126495.0;126230.0;557700;146196
2024-07-02 11:30:00;126400.0;126530.0;126580.0;126285.0;625767;171795
2024-07-02 11:40:00;126530.0;126360.0;126580.0;126350.0;428774;120850
2024-07-02 11:50:00;126355.0;126520.0;126575.0;126295.0;404576;108726
2024-07-02 12:00:00;126520.0;126415.0;126675.0;126415.0;440050;109781
2024-07-02 12:10:00;126410.0;126455.0;126530.0;126400.0;250154;65723
2024-07-02 12:20:00;126455.0;126415.0;126490.0;126350.0;243613;66976
2024-07-02 12:30:00;126410.0;126175.0;126415.0;126140.0;394798;106583
2024-07-02 12:40:00;126175.0;126190.0;126260.0;126105.0;279284;77747
2024-07-02 12:50:00;126185.0;126235.0;126275.0;126150.0;190907;54661
2024-07-03 10:00:00;127010.0;127415.0;127450.0;126975.0;708937;190450
2024-07-03 10:10:00;127415.0;127315.0;127500.0;127210.0;683943;188733
2024-07-03 10:20:00;127310.0;127550.0;127560.0;127280.0;495725;133998
2024-07-03 10:30:00;127555.0;127580.0;127795.0;127515.0;765417;192137
2024-07-03 10:40:00;127580.0;127710.0;127885.0;127560.0;563466;145150
2024-07-03 10:50:00;127710.0;127465.0;127715.0;127390.0;495092;126165
2024-07-03 11:00:00;127465.0;127885.0;127940.0;127465.0;738136;195189
2024-07-03 11:10:00;127890.0;127665.0;127970.0;127635.0;497989;129636
2024-07-03 11:20:00;127665.0;127905.0;127940.0;127640.0;437888;114060
2024-07-03 11:30:00;127905.0;127825.0;128000.0;127810.0;388337;106346
2024-07-03 11:40:00;127825.0;127860.0;127950.0;127720.0;425772;111692
2024-07-03 11:50:00;127855.0;127710.0;127945.0;127675.0;342021;94073
2024-07-03 12:00:00;127710.0;127505.0;127740.0;127330.0;593044;145009
2024-07-03 12:10:00;127505.0;127630.0;127670.0;127370.0;394867;107203
2024-07-03 12:20:00;127630.0;127680.0;127795.0;127610.0;346938;88935
2024-07-03 12:30:00;127680.0;127750.0;127830.0;127660.0;238249;62539
2024-07-03 12:40:00;127755.0;127770.0;127880.0;127745.0;204222;55146
2024-07-03 12:50:00;127765.0;127830.0;127890.0;127755.0;192127;50503
2024-07-04 10:00:00;128060.0;127890.0;128065.0;127800.0;494195;152743
2024-07-04 10:10:00;127890.0;127805.0;127955.0;127785.0;389209;119052
2024-07-04 10:20:00;127805.0;127595.0;127825.0;127560.0;586028;167417
2024-07-04 10:30:00;127590.0;127820.0;127860.0;127575.0;518773;149901
2024-07-04 10:40:00;127820.0;127775.0;127970.0;127700.0;528658;152578
2024-07-04 10:50:00;127780.0;127615.0;127940.0;127575.0;540931;152239
2024-07-04 11:00:00;127615.0;127665.0;127815.0;127530.0;551061;152200
2024-07-04 11:10:00;127660.0;127500.0;127745.0;127490.0;433510;116858
2024-07-04 11:20:00;127500.0;127495.0;127630.0;127400.0;513610;138474
2024-07-04 11:30:00;127490.0;127585.0;127615.0;127410.0;334470;92874
2024-07-04 11:40:00;127580.0;127650.0;127715.0;127465.0;382300;102512
2024-07-04 11:50:00;127650.0;127450.0;127685.0;127370.0;427026;114852
2024-07-04 12:00:00;127450.0;127595.0;127610.0;127405.0;279243;75338
2024-07-04 12:10:00;127595.0;127650.0;127710.0;127535.0;299213;77327
2024-07-04 12:20:00;127650.0;127650.0;127700.0;127580.0;236984;59709
2024-07-04 12:30:00;127655.0;127660.0;127705.0;127605.0;149420;40430
2024-07-04 12:40:00;127660.0;127720.0;127765.0;127625.0;166485;47476
2024-07-04 12:50:00;127720.0;127690.0;127805.0;127670.0;209866;58419
2024-07-05 10:00:00;127545.0;127580.0;127675.0;127300.0;625880;179903
2024-07-05 10:10:00;127580.0;127880.0;127955.0;127550.0;643809;177759
2024-07-05 10:20:00;127885.0;127675.0;127900.0;127570.0;687712;176415
2024-07-05 10:30:00;127670.0;127105.0;127800.0;127100.0;842437;231995
2024-07-05 10:40:00;127100.0;126880.0;127135.0;126760.0;859660;215898
2024-07-05 10:50:00;126880.0;127085.0;127090.0;126770.0;483852;121080
2024-07-05 11:00:00;127080.0;127275.0;127335.0;127035.0;584281;151926
2024-07-05 11:10:00;127275.0;126955.0;127280.0;126910.0;425748;117728
2024-07-05 11:20:00;126950.0;127120.0;127220.0;126935.0;365120;102022
2024-07-05 11:30:00;127115.0;127225.0;127250.0;127020.0;324821;90459
2024-07-05 11:40:00;127225.0;127105.0;127235.0;127035.0;304407;85236
2024-07-05 11:50:00;127110.0;127155.0;127200.0;127020.0;274751;72518
2024-07-05 12:00:00;127155.0;127250.0;127320.0;127115.0;288056;76529
2024-07-05 12:10:00;127255.0;127365.0;127395.0;127150.0;310537;76100
2024-07-05 12:20:00;127370.0;127440.0;127470.0;127315.0;277091;73233
2024-07-05 12:30:00;127445.0;127400.0;127490.0;127350.0;222493;60558
2024-07-05 12:40:00;127400.0;127485.0;127535.0;127390.0;199202;51866
2024-07-05 12:50:00;127485.0;127380.0;127535.0;127345.0;187471;50942
2024-07-08 10:00:00;127365.0;127370.0;127445.0;127255.0;453949;131649
2024-07-08 10:10:00;127370.0;126950.0;127380.0;126925.0;718421;199760
2024-07-08 10:20:00;126950.0;126925.0;127050.0;126790.0;634770;166095
2024-07-08 10:30:00;126925.0;127165.0;127330.0;126865.0;803032;215939
2024-07-08 10:40:00;127170.0;126925.0;127225.0;126850.0;621739;177298
2024-07-08 10:50:00;126920.0;127520.0;127560.0;126915.0;580143;170849
2024-07-08 11:00:00;127525.0;127430.0;127680.0;127405.0;681941;204510
2024-07-08 11:10:00;127430.0;127185.0;127515.0;127145.0;531796;154767
2024-07-08 11:20:00;127190.0;127090.0;127235.0;127050.0;402868;120932
2024-07-08 11:30:00;127095.0;127085.0;127185.0;126820.0;552608;161638
2024-07-08 11:40:00;127080.0;126975.0;127130.0;126965.0;297228;89712
2024-07-08 11:50:00;126975.0;126895.0;127055.0;126850.0;309029;93763
2024-07-08 12:00:00;126900.0;127045.0;127065.0;126860.0;331599;101430
2024-07-08 12:10:00;127050.0;127015.0;127110.0;126835.0;378700;113634
2024-07-08 12:20:00;127020.0;127045.0;127190.0;126990.0;307533;94140
2024-07-08 12:30:00;127045.0;127295.0;127390.0;127015.0;496544;150029
2024-07-08 12:40:00;127295.0;127420.0;127460.0;127240.0;293713;84471
2024-07-08 12:50:00;127415.0;127515.0;127550.0;127385.0;239847;71619
2024-07-09 10:00:00;127400.0;127555.0;127595.0;127325.0;520045;146371
2024-07-09 10:10:00;127555.0;127620.0;127810.0;127530.0;803014;225916
2024-07-09 10:20:00;127620.0;127495.0;127660.0;127355.0;646289;173423
2024-07-09 10:30:00;127495.0;127455.0;127560.0;127110.0;931857;256073
2024-07-09 10:40:00;127455.0;127835.0;127885.0;127450.0;741632;206151
2024-07-09 10:50:00;127835.0;127770.0;127900.0;127695.0;447494;127368
2024-07-09 11:00:00;127765.0;127740.0;127940.0;127535.0;709726;191993
2024-07-09 11:10:00;127735.0;127785.0;127925.0;127680.0;425776;122259
2024-07-09 11:20:00;127785.0;127975.0;127990.0;127720.0;453004;126451
2024-07-09 11:30:00;127975.0;127925.0;127985.0;127830.0;342925;95504
2024-07-09 11:40:00;127925.0;128015.0;128070.0;127895.0;277070;78217
2024-07-09 11:50:00;128010.0;127980.0;128040.0;127870.0;344094;93809
2024-07-09 12:00:00;127975.0;127885.0;128030.0;127800.0;368250;97662
2024-07-09 12:10:00;127885.0;127845.0;127920.0;127720.0;369301;96576
2024-07-09 12:20:00;127845.0;127815.0;127855.0;127740.0;257189;66500
2024-07-09 12:30:00;127815.0;127920.0;127975.0;127810.0;292693;80028
2024-07-09 12:40:00;127925.0;128125.0;128155.0;127860.0;395692;102375
2024-07-09 12:50:00;128125.0;128250.0;128275.0;128070.0;322009;83151
2024-07-10 10:00:00;128790.0;128655.0;128795.0;128555.0;464855;148123
2024-07-10 10:10:00;128655.0;128865.0;128890.0;128650.0;501162;152659
2024-07-10 10:20:00;128870.0;128835.0;128990.0;128810.0;575617;166868
2024-07-10 10:30:00;128840.0;128535.0;128860.0;128455.0;1015967;289475
2024-07-10 10:40:00;128535.0;128350.0;128585.0;128310.0;646250;188304
2024-07-10 10:50:00;128345.0;128265.0;128505.0;128230.0;516003;144773
2024-07-10 11:00:00;128260.0;128380.0;128535.0;128245.0;523196;149478
2024-07-10 11:10:00;128380.0;128370.0;128415.0;128180.0;472782;133436
2024-07-10 11:20:00;128365.0;128195.0;128380.0;128185.0;357056;102602
2024-07-10 11:30:00;128190.0;128355.0;128360.0;128100.0;518842;141338
2024-07-10 11:40:00;128360.0;128295.0;128455.0;128285.0;351380;103395
2024-07-10 11:50:00;128295.0;128280.0;128340.0;128120.0;383774;110695
2024-07-10 12:00:00;128285.0;128395.0;128430.0;128275.0;225834;65077
2024-07-10 12:10:00;128390.0;128345.0;128425.0;128250.0;296602;82512
2024-07-10 12:20:00;128345.0;128370.0;128450.0;128305.0;215166;61484
2024-07-10 12:30:00;128375.0;128350.0;128390.0;128275.0;181078;52110
2024-07-10 12:40:00;128350.0;128360.0;128410.0;128240.0;235892;64250
2024-07-10 12:50:00;128365.0;128335.0;128430.0;128305.0;213844;56532
2024-07-11 10:00:00;128795.0;129255.0;129320.0;128770.0;733620;203986
2024-07-11 10:10:00;129255.0;129055.0;129260.0;129000.0;574406;164850
2024-07-11 10:20:00;129055.0;129065.0;129145.0;128945.0;442990;131048
2024-07-11 10:30:00;129065.0;129165.0;129205.0;128875.0;745598;211647
2024-07-11 10:40:00;129165.0;129405.0;129470.0;129055.0;855073;232719
2024-07-11 10:50:00;129410.0;129200.0;129445.0;129165.0;529952;145821
2024-07-11 11:00:00;129200.0;129185.0;129355.0;129150.0;432047;122052
2024-07-11 11:10:00;129185.0;128945.0;129195.0;128920.0;549908;150698
2024-07-11 11:20:00;128945.0;129025.0;129045.0;128865.0;462282;128990
2024-07-11 11:30:00;129025.0;129095.0;129280.0;129005.0;500729;141349
2024-07-11 11:40:00;129095.0;129050.0;129170.0;128930.0;590507;164613
2024-07-11 11:50:00;129055.0;129235.0;129385.0;129050.0;551543;152399
2024-07-11 12:00:00;129240.0;129345.0;129350.0;129110.0;372133;101966
2024-07-11 12:10:00;129345.0;129345.0;129420.0;129220.0;372399;103133
2024-07-11 12:20:00;129345.0;129210.0;129370.0;129195.0;293951;81264
2024-07-11 12:30:00;129210.0;129310.0;129345.0;129195.0;270089;73518
2024-07-11 12:40:00;129310.0;129390.0;129410.0;129275.0;257249;73903
2024-07-11 12:50:00;129390.0;129270.0;129400.0;129230.0;178356;53659
2024-07-12 10:00:00;129445.0;129500.0;129545.0;129305.0;633885;175185
2024-07-12 10:10:00;129495.0;129165.0;129505.0;129100.0;851990;223089
2024-07-12 10:20:00;129165.0;129475.0;129505.0;129065.0;633422;167653
2024-07-12 10:30:00;129475.0;129525.0;129715.0;129335.0;925575;242472
2024-07-12 10:40:00;129525.0;129660.0;129710.0;129420.0;681534;181496
2024-07-12 10:50:00;129665.0;129610.0;129670.0;129270.0;630897;169851
2024-07-12 11:00:00;129610.0;129605.0;129740.0;129480.0;516602;138515
2024-07-12 11:10:00;129605.0;129625.0;129870.0;129560.0;564107;149692
2024-07-12 11:20:00;129620.0;129800.0;129810.0;129555.0;340936;91271
2024-07-12 11:30:00;129800.0;129610.0;129845.0;129530.0;419778;113011
2024-07-12 11:40:00;129610.0;129615.0;129725.0;129555.0;300918;82502
2024-07-12 11:50:00;129620.0;129635.0;129680.0;129530.0;205524;55288
2024-07-12 12:00:00;129635.0;129620.0;129755.0;129595.0;248710;66690
2024-07-12 12:10:00;129620.0;129615.0;129650.0;129570.0;134864;36901
2024-07-12 12:20:00;129615.0;129565.0;129645.0;129550.0;140183;35119
2024-07-12 12:30:00;129560.0;129565.0;129595.0;129525.0;135469;34695
2024-07-12 12:40:00;129565.0;129805.0;129810.0;129550.0;243256;63086
2024-07-12 12:50:00;129800.0;129625.0;129815.0;129595.0;248502;63755
2024-07-15 10:00:00;130060.0;130120.0;130340.0;130030.0;653870;183243
2024-07-15 10:10:00;130125.0;129910.0;130130.0;129805.0;639861;179909
2024-07-15 10:20:00;129915.0;130005.0;130085.0;129780.0;526212;148882
2024-07-15 10:30:00;130000.0;129820.0;130115.0;129760.0;650410;186527
2024-07-15 10:40:00;129815.0;129875.0;129960.0;129750.0;434800;126083
2024-07-15 10:50:00;129880.0;129995.0;130020.0;129775.0;403145;115931
2024-07-15 11:00:00;129995.0;130055.0;130065.0;129870.0;450207;126723
2024-07-15 11:10:00;130050.0;129965.0;130065.0;129870.0;372371;101739
2024-07-15 11:20:00;129960.0;130040.0;130080.0;129915.0;388350;104417
2024-07-15 11:30:00;130040.0;129960.0;130095.0;129930.0;341818;88732
2024-07-15 11:40:00;129965.0;130130.0;130170.0;129895.0;369710;98312
2024-07-15 11:50:00;130130.0;130170.0;130320.0;130095.0;472814;128121
2024-07-15 12:00:00;130175.0;130080.0;130230.0;130070.0;320122;84563
2024-07-15 12:10:00;130075.0;130040.0;130125.0;130035.0;244085;65916
2024-07-15 12:20:00;130040.0;130150.0;130155.0;130015.0;245791;65619
2024-07-15 12:30:00;130155.0;130370.0;130380.0;130140.0;350384;93188
2024-07-15 12:40:00;130365.0;130305.0;130390.0;130260.0;294409;76571
2024-07-15 12:50:00;130305.0;130360.0;130415.0;130260.0;224135;60210
2024-07-16 10:00:00;130195.0;130420.0;130565.0;130140.0;755892;211935
2024-07-16 10:10:00;130415.0;130475.0;130515.0;130320.0;490076;136154
2024-07-16 10:20:00;130475.0;130410.0;130560.0;130365.0;492257;123454
2024-07-16 10:30:00;130410.0;130275.0;130485.0;130115.0;686637;188030
2024-07-16 10:40:00;130270.0;130370.0;130550.0;130250.0;562774;153063
2024-07-16 10:50:00;130375.0;130260.0;130395.0;130215.0;371540;99588
2024-07-16 11:00:00;130255.0;130140.0;130300.0;130130.0;492498;129537
2024-07-16 11:10:00;130140.0;130140.0;130240.0;130055.0;511359;137090
2024-07-16 11:20:00;130145.0;130200.0;130250.0;130100.0;375492;102238
2024-07-16 11:30:00;130205.0;130270.0;130345.0;130150.0;426140;113544
2024-07-16 11:40:00;130270.0;130195.0;130320.0;130170.0;274241;75664
2024-07-16 11:50:00;130195.0;130300.0;130345.0;130180.0;267211;67023
2024-07-16 12:00:00;130300.0;130195.0;130415.0;130160.0;383166;98370
2024-07-16 12:10:00;130200.0;130220.0;130315.0;130155.0;281213;72538
2024-07-16 12:20:00;130220.0;130210.0;130305.0;130170.0;213977;56534
2024-07-16 12:30:00;130210.0;130085.0;130215.0;130055.0;302982;82679
2024-07-16 12:40:00;130085.0;130125.0;130205.0;130030.0;304021;79703
2024-07-16 12:50:00;130130.0;129905.0;130135.0;129840.0;496371;125972
2024-07-17 10:00:00;130045.0;130020.0;130100.0;129955.0;367757;105438
2024-07-17 10:10:00;130020.0;129970.0;130120.0;129945.0;326452;94260
2024-07-17 10:20:00;129975.0;129725.0;129980.0;129670.0;745746;204299
2024-07-17 10:30:00;129725.0;130050.0;130150.0;129715.0;869222;244031
2024-07-17 10:40:00;130050.0;130010.0;130225.0;129995.0;594347;163698
2024-07-17 10:50:00;130010.0;130235.0;130360.0;130010.0;614064;172887
2024-07-17 11:00:00;130235.0;129940.0;130275.0;129910.0;643189;176484
2024-07-17 11:10:00;129945.0;130300.0;130320.0;129900.0;580784;157156
2024-07-17 11:20:00;130295.0;130305.0;130315.0;130210.0;245549;69024
2024-07-17 11:30:00;130305.0;130350.0;130450.0;130245.0;431441;115063
2024-07-17 11:40:00;130350.0;130425.0;130525.0;130335.0;408364;109139
2024-07-17 11:50:00;130420.0;130365.0;130500.0;130350.0;250515;65576
2024-07-17 12:00:00;130360.0;130475.0;130500.0;130320.0;258546;68304
2024-07-17 12:10:00;130475.0;130525.0;130595.0;130385.0;328228;88245
2024-07-17 12:20:00;130525.0;130360.0;130570.0;130355.0;243230;65114
2024-07-17 12:30:00;130355.0;130380.0;130395.0;130240.0;343629;85135
2024-07-17 12:40:00;130380.0;130295.0;130390.0;130280.0;137627;38820
2024-07-17 12:50:00;130295.0;130330.0;130335.0;130245.0;160176;42848
2024-07-18 10:00:00;129965.0;129960.0;130000.0;129840.0;514075;147778
2024-07-18 10:10:00;129965.0;129835.0;130110.0;129820.0;542218;162979
2024-07-18 10:20:00;129835.0;129625.0;129860.0;129580.0;745921;214187
2024-07-18 10:30:00;129620.0;129720.0;129735.0;129485.0;661833;196408
2024-07-18 10:40:00;129720.0;129705.0;129825.0;129630.0;510431;144533
2024-07-18 10:50:00;129705.0;129610.0;129755.0;129525.0;427611;128161
2024-07-18 11:00:00;129610.0;129425.0;129685.0;129365.0;578444;163191
2024-07-18 11:10:00;129425.0;129385.0;129525.0;129320.0;473704;132544
2024-07-18 11:20:00;129385.0;129290.0;129445.0;129275.0;360593;94285
2024-07-18 11:30:00;129285.0;129365.0;129490.0;129235.0;524547;134562
2024-07-18 11:40:00;129365.0;129255.0;129405.0;129145.0;520402;138932
2024-07-18 11:50:00;129255.0;129210.0;129280.0;129155.0;308117;86373
2024-07-18 12:00:00;129205.0;129125.0;129310.0;129090.0;353877;95585
2024-07-18 12:10:00;129125.0;129230.0;129250.0;129090.0;265778;71656
2024-07-18 12:20:00;129235.0;129130.0;129250.0;129105.0;244875;61457
2024-07-18 12:30:00;129130.0;129065.0;129160.0;129040.0;242267;61677
2024-07-18 12:40:00;129060.0;129085.0;129170.0;129045.0;227315;60506
2024-07-18 12:50:00;129090.0;129145.0;129170.0;129075.0;138550;40070
2024-07-19 10:00:00;128685.0;128755.0;128890.0;128610.0;272859;86882
2024-07-19 10:10:00;128755.0;128940.0;128980.0;128610.0;355515;111770
2024-07-19 10:20:00;128945.0;129220.0;129250.0;128930.0;375935;115262
2024-07-19 10:30:00;129220.0;129205.0;129280.0;128895.0;424156;130829
2024-07-19 10:40:00;129205.0;128975.0;129210.0;128915.0;218999;72119
2024-07-19 10:50:00;128970.0;129000.0;129120.0;128880.0;221841;69098
2024-07-19 11:00:00;129000.0;129220.0;129225.0;128935.0;190665;57514
2024-07-19 11:10:00;129220.0;128960.0;129225.0;128880.0;208863;63118
2024-07-19 11:20:00;128955.0;128960.0;129050.0;128885.0;195540;63208
2024-07-19 11:30:00;128960.0;128875.0;128975.0;128785.0;251278;79517
2024-07-19 11:40:00;128875.0;128770.0;128970.0;128760.0;177402;54548
2024-07-19 11:50:00;128770.0;128790.0;128815.0;128625.0;217491;63930
2024-07-19 12:00:00;128795.0;128680.0;128860.0;128655.0;162978;46204
2024-07-19 12:10:00;128680.0;128855.0;128885.0;128605.0;219471;58141
2024-07-19 12:20:00;128850.0;128535.0;128895.0;128535.0;258046;64886
2024-07-19 12:30:00;128540.0;128620.0;128645.0;128475.0;252816;62116
2024-07-19 12:40:00;128625.0;128710.0;128745.0;128565.0;152818;39608
2024-07-19 12:50:00;128705.0;128700.0;128720.0;128585.0;142770;37367
2024-07-22 10:00:00;128360.0;128590.0;128650.0;128280.0;566145;175061
2024-07-22 10:10:00;128595.0;128600.0;128645.0;128455.0;433858;136381
2024-07-22 10:20:00;128595.0;128580.0;128615.0;128425.0;434981;116277
2024-07-22 10:30:00;128580.0;128555.0;128610.0;128425.0;477016;126200
2024-07-22 10:40:00;128550.0;128320.0;128690.0;128320.0;639561;190189
2024-07-22 10:50:00;128320.0;128295.0;128340.0;128180.0;490760;136368
2024-07-22 11:00:00;128290.0;128485.0;128560.0;128210.0;602258;162918
2024-07-22 11:10:00;128485.0;128665.0;128690.0;128485.0;404382;113777
2024-07-22 11:20:00;128665.0;128660.0;128700.0;128555.0;261826;72174
2024-07-22 11:30:00;128655.0;128780.0;128825.0;128595.0;399139;106245
2024-07-22 11:40:00;128775.0;128675.0;128860.0;128640.0;403457;103069
2024-07-22 11:50:00;128675.0;128845.0;128845.0;128665.0;327104;85614
2024-07-22 12:00:00;128840.0;128690.0;128845.0;128665.0;251082;68977
2024-07-22 12:10:00;128685.0;128715.0;128810.0;128660.0;227216;59204
2024-07-22 12:20:00;128710.0;128470.0;128745.0;128460.0;325196;81086
2024-07-22 12:30:00;128475.0;128695.0;128700.0;128465.0;345329;80200
2024-07-22 12:40:00;128695.0;128755.0;128790.0;128675.0;199022;51392
2024-07-22 12:50:00;128750.0;128825.0;128910.0;128745.0;312785;78695
2024-07-23 10:00:00;128255.0;128025.0;128275.0;127990.0;557593;144554
2024-07-23 10:10:00;128025.0;128035.0;128090.0;127975.0;426856;103176
2024-07-23 10:20:00;128035.0;127955.0;128110.0;127900.0;529317;130418
2024-07-23 10:30:00;127955.0;127745.0;128030.0;127635.0;808886;204316
2024-07-23 10:40:00;127745.0;127810.0;127835.0;127680.0;389151;105280
2024-07-23 10:50:00;127805.0;127775.0;127810.0;127640.0;375619;95336
2024-07-23 11:00:00;127775.0;127790.0;127880.0;127720.0;420048;111072
2024-07-23 11:10:00;127790.0;127855.0;127915.0;127775.0;362155;93758
2024-07-23 11:20:00;127855.0;127840.0;127935.0;127810.0;311182;72944
2024-07-23 11:30:00;127840.0;127895.0;127995.0;127820.0;415418;98113
2024-07-23 11:40:00;127900.0;127825.0;127950.0;127730.0;583494;148802
2024-07-23 11:50:00;127825.0;127760.0;127830.0;127685.0;306801;79936
2024-07-23 12:00:00;127760.0;127760.0;127770.0;127655.0;239415;60210
2024-07-23 12:10:00;127760.0;127930.0;127940.0;127735.0;275206;68728
2024-07-23 12:20:00;127930.0;127800.0;127945.0;127740.0;283903;69846
2024-07-23 12:30:00;127805.0;127730.0;127830.0;127720.0;188025;44233
2024-07-23 12:40:00;127735.0;127700.0;127775.0;127685.0;155053;38023
2024-07-23 12:50:00;127700.0;127755.0;127760.0;127670.0;157141;41624
2024-07-24 10:00:00;127090.0;127240.0;127270.0;127055.0;420044;108861
2024-07-24 10:10:00;127240.0;127070.0;127265.0;126980.0;533782;134443
2024-07-24 10:20:00;127065.0;126870.0;127165.0;126845.0;595729;148846
2024-07-24 10:30:00;126875.0;127185.0;127210.0;126865.0;609894;161548
2024-07-24 10:40:00;127190.0;127180.0;127355.0;127150.0;578817;150464
2024-07-24 10:50:00;127180.0;127045.0;127190.0;126915.0;575484;148082
2024-07-24 11:00:00;127040.0;127100.0;127145.0;126965.0;439837;115280
2024-07-24 11:10:00;127100.0;127270.0;127315.0;127000.0;454327;118283
2024-07-24 11:20:00;127265.0;127325.0;127360.0;127225.0;363712;90181
2024-07-24 11:30:00;127325.0;127275.0;127340.0;127170.0;338225;89929
2024-07-24 11:40:00;127275.0;127335.0;127340.0;127185.0;280869;73217
2024-07-24 11:50:00;127335.0;127395.0;127420.0;127285.0;341903;87051
2024-07-24 12:00:00;127395.0;127430.0;127450.0;127310.0;241272;61191
2024-07-24 12:10:00;127435.0;127390.0;127475.0;127380.0;190074;49017
2024-07-24 12:20:00;127390.0;127325.0;127425.0;127275.0;262485;67734
2024-07-24 12:30:00;127330.0;127340.0;127405.0;127305.0;179090;45588
2024-07-24 12:40:00;127340.0;127315.0;127370.0;127265.0;143620;37318
2024-07-24 12:50:00;127315.0;127280.0;127390.0;127265.0;167928;42463
2024-07-25 10:00:00;126640.0;126765.0;126775.0;126510.0;440881;126036
2024-07-25 10:10:00;126765.0;126595.0;126845.0;126555.0;515417;149673
2024-07-25 10:20:00;126595.0;126385.0;126645.0;126325.0;502850;134659
2024-07-25 10:30:00;126385.0;126270.0;126385.0;126215.0;548300;145415
2024-07-25 10:40:00;126270.0;126460.0;126500.0;126185.0;501679;140198
2024-07-25 10:50:00;126460.0;126445.0;126490.0;126240.0;463274;130338
2024-07-25 11:00:00;126445.0;126385.0;126515.0;126325.0;451681;129742
2024-07-25 11:10:00;126380.0;126665.0;126685.0;126355.0;436027;121757
2024-07-25 11:20:00;126665.0;126605.0;126700.0;126565.0;317842;88224
2024-07-25 11:30:00;126605.0;126435.0;126645.0;126430.0;317623;85673
2024-07-25 11:40:00;126430.0;126460.0;126475.0;126300.0;380000;102747
2024-07-25 11:50:00;126460.0;126575.0;126580.0;126430.0;243085;63623
2024-07-25 12:00:00;126575.0;126570.0;126625.0;126515.0;212743;55750
2024-07-25 12:10:00;126570.0;126565.0;126650.0;126515.0;241849;62402
2024-07-25 12:20:00;126570.0;126565.0;126590.0;126515.0;156400;41773
2024-07-25 12:30:00;126565.0;126650.0;126670.0;126535.0;179144;45279
2024-07-25 12:40:00;126650.0;126605.0;126680.0;126595.0;162545;43260
2024-07-25 12:50:00;126605.0;126615.0;126695.0;126575.0;156815;38469
2024-07-26 10:00:00;126860.0;126850.0;126915.0;126770.0;415239;114631
2024-07-26 10:10:00;126850.0;126745.0;126895.0;126620.0;481111;131790
2024-07-26 10:20:00;126750.0;126660.0;126785.0;126620.0;354818;97236
2024-07-26 10:30:00;126665.0;126730.0;126765.0;126600.0;488590;130070
2024-07-26 10:40:00;126735.0;126760.0;126800.0;126700.0;349991;95219
2024-07-26 10:50:00;126760.0;126830.0;126890.0;126750.0;313065;84586
2024-07-26 11:00:00;126830.0;126885.0;126930.0;126760.0;395052;104800
2024-07-26 11:10:00;126885.0;127005.0;127050.0;126865.0;500497;132910
2024-07-26 11:20:00;127005.0;127060.0;127090.0;126965.0;297703;80967
2024-07-26 11:30:00;127060.0;127105.0;127160.0;126945.0;536006;139113
2024-07-26 11:40:00;127100.0;127130.0;127210.0;127090.0;328138;88471
2024-07-26 11:50:00;127135.0;127115.0;127200.0;127070.0;292124;75806
2024-07-26 12:00:00;127110.0;127270.0;127380.0;127110.0;451781;106447
2024-07-26 12:10:00;127270.0;127255.0;127300.0;127210.0;202456;51827
2024-07-26 12:20:00;127250.0;127300.0;127370.0;127240.0;190467;50587
2024-07-26 12:30:00;127305.0;127385.0;127425.0;127235.0;274759;72430
2024-07-26 12:40:00;127385.0;127445.0;127480.0;127370.0;196886;50904
2024-07-26 12:50:00;127450.0;127465.0;127495.0;127415.0;132597;33465
2024-07-29 10:00:00;128080.0;128055.0;128155.0;128020.0;395816;99517
2024-07-29 10:10:00;128055.0;128010.0;128185.0;128005.0;401171;104359
2024-07-29 10:20:00;128015.0;127845.0;128035.0;127785.0;552343;135537
2024-07-29 10:30:00;127840.0;127620.0;127960.0;127570.0;771689;193626
2024-07-29 10:40:00;127625.0;127630.0;127720.0;127570.0;370508;98249
2024-07-29 10:50:00;127630.0;127495.0;127645.0;127430.0;436877;112731
2024-07-29 11:00:00;127495.0;127545.0;127555.0;127440.0;292726;77339
2024-07-29 11:10:00;127540.0;127400.0;127550.0;127395.0;275368;71104
2024-07-29 11:20:00;127400.0;127370.0;127460.0;127325.0;300006;73766
2024-07-29 11:30:00;127365.0;127310.0;127410.0;127260.0;386200;93284
2024-07-29 11:40:00;127315.0;127265.0;127385.0;127235.0;262542;67193
2024-07-29 11:50:00;127270.0;127205.0;127275.0;127140.0;348570;78899
2024-07-29 12:00:00;127205.0;127190.0;127275.0;127170.0;200814;47491
2024-07-29 12:10:00;127190.0;127255.0;127300.0;127180.0;210808;52098
2024-07-29 12:20:00;127250.0;127285.0;127305.0;127230.0;177207;39912
2024-07-29 12:30:00;127290.0;127205.0;127305.0;127150.0;238744;56473
2024-07-29 12:40:00;127205.0;127270.0;127275.0;127120.0;218546;53712
2024-07-29 12:50:00;127265.0;127270.0;127275.0;127175.0;184502;43689
2024-07-30 10:00:00;127005.0;126915.0;127010.0;126895.0;369073;89463
2024-07-30 10:10:00;126915.0;126995.0;127105.0;126900.0;501015;132070
2024-07-30 10:20:00;126990.0;126870.0;127000.0;126820.0;495147;122627
2024-07-30 10:30:00;126870.0;126875.0;126890.0;126720.0;487558;120186
2024-07-30 10:40:00;126875.0;126795.0;126910.0;126770.0;338682;90197
2024-07-30 10:50:00;126800.0;126860.0;126905.0;126755.0;205463;57698
2024-07-30 11:00:00;126860.0;126770.0;126885.0;126675.0;441651;116245
2024-07-30 11:10:00;126775.0;126930.0;126955.0;126725.0;370951;97660
2024-07-30 11:20:00;126935.0;126840.0;126985.0;126835.0;357977;88988
2024-07-30 11:30:00;126840.0;126950.0;126975.0;126700.0;503025;126610
2024-07-30 11:40:00;126950.0;127015.0;127065.0;126915.0;309128;73614
2024-07-30 11:50:00;127015.0;126890.0;127030.0;126870.0;273674;70535
2024-07-30 12:00:00;126890.0;126775.0;126900.0;126635.0;469458;113180
2024-07-30 12:10:00;126775.0;126705.0;126785.0;126655.0;245557;60931
2024-07-30 12:20:00;126700.0;126660.0;126740.0;126635.0;181653;44386
2024-07-30 12:30:00;126665.0;126660.0;126695.0;126605.0;185697;43778
2024-07-30 12:40:00;126655.0;126645.0;126710.0;126635.0;162356;39485
2024-07-30 12:50:00;126645.0;126645.0;126690.0;126635.0;94110;22947
2024-07-31 10:00:00;127290.0;127345.0;127380.0;127180.0;498903;135790
2024-07-31 10:10:00;127345.0;127405.0;127660.0;127320.0;637897;174440
2024-07-31 10:20:00;127405.0;127700.0;127705.0;127350.0;422089;110448
2024-07-31 10:30:00;127700.0;127970.0;128050.0;127660.0;662901;161666
2024-07-31 10:40:00;127970.0;127950.0;128015.0;127845.0;380842;102582
2024-07-31 10:50:00;127945.0;127610.0;127950.0;127575.0;401154;105978
2024-07-31 11:00:00;127615.0;127820.0;127830.0;127595.0;342056;87319
2024-07-31 11:10:00;127815.0;127735.0;127930.0;127730.0;393948;96086
2024-07-31 11:20:00;127730.0;127825.0;127850.0;127730.0;215005;53395
2024-07-31 11:30:00;127825.0;127745.0;127835.0;127685.0;212143;53717
2024-07-31 11:40:00;127750.0;127735.0;127770.0;127655.0;202550;52764
2024-07-31 11:50:00;127740.0;127665.0;127740.0;127585.0;284852;73046
2024-07-31 12:00:00;127670.0;127665.0;127695.0;127620.0;149599;38067
2024-07-31 12:10:00;127665.0;127735.0;127770.0;127630.0;147441;38370
2024-07-31 12:20:00;127735.0;127755.0;127865.0;127725.0;171738;45037
2024-07-31 12:30:00;127760.0;127730.0;127785.0;127660.0;195565;48374
2024-07-31 12:40:00;127730.0;127775.0;127795.0;127695.0;151981;36766
2024-07-31 12:50:00;127775.0;127790.0;127800.0;127735.0;94790;24137
2024-08-01 10:00:00;128560.0;128665.0;128670.0;128520.0;390303;102749
2024-08-01 10:10:00;128660.0;128830.0;128880.0;128645.0;647597;155355
2024-08-01 10:20:00;128825.0;128880.0;129000.0;128825.0;492738;117363
2024-08-01 10:30:00;128880.0;129070.0;129085.0;128860.0;444045;110510
2024-08-01 10:40:00;129065.0;129055.0;129100.0;128910.0;409082;103090
2024-08-01 10:50:00;129055.0;129040.0;129080.0;128915.0;306330;80653
2024-08-01 11:00:00;129040.0;128885.0;129325.0;128840.0;640335;166608
2024-08-01 11:10:00;128885.0;128915.0;129070.0;128840.0;450201;113242
2024-08-01 11:20:00;128920.0;128795.0;128965.0;128750.0;465492;117832
2024-08-01 11:30:00;128795.0;128755.0;128820.0;128720.0;262005;64829
2024-08-01 11:40:00;128755.0;128705.0;128830.0;128665.0;366567;86929
2024-08-01 11:50:00;128705.0;128655.0;128740.0;128635.0;267757;64199
2024-08-01 12:00:00;128660.0;128530.0;128675.0;128470.0;379119;87284
2024-08-01 12:10:00;128535.0;128485.0;128580.0;128395.0;355377;82514
2024-08-01 12:20:00;128485.0;128475.0;128510.0;128395.0;231762;53301
2024-08-01 12:30:00;128475.0;128450.0;128550.0;128395.0;290241;66766
2024-08-01 12:40:00;128445.0;128245.0;128460.0;128215.0;333204;80311
2024-08-01 12:50:00;128245.0;128150.0;128290.0;128140.0;326599;74861
2024-08-02 10:00:00;127720.0;128125.0;128210.0;127680.0;629501;172352
2024-08-02 10:10:00;128130.0;128350.0;128430.0;128080.0;589971;147582
2024-08-02 10:20:00;128350.0;127695.0;128350.0;127660.0;557901;139073
2024-08-02 10:30:00;127695.0;127535.0;127780.0;127250.0;801858;203555
2024-08-02 10:40:00;127540.0;127385.0;127660.0;127180.0;627648;175523
2024-08-02 10:50:00;127390.0;127215.0;127545.0;127120.0;471714;136382
2024-08-02 11:00:00;127210.0;127345.0;127485.0;127135.0;504208;144119
2024-08-02 11:10:00;127350.0;126980.0;127370.0;126945.0;558127;162049
2024-08-02 11:20:00;126975.0;126915.0;127165.0;126910.0;418390;115892
2024-08-02 11:30:00;126915.0;126755.0;127030.0;126735.0;439923;119268
2024-08-02 11:40:00;126750.0;126770.0;126860.0;126705.0;320864;84093
2024-08-02 11:50:00;126775.0;126670.0;126825.0;126655.0;282852;73372
2024-08-02 12:00:00;126665.0;126660.0;126710.0;126575.0;333357;87383
2024-08-02 12:10:00;126655.0;126665.0;126760.0;126575.0;263004;74890
2024-08-02 12:20:00;126660.0;126520.0;126670.0;126440.0;352575;97258
2024-08-02 12:30:00;126520.0;126495.0;126555.0;126430.0;190881;55383
2024-08-02 12:40:00;126495.0;126610.0;126640.0;126455.0;211430;60332
2024-08-02 12:50:00;126610.0;126545.0;126660.0;126535.0;175951;51677
2024-08-05 10:00:00;123390.0;123320.0;123825.0;123305.0;643309;194507
2024-08-05 10:10:00;123320.0;123815.0;123950.0;123310.0;718296;209833
2024-08-05 10:20:00;123815.0;123375.0;123960.0;123305.0;649941;179775
2024-08-05 10:30:00;123370.0;124170.0;124195.0;123290.0;805524;226290
2024-08-05 10:40:00;124175.0;124280.0;124355.0;123740.0;674601;208009
2024-08-05 10:50:00;124275.0;124300.0;124400.0;124040.0;462599;145585
2024-08-05 11:00:00;124300.0;124505.0;124875.0;123980.0;784165;217327
2024-08-05 11:10:00;124505.0;124570.0;124630.0;124300.0;481596;150583
2024-08-05 11:20:00;124570.0;124385.0;124730.0;124375.0;480975;145280
2024-08-05 11:30:00;124385.0;124605.0;124725.0;124345.0;411275;119729
2024-08-05 11:40:00;124605.0;124560.0;124705.0;124470.0;357626;104737
2024-08-05 11:50:00;124560.0;124580.0;124720.0;124470.0;330352;89702
2024-08-05 12:00:00;124575.0;124535.0;124625.0;124350.0;387472;107158
2024-08-05 12:10:00;124535.0;124670.0;124695.0;124470.0;332748;90753
2024-08-05 12:20:00;124670.0;124745.0;124860.0;124650.0;362863;96661
2024-08-05 12:30:00;124750.0;125050.0;125145.0;124715.0;413179;112337
2024-08-05 12:40:00;125050.0;124860.0;125065.0;124850.0;294880;81189
2024-08-05 12:50:00;124855.0;124855.0;124910.0;124730.0;255681;70006
2024-08-06 10:00:00;125520.0;125970.0;126000.0;125480.0;762486;229622
2024-08-06 10:10:00;125975.0;125700.0;126030.0;125570.0;761856;222280
2024-08-06 10:20:00;125705.0;125685.0;125865.0;125470.0;678429;194167
2024-08-06 10:30:00;125685.0;125640.0;125845.0;125480.0;641354;188612
2024-08-06 10:40:00;125640.0;125700.0;125765.0;125495.0;570841;168460
2024-08-06 10:50:00;125700.0;125815.0;125950.0;125670.0;506243;150650
2024-08-06 11:00:00;125810.0;125915.0;125925.0;125645.0;542222;158730
2024-08-06 11:10:00;125920.0;125980.0;125995.0;125755.0;458257;137087
2024-08-06 11:20:00;125980.0;125750.0;125995.0;125730.0;365108;110981
2024-08-06 11:30:00;125750.0;125650.0;125810.0;125610.0;464042;132539
2024-08-06 11:40:00;125655.0;125780.0;125825.0;125580.0;413335;114529
2024-08-06 11:50:00;125780.0;125525.0;125785.0;125505.0;360887;100166
2024-08-06 12:00:00;125525.0;125675.0;125755.0;125515.0;344878;96760
2024-08-06 12:10:00;125680.0;125685.0;125725.0;125565.0;268600;78122
2024-08-06 12:20:00;125685.0;125670.0;125775.0;125635.0;247550;71124
2024-08-06 12:30:00;125675.0;125870.0;125895.0;125640.0;326519;94478
2024-08-06 12:40:00;125875.0;125950.0;125980.0;125850.0;278886;76554
2024-08-06 12:50:00;125950.0;126000.0;126040.0;125910.0;207198;58765
2024-08-07 10:00:00;127365.0;127290.0;127425.0;127245.0;492312;144566
2024-08-07 10:10:00;127290.0;127120.0;127395.0;127055.0;600656;175835
2024-08-07 10:20:00;127115.0;127335.0;127550.0;127090.0;751265;220184
2024-08-07 10:30:00;127335.0;127285.0;127405.0;127110.0;647980;199038
2024-08-07 10:40:00;127285.0;127330.0;127540.0;127245.0;568556;171296
2024-08-07 10:50:00;127330.0;127560.0;127660.0;127305.0;495134;151810
2024-08-07 11:00:00;127565.0;127420.0;127565.0;127285.0;516667;153349
2024-08-07 11:10:00;127420.0;127165.0;127485.0;127125.0;447291;136633
2024-08-07 11:20:00;127165.0;127010.0;127305.0;126980.0;530743;150808
2024-08-07 11:30:00;127010.0;127050.0;127075.0;126915.0;397288;108632
2024-08-07 11:40:00;127055.0;127280.0;127335.0;127050.0;376832;107836
2024-08-07 11:50:00;127275.0;127170.0;127295.0;127080.0;291482;84449
2024-08-07 12:00:00;127170.0;127200.0;127210.0;127015.0;348581;96224
2024-08-07 12:10:00;127205.0;127220.0;127270.0;127125.0;305954;85889
2024-08-07 12:20:00;127220.0;127070.0;127285.0;127055.0;253044;73744
2024-08-07 12:30:00;127070.0;127170.0;127215.0;127070.0;176182;52838
2024-08-07 12:40:00;127170.0;127230.0;127290.0;127125.0;252434;72051
2024-08-07 12:50:00;127230.0;127410.0;127420.0;127215.0;251433;70678
2024-08-08 10:00:00;127605.0;127865.0;128025.0;127600.0;710628;200301
2024-08-08 10:10:00;127865.0;127895.0;127945.0;127800.0;472951;131734
2024-08-08 10:20:00;127895.0;128125.0;128160.0;127860.0;618716;166350
2024-08-08 10:30:00;128125.0;128175.0;128230.0;127965.0;629910;176775
2024-08-08 10:40:00;128170.0;128260.0;128285.0;128070.0;552779;155308
2024-08-08 10:50:00;128255.0;128370.0;128410.0;128215.0;491721;128434
2024-08-08 11:00:00;128370.0;128485.0;128515.0;128325.0;400153;100991
2024-08-08 11:10:00;128485.0;128520.0;128600.0;128420.0;402209;97222
2024-08-08 11:20:00;128520.0;128580.0;128660.0;128480.0;335546;84386
2024-08-08 11:30:00;128580.0;128605.0;128645.0;128490.0;335847;86523
2024-08-08 11:40:00;128610.0;128670.0;128720.0;128565.0;308283;75379
2024-08-08 11:50:00;128670.0;128595.0;128675.0;128570.0;183239;48985
2024-08-08 12:00:00;128590.0;128635.0;128655.0;128560.0;160384;43085
2024-08-08 12:10:00;128640.0;128580.0;128655.0;128560.0;163984;42202
2024-08-08 12:20:00;128585.0;128650.0;128685.0;128520.0;261721;66992
2024-08-08 12:30:00;128650.0;128740.0;128785.0;128640.0;307006;77310
2024-08-08 12:40:00;128735.0;128830.0;128865.0;128730.0;254141;63072
2024-08-08 12:50:00;128835.0;128815.0;128855.0;128790.0;138541;35206
2024-08-09 10:00:00;129530.0;129655.0;129685.0;129395.0;571143;152870
2024-08-09 10:10:00;129655.0;129625.0;129745.0;129480.0;562476;148446
2024-08-09 10:20:00;129625.0;129615.0;129765.0;129510.0;419335;109601
2024-08-09 10:30:00;129615.0;129405.0;129625.0;129390.0;498683;131260
2024-08-09 10:40:00;129405.0;129245.0;129430.0;129135.0;611674;164434
2024-08-09 10:50:00;129250.0;129325.0;129455.0;129245.0;478449;127356
2024-08-09 11:00:00;129330.0;129180.0;129420.0;129160.0;356876;98347
2024-08-09 11:10:00;129185.0;129355.0;129355.0;129180.0;360756;101446
2024-08-09 11:20:00;129350.0;129520.0;129570.0;129330.0;466722;121141
2024-08-09 11:30:00;129515.0;129570.0;129605.0;129425.0;381717;100391
2024-08-09 11:40:00;129570.0;129670.0;129775.0;129560.0;498624;124480
2024-08-09 11:50:00;129670.0;129790.0;129840.0;129655.0;304988;81448
2024-08-09 12:00:00;129790.0;129905.0;129935.0;129780.0;293177;75429
2024-08-09 12:10:00;129900.0;129855.0;129950.0;129845.0;225559;58899
2024-08-09 12:20:00;129860.0;129885.0;129955.0;129840.0;190847;48385
2024-08-09 12:30:00;129890.0;129955.0;129975.0;129885.0;169042;43342
2024-08-09 12:40:00;129950.0;129885.0;130040.0;129875.0;285917;69964
2024-08-09 12:50:00;129890.0;129855.0;129900.0;129810.0;207469;54179
2024-08-12 10:00:00;131680.0;131680.0;131695.0;131450.0;485752;142817
2024-08-12 10:10:00;131680.0;131600.0;131690.0;131505.0;403265;120994
2024-08-12 10:20:00;131595.0;131640.0;131775.0;131580.0;397442;118882
2024-08-12 10:30:00;131635.0;131560.0;131820.0;131490.0;614910;178033
2024-08-12 10:40:00;131555.0;131560.0;131695.0;131510.0;466940;132144
2024-08-12 10:50:00;131560.0;131365.0;131650.0;131290.0;460945;132222
2024-08-12 11:00:00;131360.0;131425.0;131515.0;131310.0;404384;118243
2024-08-12 11:10:00;131425.0;131395.0;131440.0;131305.0;289164;85812
2024-08-12 11:20:00;131390.0;131470.0;131490.0;131320.0;271996;78547
2024-08-12 11:30:00;131475.0;131585.0;131665.0;131465.0;388673;110724
2024-08-12 11:40:00;131585.0;131605.0;131655.0;131570.0;166793;47281
2024-08-12 11:50:00;131605.0;131620.0;131655.0;131555.0;168835;47195
2024-08-12 12:00:00;131615.0;131520.0;131620.0;131465.0;235928;64953
2024-08-12 12:10:00;131520.0;131600.0;131635.0;131455.0;250016;66382
2024-08-12 12:20:00;131595.0;131445.0;131640.0;131345.0;439624;119590
2024-08-12 12:30:00;131445.0;131415.0;131485.0;131370.0;197375;57324
2024-08-12 12:40:00;131420.0;131465.0;131480.0;131370.0;174671;51591
2024-08-12 12:50:00;131465.0;131635.0;131685.0;131455.0;287082;78925
2024-08-13 10:00:00;131915.0;131920.0;132030.0;131900.0;326547;86343
2024-08-13 10:10:00;131925.0;131830.0;131955.0;131820.0;402070;109096
2024-08-13 10:20:00;131835.0;132060.0;132145.0;131830.0;554224;151870
2024-08-13 10:30:00;132060.0;132120.0;132215.0;131980.0;636466;172687
2024-08-13 10:40:00;132120.0;132245.0;132265.0;132085.0;457553;123054
2024-08-13 10:50:00;132245.0;132170.0;132270.0;132075.0;448466;118975
2024-08-13 11:00:00;132170.0;132180.0;132340.0;132110.0;500632;130348
2024-08-13 11:10:00;132180.0;132165.0;132295.0;132135.0;355155;94142
2024-08-13 11:20:00;132165.0;132140.0;132205.0;132000.0;399256;105319
2024-08-13 11:30:00;132140.0;132140.0;132180.0;132040.0;258435;70488
2024-08-13 11:40:00;132140.0;132280.0;132285.0;132135.0;265456;67636
2024-08-13 11:50:00;132275.0;132210.0;132285.0;132165.0;218251;55271
2024-08-13 12:00:00;132205.0;132200.0;132290.0;132165.0;204857;50749
2024-08-13 12:10:00;132200.0;132190.0;132225.0;132170.0;133283;28438
2024-08-13 12:20:00;132185.0;132120.0;132190.0;132100.0;186695;43606
2024-08-13 12:30:00;132125.0;132100.0;132130.0;132065.0;151645;32936
2024-08-13 12:40:00;132100.0;132045.0;132120.0;132025.0;165709;36764
2024-08-13 12:50:00;132045.0;132000.0;132050.0;131980.0;187893;42337
2024-08-14 10:00:00;134795.0;134670.0;134800.0;134530.0;454573;140187
2024-08-14 10:10:00;134665.0;134980.0;135180.0;134660.0;697073;205601
2024-08-14 10:20:00;134980.0;135035.0;135050.0;134770.0;549482;163906
2024-08-14 10:30:00;135030.0;135100.0;135155.0;134865.0;523656;153410
2024-08-14 10:40:00;135105.0;135100.0;135150.0;135005.0;297952;90734
2024-08-14 10:50:00;135100.0;134970.0;135115.0;134910.0;366623;105418
2024-08-14 11:00:00;134970.0;135015.0;135035.0;134840.0;320621;96222
2024-08-14 11:10:00;135010.0;135030.0;135090.0;134970.0;225805;66552
2024-08-14 11:20:00;135035.0;135090.0;135120.0;135010.0;179183;50216
2024-08-14 11:30:00;135090.0;135100.0;135135.0;134980.0;267561;76175
2024-08-14 11:40:00;135100.0;135105.0;135170.0;135070.0;248569;69434
2024-08-14 11:50:00;135105.0;135060.0;135155.0;135020.0;205163;56796
2024-08-14 12:00:00;135065.0;135010.0;135090.0;134970.0;206939;55671
2024-08-14 12:10:00;135005.0;135080.0;135140.0;134980.0;181038;51494
2024-08-14 12:20:00;135075.0;135200.0;135250.0;135070.0;270408;71047
2024-08-14 12:30:00;135200.0;135300.0;135335.0;135175.0;247095;64171
2024-08-14 12:40:00;135300.0;135305.0;135340.0;135245.0;154672;40239
2024-08-14 12:50:00;135305.0;135330.0;135360.0;135295.0;150605;37572
2024-08-15 10:00:00;135830.0;135660.0;135910.0;135640.0;502831;146803
2024-08-15 10:10:00;135660.0;135870.0;135925.0;135630.0;546686;160029
2024-08-15 10:20:00;135870.0;135805.0;135990.0;135780.0;403143;114270
2024-08-15 10:30:00;135805.0;136045.0;136165.0;135755.0;637555;168204
2024-08-15 10:40:00;136045.0;136185.0;136275.0;135990.0;509332;131239
2024-08-15 10:50:00;136180.0;136110.0;136190.0;136045.0;257753;70433
2024-08-15 11:00:00;136115.0;136180.0;136225.0;136020.0;393232;101522
2024-08-15 11:10:00;136180.0;136210.0;136225.0;136090.0;268678;70818
2024-08-15 11:20:00;136205.0;136310.0;136320.0;136160.0;243512;60509
2024-08-15 11:30:00;136310.0;136275.0;136335.0;136250.0;200217;50844
2024-08-15 11:40:00;136275.0;136375.0;136410.0;136265.0;254628;59636
2024-08-15 11:50:00;136375.0;136375.0;136400.0;136230.0;322979;77713
2024-08-15 12:00:00;136375.0;136525.0;136530.0;136345.0;314803;73330
2024-08-15 12:10:00;136525.0;136550.0;136600.0;136480.0;243865;55777
2024-08-15 12:20:00;136550.0;136590.0;136605.0;136515.0;190135;45230
2024-08-15 12:30:00;136590.0;136555.0;136620.0;136535.0;153562;36326
2024-08-15 12:40:00;136550.0;136555.0;136580.0;136485.0;163354;40058
2024-08-15 12:50:00;136555.0;136575.0;136610.0;136545.0;119224;28439
2024-08-16 10:00:00;136975.0;136965.0;137010.0;136820.0;431920;115091
2024-08-16 10:10:00;136960.0;136815.0;137000.0;136790.0;386375;101841
2024-08-16 10:20:00;136820.0;136955.0;137000.0;136795.0;327892;88766
2024-08-16 10:30:00;136960.0;136825.0;136995.0;136810.0;414772;109007
2024-08-16 10:40:00;136820.0;136855.0;136930.0;136795.0;295018;79764
2024-08-16 10:50:00;136855.0;136870.0;136910.0;136750.0;327728;89354
2024-08-16 11:00:00;136870.0;136840.0;136950.0;136800.0;265820;71831
2024-08-16 11:10:00;136845.0;136595.0;136845.0;136590.0;471054;122102
2024-08-16 11:20:00;136595.0;136590.0;136640.0;136545.0;290601;73065
2024-08-16 11:30:00;136595.0;136545.0;136760.0;136535.0;442938;114500
2024-08-16 11:40:00;136550.0;136345.0;136590.0;136280.0;589036;149682
2024-08-16 11:50:00;136350.0;136405.0;136485.0;136340.0;348197;87804
2024-08-16 12:00:00;136410.0;136405.0;136455.0;136290.0;273715;67929
2024-08-16 12:10:00;136405.0;136390.0;136480.0;136355.0;186754;45399
2024-08-16 12:20:00;136390.0;136370.0;136405.0;136260.0;253607;60277
2024-08-16 12:30:00;136370.0;136370.0;136415.0;136320.0;172981;42996
2024-08-16 12:40:00;136370.0;136465.0;136490.0;136345.0;154620;39368
2024-08-16 12:50:00;136460.0;136450.0;136510.0;136390.0;200856;48316
2024-08-19 10:00:00;136635.0;136685.0;136840.0;136615.0;550910;151568
2024-08-19 10:10:00;136690.0;136780.0;136885.0;136635.0;493438;136751
2024-08-19 10:20:00;136780.0;136885.0;136900.0;136770.0;329582;87837
2024-08-19 10:30:00;136880.0;136995.0;137010.0;136740.0;643866;168530
2024-08-19 10:40:00;136995.0;137045.0;137050.0;136925.0;353719;95186
2024-08-19 10:50:00;137040.0;137290.0;137345.0;137020.0;565328;143296
2024-08-19 11:00:00;137295.0;137355.0;137380.0;137240.0;343042;85232
2024-08-19 11:10:00;137360.0;137365.0;137395.0;137240.0;361751;89234
2024-08-19 11:20:00;137365.0;137410.0;137490.0;137360.0;363594;87977
2024-08-19 11:30:00;137410.0;137405.0;137500.0;137365.0;249682;63444
2024-08-19 11:40:00;137405.0;137365.0;137420.0;137305.0;255128;66259
2024-08-19 11:50:00;137365.0;137440.0;137495.0;137355.0;265209;66346
2024-08-19 12:00:00;137435.0;137395.0;137450.0;137365.0;167190;44012
2024-08-19 12:10:00;137395.0;137525.0;137545.0;137380.0;304242;73451
2024-08-19 12:20:00;137520.0;137550.0;137560.0;137490.0;146384;36903
2024-08-19 12:30:00;137545.0;137700.0;137735.0;137525.0;329809;74753
2024-08-19 12:40:00;137700.0;137720.0;137745.0;137675.0;152928;34174
2024-08-19 12:50:00;137725.0;137720.0;137805.0;137695.0;246896;57896
2024-08-20 10:00:00;138200.0;138255.0;138305.0;138035.0;603891;164358
2024-08-20 10:10:00;138255.0;138065.0;138275.0;137980.0;556894;151555
2024-08-20 10:20:00;138065.0;137950.0;138120.0;137920.0;417188;114326
2024-08-20 10:30:00;137950.0;137845.0;138010.0;137730.0;711374;190958
2024-08-20 10:40:00;137845.0;137665.0;137965.0;137655.0;530122;142134
2024-08-20 10:50:00;137665.0;137705.0;137785.0;137570.0;541401;144482
2024-08-20 11:00:00;137705.0;137610.0;137730.0;137555.0;328502;87852
2024-08-20 11:10:00;137615.0;137630.0;137685.0;137525.0;321552;83320
2024-08-20 11:20:00;137635.0;137480.0;137650.0;137465.0;302013;78733
2024-08-20 11:30:00;137475.0;137495.0;137560.0;137405.0;313429;79509
2024-08-20 11:40:00;137495.0;137570.0;137610.0;137455.0;237451;64066
2024-08-20 11:50:00;137575.0;137705.0;137710.0;137535.0;299061;74714
2024-08-20 12:00:00;137710.0;137835.0;137920.0;137665.0;465200;116957
2024-08-20 12:10:00;137835.0;137875.0;137875.0;137790.0;158197;43176
2024-08-20 12:20:00;137875.0;137940.0;137940.0;137865.0;205362;52383
2024-08-20 12:30:00;137940.0;137910.0;138010.0;137905.0;209315;54030
2024-08-20 12:40:00;137910.0;137935.0;137945.0;137835.0;210464;54920
2024-08-20 12:50:00;137935.0;137930.0;137975.0;137820.0;230284;60820
2024-08-21 10:00:00;138660.0;138525.0;138690.0;138515.0;384334;104537
2024-08-21 10:10:00;138530.0;138610.0;138720.0;138505.0;431633;120924
2024-08-21 10:20:00;138610.0;138945.0;139000.0;138590.0;680266;183800
2024-08-21 10:30:00;138940.0;138750.0;138990.0;138740.0;539078;146134
2024-08-21 10:40:00;138750.0;138965.0;138985.0;138735.0;451158;123280
2024-08-21 10:50:00;138960.0;138835.0;139085.0;138795.0;543832;146579
2024-08-21 11:00:00;138840.0;138500.0;138915.0;138490.0;550165;153775
2024-08-21 11:10:00;138500.0;138710.0;138720.0;138490.0;468381;128186
2024-08-21 11:20:00;138710.0;138605.0;138720.0;138540.0;291467;85329
2024-08-21 11:30:00;138600.0;138610.0;138665.0;138570.0;211923;61769
2024-08-21 11:40:00;138610.0;138580.0;138805.0;138575.0;457170;121691
2024-08-21 11:50:00;138580.0;138505.0;138605.0;138415.0;470567;118871
2024-08-21 12:00:00;138505.0;138475.0;138545.0;138440.0;182553;48601
2024-08-21 12:10:00;138470.0;138555.0;138560.0;138470.0;195727;49223
2024-08-21 12:20:00;138555.0;138635.0;138670.0;138525.0;209158;57386
2024-08-21 12:30:00;138635.0;138625.0;138670.0;138580.0;157869;39158
2024-08-21 12:40:00;138620.0;138490.0;138655.0;138485.0;168326;44687
2024-08-21 12:50:00;138490.0;138375.0;138490.0;138330.0;259949;67316
2024-08-22 10:00:00;138170.0;138280.0;138280.0;138105.0;405623;116651
2024-08-22 10:10:00;138280.0;138065.0;138340.0;137995.0;633103;178167
2024-08-22 10:20:00;138065.0;137865.0;138080.0;137855.0;457760;118570
2024-08-22 10:30:00;137865.0;137800.0;137940.0;137720.0;625811;163810
2024-08-22 10:40:00;137805.0;137865.0;137960.0;137775.0;349468;93483
2024-08-22 10:50:00;137870.0;137715.0;137880.0;137640.0;413916;112765
2024-08-22 11:00:00;137720.0;137665.0;137880.0;137625.0;461897;125839
2024-08-22 11:10:00;137665.0;137620.0;137730.0;137605.0;241777;70804
2024-08-22 11:20:00;137625.0;137550.0;137625.0;137470.0;377129;96143
2024-08-22 11:30:00;137555.0;137605.0;137615.0;137475.0;271798;73018
2024-08-22 11:40:00;137605.0;137570.0;137695.0;137510.0;354097;92661
2024-08-22 11:50:00;137575.0;137640.0;137745.0;137565.0;258408;68929
2024-08-22 12:00:00;137645.0;137500.0;137725.0;137490.0;317634;80830
2024-08-22 12:10:00;137500.0;137290.0;137520.0;137255.0;438115;108771
2024-08-22 12:20:00;137290.0;137250.0;137325.0;137225.0;234199;61384
2024-08-22 12:30:00;137250.0;137140.0;137265.0;137115.0;334416;81938
2024-08-22 12:40:00;137135.0;137085.0;137180.0;137040.0;323454;80240
2024-08-22 12:50:00;137085.0;137080.0;137135.0;137025.0;177138;44421
2024-08-23 10:00:00;137660.0;137610.0;137740.0;137580.0;396986;112147
2024-08-23 10:10:00;137610.0;137770.0;137770.0;137540.0;401874;112394
2024-08-23 10:20:00;137770.0;137735.0;137910.0;137660.0;500632;137997
2024-08-23 10:30:00;137735.0;137660.0;137885.0;137545.0;433786;117188
2024-08-23 10:40:00;137655.0;137440.0;137825.0;137425.0;416558;114634
2024-08-23 10:50:00;137440.0;137485.0;137585.0;137320.0;491854;133083
2024-08-23 11:00:00;137485.0;138030.0;138145.0;137435.0;879263;236523
2024-08-23 11:10:00;138030.0;137940.0;138115.0;137775.0;494304;150851
2024-08-23 11:20:00;137935.0;138235.0;138305.0;137905.0;458585;128649
2024-08-23 11:30:00;138225.0;138235.0;138345.0;138180.0;360998;100702
2024-08-23 11:40:00;138230.0;138060.0;138295.0;138030.0;319896;86691
2024-08-23 11:50:00;138055.0;138325.0;138345.0;137930.0;432732;113978
2024-08-23 12:00:00;138325.0;138250.0;138485.0;138235.0;359774;92595
2024-08-23 12:10:00;138255.0;138430.0;138460.0;138150.0;361999;91039
2024-08-23 12:20:00;138430.0;138385.0;138470.0;138360.0;148302;38312
2024-08-23 12:30:00;138380.0;138350.0;138410.0;138295.0;183382;46315
2024-08-23 12:40:00;138345.0;138270.0;138455.0;138260.0;213369;54263
2024-08-23 12:50:00;138265.0;138205.0;138280.0;138175.0;181064;45302
2024-08-26 10:00:00;138290.0;137910.0;138310.0;137865.0;589565;171085
2024-08-26 10:10:00;137905.0;138075.0;138115.0;137830.0;562152;164197
2024-08-26 10:20:00;138075.0;137810.0;138085.0;137795.0;484772;134480
2024-08-26 10:30:00;137815.0;138325.0;138445.0;137785.0;817705;223120
2024-08-26 10:40:00;138325.0;138585.0;138670.0;138260.0;712379;194531
2024-08-26 10:50:00;138585.0;138545.0;138620.0;138380.0;455066;127866
2024-08-26 11:00:00;138545.0;138520.0;138645.0;138440.0;319144;94062
2024-08-26 11:10:00;138520.0;138750.0;138790.0;138500.0;409704;115550
2024-08-26 11:20:00;138750.0;138755.0;138780.0;138655.0;261207;70864
2024-08-26 11:30:00;138760.0;138490.0;138760.0;138475.0;369559;103953
2024-08-26 11:40:00;138485.0;138500.0;138540.0;138355.0;405226;106760
2024-08-26 11:50:00;138495.0;138440.0;138560.0;138380.0;266792;71348
2024-08-26 12:00:00;138440.0;138410.0;138490.0;138390.0;154742;44539
2024-08-26 12:10:00;138410.0;138210.0;138420.0;138150.0;346394;92094
2024-08-26 12:20:00;138205.0;138460.0;138480.0;138150.0;292697;75868
2024-08-26 12:30:00;138460.0;138405.0;138550.0;138285.0;352336;91465
2024-08-26 12:40:00;138405.0;138465.0;138505.0;138405.0;172584;46799
2024-08-26 12:50:00;138465.0;138495.0;138540.0;138370.0;232804;61900
2024-08-27 10:00:00;138950.0;138825.0;138965.0;138810.0;499146;135299
2024-08-27 10:10:00;138830.0;138685.0;138895.0;138660.0;519564;137467
2024-08-27 10:20:00;138690.0;138705.0;138790.0;138585.0;540981;142702
2024-08-27 10:30:00;138705.0;138815.0;138920.0;138650.0;697163;180922
2024-08-27 10:40:00;138820.0;138515.0;138835.0;138460.0;617308;160736
2024-08-27 10:50:00;138515.0;138665.0;138740.0;138485.0;409074;108951
2024-08-27 11:00:00;138670.0;138605.0;138720.0;138535.0;390097;104129
2024-08-27 11:10:00;138605.0;138770.0;138795.0;138595.0;337056;91399
2024-08-27 11:20:00;138775.0;139055.0;139070.0;138730.0;500982;125289
2024-08-27 11:30:00;139050.0;138835.0;139060.0;138800.0;436782;107309
2024-08-27 11:40:00;138835.0;138860.0;138925.0;138795.0;268155;66972
2024-08-27 11:50:00;138855.0;138890.0;138975.0;138835.0;238571;60457
2024-08-27 12:00:00;138890.0;139035.0;139050.0;138845.0;316074;77451
2024-08-27 12:10:00;139030.0;138905.0;139060.0;138855.0;338518;84273
2024-08-27 12:20:00;138910.0;138815.0;138915.0;138810.0;188947;48396
2024-08-27 12:30:00;138815.0;138705.0;138875.0;138705.0;267509;66412
2024-08-27 12:40:00;138705.0;138775.0;138805.0;138695.0;200819;49675
2024-08-27 12:50:00;138775.0;138725.0;138805.0;138700.0;122652;30450
2024-08-28 10:00:00;137960.0;137870.0;137995.0;137835.0;444458;121564
2024-08-28 10:10:00;137870.0;138060.0;138115.0;137840.0;466244;124244
2024-08-28 10:20:00;138065.0;137830.0;138080.0;137780.0;757577;194846
2024-08-28 10:30:00;137830.0;137700.0;137860.0;137520.0;716294;184588
2024-08-28 10:40:00;137705.0;137940.0;137950.0;137690.0;554554;145707
2024-08-28 10:50:00;137940.0;137835.0;138015.0;137760.0;532521;144875
2024-08-28 11:00:00;137840.0;138025.0;138060.0;137810.0;390722;103976
2024-08-28 11:10:00;138025.0;138210.0;138225.0;137965.0;429979;110125
2024-08-28 11:20:00;138210.0;138450.0;138455.0;138150.0;518202;126857
2024-08-28 11:30:00;138455.0;138580.0;138595.0;138390.0;504633;118006
2024-08-28 11:40:00;138575.0;138420.0;138610.0;138405.0;353677;86397
2024-08-28 11:50:00;138420.0;138450.0;138525.0;138380.0;289168;72489
2024-08-28 12:00:00;138450.0;138415.0;138490.0;138360.0;252810;62039
2024-08-28 12:10:00;138420.0;138390.0;138450.0;138315.0;265631;67018
2024-08-28 12:20:00;138385.0;138270.0;138415.0;138155.0;330057;78747
2024-08-28 12:30:00;138270.0;138430.0;138470.0;138205.0;300971;71713
2024-08-28 12:40:00;138425.0;138490.0;138500.0;138400.0;156309;40268
2024-08-28 12:50:00;138485.0;138510.0;138585.0;138485.0;195481;47769
2024-08-29 10:00:00;138865.0;138660.0;138870.0;138595.0;479706;118948
2024-08-29 10:10:00;138655.0;138490.0;138770.0;138475.0;555217;140315
2024-08-29 10:20:00;138495.0;138390.0;138515.0;138180.0;719356;172279
2024-08-29 10:30:00;138390.0;138285.0;138470.0;138235.0;595493;145763
2024-08-29 10:40:00;138285.0;138265.0;138415.0;138120.0;586539;150768
2024-08-29 10:50:00;138265.0;138405.0;138480.0;138210.0;397564;101151
2024-08-29 11:00:00;138405.0;138275.0;138460.0;138200.0;501342;124715
2024-08-29 11:10:00;138275.0;138170.0;138310.0;138130.0;397247;95848
2024-08-29 11:20:00;138175.0;138005.0;138215.0;138005.0;432920;103860
2024-08-29 11:30:00;138005.0;138015.0;138030.0;137825.0;539343;126929
2024-08-29 11:40:00;138020.0;137995.0;138095.0;137935.0;390612;92783
2024-08-29 11:50:00;137990.0;137995.0;138095.0;137935.0;328863;74026
2024-08-29 12:00:00;137990.0;137925.0;138010.0;137865.0;252545;60215
2024-08-29 12:10:00;137920.0;137910.0;137965.0;137810.0;318271;72265
2024-08-29 12:20:00;137905.0;137850.0;137930.0;137835.0;169960;38184
2024-08-29 12:30:00;137845.0;137825.0;137870.0;137700.0;349209;83407
2024-08-29 12:40:00;137825.0;137790.0;137865.0;137765.0;176681;44233
2024-08-29 12:50:00;137795.0;137750.0;137840.0;137730.0;166714;39125
2024-08-30 10:00:00;136945.0;136740.0;136950.0;136570.0;700797;177440
2024-08-30 10:10:00;136745.0;136650.0;136900.0;136585.0;584307;164203
2024-08-30 10:20:00;136650.0;136655.0;136745.0;136500.0;486221;135438
2024-08-30 10:30:00;136650.0;136955.0;136990.0;136585.0;501489;144668
2024-08-30 10:40:00;136955.0;137010.0;137020.0;136865.0;346551;93122
2024-08-30 10:50:00;137005.0;136980.0;137170.0;136950.0;434832;117466
2024-08-30 11:00:00;136980.0;137320.0;137320.0;136930.0;467205;129074
2024-08-30 11:10:00;137320.0;137395.0;137420.0;137080.0;569055;147742
2024-08-30 11:20:00;137395.0;137235.0;137485.0;137185.0;375843;98221
2024-08-30 11:30:00;137230.0;137450.0;137495.0;137205.0;581211;153511
2024-08-30 11:40:00;137455.0;137695.0;137700.0;137415.0;578281;151282
2024-08-30 11:50:00;137695.0;137655.0;137860.0;137600.0;557704;145459
2024-08-30 12:00:00;137650.0;137655.0;137740.0;137585.0;275067;72563
2024-08-30 12:10:00;137655.0;137750.0;137830.0;137605.0;282957;71718
2024-08-30 12:20:00;137750.0;137675.0;137860.0;137665.0;218610;56709
2024-08-30 12:30:00;137675.0;137600.0;137715.0;137570.0;246747;62798
2024-08-30 12:40:00;137595.0;137455.0;137670.0;137415.0;297029;74563
2024-08-30 12:50:00;137460.0;137355.0;137560.0;137345.0;363885;90261
2024-09-02 10:00:00;137090.0;137110.0;137325.0;137040.0;553981;167182
2024-09-02 10:10:00;137110.0;136750.0;137145.0;136740.0;694294;204364
2024-09-02 10:20:00;136755.0;136580.0;136875.0;136560.0;500146;136665
2024-09-02 10:30:00;136585.0;136720.0;136790.0;136540.0;429911;111754
2024-09-02 10:40:00;136720.0;136420.0;136725.0;136320.0;474253;128495
2024-09-02 10:50:00;136415.0;136320.0;136485.0;136260.0;396315;105791
2024-09-02 11:00:00;136320.0;136235.0;136325.0;136160.0;389568;96933
2024-09-02 11:10:00;136230.0;136260.0;136375.0;136200.0;252385;68450
2024-09-02 11:20:00;136255.0;136450.0;136450.0;136125.0;426743;113161
2024-09-02 11:30:00;136450.0;136185.0;136450.0;136180.0;339243;86841
2024-09-02 11:40:00;136185.0;136275.0;136420.0;136185.0;300018;79662
2024-09-02 11:50:00;136280.0;136395.0;136570.0;136270.0;343107;88955
2024-09-02 12:00:00;136390.0;136450.0;136520.0;136340.0;243710;63010
2024-09-02 12:10:00;136445.0;136535.0;136555.0;136400.0;150079;39922
2024-09-02 12:20:00;136535.0;136450.0;136590.0;136445.0;176096;46189
2024-09-02 12:30:00;136450.0;136500.0;136515.0;136415.0;148105;38517
2024-09-02 12:40:00;136500.0;136425.0;136500.0;136380.0;128384;32927
2024-09-02 12:50:00;136430.0;136460.0;136480.0;136390.0;113007;28580
2024-09-03 10:00:00;136375.0;136515.0;136590.0;136335.0;489768;131757
2024-09-03 10:10:00;136515.0;136335.0;136570.0;136230.0;803897;209052
2024-09-03 10:20:00;136335.0;136525.0;136540.0;136215.0;506541;129548
2024-09-03 10:30:00;136525.0;136265.0;136550.0;136220.0;616257;161381
2024-09-03 10:40:00;136265.0;136280.0;136320.0;136110.0;497085;130117
2024-09-03 10:50:00;136280.0;136070.0;136300.0;135905.0;574397;150958
2024-09-03 11:00:00;136070.0;135980.0;136110.0;135795.0;606846;164219
2024-09-03 11:10:00;135980.0;135980.0;136030.0;135855.0;358358;95186
2024-09-03 11:20:00;135980.0;136415.0;136495.0;135970.0;665877;170726
2024-09-03 11:30:00;136410.0;136280.0;136555.0;136265.0;565187;144289
2024-09-03 11:40:00;136280.0;136245.0;136325.0;136120.0;468573;117578
2024-09-03 11:50:00;136240.0;136130.0;136285.0;136100.0;323331;88348
2024-09-03 12:00:00;136130.0;136230.0;136310.0;135980.0;439244;117708
2024-09-03 12:10:00;136230.0;136125.0;136245.0;136100.0;225701;61243
2024-09-03 12:20:00;136125.0;136075.0;136145.0;135990.0;236584;62087
2024-09-03 12:30:00;136070.0;136050.0;136120.0;136015.0;156463;42416
2024-09-03 12:40:00;136045.0;136010.0;136060.0;135905.0;245744;63951
2024-09-03 12:50:00;136010.0;135900.0;136070.0;135895.0;226076;58129
2024-09-04 10:00:00;136520.0;136485.0;136560.0;136445.0;356326;101502
2024-09-04 10:10:00;136480.0;136800.0;136940.0;136415.0;781620;221503
2024-09-04 10:20:00;136800.0;136935.0;137085.0;136750.0;643505;175217
2024-09-04 10:30:00;136940.0;137390.0;137465.0;136890.0;787307;201609
2024-09-04 10:40:00;137395.0;137610.0;137630.0;137335.0;535050;127395
2024-09-04 10:50:00;137610.0;137635.0;137765.0;137555.0;440616;101733
2024-09-04 11:00:00;137640.0;137895.0;137935.0;137480.0;766652;193439
2024-09-04 11:10:00;137895.0;137670.0;137905.0;137625.0;379579;98881
2024-09-04 11:20:00;137670.0;137800.0;137920.0;137660.0;419228;106212
2024-09-04 11:30:00;137805.0;137945.0;137975.0;137750.0;334602;81543
2024-09-04 11:40:00;137950.0;138055.0;138130.0;137945.0;411044;95016
2024-09-04 11:50:00;138055.0;138395.0;138460.0;138015.0;490374;110566
2024-09-04 12:00:00;138400.0;138335.0;138425.0;138310.0;305598;71145
2024-09-04 12:10:00;138335.0;138315.0;138345.0;138205.0;257578;61717
2024-09-04 12:20:00;138320.0;138230.0;138335.0;138225.0;158488;39867
2024-09-04 12:30:00;138230.0;138215.0;138325.0;138125.0;309066;77937
2024-09-04 12:40:00;138215.0;138175.0;138255.0;138155.0;143520;36095
2024-09-04 12:50:00;138175.0;138100.0;138200.0;138090.0;151624;37897
2024-09-05 10:00:00;137540.0;137555.0;137640.0;137440.0;528483;148472
2024-09-05 10:10:00;137555.0;137535.0;137615.0;137350.0;549449;154082
2024-09-05 10:20:00;137540.0;137740.0;137880.0;137515.0;535883;148038
2024-09-05 10:30:00;137740.0;137695.0;137815.0;137500.0;627450;177810
2024-09-05 10:40:00;137695.0;137830.0;138020.0;137650.0;538903;152046
2024-09-05 10:50:00;137830.0;137765.0;138005.0;137650.0;398594;115906
2024-09-05 11:00:00;137760.0;137760.0;137925.0;137655.0;487356;132915
2024-09-05 11:10:00;137760.0;137775.0;137940.0;137675.0;411534;110669
2024-09-05 11:20:00;137775.0;137740.0;137860.0;137705.0;210475;57116
2024-09-05 11:30:00;137745.0;137855.0;137865.0;137700.0;185940;50909
2024-09-05 11:40:00;137850.0;137555.0;137855.0;137545.0;355513;95063
2024-09-05 11:50:00;137560.0;137595.0;137610.0;137465.0;280846;74984
2024-09-05 12:00:00;137600.0;137725.0;137755.0;137485.0;321303;83066
2024-09-05 12:10:00;137725.0;137625.0;137750.0;137585.0;225334;60879
2024-09-05 12:20:00;137620.0;137490.0;137675.0;137485.0;200662;53033
2024-09-05 12:30:00;137495.0;137585.0;137625.0;137485.0;184785;48651
2024-09-05 12:40:00;137585.0;137665.0;137670.0;137510.0;186642;48506
2024-09-05 12:50:00;137665.0;137520.0;137730.0;137515.0;229470;58702
2024-09-06 10:00:00;138135.0;137735.0;138170.0;137595.0;651597;196780
2024-09-06 10:10:00;137740.0;137525.0;138100.0;137475.0;711476;213983
2024-09-06 10:20:00;137520.0;137865.0;137885.0;137290.0;705611;213785
2024-09-06 10:30:00;137860.0;137545.0;137990.0;137525.0;577334;175298
2024-09-06 10:40:00;137540.0;137585.0;137640.0;137380.0;456294;143852
2024-09-06 10:50:00;137590.0;137415.0;137750.0;137410.0;400815;122543
2024-09-06 11:00:00;137415.0;137360.0;137465.0;137190.0;463271;131556
2024-09-06 11:10:00;137360.0;137370.0;137515.0;137215.0;407886;117365
2024-09-06 11:20:00;137365.0;137220.0;137545.0;137210.0;375053;108962
2024-09-06 11:30:00;137215.0;136920.0;137245.0;136860.0;519209;135971
2024-09-06 11:40:00;136925.0;136705.0;137035.0;136675.0;418678;103488
2024-09-06 11:50:00;136700.0;136585.0;136735.0;136515.0;394029;89255
2024-09-06 12:00:00;136590.0;136715.0;137015.0;136565.0;638878;162714
2024-09-06 12:10:00;136715.0;136495.0;136810.0;136450.0;405196;101670
2024-09-06 12:20:00;136495.0;136415.0;136555.0;136395.0;279148;72635
2024-09-06 12:30:00;136415.0;136560.0;136575.0;136395.0;239409;62213
2024-09-06 12:40:00;136560.0;136315.0;136590.0;136265.0;324515;81451
2024-09-06 12:50:00;136320.0;136280.0;136370.0;136230.0;186115;48932
2024-09-09 10:00:00;136065.0;135990.0;136195.0;135860.0;578719;172834
2024-09-09 10:10:00;135995.0;136220.0;136260.0;135975.0;611242;181274
2024-09-09 10:20:00;136220.0;136190.0;136255.0;136010.0;465051;139921
2024-09-09 10:30:00;136190.0;136165.0;136355.0;136025.0;538374;160114
2024-09-09 10:40:00;136160.0;136305.0;136335.0;136065.0;367752;108394
2024-09-09 10:50:00;136305.0;136425.0;136520.0;136270.0;445819;133805
2024-09-09 11:00:00;136425.0;136455.0;136595.0;136340.0;428049;120464
2024-09-09 11:10:00;136450.0;136500.0;136520.0;136365.0;280021;80294
2024-09-09 11:20:00;136500.0;136390.0;136530.0;136365.0;243585;66563
2024-09-09 11:30:00;136390.0;136465.0;136520.0;136270.0;420065;114737
2024-09-09 11:40:00;136470.0;136365.0;136520.0;136345.0;244313;65997
2024-09-09 11:50:00;136365.0;136390.0;136440.0;136300.0;245836;63373
2024-09-09 12:00:00;136385.0;136350.0;136430.0;136340.0;139594;37095
2024-09-09 12:10:00;136350.0;136295.0;136395.0;136255.0;167457;45555
2024-09-09 12:20:00;136290.0;136170.0;136335.0;136145.0;218300;59212
2024-09-09 12:30:00;136165.0;136155.0;136240.0;136130.0;165080;44008
2024-09-09 12:40:00;136155.0;136170.0;136210.0;136120.0;125224;33353
2024-09-09 12:50:00;136170.0;136205.0;136220.0;136130.0;89491;24470
2024-09-10 10:00:00;135455.0;135505.0;135585.0;135360.0;505447;142717
2024-09-10 10:10:00;135500.0;135685.0;135715.0;135390.0;390103;114671
2024-09-10 10:20:00;135685.0;135670.0;135745.0;135525.0;458937;120766
2024-09-10 10:30:00;135670.0;135765.0;135835.0;135535.0;548570;154738
2024-09-10 10:40:00;135765.0;135530.0;135825.0;135485.0;431153;122459
2024-09-10 10:50:00;135525.0;135270.0;135535.0;135265.0;475484;133950
2024-09-10 11:00:00;135270.0;135390.0;135435.0;135130.0;577417;156213
2024-09-10 11:10:00;135385.0;135175.0;135395.0;135150.0;397712;105042
2024-09-10 11:20:00;135180.0;135115.0;135265.0;135090.0;350127;92181
2024-09-10 11:30:00;135115.0;135185.0;135220.0;135035.0;326655;87731
2024-09-10 11:40:00;135180.0;135300.0;135310.0;135155.0;233167;63430
2024-09-10 11:50:00;135295.0;135230.0;135340.0;135180.0;268855;71031
2024-09-10 12:00:00;135230.0;135230.0;135280.0;135165.0;156047;44492
2024-09-10 12:10:00;135230.0;135270.0;135290.0;135200.0;124541;33710
2024-09-10 12:20:00;135270.0;135435.0;135450.0;135265.0;237837;64309
2024-09-10 12:30:00;135435.0;135415.0;135510.0;135395.0;218013;56544
2024-09-10 12:40:00;135415.0;135370.0;135465.0;135360.0;151013;43769
2024-09-10 12:50:00;135375.0;135240.0;135385.0;135225.0;193034;53290
2024-09-11 10:00:00;135905.0;136110.0;136255.0;135895.0;681574;196638
2024-09-11 10:10:00;136110.0;135780.0;136310.0;135760.0;766867;221148
2024-09-11 10:20:00;135780.0;135750.0;135885.0;135665.0;510473;139826
2024-09-11 10:30:00;135745.0;135590.0;135800.0;135435.0;784586;211418
2024-09-11 10:40:00;135585.0;135670.0;135860.0;135520.0;501724;140076
2024-09-11 10:50:00;135660.0;135590.0;135750.0;135515.0;445631;125677
2024-09-11 11:00:00;135595.0;135765.0;135825.0;135500.0;535003;144334
2024-09-11 11:10:00;135765.0;135515.0;135940.0;135490.0;536557;148059
2024-09-11 11:20:00;135515.0;135505.0;135675.0;135495.0;328612;88904
2024-09-11 11:30:00;135505.0;135205.0;135510.0;135160.0;530421;137169
2024-09-11 11:40:00;135210.0;135145.0;135230.0;135015.0;355176;97534
2024-09-11 11:50:00;135140.0;135230.0;135245.0;135045.0;321397;84390
2024-09-11 12:00:00;135235.0;135295.0;135360.0;135165.0;308171;79292
2024-09-11 12:10:00;135290.0;135320.0;135455.0;135255.0;265159;67402
2024-09-11 12:20:00;135320.0;135340.0;135410.0;135305.0;150686;39424
2024-09-11 12:30:00;135340.0;135490.0;135495.0;135275.0;202957;53651
2024-09-11 12:40:00;135485.0;135625.0;135635.0;135430.0;257039;72108
2024-09-11 12:50:00;135620.0;135690.0;135725.0;135550.0;265878;71214
2024-09-12 10:00:00;135595.0;135470.0;135610.0;135405.0;376147;102487
2024-09-12 10:10:00;135465.0;135435.0;135540.0;135370.0;371633;103238
2024-09-12 10:20:00;135435.0;135250.0;135455.0;135180.0;491867;126176
2024-09-12 10:30:00;135250.0;135550.0;135665.0;135195.0;696359;188999
2024-09-12 10:40:00;135555.0;135255.0;135650.0;135240.0;535301;150255
2024-09-12 10:50:00;135255.0;135165.0;135260.0;135115.0;388404;102227
2024-09-12 11:00:00;135165.0;135160.0;135245.0;135035.0;497378;126193
2024-09-12 11:10:00;135160.0;135160.0;135325.0;135090.0;410540;105753
2024-09-12 11:20:00;135165.0;134915.0;135170.0;134905.0;432284;106054
2024-09-12 11:30:00;134910.0;134790.0;134925.0;134725.0;475173;115266
2024-09-12 11:40:00;134795.0;134935.0;134945.0;134760.0;273399;69783
2024-09-12 11:50:00;134940.0;134800.0;134950.0;134790.0;284364;67974
2024-09-12 12:00:00;134800.0;134885.0;134895.0;134750.0;257265;58274
2024-09-12 12:10:00;134880.0;135120.0;135165.0;134875.0;366594;90846
2024-09-12 12:20:00;135125.0;135170.0;135185.0;135085.0;190542;46655
2024-09-12 12:30:00;135175.0;135095.0;135185.0;135070.0;154976;37971
2024-09-12 12:40:00;135095.0;135130.0;135180.0;135090.0;131412;33579
2024-09-12 12:50:00;135130.0;134990.0;135150.0;134975.0;214411;54455
2024-09-13 10:00:00;135705.0;136105.0;136155.0;135695.0;686585;190418
2024-09-13 10:10:00;136105.0;136340.0;136395.0;135960.0;661235;191459
2024-09-13 10:20:00;136340.0;136600.0;136630.0;136220.0;582074;169713
2024-09-13 10:30:00;136600.0;136670.0;136750.0;136550.0;431112;121108
2024-09-13 10:40:00;136675.0;136770.0;136855.0;136610.0;470285;129618
2024-09-13 10:50:00;136770.0;136870.0;136995.0;136725.0;411122;105677
2024-09-13 11:00:00;136870.0;136640.0;136900.0;136635.0;365242;98457
2024-09-13 11:10:00;136640.0;136670.0;136700.0;136530.0;414139;107193
2024-09-13 11:20:00;136670.0;136740.0;136760.0;136615.0;288320;77820
2024-09-13 11:30:00;136740.0;136870.0;136890.0;136735.0;385816;102874
2024-09-13 11:40:00;136865.0;136930.0;137070.0;136815.0;398615;104075
2024-09-13 11:50:00;136930.0;137025.0;137085.0;136895.0;266955;71020
2024-09-13 12:00:00;137025.0;136910.0;137030.0;136855.0;217086;60294
2024-09-13 12:10:00;136915.0;136910.0;136950.0;136845.0;150540;38216
2024-09-13 12:20:00;136905.0;136740.0;136910.0;136715.0;174993;46942
2024-09-13 12:30:00;136740.0;136785.0;136800.0;136645.0;233548;55346
2024-09-13 12:40:00;136785.0;136795.0;136870.0;136750.0;159743;36854
2024-09-13 12:50:00;136795.0;136845.0;136850.0;136780.0;98342;24447
2024-09-16 10:00:00;136255.0;136265.0;136535.0;136180.0;707264;204530
2024-09-16 10:10:00;136260.0;136530.0;136800.0;136225.0;746707;225621
2024-09-16 10:20:00;136530.0;136610.0;136760.0;136365.0;474595;145329
2024-09-16 10:30:00;136615.0;136760.0;136885.0;136530.0;556529;160076
2024-09-16 10:40:00;136765.0;136565.0;136765.0;136420.0;397768;116318
2024-09-16 10:50:00;136570.0;136655.0;136675.0;136450.0;296389;86873
2024-09-16 11:00:00;136660.0;136660.0;136755.0;136545.0;386197;106049
2024-09-16 11:10:00;136660.0;136500.0;136670.0;136455.0;281320;76972
2024-09-16 11:20:00;136495.0;136435.0;136545.0;136405.0;236074;65280
2024-09-16 11:30:00;136430.0;136395.0;136515.0;136270.0;451869;113794
2024-09-16 11:40:00;136395.0;136395.0;136440.0;136300.0;243518;63877
2024-09-16 11:50:00;136395.0;136365.0;136425.0;136310.0;174273;47313
2024-09-16 12:00:00;136360.0;136315.0;136385.0;136300.0;131640;35306
2024-09-16 12:10:00;136310.0;136215.0;136420.0;136185.0;269473;72017
2024-09-16 12:20:00;136220.0;136160.0;136245.0;136105.0;219683;56087
2024-09-16 12:30:00;136160.0;136170.0;136200.0;136115.0;96183;27693
2024-09-16 12:40:00;136170.0;136185.0;136285.0;136150.0;180854;47509
2024-09-16 12:50:00;136190.0;136055.0;136210.0;136030.0;202516;55012
2024-09-17 10:00:00;135885.0;135890.0;135920.0;135770.0;434511;112943
2024-09-17 10:10:00;135895.0;135515.0;135940.0;135460.0;764112;212547
2024-09-17 10:20:00;135515.0;135440.0;135675.0;135305.0;675552;182249
2024-09-17 10:30:00;135440.0;135200.0;135450.0;135160.0;533038;140144
2024-09-17 10:40:00;135205.0;135250.0;135300.0;135165.0;324968;86642
2024-09-17 10:50:00;135255.0;135395.0;135400.0;135140.0;477484;128610
2024-09-17 11:00:00;135395.0;135615.0;135630.0;135350.0;439937;114846
2024-09-17 11:10:00;135615.0;135800.0;135975.0;135600.0;840109;205806
2024-09-17 11:20:00;135800.0;135665.0;135805.0;135655.0;314214;78072
2024-09-17 11:30:00;135660.0;135590.0;135745.0;135560.0;380937;94563
2024-09-17 11:40:00;135585.0;135500.0;135610.0;135390.0;375600;98207
2024-09-17 11:50:00;135500.0;135460.0;135570.0;135425.0;270790;71724
2024-09-17 12:00:00;135455.0;135665.0;135700.0;135420.0;318812;84595
2024-09-17 12:10:00;135665.0;135660.0;135720.0;135610.0;231700;61175
2024-09-17 12:20:00;135655.0;135735.0;135770.0;135655.0;210159;55078
2024-09-17 12:30:00;135730.0;135760.0;135785.0;135710.0;121881;33192
2024-09-17 12:40:00;135760.0;135710.0;135770.0;135670.0;153057;39452
2024-09-17 12:50:00;135715.0;135620.0;135735.0;135615.0;128618;33180
2024-09-18 10:00:00;135305.0;135275.0;135310.0;135050.0;572791;157888
2024-09-18 10:10:00;135275.0;135590.0;135620.0;135195.0;621672;180620
2024-09-18 10:20:00;135590.0;135755.0;135955.0;135535.0;821556;218713
2024-09-18 10:30:00;135750.0;135310.0;135920.0;135310.0;738446;198988
2024-09-18 10:40:00;135315.0;135335.0;135515.0;135135.0;871392;230562
2024-09-18 10:50:00;135330.0;135390.0;135490.0;135235.0;316596;90508
2024-09-18 11:00:00;135390.0;135430.0;135595.0;135345.0;395781;108647
2024-09-18 11:10:00;135430.0;135175.0;135520.0;135155.0;409804;109564
2024-09-18 11:20:00;135180.0;135080.0;135220.0;135035.0;422612;107587
2024-09-18 11:30:00;135075.0;135035.0;135110.0;134965.0;303914;78680
2024-09-18 11:40:00;135040.0;135095.0;135100.0;134965.0;292780;72712
2024-09-18 11:50:00;135095.0;135060.0;135185.0;135035.0;243682;66380
2024-09-18 12:00:00;135060.0;135005.0;135095.0;134990.0;195128;50824
2024-09-18 12:10:00;135000.0;135055.0;135090.0;134880.0;385457;93072
2024-09-18 12:20:00;135050.0;134970.0;135065.0;134940.0;147935;38145
2024-09-18 12:30:00;134970.0;134940.0;134970.0;134865.0;180571;46514
2024-09-18 12:40:00;134940.0;134885.0;134945.0;134850.0;129332;30822
2024-09-18 12:50:00;134880.0;134820.0;134905.0;134795.0;148068;37478
2024-09-19 10:00:00;135495.0;135310.0;135785.0;135285.0;671517;207416
2024-09-19 10:10:00;135310.0;135360.0;135585.0;135310.0;617010;185845
2024-09-19 10:20:00;135360.0;135430.0;135715.0;135360.0;541696;159074
2024-09-19 10:30:00;135430.0;135230.0;135530.0;135025.0;767183;225731
2024-09-19 10:40:00;135225.0;134980.0;135225.0;134870.0;584427;174611
2024-09-19 10:50:00;134985.0;134945.0;135030.0;134815.0;411953;117066
2024-09-19 11:00:00;134945.0;134790.0;135100.0;134780.0;521011;151947
2024-09-19 11:10:00;134790.0;134785.0;134950.0;134730.0;351069;101610
2024-09-19 11:20:00;134780.0;134480.0;134790.0;134475.0;384353;101681
2024-09-19 11:30:00;134480.0;134455.0;134520.0;134310.0;510210;132035
2024-09-19 11:40:00;134455.0;134545.0;134560.0;134330.0;329414;91274
2024-09-19 11:50:00;134545.0;134650.0;134675.0;134525.0;292725;80006
2024-09-19 12:00:00;134645.0;134620.0;134770.0;134580.0;309310;85833
2024-09-19 12:10:00;134615.0;134595.0;134665.0;134510.0;226237;59349
2024-09-19 12:20:00;134590.0;134735.0;134750.0;134580.0;185926;49893
2024-09-19 12:30:00;134740.0;134795.0;134825.0;134700.0;226905;60833
2024-09-19 12:40:00;134795.0;134735.0;134835.0;134700.0;200801;54265
2024-09-19 12:50:00;134730.0;134695.0;134795.0;134640.0;191454;51560
2024-09-20 10:00:00;133825.0;133945.0;133975.0;133505.0;769079;246229
2024-09-20 10:10:00;133950.0;133815.0;134060.0;133650.0;818427;244935
2024-09-20 10:20:00;133815.0;133780.0;133950.0;133530.0;642342;196940
2024-09-20 10:30:00;133775.0;133355.0;133915.0;133280.0;728450;220148
2024-09-20 10:40:00;133350.0;133215.0;133500.0;133175.0;594996;171579
2024-09-20 10:50:00;133215.0;133245.0;133340.0;133125.0;414472;118448
2024-09-20 11:00:00;133245.0;133025.0;133270.0;133010.0;466211;130242
2024-09-20 11:10:00;133025.0;132890.0;133045.0;132875.0;358812;94761
2024-09-20 11:20:00;132890.0;132815.0;132925.0;132805.0;269857;70942
2024-09-20 11:30:00;132815.0;132695.0;132870.0;132660.0;314174;80958
2024-09-20 11:40:00;132695.0;132640.0;132770.0;132585.0;272774;71612
2024-09-20 11:50:00;132635.0;132620.0;132765.0;132550.0;288523;76801
2024-09-20 12:00:00;132620.0;132630.0;132710.0;132565.0;253451;67943
2024-09-20 12:10:00;132630.0;132615.0;132725.0;132580.0;202430;55228
2024-09-20 12:20:00;132620.0;132590.0;132670.0;132510.0;266692;68904
2024-09-20 12:30:00;132590.0;132565.0;132645.0;132385.0;363767;93232
2024-09-20 12:40:00;132565.0;132600.0;132645.0;132495.0;182353;52540
2024-09-20 12:50:00;132595.0;132510.0;132670.0;132495.0;206170;54461
2024-09-23 10:00:00;131380.0;131390.0;131475.0;131235.0;469672;141670
2024-09-23 10:10:00;131390.0;131455.0;131470.0;131190.0;505392;151244
2024-09-23 10:20:00;131450.0;131240.0;131525.0;131205.0;503529;143610
2024-09-23 10:30:00;131235.0;131490.0;131750.0;131115.0;740022;208854
2024-09-23 10:40:00;131490.0;131505.0;131620.0;131380.0;437480;124105
2024-09-23 10:50:00;131505.0;131210.0;131515.0;131135.0;469936;132487
2024-09-23 11:00:00;131210.0;131145.0;131275.0;131090.0;328672;91652
2024-09-23 11:10:00;131145.0;131275.0;131345.0;131060.0;414059;119771
2024-09-23 11:20:00;131275.0;131075.0;131305.0;131025.0;306941;86140
2024-09-23 11:30:00;131075.0;131175.0;131195.0;130850.0;550518;146661
2024-09-23 11:40:00;131175.0;131350.0;131380.0;131145.0;287079;81260
2024-09-23 11:50:00;131350.0;131430.0;131585.0;131330.0;454627;118615
2024-09-23 12:00:00;131435.0;131515.0;131565.0;131390.0;273856;76821
2024-09-23 12:10:00;131515.0;131415.0;131525.0;131340.0;196385;54133
2024-09-23 12:20:00;131420.0;131400.0;131540.0;131370.0;241170;65596
2024-09-23 12:30:00;131400.0;131530.0;131555.0;131350.0;177815;48640
2024-09-23 12:40:00;131530.0;131515.0;131640.0;131470.0;216521;59212
2024-09-23 12:50:00;131510.0;131510.0;131625.0;131505.0;149259;39627
2024-09-24 10:00:00;133095.0;133160.0;133265.0;132920.0;789751;238741
2024-09-24 10:10:00;133165.0;132965.0;133185.0;132805.0;614923;195089
2024-09-24 10:20:00;132960.0;133160.0;133230.0;132905.0;548555;165163
2024-09-24 10:30:00;133165.0;133530.0;133705.0;133040.0;884542;248060
2024-09-24 10:40:00;133530.0;133655.0;133865.0;133515.0;551816;156740
2024-09-24 10:50:00;133660.0;133485.0;133745.0;133465.0;434159;123215
2024-09-24 11:00:00;133485.0;133490.0;133520.0;133285.0;533457;145265
2024-09-24 11:10:00;133485.0;133280.0;133505.0;133240.0;299116;83091
2024-09-24 11:20:00;133275.0;132975.0;133315.0;132925.0;455247;122621
2024-09-24 11:30:00;132975.0;132705.0;133000.0;132675.0;545267;135991
2024-09-24 11:40:00;132705.0;132685.0;132850.0;132650.0;360667;99186
2024-09-24 11:50:00;132685.0;132630.0;132745.0;132610.0;262676;68516
2024-09-24 12:00:00;132630.0;132560.0;132735.0;132530.0;331706;84169
2024-09-24 12:10:00;132560.0;132510.0;132585.0;132430.0;307911;78887
2024-09-24 12:20:00;132510.0;132595.0;132615.0;132335.0;340173;88152
2024-09-24 12:30:00;132600.0;132645.0;132680.0;132555.0;251502;66929
2024-09-24 12:40:00;132645.0;132820.0;132830.0;132615.0;253418;65723
2024-09-24 12:50:00;132815.0;132820.0;132895.0;132785.0;168998;45449
2024-09-25 10:00:00;133330.0;133355.0;133420.0;133175.0;550079;170492
2024-09-25 10:10:00;133360.0;133635.0;133705.0;133225.0;645871;207791
2024-09-25 10:20:00;133635.0;133155.0;133685.0;133130.0;619063;196545
2024-09-25 10:30:00;133155.0;133085.0;133275.0;132965.0;655075;197819
2024-09-25 10:40:00;133085.0;133090.0;133145.0;132910.0;461447;140095
2024-09-25 10:50:00;133095.0;132995.0;133180.0;132940.0;348973;106169
2024-09-25 11:00:00;132995.0;133145.0;133170.0;132925.0;334810;96914
2024-09-25 11:10:00;133145.0;132835.0;133145.0;132810.0;403646;113719
2024-09-25 11:20:00;132830.0;132690.0;132875.0;132595.0;501921;133229
2024-09-25 11:30:00;132690.0;133000.0;133005.0;132655.0;393162;103872
2024-09-25 11:40:00;133000.0;133030.0;133080.0;132900.0;446572;116143
2024-09-25 11:50:00;133035.0;132880.0;133120.0;132820.0;328268;92544
2024-09-25 12:00:00;132875.0;132905.0;133000.0;132835.0;233304;66680
2024-09-25 12:10:00;132910.0;132670.0;132920.0;132660.0;268293;71232
2024-09-25 12:20:00;132675.0;132440.0;132725.0;132435.0;332434;82292
2024-09-25 12:30:00;132440.0;132515.0;132545.0;132360.0;374938;90526
2024-09-25 12:40:00;132520.0;132410.0;132525.0;132325.0;247299;64250
2024-09-25 12:50:00;132410.0;132465.0;132585.0;132405.0;295468;74286
2024-09-26 10:00:00;133370.0;133365.0;133525.0;133290.0;470148;158586
2024-09-26 10:10:00;133360.0;133290.0;133485.0;133225.0;477936;158442
2024-09-26 10:20:00;133290.0;133145.0;133585.0;133110.0;583559;199535
2024-09-26 10:30:00;133140.0;133425.0;133695.0;133045.0;767049;234374
2024-09-26 10:40:00;133425.0;133620.0;133775.0;133420.0;605612;181249
2024-09-26 10:50:00;133615.0;133210.0;133625.0;133170.0;488678;146391
2024-09-26 11:00:00;133205.0;133160.0;133375.0;132995.0;508544;155456
2024-09-26 11:10:00;133160.0;133285.0;133395.0;133135.0;413690;118458
2024-09-26 11:20:00;133290.0;133025.0;133295.0;132915.0;425627;114482
2024-09-26 11:30:00;133025.0;132850.0;133070.0;132840.0;357568;89681
2024-09-26 11:40:00;132850.0;133000.0;133000.0;132800.0;309507;85847
2024-09-26 11:50:00;132995.0;132770.0;133010.0;132745.0;389515;104259
2024-09-26 12:00:00;132770.0;132900.0;132950.0;132760.0;243355;69810
2024-09-26 12:10:00;132905.0;132955.0;132980.0;132790.0;213762;60039
2024-09-26 12:20:00;132960.0;132960.0;133040.0;132915.0;206446;56816
2024-09-26 12:30:00;132960.0;133255.0;133270.0;132940.0;341195;90594
2024-09-26 12:40:00;133260.0;133280.0;133325.0;133230.0;187233;50371
2024-09-26 12:50:00;133280.0;133155.0;133320.0;133120.0;200960;55639
2024-09-27 10:00:00;133475.0;133570.0;133660.0;133440.0;478033;149572
2024-09-27 10:10:00;133575.0;133475.0;133730.0;133400.0;624988;192313
2024-09-27 10:20:00;133470.0;133575.0;133590.0;133420.0;396946;104955
2024-09-27 10:30:00;133575.0;134075.0;134175.0;133540.0;784214;223211
2024-09-27 10:40:00;134075.0;133930.0;134125.0;133780.0;534286;158325
2024-09-27 10:50:00;133930.0;134065.0;134140.0;133895.0;388502;109067
2024-09-27 11:00:00;134060.0;134100.0;134105.0;133910.0;342607;92542
2024-09-27 11:10:00;134100.0;134380.0;134400.0;133990.0;457962;125623
2024-09-27 11:20:00;134375.0;134430.0;134465.0;134340.0;320243;85597
2024-09-27 11:30:00;134430.0;134445.0;134530.0;134360.0;342328;92487
2024-09-27 11:40:00;134440.0;134550.0;134595.0;134420.0;276366;72067
2024-09-27 11:50:00;134555.0;134315.0;134570.0;134310.0;344345;97561
2024-09-27 12:00:00;134315.0;134145.0;134425.0;134115.0;374168;95202
2024-09-27 12:10:00;134145.0;134015.0;134165.0;134010.0;270641;74490
2024-09-27 12:20:00;134015.0;133940.0;134040.0;133905.0;255706;68387
2024-09-27 12:30:00;133940.0;133910.0;133975.0;133880.0;136775;37508
2024-09-27 12:40:00;133910.0;133860.0;133910.0;133755.0;241156;62219
2024-09-27 12:50:00;133865.0;133755.0;133865.0;133705.0;233453;62206
2024-09-30 10:00:00;133660.0;133550.0;133665.0;133485.0;321672;106422
2024-09-30 10:10:00;133550.0;133545.0;133595.0;133185.0;573198;187857
2024-09-30 10:20:00;133540.0;133455.0;133710.0;133330.0;502040;172885
2024-09-30 10:30:00;133455.0;133205.0;133550.0;133030.0;592784;193998
2024-09-30 10:40:00;133205.0;133390.0;133480.0;133205.0;367632;118311
2024-09-30 10:50:00;133395.0;133105.0;133415.0;133075.0;329677;105312
2024-09-30 11:00:00;133100.0;133335.0;133430.0;133100.0;245662;78488
2024-09-30 11:10:00;133340.0;133195.0;133370.0;133140.0;256612;75985
2024-09-30 11:20:00;133190.0;132955.0;133275.0;132950.0;375099;101185
2024-09-30 11:30:00;132960.0;133280.0;133300.0;132950.0;340376;94532
2024-09-30 11:40:00;133280.0;133525.0;133550.0;133220.0;332368;93090
2024-09-30 11:50:00;133520.0;133450.0;133525.0;133380.0;178314;51811
2024-09-30 12:00:00;133450.0;133490.0;133570.0;133405.0;218821;57910
2024-09-30 12:10:00;133485.0;133480.0;133620.0;133455.0;228513;60561
2024-09-30 12:20:00;133480.0;133250.0;133510.0;133250.0;235336;66139
2024-09-30 12:30:00;133255.0;133035.0;133290.0;133020.0;203826;57005
2024-09-30 12:40:00;133035.0;132960.0;133110.0;132920.0;196005;53704
2024-09-30 12:50:00;132965.0;132880.0;133000.0;132865.0;122761;36291
2024-10-01 10:00:00;133110.0;133040.0;133235.0;132930.0;650913;205783
2024-10-01 10:10:00;133045.0;133275.0;133280.0;132815.0;702033;232557
2024-10-01 10:20:00;133275.0;132940.0;133320.0;132875.0;520246;173411
2024-10-01 10:30:00;132940.0;132830.0;133290.0;132655.0;1023936;311221
2024-10-01 10:40:00;132835.0;132855.0;132960.0;132540.0;802519;249865
2024-10-01 10:50:00;132860.0;132995.0;133090.0;132650.0;537891;164189
2024-10-01 11:00:00;132995.0;133205.0;133340.0;132810.0;668969;192054
2024-10-01 11:10:00;133205.0;133320.0;133430.0;132970.0;634581;177422
2024-10-01 11:20:00;133325.0;133365.0;133595.0;133230.0;594581;164770
2024-10-01 11:30:00;133365.0;133490.0;133535.0;133065.0;536539;150171
2024-10-01 11:40:00;133490.0;133620.0;133685.0;133470.0;446384;121166
2024-10-01 11:50:00;133615.0;133655.0;133655.0;133415.0;360020;98787
2024-10-01 12:00:00;133655.0;133395.0;133710.0;133370.0;401214;111043
2024-10-01 12:10:00;133390.0;133595.0;133615.0;133320.0;352041;92934
2024-10-01 12:20:00;133590.0;133835.0;133885.0;133580.0;363856;98110
2024-10-01 12:30:00;133835.0;133910.0;133960.0;133780.0;320898;86605
2024-10-01 12:40:00;133905.0;133875.0;133960.0;133780.0;267397;71178
2024-10-01 12:50:00;133880.0;133795.0;133915.0;133765.0;174601;47128
2024-10-02 10:00:00;134765.0;135060.0;135180.0;134760.0;779498;226153
2024-10-02 10:10:00;135060.0;135180.0;135240.0;134750.0;780078;244662
2024-10-02 10:20:00;135180.0;135305.0;135360.0;135045.0;624465;207128
2024-10-02 10:30:00;135305.0;135195.0;135470.0;135025.0;842120;256933
2024-10-02 10:40:00;135195.0;135245.0;135330.0;134910.0;657680;205762
2024-10-02 10:50:00;135245.0;135020.0;135345.0;135010.0;416968;134841
2024-10-02 11:00:00;135020.0;135335.0;135370.0;135005.0;449812;129136
2024-10-02 11:10:00;135330.0;135305.0;135480.0;135200.0;505011;142824
2024-10-02 11:20:00;135300.0;135070.0;135370.0;135015.0;374939;113404
2024-10-02 11:30:00;135075.0;134850.0;135095.0;134810.0;361221;100415
2024-10-02 11:40:00;134850.0;134780.0;134880.0;134665.0;347887;90588
2024-10-02 11:50:00;134775.0;134585.0;135020.0;134540.0;539610;150066
2024-10-02 12:00:00;134585.0;134435.0;134700.0;134390.0;453611;119759
2024-10-02 12:10:00;134440.0;134590.0;134590.0;134430.0;285568;74341
2024-10-02 12:20:00;134590.0;134440.0;134590.0;134370.0;273710;72724
2024-10-02 12:30:00;134440.0;134530.0;134745.0;134440.0;380749;100101
2024-10-02 12:40:00;134535.0;134660.0;134690.0;134510.0;233755;62245
2024-10-02 12:50:00;134665.0;134875.0;134875.0;134635.0;225111;60989
2024-10-03 10:00:00;132660.0;132405.0;132725.0;132400.0;720348;226537
2024-10-03 10:10:00;132405.0;132410.0;132690.0;132285.0;731362;236337
2024-10-03 10:20:00;132410.0;132215.0;132440.0;132160.0;585765;173489
2024-10-03 10:30:00;132210.0;132200.0;132400.0;132065.0;631183;183731
2024-10-03 10:40:00;132205.0;132245.0;132510.0;132155.0;549443;166601
2024-10-03 10:50:00;132245.0;132280.0;132390.0;131995.0;620449;173893
2024-10-03 11:00:00;132280.0;132145.0;132360.0;132105.0;554055;157833
2024-10-03 11:10:00;132140.0;131935.0;132180.0;131920.0;663874;183389
2024-10-03 11:20:00;131935.0;131760.0;131990.0;131675.0;672603;172159
2024-10-03 11:30:00;131760.0;131665.0;131955.0;131635.0;513669;131721
2024-10-03 11:40:00;131665.0;131650.0;131775.0;131540.0;487167;130601
2024-10-03 11:50:00;131650.0;131585.0;131820.0;131565.0;317555;87370
2024-10-03 12:00:00;131580.0;131690.0;131715.0;131570.0;244008;65218
2024-10-03 12:10:00;131695.0;131645.0;131795.0;131610.0;243115;66618
2024-10-03 12:20:00;131645.0;131765.0;131820.0;131620.0;209502;55665
2024-10-03 12:30:00;131765.0;131820.0;131910.0;131680.0;297484;79211
2024-10-03 12:40:00;131820.0;131890.0;131940.0;131815.0;180864;47923
2024-10-03 12:50:00;131885.0;131750.0;131890.0;131740.0;186470;48945
2024-10-04 10:00:00;131525.0;131810.0;131840.0;131395.0;598505;195609
2024-10-04 10:10:00;131810.0;131695.0;131880.0;131440.0;778685;256519
2024-10-04 10:20:00;131695.0;131850.0;131965.0;131660.0;493950;161408
2024-10-04 10:30:00;131845.0;132020.0;132080.0;131560.0;747138;220349
2024-10-04 10:40:00;132020.0;131980.0;132200.0;131900.0;597077;175192
2024-10-04 10:50:00;131980.0;131980.0;132020.0;131830.0;383070;110118
2024-10-04 11:00:00;131975.0;131970.0;132115.0;131890.0;389869;101708
2024-10-04 11:10:00;131970.0;132185.0;132310.0;131900.0;464096;127969
2024-10-04 11:20:00;132185.0;131990.0;132215.0;131950.0;373324;100223
2024-10-04 11:30:00;131985.0;131885.0;132045.0;131865.0;373677;100509
2024-10-04 11:40:00;131885.0;131975.0;131990.0;131840.0;320861;81437
2024-10-04 11:50:00;131970.0;131965.0;132060.0;131930.0;204990;57756
2024-10-04 12:00:00;131960.0;132030.0;132100.0;131945.0;217485;55500
2024-10-04 12:10:00;132030.0;131870.0;132040.0;131800.0;263386;68711
2024-10-04 12:20:00;131865.0;131700.0;131870.0;131680.0;228805;61919
2024-10-04 12:30:00;131700.0;131830.0;131840.0;131685.0;214337;52946
2024-10-04 12:40:00;131835.0;131930.0;131980.0;131815.0;244174;60684
2024-10-04 12:50:00;131930.0;131975.0;132005.0;131880.0;164887;42385
2024-10-07 10:00:00;133165.0;132910.0;133200.0;132900.0;476212;154702
2024-10-07 10:10:00;132915.0;132470.0;132965.0;132450.0;800438;251472
2024-10-07 10:20:00;132470.0;132085.0;132515.0;132050.0;579055;180002
2024-10-07 10:30:00;132090.0;132375.0;132420.0;131965.0;568821;168937
2024-10-07 10:40:00;132375.0;132715.0;132890.0;132325.0;643866;186399
2024-10-07 10:50:00;132715.0;132810.0;132865.0;132645.0;424796;125114
2024-10-07 11:00:00;132815.0;133185.0;133245.0;132810.0;559962;149805
2024-10-07 11:10:00;133185.0;133235.0;133350.0;133055.0;475350;133157
2024-10-07 11:20:00;133235.0;133130.0;133255.0;133065.0;256906;74837
2024-10-07 11:30:00;133130.0;132855.0;133135.0;132835.0;350525;93465
2024-10-07 11:40:00;132855.0;132830.0;132950.0;132775.0;272774;76291
2024-10-07 11:50:00;132830.0;132650.0;132860.0;132635.0;249122;66753
2024-10-07 12:00:00;132650.0;132545.0;132695.0;132425.0;366099;92297
2024-10-07 12:10:00;132540.0;132455.0;132550.0;132390.0;284886;73202
2024-10-07 12:20:00;132450.0;132365.0;132585.0;132355.0;270528;71197
2024-10-07 12:30:00;132360.0;132385.0;132510.0;132330.0;237209;63679
2024-10-07 12:40:00;132385.0;132250.0;132450.0;132190.0;235851;61590
2024-10-07 12:50:00;132255.0;132335.0;132390.0;132245.0;216079;56580
2024-10-08 10:00:00;130840.0;130740.0;131015.0;130715.0;663777;202459
2024-10-08 10:10:00;130735.0;130970.0;131000.0;130600.0;728594;228687
2024-10-08 10:20:00;130970.0;131060.0;131130.0;130925.0;563846;170951
2024-10-08 10:30:00;131060.0;131395.0;131430.0;130985.0;662802;206862
2024-10-08 10:40:00;131390.0;131275.0;131405.0;131050.0;609313;192225
2024-10-08 10:50:00;131280.0;131535.0;131595.0;131140.0;506020;152871
2024-10-08 11:00:00;131535.0;131540.0;131550.0;131335.0;443703;122950
2024-10-08 11:10:00;131545.0;131350.0;131575.0;131210.0;496491;136406
2024-10-08 11:20:00;131355.0;131085.0;131390.0;131015.0;404680;115285
2024-10-08 11:30:00;131085.0;131150.0;131210.0;131015.0;400061;105549
2024-10-08 11:40:00;131155.0;131355.0;131360.0;131120.0;344311;91843
2024-10-08 11:50:00;131355.0;131480.0;131565.0;131325.0;288816;76179
2024-10-08 12:00:00;131475.0;131490.0;131565.0;131390.0;340698;82000
2024-10-08 12:10:00;131495.0;131515.0;131620.0;131450.0;280713;72719
2024-10-08 12:20:00;131515.0;131380.0;131580.0;131335.0;230781;60867
2024-10-08 12:30:00;131380.0;131550.0;131570.0;131355.0;272359;67992
2024-10-08 12:40:00;131545.0;131575.0;131575.0;131465.0;137064;36285
2024-10-08 12:50:00;131575.0;131705.0;131720.0;131555.0;269142;64183
2024-10-09 10:00:00;130780.0;130635.0;130845.0;130625.0;437812;122824
2024-10-09 10:10:00;130640.0;130675.0;130715.0;130580.0;393017;110978
2024-10-09 10:20:00;130675.0;130440.0;130710.0;130370.0;478541;126396
2024-10-09 10:30:00;130440.0;130410.0;130525.0;130270.0;708685;192596
2024-10-09 10:40:00;130410.0;130580.0;130780.0;130365.0;651127;187524
2024-10-09 10:50:00;130575.0;130635.0;130740.0;130485.0;462770;130306
2024-10-09 11:00:00;130640.0;130245.0;130645.0;130225.0;573194;150530
2024-10-09 11:10:00;130245.0;130285.0;130360.0;130190.0;364699;98127
2024-10-09 11:20:00;130290.0;130355.0;130425.0;130235.0;317519;80568
2024-10-09 11:30:00;130355.0;130190.0;130375.0;130105.0;508783;130725
2024-10-09 11:40:00;130190.0;130325.0;130370.0;130150.0;313257;81867
2024-10-09 11:50:00;130330.0;130610.0;130615.0;130315.0;379030;94540
2024-10-09 12:00:00;130610.0;130705.0;130730.0;130545.0;337449;83203
2024-10-09 12:10:00;130700.0;130490.0;130720.0;130430.0;455763;112432
2024-10-09 12:20:00;130490.0;130390.0;130500.0;130360.0;232149;59498
2024-10-09 12:30:00;130390.0;130490.0;130505.0;130365.0;196225;51945
2024-10-09 12:40:00;130490.0;130425.0;130585.0;130410.0;237151;60339
2024-10-09 12:50:00;130425.0;130220.0;130450.0;130160.0;355843;86363
2024-10-10 10:00:00;130280.0;130330.0;130505.0;130170.0;627263;201357
2024-10-10 10:10:00;130330.0;130325.0;130440.0;130200.0;435589;143752
2024-10-10 10:20:00;130325.0;130295.0;130335.0;130135.0;323707;106047
2024-10-10 10:30:00;130300.0;130035.0;130325.0;129945.0;642791;203077
2024-10-10 10:40:00;130035.0;130240.0;130270.0;129965.0;594577;181266
2024-10-10 10:50:00;130240.0;130235.0;130440.0;130165.0;477842;146043
2024-10-10 11:00:00;130235.0;130305.0;130390.0;130205.0;350613;99634
2024-10-10 11:10:00;130310.0;130335.0;130420.0;130300.0;284006;82624
2024-10-10 11:20:00;130335.0;130485.0;130515.0;130275.0;322382;86672
2024-10-10 11:30:00;130485.0;130405.0;130530.0;130345.0;300878;82498
2024-10-10 11:40:00;130405.0;130415.0;130480.0;130345.0;249678;64101
2024-10-10 11:50:00;130415.0;130390.0;130450.0;130305.0;219829;56745
2024-10-10 12:00:00;130390.0;130470.0;130515.0;130380.0;218859;54224
2024-10-10 12:10:00;130470.0;130530.0;130570.0;130470.0;195326;46359
2024-10-10 12:20:00;130530.0;130410.0;130530.0;130365.0;193295;51101
2024-10-10 12:30:00;130405.0;130395.0;130425.0;130290.0;203522;51284
2024-10-10 12:40:00;130400.0;130360.0;130400.0;130300.0;126079;31066
2024-10-10 12:50:00;130360.0;130300.0;130390.0;130290.0;115622;28686
2024-10-11 10:00:00;130245.0;130090.0;130310.0;130070.0;447688;130234
2024-10-11 10:10:00;130085.0;129975.0;130170.0;129935.0;504307;140763
2024-10-11 10:20:00;129970.0;129660.0;129995.0;129515.0;708105;194351
2024-10-11 10:30:00;129655.0;129560.0;129760.0;129495.0;542179;164058
2024-10-11 10:40:00;129565.0;129460.0;129670.0;129440.0;389276;108888
2024-10-11 10:50:00;129460.0;129515.0;129565.0;129375.0;348460;95866
2024-10-11 11:00:00;129510.0;129620.0;129650.0;129440.0;290196;83058
2024-10-11 11:10:00;129620.0;129825.0;129830.0;129565.0;355205;95913
2024-10-11 11:20:00;129825.0;129920.0;130145.0;129765.0;562800;142697
2024-10-11 11:30:00;129920.0;129905.0;129960.0;129790.0;323728;82656
2024-10-11 11:40:00;129910.0;129915.0;130055.0;129820.0;319942;84707
2024-10-11 11:50:00;129915.0;129910.0;129945.0;129810.0;210977;58955
2024-10-11 12:00:00;129915.0;129990.0;130040.0;129870.0;196030;51331
2024-10-11 12:10:00;129990.0;130070.0;130110.0;129955.0;235237;58401
2024-10-11 12:20:00;130070.0;130155.0;130180.0;130015.0;181333;46298
2024-10-11 12:30:00;130150.0;130060.0;130195.0;130035.0;210651;50528
2024-10-11 12:40:00;130055.0;129870.0;130095.0;129865.0;216776;54786
2024-10-11 12:50:00;129870.0;129740.0;129955.0;129700.0;250811;63014
2024-10-14 10:00:00;130120.0;130195.0;130300.0;129955.0;583665;189615
2024-10-14 10:10:00;130195.0;130180.0;130420.0;130050.0;586167;184861
2024-10-14 10:20:00;130180.0;130065.0;130300.0;129955.0;518204;159039
2024-10-14 10:30:00;130060.0;129850.0;130245.0;129795.0;692576;218670
2024-10-14 10:40:00;129855.0;130195.0;130310.0;129790.0;674749;217623
2024-10-14 10:50:00;130190.0;130010.0;130525.0;129995.0;623955;192971
2024-10-14 11:00:00;130015.0;130170.0;130210.0;129960.0;399307;117050
2024-10-14 11:10:00;130170.0;129885.0;130190.0;129875.0;300537;86824
2024-10-14 11:20:00;129885.0;129805.0;130015.0;129740.0;455594;122849
2024-10-14 11:30:00;129810.0;129940.0;129960.0;129775.0;298494;82995
2024-10-14 11:40:00;129940.0;130135.0;130145.0;129815.0;316307;89787
2024-10-14 11:50:00;130135.0;130475.0;130570.0;130100.0;465212;122982
2024-10-14 12:00:00;130480.0;130355.0;130500.0;130300.0;321661;84464
2024-10-14 12:10:00;130360.0;130105.0;130385.0;130075.0;327674;75962
2024-10-14 12:20:00;130105.0;130070.0;130125.0;129800.0;365583;90758
2024-10-14 12:30:00;130070.0;130200.0;130240.0;130040.0;233846;60345
2024-10-14 12:40:00;130205.0;130360.0;130360.0;130175.0;173351;45038
2024-10-14 12:50:00;130355.0;130550.0;130585.0;130285.0;336548;81989
2024-10-15 10:00:00;130750.0;131255.0;131330.0;130735.0;718716;219391
2024-10-15 10:10:00;131250.0;131075.0;131280.0;130850.0;657816;205778
2024-10-15 10:20:00;131075.0;130750.0;131165.0;130715.0;563605;157162
2024-10-15 10:30:00;130750.0;130485.0;130875.0;130450.0;786988;221035
2024-10-15 10:40:00;130485.0;130355.0;130590.0;130205.0;596689;160151
2024-10-15 10:50:00;130360.0;130365.0;130520.0;130300.0;438544;119408
2024-10-15 11:00:00;130365.0;130750.0;130780.0;130290.0;485442;123547
2024-10-15 11:10:00;130745.0;131020.0;131055.0;130720.0;522880;124875
2024-10-15 11:20:00;131020.0;130665.0;131025.0;130645.0;525920;134672
2024-10-15 11:30:00;130665.0;130785.0;130865.0;130650.0;353463;92715
2024-10-15 11:40:00;130780.0;131140.0;131145.0;130675.0;473717;125828
2024-10-15 11:50:00;131140.0;130955.0;131145.0;130930.0;275362;74867
2024-10-15 12:00:00;130960.0;131020.0;131115.0;130860.0;335954;83626
2024-10-15 12:10:00;131025.0;130900.0;131030.0;130850.0;184396;48886
2024-10-15 12:20:00;130895.0;130900.0;130925.0;130850.0;127476;32914
2024-10-15 12:30:00;130900.0;130865.0;131020.0;130860.0;199700;51246
2024-10-15 12:40:00;130870.0;130775.0;130890.0;130720.0;235677;62195
2024-10-15 12:50:00;130775.0;130585.0;130780.0;130560.0;213958;52827
2024-10-16 10:00:00;133340.0;133215.0;133385.0;133045.0;506918;157896
2024-10-16 10:10:00;133215.0;133080.0;133380.0;133050.0;532366;160710
2024-10-16 10:20:00;133080.0;133265.0;133360.0;132910.0;598069;183460
2024-10-16 10:30:00;133265.0;133380.0;133530.0;133170.0;596545;180681
2024-10-16 10:40:00;133380.0;133265.0;133395.0;133180.0;368766;105891
2024-10-16 10:50:00;133265.0;133030.0;133310.0;133015.0;331043;94777
2024-10-16 11:00:00;133030.0;133280.0;133290.0;132935.0;565819;144999
2024-10-16 11:10:00;133285.0;133210.0;133485.0;133175.0;470819;123179
2024-10-16 11:20:00;133205.0;133055.0;133265.0;133015.0;415122;108757
2024-10-16 11:30:00;133050.0;133235.0;133315.0;132995.0;419855;110146
2024-10-16 11:40:00;133240.0;133330.0;133425.0;133135.0;276562;75594
2024-10-16 11:50:00;133330.0;133680.0;133695.0;133290.0;380817;100319
2024-10-16 12:00:00;133675.0;133430.0;133680.0;133395.0;403442;103516
2024-10-16 12:10:00;133430.0;133520.0;133580.0;133370.0;230029;60726
2024-10-16 12:20:00;133525.0;133545.0;133555.0;133405.0;167033;43825
2024-10-16 12:30:00;133545.0;133665.0;133670.0;133480.0;179517;45637
2024-10-16 12:40:00;133665.0;133625.0;133685.0;133545.0;160963;42053
2024-10-16 12:50:00;133625.0;133575.0;133640.0;133535.0;129231;31351
2024-10-17 10:00:00;132280.0;132230.0;132310.0;132130.0;462042;128743
2024-10-17 10:10:00;132230.0;132010.0;132335.0;131940.0;594080;177662
2024-10-17 10:20:00;132005.0;132140.0;132145.0;131960.0;355213;93068
2024-10-17 10:30:00;132140.0;132290.0;132360.0;131960.0;809304;234341
2024-10-17 10:40:00;132290.0;132340.0;132445.0;132165.0;599544;168452
2024-10-17 10:50:00;132335.0;132505.0;132640.0;132305.0;590610;163155
2024-10-17 11:00:00;132510.0;132725.0;132805.0;132470.0;483435;139038
2024-10-17 11:10:00;132730.0;132530.0;132785.0;132495.0;444122;121604
2024-10-17 11:20:00;132530.0;132455.0;132690.0;132450.0;347904;91392
2024-10-17 11:30:00;132460.0;132660.0;132700.0;132455.0;319108;85071
2024-10-17 11:40:00;132660.0;132560.0;132685.0;132520.0;232842;63728
2024-10-17 11:50:00;132555.0;132710.0;132730.0;132510.0;257237;69565
2024-10-17 12:00:00;132710.0;132750.0;132750.0;132630.0;231743;57540
2024-10-17 12:10:00;132750.0;132750.0;132790.0;132670.0;195328;49031
2024-10-17 12:20:00;132755.0;132815.0;132855.0;132675.0;194572;48241
2024-10-17 12:30:00;132815.0;132820.0;132885.0;132805.0;177030;42080
2024-10-17 12:40:00;132825.0;132590.0;132830.0;132570.0;263987;65783
2024-10-17 12:50:00;132590.0;132565.0;132615.0;132545.0;171060;41542
2024-10-18 10:00:00;133500.0;133590.0;133710.0;133415.0;587096;169566
2024-10-18 10:10:00;133585.0;133460.0;133820.0;133435.0;604665;172898
2024-10-18 10:20:00;133465.0;133540.0;133725.0;133465.0;431704;122327
2024-10-18 10:30:00;133535.0;132980.0;133565.0;132920.0;779093;212496
2024-10-18 10:40:00;132980.0;132640.0;133025.0;132630.0;583779;149193
2024-10-18 10:50:00;132635.0;132410.0;132670.0;132350.0;617962;142867
2024-10-18 11:00:00;132405.0;132265.0;132480.0;132245.0;456990;106522
2024-10-18 11:10:00;132265.0;132245.0;132300.0;132120.0;497680;117157
2024-10-18 11:20:00;132245.0;132205.0;132280.0;132155.0;250754;62204
2024-10-18 11:30:00;132205.0;132450.0;132465.0;132195.0;340132;78408
2024-10-18 11:40:00;132455.0;132635.0;132830.0;132440.0;588436;136768
2024-10-18 11:50:00;132635.0;132555.0;132770.0;132540.0;301497;68800
2024-10-18 12:00:00;132555.0;132265.0;132565.0;132255.0;313867;73883
2024-10-18 12:10:00;132260.0;132245.0;132345.0;132185.0;280405;67916
2024-10-18 12:20:00;132250.0;132290.0;132330.0;132150.0;258161;60622
2024-10-18 12:30:00;132285.0;132340.0;132385.0;132220.0;229307;52387
2024-10-18 12:40:00;132340.0;132295.0;132340.0;132205.0;178927;42474
2024-10-18 12:50:00;132290.0;132330.0;132345.0;132230.0;106686;26275
2024-10-21 10:00:00;132925.0;132945.0;133055.0;132680.0;700583;201706
2024-10-21 10:10:00;132945.0;133045.0;133115.0;132905.0;594664;182468
2024-10-21 10:20:00;133045.0;132885.0;133070.0;132735.0;617644;179923
2024-10-21 10:30:00;132880.0;132830.0;133020.0;132710.0;523921;157942
2024-10-21 10:40:00;132835.0;132745.0;132900.0;132650.0;438323;130954
2024-10-21 10:50:00;132745.0;132655.0;132790.0;132635.0;280352;80113
2024-10-21 11:00:00;132655.0;132790.0;132845.0;132490.0;629702;176502
2024-10-21 11:10:00;132790.0;132525.0;132800.0;132420.0;557631;155260
2024-10-21 11:20:00;132525.0;132345.0;132540.0;132170.0;591481;156332
2024-10-21 11:30:00;132350.0;132605.0;132670.0;132335.0;468371;119594
2024-10-21 11:40:00;132600.0;132460.0;132650.0;132460.0;309001;82675
2024-10-21 11:50:00;132460.0;132415.0;132570.0;132380.0;318550;83236
2024-10-21 12:00:00;132420.0;132305.0;132440.0;132205.0;341667;88788
2024-10-21 12:10:00;132305.0;132355.0;132430.0;132230.0;304800;79076
2024-10-21 12:20:00;132355.0;132215.0;132390.0;132105.0;289677;74754
2024-10-21 12:30:00;132215.0;132200.0;132245.0;132115.0;207435;50916
2024-10-21 12:40:00;132200.0;132450.0;132480.0;132185.0;251096;64247
2024-10-21 12:50:00;132450.0;132445.0;132555.0;132405.0;238273;59331
2024-10-22 10:00:00;131405.0;131465.0;131470.0;131205.0;674150;193331
2024-10-22 10:10:00;131460.0;131945.0;131960.0;131420.0;934626;257528
2024-10-22 10:20:00;131945.0;131855.0;132065.0;131695.0;934604;260588
2024-10-22 10:30:00;131860.0;131980.0;132135.0;131785.0;696923;195129
2024-10-22 10:40:00;131975.0;131460.0;131985.0;131425.0;685302;197718
2024-10-22 10:50:00;131460.0;131180.0;131470.0;131080.0;803682;198912
2024-10-22 11:00:00;131180.0;131170.0;131330.0;131065.0;584704;148171
2024-10-22 11:10:00;131170.0;131075.0;131260.0;131035.0;491573;120508
2024-10-22 11:20:00;131075.0;131015.0;131135.0;130960.0;386713;91531
2024-10-22 11:30:00;131015.0;131400.0;131425.0;131000.0;573458;133730
2024-10-22 11:40:00;131400.0;131555.0;131660.0;131305.0;490740;125632
2024-10-22 11:50:00;131555.0;131370.0;131595.0;131320.0;435865;107402
2024-10-22 12:00:00;131365.0;131085.0;131375.0;131035.0;435311;102723
2024-10-22 12:10:00;131080.0;131100.0;131180.0;131015.0;301053;72040
2024-10-22 12:20:00;131100.0;131235.0;131245.0;131095.0;194279;47246
2024-10-22 12:30:00;131235.0;131345.0;131350.0;131230.0;166098;39928
2024-10-22 12:40:00;131340.0;131565.0;131575.0;131335.0;245338;51941
2024-10-22 12:50:00;131560.0;131565.0;131575.0;131450.0;223870;50239
2024-10-23 10:00:00;130785.0;131205.0;131205.0;130740.0;663759;188404
2024-10-23 10:10:00;131200.0;130995.0;131265.0;130970.0;859606;247663
2024-10-23 10:20:00;130990.0;131085.0;131215.0;130970.0;550767;152673
2024-10-23 10:30:00;131080.0;131025.0;131295.0;130800.0;879578;251849
2024-10-23 10:40:00;131020.0;131220.0;131240.0;131000.0;399317;109719
2024-10-23 10:50:00;131225.0;131160.0;131260.0;131055.0;392430;110243
2024-10-23 11:00:00;131155.0;130840.0;131205.0;130830.0;533851;140874
2024-10-23 11:10:00;130835.0;130600.0;130920.0;130595.0;599161;159017
2024-10-23 11:20:00;130595.0;130755.0;130860.0;130590.0;542416;141468
2024-10-23 11:30:00;130755.0;130545.0;130780.0;130480.0;530500;127464
2024-10-23 11:40:00;130540.0;130530.0;130630.0;130430.0;429733;102892
2024-10-23 11:50:00;130525.0;130695.0;130705.0;130515.0;281383;70699
2024-10-23 12:00:00;130700.0;130645.0;130730.0;130620.0;223501;54694
2024-10-23 12:10:00;130650.0;130560.0;130670.0;130540.0;289808;70791
2024-10-23 12:20:00;130560.0;130710.0;130725.0;130555.0;217936;54516
2024-10-23 12:30:00;130710.0;130875.0;130875.0;130700.0;264523;60712
2024-10-23 12:40:00;130875.0;131025.0;131030.0;130860.0;245124;58757
2024-10-23 12:50:00;131020.0;131050.0;131070.0;130965.0;192234;42263
2024-10-24 10:00:00;130995.0;130790.0;131040.0;130705.0;585528;166551
2024-10-24 10:10:00;130790.0;130730.0;130975.0;130705.0;627274;181477
2024-10-24 10:20:00;130730.0;130870.0;130875.0;130610.0;507548;146696
2024-10-24 10:30:00;130865.0;130860.0;131050.0;130665.0;713007;207462
2024-10-24 10:40:00;130855.0;130995.0;131120.0;130825.0;496950;138975
2024-10-24 10:50:00;131000.0;130955.0;131040.0;130835.0;299174;87024
2024-10-24 11:00:00;130950.0;130815.0;130955.0;130765.0;290391;85769
2024-10-24 11:10:00;130815.0;130770.0;130925.0;130680.0;325277;89386
2024-10-24 11:20:00;130765.0;130645.0;130820.0;130640.0;327935;84412
2024-10-24 11:30:00;130650.0;130905.0;130910.0;130640.0;301676;78736
2024-10-24 11:40:00;130905.0;131095.0;131095.0;130860.0;362184;89106
2024-10-24 11:50:00;131090.0;131270.0;131295.0;131075.0;406562;98281
2024-10-24 12:00:00;131270.0;131250.0;131405.0;131210.0;441351;104657
2024-10-24 12:10:00;131245.0;131270.0;131300.0;131135.0;308581;75437
2024-10-24 12:20:00;131270.0;131240.0;131315.0;131170.0;210458;52527
2024-10-24 12:30:00;131245.0;131265.0;131285.0;131180.0;161122;38757
2024-10-24 12:40:00;131270.0;131180.0;131310.0;131150.0;184028;44201
2024-10-24 12:50:00;131180.0;131050.0;131230.0;131045.0;176446;43617
2024-10-25 10:00:00;132040.0;132025.0;132260.0;131930.0;581038;170572
2024-10-25 10:10:00;132025.0;132000.0;132075.0;131785.0;688760;207740
2024-10-25 10:20:00;132000.0;131950.0;132050.0;131735.0;435929;132437
2024-10-25 10:30:00;131945.0;131955.0;132045.0;131680.0;579334;176807
2024-10-25 10:40:00;131955.0;132055.0;132100.0;131870.0;413454;122862
2024-10-25 10:50:00;132055.0;131845.0;132125.0;131800.0;399072;114525
2024-10-25 11:00:00;131845.0;132040.0;132085.0;131770.0;417997;118168
2024-10-25 11:10:00;132035.0;132165.0;132340.0;132035.0;489923;136762
2024-10-25 11:20:00;132165.0;131905.0;132210.0;131790.0;444229;123688
2024-10-25 11:30:00;131910.0;131885.0;132015.0;131735.0;412282;112718
2024-10-25 11:40:00;131885.0;132000.0;132000.0;131805.0;289550;80285
2024-10-25 11:50:00;132000.0;132125.0;132185.0;131995.0;324120;84501
2024-10-25 12:00:00;132120.0;131945.0;132145.0;131870.0;264885;69413
2024-10-25 12:10:00;131940.0;132010.0;132095.0;131920.0;255708;64934
2024-10-25 12:20:00;132005.0;131820.0;132035.0;131805.0;223944;59021
2024-10-25 12:30:00;131820.0;131855.0;131955.0;131795.0;206028;52221
2024-10-25 12:40:00;131860.0;131705.0;131870.0;131700.0;209662;52320
2024-10-25 12:50:00;131710.0;131665.0;131760.0;131585.0;259239;64800
2024-10-28 10:00:00;132460.0;132520.0;132640.0;132420.0;629708;164895
2024-10-28 10:10:00;132520.0;132540.0;132575.0;132265.0;655662;189024
2024-10-28 10:20:00;132540.0;132730.0;132740.0;132460.0;515595;147934
2024-10-28 10:30:00;132730.0;132840.0;132860.0;132660.0;544383;152651
2024-10-28 10:40:00;132840.0;132865.0;132885.0;132645.0;453725;124530
2024-10-28 10:50:00;132860.0;132875.0;132960.0;132780.0;420939;109627
2024-10-28 11:00:00;132875.0;132805.0;132960.0;132715.0;498187;133817
2024-10-28 11:10:00;132800.0;132860.0;132900.0;132725.0;308730;84317
2024-10-28 11:20:00;132860.0;132705.0;132895.0;132655.0;383820;102439
2024-10-28 11:30:00;132705.0;132700.0;132765.0;132665.0;200961;49510
2024-10-28 11:40:00;132700.0;132765.0;132810.0;132615.0;338275;86531
2024-10-28 11:50:00;132765.0;132895.0;132955.0;132750.0;327518;85438
2024-10-28 12:00:00;132895.0;132975.0;133000.0;132835.0;289013;72310
2024-10-28 12:10:00;132970.0;132980.0;133120.0;132945.0;373158;92191
2024-10-28 12:20:00;132975.0;132945.0;133020.0;132915.0;198400;47924
2024-10-28 12:30:00;132945.0;132890.0;133005.0;132870.0;187137;45872
2024-10-28 12:40:00;132895.0;132925.0;132965.0;132880.0;154447;38121
2024-10-28 12:50:00;132925.0;132970.0;133020.0;132880.0;208402;46499
2024-10-29 10:00:00;133360.0;133435.0;133445.0;133270.0;457309;123127
2024-10-29 10:10:00;133430.0;133035.0;133475.0;133015.0;706121;197243
2024-10-29 10:20:00;133035.0;133215.0;133395.0;133025.0;641889;179939
2024-10-29 10:30:00;133220.0;133160.0;133370.0;133075.0;681684;186316
2024-10-29 10:40:00;133155.0;132950.0;133225.0;132915.0;554913;153928
2024-10-29 10:50:00;132955.0;133060.0;133165.0;132940.0;476110;130622
2024-10-29 11:00:00;133065.0;133000.0;133230.0;132935.0;626189;170322
2024-10-29 11:10:00;133000.0;133085.0;133150.0;132950.0;333146;92825
2024-10-29 11:20:00;133090.0;132980.0;133145.0;132910.0;455244;120338
2024-10-29 11:30:00;132980.0;133095.0;133110.0;132925.0;248279;65749
2024-10-29 11:40:00;133090.0;132975.0;133150.0;132960.0;283088;72793
2024-10-29 11:50:00;132980.0;133020.0;133040.0;132880.0;323997;81264
2024-10-29 12:00:00;133020.0;133110.0;133150.0;133010.0;254307;58138
2024-10-29 12:10:00;133110.0;133150.0;133180.0;133055.0;209304;53232
2024-10-29 12:20:00;133145.0;133070.0;133245.0;133045.0;295559;71574
2024-10-29 12:30:00;133075.0;133095.0;133135.0;133045.0;146222;36252
2024-10-29 12:40:00;133090.0;132850.0;133110.0;132780.0;355275;85955
2024-10-29 12:50:00;132850.0;132895.0;132925.0;132825.0;193513;45283
2024-10-30 10:00:00;132400.0;132545.0;132555.0;132340.0;515609;140607
2024-10-30 10:10:00;132545.0;132410.0;132650.0;132305.0;626848;173460
2024-10-30 10:20:00;132405.0;132435.0;132605.0;132250.0;633346;179967
2024-10-30 10:30:00;132430.0;132360.0;132570.0;132270.0;617620;180810
2024-10-30 10:40:00;132360.0;132380.0;132455.0;132240.0;468339;131775
2024-10-30 10:50:00;132380.0;132610.0;132705.0;132335.0;522392;138126
2024-10-30 11:00:00;132605.0;132570.0;132620.0;132480.0;384688;103760
2024-10-30 11:10:00;132570.0;132650.0;132665.0;132525.0;269881;72241
2024-10-30 11:20:00;132645.0;132405.0;132665.0;132360.0;342238;92639
2024-10-30 11:30:00;132405.0;132375.0;132465.0;132350.0;223614;58060
2024-10-30 11:40:00;132370.0;132270.0;132410.0;132080.0;541383;138137
2024-10-30 11:50:00;132275.0;132335.0;132410.0;132215.0;272747;74625
2024-10-30 12:00:00;132330.0;132420.0;132430.0;132315.0;226011;62513
2024-10-30 12:10:00;132415.0;132295.0;132435.0;132255.0;241842;64213
2024-10-30 12:20:00;132295.0;132450.0;132460.0;132255.0;177196;47213
2024-10-30 12:30:00;132445.0;132560.0;132715.0;132440.0;357073;91030
2024-10-30 12:40:00;132560.0;132505.0;132585.0;132475.0;181973;43798
2024-10-30 12:50:00;132505.0;132440.0;132595.0;132365.0;271136;62986
2024-10-31 10:00:00;131795.0;132210.0;132300.0;131720.0;655910;192790
2024-10-31 10:10:00;132210.0;132015.0;132300.0;131940.0;654510;192100
2024-10-31 10:20:00;132010.0;131720.0;132020.0;131555.0;697734;196101
2024-10-31 10:30:00;131715.0;132015.0;132050.0;131600.0;578263;169380
2024-10-31 10:40:00;132020.0;132020.0;132190.0;131885.0;581789;167257
2024-10-31 10:50:00;132025.0;131965.0;132120.0;131845.0;408584;122767
2024-10-31 11:00:00;131965.0;132110.0;132135.0;131885.0;366380;101189
2024-10-31 11:10:00;132110.0;132295.0;132300.0;132035.0;435525;121812
2024-10-31 11:20:00;132295.0;132170.0;132335.0;132115.0;342433;96455
2024-10-31 11:30:00;132170.0;132020.0;132240.0;131990.0;323066;86659
2024-10-31 11:40:00;132015.0;131950.0;132085.0;131925.0;253538;66988
2024-10-31 11:50:00;131950.0;131785.0;131995.0;131755.0;311001;82294
2024-10-31 12:00:00;131780.0;131750.0;131815.0;131570.0;412255;104432
2024-10-31 12:10:00;131745.0;131825.0;131890.0;131720.0;238421;61195
2024-10-31 12:20:00;131820.0;131750.0;131940.0;131720.0;234168;57531
2024-10-31 12:30:00;131750.0;131760.0;131835.0;131720.0;165976;40958
2024-10-31 12:40:00;131765.0;131655.0;131765.0;131625.0;191376;45447
2024-10-31 12:50:00;131655.0;131675.0;131680.0;131595.0;155538;36794
2024-11-01 10:00:00;131600.0;131360.0;131625.0;131220.0;582394;157518
2024-11-01 10:10:00;131365.0;130940.0;131450.0;130905.0;702603;190406
2024-11-01 10:20:00;130940.0;130715.0;130975.0;130585.0;743615;188796
2024-11-01 10:30:00;130715.0;130905.0;130955.0;130610.0;582027;160084
2024-11-01 10:40:00;130905.0;130830.0;130990.0;130730.0;445825;129594
2024-11-01 10:50:00;130830.0;130890.0;130965.0;130805.0;250268;71594
2024-11-01 11:00:00;130890.0;130795.0;130955.0;130645.0;452266;125852
2024-11-01 11:10:00;130795.0;130810.0;130865.0;130695.0;296376;81663
2024-11-01 11:20:00;130805.0;130490.0;130810.0;130360.0;637796;168607
2024-11-01 11:30:00;130490.0;130425.0;130590.0;130410.0;274812;71391
2024-11-01 11:40:00;130420.0;130505.0;130545.0;130265.0;429546;109727
2024-11-01 11:50:00;130505.0;130510.0;130545.0;130380.0;220446;57634
2024-11-01 12:00:00;130510.0;130395.0;130520.0;130340.0;218174;57489
2024-11-01 12:10:00;130395.0;130410.0;130445.0;130355.0;133124;36035
2024-11-01 12:20:00;130410.0;130425.0;130430.0;130340.0;122743;31407
2024-11-01 12:30:00;130425.0;130340.0;130455.0;130325.0;154445;39382
2024-11-01 12:40:00;130345.0;130240.0;130360.0;130230.0;228264;52514
2024-11-01 12:50:00;130245.0;130340.0;130370.0;130225.0;165395;41482
2024-11-04 10:00:00;130790.0;130845.0;130980.0;130775.0;504901;141966
2024-11-04 10:10:00;130840.0;130965.0;131025.0;130820.0;483017;135813
2024-11-04 10:20:00;130970.0;131010.0;131090.0;130710.0;621895;178328
2024-11-04 10:30:00;131010.0;131110.0;131155.0;130990.0;427271;117519
2024-11-04 10:40:00;131110.0;131015.0;131155.0;130960.0;328596;97113
2024-11-04 10:50:00;131010.0;131120.0;131185.0;131010.0;353041;95378
2024-11-04 11:00:00;131125.0;131300.0;131380.0;131090.0;451410;113690
2024-11-04 11:10:00;131300.0;131300.0;131395.0;131255.0;304748;78174
2024-11-04 11:20:00;131295.0;131350.0;131385.0;131215.0;306528;78005
2024-11-04 11:30:00;131350.0;131505.0;131580.0;131300.0;533522;127137
2024-11-04 11:40:00;131505.0;131555.0;131645.0;131500.0;364592;84859
2024-11-04 11:50:00;131550.0;131575.0;131630.0;131495.0;228042;56195
2024-11-04 12:00:00;131575.0;131680.0;131745.0;131540.0;353806;82773
2024-11-04 12:10:00;131685.0;131870.0;131940.0;131680.0;424570;91179
2024-11-04 12:20:00;131870.0;131895.0;131935.0;131790.0;278653;61736
2024-11-04 12:30:00;131890.0;131960.0;131985.0;131835.0;330135;69617
2024-11-04 12:40:00;131960.0;132135.0;132145.0;131940.0;338052;72373
2024-11-04 12:50:00;132130.0;132110.0;132170.0;132070.0;225760;46564
2024-11-05 10:00:00;132005.0;131960.0;132095.0;131860.0;618349;175240
2024-11-05 10:10:00;131960.0;131930.0;131985.0;131690.0;600835;172303
2024-11-05 10:20:00;131925.0;131790.0;131985.0;131690.0;580860;161699
2024-11-05 10:30:00;131790.0;131605.0;131830.0;131560.0;440607;120210
2024-11-05 10:40:00;131605.0;131685.0;131725.0;131580.0;331061;85673
2024-11-05 10:50:00;131680.0;131635.0;131780.0;131590.0;322950;85624
2024-11-05 11:00:00;131630.0;131860.0;131895.0;131620.0;429740;113474
2024-11-05 11:10:00;131860.0;131625.0;131865.0;131570.0;381206;100896
2024-11-05 11:20:00;131620.0;131425.0;131640.0;131300.0;502624;129179
2024-11-05 11:30:00;131420.0;131505.0;131570.0;131360.0;436099;109366
2024-11-05 11:40:00;131510.0;131410.0;131570.0;131365.0;343806;86289
2024-11-05 11:50:00;131415.0;131390.0;131445.0;131230.0;369525;87409
2024-11-05 12:00:00;131390.0;131190.0;131490.0;131175.0;448419;105849
2024-11-05 12:10:00;131185.0;131155.0;131255.0;131130.0;266190;62750
2024-11-05 12:20:00;131160.0;131275.0;131415.0;131130.0;340229;81616
2024-11-05 12:30:00;131280.0;131385.0;131405.0;131240.0;196725;49292
2024-11-05 12:40:00;131390.0;131445.0;131495.0;131330.0;215680;52863
2024-11-05 12:50:00;131445.0;131420.0;131450.0;131340.0;168215;42088
2024-11-06 10:00:00;129910.0;130030.0;130280.0;129780.0;695272;208606
2024-11-06 10:10:00;130035.0;130395.0;130505.0;130030.0;732657;224275
2024-11-06 10:20:00;130395.0;130720.0;130720.0;130330.0;586620;174918
2024-11-06 10:30:00;130715.0;130535.0;130770.0;130495.0;591327;173534
2024-11-06 10:40:00;130535.0;130330.0;130605.0;130275.0;548906;161103
2024-11-06 10:50:00;130330.0;130850.0;130865.0;130305.0;574321;165002
2024-11-06 11:00:00;130855.0;130740.0;130980.0;130725.0;481674;138979
2024-11-06 11:10:00;130745.0;130610.0;130830.0;130520.0;461327;134006
2024-11-06 11:20:00;130610.0;130535.0;130695.0;130420.0;377254;113134
2024-11-06 11:30:00;130535.0;130180.0;130575.0;130160.0;583209;169621
2024-11-06 11:40:00;130185.0;130245.0;130310.0;130105.0;419290;116862
2024-11-06 11:50:00;130245.0;130420.0;130425.0;130210.0;331589;94181
2024-11-06 12:00:00;130425.0;130750.0;130915.0;130375.0;541663;140424
2024-11-06 12:10:00;130745.0;130970.0;131090.0;130675.0;545198;136505
2024-11-06 12:20:00;130970.0;131290.0;131350.0;130930.0;531004;135483
2024-11-06 12:30:00;131295.0;131295.0;131395.0;131200.0;369485;97345
2024-11-06 12:40:00;131300.0;131250.0;131405.0;131175.0;315422;83246
2024-11-06 12:50:00;131250.0;131325.0;131360.0;131210.0;216766;59954
2024-11-07 10:00:00;131030.0;131955.0;131965.0;130955.0;822722;250061
2024-11-07 10:10:00;131955.0;132125.0;132210.0;131805.0;949064;295125
2024-11-07 10:20:00;132125.0;131930.0;132150.0;131630.0;627658;187485
2024-11-07 10:30:00;131935.0;132260.0;132270.0;131830.0;553407;164289
2024-11-07 10:40:00;132265.0;132425.0;132470.0;132225.0;562048;154716
2024-11-07 10:50:00;132430.0;132555.0;132600.0;132325.0;377917;102147
2024-11-07 11:00:00;132555.0;132510.0;132665.0;132450.0;465326;120477
2024-11-07 11:10:00;132515.0;132170.0;132560.0;132160.0;439561;120983
2024-11-07 11:20:00;132165.0;132370.0;132370.0;132055.0;469905;134694
2024-11-07 11:30:00;132370.0;132145.0;132395.0;132105.0;523515;151262
2024-11-07 11:40:00;132140.0;132070.0;132185.0;132020.0;373142;102089
2024-11-07 11:50:00;132070.0;131915.0;132225.0;131905.0;433389;112136
2024-11-07 12:00:00;131910.0;131975.0;132065.0;131900.0;327830;83070
2024-11-07 12:10:00;131980.0;131845.0;131985.0;131785.0;300278;72487
2024-11-07 12:20:00;131840.0;131990.0;132045.0;131820.0;263203;65151
2024-11-07 12:30:00;131995.0;131950.0;132055.0;131850.0;246206;63915
2024-11-07 12:40:00;131950.0;131600.0;131955.0;131540.0;362147;89844
2024-11-07 12:50:00;131600.0;131560.0;131670.0;131515.0;241396;62276
2024-11-08 10:00:00;129070.0;128880.0;129120.0;128770.0;601126;158425
2024-11-08 10:10:00;128880.0;128870.0;129105.0;128725.0;712216;203490
2024-11-08 10:20:00;128870.0;128945.0;128960.0;128660.0;524238;148275
2024-11-08 10:30:00;128945.0;129075.0;129125.0;128925.0;477086;138680
2024-11-08 10:40:00;129075.0;129170.0;129270.0;129025.0;472834;127036
2024-11-08 10:50:00;129170.0;129280.0;129340.0;129070.0;398406;109758
2024-11-08 11:00:00;129280.0;129355.0;129440.0;129155.0;453536;120930
2024-11-08 11:10:00;129360.0;129345.0;129405.0;129285.0;211603;62663
2024-11-08 11:20:00;129345.0;129415.0;129425.0;129160.0;389302;116314
2024-11-08 11:30:00;129415.0;129045.0;129435.0;129020.0;618239;176384
2024-11-08 11:40:00;129045.0;129030.0;129210.0;128930.0;489894;141373
2024-11-08 11:50:00;129030.0;128835.0;129085.0;128760.0;414651;109052
2024-11-08 12:00:00;128840.0;128885.0;128955.0;128760.0;341377;94696
2024-11-08 12:10:00;128885.0;128750.0;128900.0;128720.0;333843;89056
2024-11-08 12:20:00;128750.0;128760.0;128945.0;128665.0;412568;104519
2024-11-08 12:30:00;128760.0;128570.0;128850.0;128520.0;366458;88784
2024-11-08 12:40:00;128565.0;128515.0;128700.0;128485.0;313083;79835
2024-11-08 12:50:00;128515.0;128605.0;128610.0;128435.0;292246;73110
2024-11-11 10:00:00;128475.0;128535.0;128580.0;128330.0;585793;167864
2024-11-11 10:10:00;128535.0;128525.0;128650.0;128300.0;742019;219016
2024-11-11 10:20:00;128525.0;128485.0;128565.0;128370.0;438653;127083
2024-11-11 10:30:00;128485.0;128610.0;128615.0;128405.0;416176;124074
2024-11-11 10:40:00;128610.0;128405.0;128650.0;128340.0;515733;149866
2024-11-11 10:50:00;128405.0;128680.0;128795.0;128365.0;498095;144917
2024-11-11 11:00:00;128675.0;128480.0;128700.0;128465.0;414646;120126
2024-11-11 11:10:00;128480.0;128690.0;128710.0;128470.0;331589;93445
2024-11-11 11:20:00;128690.0;128680.0;128755.0;128615.0;333359;89275
2024-11-11 11:30:00;128680.0;128470.0;128715.0;128405.0;476134;126588
2024-11-11 11:40:00;128470.0;128575.0;128610.0;128440.0;415055;108609
2024-11-11 11:50:00;128575.0;128425.0;128595.0;128385.0;244939;69922
2024-11-11 12:00:00;128425.0;128765.0;128840.0;128375.0;442707;113219
2024-11-11 12:10:00;128765.0;128695.0;128825.0;128685.0;314455;73783
2024-11-11 12:20:00;128695.0;128705.0;128740.0;128665.0;175952;44142
2024-11-11 12:30:00;128705.0;128645.0;128720.0;128585.0;207477;47350
2024-11-11 12:40:00;128645.0;128655.0;128690.0;128515.0;304340;65585
2024-11-11 12:50:00;128645.0;128750.0;128750.0;128605.0;176659;42736
2024-11-12 10:00:00;128945.0;128970.0;129115.0;128865.0;507551;140365
2024-11-12 10:10:00;128970.0;128995.0;129250.0;128920.0;658245;180146
2024-11-12 10:20:00;128995.0;128935.0;129105.0;128775.0;638892;173769
2024-11-12 10:30:00;128935.0;128750.0;129135.0;128715.0;498383;138438
2024-11-12 10:40:00;128755.0;128630.0;128795.0;128485.0;593174;162969
2024-11-12 10:50:00;128635.0;128505.0;128660.0;128405.0;519013;138888
2024-11-12 11:00:00;128505.0;128535.0;128605.0;128400.0;373448;103259
2024-11-12 11:10:00;128535.0;128655.0;128660.0;128445.0;330888;89003
2024-11-12 11:20:00;128655.0;128725.0;128840.0;128620.0;441473;119062
2024-11-12 11:30:00;128725.0;129045.0;129070.0;128650.0;538098;140121
2024-11-12 11:40:00;129045.0;129035.0;129125.0;128910.0;382963;102086
2024-11-12 11:50:00;129035.0;128855.0;129045.0;128775.0;379780;98869
2024-11-12 12:00:00;128855.0;128945.0;129005.0;128825.0;298044;80899
2024-11-12 12:10:00;128945.0;128980.0;129030.0;128865.0;229635;62159
2024-11-12 12:20:00;128975.0;128935.0;129060.0;128885.0;217886;58376
2024-11-12 12:30:00;128935.0;128875.0;128970.0;128865.0;144107;39058
2024-11-12 12:40:00;128875.0;128945.0;129015.0;128815.0;256491;63030
2024-11-12 12:50:00;128945.0;128925.0;128955.0;128840.0;177838;45106
2024-11-13 10:00:00;128570.0;128895.0;128905.0;128525.0;632284;183695
2024-11-13 10:10:00;128895.0;128650.0;128950.0;128525.0;591608;172921
2024-11-13 10:20:00;128645.0;128690.0;128775.0;128585.0;299417;94137
2024-11-13 10:30:00;128690.0;128760.0;129020.0;128600.0;676567;193575
2024-11-13 10:40:00;128760.0;128335.0;128835.0;128275.0;669531;198039
2024-11-13 10:50:00;128330.0;128640.0;128820.0;128325.0;582799;171492
2024-11-13 11:00:00;128645.0;128700.0;128855.0;128495.0;524781;149894
2024-11-13 11:10:00;128695.0;128430.0;128745.0;128385.0;494951;134075
2024-11-13 11:20:00;128425.0;128365.0;128475.0;128250.0;426169;116798
2024-11-13 11:30:00;128365.0;128205.0;128470.0;128180.0;495929;129810
2024-11-13 11:40:00;128200.0;128040.0;128205.0;127960.0;516696;129245
2024-11-13 11:50:00;128040.0;128080.0;128145.0;127905.0;409583;107057
2024-11-13 12:00:00;128080.0;128060.0;128195.0;127940.0;402177;100891
2024-11-13 12:10:00;128055.0;128105.0;128195.0;127990.0;377255;89728
2024-11-13 12:20:00;128105.0;128050.0;128140.0;127960.0;301288;78404
2024-11-13 12:30:00;128050.0;127885.0;128095.0;127870.0;368007;92384
2024-11-13 12:40:00;127885.0;127895.0;128000.0;127820.0;267996;69675
2024-11-13 12:50:00;127895.0;128035.0;128060.0;127865.0;188237;49016
2024-11-14 10:00:00;128515.0;128385.0;128580.0;128375.0;453004;125590
2024-11-14 10:10:00;128385.0;128420.0;128640.0;128350.0;544414;160631
2024-11-14 10:20:00;128415.0;128470.0;128605.0;128385.0;350190;104058
2024-11-14 10:30:00;128475.0;128820.0;128850.0;128375.0;572467;167940
2024-11-14 10:40:00;128820.0;128850.0;128920.0;128510.0;618977;177244
2024-11-14 10:50:00;128850.0;128970.0;128985.0;128750.0;523589;150199
2024-11-14 11:00:00;128970.0;129175.0;129220.0;128875.0;483510;140202
2024-11-14 11:10:00;129180.0;129205.0;129440.0;129155.0;523409;143919
2024-11-14 11:20:00;129205.0;129185.0;129320.0;129075.0;476684;133981
2024-11-14 11:30:00;129190.0;129120.0;129220.0;129035.0;409880;116959
2024-11-14 11:40:00;129115.0;129200.0;129235.0;129050.0;298790;85664
2024-11-14 11:50:00;129200.0;129120.0;129215.0;128935.0;382029;108088
2024-11-14 12:00:00;129120.0;129165.0;129295.0;129090.0;364428;98611
2024-11-14 12:10:00;129165.0;129085.0;129260.0;129060.0;236097;64863
2024-11-14 12:20:00;129090.0;129045.0;129115.0;128930.0;272053;72824
2024-11-14 12:30:00;129050.0;129010.0;129100.0;128960.0;209727;55010
2024-11-14 12:40:00;129015.0;129005.0;129050.0;128970.0;120617;33577
2024-11-14 12:50:00;129000.0;128930.0;129020.0;128885.0;177232;46000
2024-11-18 10:00:00;128390.0;128580.0;128615.0;128275.0;556458;169066
2024-11-18 10:10:00;128580.0;128410.0;128630.0;128315.0;491269;146202
2024-11-18 10:20:00;128400.0;128590.0;128615.0;128380.0;330969;97567
2024-11-18 10:30:00;128585.0;128625.0;128745.0;128500.0;469287;132995
2024-11-18 10:40:00;128620.0;128550.0;128700.0;128410.0;400010;123548
2024-11-18 10:50:00;128550.0;128595.0;128650.0;128510.0;219388;70134
2024-11-18 11:00:00;128595.0;128670.0;128735.0;128585.0;283169;88008
2024-11-18 11:10:00;128670.0;128320.0;128725.0;128290.0;420736;127351
2024-11-18 11:20:00;128320.0;128430.0;128470.0;128225.0;428436;126356
2024-11-18 11:30:00;128430.0;129110.0;129250.0;128425.0;732751;206540
2024-11-18 11:40:00;129110.0;128840.0;129165.0;128785.0;428972;123456
2024-11-18 11:50:00;128840.0;128530.0;128840.0;128445.0;411631;111236
2024-11-18 12:00:00;128535.0;128335.0;128535.0;128315.0;277687;79605
2024-11-18 12:10:00;128330.0;128265.0;128395.0;128250.0;246033;67072
2024-11-18 12:20:00;128265.0;128190.0;128265.0;128105.0;304175;80785
2024-11-18 12:30:00;128190.0;128220.0;128310.0;128180.0;204830;56685
2024-11-18 12:40:00;128225.0;128405.0;128445.0;128200.0;219707;60627
2024-11-18 12:50:00;128405.0;128515.0;128520.0;128395.0;176323;47917
2024-11-19 10:00:00;128690.0;128400.0;128720.0;128270.0;669303;207139
2024-11-19 10:10:00;128400.0;128290.0;128490.0;128220.0;558418;172812
2024-11-19 10:20:00;128290.0;128110.0;128320.0;128070.0;447543;136897
2024-11-19 10:30:00;128110.0;128245.0;128290.0;128045.0;419379;136501
2024-11-19 10:40:00;128240.0;128660.0;128670.0;128200.0;651918;191346
2024-11-19 10:50:00;128660.0;128770.0;128810.0;128535.0;606553;173211
2024-11-19 11:00:00;128765.0;128960.0;129130.0;128735.0;533346;152392
2024-11-19 11:10:00;128955.0;128850.0;129040.0;128745.0;442924;128515
2024-11-19 11:20:00;128850.0;128885.0;128955.0;128765.0;306906;97655
2024-11-19 11:30:00;128885.0;129020.0;129035.0;128730.0;419953;123594
2024-11-19 11:40:00;129025.0;129095.0;129260.0;128965.0;486190;132385
2024-11-19 11:50:00;129095.0;129070.0;129175.0;129010.0;268646;76735
2024-11-19 12:00:00;129065.0;129225.0;129275.0;129035.0;285822;75374
2024-11-19 12:10:00;129225.0;129090.0;129235.0;129080.0;199853;53520
2024-11-19 12:20:00;129090.0;129015.0;129110.0;128945.0;217496;57361
2024-11-19 12:30:00;129015.0;129095.0;129140.0;128895.0;303695;82114
2024-11-19 12:40:00;129100.0;129115.0;129365.0;129095.0;381116;102115
2024-11-19 12:50:00;129115.0;129115.0;129185.0;129060.0;176639;48105
2024-11-21 10:00:00;128340.0;128150.0;128345.0;128080.0;475128;130983
2024-11-21 10:10:00;128145.0;128070.0;128255.0;128020.0;490291;135174
2024-11-21 10:20:00;128065.0;127985.0;128075.0;127855.0;516134;137956
2024-11-21 10:30:00;127985.0;127955.0;128210.0;127870.0;748799;229167
2024-11-21 10:40:00;127950.0;127640.0;127995.0;127620.0;617596;172229
2024-11-21 10:50:00;127640.0;127750.0;127780.0;127605.0;357206;97116
2024-11-21 11:00:00;127750.0;127705.0;127780.0;127490.0;513473;138947
2024-11-21 11:10:00;127705.0;127745.0;127800.0;127605.0;464005;122397
2024-11-21 11:20:00;127740.0;127605.0;127780.0;127580.0;312910;87264
2024-11-21 11:30:00;127600.0;127800.0;127985.0;127585.0;591008;157560
2024-11-21 11:40:00;127805.0;127785.0;127920.0;127690.0;419125;113203
2024-11-21 11:50:00;127790.0;127610.0;127805.0;127540.0;425724;111385
2024-11-21 12:00:00;127610.0;127705.0;127785.0;127350.0;606815;159679
2024-11-21 12:10:00;127705.0;127800.0;127830.0;127700.0;257194;66107
2024-11-21 12:20:00;127800.0;127685.0;127805.0;127575.0;332953;88159
2024-11-21 12:30:00;127680.0;127625.0;127775.0;127600.0;231446;58281
2024-11-21 12:40:00;127630.0;127630.0;127685.0;127515.0;277207;68031
2024-11-21 12:50:00;127625.0;127695.0;127740.0;127595.0;187524;44912
2024-11-22 10:00:00;128695.0;128670.0;128760.0;128540.0;656941;179488
2024-11-22 10:10:00;128675.0;128550.0;128730.0;128420.0;585766;166552
2024-11-22 10:20:00;128545.0;128505.0;128655.0;128425.0;454124;128721
2024-11-22 10:30:00;128505.0;128220.0;128520.0;128220.0;481285;136493
2024-11-22 10:40:00;128220.0;128270.0;128390.0;128160.0;552668;156004
2024-11-22 10:50:00;128265.0;128080.0;128380.0;128050.0;480824;137617
2024-11-22 11:00:00;128075.0;128415.0;128425.0;128030.0;566631;161666
2024-11-22 11:10:00;128420.0;128200.0;128425.0;128155.0;422059;121054
2024-11-22 11:20:00;128200.0;128290.0;128310.0;128085.0;291954;84628
2024-11-22 11:30:00;128290.0;128460.0;128525.0;128215.0;467279;129413
2024-11-22 11:40:00;128460.0;128400.0;128520.0;128315.0;384109;101213
2024-11-22 11:50:00;128400.0;128355.0;128480.0;128270.0;314810;86652
2024-11-22 12:00:00;128350.0;128600.0;128670.0;128320.0;406243;108213
2024-11-22 12:10:00;128600.0;128745.0;128755.0;128510.0;346828;93173
2024-11-22 12:20:00;128750.0;128895.0;128910.0;128725.0;371909;95459
2024-11-22 12:30:00;128890.0;128985.0;129020.0;128835.0;272347;70515
2024-11-22 12:40:00;128980.0;129075.0;129095.0;128955.0;230769;58482
2024-11-22 12:50:00;129075.0;129055.0;129135.0;128975.0;274105;66828
2024-11-25 10:00:00;129850.0;129925.0;129980.0;129740.0;413986;127436
2024-11-25 10:10:00;129925.0;129885.0;130010.0;129750.0;550004;165008
2024-11-25 10:20:00;129880.0;130095.0;130200.0;129825.0;513910;161405
2024-11-25 10:30:00;130100.0;129795.0;130145.0;129775.0;494552;153338
2024-11-25 10:40:00;129790.0;129680.0;129860.0;129660.0;472371;135464
2024-11-25 10:50:00;129685.0;129750.0;129790.0;129610.0;377238;103939
2024-11-25 11:00:00;129745.0;129725.0;129860.0;129595.0;439176;124226
2024-11-25 11:10:00;129725.0;129760.0;129835.0;129650.0;369562;105589
2024-11-25 11:20:00;129765.0;129785.0;129825.0;129650.0;304226;87994
2024-11-25 11:30:00;129785.0;129815.0;129885.0;129720.0;363288;101472
2024-11-25 11:40:00;129810.0;129845.0;129895.0;129685.0;308266;85867
2024-11-25 11:50:00;129840.0;129875.0;129980.0;129790.0;326648;90301
2024-11-25 12:00:00;129875.0;129820.0;129920.0;129740.0;349330;89448
2024-11-25 12:10:00;129825.0;129895.0;129940.0;129750.0;211455;55365
2024-11-25 12:20:00;129895.0;129945.0;129975.0;129790.0;194762;53752
2024-11-25 12:30:00;129950.0;129930.0;130000.0;129905.0;180240;46994
2024-11-25 12:40:00;129925.0;129765.0;129930.0;129750.0;226220;60848
2024-11-25 12:50:00;129765.0;129720.0;129840.0;129690.0;216940;56684
2024-11-26 10:00:00;130205.0;130110.0;130320.0;130075.0;472733;150368
2024-11-26 10:10:00;130105.0;130010.0;130150.0;129990.0;353852;111994
2024-11-26 10:20:00;130010.0;129940.0;130035.0;129765.0;597577;175304
2024-11-26 10:30:00;129935.0;130465.0;130555.0;129930.0;864036;243930
2024-11-26 10:40:00;130465.0;130475.0;130620.0;130380.0;579266;155838
2024-11-26 10:50:00;130470.0;130350.0;130485.0;130315.0;321583;92614
2024-11-26 11:00:00;130350.0;130295.0;130380.0;130215.0;333934;97292
2024-11-26 11:10:00;130290.0;130110.0;130305.0;130060.0;320396;91159
2024-11-26 11:20:00;130110.0;130420.0;130505.0;130030.0;588016;160703
2024-11-26 11:30:00;130425.0;130150.0;130430.0;130055.0;542938;147565
2024-11-26 11:40:00;130150.0;130350.0;130400.0;130060.0;425860;116153
2024-11-26 11:50:00;130345.0;130435.0;130485.0;130300.0;275102;73537
2024-11-26 12:00:00;130435.0;130625.0;130725.0;130335.0;460383;120559
2024-11-26 12:10:00;130630.0;130625.0;130680.0;130545.0;277665;73399
2024-11-26 12:20:00;130625.0;130585.0;130750.0;130575.0;249212;67155
2024-11-26 12:30:00;130585.0;130765.0;130800.0;130550.0;267430;71077
2024-11-26 12:40:00;130765.0;130785.0;130820.0;130750.0;143711;36876
2024-11-26 12:50:00;130785.0;130670.0;130845.0;130610.0;262179;69203
2024-11-27 10:00:00;130515.0;130800.0;130915.0;130490.0;604560;169886
2024-11-27 10:10:00;130800.0;130635.0;130800.0;130535.0;615512;176462
2024-11-27 10:20:00;130635.0;130495.0;130675.0;130360.0;504390;148329
2024-11-27 10:30:00;130495.0;130485.0;130555.0;130330.0;436273;133073
2024-11-27 10:40:00;130485.0;130290.0;130585.0;130240.0;532052;158798
2024-11-27 10:50:00;130290.0;130265.0;130405.0;130230.0;337685;100142
2024-11-27 11:00:00;130270.0;130420.0;130530.0;130175.0;586564;165261
2024-11-27 11:10:00;130415.0;130270.0;130500.0;130260.0;372202;108294
2024-11-27 11:20:00;130275.0;130340.0;130385.0;130140.0;374623;105484
2024-11-27 11:30:00;130345.0;130515.0;130595.0;130330.0;423925;119190
2024-11-27 11:40:00;130515.0;130655.0;130670.0;130515.0;287905;82004
2024-11-27 11:50:00;130655.0;130510.0;130690.0;130410.0;342910;96569
2024-11-27 12:00:00;130515.0;130270.0;130545.0;130200.0;458355;118943
2024-11-27 12:10:00;130270.0;130210.0;130350.0;130180.0;277437;72687
2024-11-27 12:20:00;130210.0;130170.0;130310.0;130120.0;255631;64282
2024-11-27 12:30:00;130165.0;130160.0;130205.0;130030.0;339399;86163
2024-11-27 12:40:00;130160.0;130140.0;130180.0;129950.0;380070;91844
2024-11-27 12:50:00;130145.0;130035.0;130215.0;130005.0;266383;64940
2024-11-28 10:00:00;127670.0;127785.0;127850.0;127570.0;401107;119678
2024-11-28 10:10:00;127785.0;127500.0;127840.0;127410.0;543375;156554
2024-11-28 10:20:00;127500.0;127200.0;127550.0;127145.0;564679;153326
2024-11-28 10:30:00;127200.0;127325.0;127375.0;127080.0;512677;145303
2024-11-28 10:40:00;127330.0;127250.0;127390.0;127170.0;347604;107554
2024-11-28 10:50:00;127250.0;127150.0;127360.0;127125.0;293025;85782
2024-11-28 11:00:00;127155.0;127045.0;127225.0;126985.0;409321;105148
2024-11-28 11:10:00;127040.0;126625.0;127060.0;126555.0;581816;147887
2024-11-28 11:20:00;126620.0;126685.0;126865.0;126585.0;450225;119115
2024-11-28 11:30:00;126685.0;126655.0;126800.0;126625.0;257857;68084
2024-11-28 11:40:00;126660.0;126600.0;126675.0;126510.0;305438;76957
2024-11-28 11:50:00;126595.0;126715.0;126775.0;126575.0;252639;64205
2024-11-28 12:00:00;126710.0;126745.0;126750.0;126655.0;155494;38562
2024-11-28 12:10:00;126745.0;126635.0;126825.0;126630.0;252212;63111
2024-11-28 12:20:00;126635.0;126380.0;126655.0;126325.0;417763;97550
2024-11-28 12:30:00;126380.0;126465.0;126510.0;126370.0;198535;48480
2024-11-28 12:40:00;126460.0;126435.0;126550.0;126410.0;162574;40588
2024-11-28 12:50:00;126435.0;126325.0;126455.0;126300.0;181629;42353
2024-11-29 10:00:00;125250.0;125010.0;125475.0;124925.0;871812;277070
2024-11-29 10:10:00;125005.0;124895.0;125160.0;124590.0;862941;266407
2024-11-29 10:20:00;124895.0;125050.0;125230.0;124830.0;527954;186040
2024-11-29 10:30:00;125050.0;124865.0;125090.0;124800.0;395135;139583
2024-11-29 10:40:00;124865.0;124615.0;124905.0;124570.0;398366;132606
2024-11-29 10:50:00;124615.0;124730.0;124750.0;124495.0;310878;97089
2024-11-29 11:00:00;124725.0;124780.0;125065.0;124680.0;451881;151775
2024-11-29 11:10:00;124780.0;124595.0;124810.0;124565.0;257472;86199
2024-11-29 11:20:00;124590.0;124635.0;124680.0;124405.0;353050;113192
2024-11-29 11:30:00;124635.0;124625.0;124960.0;124520.0;550447;171547
2024-11-29 11:40:00;124625.0;124880.0;125025.0;124535.0;444373;144464
2024-11-29 11:50:00;124885.0;125260.0;125670.0;124800.0;796644;263528
2024-11-29 12:00:00;125265.0;125410.0;125440.0;125175.0;415925;149573
2024-11-29 12:10:00;125410.0;125395.0;125535.0;125215.0;324077;111610
2024-11-29 12:20:00;125395.0;125415.0;125490.0;125280.0;242799;84845
2024-11-29 12:30:00;125415.0;125540.0;125610.0;125390.0;299145;102138
2024-11-29 12:40:00;125535.0;125410.0;125700.0;125365.0;304838;102264
2024-11-29 12:50:00;125410.0;125935.0;126050.0;125400.0;448308;144842
2024-12-02 10:00:00;125805.0;125850.0;125945.0;125610.0;509241;154066
2024-12-02 10:10:00;125850.0;125620.0;125865.0;125520.0;504685;153376
2024-12-02 10:20:00;125620.0;125580.0;125650.0;125505.0;338105;95136
2024-12-02 10:30:00;125580.0;125160.0;125620.0;125125.0;558254;157668
2024-12-02 10:40:00;125165.0;125420.0;125480.0;125100.0;534968;143963
2024-12-02 10:50:00;125415.0;125565.0;125615.0;125275.0;441000;130417
2024-12-02 11:00:00;125565.0;125560.0;125605.0;125310.0;409035;122797
2024-12-02 11:10:00;125555.0;125505.0;125720.0;125285.0;644180;181359
2024-12-02 11:20:00;125500.0;125600.0;125795.0;125440.0;481479;142171
2024-12-02 11:30:00;125600.0;125605.0;125690.0;125395.0;472158;142219
2024-12-02 11:40:00;125600.0;125880.0;125900.0;125510.0;404998;119093
2024-12-02 11:50:00;125885.0;125855.0;125895.0;125670.0;308118;88036
2024-12-02 12:00:00;125860.0;125910.0;126060.0;125755.0;446053;121729
2024-12-02 12:10:00;125915.0;125840.0;125975.0;125690.0;352698;95994
2024-12-02 12:20:00;125835.0;125855.0;126000.0;125760.0;258119;75584
2024-12-02 12:30:00;125855.0;125580.0;125855.0;125580.0;259072;73204
2024-12-02 12:40:00;125585.0;125605.0;125640.0;125435.0;340502;93654
2024-12-02 12:50:00;125605.0;125630.0;125645.0;125520.0;152335;44665
2024-12-03 10:00:00;125985.0;126130.0;126190.0;125800.0;643408;191049
2024-12-03 10:10:00;126125.0;126700.0;126750.0;126065.0;821474;237356
2024-12-03 10:20:00;126700.0;126470.0;126825.0;126410.0;573442;162322
2024-12-03 10:30:00;126465.0;126305.0;126555.0;126270.0;471916;135878
2024-12-03 10:40:00;126305.0;126080.0;126500.0;126050.0;519879;147590
2024-12-03 10:50:00;126080.0;126355.0;126415.0;126060.0;479409;131837
2024-12-03 11:00:00;126355.0;126375.0;126390.0;126140.0;431011;121863
2024-12-03 11:10:00;126375.0;126290.0;126435.0;126245.0;355088;107092
2024-12-03 11:20:00;126295.0;126070.0;126335.0;126040.0;457181;134007
2024-12-03 11:30:00;126070.0;125980.0;126260.0;125890.0;574314;161927
2024-12-03 11:40:00;125980.0;126200.0;126320.0;125905.0;434047;119816
2024-12-03 11:50:00;126200.0;126215.0;126290.0;126110.0;318622;91082
2024-12-03 12:00:00;126215.0;126065.0;126220.0;125885.0;438780;123708
2024-12-03 12:10:00;126070.0;126100.0;126250.0;126030.0;368041;106448
2024-12-03 12:20:00;126105.0;126020.0;126260.0;126015.0;306655;87534
2024-12-03 12:30:00;126025.0;126030.0;126130.0;125980.0;257325;74176
2024-12-03 12:40:00;126030.0;126070.0;126090.0;125945.0;180660;53088
2024-12-03 12:50:00;126070.0;125990.0;126085.0;125955.0;184371;52403
2024-12-04 10:00:00;126215.0;126535.0;126560.0;126130.0;590406;176192
2024-12-04 10:10:00;126540.0;126505.0;126630.0;126395.0;469292;153691
2024-12-04 10:20:00;126505.0;126525.0;126580.0;126310.0;436909;138217
2024-12-04 10:30:00;126530.0;126670.0;126675.0;126440.0;386276;113015
2024-12-04 10:40:00;126670.0;126670.0;126700.0;126505.0;462344;134624
2024-12-04 10:50:00;126670.0;126610.0;126800.0;126555.0;445678;123209
2024-12-04 11:00:00;126605.0;126690.0;126715.0;126520.0;371792;107277
2024-12-04 11:10:00;126690.0;126590.0;126725.0;126555.0;269841;77273
2024-12-04 11:20:00;126590.0;126810.0;126870.0;126560.0;357633;98445
2024-12-04 11:30:00;126810.0;126885.0;126885.0;126640.0;403846;111252
2024-12-04 11:40:00;126880.0;127050.0;127125.0;126870.0;452692;124016
2024-12-04 11:50:00;127045.0;127005.0;127065.0;126905.0;226675;64977
2024-12-04 12:00:00;127005.0;126705.0;127030.0;126700.0;313376;87140
2024-12-04 12:10:00;126705.0;126615.0;126775.0;126565.0;341364;89350
2024-12-04 12:20:00;126610.0;126750.0;126820.0;126610.0;338939;91863
2024-12-04 12:30:00;126750.0;126825.0;126850.0;126660.0;251102;70563
2024-12-04 12:40:00;126820.0;126965.0;127090.0;126800.0;376554;98099
2024-12-04 12:50:00;126965.0;126925.0;127075.0;126905.0;209345;57913
2024-12-05 10:00:00;127390.0;127715.0;127745.0;127380.0;687796;187724
2024-12-05 10:10:00;127715.0;127920.0;127950.0;127645.0;612226;161512
2024-12-05 10:20:00;127915.0;127815.0;127935.0;127690.0;468744;135714
2024-12-05 10:30:00;127810.0;127935.0;128010.0;127765.0;494875;135688
2024-12-05 10:40:00;127935.0;128005.0;128060.0;127890.0;343954;94355
2024-12-05 10:50:00;128005.0;128030.0;128130.0;127950.0;348320;92287
2024-12-05 11:00:00;128030.0;128145.0;128185.0;127935.0;391371;102066
2024-12-05 11:10:00;128145.0;128010.0;128150.0;127870.0;458593;121205
2024-12-05 11:20:00;128010.0;127980.0;128115.0;127865.0;392525;105933
2024-12-05 11:30:00;127980.0;128110.0;128205.0;127940.0;493529;128307
2024-12-05 11:40:00;128115.0;128330.0;128365.0;128055.0;547260;138626
2024-12-05 11:50:00;128335.0;128290.0;128340.0;128200.0;250990;66029
2024-12-05 12:00:00;128290.0;128140.0;128395.0;128105.0;348860;88670
2024-12-05 12:10:00;128140.0;128255.0;128270.0;128110.0;218555;56323
2024-12-05 12:20:00;128250.0;128100.0;128300.0;128085.0;266408;66701
2024-12-05 12:30:00;128105.0;128135.0;128175.0;128060.0;227421;57077
2024-12-05 12:40:00;128135.0;128010.0;128145.0;128000.0;189031;47088
2024-12-05 12:50:00;128010.0;128110.0;128170.0;127990.0;199076;48360
2024-12-06 10:00:00;127705.0;127710.0;127810.0;127555.0;445432;136565
2024-12-06 10:10:00;127715.0;127760.0;127900.0;127685.0;413764;123305
2024-12-06 10:20:00;127755.0;127745.0;127850.0;127640.0;345697;100174
2024-12-06 10:30:00;127750.0;127735.0;127970.0;127500.0;622259;196171
2024-12-06 10:40:00;127740.0;127645.0;127820.0;127510.0;475004;150809
2024-12-06 10:50:00;127645.0;127655.0;127765.0;127515.0;377735;117331
2024-12-06 11:00:00;127655.0;127450.0;127680.0;127420.0;429372;126972
2024-12-06 11:10:00;127450.0;127330.0;127520.0;127310.0;368140;107083
2024-12-06 11:20:00;127330.0;127480.0;127510.0;127275.0;369202;107840
2024-12-06 11:30:00;127480.0;127150.0;127535.0;127080.0;510552;140403
2024-12-06 11:40:00;127150.0;127020.0;127155.0;126980.0;393036;105507
2024-12-06 11:50:00;127020.0;126770.0;127035.0;126715.0;426740;105837
2024-12-06 12:00:00;126770.0;126735.0;126800.0;126560.0;444680;106878
2024-12-06 12:10:00;126730.0;126595.0;126735.0;126410.0;484791;109762
2024-12-06 12:20:00;126595.0;126500.0;126595.0;126430.0;278229;68023
2024-12-06 12:30:00;126495.0;126545.0;126615.0;126450.0;223650;58565
2024-12-06 12:40:00;126545.0;126365.0;126550.0;126345.0;287988;71223
2024-12-06 12:50:00;126360.0;126570.0;126595.0;126350.0;271790;69378
2024-12-09 10:00:00;126795.0;127075.0;127080.0;126745.0;450601;131513
2024-12-09 10:10:00;127080.0;127110.0;127315.0;127045.0;504676;146032
2024-12-09 10:20:00;127110.0;127155.0;127230.0;127050.0;355450;99029
2024-12-09 10:30:00;127160.0;127080.0;127270.0;126980.0;441577;126546
2024-12-09 10:40:00;127080.0;127445.0;127490.0;127075.0;436350;127867
2024-12-09 10:50:00;127440.0;127335.0;127495.0;127285.0;329773;94664
2024-12-09 11:00:00;127335.0;127530.0;127540.0;127280.0;391586;109675
2024-12-09 11:10:00;127530.0;127400.0;127565.0;127370.0;277989;78204
2024-12-09 11:20:00;127400.0;127370.0;127520.0;127345.0;268052;77932
2024-12-09 11:30:00;127370.0;127650.0;127685.0;127360.0;449668;126717
2024-12-09 11:40:00;127655.0;127580.0;127735.0;127535.0;279169;78637
2024-12-09 11:50:00;127575.0;127540.0;127760.0;127525.0;318909;87884
2024-12-09 12:00:00;127540.0;127690.0;127770.0;127500.0;284280;78650
2024-12-09 12:10:00;127690.0;127490.0;127740.0;127490.0;254230;71283
2024-12-09 12:20:00;127490.0;127270.0;127530.0;127225.0;392312;105426
2024-12-09 12:30:00;127275.0;127510.0;127515.0;127265.0;281821;77426
2024-12-09 12:40:00;127515.0;127425.0;127580.0;127365.0;331609;86116
2024-12-09 12:50:00;127420.0;127440.0;127520.0;127385.0;169273;48227
2024-12-10 10:00:00;128450.0;128045.0;128545.0;128020.0;625080;186463
2024-12-10 10:10:00;128040.0;128175.0;128185.0;127905.0;550023;161179
2024-12-10 10:20:00;128175.0;128290.0;128345.0;128100.0;494917;152282
2024-12-10 10:30:00;128290.0;128675.0;128750.0;128260.0;596953;170715
2024-12-10 10:40:00;128680.0;128555.0;128695.0;128480.0;384125;109152
2024-12-10 10:50:00;128555.0;128310.0;128575.0;128305.0;443698;128945
2024-12-10 11:00:00;128310.0;128350.0;128455.0;128255.0;362678;110398
2024-12-10 11:10:00;128355.0;128235.0;128375.0;128200.0;244040;70571
2024-12-10 11:20:00;128235.0;128410.0;128425.0;128110.0;340918;101186
2024-12-10 11:30:00;128410.0;128635.0;128740.0;128395.0;581720;154809
2024-12-10 11:40:00;128635.0;128340.0;128640.0;128315.0;417559;110723
2024-12-10 11:50:00;128340.0;128395.0;128485.0;128290.0;291553;80999
2024-12-10 12:00:00;128395.0;128280.0;128465.0;128265.0;228851;64800
2024-12-10 12:10:00;128275.0;128350.0;128400.0;128240.0;272127;68625
2024-12-10 12:20:00;128345.0;128335.0;128380.0;128190.0;266100;69623
2024-12-10 12:30:00;128335.0;128495.0;128520.0;128325.0;223842;58899
2024-12-10 12:40:00;128500.0;128475.0;128520.0;128425.0;154597;42430
2024-12-10 12:50:00;128475.0;128325.0;128500.0;128270.0;194879;54132
2024-12-11 10:00:00;128570.0;128960.0;129025.0;128455.0;755041;218415
2024-12-11 10:10:00;128965.0;128590.0;128995.0;128520.0;631306;186743
2024-12-11 10:20:00;128590.0;128805.0;128845.0;128540.0;428468;130407
2024-12-11 10:30:00;128800.0;128615.0;128960.0;128505.0;609529;190566
2024-12-11 10:40:00;128615.0;128385.0;128725.0;128350.0;467715;144375
2024-12-11 10:50:00;128380.0;128335.0;128545.0;128305.0;448714;134348
2024-12-11 11:00:00;128335.0;128435.0;128575.0;128330.0;399771;116709
2024-12-11 11:10:00;128435.0;128515.0;128575.0;128360.0;283523;85044
2024-12-11 11:20:00;128510.0;128440.0;128615.0;128395.0;335950;93756
2024-12-11 11:30:00;128440.0;128195.0;128445.0;128065.0;550584;157578
2024-12-11 11:40:00;128190.0;127925.0;128200.0;127850.0;402968;103422
2024-12-11 11:50:00;127925.0;127890.0;128015.0;127820.0;302392;78586
2024-12-11 12:00:00;127895.0;127570.0;127930.0;127560.0;437003;113492
2024-12-11 12:10:00;127565.0;127625.0;127655.0;127525.0;270921;69014
2024-12-11 12:20:00;127630.0;127760.0;127775.0;127590.0;220235;57058
2024-12-11 12:30:00;127760.0;127770.0;127810.0;127655.0;244301;62793
2024-12-11 12:40:00;127765.0;127730.0;127800.0;127710.0;148968;40468
2024-12-11 12:50:00;127725.0;127970.0;127980.0;127715.0;234208;61958
2024-12-12 10:00:00;128495.0;128280.0;128545.0;128265.0;479307;128176
2024-12-12 10:10:00;128285.0;128395.0;128460.0;128270.0;336877;92294
2024-12-12 10:20:00;128395.0;127945.0;128405.0;127805.0;617799;169909
2024-12-12 10:30:00;127945.0;127685.0;128000.0;127635.0;529057;143661
2024-12-12 10:40:00;127690.0;127755.0;127785.0;127605.0;343628;92896
2024-12-12 10:50:00;127755.0;127620.0;127780.0;127560.0;289999;78988
2024-12-12 11:00:00;127615.0;127390.0;127620.0;127335.0;517179;136335
2024-12-12 11:10:00;127390.0;127315.0;127465.0;127210.0;528657;144863
2024-12-12 11:20:00;127310.0;127400.0;127415.0;127205.0;345213;93638
2024-12-12 11:30:00;127395.0;127195.0;127415.0;127045.0;557556;143234
2024-12-12 11:40:00;127200.0;127325.0;127410.0;127140.0;376361;99007
2024-12-12 11:50:00;127325.0;127320.0;127370.0;127230.0;270296;76896
2024-12-12 12:00:00;127320.0;127115.0;127345.0;127085.0;324622;81797
2024-12-12 12:10:00;127110.0;126970.0;127115.0;126880.0;374652;92139
2024-12-12 12:20:00;126970.0;127010.0;127055.0;126945.0;177715;49336
2024-12-12 12:30:00;127010.0;126885.0;127020.0;126830.0;320033;78360
2024-12-12 12:40:00;126880.0;126815.0;126915.0;126750.0;330317;76690
2024-12-12 12:50:00;126815.0;126820.0;126945.0;126725.0;263030;67449
2024-12-13 10:00:00;126165.0;126250.0;126320.0;126070.0;465310;135914
2024-12-13 10:10:00;126250.0;126005.0;126285.0;125915.0;560199;164849
2024-12-13 10:20:00;126000.0;126170.0;126220.0;125950.0;382827;114818
2024-12-13 10:30:00;126165.0;126130.0;126195.0;126010.0;370274;102921
2024-12-13 10:40:00;126130.0;126130.0;126280.0;126040.0;376332;108269
2024-12-13 10:50:00;126130.0;125915.0;126195.0;125855.0;381848;105384
2024-12-13 11:00:00;125920.0;125975.0;126095.0;125790.0;549302;161588
2024-12-13 11:10:00;125980.0;125985.0;126035.0;125860.0;253090;78403
2024-12-13 11:20:00;125985.0;125925.0;126050.0;125885.0;198363;59440
2024-12-13 11:30:00;125925.0;125650.0;125985.0;125475.0;635433;167437
2024-12-13 11:40:00;125655.0;125670.0;125750.0;125560.0;290572;83616
2024-12-13 11:50:00;125675.0;125620.0;125695.0;125595.0;196960;53074
2024-12-13 12:00:00;125620.0;125565.0;125655.0;125520.0;210089;59199
2024-12-13 12:10:00;125565.0;125380.0;125580.0;125350.0;311575;80853
2024-12-13 12:20:00;125380.0;125440.0;125470.0;125375.0;154068;41820
2024-12-13 12:30:00;125445.0;125580.0;125590.0;125395.0;190576;54100
2024-12-13 12:40:00;125580.0;125595.0;125685.0;125505.0;241347;66065
2024-12-13 12:50:00;125590.0;125620.0;125640.0;125545.0;138432;38255
2024-12-16 10:00:00;124915.0;124715.0;124980.0;124635.0;395790;124685
2024-12-16 10:10:00;124715.0;124685.0;124850.0;124635.0;319542;97764
2024-12-16 10:20:00;124690.0;124940.0;125020.0;124680.0;311978;99571
2024-12-16 10:30:00;124940.0;124900.0;125010.0;124850.0;306345;93571
2024-12-16 10:40:00;124905.0;124790.0;124945.0;124710.0;288917;90715
2024-12-16 10:50:00;124790.0;124785.0;124880.0;124755.0;234298;73569
2024-12-16 11:00:00;124785.0;124635.0;124795.0;124570.0;353868;104610
2024-12-16 11:10:00;124640.0;124500.0;124660.0;124375.0;475364;139802
2024-12-16 11:20:00;124495.0;124385.0;124615.0;124360.0;363761;111857
2024-12-16 11:30:00;124385.0;124670.0;124690.0;124295.0;544334;159531
2024-12-16 11:40:00;124670.0;124675.0;124790.0;124605.0;338923;93856
2024-12-16 11:50:00;124675.0;124705.0;124825.0;124610.0;288956;84007
2024-12-16 12:00:00;124700.0;124600.0;124720.0;124510.0;255835;75159
2024-12-16 12:10:00;124595.0;124510.0;124600.0;124430.0;217357;65641
2024-12-16 12:20:00;124510.0;124495.0;124595.0;124450.0;170141;50885
2024-12-16 12:30:00;124490.0;124515.0;124540.0;124340.0;234034;68903
2024-12-16 12:40:00;124515.0;124490.0;124560.0;124425.0;145686;44196
2024-12-16 12:50:00;124490.0;124660.0;124740.0;124440.0;253464;72513
2024-12-17 10:00:00;124045.0;123880.0;124075.0;123795.0;345886;114056
2024-12-17 10:10:00;123880.0;123695.0;123925.0;123580.0;414941;141889
2024-12-17 10:20:00;123695.0;123655.0;123850.0;123625.0;313432;102485
2024-12-17 10:30:00;123655.0;123945.0;123965.0;123650.0;312890;103424
2024-12-17 10:40:00;123950.0;124085.0;124185.0;123935.0;429309;138402
2024-12-17 10:50:00;124080.0;124470.0;124510.0;124065.0;469897;139061
2024-12-17 11:00:00;124475.0;124315.0;124535.0;124245.0;429939;131486
2024-12-17 11:10:00;124320.0;124065.0;124410.0;124055.0;379520;121594
2024-12-17 11:20:00;124070.0;124080.0;124225.0;124030.0;300989;93181
2024-12-17 11:30:00;124085.0;124085.0;124200.0;123875.0;464154;137505
2024-12-17 11:40:00;124085.0;123825.0;124150.0;123795.0;383636;110426
2024-12-17 11:50:00;123825.0;123890.0;123900.0;123695.0;326769;89752
2024-12-17 12:00:00;123895.0;123810.0;123925.0;123790.0;254303;74811
2024-12-17 12:10:00;123810.0;123900.0;124045.0;123785.0;396233;111048
2024-12-17 12:20:00;123900.0;124215.0;124340.0;123840.0;512717;148108
2024-12-17 12:30:00;124215.0;124235.0;124365.0;124170.0;311609;101785
2024-12-17 12:40:00;124235.0;124100.0;124250.0;123970.0;292573;92115
2024-12-17 12:50:00;124100.0;124240.0;124310.0;124090.0;256377;75056
2024-12-18 10:00:00;125835.0;125880.0;126025.0;125785.0;327119;110870
2024-12-18 10:10:00;125880.0;125725.0;125985.0;125680.0;366458;126581
2024-12-18 10:20:00;125720.0;125680.0;125785.0;125590.0;340746;111944
2024-12-18 10:30:00;125680.0;126035.0;126035.0;125635.0;305176;102426
2024-12-18 10:40:00;126030.0;125745.0;126045.0;125705.0;321052;107575
2024-12-18 10:50:00;125745.0;125560.0;125835.0;125470.0;347524;113418
2024-12-18 11:00:00;125565.0;125600.0;125680.0;125495.0;278706;92714
2024-12-18 11:10:00;125595.0;125700.0;125745.0;125580.0;220536;71818
2024-12-18 11:20:00;125695.0;125420.0;125715.0;125405.0;341370;106326
2024-12-18 11:30:00;125420.0;125275.0;125485.0;125210.0;490870;152488
2024-12-18 11:40:00;125275.0;125075.0;125380.0;125030.0;335285;102995
2024-12-18 11:50:00;125080.0;124895.0;125115.0;124870.0;285814;82324
2024-12-18 12:00:00;124895.0;124690.0;124925.0;124610.0;412506;113734
2024-12-18 12:10:00;124690.0;124510.0;124700.0;124390.0;338598;92518
2024-12-18 12:20:00;124510.0;124520.0;124545.0;124330.0;307602;87464
2024-12-18 12:30:00;124520.0;124530.0;124740.0;124410.0;344909;102014
2024-12-18 12:40:00;124535.0;124390.0;124545.0;124380.0;209635;61204
2024-12-18 12:50:00;124390.0;124395.0;124490.0;124300.0;239649;69526
2024-12-19 10:00:00;123360.0;123180.0;123435.0;123135.0;383464;127898
2024-12-19 10:10:00;123180.0;123205.0;123265.0;122900.0;582491;193158
2024-12-19 10:20:00;123205.0;123280.0;123485.0;123065.0;578659;195418
2024-12-19 10:30:00;123285.0;123090.0;123435.0;123090.0;380398;129516
2024-12-19 10:40:00;123090.0;123030.0;123260.0;122985.0;543476;177399
2024-12-19 10:50:00;123030.0;123330.0;123545.0;122960.0;637648;202960
2024-12-19 11:00:00;123330.0;123350.0;123595.0;123155.0;696593;211201
2024-12-19 11:10:00;123350.0;123365.0;123680.0;123305.0;475183;142910
2024-12-19 11:20:00;123370.0;123400.0;123560.0;123310.0;300168;89887
2024-12-19 11:30:00;123405.0;123320.0;123605.0;123270.0;401754;118127
2024-12-19 11:40:00;123315.0;123235.0;123415.0;123070.0;364626;117709
2024-12-19 11:50:00;123240.0;123485.0;123555.0;123225.0;401809;121606
2024-12-19 12:00:00;123490.0;123125.0;123495.0;123050.0;450262;131872
2024-12-19 12:10:00;123125.0;123085.0;123265.0;122975.0;305843;91803
2024-12-19 12:20:00;123090.0;123420.0;123465.0;123045.0;246468;74816
2024-12-19 12:30:00;123420.0;123335.0;123490.0;123255.0;257000;79060
2024-12-19 12:40:00;123335.0;123285.0;123405.0;123235.0;181527;54644
2024-12-19 12:50:00;123285.0;123415.0;123425.0;123215.0;195054;56768
2024-12-20 10:00:00;122730.0;122650.0;122780.0;122615.0;262751;91823
2024-12-20 10:10:00;122650.0;122565.0;122720.0;122510.0;347429;116642
2024-12-20 10:20:00;122560.0;122560.0;122630.0;122385.0;368087;121406
2024-12-20 10:30:00;122565.0;122705.0;122810.0;122555.0;400851;130145
2024-12-20 10:40:00;122700.0;122490.0;122750.0;122435.0;327512;105544
2024-12-20 10:50:00;122495.0;122530.0;122590.0;122370.0;308714;102291
2024-12-20 11:00:00;122525.0;122790.0;122890.0;122515.0;398076;127666
2024-12-20 11:10:00;122790.0;123085.0;123145.0;122785.0;406672;129190
2024-12-20 11:20:00;123090.0;122925.0;123150.0;122885.0;285165;90677
2024-12-20 11:30:00;122925.0;122985.0;123165.0;122770.0;457360;141412
2024-12-20 11:40:00;122990.0;122885.0;123080.0;122680.0;347901;108814
2024-12-20 11:50:00;122885.0;122840.0;122920.0;122790.0;201900;62323
2024-12-20 12:00:00;122845.0;123015.0;123085.0;122815.0;262992;77862
2024-12-20 12:10:00;123020.0;122995.0;123095.0;122940.0;185006;61066
2024-12-20 12:20:00;122995.0;122965.0;123025.0;122905.0;161583;51123
2024-12-20 12:30:00;122965.0;123125.0;123140.0;122900.0;203512;61909
2024-12-20 12:40:00;123130.0;122945.0;123160.0;122920.0;168329;52420
2024-12-20 12:50:00;122945.0;122945.0;123010.0;122820.0;228159;66838
2024-12-23 10:00:00;122865.0;123145.0;123315.0;122825.0;434425;141963
2024-12-23 10:10:00;123145.0;123085.0;123345.0;123015.0;444706;142062
2024-12-23 10:20:00;123085.0;122925.0;123085.0;122750.0;341608;108713
2024-12-23 10:30:00;122925.0;122845.0;123110.0;122815.0;348839;106502
2024-12-23 10:40:00;122850.0;122905.0;122940.0;122775.0;212527;67753
2024-12-23 10:50:00;122905.0;122940.0;123030.0;122850.0;209106;69569
2024-12-23 11:00:00;122945.0;122745.0;122960.0;122710.0;246736;82857
2024-12-23 11:10:00;122750.0;123105.0;123115.0;122715.0;297184;94667
2024-12-23 11:20:00;123110.0;123075.0;123155.0;123030.0;203060;66895
2024-12-23 11:30:00;123080.0;122730.0;123130.0;122725.0;350845;109963
2024-12-23 11:40:00;122735.0;122540.0;122750.0;122515.0;303466;88795
2024-12-23 11:50:00;122535.0;122490.0;122600.0;122450.0;225667;68817
2024-12-23 12:00:00;122495.0;122320.0;122545.0;122310.0;279826;86544
2024-12-23 12:10:00;122315.0;122360.0;122370.0;122210.0;258958;75268
2024-12-23 12:20:00;122360.0;122435.0;122455.0;122295.0;209607;62396
2024-12-23 12:30:00;122440.0;122525.0;122620.0;122365.0;224155;63640
2024-12-23 12:40:00;122530.0;122505.0;122555.0;122440.0;145791;42261
2024-12-23 12:50:00;122510.0;122530.0;122630.0;122430.0;187143;52880
2024-12-26 10:00:00;122315.0;122455.0;122585.0;122305.0;348246;118166
2024-12-26 10:10:00;122460.0;122240.0;122475.0;122190.0;447099;151333
2024-12-26 10:20:00;122240.0;122210.0;122295.0;122110.0;269357;92847
2024-12-26 10:30:00;122205.0;121995.0;122255.0;121915.0;375097;129897
2024-12-26 10:40:00;122000.0;122140.0;122230.0;121970.0;254337;92730
2024-12-26 10:50:00;122145.0;122115.0;122285.0;122050.0;305419;104118
2024-12-26 11:00:00;122120.0;122145.0;122275.0;122065.0;238022;82143
2024-12-26 11:10:00;122140.0;122125.0;122155.0;122035.0;157808;53757
2024-12-26 11:20:00;122125.0;122315.0;122320.0;122100.0;191581;64768
2024-12-26 11:30:00;122315.0;122235.0;122395.0;122180.0;307348;101385
2024-12-26 11:40:00;122235.0;122605.0;122650.0;122230.0;314613;100009
2024-12-26 11:50:00;122600.0;122535.0;122700.0;122485.0;272460;88048
2024-12-26 12:00:00;122535.0;122475.0;122550.0;122385.0;214384;68685
2024-12-26 12:10:00;122470.0;122655.0;122685.0;122450.0;193476;61049
2024-12-26 12:20:00;122650.0;122585.0;122715.0;122555.0;178874;54992
2024-12-26 12:30:00;122585.0;122595.0;122675.0;122525.0;157516;48417
2024-12-26 12:40:00;122590.0;122575.0;122645.0;122530.0;132245;40731
2024-12-26 12:50:00;122575.0;122685.0;122690.0;122550.0;127307;40203
2024-12-27 10:00:00;122975.0;122890.0;123075.0;122885.0;278080;91157
2024-12-27 10:10:00;122890.0;122660.0;123005.0;122550.0;447741;144760
2024-12-27 10:20:00;122660.0;122695.0;122835.0;122590.0;324226;108115
2024-12-27 10:30:00;122695.0;122585.0;122745.0;122560.0;209825;73077
2024-12-27 10:40:00;122585.0;122165.0;122665.0;122130.0;393008;128529
2024-12-27 10:50:00;122165.0;122075.0;122260.0;122025.0;347382;108622
2024-12-27 11:00:00;122070.0;122240.0;122305.0;122065.0;265901;86623
2024-12-27 11:10:00;122245.0;122205.0;122255.0;122065.0;195709;67235
2024-12-27 11:20:00;122205.0;122100.0;122245.0;122065.0;187940;63908
2024-12-27 11:30:00;122105.0;122490.0;122515.0;122065.0;364021;112567
2024-12-27 11:40:00;122485.0;122630.0;122665.0;122380.0;267598;81394
2024-12-27 11:50:00;122635.0;122325.0;122635.0;122300.0;247295;76596
2024-12-27 12:00:00;122330.0;122180.0;122330.0;122085.0;286053;86002
2024-12-27 12:10:00;122180.0;121985.0;122185.0;121950.0;246806;74615
2024-12-27 12:20:00;121985.0;122060.0;122170.0;121935.0;270505;79048
2024-12-27 12:30:00;122055.0;122320.0;122330.0;122050.0;192738;59979
2024-12-27 12:40:00;122315.0;122150.0;122360.0;122125.0;209880;66293
2024-12-27 12:50:00;122145.0;122100.0;122180.0;122030.0;174668;55346
2024-12-30 10:00:00;121855.0;121840.0;121895.0;121705.0;299475;95053
2024-12-30 10:10:00;121840.0;121765.0;121965.0;121715.0;343594;112675
2024-12-30 10:20:00;121765.0;121935.0;122020.0;121685.0;304987;99909
2024-12-30 10:30:00;121935.0;122305.0;122365.0;121900.0;448168;140195
2024-12-30 10:40:00;122305.0;122180.0;122410.0;122030.0;380762;118532
2024-12-30 10:50:00;122175.0;122040.0;122185.0;121965.0;281448;92463
2024-12-30 11:00:00;122035.0;122135.0;122240.0;121995.0;234515;80407
2024-12-30 11:10:00;122135.0;121985.0;122140.0;121905.0;248258;82796
2024-12-30 11:20:00;121980.0;121960.0;122010.0;121895.0;129933;44176
2024-12-30 11:30:00;121960.0;121860.0;122065.0;121810.0;344206;110348
2024-12-30 11:40:00;121865.0;121865.0;121940.0;121755.0;226205;74304
2024-12-30 11:50:00;121865.0;121770.0;121910.0;121720.0;183044;58825
2024-12-30 12:00:00;121765.0;121845.0;121910.0;121740.0;207406;64975
2024-12-30 12:10:00;121850.0;121990.0;121995.0;121815.0;176351;55028
2024-12-30 12:20:00;121990.0;122060.0;122150.0;121980.0;234115;73535
2024-12-30 12:30:00;122065.0;121785.0;122095.0;121690.0;299678;90589
2024-12-30 12:40:00;121790.0;121735.0;121820.0;121695.0;139598;46878
2024-12-30 12:50:00;121730.0;121660.0;121790.0;121600.0;182588;56511
