;gap;range_dia_anterior;atr_dia_anterior;posicao_range_d1;distancia_mm20;mes_sin;mes_cos;dia_mes_sin;dia_mes_cos;dia_semana_sin;dia_semana_cos;mov_direcional_c1;pavio_superior_c1;pavio_inferior_c1;range_candle_c1;volume_real_norm_c1;tamanho_medio_ordem_c1;diferenca_MA_c1;mov_direcional_c2;pavio_superior_c2;pavio_inferior_c2;range_candle_c2;volume_real_norm_c2;tamanho_medio_ordem_c2;diferenca_MA_c2;mov_direcional_c3;pavio_superior_c3;pavio_inferior_c3;range_candle_c3;volume_real_norm_c3;tamanho_medio_ordem_c3;diferenca_MA_c3;mov_direcional_c4;pavio_superior_c4;pavio_inferior_c4;range_candle_c4;volume_real_norm_c4;tamanho_medio_ordem_c4;diferenca_MA_c4;label_Compra;label_Lateral;label_Venda
2021-03-22;0.0024165012514024337;0.016361426959465325;3367.8571428571427;0.7612732095490716;0.024693209587917177;1.0;6.123233995736766e-17;-0.9680771188662041;-0.2506525322587213;0.0;1.0;-1.0;0.00021523891519586742;0.0004735256134309083;0.006629358588032716;0.6802090989586845;2.768370012881688;-0.0021508170217680845;-1.0;0.00012990949638418567;0.0006062443164595332;0.003031221582297666;0.6576002274256638;3.204094044677249;-0.003814621913580191;1.0;0.001953125;0.0024305555555555556;0.004427083333333333;1.419524987578305;3.2465190642467032;-0.004909123350163292;-1.0;0.0006509851575384081;0.00160576338859474;0.005815467407343113;1.5738150488804283;3.4044034209180336;-0.005574912891986063;False;False;True
2021-03-23;-0.00857736960665396;0.021911321566939302;3171.0714285714284;0.3143418467583497;0.008056168540860059;1.0;6.123233995736766e-17;-0.9987165071710528;-0.05064916883871355;0.7818314824680298;0.6234898018587336;-1.0;0.0019225727519007253;0.0009612863759503626;0.005461854408808879;0.961424140323312;2.97021908964415;-0.0006522490423135106;1.0;0.00192754194594121;0.0008323476584746134;0.004731239321855697;1.107535873056319;3.068229658125862;-0.002735027787493713;-1.0;0.0025358516963973417;0.003279118572927597;0.005858691850297307;1.5206865894910782;3.255440831037904;-0.0054557202473778195;1.0;0.0027544596012591817;0.0017925848198670864;0.005640083945435467;1.6901143514897248;3.2828553793561865;-0.003663750224434974;False;True;False
2021-03-24;0.003401060070671378;0.023638905881324827;2991.0714285714284;0.20702402957486138;0.0016336014850120923;1.0;6.123233995736766e-17;-0.9884683243281114;0.15142777750457667;0.9749279121818236;-0.22252093395631434;1.0;0.0032134524805211956;0.0002641193819606462;0.0059867059911079806;0.8904345943465073;3.0171065139131197;-0.0034005639959799206;-1.0;0.0003073815483247706;0.0032494620822904317;0.004127695077504062;1.1075223928909643;3.4066669680457076;-0.0016842413591095916;1.0;0.002548330404217926;0.0024165202108963092;0.005096660808435852;1.4709664570488796;3.490151880071429;0.0008102817925775951;1.0;0.0021966435286881643;0.0010104560231965556;0.004964414374835252;1.6191314673423622;3.5455683537389975;0.0017785964194174284;False;True;False
2021-03-25;0.00031310104217918325;0.029185191706651407;2963.5714285714284;0.05580693815987934;-0.012118816079793801;1.0;6.123233995736766e-17;-0.9377521321470804;0.3473052528448203;0.43388373911755823;-0.900968867902419;-1.0;0.004382042568413522;0.004292613128241817;0.01028438561974602;1.3193672821073241;2.8908628091989206;-0.010669214538795319;1.0;0.0009405652349173646;0.003269583911855601;0.004792403816007524;0.9055985685157357;2.955604852782126;-0.00874365860937038;1.0;0.0004028648164726947;0.007699194270367055;0.011369740376007163;1.4530591719609283;3.1603916007136648;-0.005408567448454999;1.0;0.00174006157140945;0.003524740106188373;0.006558693615312542;1.7466692887597322;3.4171620026036673;-0.0016239392409073967;False;True;False
2021-03-26;0.0019380698586089944;0.029377571096404938;2968.214285714286;0.8812785388127854;0.004127397532390139;1.0;6.123233995736766e-17;-0.848644257494751;0.5289640103269624;-0.433883739117558;-0.9009688679024191;-1.0;0.0;0.0020222446916076846;0.005099573570141117;0.6956814776568027;2.7507151630733424;-0.00032338198762320384;1.0;0.0011906336817039292;0.0014111214005379901;0.0050271199894165895;0.8194360588116338;3.089322937073897;-0.0011193227364263505;1.0;0.00021996392591614976;0.00039593506664906955;0.011658088073555936;1.5469654835823043;3.408957572992701;0.0014697492723774303;1.0;0.0013053694195457315;0.00021756156992428858;0.004264206770516056;1.3299794289146867;3.584216046145779;0.0049613075866058315;False;True;False
2021-03-29;-0.002574283345695711;0.020881874532905437;2674.285714285714;0.48210526315789476;0.006984135374612635;1.0;6.123233995736766e-17;-0.3943558551133187;0.9189578116202306;0.0;1.0;1.0;0.0028433945756780404;0.0007436570428696413;0.004330708661417323;0.8142014428822895;2.8147681735959207;0.0012627918384792807;-1.0;0.0003059841762468855;0.0026664335358657166;0.005682563273156445;1.0508327052879896;3.101718120889094;0.00019967370394723656;1.0;0.002761220196353436;0.0005259467040673212;0.009247896213183731;1.627817828559612;3.333123082534166;-1.9364083497899864e-05;1.0;0.0016991983269431857;0.0012635064482398048;0.00527187173231091;1.6676796582632873;3.4800352597179223;0.0006423724311140231;False;True;False
2021-03-30;-0.0018164518640256034;0.017716535433070866;2539.285714285714;0.8049382716049382;0.014378418527788827;1.0;6.123233995736766e-17;-0.20129852008866114;0.9795299412524943;0.7818314824680298;0.6234898018587336;-1.0;0.002123050259965338;0.0005632582322357019;0.004636048526863085;0.7918190077343172;2.818972928924409;0.0017750765742950987;-1.0;0.0013457781636639896;0.001779900151942696;0.005773822444106794;1.1241675622281773;3.148215519634304;-0.00011123685712353975;1.0;0.0016105863404866582;0.0011752927349497236;0.008052931702433291;1.5163167216047206;3.4051135895231477;-0.0008467807896229883;1.0;0.0016020783719419788;0.0021216713574366748;0.008962978999783502;1.9926303650619102;3.4299019382001568;0.0009380503867064999;True;False;False
2021-03-31;-0.0009402914903620122;0.021880415944540727;2483.5714285714284;0.8752475247524752;0.025088914129343196;1.0;6.123233995736766e-17;-2.4492935982947064e-16;1.0;0.9749279121818236;-0.22252093395631434;-1.0;0.001625668449197861;0.0009411764705882353;0.003550802139037433;0.7491947643337077;2.659926951611893;0.0008136348064405618;-1.0;0.0007708119218910585;0.0010277492291880781;0.002012675573826653;0.6495345101209898;3.1545795028941095;-0.00027126968489876187;1.0;0.00214169450869528;0.0011993489248693567;0.003897884005825409;1.4206627540513688;3.4517714798549943;-0.000908524432647883;-1.0;0.002739843315210411;0.0022261226936084594;0.005864977096622287;1.619303326201548;3.6367721851478856;-0.001095019091419839;True;False;False
2021-04-01;0.004329932264425963;0.01227807486631016;2423.9285714285716;0.8501742160278746;0.024989225953092973;0.8660254037844387;-0.4999999999999998;0.20791169081775931;0.9781476007338057;0.43388373911755823;-0.900968867902419;-1.0;0.0032441200324412004;8.537157980108423e-05;0.005164980577965595;0.8183363520058834;3.0504128915916287;0.0017390808530048621;1.0;0.0005131713992473486;0.003335614095107766;0.004276428327061239;1.075587511256489;3.3925917151753078;0.0020518081559374197;-1.0;0.0010686500812174063;0.0008549200649739249;0.004060870308626143;1.3846134735499123;3.4482272231839457;0.001727781585560928;-1.0;0.0014993145990404386;0.001113776559287183;0.006554146675805346;1.7153237471850258;3.644369083326578;-2.8671368771103413e-05;False;False;True
2021-04-05;0.007408052989367265;0.024202842873607376;2532.5;0.32098765432098764;0.010899152773981962;0.8660254037844387;-0.4999999999999998;0.8660254037844386;0.5000000000000001;0.0;1.0;1.0;0.0005190760446405398;8.651267410675664e-05;0.005753092828099316;0.924971884796124;2.994275271452592;-0.001444057131107983;1.0;0.0014200877872450298;0.0002581977794990963;0.0019795163094930715;0.8312770358962522;3.4202355387161636;0.0017542601754260314;1.0;0.0011615401161540115;0.00043020004302000433;0.006496020649602065;1.7048162334314632;3.9050064022430626;0.0064976145287802605;-1.0;0.0014554794520547946;0.0007705479452054794;0.0023116438356164384;1.238817847036416;3.894066103633082;0.007197153485363023;True;False;False
2021-04-06;-0.0026360544217687073;0.019465351674020245;2630.0;0.76;0.024809852294223268;0.8660254037844387;-0.4999999999999998;0.9510565162951535;0.30901699437494745;0.7818314824680298;0.6234898018587336;-1.0;0.002088839628271805;0.0006820700827009975;0.0034103504135049876;0.8575299388089306;2.9593831646595996;0.0011185523278685278;1.0;8.530967411704488e-05;0.0010237160894045385;0.004137519194676676;1.0570347771000157;3.3874259150023875;0.00014175349067962548;-1.0;0.0017435679353604082;0.0002551562832234744;0.0029342972570699554;1.5068524367005294;3.581094921093059;-0.000586463107213983;1.0;0.002170859404929128;0.0016600689567105094;0.005107904482186183;2.0369023323168953;3.6557380827980452;0.0002786870533331719;False;True;False
2021-04-07;-0.001485631817988879;0.009890016199164464;2579.285714285714;0.4482758620689655;0.023759631474385336;0.8660254037844387;-0.4999999999999998;0.9945218953682733;0.10452846326765346;0.9749279121818236;-0.22252093395631434;-1.0;0.0012327835402142493;0.0018279204216969903;0.004718585274613161;0.9117052662695995;3.026116429550453;4.7311522721413864e-05;-1.0;0.0020865269971044116;0.0005961505706012604;0.0039175608925225685;1.0507445989982205;3.297849272328074;-0.0007674269878490727;1.0;0.0002558089959496909;0.0017480281389895545;0.006011511404817736;1.5970830493176935;3.524102285092492;-0.0009672503196644487;1.0;0.0017410505753959829;0.0006369697227058473;0.0040766062253174236;1.7519281028043419;3.6956372663616426;0.00042392640637585314;False;False;True
2021-04-08;0.0021187338446544343;0.015473558918551266;2437.5;0.8598901098901099;0.02614279825570043;0.8660254037844387;-0.4999999999999998;0.9945218953682734;-0.10452846326765333;0.43388373911755823;-0.900968867902419;-1.0;0.001479978011755254;0.0013954078396549536;0.003467377056112309;0.662700440447047;2.862013960844195;0.0006252497473144955;-1.0;0.0002538607996615189;0.0013116141315845146;0.003977152528030463;0.8475996237062354;3.209243609639213;0.0014702971696779073;-1.0;0.000254474510136568;0.0011451352956145559;0.0024599202646534905;1.1243661140819183;3.342959621009992;0.0011605032621462826;1.0;0.0010614359104997241;0.0016982974567995583;0.004033456459898951;1.6433584688737466;3.5733727504460298;0.0006878778027486706;False;False;True
2021-04-09;-0.0017758985200845665;0.013615797708148336;2329.285714285714;0.391304347826087;0.022033373666882405;0.8660254037844387;-0.4999999999999998;0.9510565162951536;-0.30901699437494734;-0.433883739117558;-0.9009688679024191;-1.0;0.0007200948830904778;0.0008471704506946798;0.0049983056590986105;0.7316411719797603;2.910100073480528;-0.0015915520229713397;1.0;0.0001700174267862456;0.0015726611977727716;0.002210226548221193;0.8659289238178047;3.1088676472962717;-0.002596274581999847;-1.0;4.24844931599966e-05;0.003101368000679752;0.004163480329679667;1.431985912779843;3.330403014042699;-0.0040306956612136645;1.0;0.0011482521051288594;0.0008930849706557795;0.003955090584332738;1.571507617432157;3.6446256947882585;-0.0030042776763775244;True;False;False
2021-04-12;-0.0027589134125636672;0.012622839715350729;2301.0714285714284;0.18120805369127516;0.015740848821273707;0.8660254037844387;-0.4999999999999998;0.5877852522924732;-0.8090169943749473;0.0;1.0;1.0;0.001617365396892956;0.0003830602255799106;0.0060012768674185995;0.7721350525173907;2.9932738406458532;-0.0005134219810551314;1.0;0.0002967484844630972;0.0005087116876510238;0.0014413497816779008;0.6531064713772022;3.4928612257070433;0.000555461409553991;1.0;0.0011438254607074772;0.0014403728023723787;0.005634399491633128;1.5680193882114954;3.546840890337271;0.001628396990985184;-1.0;0.0013092874941926765;0.001393757655108333;0.0035055116779997464;1.6495108557391207;3.6510374610313283;0.0024281192173660794;True;False;False
2021-04-13;-0.004717179800362212;0.012938923175143648;2227.8571428571427;0.4769736842105263;0.019608181545570848;0.8660254037844387;-0.4999999999999998;0.40673664307580004;-0.913545457642601;0.7818314824680298;0.6234898018587336;1.0;0.0004654902458634844;0.002327451229317422;0.004993440819262833;1.1362748040227038;2.986598852869411;-6.099077162718862e-05;1.0;0.0007600709399543957;0.0006333924499619965;0.0027447006165019845;0.9224769196414453;3.5904484072836778;-0.0011010842165433707;-1.0;0.0013494138483596187;0.0011807371173146665;0.006578392510753142;1.8403854117272072;3.563985631232292;-0.0022299376182008893;1.0;0.0023709725221220204;0.0008891146957957577;0.00486896142935772;1.9209927354572438;3.9204333638406657;-0.00214641661147982;True;False;False
2021-04-14;0.00403327451474666;0.014260928441454022;2155.0;0.9554896142433235;0.029347472611250976;0.8660254037844387;-0.4999999999999998;0.20791169081775931;-0.9781476007338057;0.9749279121818236;-0.22252093395631434;1.0;0.0018830027617373838;0.0;0.004435517616536949;0.6856580246254244;2.988767841913007;0.00038955437761735895;-1.0;0.0007513148009015778;0.0005843559562567827;0.0020452458468987393;0.841555474454142;3.5197162779514306;0.0016104404809971719;1.0;0.0013784461152882206;0.0006265664160401002;0.005346700083542189;1.5669494027966901;3.725607607278366;0.004015172541400779;1.0;0.0006661393063824472;4.163370664890295e-05;0.0048711436779216456;1.6027015346401303;3.8802195478600634;0.004883194899364738;True;False;False
2021-04-15;0.0014483757500517278;0.015733534186961252;2086.785714285714;0.8031914893617021;0.039407280146032425;0.8660254037844387;-0.4999999999999998;5.66553889764798e-16;-1.0;0.43388373911755823;-0.900968867902419;-1.0;0.0007851239669421487;0.0012396694214876034;0.0022727272727272726;0.9716537931538021;3.03744869899834;-0.0001331826991081218;1.0;0.0007026535504670579;0.0017359675952715549;0.004050591055633628;1.1424138912550352;3.4275869150536913;0.0011554491808690628;1.0;0.0008253549026081215;0.0009904258831297458;0.005282271376691978;1.8262620180990836;3.729650309328523;0.0026502897040814196;1.0;0.0022206686680100343;0.00123370481556113;0.0036599909528313526;1.7661878887320241;3.8485646599777033;0.0037049219271076557;False;False;True
2021-04-16;-0.0004123711340206186;0.011074380165289256;1947.857142857143;0.4925373134328358;0.039054563224155445;0.8660254037844387;-0.4999999999999998;-0.20791169081775907;-0.9781476007338057;-0.433883739117558;-0.9009688679024191;-1.0;0.0017326732673267327;0.00033003300330033004;0.0033003300330033004;1.0253894440276206;2.9980986338331985;0.0006103997429895953;-1.0;0.0;0.0007434944237918215;0.0014043783560512184;0.8819997638973833;3.4544729361990014;0.00031688297374000567;1.0;0.00012399256044637322;0.0015705724323207275;0.003554453399462699;1.8811024797467693;3.6834571629318464;0.00014209754308761542;-1.0;0.0022277227722772275;0.0004537953795379538;0.006724422442244225;2.2710843485926557;4.114657607433741;-0.0005706974475096554;True;False;False
2021-04-19;-0.000986679822397632;0.01023102310231023;1866.7857142857142;0.7096774193548387;0.038812248579648684;0.8660254037844387;-0.4999999999999998;-0.743144825477394;-0.6691306063588585;0.0;1.0;1.0;0.0020987654320987655;0.0002880658436213992;0.0037860082304526747;0.8343450116925886;3.100590870316694;0.0004109476452699926;-1.0;4.109476452699926e-05;0.0004109476452699926;0.0016026958165529712;0.7065847915023987;3.475347368546008;0.00018285379924490693;-1.0;0.00012342123668079155;0.00012342123668079155;0.002345003496935039;1.438974200896721;3.514679361913101;-0.0003985268249780923;1.0;0.002226161520385868;0.0005359277734262275;0.004040070907366945;1.8307448695468456;3.674602550522455;-0.0008143024447372407;False;True;False
2021-04-20;-0.003667229799332482;0.011728395061728396;1823.9285714285713;-0.10526315789473684;0.03126859258279897;0.8660254037844387;-0.4999999999999998;-0.8660254037844384;-0.5000000000000004;0.7818314824680298;0.6234898018587336;1.0;0.0017783291976840364;0.0008684863523573201;0.003349875930521092;0.8302330890687937;3.0523564333449413;-0.0029158802973737775;1.0;0.0002066371864280696;0.0005372566847129809;0.0011984956812828036;0.5978856422946692;3.529573272258959;-0.0028594771241829933;1.0;0.002106741573033708;0.0007435558493060145;0.00673331130204891;1.935281806434275;3.799766322319117;-0.0020162949551477244;-1.0;0.0008641264093490247;0.0015636573121553781;0.007242202287877541;2.1893307997967564;4.114822951667097;-0.0010934233799647182;True;False;False
2021-04-22;0.004198885840192899;0.01248966087675765;1751.4285714285713;0.3443708609271523;0.028075768183917243;0.8660254037844387;-0.4999999999999998;-0.9945218953682733;-0.10452846326765423;0.43388373911755823;-0.900968867902419;1.0;0.001241978886358932;0.0025667563651417926;0.00480231836058787;0.8987749232467794;2.920773675331074;3.6762847466297006e-05;1.0;0.00016542597187758478;0.00024813895781637717;0.002522746071133168;0.7980938399338203;3.334452963368626;0.0016691199060890512;1.0;0.0014031033344338065;0.0014031033344338065;0.003549026081214922;1.4623580511689063;3.446480205082235;0.003857961053837369;-1.0;0.0017319587628865979;0.0004123711340206186;0.010185567010309279;2.287675610105911;3.86357588079761;0.0023326173814637078;False;True;False
2021-04-23;0.0037004698349340985;0.015276340302214862;1780.7142857142858;0.5880758807588076;0.02436147144815178;0.8660254037844387;-0.4999999999999998;-0.9945218953682734;0.10452846326765299;-0.433883739117558;-0.9009688679024191;-1.0;0.0013670256835128418;0.0007042253521126761;0.003686826843413422;0.9204102830009708;2.7446682137582967;0.0011894388891194809;1.0;0.0013277457366914235;0.00012447616281482097;0.0020331106593087424;0.6635503614037712;3.1448849936049315;0.0024650402008892305;1.0;0.00215633423180593;0.001451378809869376;0.004188264565623056;1.5708360265166357;3.322445775085248;0.0029977758437288865;1.0;0.0033156498673740055;0.0009532493368700265;0.006506962864721485;2.000289428144538;3.5738992372789578;0.0036069068820702133;False;False;True
2021-04-26;0.001979871308364956;0.008367854183927092;1653.5714285714287;1.1485148514851484;0.02670090130070477;0.8660254037844387;-0.4999999999999998;-0.743144825477394;0.6691306063588585;0.0;1.0;-1.0;0.0011114770294747241;0.0005763214226905978;0.0031697678247982874;0.6858073477655929;2.64102334454361;0.0017269495749046666;1.0;0.0005772005772005772;0.0007833436404864976;0.002968460111317254;0.9415873857883269;3.241132193249482;0.0021953294366235036;1.0;0.0011113397818481169;0.000782053920559786;0.003045894216917061;1.528533194539658;3.234915220476558;0.0024074150209906758;-1.0;0.00024668009702750484;0.002672367717797969;0.00456358179500884;2.048319828788785;3.5403073302609647;0.0022008995776651896;False;False;True
2021-04-27;8.244702778464837e-05;0.013214226905977277;1547.5;0.719626168224299;0.021990058134636448;0.8660254037844387;-0.4999999999999998;-0.5877852522924734;0.8090169943749473;0.7818314824680298;0.6234898018587336;-1.0;0.001030502885408079;0.00016488046166529267;0.0027205276174773287;0.6612943427086114;2.85525397563864;0.0016742581660222186;0.0;8.256615613260124e-05;0.001114643107790117;0.0011972092639227182;0.6613191851910545;3.422980363155129;0.0017063672267403458;-1.0;0.0003715477025967056;0.001651323122652025;0.003715477025967056;1.6865190512698969;3.600449289725801;0.0005789430154660492;1.0;0.0005376121748480212;0.0013647078284603615;0.005748314792605765;2.3815981500172847;4.117282379690857;0.0008101947213754885;False;False;True
2021-04-28;0.0034395973154362418;0.019620774938169827;1634.642857142857;0.18907563025210083;0.00580010553290966;0.8660254037844387;-0.4999999999999998;-0.40673664307580015;0.913545457642601;0.9749279121818236;-0.22252093395631434;1.0;0.00012540757461750688;0.000710642922832539;0.004974500459827774;1.0955819429916993;3.0276277907167004;-0.00016652096082594398;1.0;0.00016652096082594398;0.0007077140835102619;0.0026227051330086175;1.1199350464881634;3.51035641425657;0.0012698148840773508;1.0;0.0011220079787234044;0.0002908909574468085;0.0022855718085106383;1.330251692816992;3.7146688320707746;0.0040735358568035045;1.0;0.0006227942702927133;0.00024911770811708535;0.002823334025326967;1.347573081704287;3.8954353567796547;0.004447759544726268;True;False;False
2021-04-29;-0.0020908494588389634;0.020608644762143632;1703.9285714285713;0.8843813387423936;0.020691853041507408;0.8660254037844387;-0.4999999999999998;-0.20791169081775898;0.9781476007338057;0.43388373911755823;-0.900968867902419;1.0;0.002506059734604166;0.00020541473234460375;0.0030401380387001355;0.9287588533145367;2.864330869536778;0.0022405665758575793;-1.0;0.0010678056593699946;0.0003696250359357674;0.002094541870302682;0.9573189476113895;3.298341680482389;0.002027425033219673;1.0;0.0011096042411539884;0.0016027616816668721;0.00349319853696626;1.8501848749056744;3.663172275760913;0.00097185720543141;-1.0;0.00041064388961892245;0.000164257555847569;0.0052973061760840994;1.8421115486420128;4.000768307577367;-0.00044468283111680906;False;False;True
2021-04-30;-0.0019124433542593439;0.016186680908754775;1729.642857142857;-0.02284263959390863;0.005303523608322323;0.8660254037844387;-0.4999999999999998;-1.133107779529596e-15;1.0;-0.433883739117558;-0.9009688679024191;-1.0;0.0004998542091889865;0.000999708418377973;0.004373724330403632;1.102193358859489;3.0345502103946322;-0.0025157583015382196;-1.0;0.0006266187651432868;0.0017127579580583172;0.002422925891887376;1.1075838313046922;3.4139142784978787;-0.0034675802139037433;1.0;0.0012116147900564029;0.0027156883225402132;0.007436808021725506;2.096492374512859;3.704545688566892;-0.0033769562059665055;1.0;0.0014988134393605062;0.0005412381864357384;0.003622132478454557;1.703282855629793;4.123371911671082;-0.0013717421124828531;False;False;True
2021-05-03;0.00625761202805426;0.013621027200399883;1740.0;0.5474006116207951;0.002317545577001916;0.49999999999999994;-0.8660254037844387;0.5712682150947923;0.8207634412072763;0.0;1.0;-1.0;0.001043405676126878;0.0015025041736227045;0.0033806343906510852;0.7753086777623857;2.9977996003180265;-0.0034530771372876233;-1.0;0.000584819750198421;0.0006265925894983082;0.0012531851789966163;0.5129677119654391;3.577157440125638;-0.0010211565061594033;1.0;8.354916868577158e-05;0.00317486841005932;0.0038432617595454926;1.5794661699552912;3.5147830263180695;0.0009509760261263402;-1.0;0.001461194839894794;0.0018786790798647351;0.00680499311151004;2.121886251626752;3.6763459965592125;0.0010333752269235735;True;False;False
2021-05-04;-0.002217109391340724;0.012687813021702838;1740.0;0.29276315789473684;-0.004193725485284386;0.49999999999999994;-0.8660254037844387;0.7247927872291199;0.6889669190756866;0.7818314824680298;0.6234898018587336;-1.0;0.0008804293141036391;0.0005869528760690928;0.0035217172564145564;0.8425043667934596;2.9471374715731313;-0.0003360920892324497;1.0;0.0003360779700890607;0.0003360779700890607;0.0037808771635019322;1.0606782483248567;3.36714121868325;-0.0008794706424323645;-1.0;0.0025965323728955525;0.0011307479688416116;0.007245162911466622;2.075918266120252;3.7071295748620825;-0.002162076340440607;-1.0;0.0007564614414793024;0.0008405127127547804;0.003908384114309729;1.9222709837729552;3.9522659019084037;-0.0025461012824112804;False;False;True
2021-05-05;0.004400067693349129;0.014967298339761865;1747.142857142857;0.43977591036414565;-0.009109596902945749;0.49999999999999994;-0.8660254037844387;0.8486442574947509;0.5289640103269624;0.9749279121818236;-0.22252093395631434;-1.0;0.0018955349620893007;0.00021061499578770007;0.002780117944397641;0.7141946850966655;2.905720259380898;0.00014518818261872822;1.0;0.00021076592336551027;0.0012224423555199596;0.0029928761117902457;0.8725960438380289;3.474487479481717;0.002165170220725749;1.0;0.000968013468013468;0.0021885521885521885;0.0035774410774410776;1.5545682246989356;3.6410057878799496;0.00361800588977703;1.0;0.0008413967185527977;0.0018931426167437947;0.005174589819099706;1.9382247068646283;3.731280401076504;0.004262026001156463;True;False;False
2021-05-06;-0.0001666041900953809;0.014616680707666386;1723.2142857142858;0.8962536023054755;0.001011227755595634;0.49999999999999994;-0.8660254037844387;0.9377521321470804;0.3473052528448203;0.43388373911755823;-0.900968867902419;-1.0;0.0006248698187877526;0.0011664236617371382;0.0024994792751510102;0.8755184514543253;3.0145774667356506;0.0003381320289773843;1.0;0.0009587727708533077;0.0007086581349785319;0.003334861811663679;0.9966025669867996;3.492290348388974;0.000702854421277939;-1.0;0.0009155603645594906;0.0035790086978234634;0.004952349244662699;2.0162663726673236;3.6074741209623746;0.0006476624013470435;-1.0;0.0018318830925517298;0.0010408426662225738;0.005578916690952996;1.9911397039163825;3.840946864337536;0.0002643956472127538;False;True;False
2021-05-07;0.0020767569363681674;0.009164757342220371;1706.0714285714287;1.190909090909091;0.00505736400523233;0.49999999999999994;-0.8660254037844387;0.9884683243281114;0.1514277775045767;-0.433883739117558;-0.9009688679024191;-1.0;0.000290143413744508;0.0019066567188924812;0.0023625963690624223;0.6725519314509111;2.883547900027814;0.0030493141346304704;1.0;0.0014509576320371445;0.0008291186468783683;0.004062681369704005;1.1321685038460165;3.200235668181833;0.004220980757293606;-1.0;0.0015725222429133043;0.001324229257190151;0.0036830126215601075;1.454130540389794;3.4866743399875704;0.004279521797951391;1.0;4.141472707694856e-05;0.0015737596289240453;0.0060465501532344906;1.9933035471256104;3.84744540630372;0.004453057353729435;True;False;False
2021-05-10;-0.0008986561006494833;0.0192738124844566;1783.5714285714287;0.8236559139784946;0.017169068645084558;0.49999999999999994;-0.8660254037844387;0.8978045395707416;-0.4403941515576344;0.0;1.0;1.0;0.002371315262275645;0.0;0.005928288155689112;1.1368043242720896;2.88562433755615;0.004775614039852599;1.0;0.0008147967082212988;0.0005703576957549092;0.0027295689725413508;0.9956122730181751;3.3409940374607587;0.004520570857687961;-1.0;0.0012205541315757353;0.00044753651491110297;0.0028886447780625737;1.6216986444262167;3.566980838434529;0.004109694443312868;-1.0;0.0007739307535641548;0.0004480651731160896;0.0035845213849287167;1.7827471917729625;3.8650402160372193;0.002368120202515107;False;False;True
2021-05-11;-0.007446808510638298;0.008176949180260846;1753.2142857142858;-0.755;0.006967578035006009;0.49999999999999994;-0.8660254037844387;0.7907757369376989;-0.6121059825476626;0.7818314824680298;0.6234898018587336;-1.0;0.0021436227224008574;0.000453458652815566;0.002885645972462693;0.9766407445063319;2.8605010918543545;-0.0022175488754186674;-1.0;4.1235412972660925e-05;0.0008247082594532184;0.0038761288194301266;1.2334170393040222;3.464686086562592;-0.004733412376724572;0.0;0.0004135991397137894;0.00351559268756721;0.003929191827280999;1.9538156392513715;3.7171740395599975;-0.006943870001194789;1.0;0.00012408487405385284;0.0008685941183769699;0.009389088803408198;2.5205655330031385;3.8534649661094718;-0.004903837389481267;False;True;False
2021-05-12;-0.0016672088484059858;0.02296149723802457;1844.2857142857142;0.822262118491921;0.0173375434060151;0.49999999999999994;-0.8660254037844387;0.6513724827222223;-0.7587581226927909;0.9749279121818236;-0.22252093395631434;-1.0;0.0011404830760457822;0.0002443892305812391;0.005254368457496639;0.9470473731774348;3.14233999536508;0.0006451495656598831;-1.0;0.0006951259404645077;0.004456983971213608;0.006460582270199542;2.240393781599495;3.452828385034801;-0.002097208574444067;-1.0;0.00020471667212577794;0.0017196200458565345;0.00491320013101867;1.7901561231023728;3.5246907019499742;-0.00460852622981487;-1.0;0.00193010553981356;0.0006981232803580962;0.003983409305572666;1.6568578615725635;3.475018995156235;-0.005688516051210272;False;False;True
2021-05-13;0.0017514595496246873;0.026434768441204026;1948.9285714285713;0.14175654853620956;-0.0049499823954601;0.49999999999999994;-0.8660254037844387;0.48530196253108104;-0.8743466161445821;0.43388373911755823;-0.900968867902419;1.0;0.0018732828240779285;0.0023311964032969776;0.004787278328199151;0.9985570316881396;3.030333475774647;-0.0026626726576801465;1.0;0.000499271895152902;0.0023299355107135426;0.004368629082587893;1.0917940516299953;3.384807709640054;-0.0005261991802370262;1.0;0.000290794283815221;0.001537055500166168;0.005525091392489199;1.5727982873670545;3.653500720961019;0.002133833680541091;1.0;0.0005380571996192211;0.0011175034145937668;0.005877240180456107;1.9454191844078585;3.850170737681467;0.004551969848924153;False;True;False
2021-05-14;0.004505249235347607;0.015777204229456332;2008.9285714285713;0.8891820580474934;0.006629264443657465;0.49999999999999994;-0.8660254037844387;0.29936312297335804;-0.9541392564000488;-0.433883739117558;-0.9009688679024191;1.0;0.0013167098712093157;0.0;0.005307986668312554;0.9082898374581095;3.2695960666109585;0.001639344262295082;1.0;0.0018032786885245902;0.0011475409836065574;0.0035655737704918034;1.0410810986417054;3.5155662015350053;0.0040366805470225765;1.0;0.00045054269916035224;0.0005324595535531435;0.003030923612533279;1.204953461385849;3.813922195576872;0.005895042804914036;-1.0;0.001226241569589209;0.0019211117923564275;0.0047005926834253016;1.7589627620800987;3.9577047432605754;0.0052537492665219385;False;False;True
2021-05-17;-0.0034876087313310358;0.010615973336625109;2001.7857142857142;0.1937984496124031;0.005712440033872968;0.49999999999999994;-0.8660254037844387;-0.2993631229733582;-0.9541392564000488;0.0;1.0;1.0;0.0016881459216864989;0.0008234858154568288;0.002841026063326059;0.7784951555861237;2.9393597763015404;-0.00044362122979123693;1.0;0.0008643753858818687;0.0003704465939493723;0.0020580366330520683;0.6112808309713222;3.3610894292472784;-0.0015399730390476577;1.0;0.002179724449928028;0.00024676125848241827;0.006868188361093975;1.595301917030708;3.5563225297272036;-0.0015968554231666871;1.0;0.0019654409958234378;0.0004094668741298829;0.0037670952419949226;1.5983767205669637;3.614687068706871;0.00016355904481517829;True;False;False
2021-05-18;0.004389887001056825;0.016757936344546465;1977.142857142857;1.0884520884520885;0.022640033605168242;0.49999999999999994;-0.8660254037844387;-0.4853019625310808;-0.8743466161445822;0.7818314824680298;0.6234898018587336;-1.0;0.0010522055847834884;0.0007689194658033185;0.005301497369486038;1.0905040448344525;3.060191577208918;0.001263446682550049;-1.0;0.0007310238394996548;0.0010559233237217235;0.0021524590829712057;1.0697939866428943;3.5329525980692584;0.0005281547087023646;-1.0;0.0002843909969935809;0.0020313642642398634;0.00312830096692939;1.7458703896593406;3.743860666170966;-8.13206473123526e-05;-1.0;0.004106692689273807;0.0006912255021549971;0.0054078230462714484;2.2037450338991422;3.757125721363294;-0.0009764433052605883;False;True;False
2021-05-19;-0.007689178193653377;0.009146094698502631;1858.5714285714287;-0.668141592920354;0.008788799966912753;0.49999999999999994;-0.8660254037844387;-0.651372482722222;-0.7587581226927911;0.9749279121818236;-0.22252093395631434;1.0;0.0013939567873395924;0.00045098601943339755;0.0034848919683489812;1.0074043641973358;3.1497114459176094;-0.004134091932380991;-1.0;0.00024558961974540544;0.0007777004625271172;0.003929433915926487;1.0882751624420752;3.5532966757732574;-0.0059660645867542815;1.0;0.0006157635467980296;0.00090311986863711;0.0051313628899835794;1.6514123856034386;3.7608682888816536;-0.006408158813263486;1.0;0.002331574426309977;0.0004499529594633288;0.006258436617989937;2.2912888994179132;3.811237186365608;-0.004316357773067442;False;False;True
2021-05-20;-0.0008935824532900081;0.01480054118322332;1846.7857142857142;0.7202216066481995;0.016160748219508567;0.49999999999999994;-0.8660254037844387;-0.7907757369376986;-0.6121059825476627;0.43388373911755823;-0.900968867902419;-1.0;0.00187007073745833;0.0004878445402065209;0.003374258069761769;0.878404667594534;2.9805988582615446;0.001261547226630855;1.0;0.0012614958899650037;0.000406934158053227;0.0021160576218767803;0.8322962917128535;3.5434338863266546;0.0011795810453528574;-1.0;0.0002033760423022168;0.0013829570876550742;0.0019930852145617246;1.3744788958801712;3.7838279957529815;0.0005515994122300424;-1.0;0.00028484231943031536;0.002115971515768057;0.0041098677517802645;1.7221884425548926;4.004508900288161;0.00014492950538279878;True;False;False
2021-05-21;0.0037070229753951443;0.00748028294983332;1795.7142857142858;0.9728260869565217;0.01681065878716472;0.49999999999999994;-0.8660254037844387;-0.8978045395707417;-0.44039415155763423;-0.433883739117558;-0.9009688679024191;-1.0;0.00040586062746053006;0.00040586062746053006;0.0032062989569381873;0.6967293122708169;3.125222029361011;0.0006509357200976403;-1.0;0.00012204548228306415;0.00012204548228306415;0.0011797729954029536;0.49392004870237877;3.5641751510636537;0.0004343459022178393;-1.0;0.0010179982083231534;0.00044791921166218747;0.0026875152699731247;1.251353776564998;3.5825558860275915;3.170979198377777e-05;-1.0;0.0006115709218412362;0.0011823704488930567;0.00191625555510254;1.1790599822310668;3.7923905298494853;-0.0007385055908951397;False;False;True
2021-05-24;0.001588529998778054;0.010836478753196153;1782.5;0.7790262172284644;0.0141460799274137;0.49999999999999994;-0.8660254037844387;-0.9884683243281114;0.15142777750457667;0.0;1.0;-1.0;0.0016266775111834079;0.0010166734444896298;0.0036600244001626678;0.9346952782955997;3.1041669345196006;0.0020625551258565316;1.0;0.0002035416242621616;0.00028495827396702623;0.0016690413189497252;0.8687512331988437;3.5447753594837796;0.0015541279264138367;-1.0;0.001341790680653818;0.0010571684150605838;0.002683581361307636;1.4196144178299137;3.7964249344722965;0.0013783254926948223;1.0;0.00020335122824141857;0.0010167561412070928;0.00809337888400846;2.3215268365483235;4.018580577979081;0.002576151301764273;False;False;True
2021-05-25;-0.0006041565973900435;0.014030093533956893;1778.2142857142858;0.7913043478260869;0.022141665465180944;0.49999999999999994;-0.8660254037844387;-0.9377521321470804;0.3473052528448203;0.7818314824680298;0.6234898018587336;1.0;0.0012896465562406802;8.060290976504251e-05;0.004271954217547253;1.2960213140526509;3.2953810402666734;0.0005224030540486237;1.0;0.0016877637130801688;0.0009644364074743822;0.0028531243721117137;1.2131821799638098;3.7197695008853806;0.0007276460872281837;1.0;0.0006428542729719957;0.00044196231266824704;0.004058017598135723;1.87094324253446;3.855364508767205;0.0019718071634908423;-1.0;0.0008812690273994552;0.0011216151257811247;0.0057683063611600706;2.195188810426271;4.185208101307594;0.0014430594647723198;False;False;True
2021-05-26;0.0016624092770546972;0.016442993592068675;1779.2857142857142;0.3088235294117647;0.015929414619201245;0.49999999999999994;-0.8660254037844387;-0.848644257494751;0.5289640103269624;0.9749279121818236;-0.22252093395631434;1.0;0.001092940414507772;0.00012143782383419689;0.0028740284974093262;0.9982092423348805;3.35721165475536;0.0008935587436293996;-1.0;0.00024246342843287804;0.0004849268568657561;0.0019397074274630243;0.9940724313205467;3.8762754971757762;0.0017172861484238467;1.0;0.0021444466922921302;8.092251669026907e-05;0.0033582844426461663;1.8523350958153768;3.7619243087783514;0.0025282122440913914;1.0;0.0009699713050155599;0.00012124641312694499;0.005375257648627895;2.2537289541698398;3.957929752899205;0.003098716246126605;True;False;False
2021-05-27;0.0;0.008136334196891191;1786.0714285714287;0.38308457711442784;0.018164485051949893;0.49999999999999994;-0.8660254037844387;-0.72479278722912;0.6889669190756865;0.43388373911755823;-0.900968867902419;1.0;0.0007264508838485754;0.00012107514730809589;0.002098635886673662;0.8181535427844593;3.2938229433532595;-0.0003627715748317143;1.0;0.00012092385827723809;0.00020153976379539684;0.002216937401749365;0.9218581227859769;3.9088374182379946;4.470192754716787e-05;1.0;0.000683967008650171;0.0005632669483001409;0.004304968819151076;1.9183264228303638;4.155495676940849;0.0014707258700681323;-1.0;0.00048132846656772694;0.0008022141109462115;0.0027275279772171193;1.5622482574409597;4.393196227431205;0.0021691102631050414;False;False;True
2021-05-28;0.0019261637239165329;0.008999919283235128;1699.642857142857;1.0896860986547086;0.024147534998954032;0.49999999999999994;-0.8660254037844387;-0.5712682150947924;0.8207634412072763;-0.433883739117558;-0.9009688679024191;-1.0;0.0003204101249599487;0.0005206664530599167;0.003324255046459468;0.9290525660525837;3.316031619149125;0.0007004113243573354;-1.0;0.0006022403340426386;0.0006825390452483238;0.001525675512908018;0.7750280480038468;3.726768796005;0.0003792797254906951;-1.0;0.0014457250712822777;0.000843339624914662;0.0026906549937753504;1.6921431192762582;3.929766236485956;-4.463907079245278e-06;1.0;0.0004017354973485457;0.00048208259681825486;0.0036156194761369116;1.7433664489235;4.230619882129813;0.0004585113960114867;True;False;False
2021-05-31;0.0;0.01225568727971804;1737.5;0.761437908496732;0.0269637823751529;0.49999999999999994;-0.8660254037844387;-2.4492935982947064e-16;1.0;0.0;1.0;1.0;0.000398358761900968;0.00099589690475242;0.002629167828546389;0.7212716115785662;3.180151406246377;-3.536599382858261e-05;-1.0;0.00035808068751492004;0.00027850720140049334;0.0013129625208880401;0.5917719947810651;3.8448274372597298;-0.0004910352881846679;1.0;0.0007564597682844288;0.0001990683600748497;0.003384162121272445;1.54423834136045;4.039419583011476;0.0002074121146326912;1.0;0.00023831274576001908;0.0010724073559200858;0.0021050959208801685;1.3321504344262236;4.113215196442109;0.0007540580227804898;False;True;False
2021-06-01;0.003646741715554146;0.007568816476118392;1606.4285714285713;1.2736842105263158;0.03304562822189265;1.2246467991473532e-16;-1.0;0.20791169081775931;0.9781476007338057;0.7818314824680298;0.6234898018587336;1.0;0.0005924170616113745;0.002014218009478673;0.007385466034755134;1.5733713220024819;3.2500085596895687;0.0023147238272430526;1.0;0.0003144406886251081;0.0008254068076409088;0.002240389906453895;1.1813840307081787;3.8161893787304533;0.004183571085808924;1.0;0.0006674781106443127;0.0;0.00710667870744827;2.4831956303161173;4.5312046086806665;0.007603046420196138;-1.0;0.0025748059142511608;0.000273085475753911;0.004954550774392385;2.2399540690812056;4.329795154488294;0.0077450686544082836;True;False;False
2021-06-02;-0.0013236782683173714;0.017496050552922592;1542.857142857143;0.8645598194130926;0.04223251958858387;1.2246467991473532e-16;-1.0;0.40673664307580015;0.9135454576426009;0.9749279121818236;-0.22252093395631434;0.0;0.00097458287852799;0.0016372992359270232;0.0026118821144550134;1.267795799856956;3.4221749530672803;0.00016026474002465323;1.0;0.000389833151411196;0.0001559332605644784;0.0012084827693747077;0.9810314861548122;3.7820320060359864;-0.00015582998948147572;1.0;0.0010908524232507402;0.0007791803023219573;0.0030388031790556337;2.3163347636180305;4.071335845693305;-0.000159977862522858;1.0;0.0009339248190520663;0.000544789477780372;0.0034633045373180793;2.2615785691992296;4.3411673520467415;0.0007292624093276672;True;False;False
2021-06-04;-0.002511009812253728;0.012669577420863871;1523.5714285714287;0.6492307692307693;0.04511381666288897;1.2246467991473532e-16;-1.0;0.7431448254773941;0.6691306063588582;-0.433883739117558;-0.9009688679024191;1.0;0.00038728166995856086;0.0;0.003291894194647767;1.090596254842251;3.174106210271867;0.00018449867847459458;-1.0;0.0020466481309854806;0.000733704046957059;0.003938832252085264;1.4913693993035528;3.6117689227649126;-0.0005885031401152825;1.0;0.000463911547531604;0.000231955773765802;0.003595314493369931;1.8412192710980553;3.896493468380936;-5.567976426041931e-05;1.0;7.709803014532978e-05;0.002120195828996569;0.004163293627847809;1.7547855294500712;3.9829906645921316;0.0008164905440990266;False;False;True
2021-06-07;0.000730319803198032;0.00910111924402618;1500.0;0.9106382978723404;0.049654482853157225;1.2246467991473532e-16;-1.0;0.9945218953682733;0.10452846326765346;0.0;1.0;-1.0;7.681966583445362e-05;0.0007297868254273094;0.003456884962550413;1.1345616496427082;3.1808008843705813;-0.00013265210061028684;-1.0;0.0013094550356248797;0.00019256691700365877;0.0016945888696321971;1.0417504129391861;3.653778513973284;-0.0010186611881528008;1.0;0.0008474902731230017;0.0003467005662775916;0.0028121268153626874;1.9350498173380506;4.0161995029193625;-0.00126918195454021;-1.0;0.0009230059226213368;0.0003461272209830013;0.0037304822705945696;2.2253519122951846;4.241016979287048;-0.0013879250520471894;True;False;False
2021-06-08;0.0006895759108148489;0.013827539850201652;1483.2142857142858;0.5805555555555556;0.04968956579396813;1.2246467991473532e-16;-1.0;0.9945218953682734;-0.10452846326765333;0.7818314824680298;0.6234898018587336;1.0;0.001339918073580644;3.828337353087554e-05;0.001837601929482026;0.8370633321813667;3.2443940902184734;-0.0020876116617132854;1.0;0.0004209076299074003;0.0004209076299074003;0.0021428024795285836;0.970046241658086;3.9746971500272172;-0.0018088250280240868;-1.0;0.00011463945890175398;0.0007642630593450266;0.003477396920019871;2.1030325185275554;4.233598594323297;-0.0015069665274638636;-1.0;0.000996168582375479;0.0009578544061302681;0.005134099616858238;2.1733491524120008;4.4282248687233166;-0.0020499417047826957;True;False;False
2021-06-09;0.00011536243030186502;0.012059262662225796;1515.0;0.45714285714285713;0.04187238986089273;1.2246467991473532e-16;-1.0;0.9510565162951536;-0.30901699437494734;0.9749279121818236;-0.22252093395631434;-1.0;0.0007689941556444171;0.0014995386035066133;0.003422023992617656;0.8728457333401196;3.358079683246721;0.00018391630524975367;1.0;0.001039340980829933;0.0003464469936099777;0.0016167526368465624;0.8777251706430453;3.9572578970224495;0.0010604816639299647;-1.0;0.0005003078817733991;0.0026554802955665023;0.004772167487684729;1.9781025669925882;4.271961596143664;0.000518250113501033;1.0;0.0001541901164135379;0.0005396654074473826;0.0037776578521316784;2.4517538807248425;4.367540460775157;0.0005123869546280606;False;False;True
2021-06-10;0.0002697183369937965;0.012265456782528453;1500.0;0.2727272727272727;0.037122265369065315;1.2246467991473532e-16;-1.0;0.8660254037844387;-0.4999999999999998;0.43388373911755823;-0.900968867902419;1.0;3.852080123266564e-05;0.0007704160246533128;0.0040832049306625574;0.7808102691408246;3.321984514418725;-0.0017235127237047612;1.0;0.0005759262814359762;0.001842964100595124;0.003493952774044922;1.4823962678740075;3.9089603043500025;-0.0002983077427905535;-1.0;0.0012273232846239405;0.0005369539370229739;0.003260077474782342;1.5652534049752393;4.369681674370773;0.0011096600172423598;-1.0;0.0026118686383714233;0.0009602458229306702;0.004839638947570578;2.2026807212438118;4.4011003939682105;0.0009315522737567072;False;True;False
2021-06-11;0.0021906225980015373;0.008936825885978428;1517.142857142857;0.7629310344827587;0.03756843646549529;1.2246467991473532e-16;-1.0;0.7431448254773945;-0.6691306063588579;-0.433883739117558;-0.9009688679024191;-1.0;0.00030678375580013036;0.00042182766422517925;0.0031828814664263527;0.6636326377446556;3.139683492730626;-0.001435179845974486;1.0;0.0004613078076346442;0.0015376926921154808;0.0028447314804136395;0.9441507235599608;3.6331962975813714;-0.000994387896634934;1.0;0.0008834600906506876;0.0010371053238073288;0.002227855880771299;1.019927819630106;3.858564010842363;-0.0006143921357806621;-1.0;0.0003839950848629138;0.00011519852545887413;0.004646340526841256;1.4495994154194012;4.015538003691751;-0.0009597011216507483;False;False;True
2021-06-14;0.0015436863229391787;0.01369022510258082;1549.2857142857142;0.6274509803921569;0.029077628902362138;1.2246467991473532e-16;-1.0;0.20791169081775931;-0.9781476007338057;0.0;1.0;1.0;0.0019266337854500616;0.0005394574599260172;0.0038918002466091246;0.7433227269697062;3.2536519816143916;0.002030773703404444;1.0;0.0;0.0007695859627520394;0.0016161305217792827;0.6532333060984401;3.8723682521833194;0.002845059592464437;1.0;0.0014994232987312571;0.0002306805074971165;0.00461361014994233;1.5504197638074075;4.126147072306387;0.004080676421101929;1.0;0.00038334738940427816;0.0007283600398681285;0.0032584528099363643;1.5985332008855953;4.2157086171923615;0.004692321424017508;True;False;False
2021-06-15;0.0013055832885339068;0.01155980271270037;1539.642857142857;0.4866666666666667;0.03058232090490155;1.2246467991473532e-16;-1.0;5.66553889764798e-16;-1.0;0.7818314824680298;0.6234898018587336;-1.0;3.8349440098174566e-05;0.0009970854425525387;0.0027995091271667432;1.0550180262127495;3.270489642635847;0.0007512699022494541;1.0;0.00019209343424641745;0.0021514464635598754;0.00242037727150486;1.4384343582526735;3.6591575885909635;0.0004524519910021936;1.0;0.0013061851709565886;0.0032270457164809835;0.004610065309258548;2.28369708949373;3.884295850880835;0.00019207129686539643;-1.0;0.001113970729458764;0.00276572043175969;0.0041101678638650945;2.2008440045656803;4.190722587901174;-7.257420712673745e-05;False;True;False
2021-06-16;0.004843359600230636;0.008820371222580151;1476.0714285714287;1.2782608695652173;0.030274486311155428;1.2246467991473532e-16;-1.0;-0.20791169081775907;-0.9781476007338057;0.9749279121818236;-0.22252093395631434;-1.0;0.0024100072682758885;0.0008798439233388164;0.0033663593588615583;0.6963455934135128;3.285595829773034;0.0014537664026932936;1.0;3.825701059719194e-05;0.0002295420635831516;0.0025632197100118595;0.9103255299218989;3.887863181420659;0.0026845808364186186;-1.0;0.000916030534351145;3.816793893129771e-05;0.003435114503816794;1.6103252062079176;4.11556531284303;0.003737006568458607;-1.0;0.0015305146355462024;0.00011478859766596518;0.003214080734647025;1.8889442656634825;4.308652695257124;0.0027422225628709013;True;False;False
2021-06-17;-0.0007310785332255954;0.01591369878734555;1539.2857142857142;0.36778846153846156;0.02070093108991365;1.2246467991473532e-16;-1.0;-0.4067366430758002;-0.9135454576426009;0.43388373911755823;-0.900968867902419;-1.0;0.0011551790527531767;0.00030804774740084714;0.004235656526761648;0.838470315557769;3.3230063843883637;-0.0018534249749015369;1.0;0.00042474322341493553;0.0005791953046567302;0.0015445208124179473;0.7391877821818813;3.8348947005989507;-0.0024055778532469244;1.0;0.001080580426057425;0.0001157764742204384;0.007641247298548935;1.9285243151979272;4.156718970714294;-0.0008478511872047396;1.0;0.0024541759337372497;0.0006135439834343124;0.003336145409924074;1.5220743139745398;4.2592313411525;0.0010947117330096302;False;False;True
2021-06-18;0.00046407301415422696;0.01863688871775125;1632.5;0.42355371900826444;0.014302965669745777;1.2246467991473532e-16;-1.0;-0.587785252292473;-0.8090169943749476;-0.433883739117558;-0.9009688679024191;-1.0;0.0013142636258214148;0.001352918438345574;0.009006571318129108;1.1827912472231965;3.4520288862902;0.0005402975526681551;1.0;0.0;0.0011670427137633237;0.0027230996654477556;0.8138534663267858;3.861937234617124;0.00011220729002126914;1.0;0.0020974131903985084;0.002019731220383749;0.004855123125922473;1.808899567526843;3.9953442531758845;-0.0007201845742501922;-1.0;0.0012031826120706384;0.001009120900446342;0.004579856394333398;1.7995150573039616;3.9891207926422676;-0.00035014005602240897;False;True;False
2021-06-21;0.003774025367675667;0.010282180131426363;1618.2142857142858;0.5601503759398496;0.009236041294219358;1.2246467991473532e-16;-1.0;-0.9510565162951535;-0.30901699437494756;0.0;1.0;1.0;0.001201596961122524;0.0011240745765339743;0.0045738206907244465;0.7623632707498952;3.165593352567122;-0.0010356103870432804;1.0;0.0003480682213713888;0.0012762501450284255;0.0019723865877712033;0.6661590866130568;3.643604006622355;0.0001460518741892098;-1.0;3.8659295627633664e-05;0.003324699423976495;0.004407159701550238;1.5727299394051766;3.9336325186310175;0.0018575851393188853;-1.0;0.00011610356437942645;0.0018963582181972987;0.0035218081195092688;1.562903157519709;3.8888636830108783;0.0014728682170542635;True;False;False
2021-06-22;0.00011547344110854503;0.011434551726811116;1673.2142857142858;0.7864406779661017;0.013600890991969759;1.2246467991473532e-16;-1.0;-0.9945218953682733;-0.10452846326765423;0.7818314824680298;0.6234898018587336;-1.0;0.00011546010853250202;0.0002694069199091714;0.0036947234730400646;0.872614804900253;3.59583112524289;-0.0005963796750374096;-1.0;0.0008881680568427556;0.0013515600864998456;0.0028575841828853876;1.132578938480538;3.9386611458059764;-0.0017430877554525659;-1.0;0.0007727676674007959;0.0013909818013214327;0.003979753487114099;1.607587776388547;4.228181420145775;-0.003169810671552512;-1.0;0.00015482872072769498;0.00011612154054577124;0.004760983162376621;1.6964549377591969;4.341366094004537;-0.004238111901706909;True;False;False
2021-06-23;0.0;0.011161143824808529;1603.9285714285713;0.8827586206896552;0.01017689383839583;1.2246467991473532e-16;-1.0;-0.9945218953682734;0.10452846326765299;0.9749279121818236;-0.22252093395631434;-1.0;0.001001849568434032;0.00030826140567200987;0.0025431565967940816;0.8848377828592796;3.2118956582130846;0.002799211248285235;-1.0;0.00034720882681995294;0.0008101539292465569;0.0021989892365263685;1.0055044585142565;3.770529449961198;0.0021583721668682935;1.0;0.0015447594037228702;0.0003475708658376458;0.004016374449679463;1.6383328829453605;3.994762030083833;0.0013316719548173803;1.0;3.853861569292431e-05;0.0;0.006628641899182982;1.9810973092611162;4.230518911338037;0.0023992751126256213;False;False;True
2021-06-24;0.003443206437635407;0.013948828606658446;1617.142857142857;0.4696132596685083;0.007269959378325268;1.2246467991473532e-16;-1.0;-0.9510565162951536;0.30901699437494723;0.43388373911755823;-0.900968867902419;1.0;0.001156648802868489;0.000501214481243012;0.002428962486023827;0.8045825657543648;3.3150045806985005;0.0007961885682731324;1.0;7.705050660708094e-05;0.00019262626651770235;0.002619717224640752;0.8701348538825511;3.7761216686748704;0.0024683765939819318;1.0;0.0015373971865631486;0.0002306095779844723;0.002037051272196172;1.3071812368053466;4.147598292302298;0.004132778311452688;-1.0;0.0006532180595581172;0.002036503362151777;0.004265129682997118;2.079678008987416;4.100677958340012;0.0036903051450464745;False;False;True
2021-06-25;0.0012295869356388088;0.00636156841577669;1610.7142857142858;0.9515151515151515;0.00948584290731303;1.2246467991473532e-16;-1.0;-0.8660254037844386;0.5000000000000001;-0.433883739117558;-0.9009688679024191;-1.0;0.0009594350846221744;7.675480676977396e-05;0.003722608128334037;0.7790799619963845;3.3311006290763827;0.0002693654519567476;1.0;0.0011544677903486493;0.0003848225967828831;0.0033094743323327947;1.3455402787310948;3.696609385287959;0.00022621730519697278;1.0;0.0009603564843269822;3.8414259373079284e-05;0.0021127842655193608;1.3364704018200193;3.9173904013895706;0.0005883631991608684;-1.0;0.0010743611388228072;0.0005371805694114036;0.004143964392602256;1.813352182221186;4.029236772324504;0.00065394676104016;False;False;True
2021-06-28;-0.0007803659916500839;0.024676670376482326;1711.7857142857142;0.25194401244167963;-0.00923103112087776;1.2246467991473532e-16;-1.0;-0.40673664307580015;0.913545457642601;0.0;1.0;-1.0;0.0007028778944902183;0.005818267015502363;0.00929360771603733;1.5461670956838713;3.3267428620005415;-0.0011529659505225076;1.0;0.00035241600751820815;0.0007831466833737959;0.002897642728483045;0.9297204504425345;3.831189593468058;-0.000460375162325689;1.0;7.817691435719032e-05;0.0006254153148575226;0.005785091662432084;1.6545697399621087;4.1591936098158495;0.0007389258351806479;-1.0;0.0015945861854387057;0.0007000622277535781;0.005483820784069695;1.8494389381547296;4.293677466235336;0.002193609918931795;False;False;True
2021-06-29;-0.00078125;0.014213752977468859;1729.2857142857142;0.5247252747252747;-0.011303529429953484;1.2246467991473532e-16;-1.0;-0.20791169081775898;0.9781476007338057;0.7818314824680298;0.6234898018587336;-1.0;0.0007427677873338546;0.000977326035965598;0.0028537920250195467;0.9532690805426672;3.4342140437608717;0.00013045803817194604;1.0;3.913741145160659e-05;0.0013306719893546241;0.0023482446870963956;0.9367903337907598;4.057704575256051;-0.00033885934730484076;1.0;0.0009774406693513703;0.0016030026977362473;0.0032842006490206043;1.8168690224324389;4.479122252079842;-0.00037333680623388173;-1.0;7.814026176987693e-05;3.9070130884938464e-05;0.006134010548935339;2.0056127542460223;4.620501796670881;-0.0013626298756599857;False;True;False
2021-06-30;-0.002934846409704559;0.010437842064112588;1710.7142857142858;0.4756554307116105;-0.015790612156608264;1.2246467991473532e-16;-1.0;-1.133107779529596e-15;1.0;0.9749279121818236;-0.22252093395631434;-1.0;0.001726844583987441;0.00023547880690737833;0.0033751962323390894;1.0623986072092748;3.5532145854463093;2.183444252292454e-05;1.0;0.0008646439239113347;0.00227951579940261;0.003615783681811036;1.2589485624174563;4.1880738062265985;-0.0012308820448355712;1.0;0.001139220615964802;0.0012963544940289126;0.0025927089880578252;1.4628631613746852;4.3536267474224895;-0.002282447412062431;1.0;0.0019245875883739199;0.0005106048703849175;0.0041633935585231735;1.6004390494632954;4.64539014842113;-0.0015814512756168206;False;False;True
2021-07-01;0.0035437256368862466;0.008516483516483516;1705.357142857143;0.631336405529954;-0.014970424377810458;-0.4999999999999997;-0.8660254037844388;0.20129852008866006;0.9795299412524945;0.43388373911755823;-0.900968867902419;1.0;0.0005492996429552321;0.0008631851532153647;0.002118727194255895;0.7337719721523811;3.418989382962204;-0.0008974275196584041;-1.0;0.0009017839639286414;0.00015683199372672026;0.0016859439325622428;0.9031001134944443;4.0015026030387935;-7.410604138610796e-05;1.0;0.002000863117423202;0.0011377456942210365;0.0034132370826631094;1.8845307900930552;4.39518048053471;0.0010633476275144923;-1.0;0.0004706436051300153;0.0009805075106875318;0.007138094677805232;2.4335443573505158;4.479688832425471;-0.00024105045405145174;False;False;True
2021-07-02;0.0017449238578680203;0.01765605995213246;1738.5714285714287;0.3622222222222222;-0.022477975763181165;-0.4999999999999997;-0.8660254037844388;0.39435585511331855;0.9189578116202306;-0.433883739117558;-0.9009688679024191;1.0;0.002573238321456849;0.000395882818685669;0.0033650039588281866;0.8517971302190949;3.2899443010264884;0.001873103812161907;1.0;0.0006727344677483182;0.0021369212504946575;0.009062129006727345;1.42903493735809;3.4746206529149117;0.0033384021114081955;-1.0;0.001691049237061507;7.865345288658172e-05;0.003146138115463269;1.129395243672284;4.0111194550940015;0.004463172265322388;1.0;0.000945179584120983;0.0013390044108380593;0.0046865154379332075;1.729505671565887;4.261023862756998;0.005683678413808419;False;True;False
2021-07-05;-0.0032705186108082855;0.018606492478226443;1792.857142857143;0.8170212765957446;-0.008683698461717184;-0.4999999999999997;-0.8660254037844388;0.8486442574947509;0.5289640103269624;0.0;1.0;1.0;0.0004296875;0.0019140625;0.0028515625;0.7698211600695044;3.396691969365055;0.0005682878052378169;1.0;0.0007418107992035295;0.0007808534728458205;0.002108304376683715;0.6930096994470367;3.586817434127537;0.00022544786084665604;-1.0;7.803964413922273e-05;0.001833931637271734;0.004721398470422975;1.6875753937401214;3.8831362558161766;-0.0012651953879063353;-1.0;0.0005478379964781843;0.0001565251418509098;0.004265310115437292;1.1514938982083749;4.126213257120766;-0.0024260830104374056;False;True;False
2021-07-06;-0.001370399373531715;0.00953125;1811.0714285714287;0.4180327868852459;-0.011284651555855342;-0.4999999999999997;-0.8660254037844388;0.9377521321470804;0.3473052528448203;0.7818314824680298;0.6234898018587336;-1.0;0.0007841599686336013;0.00039207998431680063;0.004861791805528328;1.1881527976677868;3.543180086360173;-0.0010188063786899574;-1.0;0.0017315335878163001;0.0005902955413010114;0.0036204793199795366;1.5659207384398028;3.8361470404449727;-0.0018432413026155765;-1.0;0.000275829458586177;0.0001970210418472693;0.0031523366695563088;1.8427352732912972;4.30182062283525;-0.004051977698757538;1.0;0.0017779533781114183;0.0005926511260371395;0.0033583563808771235;2.0185472874291337;4.30644532861504;-0.004403219086463636;False;False;True
2021-07-07;0.004945756222080409;0.01823171927073123;1833.9285714285713;0.2924731182795699;-0.021493662971442107;-0.4999999999999997;-0.8660254037844388;0.9884683243281114;0.1514277775045767;0.9749279121818236;-0.22252093395631434;1.0;0.001190665184949992;0.0006350214319733291;0.007064613430703286;1.3837454844765436;3.574436624561564;0.0010660138976626658;-1.0;0.001658309314170648;0.0011450230978797332;0.0028822995222489833;1.1706220435155348;3.9536737837103253;0.003325655369090697;-1.0;0.002487660414610069;0.00011846001974333662;0.003198420533070089;1.8282587719606842;4.163570836577342;0.005742130910048767;-1.0;0.0010272619517977084;0.0016989332279731331;0.003239826155669696;2.224377108090551;4.218893756623209;0.0044054411370693675;False;False;True
2021-07-08;-0.013462066800109895;0.016470868391808224;1831.4285714285713;0.004819277108433735;-0.022924501715207525;-0.4999999999999997;-0.8660254037844388;0.9987165071710528;-0.05064916883871264;0.43388373911755823;-0.900968867902419;-1.0;7.956715467854869e-05;0.003222469764481222;0.006086887332908976;1.3736123896647698;3.5246402466879854;-0.0035550590884509854;-1.0;0.0013564190536982366;0.00015957871219979256;0.0037102050586451767;1.1589257477815602;3.711615931564954;-0.008769474764436904;1.0;0.00031984647369262754;0.000719654565808412;0.005837198144890453;1.5632399667969208;4.102836388340889;-0.011795497550710118;-1.0;0.0013528030875741058;0.002824971153463574;0.006286555524609079;2.0640583708462104;4.061111757957966;-0.009688995215311004;False;False;True
2021-07-12;0.006762132060461416;0.013645767027371102;1927.142857142857;1.064139941690962;-0.01447525966883098;-0.4999999999999997;-0.8660254037844388;0.6513724827222223;-0.7587581226927909;0.0;1.0;-1.0;0.002173054128802845;0.0011062821019359936;0.00525483998419597;0.7829664313359119;3.2243838967798233;0.0008533474091669122;1.0;0.0003167187933013975;0.00027712894413872284;0.0028900589888752526;0.8022653238279728;3.910824203385699;0.0022865619500291342;1.0;0.00031599320614606786;0.0001974957538412924;0.002567444799936801;1.522533601508586;4.262635653944184;0.004375418818242737;1.0;0.001379636564310773;0.001379636564310773;0.003508218692104537;1.6550003422180417;4.25933679328943;0.004849185091819458;True;False;False
2021-07-13;-0.002529182879377432;0.01849071513235875;2004.2857142857142;0.8611111111111112;-0.0014081955814211674;-0.4999999999999997;-0.8660254037844388;0.48530196253108104;-0.8743466161445821;0.7818314824680298;0.6234898018587336;-1.0;0.000156036668617125;0.0007021650087770626;0.0027696508679539694;0.8503221614115462;3.5879407051282053;0.00047769179325497926;-1.0;7.81677479871805e-05;0.00023450324396154148;0.0040256390213397955;1.484898309558929;3.739746576793212;-0.0010940680588791179;1.0;0.0003138362559334667;0.0016868698756423836;0.003962182731160017;1.6711529122770714;4.056524961100666;-0.002792895083721522;-1.0;0.0014486511882855018;3.915273481852707e-05;0.004502564504130614;1.8702381298713517;4.35613494444895;-0.0035911264704856544;False;True;False
2021-07-14;0.0008539046731873933;0.016929978544958067;2055.714285714286;0.9723502304147466;0.005018074813161972;-0.4999999999999997;-0.8660254037844388;0.29936312297335804;-0.9541392564000488;0.9749279121818236;-0.22252093395631434;1.0;0.0005429302722407508;0.0016287908167222523;0.0051190568525556505;1.3442857997998419;3.3089629906967266;0.0016240043306782151;1.0;0.0011599582415033058;0.0004253180218845455;0.003905192746394463;1.257124023236332;4.204107506711084;0.0029403318374502142;1.0;0.0004243336033638082;0.00015430312849593026;0.003086062569918605;1.5483231091711633;4.376503020384522;0.004715851760641689;-1.0;0.0015391719255040787;0.0023087578882561182;0.005771894720640295;1.9677115132859628;4.3298855175058995;0.004866305120758034;False;False;True
2021-07-15;-0.0033333333333333335;0.012487396261537269;2041.4285714285713;0.024844720496894408;0.00263193808121966;-0.4999999999999997;-0.8660254037844388;0.10116832198743272;-0.994869323391895;0.43388373911755823;-0.900968867902419;1.0;0.00035000388893209925;0.0015166835187057635;0.004627829198102201;1.0122883401298413;3.2952764887045163;0.0005601878783962268;-1.0;0.0005041690905565251;0.0009307737056428156;0.0038782237735117317;1.1388274095644728;3.996838350099167;-0.00032829657275654293;1.0;0.0030324236062514577;0.0011274395459140035;0.005326179923800638;1.7493132246651013;4.3029750179083095;-0.0010010010010010136;1.0;0.00403852127990059;0.0008543025784405095;0.00648493320907114;2.0734616833151867;4.189045287637699;-0.0009692552242856589;False;True;False
2021-07-16;0.0007809754383224647;0.016955743952710586;2119.6428571428573;0.3853211009174312;5.85308750365818e-05;-0.4999999999999997;-0.8660254037844388;-0.10116832198743204;-0.9948693233918952;-0.433883739117558;-0.9009688679024191;1.0;0.0005462561941550587;0.0004292012954075461;0.0027312809707752935;0.814760034120677;3.1241377681983615;0.0013675746323561738;1.0;0.0005063488353976785;0.0018695956999298902;0.002726493729064423;0.9543542088301811;3.638377470663516;0.002279934414030923;-1.0;0.0008955340108242806;0.0002336175680411167;0.002375111941751353;1.1089059775211665;3.8477916306324884;0.0021181760295245528;-1.0;0.0007797270955165692;0.001442495126705653;0.004561403508771929;1.5331784148015637;4.0409353073674765;0.0009552342494899065;False;True;False
2021-07-19;-0.013483057214028706;0.018338600803776972;2057.8571428571427;-0.6085106382978723;-0.02535826384860435;-0.4999999999999997;-0.8660254037844388;-0.651372482722222;-0.7587581226927911;0.0;1.0;-1.0;0.0019238476953907816;0.0;0.00501002004008016;1.1099692095143099;3.3381025388408894;-0.006320999566687649;1.0;0.001688577976118683;0.0009246974631126121;0.003537972902343907;1.13317805216262;3.4997220186860463;-0.008600221365324245;1.0;0.0004820245029122314;0.0006426993372163085;0.002851978308897369;1.2481329463300301;3.804021368779708;-0.011031803316669721;1.0;0.0027667508721279923;0.002004891936324632;0.005092425518264565;2.0942149793452174;3.858596992674292;-0.007959095504692195;False;False;True
2021-07-20;0.004957620342235727;0.012264529058116232;2127.5;1.3202614379084967;-0.01676729389997516;-0.4999999999999997;-0.8660254037844388;-0.7907757369376986;-0.6121059825476627;0.7818314824680298;0.6234898018587336;-1.0;0.0009945894334818586;0.0005967536600891152;0.005370782940802037;0.8532870175803713;3.1102389283615577;0.005116054115694757;-1.0;0.0003194888178913738;0.000998402555910543;0.00463258785942492;1.2342897626456086;3.87130524483786;0.0038421640777693837;-1.0;8.014104824491104e-05;0.001843244109632954;0.006411283859592883;1.8977742242253979;4.2632270000285875;0.0011851732589134884;1.0;0.00020125583641925616;0.0025358235388826277;0.008694252133311866;2.150922263893443;4.328637544223431;-0.0002045098876085309;True;False;False
2021-07-21;0.0013537187450230928;0.017146721833227244;2186.0714285714284;0.8561484918793504;-0.014554423827799753;-0.4999999999999997;-0.8660254037844388;-0.8978045395707417;-0.44039415155763423;0.9749279121818236;-0.22252093395631434;1.0;0.00035785288270377734;0.001749502982107356;0.004214711729622267;1.0130216152485343;3.4931587265748476;0.0013975408571289885;-1.0;0.0008728773210601492;0.0009919060466592605;0.0040073004285034125;1.0811792096115644;3.9790131192227944;0.0007333775127016584;1.0;0.0017892644135188867;0.0009940357852882703;0.004811133200795229;1.5601345553097872;4.09394170991844;0.001093431036687167;1.0;0.0005555555555555556;0.0014682539682539682;0.005357142857142857;1.5648644147286546;4.074844523078154;0.001472165093427539;False;False;True
2021-07-22;0.00019774569903104609;0.00779324055666004;2178.5714285714284;0.9387755102040817;-0.007772254503081831;-0.4999999999999997;-0.8660254037844388;-0.9680771188662041;-0.2506525322587213;0.43388373911755823;-0.900968867902419;-1.0;0.0018979833926453143;0.00043495452748121787;0.002491103202846975;0.7991426909532692;3.4339976226521753;0.001410530201165412;-1.0;0.0005140981532012497;0.002412306718867402;0.0043500612963182665;1.1729887114033504;3.935635515555258;0.0007876475739134131;1.0;0.0007920792079207921;0.0012673267326732674;0.0026534653465346537;1.3098000690982246;3.9720824666349754;0.00032104140554571164;-1.0;0.00027706313081337817;0.0005145458143677023;0.004195527409459727;1.7529375967679381;4.294920820242382;-0.0010590836278910444;False;True;False
2021-07-23;0.002567647639739285;0.008936338473705022;2098.5714285714284;1.0707964601769913;-0.0031989537123769465;-0.4999999999999997;-0.8660254037844388;-0.9987165071710528;-0.05064916883871355;-0.433883739117558;-0.9009688679024191;-1.0;0.0003546099290780142;0.00047281323877068556;0.0028368794326241137;0.7562072590752954;3.3409427888275918;0.0004913121104048244;-1.0;0.0;0.001539737060286628;0.0017766196849461093;0.8009923894233423;3.939116939473539;-6.581631981462294e-05;-1.0;7.898270278808941e-05;0.00031593081115235765;0.0031198167601295314;1.2417988039873615;4.175903920217016;-0.0006027886675730368;-1.0;0.0007127583749109052;0.0003563791874554526;0.00411815949948523;1.7574102034819217;4.362512418589248;-0.0018358907821512452;True;False;False
2021-07-26;0.0010001200144017282;0.01780929866036249;2092.1428571428573;0.18805309734513273;-0.015271516584973268;-0.4999999999999997;-0.8660254037844388;-0.848644257494751;0.5289640103269624;0.0;1.0;1.0;0.001358804252258013;0.0007593317880265366;0.002837502997362321;0.9118833352748811;3.3936452988811276;-0.0004037983670570884;1.0;0.0005591054313099042;0.0007987220447284345;0.0022763578274760383;0.8559523329420922;4.069350595069045;-0.00015516454091240456;1.0;7.979890675497746e-05;0.0007979890675497746;0.003710649164106452;1.5958576345737936;4.212650074944719;0.0013306455178023315;1.0;0.00027850720140049334;0.0001989337152860667;0.005172276597437734;1.806654560476563;4.626274480830217;0.0031416653466391333;True;False;False
2021-07-27;-0.0027730459929485403;0.012508992086963473;2105.714285714286;0.5431309904153354;-0.00857595777990016;-0.4999999999999997;-0.8660254037844388;-0.72479278722912;0.6889669190756865;0.7818314824680298;0.6234898018587336;-1.0;0.0007150518412584912;0.0006356016366742144;0.003575259206292456;0.9400876171364152;3.5878257195384524;-0.0010970878510791974;1.0;0.00039815257206561556;0.0011148272017837235;0.0017120560598821468;1.0068515563295364;4.026364051008191;-0.002282287063943768;-1.0;0.00206998129055372;0.0005573026551490785;0.005971099876597269;2.1535459626076046;4.120931301046922;-0.004118349287498998;1.0;0.0015178143473398307;0.0011183895190925068;0.0030356286946796613;1.8621201521872517;4.314053505627919;-0.0040991242779951165;False;True;False
2021-07-28;0.003967458822586463;0.01596949112143964;2096.4285714285716;0.654228855721393;-0.012082781248028267;-0.4999999999999997;-0.8660254037844388;-0.5712682150947924;0.8207634412072763;0.9749279121818236;-0.22252093395631434;1.0;0.0005588376177550695;0.00011975091809037202;0.003911863324285486;0.9820265848599209;3.4323974872747525;0.0034350588204087973;-1.0;0.0012334871876492123;0.0003183192742320548;0.0021088651917873626;0.8240819328565223;3.8666820690270782;0.004113915651458488;1.0;0.0013934230432359265;0.00015924834779839159;0.0035432757385142127;1.6897199730680401;4.233143192685177;0.0053992724447269385;1.0;0.0007946598855689765;0.00047679593134138587;0.0040924984106802285;2.2329014919146033;4.397826638820566;0.005181575251704826;False;False;True
2021-07-29;0.0008709077233680376;0.014529778061631806;2090.0;0.6456043956043956;-0.0023950725426831916;-0.4999999999999997;-0.8660254037844388;-0.3943558551133187;0.9189578116202306;0.43388373911755823;-0.900968867902419;1.0;0.0006328362931614128;0.0003164181465807064;0.005260451686904244;0.9556928897071475;3.363464196140656;0.001483406847300949;-1.0;0.0014177135431024297;0.0003544283857756074;0.004292521561060135;1.0289113658826787;4.0811903499469775;0.0007238080197928976;-1.0;0.0008291219204042957;7.896399241945672e-05;0.0031190777005685407;1.876712701589049;4.497746689762485;0.0005451795575252493;-1.0;0.0006331117442228553;0.00015827793605571383;0.007241215574548908;2.138908839636305;4.85500256564911;-0.0025311862501715;False;True;False
2021-07-30;-0.005179695593274364;0.01586045959735791;2042.5;-0.14962593516209477;-0.014242708384740661;-0.4999999999999997;-0.8660254037844388;-0.20129852008866114;0.9795299412524943;-0.433883739117558;-0.9009688679024191;-1.0;0.001281640499839795;0.001161486702979814;0.00512656199935918;0.9175371864980815;3.1587093946494496;-0.003770486682819586;1.0;0.0028512911128067146;8.03180595156821e-05;0.005060037749487972;1.241592230307786;4.002228171035041;-0.005378785854861822;1.0;0.0016028851933480265;0.0031656982568623523;0.005169304748547385;1.6426784399205545;4.375232055257672;-0.006257649598326533;1.0;0.0028841531805800353;0.0009213267104630668;0.004326229770870053;1.7482541697153073;4.591520449421219;-0.0041148968161820116;False;False;True
2021-08-02;0.011075690698054601;0.027595322012175585;2106.0714285714284;0.5500725689404935;-0.021839482668975757;-0.8660254037844384;-0.5000000000000004;0.39435585511331855;0.9189578116202306;0.0;1.0;-1.0;4.042200573992481e-05;0.0013743481951574437;0.0037996685395529327;0.8976243839644267;3.4599788783921626;0.00032414910858995135;1.0;0.0004862039625622949;0.0007293059438434423;0.0028361897816133867;0.8169815072173392;3.796331974317676;0.0039058110738059222;1.0;0.00040451438048622626;0.0005663201326807168;0.0037215323004732817;1.3970301934802847;4.179258048939348;0.00727024979717705;1.0;4.034047359716003e-05;0.00020170236798580014;0.0059703900923796845;1.4979239507146984;4.385570093660862;0.008499012830968978;False;False;True
2021-08-03;0.000324728040266277;0.022798011237317596;2152.5;0.4379432624113475;-0.02357269220787711;-0.8660254037844384;-0.5000000000000004;0.5712682150947923;0.8207634412072763;0.7818314824680298;0.6234898018587336;-1.0;0.0021100470702807984;0.0003652004544716767;0.006776497321863334;1.2416586726764716;3.304227079188366;-0.004464730440767634;1.0;0.00028527182329448204;0.006602005053386584;0.007661586111337517;1.4963746220281249;3.898743348004106;-0.0031717591272911023;-1.0;0.0010588043655318457;0.003950154748330347;0.005497638051799967;1.6836609008241983;4.143983934576952;-0.003028574532811742;-1.0;0.0034630270930943166;0.0011407618659604807;0.015603992666530862;2.397782053095117;3.9612432830801594;-0.004252202769195547;False;True;False
2021-08-04;0.0;0.024874208732348645;2256.4285714285716;0.7422512234910277;-0.021760917669706382;-0.8660254037844384;-0.5000000000000004;0.7247927872291199;0.6889669190756866;0.9749279121818236;-0.22252093395631434;1.0;0.0040574535421569425;0.0023533230544510266;0.007141118234196218;1.4353165349917894;3.2525964044382714;-0.0002657945003062476;-1.0;0.0009325332468374959;0.003121959130716834;0.004135582225105417;1.1040326682438715;3.5255237151430068;-0.0009416195856873691;-1.0;0.0008515124483010299;0.003000567674965534;0.006690454950936664;1.8311902229728252;3.422794669447275;-0.0017440179281427942;-1.0;0.0027245740311496076;0.001829937782115408;0.006425114879427433;1.7487986499089625;3.3984092505920693;-0.00274326067766691;False;False;True
2021-08-05;0.010080314702507786;0.02178852552138278;2292.5;0.7877094972067039;-0.020303368129455084;-0.8660254037844384;-0.5000000000000004;0.8486442574947509;0.5289640103269624;0.43388373911755823;-0.900968867902419;1.0;0.0016227180527383367;0.00028397565922920893;0.004746450304259635;0.8841905647126608;3.08550628567406;0.0015057533261416626;-1.0;0.0004854565314130831;0.0007686395080707148;0.0025081920789675957;0.6683433285601011;3.1620049624593176;0.004572621876575162;-1.0;0.002957021914367886;8.10142990237777e-05;0.005671000931664439;1.485851572522226;3.4732480878835306;0.006940495852850605;1.0;0.001990170992242395;0.0008123146907111815;0.005645587100442711;1.7944785775822454;3.7324346313882866;0.005458579149397679;False;True;False
2021-08-06;0.003468208092485549;0.024056795131845842;2336.4285714285716;0.23102866779089376;-0.031632128584463244;-0.8660254037844384;-0.5000000000000004;0.9377521321470804;0.3473052528448203;-0.433883739117558;-0.9009688679024191;-1.0;0.003127057274522712;0.0023864384463462805;0.0065832784726793945;0.8386593946175102;2.736765474611861;-0.0025629056026946987;1.0;0.0019359090534640416;0.002347804596754263;0.00819672131147541;1.2821721495276635;2.9646037893855333;-0.0014496915986268162;1.0;0.00012308702252492512;0.0003692610675747754;0.006892873261395807;1.3401764158961638;3.4910114844106537;0.002165237519308264;-1.0;0.00028536485935589073;0.003465144720750102;0.007134121483897269;1.6906166381687975;3.4947996137487745;0.004099571408443649;False;True;False
2021-08-09;-0.0046315105224668885;0.019502962475312705;2306.0714285714284;0.5907172995780591;-0.022798704510282552;-0.8660254037844384;-0.5000000000000004;0.9680771188662043;-0.2506525322587204;0.0;1.0;-1.0;0.0007346938775510204;0.001673469387755102;0.003510204081632653;0.757941667810093;2.948165635807652;-0.0011214172534812531;-1.0;0.0010624387054593003;0.0009807126511932004;0.0022066034651847008;0.7795689276412328;3.486784379082023;-0.0018618422247651336;1.0;0.00028608795161026647;0.0004904364884747426;0.008378290011443518;1.7844697561239906;3.793296254972657;-0.0016314684117068995;1.0;0.0005273191903622278;0.0014602685271569384;0.0038940494057518355;1.6177870763075364;3.9328866448108353;0.0009266756635178343;False;False;True
2021-08-10;0.0021948542860626753;0.013306122448979591;2268.5714285714284;0.6901840490797546;-0.014380365155345918;-0.8660254037844384;-0.5000000000000004;0.8978045395707416;-0.4403941515576344;0.7818314824680298;0.6234898018587336;-1.0;0.0012166930283489476;0.0013789187654621405;0.0026767246623676847;0.788653824794181;2.9676991692977346;-0.0010860992811915677;1.0;0.002271436683702442;0.0009329114950920744;0.0034071550255536627;1.1199204824661395;3.588210058048782;-0.0002748602042977453;1.0;0.002798053527980535;0.0015004055150040553;0.004379562043795621;1.8692249467172253;3.689865724267843;0.0006848142441362256;1.0;0.0012164463547157571;0.0037304354877949883;0.004987430054334604;2.1941962822385133;3.8258512238241944;0.000946086580437672;False;True;False
2021-08-11;0.002245814618211515;0.012248043152046072;2306.4285714285716;0.38079470198675497;-0.016352710390112633;-0.8660254037844384;-0.5000000000000004;0.7907757369376989;-0.6121059825476626;0.9749279121818236;-0.22252093395631434;-1.0;0.0007740884090446119;0.0007740884090446119;0.007781625585658994;1.1242580980300327;3.0916064905275675;-0.002072628548522191;1.0;0.000532939777805108;0.00036895830771122864;0.00545238388062149;1.5008293070349736;3.3939637622385055;-0.0008252620887292646;-1.0;0.0005305256284688214;0.0008161932745674175;0.0075497877897486125;2.11285534423485;3.715131028763783;-0.0019391517009782317;-1.0;0.0004927524329651378;0.002012072434607646;0.00537921405986942;2.0471092222458283;3.831425581139143;-0.00237935089477322;False;False;True
2021-08-12;0.002128879063293212;0.016663271542065594;2371.785714285714;0.7506112469437652;-0.016329540454140857;-0.8660254037844384;-0.5000000000000004;0.6513724827222223;-0.7587581226927909;0.43388373911755823;-0.900968867902419;-1.0;0.0005310891412697115;0.0013890023694746302;0.005882833564833728;0.9553196967802913;3.43137749897119;-0.002793614335388721;-1.0;8.203108978302776e-05;0.001804683975226611;0.0032402280464295967;1.1199788886743902;3.473720122156495;-0.002728948761477074;-1.0;0.0;0.0030802086327980614;0.004230153189042671;1.561299093609602;3.7103713539997254;-0.0031065974078186014;-1.0;0.0003289338431807903;0.0027548209366391185;0.004769540726121459;1.7191691646355394;3.9559714884622696;-0.0034184514003294895;False;False;True
2021-08-13;0.0015741507870753934;0.01703570553149767;2359.285714285714;0.24940047961630696;-0.025508949695496736;-0.8660254037844384;-0.5000000000000004;0.48530196253108104;-0.8743466161445821;-0.433883739117558;-0.9009688679024191;-1.0;0.002026635784597568;0.00012407974191413682;0.003391512945653073;1.0774787926954075;3.26809188995779;-0.0019325271934183244;1.0;0.0004555242670200431;0.00012423389100546628;0.004762299155209541;1.0626623869953842;3.6484654739921503;0.00018786570809337303;-1.0;0.00012371134020618558;0.0006185567010309278;0.003711340206185567;1.4974194349723648;3.473345934889004;0.0008777492853925842;-1.0;0.0010340406171154403;0.0006617859949538818;0.0071969226951234646;1.92739785902862;3.687972560346976;0.00017560398528622105;False;True;False
2021-08-16;-0.00532200173274475;0.011539415998014724;2345.0;0.43727598566308246;-0.026185158108593887;-0.8660254037844384;-0.5000000000000004;-0.10116832198743204;-0.9948693233918952;0.0;1.0;-1.0;0.00041476565740356696;0.0012028204064703442;0.004852758191621734;0.7770074238746607;3.4477443821568516;-0.00023117325048086727;1.0;0.00016644474034620507;8.322237017310254e-05;0.003453728362183755;0.8035611182404245;3.6961347562860207;-0.0016360879524014561;1.0;0.001617653158571488;0.0005806960056410469;0.0023642623086814053;1.4258805060906279;3.949176213857065;-0.0033407521069778214;-1.0;0.0009123709202504873;0.001202670758512006;0.009579894662630116;2.1610229489439505;4.267192640684389;-0.0037326425159125184;False;False;True
2021-08-17;-0.0026331187829139848;0.01708834508502696;2361.0714285714284;0.29854368932038833;-0.03404306994818653;-0.8660254037844384;-0.5000000000000004;-0.2993631229733582;-0.9541392564000488;0.7818314824680298;0.6234898018587336;-1.0;0.00020952939697439551;0.002849599798851779;0.006579223064996019;1.1786698991090332;3.289436652997359;0.0005794094696067161;-1.0;4.2052144659377626e-05;0.00336417157275021;0.003952901597981497;1.6410841079923295;3.5310794866528945;-0.00034127618593480055;-1.0;0.000504901754533597;0.000504901754533597;0.0065637228089367615;1.8961211444501573;3.9782428971442116;-0.003413017417671491;1.0;0.007742426806566255;0.001015400236926722;0.009011677102724658;2.310099825143152;4.146930346819423;-0.004577540911184413;False;True;False
2021-08-18;0.014852752880921895;0.026149268742404558;2440.714285714286;0.8557692307692307;-0.03418806890417024;-0.8660254037844384;-0.5000000000000004;-0.4853019625310808;-0.8743466161445822;0.9749279121818236;-0.22252093395631434;-1.0;0.0006308352258390108;0.00029438977205820506;0.006098073849777105;0.8320440051142959;3.011356322540302;0.0032363371615115708;1.0;0.0008032468081508413;0.002578845015642175;0.003973957892956794;0.9035161785112826;3.315383446192215;0.004365951214016153;-1.0;0.0018591287446655682;0.0011830819284235432;0.00845058520302531;1.4606267158133965;3.8416190260415863;0.004918551245922856;1.0;0.0006797230128722546;0.001954203662007732;0.008326606907685118;1.6946160709452567;3.89170171694471;0.00342631314624718;False;False;True
2021-08-19;-0.015047879616963064;0.027041803347632266;2527.1428571428573;-0.39502332814930013;-0.06055237400127625;-0.8660254037844384;-0.5000000000000004;-0.651372482722222;-0.7587581226927911;0.43388373911755823;-0.900968867902419;1.0;0.0006076388888888889;0.0032552083333333335;0.008116319444444445;1.0275075332656802;3.0969965003677657;-0.01157307363548181;-1.0;0.00133972946108302;0.002376939366437616;0.0059639569557889275;1.0091345752167644;3.391711128596711;-0.01209916114407824;1.0;0.001645876645876646;4.331254331254331e-05;0.00731981981981982;1.478156117090255;3.5463652261731933;-0.01155712521893937;1.0;0.0015074511155138254;0.0010767507967955896;0.0049961236971315355;1.6620202781126718;3.7472219506631474;-0.006931912577697616;False;True;False
2021-08-20;-0.006438495425279567;0.031163194444444445;2520.0;0.6838440111420613;-0.04025008490284251;-0.8660254037844384;-0.5000000000000004;-0.7907757369376986;-0.6121059825476627;-0.433883739117558;-0.9009688679024191;-1.0;0.0016200545702592087;0.0028137789904502048;0.004604365620736698;0.7666273891706422;3.582517641702709;-0.00028900638656737595;-1.0;0.0001279208596281767;0.0002558417192563534;0.005159474671669793;0.798025006625343;3.663979129576422;-0.0031133961725222196;1.0;0.0018851756640959727;0.002356469580119966;0.006126820908311911;1.5201184113743516;3.903674612002651;-0.005644885391720835;1.0;0.0020526855969893944;0.0013684570646595963;0.00645740677386247;1.7335269781045828;3.9164533687501164;-0.005409886543973038;True;False;False
2021-08-23;0.00306890318241056;0.02332025920873124;2513.9285714285716;1.0511882998171846;-0.02129684321060576;-0.8660254037844384;-0.5000000000000004;-0.9987165071710528;-0.05064916883871355;0.0;1.0;-1.0;0.0024727577535624476;0.0006286672254819782;0.003185247275775356;0.7505893711504564;3.056790272374845;0.0012248395599891817;-1.0;0.0004191641866118959;0.0002934149306283271;0.003562895586201115;0.7937175550260952;3.6392264835202552;0.0014339026907861786;-1.0;0.0014712682332170331;0.0012610870570431711;0.006305435285215856;1.6860713555199571;3.7025032585567623;0.0004312446094423683;1.0;0.0009281133985825177;0.0024468444144448193;0.00442963212959838;1.5491217727554027;3.697683835123634;-0.0011238006939470102;False;True;False
2021-08-24;0.007199728951380654;0.01550712489522213;2427.1428571428573;0.6297297297297297;-0.021222216963368887;-0.8660254037844384;-0.5000000000000004;-0.9884683243281114;0.15142777750457667;0.7818314824680298;0.6234898018587336;1.0;0.0006727777310571021;0.00025229164914641325;0.004919687158355058;0.8571217609678484;3.3448587979724835;0.0006049522320411571;1.0;0.001005151400929765;0.00016752523348829418;0.0016333710265108682;0.7553227609355795;3.7194182762310755;0.003818746744064882;1.0;0.00016744809109176155;0.0002511721366376423;0.0032652377762893503;1.2867652954628972;3.912301154935716;0.007203020352127075;1.0;0.0017950323523272804;4.174493842621582e-05;0.0053016071801294095;1.725692955362005;4.326235673948498;0.007636057723419307;True;False;False
2021-08-25;-0.0010719439290867861;0.02014128332352199;2465.0;0.9457202505219207;-0.0013910212156495038;-0.8660254037844384;-0.5000000000000004;-0.9377521321470804;0.3473052528448203;0.9749279121818236;-0.22252093395631434;-1.0;0.0005778199678071732;0.0006603656774939122;0.007387841016963144;1.0455750934717278;3.5004247065294156;-0.0007059800664451827;1.0;0.002990033222591362;0.0005398671096345515;0.0036129568106312293;1.3248396151804973;3.91293624687393;-0.0014625953916710364;-1.0;0.0017439687746543205;0.000788938255200764;0.004110783540256613;1.798892889650794;3.843422295216588;-0.0038261592846745686;-1.0;0.0005822174166181485;0.0030774349164102138;0.0037844132080179656;1.4926804083313818;3.988680941172886;-0.003502983081238693;True;False;False
2021-08-26;-0.002800889694373507;0.014404226340335962;2377.8571428571427;0.6905444126074498;-0.0001486767766874814;-0.8660254037844384;-0.5000000000000004;-0.848644257494751;0.5289640103269624;0.43388373911755823;-0.900968867902419;-1.0;0.0011152416356877324;0.0012391573729863693;0.002560925237505163;0.7037569616393986;2.9891272736337426;0.0013266313204343071;-1.0;0.0005370791158851477;0.0012807271224953521;0.0041726915926461475;1.077338180982553;3.773200390278884;-0.0006165681998048532;1.0;0.0015736292860692397;0.0012009276130528408;0.004058307106178566;1.6507890736643869;4.034247449747685;-0.0022149615598475243;1.0;0.0002067910169982216;0.002357417593779726;0.007196327391538112;2.036495335361797;3.914819114846979;-0.0014637337102447903;False;False;True
2021-08-27;0.0034288103700606315;0.020900454357703428;2389.285714285714;0.3774703557312253;-0.006518467611558118;-0.8660254037844384;-0.5000000000000004;-0.72479278722912;0.6889669190756865;-0.433883739117558;-0.9009688679024191;-1.0;0.0012084843938825686;0.0002917031295578614;0.0030003750468808603;0.7550205991058291;3.2573713390630474;-0.00191051198939018;1.0;0.000667751763282;0.0007512207336922499;0.0033804933016151244;0.8894501843359159;3.620469600397529;0.0007173534747676566;1.0;0.0007497813137834798;0.0029991252551339193;0.004123797225809139;1.4183221493427771;3.623334807564263;0.0020726922792212734;1.0;0.0014990006662225182;0.0034976682211858763;0.006703864090606262;1.717542461765934;4.0507907354590325;0.0029697985802237935;True;False;False
2021-08-30;0.0022341745966073644;0.014501812726590823;2403.214285714286;0.8390804597701149;0.0034984082139062245;-0.8660254037844384;-0.5000000000000004;-0.20129852008866114;0.9795299412524943;0.0;1.0;-1.0;0.0006605019815059445;0.0007017833553500661;0.004334544253632761;0.7706869998770751;3.0870033445631546;-0.000368039453829397;-1.0;0.0002484266313348791;0.0;0.0019460086121232197;0.6782270589486278;3.7139969596306512;-0.002078350591477313;1.0;0.0031935631039774377;0.00016589938202480196;0.003649786404545643;1.4914782374391118;3.8686566212399396;-0.002414056813260714;-1.0;0.0004975330652182927;0.0007048385090592479;0.006260624403996849;1.8972128944394202;4.303187904180708;-0.0035698906807795014;True;False;False
2021-08-31;-0.003647517201359529;0.010733157199471599;2388.214285714286;0.2230769230769231;-0.0031537630551483472;-0.8660254037844384;-0.5000000000000004;-2.4492935982947064e-16;1.0;0.7818314824680298;0.6234898018587336;1.0;0.0018720359430901073;0.00320326150262085;0.005116898244446293;1.2274915647790967;3.162469745986904;1.848847474702765e-05;1.0;0.0006239600665557404;0.002329450915141431;0.0030782029950083196;1.0954371930688738;3.4614541188703516;-0.0002726596329723118;1.0;0.0005822900636359855;0.0018716466331156678;0.005989269225970137;1.8809917754976393;3.723871527958104;-0.0006493147656940359;-1.0;0.001284814323607427;0.001201923076923077;0.007708885941644562;2.0386247613076027;3.8667996987215227;-0.000689757335036922;True;False;False
2021-09-01;0.0016778523489932886;0.019801980198019802;2412.1428571428573;0.41386554621848737;-0.008048185264032401;-1.0;-1.8369701987210297e-16;0.20791169081775931;0.9781476007338057;0.9749279121818236;-0.22252093395631434;-1.0;0.0010050251256281408;0.003098827470686767;0.004313232830820771;1.0433040284431856;3.123890069845126;0.0028248981966259184;1.0;0.00025130890052356024;4.18848167539267e-05;0.0024712041884816754;1.054051200111943;3.5711904082607755;0.003450309506229502;-1.0;0.00016717515777155514;0.0020478956827015503;0.00860952062523509;2.108220102627217;3.694611570017933;0.0022433470738340787;1.0;0.0006730041221502482;0.0006309413645158577;0.007655421889459073;2.0410232259561782;4.010109879226179;0.002043422733077973;True;False;False
2021-09-02;0.0034821278738043295;0.016666666666666666;2405.3571428571427;0.48743718592964824;-0.005254654226284915;-1.0;-1.8369701987210297e-16;0.40673664307580015;0.9135454576426009;0.43388373911755823;-0.900968867902419;-1.0;0.001170617500731636;0.0021321961620469083;0.00430620009197709;0.8520932208775854;3.1565426656779545;-0.00412917625723648;-1.0;0.0014648028793839457;0.0010462877709885327;0.004227002594793672;1.297064563956139;3.6997946050288895;-0.004527732360709345;-1.0;0.0005869528760690928;0.0007127284923696126;0.006246855609592487;1.9299114770088621;3.6999388842203222;-0.004363173319101428;-1.0;0.0;0.0016853459172495155;0.004929636807954833;1.7924590399304359;4.049943446627253;-0.005612621117545678;True;False;False
2021-09-03;0.004310344827586207;0.023537773318282537;2506.785714285714;0.26465364120781526;-0.01970136570308611;-1.0;-1.8369701987210297e-16;0.5877852522924731;0.8090169943749475;-0.433883739117558;-0.9009688679024191;1.0;0.001572260230314877;0.0005524157565971189;0.004801767730421111;0.7891982998724245;2.9818944340081184;-0.0016057335518260551;1.0;0.0017375826411256145;0.0038989659264282083;0.007035090693337854;1.3727425375074078;3.2202276787619737;0.0019796765744541918;-1.0;0.00046552964577426046;0.0021583647213170255;0.006390452410173939;1.7312935407486485;3.4871826687277796;0.0036911167752289933;-1.0;0.0011469351344462852;0.001104456055392719;0.005012531328320802;1.5514352297828284;3.5564371850374883;0.002158232521156441;False;False;True
2021-09-06;0.002952376877326601;0.019249564441422683;2490.3571428571427;0.4922737306843267;-0.02104093752871307;-1.0;-1.8369701987210297e-16;0.9510565162951535;0.30901699437494745;0.0;1.0;-1.0;0.0008959044368600683;0.0013225255972696246;0.006058020477815699;0.6308355243133336;3.0023220742721026;0.0002569593147751606;-1.0;0.0004710719027022397;0.0011990921159693376;0.002398184231938675;0.7245761371753865;3.2560556738543376;-0.00022380312943438325;1.0;0.0006428112277694451;0.0004713949003642597;0.005485322476965931;1.2616626678584872;3.5974804481954563;-0.00025126461957121243;1.0;0.0001706703076332295;0.0015360327686990657;0.004864103767547041;1.365831022096249;3.73505191991541;0.0012003837447246777;True;False;False
2021-09-08;-0.010306665540255132;0.017534129692832766;2393.5714285714284;0.30170316301703165;-0.019556561710817308;-1.0;-1.8369701987210297e-16;0.9945218953682734;-0.10452846326765333;0.9749279121818236;-0.22252093395631434;1.0;0.0008109261630388391;0.001195049082373026;0.005676483141271874;1.1017860619633035;3.158641004008209;-0.001322976318723826;1.0;0.00025514543289675113;0.00042524238816125194;0.003316890627657765;1.0404426911452613;3.5692011719439445;-0.0019274087897380523;-1.0;0.000763423530409704;0.001399609805751124;0.01136652811943337;2.1587642087186767;3.871291078914145;-0.004865659289699315;-1.0;0.0002568493150684931;8.561643835616438e-05;0.004366438356164384;2.129723932437597;3.877738674081407;-0.006666857694107814;False;False;True
2021-09-09;0.006500922428182377;0.03764404609475032;2506.785714285714;0.22675736961451248;-0.03767772661127245;-1.0;-1.8369701987210297e-16;0.9510565162951536;-0.30901699437494734;0.43388373911755823;-0.900968867902419;-1.0;0.003142183817753339;0.0010910360478310203;0.007724535218643624;1.772706538276872;3.1468283815433957;-0.003493815265734348;-1.0;0.0014890728331800464;0.005649717514124294;0.007313975386501993;1.9685464124367955;3.1556047186349336;-0.0017910941735901926;1.0;0.0020148926850635128;0.004336399474375821;0.008234778799824791;2.033215333475388;3.248314061179348;0.0003886192842605039;-1.0;0.003410283315844701;0.0028856243441762854;0.007432668765302553;2.1009898177227764;3.4963812299550017;0.0012110070325951417;False;True;False
2021-09-10;0.0014519986334130509;0.03866631753513136;2566.785714285714;1.0011286681715577;-0.013074137281597936;-1.0;-1.8369701987210297e-16;0.8660254037844387;-0.4999999999999998;-0.433883739117558;-0.9009688679024191;1.0;0.006012793176972281;0.0;0.008059701492537314;0.978831263231201;2.5520110865185375;0.01912219479672033;-1.0;0.003659730201285161;0.0001702200093621005;0.005744925315970892;0.858222523320356;3.09262496377309;0.01783633211108273;-1.0;0.0006395224898742272;0.0008953314858239182;0.004988275421018973;1.5543430310044586;3.112047124398277;0.013771236796820723;-1.0;0.0005989817310572028;0.0020536516493389807;0.006931074316519061;1.5930199628995783;3.1553369338029786;0.007466926385845319;False;False;True
2021-09-13;0.008022322985699337;0.032366737739872066;2642.5;0.31620553359683795;-0.024491096160621423;-1.0;-1.8369701987210297e-16;0.40673664307580004;-0.913545457642601;0.0;1.0;1.0;8.650519031141868e-05;0.0007352941176470588;0.005536332179930796;0.7193233781447302;2.7861519927164156;-0.001358455187720233;1.0;0.0006457445434586077;0.00030134745361401694;0.002884325627448448;0.8334981734248208;3.175191788421282;0.0024586329046241257;1.0;0.000644523696987926;0.0027069995273492887;0.00545696730116444;1.4786051165860623;3.2423803988636006;0.006989108995797959;-1.0;0.0003001457850956179;0.00548838007031987;0.006603207272103593;1.8176977409412278;3.095068852336078;0.007400096315686555;False;True;False
2021-09-14;-0.0032567706547823104;0.017906574394463668;2717.8571428571427;0.37922705314009664;-0.01671084281323847;-1.0;-1.8369701987210297e-16;0.20791169081775931;-0.9781476007338057;0.7818314824680298;0.6234898018587336;-1.0;0.000945829750644884;0.0010748065348237317;0.003697334479793637;0.9451327970252227;2.6725773769028756;-0.002047954677040446;1.0;0.00111962793902334;0.0001722504521574369;0.009086211351304798;1.2985100849548965;3.00751420477153;-0.0015525075132818145;1.0;4.272956458573687e-05;0.0024783147459727386;0.00833226509421869;1.7314505314810262;3.2436480150196605;0.0005994779349636558;-1.0;0.0003398615064361273;0.0004248268830451591;0.00654233399889545;1.4124928332904814;3.301390370107043;0.0028533853684475537;False;True;False
2021-09-15;-0.00213857998289136;0.015090283748925194;2613.5714285714284;0.3817663817663818;-0.01261215507025563;-1.0;-1.8369701987210297e-16;5.66553889764798e-16;-1.0;0.9749279121818236;-0.22252093395631434;-1.0;0.002357479639948564;0.0008144020574367767;0.004200600085726532;0.8037291916615817;2.6545514010484017;-0.0015828065257397453;1.0;0.0018021110443662575;0.0006436110872736634;0.004505277610915644;1.0682923762267567;3.010852999945292;-0.00023312684955239821;-1.0;0.0;0.0006422882589706261;0.007364905369529845;1.6479570365596383;3.1484563304230746;-0.0015471349264512871;1.0;0.0020261240677673835;0.003448721817476398;0.005949045135146786;1.8161187136593386;3.4259452334885134;-0.001958137040867106;False;False;True
2021-09-16;-0.006531141868512111;0.01607372481783112;2622.8571428571427;-0.13866666666666666;-0.027252514557967178;-1.0;-1.8369701987210297e-16;-0.20791169081775907;-0.9781476007338057;0.43388373911755823;-0.900968867902419;-1.0;0.002481605642387566;0.0006965910575122992;0.004571378814924463;0.9952859915496178;2.72880977007779;-0.0008767977988016046;-1.0;0.0034006190870645684;0.0010899420150847976;0.005624100797837555;1.4243824510436256;3.047409571378297;-0.0030262028428847012;1.0;0.0023131983240223465;0.004189944134078212;0.006721368715083799;1.774470271891453;3.1632777814649344;-0.005158712842964694;-1.0;0.000741839762611276;0.001440041892127771;0.008334787921103159;1.9654073345728007;3.1210920185404922;-0.006030003658982846;True;False;False
2021-09-17;-0.005506511668560441;0.01240802821193783;2577.5;0.05263157894736842;-0.03523127146309408;-1.0;-1.8369701987210297e-16;-0.4067366430758002;-0.9135454576426009;-0.433883739117558;-0.9009688679024191;1.0;0.0017138337141852698;8.788890841975742e-05;0.0032958340657409037;0.8084622005920212;2.6887238095238097;-2.4377163473286632e-05;1.0;0.00021938484489491465;0.0035101575183186344;0.004431573866877276;1.4857811137466062;3.2067015078168577;-0.000662564612229118;-1.0;0.000701539001183847;0.00039461568816591397;0.008330775639058183;1.7656276482184645;3.2138451288042655;-0.0030474339722639343;-1.0;0.0004858013514110321;0.0010599302212604337;0.00755200282648059;1.9360782749753103;3.601771514921707;-0.005366231740248727;False;False;True
2021-09-20;-0.017984802841598847;0.025839339075408682;2676.0714285714284;-0.6802721088435374;-0.07133275081690488;-1.0;-1.8369701987210297e-16;-0.8660254037844384;-0.5000000000000004;0.0;1.0;-1.0;0.0013277780321413854;0.0017856325259832425;0.005723181173023213;1.1939257041301499;2.8335047516161413;-0.007472354837393413;1.0;0.00041314726404700696;0.0014230627983841352;0.005692251193536541;1.288430264297334;3.1826716980353416;-0.012021624697680977;1.0;0.0004573101019801527;0.0011890062651483972;0.006859651529702291;1.9177953046450356;3.113746125088142;-0.014057595195850963;-1.0;0.002320080065508143;0.0024110635974888546;0.01132744973159858;2.405031752433073;3.2011594868788653;-0.0106190817827031;False;True;False
2021-09-21;0.008112296053231246;0.021656517558719838;2826.4285714285716;1.1839323467230445;-0.05576614417921661;-1.0;-1.8369701987210297e-16;-0.9510565162951535;-0.30901699437494756;0.7818314824680298;0.6234898018587336;-1.0;0.0024864376130198916;0.0009041591320072332;0.007820976491862568;1.3057062982439294;2.8207199505908243;0.007431961977416611;-1.0;0.0003178639542275906;0.000999000999000999;0.0036327309054581783;1.0580907424102564;3.1711937965891526;0.008344332680958277;-1.0;0.002230111050427817;0.002821773165847442;0.005415983979610413;1.7308059206415032;3.2695178191101646;0.007193589510107449;1.0;0.0008650912898966444;0.00582798342667213;0.008741975140008195;2.4636037426312956;3.3715599695145073;0.004932549779878053;False;True;False
2021-09-22;0.011429608127721336;0.01821880650994575;2800.3571428571427;1.1538461538461537;-0.044894253090173974;-1.0;-1.8369701987210297e-16;-0.9945218953682733;-0.10452846326765423;0.9749279121818236;-0.22252093395631434;1.0;0.003139013452914798;0.0;0.008609865470852018;1.0760914691057848;2.862988374659701;0.0006243867630006244;-1.0;0.0010703773080010704;0.0013825706895013825;0.0035233253055035234;0.8744255982057778;3.208690221270521;0.0052732882896290925;1.0;0.0026786910129916516;0.0007589624536809679;0.005491316576632885;1.3510537005493402;3.2074381226721465;0.009885893913516934;1.0;0.0015148139897527288;0.000935620405435509;0.0051236355535754065;1.2820529403433252;3.3226502936512663;0.008995531857118272;False;True;False
2021-09-23;0.004091252723795971;0.018878923766816144;2898.5714285714284;0.66270783847981;-0.02926938322771477;-1.0;-1.8369701987210297e-16;-0.9945218953682734;0.10452846326765299;0.43388373911755823;-0.900968867902419;1.0;0.0007086230568227114;0.0011072235262854866;0.005403250808273174;0.8627389644439585;2.871659697188176;-0.001230754143375574;-1.0;0.0008384819064430715;0.0002206531332744925;0.003927625772285967;0.783212113306279;3.1584622779548877;7.86801406407657e-05;0.0;0.0010179693723997522;0.0026555722758254403;0.0036735416482251925;1.5154148635805027;3.203083608053217;0.001760546064343547;1.0;0.0012392670620518722;0.0016818624413561121;0.010312472337788793;1.8448696468225592;3.2858252344390064;0.002870406982704376;False;True;False
2021-09-24;-0.006534514516270503;0.017449842774259268;2855.0;0.3020304568527919;-0.022988010006038128;-1.0;-1.8369701987210297e-16;-0.9510565162951536;0.30901699437494723;-0.433883739117558;-0.9009688679024191;0.0;0.002030636118836357;0.002118924645742286;0.004149560764578643;0.986230490755874;2.768238190893109;-0.0026143213800477595;-1.0;0.0015009712166696098;0.0017658484901995409;0.0038848666784389897;0.9386710510197788;3.0861809863989698;-0.004289738983616591;-1.0;0.001015945934007686;0.0032245240514156984;0.0044613277971641855;1.4380370992599596;3.0749213389361016;-0.005512846946088986;1.0;0.0038437748519925775;0.0009278077228947601;0.005522665017230715;1.7728308162420745;3.2190813390534276;-0.004503112445366651;False;True;False
2021-09-27;0.002901098901098901;0.01028561338454068;2790.0;1.2231759656652361;-0.013479478116115922;-1.0;-1.8369701987210297e-16;-0.5877852522924734;0.8090169943749473;0.0;1.0;-1.0;0.0006136044880785414;4.38288920056101e-05;0.008196002805049089;0.9485917641234021;2.9494070351126993;2.9441205911751305e-05;1.0;0.0001766472354707649;0.0008832361773538244;0.0035329447094152974;1.1053250644920283;3.500114218791726;-0.0002545276554087269;-1.0;0.00017621921670558173;0.0008810960835279087;0.004361425613463148;1.7077975608688925;3.6213332594622467;-0.001885902876001843;1.0;0.0001326025459688826;0.00221004243281471;0.007602545968882602;1.878427815983682;3.5695220108987007;-0.000664429103949013;False;True;False
2021-09-28;-0.007451499118165785;0.024193548387096774;2840.3571428571427;0.07246376811594203;-0.02352162927136087;-1.0;-1.8369701987210297e-16;-0.40673664307580015;0.913545457642601;0.7818314824680298;0.6234898018587336;1.0;0.002709786326684732;0.0025320954200168805;0.005952645373373018;1.1664007560453071;2.8726782348251736;-0.0009075529118144359;1.0;0.0005326941004128379;0.001997602876548142;0.003817641052958672;1.039278639058108;3.2074532922240477;-0.0023102993044472604;1.0;0.0026600461074658627;0.0008423479340308566;0.0058077673346338;1.886396581599372;3.4059697415196815;-0.00291932059447983;-1.0;0.002875215641173088;0.0024771088600875836;0.00822754014243376;1.9474842936742138;3.3875364743812106;-0.0022575143682410834;False;False;True
2021-09-29;0.00618069441919651;0.030029763226866867;2741.785714285714;0.21301775147928995;-0.03517430269118387;-1.0;-1.8369701987210297e-16;-0.20791169081775898;0.9781476007338057;0.9749279121818236;-0.22252093395631434;1.0;0.004110207768744354;0.0006323396567299006;0.006549232158988257;1.0434696678319832;2.9439523060036863;-0.0006211802424606899;1.0;0.0006311992786293959;0.0015779981965734896;0.0044183949504057705;1.2236408698588763;3.1875520678725664;0.001989393235063291;-1.0;0.0017544648882090962;0.001889423725763642;0.0039587925682666785;1.5094764030037036;3.273496959611335;0.0044350443504435335;1.0;0.001304954326598569;0.005624803131890383;0.008549700760473384;2.2572253627980725;3.374668128024437;0.004841986512322122;True;False;False
2021-09-30;0.0045888069102033475;0.015401987353206865;2580.714285714286;0.6803519061583577;-0.02346440543063995;-1.0;-1.8369701987210297e-16;-1.133107779529596e-15;1.0;0.43388373911755823;-0.900968867902419;1.0;0.0011643528884908196;0.0011195700850873264;0.0033587102552619795;0.7774286265875378;2.87372363016747;0.0012128080482737946;1.0;0.00219190337732051;4.473272198613286e-05;0.00532319391634981;1.062913730742565;3.486089352733666;0.0030423752328853863;-1.0;0.0004905458437388512;0.004950053514092044;0.005529789511237959;1.5808190902867874;3.4676689177850784;0.0049752723020050045;1.0;0.0022745517795022745;0.0024975470520024975;0.005753278030505753;1.7340605628137793;3.5139423757848802;0.0052723816313194755;False;False;True
2021-10-01;0.003252326316740446;0.018405732198835647;2456.4285714285716;0.2871046228710462;-0.02509256353249216;-0.8660254037844386;0.5000000000000001;0.20129852008866006;0.9795299412524945;-0.433883739117558;-0.9009688679024191;1.0;0.0009455200360198109;0.001080594326879784;0.0037370553804592526;0.7868601861264151;3.0558743384163916;-0.00264692956170836;1.0;0.0004045307443365696;0.002741819489392305;0.003595828838547285;1.0880040821974712;3.2907108584622202;-0.0007288265891913873;1.0;0.0005840334246821511;0.0008086616649445168;0.006064962487083876;1.3609729213351818;3.5836822327177513;0.0023451435158272057;-1.0;0.0014756517461878996;0.001430935026606448;0.003085453651120154;1.4937907706916091;3.550276571510641;0.0036873046399411333;False;True;False
2021-10-04;-0.0072489391796322486;0.019990995047276;2424.6428571428573;0.6171171171171171;-0.012367394052657616;-0.8660254037844386;0.5000000000000001;0.7247927872291199;0.6889669190756866;0.0;1.0;-1.0;0.0008459483526268922;0.0006233303650934996;0.0034283170080142474;0.6773011283222564;2.913953915077751;-0.001040923150130902;1.0;0.0012491077801570307;0.0007137758743754461;0.003747323340471092;0.8552559973341214;3.303072303072303;-0.0023106915251554375;-1.0;0.00017812611328820805;0.0008015675097969362;0.00908443177769861;1.7499756214482234;3.513342953070102;-0.005991040874761776;1.0;0.000448974094194765;0.0011673326449063888;0.003277510887621784;1.4547165095131624;3.4611151580743855;-0.006105881767020255;False;False;True
2021-10-05;0.006068840579710145;0.022439893143365985;2529.285714285714;0.4642857142857143;-0.02040420343348018;-0.8660254037844386;0.5000000000000001;0.8486442574947509;0.5289640103269624;0.7818314824680298;0.6234898018587336;-1.0;0.001755649590348429;0.0;0.004231565679301341;1.1039594659403855;2.9079217568658096;0.0011482668191003112;1.0;0.0002707459049681874;0.0013537295248409367;0.0025720860971977797;1.15513420228428;3.135456316102456;0.002269107083821761;-1.0;0.0013073073975566876;0.0016679439210206014;0.0053193887210927285;1.7780818964859175;3.2165308775421773;0.002620758212462157;-1.0;0.0005873847822157961;0.0044731610337972166;0.0060093981565154525;1.9537464845206396;3.4301020043792136;0.0016633249413313782;True;False;False
2021-10-06;-0.009156844968268359;0.01580084631313586;2520.714285714286;-0.43874643874643876;-0.03266064790228359;-0.8660254037844386;0.5000000000000001;0.9377521321470804;0.3473052528448203;0.9749279121818236;-0.22252093395631434;-1.0;0.0002744990392533626;0.00631347790282734;0.010156464452374416;1.3299942143646075;2.9912863721481635;-0.006091215182124362;-1.0;0.002984526378621608;0.00018366316176132973;0.0039946737683089215;1.184169976787153;3.3031434765226333;-0.00842996390076025;1.0;0.003630347870042737;0.0003676301640549607;0.005698267542851891;1.7517517605944855;3.335592958044993;-0.010276172125883108;-1.0;0.006514657980456026;0.000825801715832454;0.008992063127953387;2.2895023418970166;3.4971927340734448;-0.008557613263279348;False;True;False
2021-10-07;0.009666199918695514;0.024430414493549272;2576.0714285714284;1.3651685393258426;-0.00937971561712679;-0.8660254037844386;0.5000000000000001;0.9884683243281114;0.1514277775045767;0.43388373911755823;-0.900968867902419;-1.0;0.0;0.00022368362188520557;0.006799982105310249;0.8321984285181099;3.0279486806953666;0.004498283747135482;-1.0;0.0015311866696689936;0.0004953839225399685;0.0028371988290925468;1.0354172657067655;3.2787253632121844;0.0036958579348267003;-1.0;0.0018480122599837734;0.0018029387902280718;0.004417200036058776;1.4800351029363827;3.342997056649815;0.003037274271881199;1.0;0.0016689219666215606;0.0028867839422643212;0.004961659900766802;1.648785867115953;3.45710894495607;0.0018786539819950678;False;True;False
2021-10-08;0.0032888808794377367;0.011542074889276607;2439.285714285714;0.6744186046511628;-0.010427197365760666;-0.8660254037844386;0.5000000000000001;0.9987165071710528;-0.05064916883871264;-0.433883739117558;-0.9009688679024191;1.0;0.0013920696932956127;0.0008981094795455566;0.006601104674659841;0.6822200878664679;2.7477189023625836;0.001058201058201145;0.0;0.0028617420854945446;0.004158468967984261;0.007020211053478805;1.493153813247972;3.246590838822789;0.0038057195095292616;1.0;0.00044714720085852264;4.471472008585226e-05;0.006930781613307101;1.3941899905435555;3.471002536354765;0.006846948245562129;1.0;0.0011107161897991825;0.002088146436822463;0.004887151235116403;1.5269928291295807;3.502655921566842;0.007959036833338233;True;False;False
2021-10-11;0.0017699115044247787;0.029098747137276035;2446.4285714285716;0.6033950617283951;0.006810647111534074;-0.8660254037844386;0.5000000000000001;0.7907757369376989;-0.6121059825476626;0.0;1.0;-1.0;0.003666077738515901;0.0007950530035335689;0.004858657243816254;0.925157187460852;2.963452478347956;-0.002037519822858446;0.0;0.001237295625276182;0.0010605391073795847;0.0022978347326557667;0.8526842209108005;3.347159606404854;-0.0010899985270289747;-1.0;0.000618647812638091;0.0030932390631904553;0.004860804242156429;1.6830796294760508;3.3481426430462657;-0.00044239957529640774;1.0;0.0035834365599009023;0.00022119978764820387;0.008538311803220669;1.7124789168509595;3.5831689102896944;0.0007485359517414469;False;False;True
2021-10-13;0.011329170383586084;0.017314487632508833;2442.5;0.6989795918367347;0.010380530322779014;-0.8660254037844386;0.5000000000000001;0.48530196253108104;-0.8743466161445821;0.9749279121818236;-0.22252093395631434;1.0;8.820675663755844e-05;0.0014995148628384933;0.003836993913733792;0.627230058493622;2.7380037044659393;0.0013152426353745916;-1.0;0.0010121457489878543;0.001980285161063193;0.004972716071114241;1.0845792711142306;3.185509039434673;0.004149702857758826;1.0;0.0003968603933327454;0.002160684363700503;0.0072316782785078046;1.4324535368196498;3.3752940495072443;0.008051459113608089;-1.0;0.0032478932584269664;0.0015361657303370787;0.006627457865168539;1.8271486492519005;3.8319646759455455;0.0072162127830055585;False;True;False
2021-10-14;0.008308190126371944;0.02024345064831966;2440.714285714286;0.9368191721132898;0.028707813789565256;-0.8660254037844386;0.5000000000000001;0.29936312297335804;-0.9541392564000488;0.43388373911755823;-0.900968867902419;-1.0;0.0020382497072726482;0.0006505052257253133;0.004683637625222256;0.8511578164769932;3.001075057313781;-0.0011877344689234044;-1.0;0.0019119628036327293;0.0011732499022291747;0.004301916308173641;1.022422184486418;3.467058511871254;-0.00016435839798904073;-1.0;0.00017401896806751936;0.0006960758722700774;0.004393978943704864;1.7494978139676478;3.5736314217287872;0.0007276431637924339;-1.0;0.0014843920541366513;0.002313905260860074;0.003885614494651823;1.6904873001567031;3.6161382321174487;-0.00020860925545902726;False;True;False
2021-10-15;0.001875190789760586;0.015438657357214104;2410.3571428571427;0.6292134831460674;0.025348064473657783;-0.8660254037844386;0.5000000000000001;0.10116832198743272;-0.994869323391895;-0.433883739117558;-0.9009688679024191;-1.0;8.705493166187865e-05;0.001349351440759119;0.003482197266475146;0.6978817916803415;3.058228644627728;0.002142064426707044;-1.0;0.0016573621772505234;0.0005669923237962317;0.0025732728541521285;0.9182108969377248;3.4406625274917766;0.002171805313166584;-1.0;0.00039268729002137965;0.00039268729002137965;0.004232296348008203;1.6860419546294196;3.7480434817441224;0.000929169099046493;1.0;8.756950829721091e-05;0.0007443408205262928;0.009982923945882044;2.1013523358058492;3.9814766113632984;0.0016680165066141877;True;False;False
2021-10-18;-0.004326756663205262;0.01593105249412379;2444.285714285714;0.5191256830601093;0.026517170698849787;-0.8660254037844386;0.5000000000000001;-0.4853019625310808;-0.8743466161445822;0.0;1.0;-1.0;0.0011298452981053364;0.0006518338258300017;0.005996871197636016;1.0708519230143654;3.0349780300805063;-0.0026668606201662444;-1.0;0.000698263070611853;0.001440167583136947;0.003709522562625469;1.1072606273734569;3.4467795194143855;-0.004861536070557824;-1.0;0.0007867820613690008;0.0033656788180785034;0.004196170993968004;1.585430605886468;3.6003924305990322;-0.007086204970543008;-1.0;0.000349696201425012;0.0033221139135376143;0.005901123399047078;1.955877941707993;3.5815738635067196;-0.006858650466816494;True;False;False
2021-10-19;-0.003469511666232978;0.020076481835564052;2412.1428571428573;0.4935064935064935;0.023136109428988708;-0.8660254037844386;0.5000000000000001;-0.651372482722222;-0.7587581226927911;0.7818314824680298;0.6234898018587336;-1.0;8.703977717817043e-05;0.003263991644181391;0.010836452258682218;1.5734953431881238;3.038851447594397;-0.00515946096056589;-1.0;0.0008769622029290538;0.000570025431903885;0.0033324563711304043;1.1434259928918422;3.201175935261106;-0.007453616248590634;-1.0;0.003470544304353556;0.0017133066818960593;0.005930676975794052;1.9839966630438706;3.3951419638892335;-0.010023740437879188;-1.0;0.000571529060054515;0.003209355491075354;0.0073859140068583485;2.071885183909348;3.5711645036019513;-0.00975604973134087;False;False;True
2021-10-20;0.002139991083370486;0.03498999042562451;2482.8571428571427;0.3756218905472637;-0.00021349653957692102;-0.8660254037844386;0.5000000000000001;-0.7907757369376986;-0.6121059825476627;0.9749279121818236;-0.22252093395631434;-1.0;0.0008007829878103034;0.004982649701930777;0.008541685203309902;1.4695659677841058;3.0265083636377788;0.00037175826790392146;1.0;0.0012491077801570307;0.0017844396859386152;0.00753925767309065;1.2906757703948295;3.3774883992008475;0.0017813701252881115;-1.0;0.0017321016166281756;0.0004885414816130752;0.008349618049387102;2.0176347614849908;3.223680908302378;0.001772574254476079;-1.0;0.0005809276968451158;0.0022790240414693004;0.004423987845205112;2.052551627466288;3.5994425133018773;0.0008851889977969879;True;False;False
2021-10-21;-0.013536840192604706;0.029362042886377792;2563.214285714286;-0.3803030303030303;-0.03403303219148529;-0.8660254037844386;0.5000000000000001;-0.8978045395707417;-0.44039415155763423;0.43388373911755823;-0.900968867902419;1.0;0.0006907349419782648;0.0007367839381101492;0.008611162276662369;0.9837300033465899;2.853693216342999;-0.012283589368446675;-1.0;0.004023408924652524;0.00022860277980980248;0.006629480614484272;1.027402513974515;3.0685390887579316;-0.01448721865770451;1.0;0.00013749484394335213;0.0007333058343645446;0.011962051423071635;1.5085890411956615;3.181762418976111;-0.011760321129796778;-1.0;0.0014051946874575041;0.0010878926612574225;0.006074067358687276;1.7401130580755282;3.4916915899721706;-0.007728545577694822;False;True;False
2021-10-22;-0.007454445057979017;0.035595874009946585;2692.5;0.32470892626131953;-0.03891353117961445;-0.8660254037844386;0.5000000000000001;-0.9680771188662041;-0.2506525322587213;-0.433883739117558;-0.9009688679024191;1.0;0.0037088548910523874;0.002735280482151136;0.007603152526657395;0.9059537932780679;2.6355983389123283;0.002294769879858916;-1.0;0.0009261831990367695;0.0018060572381217005;0.00819672131147541;1.2196932399339095;3.099399894042287;-8.277974379670801e-05;1.0;0.004283652279182381;0.0030264934581179866;0.007636075802020767;1.3939163823197362;3.2224296943231443;-0.0043598336746725795;-1.0;0.0023273133494693724;0.004002978961087321;0.014568981567678272;1.8944581932915427;3.7836601393998692;-0.007858658865370245;False;False;True
2021-10-25;0.008457943925233646;0.04826147426981919;2888.5714285714284;0.8155619596541787;-0.03541059077246265;-0.8660254037844386;0.5000000000000001;-0.9377521321470804;0.3473052528448203;0.0;1.0;-1.0;0.002363189842917381;0.003289930957786942;0.008387007089569529;0.740874023376481;2.857146131673801;0.0004749661844727209;1.0;0.00278771546717465;0.0010686242624169493;0.007433907912465734;1.244264209553175;2.9881618311988647;0.001574074074074074;1.0;0.0031018518518518517;0.0019444444444444444;0.010925925925925926;1.5167636429836469;3.0090099815890596;0.004669049774218562;1.0;0.0001840942562592047;0.005338733431516937;0.009849042709867452;1.3629073683945718;3.1197825581008742;0.007118198759661548;True;False;False
2021-10-26;-0.002691851446299845;0.02858996339372596;2897.1428571428573;0.6612641815235009;-0.021165028110327718;-0.8660254037844386;0.5000000000000001;-0.848644257494751;0.5289640103269624;0.7818314824680298;0.6234898018587336;-1.0;9.149549384692804e-05;0.0009149549384692804;0.007777116976988884;0.9230431665548017;2.9820390567284885;-0.003208818878295136;-1.0;0.0016581456404587537;0.0018423840449541707;0.006125926949472617;1.1410754137431967;3.0566605341366273;-0.00631138203873029;1.0;0.001431540060032325;0.0021703994458554606;0.005495266682059571;1.3494625147380204;3.151285805577208;-0.008957104228121971;-1.0;0.00115233924867481;0.0017054620880387185;0.008988246139663517;1.547390499027228;3.4141407203158374;-0.00902307557534335;False;True;False
2021-10-27;-0.0009302325581395349;0.020769477103252665;2954.285714285714;0.16079295154185022;-0.03558849081721304;-0.8660254037844386;0.5000000000000001;-0.72479278722912;0.6889669190756865;0.9749279121818236;-0.22252093395631434;-1.0;0.004143389199255121;0.0006983240223463687;0.004934823091247672;0.8219519087250136;2.8777268709199766;-0.0019192765724099963;1.0;0.0001396843134515994;0.001629650323601993;0.00689109279694557;1.127896817007435;3.025849494301556;0.00043235898148568085;1.0;0.00023162088293880576;0.0019456154166859684;0.008986890258025664;1.4965743116752004;3.4518627257243413;0.0029037964070631034;-1.0;0.001058249746940278;0.0021625103524431765;0.0034048035336339375;1.1015935032945186;3.278976354824497;0.006018305466073543;False;True;False
2021-10-28;-0.004354069201908379;0.02132216014897579;2927.1428571428573;0.2576419213973799;-0.03401507287018187;-0.8660254037844386;0.5000000000000001;-0.5712682150947924;0.8207634412072763;0.43388373911755823;-0.900968867902419;-1.0;0.0006978367062107466;0.0013026285182600604;0.008094905792044662;1.1101404352897986;2.833853652285537;-0.0036614033992801863;-1.0;0.0018255008425388504;0.003323347687698933;0.005476502527616551;1.2392393374799653;3.0714529826899746;-0.0043857595480015265;1.0;0.002762689642255104;0.0025285634013860274;0.009411874882936879;1.4622737102205583;3.175348261981269;-0.005191817446993629;1.0;0.0020518559970154823;0.004196978175713486;0.010772243984331282;1.7024860751427522;3.4251568093918214;-0.0015371204266797964;False;False;True
2021-10-29;0.0036503271072342845;0.031309606885322167;3075.3571428571427;0.3060921248142645;-0.046145112456747406;-0.8660254037844386;0.5000000000000001;-0.3943558551133187;0.9189578116202306;-0.433883739117558;-0.9009688679024191;1.0;0.00014170327334561429;0.0007085163667280714;0.0059515374805158;1.0168806286354803;2.6387009351626505;-0.00793165927805715;1.0;0.0013628459984021805;0.0018797875840030076;0.007942102542412708;1.3573851727201105;3.0025984994901918;-0.0028168867684279855;-1.0;0.0019177697740773657;0.001964544646615838;0.006595257027924599;1.4455086776760682;3.017936515022992;0.0016676307657031192;-1.0;0.0015946719197035787;0.0003283148069977956;0.016603348811031378;2.063320231195319;3.1596685210702753;-3.173394262498556e-05;True;False;False
2021-11-01;0.0055369928400954655;0.02824618582022578;3038.5714285714284;0.4080267558528428;-0.04832895129157293;-0.5000000000000004;0.8660254037844384;0.20791169081775931;0.9781476007338057;0.0;1.0;1.0;0.0003322889964872306;0.002468432545333713;0.003987467957846767;0.6999575526085852;2.8449295291668544;-0.0005531585352361527;1.0;0.00047411340792717616;0.0010904608382325052;0.004930779442442633;0.9155861242339455;2.9666452783124866;0.0031869037681067805;-1.0;0.000945000945000945;0.00042525042525042527;0.006804006804006804;1.3751848399342659;3.021923581089456;0.005289245728221498;1.0;0.002707967124328947;0.000712622927454986;0.006413606347094874;1.5887896081055495;3.1312705032340324;0.0046313839417287846;True;False;False
2021-11-03;-0.005990566037735849;0.017658786670464256;3054.285714285714;0.1586021505376344;-0.04494076484504591;-0.5000000000000004;0.8660254037844384;0.5877852522924731;0.8090169943749475;0.9749279121818236;-0.22252093395631434;-1.0;0.0009965358515636122;0.0032743320837090115;0.004365776111612016;0.8550004149690411;2.7474154520286236;-0.004387283206513397;1.0;0.002894974135067154;0.0014237577713445018;0.004508566275924256;1.1130250745311079;3.0742820483247795;-0.00570449453011729;1.0;0.0026097271648873074;0.00166073546856465;0.006785290628706999;1.67002437731088;3.123234819121447;-0.0057480331524253974;-1.0;0.0001419849495953429;0.004685503336646316;0.00785650054427564;1.5399325681003024;3.125369709508998;-0.0046839148666824445;True;False;False
2021-11-04;0.001583900121121774;0.026621743463199354;3016.0714285714284;0.9518716577540107;-0.024230844289935053;-0.5000000000000004;0.8660254037844384;0.7431448254773941;0.6691306063588582;0.43388373911755823;-0.900968867902419;-1.0;0.00023255813953488373;0.0009302325581395349;0.009255813953488371;0.8439002345695773;2.8428442055277228;0.0036575072681234175;-1.0;0.0007502579011535215;0.0033292694363687516;0.004642220763387415;1.0476822966157242;3.229230596811809;0.0019184052213984985;-1.0;4.6919720358466666e-05;0.00032843804250926663;0.0069910383334115325;1.4937160787962191;3.1473758175037494;-0.002718475134874183;-1.0;0.0018420555450595125;0.0028339316077838654;0.006565274891365955;1.775660578364676;3.3993889577559857;-0.0055418848718111115;False;True;False
2021-11-05;0.005479188695568586;0.03725581395348837;3175.0;0.2696629213483146;-0.04784445091756481;-0.5000000000000004;0.8660254037844384;0.8660254037844386;0.5000000000000001;-0.433883739117558;-0.9009688679024191;1.0;0.00124282982791587;0.0057361376673040155;0.009416826003824092;0.8019722866277277;2.416092199718556;0.0009801895739618184;1.0;0.0012398073530113013;0.001335177149396786;0.0058175575795145675;1.0179923755913012;2.7852409806509173;0.003131750030366823;1.0;0.00033271543324302487;0.0012358001806169496;0.006369124007795047;1.2495954747352878;3.1287988606866866;0.006590980763166239;1.0;0.0010880363309522683;0.0019868489521737073;0.008042007663560244;1.5213201021579386;3.2731610660277943;0.008943701751082658;False;False;True
2021-11-08;-0.0038951168535056053;0.02280114722753346;3214.6428571428573;0.35639412997903563;-0.043201919983939296;-0.5000000000000004;0.8660254037844384;0.9945218953682734;-0.10452846326765333;0.0;1.0;-1.0;0.0010968049594659037;0.0018597997138769672;0.004625655698617072;0.9524782894546875;2.6073469878070754;-0.0028766287185202724;-1.0;0.0020539765942202055;0.0016240745163601624;0.005254358729400526;1.0335254769768711;2.8250376381374016;-0.004720441425062946;1.0;0.0001913692469620132;0.00043058080566452973;0.007893981437183045;1.4337650671846105;2.9868831073384046;-0.0042799995778052815;1.0;0.000759914509617668;0.0031346473521728807;0.00569935882213251;1.3079222335198628;3.099154216491936;-0.0014486111769569665;True;False;False
2021-11-09;0.002320185614849188;0.020362422508345256;3202.1428571428573;0.702576112412178;-0.031788867035630976;-0.5000000000000004;0.8660254037844384;0.9510565162951536;-0.30901699437494734;0.7818314824680298;0.6234898018587336;1.0;0.0001417233560090703;0.0036375661375661374;0.00500755857898715;0.9102263881661349;2.522911252980869;0.0007706583624296642;-1.0;0.0016042276115881854;0.00023591582523355665;0.0034915542134566387;1.081270693452748;2.9298569354086172;0.0017959260834633016;1.0;0.00033082848905902925;0.0029774564015312634;0.008223451013753012;1.6876596375042103;3.1269102625577037;0.0033025547769468984;1.0;0.00047030052203357944;0.001693081879320886;0.009500070545078305;1.515875268688776;3.191409109717669;0.00493850216059471;False;True;False
2021-11-10;-0.002735074978779591;0.01847127739984883;3026.785714285714;0.14578005115089515;-0.029610017757751236;-0.5000000000000004;0.8660254037844384;0.8660254037844387;-0.4999999999999998;0.9749279121818236;-0.22252093395631434;1.0;9.457159069415548e-05;0.004539436353319463;0.0055797238509551735;0.99580576638431;2.6374374405750767;-0.0029237003443353415;1.0;0.0007085833057773158;0.0008975388539846001;0.0037318720770938636;1.2104528488176671;2.905031973829133;-0.0024407362014602666;1.0;0.0006128317541130439;0.003959835949653515;0.007071135624381276;1.7501231952856018;2.987536697866017;-0.001112887551333852;1.0;0.0008934449355779178;0.005642810119439481;0.008511238596821217;1.8248142747991443;3.0234608735341837;0.0011524101537241079;True;False;False
2021-11-11;0.005704133158780625;0.026574616985057687;2991.785714285714;0.8149466192170819;-0.010656940349650671;-0.5000000000000004;0.8660254037844384;0.7431448254773945;-0.6691306063588579;0.43388373911755823;-0.900968867902419;1.0;0.0002789400278940028;0.0008368200836820083;0.006555090655509066;0.9871643069387543;2.707468161138485;0.0016234850469835115;1.0;0.00027743098904147595;0.0012484394506866417;0.003606602857539187;0.966505517791673;2.927845490234652;0.006280505311513123;1.0;0.0011536154307600019;0.0029071108855152046;0.004660606340270408;1.4037885822840892;2.94552914769652;0.009807538584516957;1.0;0.0005072864785095001;0.0007839881940601365;0.004565578306585501;1.2711348694090687;3.10052951432817;0.009816389591153909;False;True;False
2021-11-12;-0.0027573529411764708;0.017340771734077172;2886.0714285714284;0.5576407506702413;0.0006340423079140009;-0.5000000000000004;0.8660254037844384;0.5877852522924732;-0.8090169943749473;-0.433883739117558;-0.9009688679024191;-1.0;0.0016129032258064516;9.216589861751152e-05;0.005483870967741935;1.0202716777560024;2.657438904075802;-0.0003032452380217084;-1.0;0.00037007910440856734;0.00018503955220428367;0.004348429476800666;1.2752438127166315;2.9579357564279993;-0.0011454221809458374;1.0;0.003947062920826561;0.00023218017181332715;0.008822846528906431;1.8273255885974113;2.8761507307035408;-0.002870862542690659;-1.0;0.0013404825737265416;0.002958306369603402;0.005639271517056485;1.8240998685351535;3.0195260208317314;-0.0023348504718558993;False;False;True
2021-11-16;0.0025247802506078174;0.021889400921658985;2692.8571428571427;0.3831578947368421;-0.007732853288660795;-0.5000000000000004;0.8660254037844384;-0.20791169081775907;-0.9781476007338057;0.7818314824680298;0.6234898018587336;-1.0;0.0014457606566551627;0.002658334110624009;0.004197369648353698;0.9319949183712309;2.5871203081853205;0.0008913764510778682;1.0;0.0005596753882748006;0.001165990392239168;0.005130357725852339;1.2975121785252903;2.8567392045352613;0.0019470525652547413;-1.0;0.0006042857806907451;0.0023706596011713846;0.012039232092223308;2.020466590518997;3.05430921315394;0.0012300507656544657;-1.0;0.00562878183779727;0.0005159716684647498;0.007129790327876542;1.524908873797558;3.1219236254731535;-0.00038083909808960486;False;False;True
2021-11-17;-0.0019047619047619048;0.028169014084507043;2670.0;0.06291390728476821;-0.025274955239844677;-0.5000000000000004;0.8660254037844384;-0.4067366430758002;-0.9135454576426009;0.9749279121818236;-0.22252093395631434;1.0;0.00019083969465648855;0.00033396946564885497;0.008683206106870229;1.1944297703451778;2.781085109238474;-0.001219903354208419;1.0;0.0007571455612341472;0.0010410751466969526;0.0040696573916335415;1.1099945954262427;2.9978496848018987;0.0017941454202077432;-1.0;0.002502360717658168;0.0005193578847969783;0.0035882908404154864;1.5363844042417458;2.979747353149983;0.004288443772570772;-1.0;0.0003306722093627474;0.0029760498842647267;0.010534271812556097;2.1950692511445884;3.1901895932373523;0.002738654147104882;False;True;False
2021-11-18;0.0009643201542912247;0.03101145038167939;2719.6428571428573;0.2723076923076923;-0.02934410593053919;-0.5000000000000004;0.8660254037844384;-0.587785252292473;-0.8090169943749476;0.43388373911755823;-0.900968867902419;-1.0;0.0035645472061657034;0.0009152215799614644;0.004913294797687861;1.1249580147635332;2.661818215593529;0.0016063482884359453;1.0;0.0014457134595923088;0.0033251409570623103;0.007855043130451544;1.4486315073647933;2.8940155286612836;0.0024021138601969735;-1.0;0.0005284650492433341;0.002882536632236368;0.009800624549603652;1.8561815104075765;3.1009217776732028;0.0011980358658629775;1.0;0.0058024273487742375;0.001257192592234418;0.010057540737875344;1.6813763211412012;3.0758792346261083;0.0005517256156025549;False;True;False
2021-11-19;-0.004108264862252296;0.017341040462427744;2684.6428571428573;0.2833333333333333;-0.032656357097922126;-0.5000000000000004;0.8660254037844384;-0.743144825477394;-0.6691306063588585;-0.433883739117558;-0.9009688679024191;1.0;4.85319097306479e-05;0.0036398932297985924;0.005532637709293861;1.0904096235650658;2.719121687766906;0.0017708451075693112;-1.0;0.0027127839945744322;0.0007266385699752943;0.0038269631352032167;1.1732603860854065;3.003499893869517;0.002159222464529014;-1.0;0.0015022291141694127;0.003246753246753247;0.006154293467726304;1.7644754596138177;3.014232961222555;0.0008519219466955987;1.0;0.0025234143737564905;0.0005823263939438055;0.009462803901586839;1.559535940446569;3.2605557951205983;0.001451977582752069;True;False;False
2021-11-22;0.006853281853281853;0.017908274690609075;2576.0714285714284;0.8997289972899729;-0.017606976864649015;-0.5000000000000004;0.8660254037844384;-0.9945218953682733;-0.10452846326765423;0.0;1.0;-1.0;0.0001438021282714984;0.0001438021282714984;0.0062793596011887646;0.8073173334231889;2.5085100150818285;-0.0010394731907003565;1.0;0.0022664802044654484;9.644596614746588e-05;0.0040989535612673;1.1339622817634534;2.894414590374321;0.0002567435292607858;1.0;0.0002888225666698758;0.003995378838933282;0.005246943294502744;1.7408004863635775;3.0043208745572247;0.0014534107060797297;1.0;9.618159084351255e-05;0.0006251803404828316;0.008223526017120323;1.5644619894072307;3.209925412977823;0.0034314505436223194;False;False;True
2021-11-23;0.0029296875;0.026124053302655544;2557.1428571428573;0.11009174311926606;-0.0299103115716492;-0.5000000000000004;0.8660254037844384;-0.9945218953682734;0.10452846326765299;0.7818314824680298;0.6234898018587336;1.0;0.002288218111002921;0.0011684518013631937;0.0062317429406037;1.120997712687588;2.783955198704541;-0.0032690844945057196;1.0;0.0005340583580133029;0.00029130455891634706;0.0051949313006748555;1.1480012064540421;3.015711829520636;-0.00017187390900353858;-1.0;0.0018852419393822206;0.003915502489486151;0.008024363126601246;2.1066535134023043;3.189520803018719;0.0024331293165167334;1.0;0.0024709302325581395;0.001501937984496124;0.005813953488372093;1.8039633255565575;3.1555546608456058;0.003041342919474204;True;False;False
2021-11-24;-0.004784688995215311;0.02356377799415774;2574.285714285714;0.768595041322314;-0.016469408888657718;-0.5000000000000004;0.8660254037844384;-0.9510565162951536;0.30901699437494723;0.9749279121818236;-0.22252093395631434;-1.0;0.002307692307692308;0.0009615384615384616;0.005817307692307692;1.0596344803669508;2.6690121038134773;0.0030098059692700973;-1.0;0.00062662681962788;0.0002892123782897908;0.004530993926540056;1.2136277562423967;3.057400945750753;0.0010320416686822793;1.0;0.0012094238304871559;0.0017415703159015046;0.007111412123264477;1.7122624697620359;3.2153964647844377;-0.0015041779747661944;-1.0;0.001011755636924263;0.0018789747542879167;0.010406629408363847;1.7341493352257251;3.13611127743515;-0.002928802588996811;True;False;False
2021-11-25;-0.0014299332697807435;0.026298076923076924;2569.285714285714;0.7111517367458866;-0.00717487939188869;-0.5000000000000004;0.8660254037844384;-0.8660254037844386;0.5000000000000001;0.43388373911755823;-0.900968867902419;1.0;0.0009069212410501193;0.0016706443914081145;0.00863961813842482;0.9665888263230121;2.7782477010940476;0.0017449246941110264;-1.0;0.0022299188689092375;0.0;0.004459837737818475;1.1833510447013378;3.160880420782996;0.002234902520209225;1.0;0.00470756062767475;0.0006657156443176414;0.006276747503566334;1.6403099313811158;3.3046371265060133;0.0028716064632259867;1.0;0.0005700983419639888;0.0014727540500736377;0.007173737469713525;1.3231433579768404;3.3659642304476973;0.0028727030192266436;True;False;False
2021-11-26;-0.031333677831540376;0.021957040572792363;2447.5;-0.6413043478260869;-0.02232021146711236;-0.5000000000000004;0.8660254037844384;-0.743144825477394;0.6691306063588585;-0.433883739117558;-0.9009688679024191;1.0;0.004073714839961203;0.0;0.008729388942774006;1.0261827573544076;2.693783606660929;-0.005803351140288757;-1.0;0.0022687777563236144;0.0010619810774280748;0.0034273025680633326;1.0165116537976375;2.8988713305298766;-0.011221610719534938;-1.0;0.00019309678976587013;0.003861935795317403;0.007772145788076273;2.0210234419851454;3.1680115626457144;-0.0181434462857081;1.0;0.00087213527787199;0.004796744028295945;0.007170890062503028;1.5917325995499858;3.1672279497552625;-0.015793151642208215;False;False;True
2021-11-29;0.01226064869089488;0.02162948593598448;2610.3571428571427;0.827354260089686;-0.014827738662888819;-0.5000000000000004;0.8660254037844384;-0.20791169081775898;0.9781476007338057;0.0;1.0;1.0;0.002461033634126333;0.0008203445447087777;0.006224967427496019;1.1025427208947094;2.670737558219769;0.002747840218971921;1.0;0.0023094688221709007;0.0004330254041570439;0.0041859122401847575;1.1340212257467583;3.0092802293074774;0.006144368640765235;-1.0;0.0021620063418852694;0.00014413375612568464;0.006486019025655808;2.1420590481732473;3.190007477310231;0.00911318033911746;1.0;0.002026342451874367;0.0007719399816664255;0.008732571042601438;1.8314338350737562;3.346427170667112;0.008265387689848167;False;True;False
2021-11-30;-0.009388308168795973;0.015779568595280607;2611.785714285714;-0.3241590214067278;-0.025859689531441844;-0.5000000000000004;0.8660254037844384;-1.133107779529596e-15;1.0;0.7818314824680298;0.6234898018587336;1.0;9.770395701025892e-05;0.0009770395701025891;0.006790425012212995;0.9828904542452802;2.8075135875202255;-0.004296130783720008;-1.0;0.00034002040122407346;0.0010686355467042308;0.005148880361393112;1.3348833806540286;3.2137164004096515;-0.004642721707568108;1.0;0.0019990248659190637;0.0024378352023403218;0.005168210628961482;1.8663695104195108;3.2893843274018586;-0.005732846122614792;1.0;0.000194884287454324;0.00341047503045067;0.009841656516443361;2.0808815753302503;3.407196852073908;-0.0037013724129398495;False;False;True
2021-12-01;0.006386505460218408;0.029311187103077674;2686.4285714285716;0.9416666666666667;-0.016601957935354787;-2.4492935982947064e-16;1.0;0.20129852008866006;0.9795299412524945;0.9749279121818236;-0.22252093395631434;1.0;0.0033425374218863536;0.0006297534273119217;0.005667780845807296;0.895491065447575;2.923437445247801;0.009607634523003467;1.0;0.0002418028822903569;0.0006770480704129993;0.003433600928523068;0.8328787075249601;3.144997268846644;0.011480945489628558;-1.0;0.003955619874577906;0.0001929570670525808;0.00723589001447178;1.5374235059324495;3.2049096156878853;0.011032613955288881;1.0;0.002080712281041324;0.00019355463079454176;0.007742185231781671;1.608608382737991;3.3974888024084002;0.009539545802118576;False;True;False
2021-12-02;0.007738095238095238;0.03521774935813593;2745.3571428571427;0.21458046767537828;-0.029776260178132237;-2.4492935982947064e-16;1.0;0.39435585511331855;0.9189578116202306;0.43388373911755823;-0.900968867902419;1.0;0.0017227800748178775;0.0007383343177790904;0.008515455798385509;0.8738377924857778;2.8363794442515315;-0.0023756326413012477;1.0;0.0002446183953033268;0.00410958904109589;0.005234833659491194;1.0286956137310754;3.039932685313443;0.00182487698373909;1.0;0.0004399041986411848;0.0004399041986411848;0.006354171758150447;1.2999313522066491;3.3271694093552915;0.0079021708013979;1.0;0.0014582928251993;0.00452070775811783;0.007534512930196384;1.3959218074757913;3.3618007193178605;0.00880627278414127;False;True;False
2021-12-03;-0.003484486873508353;0.031994487103760585;2857.5;0.8861538461538462;-0.0017548305656101026;-2.4492935982947064e-16;1.0;0.5712682150947923;0.8207634412072763;-0.433883739117558;-0.9009688679024191;-1.0;0.0008621928437993965;0.0006705944340661972;0.0045025626287301815;0.8610360507187729;2.8161964590432205;0.003790001868310718;1.0;0.0014413375612568463;0.001105025463630249;0.006630152781781493;1.1654668081879993;3.1361406667878953;0.003386658585471941;1.0;0.0034451409158332935;0.0008612852289583234;0.01440260299535863;1.703781049113574;3.192674889197501;0.0038949418390441448;1.0;0.0018947468144569182;9.47373407228459e-05;0.012079010942162854;1.4692130207788139;3.1575697467197936;0.00883198899518544;False;True;False
2021-12-06;0.004827259820160908;0.030416247545145374;2905.714285714286;0.694488188976378;0.014433896005236528;-2.4492935982947064e-16;1.0;0.9377521321470804;0.3473052528448203;0.0;1.0;-1.0;0.00136586284853052;0.0017897513187641297;0.004851168048229089;0.8183569649688791;2.6606356583041233;0.0023641777274538782;1.0;0.0020758633704472543;0.0010851103981883374;0.0050009435742592945;1.2323001110118235;3.182071238328169;0.004944666823640216;-1.0;0.0037202731339769247;0.0024016953143395337;0.006922533553096303;1.7776877281905985;3.0694886080660257;0.0057812549093537845;1.0;0.00014139605033699392;0.001743884620822925;0.009002215204788612;1.516375907545969;3.1864051865140084;0.0071186405424517735;False;True;False
2021-12-07;0.012264502891251632;0.019498869630746044;2847.8571428571427;1.326086956521739;0.03615838086827848;-2.4492935982947064e-16;1.0;0.9884683243281114;0.1514277775045767;0.7818314824680298;0.6234898018587336;1.0;0.0018887916340351038;0.0021652001658451193;0.006311328142995347;0.8951381314256515;2.5832968707750545;0.0024207881350738047;1.0;0.0002757859900717044;0.0017466446037874609;0.0026199669056811915;0.8118832501805826;3.071005018958356;0.006211687363784368;-1.0;0.0005512425926776609;4.593688272313841e-05;0.00491524645137581;1.2600536804713158;3.0370663722806572;0.008945277457388259;-1.0;0.0011995386389850057;0.0003690888119953864;0.004106113033448673;1.5455594700274193;3.1802390655369317;0.006018090245657373;False;False;True
2021-12-08;0.0043518518518518515;0.015478877781360851;2741.785714285714;0.6934523809523809;0.034350408013903225;-2.4492935982947064e-16;1.0;0.9987165071710528;-0.05064916883871264;0.9749279121818236;-0.22252093395631434;-1.0;0.0016133493131741496;0.0013828708398635568;0.005808057527426938;0.9571380689112471;2.6828198737332203;0.0005136185971022237;1.0;0.0004622781065088757;0.0031897189349112424;0.003929363905325444;1.0275029848324357;3.0776997652378055;0.0018126546918486874;-1.0;0.0007394057026664818;0.0009704699847497574;0.006100097046998475;1.4554049640051223;3.1981758764111707;0.0010469530057350632;1.0;0.00013924990716672854;0.0022279985146676567;0.006080579279613814;1.454926688889732;3.3308269907521075;0.0006114605171208795;False;True;False
2021-12-09;-0.008763837638376383;0.011984880612150825;2706.0714285714284;-0.023076923076923078;0.02346735882079796;-2.4492935982947064e-16;1.0;0.9680771188662043;-0.2506525322587204;0.43388373911755823;-0.900968867902419;1.0;0.0009306654257794323;0.0020009306654257793;0.00316426244765007;0.9068680979672424;2.8400521402419154;-0.00040319454136629945;1.0;0.0012095273539263118;0.0013956084852995907;0.0027912169705991813;0.9210580036173157;3.3066933433004273;-0.002470284237726023;-1.0;0.0016744186046511627;0.0031627906976744186;0.004883720930232558;1.6891330478176412;3.3236775122827096;-0.004852938896382822;-1.0;0.0004186435947530003;0.0009768350544236673;0.0071169411108010045;1.477813189836987;3.4444654473699985;-0.0053281351526964955;False;False;True
2021-12-10;0.004134949722770416;0.016053978594695206;2748.9285714285716;0.518840579710145;0.018009284511443673;-2.4492935982947064e-16;1.0;0.8978045395707416;-0.4403941515576344;-0.433883739117558;-0.9009688679024191;1.0;0.0007487131492746841;0.0;0.006223678053345812;0.902254512032541;2.885240681147761;0.0010290459864621588;1.0;0.00027923860939172524;0.00046539768231954206;0.0032577837762367942;0.8784708107084844;3.3655298455791187;0.004570096302142138;1.0;0.0015318911893046142;0.00027852567078265713;0.003806517500696314;1.3551371224337423;3.5292105463358436;0.008102334440068918;1.0;0.0024090803798934445;0.0;0.004910817697475098;1.6799020262245103;3.5077374949739073;0.008878003193821914;False;False;True
2021-12-13;0.004999537079900009;0.01502105755732335;2700.3571428571427;1.0591900311526479;0.03459532359101317;-2.4492935982947064e-16;1.0;0.48530196253108104;-0.8743466161445821;0.0;1.0;-1.0;9.212344541685859e-05;0.00036849378166743435;0.004053431598341778;0.8628297146158065;2.9760012404925393;0.0016487919132150799;-1.0;0.00023113905325443786;0.0004160502958579882;0.0010632396449704142;0.5853144766261229;3.522728069990809;0.0021273643805207417;-1.0;0.0003237293622531564;0.0010636821902603709;0.0019423761735189381;1.180493681595931;3.437757528269005;0.0019691617951763545;1.0;0.00046272731479339227;0.000416454583314053;0.01494609226782657;2.4853914819076643;3.829299966017768;0.004345070601059635;False;False;True
2021-12-14;-0.004451864218141347;0.021234454168585905;2692.1428571428573;0.008676789587852495;0.02263389677914147;-2.4492935982947064e-16;1.0;0.29936312297335804;-0.9541392564000488;0.7818314824680298;0.6234898018587336;1.0;0.0006055524501583753;4.65809577044904e-05;0.010061486864169928;1.1288972643278625;2.867421349701706;-0.0011895605804235394;1.0;0.0003691739732348869;0.0011075219197046607;0.0037378864790032305;1.193575589740961;3.350058998353094;0.0011357183418511762;1.0;0.0005064689902850039;9.208527096090981e-05;0.00460426354804549;1.8191337991791938;3.504607476217933;0.003857246221732986;-1.0;0.002017700738295043;0.003622689961938827;0.01219791809969276;2.3368892248943633;3.6889268137934312;0.0035286394222878415;False;True;False
2021-12-15;0.01764926774314683;0.0262250791876281;2697.8571428571427;0.6962699822380106;0.03198535799372145;-2.4492935982947064e-16;1.0;0.10116832198743272;-0.994869323391895;0.9749279121818236;-0.22252093395631434;1.0;0.0010608856088560885;0.001522140221402214;0.004012915129151292;0.717063959755522;2.8724650264084133;0.002482100727229865;1.0;0.0002763576067431256;0.0014278476348394823;0.0035005296854129244;0.9556157863535231;3.146803798131677;0.0065491698595147915;-1.0;0.0011954022988505746;0.0032643678160919542;0.011080459770114943;1.8528221236311782;3.2016053677575167;0.010290351445586148;-1.0;0.006248553575561213;0.0004628558204119417;0.007544549872714649;1.8591706765004699;3.145269852395481;0.007154511717443081;False;True;False
2021-12-16;0.006921842768737108;0.018173431734317343;2721.0714285714284;1.3477157360406091;0.04293080363501695;-2.4492935982947064e-16;1.0;-0.10116832198743204;-0.9948693233918952;0.43388373911755823;-0.900968867902419;1.0;0.0026404443230447056;0.0009560229445506692;0.007056359828826368;1.1792060288832416;2.9202617224822514;0.006195243424169916;-1.0;0.0005443905094587851;0.000499024633670553;0.0031756113051762463;0.965220991971642;2.8779064829323295;0.007718575094461634;1.0;0.0006364793598836152;0.0008637934169849063;0.004909983633387889;1.376055058785192;3.2585135448020375;0.009560056182320692;-1.0;0.0016310996330025826;0.00072493317022337;0.006116623623759684;1.2874033214958869;3.442294210925233;0.007241323550219297;False;True;False
2021-12-17;-0.004501432273905334;0.012701447691887462;2492.1428571428573;0.23655913978494625;0.03630670778318688;-2.4492935982947064e-16;1.0;-0.2993631229733582;-0.9541392564000488;-0.433883739117558;-0.9009688679024191;-1.0;0.0002740476842970677;0.0004110715264456015;0.00429341372065406;0.8592060171284861;2.8002269840840923;2.5466676853367055e-05;-1.0;0.0005959202383680953;0.0013752005500802201;0.0038964015585606234;1.0338723616744516;3.1047651149145477;-0.0023525569385120055;-1.0;0.0005970423440800956;0.0013318636906402132;0.0039037384036006246;1.281881371576767;3.2599108335868974;-0.0052050578027293916;1.0;0.0017487344684767603;0.0004601932811780948;0.0031753336401288542;1.2213550087805543;3.36531261299994;-0.005036805459774548;False;False;True
2021-12-20;-0.011936033918613762;0.014524527267744588;2485.0;-0.44654088050314467;0.012471724932588461;-2.4492935982947064e-16;1.0;-0.7907757369376986;-0.6121059825476627;0.0;1.0;-1.0;0.002052238805970149;0.0008861940298507463;0.004710820895522388;1.010128415810514;2.89013232151005;-0.005648485603629922;1.0;0.00042054109621045743;4.6726788467828604e-05;0.002850334096537545;0.8892557902468963;2.954939559021505;-0.008235440362981008;-1.0;0.0009323140033563305;0.00023307850083908262;0.007411896326682827;1.8509227225106926;3.1908025219177643;-0.01174281514838795;-1.0;0.003330362587363385;0.0012195693981894085;0.004878277592757634;1.5151619808915302;3.2225046474507413;-0.010348890557223921;False;False;True
2021-12-21;0.008024401689347723;0.016184701492537312;2471.4285714285716;0.9913544668587896;0.012423765400096147;-2.4492935982947064e-16;1.0;-0.8978045395707417;-0.44039415155763423;0.7818314824680298;0.6234898018587336;-1.0;0.0016293468646711047;0.0007913970485545366;0.0033517992644662726;0.8626243826391404;2.9524567188481656;0.0033549228833698336;-1.0;0.0003261730581054005;0.0011183076277899446;0.0020968268021061462;0.7575505039316168;3.2061502310499708;0.00502530786486586;-1.0;4.662656781834289e-05;0.0005128922460017718;0.0027043409334638877;1.5314776557924512;3.270614109754807;0.005534528500745138;-1.0;0.0007009018270174291;0.00028036073080697164;0.0038315966543619458;1.3321999827989062;3.444511206906056;0.0031708840987191046;False;False;True
2021-12-22;-0.0008439609902475618;0.01159163912294586;2300.714285714286;0.17269076305220885;0.003352355123641637;-2.4492935982947064e-16;1.0;-0.9680771188662041;-0.2506525322587213;0.9749279121818236;-0.22252093395631434;1.0;0.001032379164711403;0.0;0.0031909901454716095;0.9321461415851963;2.9230070025416115;-0.0008740712992445072;-1.0;0.00032779208616249124;0.0007492390540856942;0.0020604073987356593;0.8106781878285257;3.250838869648416;-0.0009166380217283816;-1.0;0.0037028357159596906;0.0005155847199437544;0.004780876494023904;1.7552912533131557;3.304267107289234;-0.0006669897398218777;-1.0;0.0007034657412184026;0.001453829198518032;0.005674623645828448;1.5396461357976237;3.445550951025211;-0.0017151941097725296;False;False;True
2021-12-23;0.002293255955445313;0.01337400281557954;2120.0;1.0070175438596491;0.007425387439640796;-2.4492935982947064e-16;1.0;-0.9987165071710528;-0.05064916883871355;0.43388373911755823;-0.900968867902419;1.0;0.001073963391856556;0.001073963391856556;0.002614867388868136;0.7556543465293016;2.763202833185396;0.0021521101050643843;-1.0;0.00018668035655948102;0.0002333504456993513;0.0028468754375320857;0.8472412273864756;3.2936773524483516;0.002874593892137858;-1.0;0.0007017543859649122;0.0007485380116959065;0.005146198830409357;1.3709858223169518;3.47198111155985;0.0018730695383587339;-1.0;0.0007043576258452291;0.00018782870022539445;0.004132231404958678;1.4334650981919486;3.6213001765292807;-0.0008427422098689215;False;True;False
2021-12-27;0.004734848484848485;0.015362345909600299;2010.7142857142858;0.303951367781155;-0.001402366139916611;-2.4492935982947064e-16;1.0;-0.72479278722912;0.6889669190756865;0.0;1.0;-1.0;0.0005655042412818096;0.0010838831291234683;0.002120640904806786;0.6545879445811477;2.928801745560337;-0.0016449263974017212;1.0;0.0008015087223008015;0.0004243281471004243;0.001933050447901933;0.9385933014515047;3.3642764751077094;-0.0014867163983772061;1.0;0.0009893526806746442;0.0002826721944784698;0.005889004051634787;1.6045499444765154;3.4508419995613986;0.0013234956960336663;1.0;0.0012192262602579132;0.00032825322391559204;0.002579132473622509;1.459369106008517;3.43187679150269;0.002873159382270642;False;False;True
2021-12-28;0.0018709073900841909;0.009660697455230915;1950.0;1.1365853658536584;0.005860475600135241;-2.4492935982947064e-16;1.0;-0.5712682150947924;0.8207634412072763;0.7818314824680298;0.6234898018587336;-1.0;0.0006069094304388422;0.0007469654528478057;0.00261437908496732;1.0272544627094657;2.900466458886774;0.00035317886951588334;-1.0;0.0007011311582686735;0.00046742077217911565;0.0020566513975881088;1.0926228773227429;3.209226471889449;0.0008940870695255904;-1.0;0.001824561403508772;0.0007017543859649122;0.004397660818713451;1.8441265188488791;3.4326109083013288;0.00032289144077279566;-1.0;9.37426763534099e-05;0.00014061401453011483;0.005624560581204594;1.8286345027808522;3.658601454900946;-0.0016650958215520407;False;False;True
2021-12-29;0.0013212533031332577;0.01437908496732026;1933.9285714285713;0.30844155844155846;-0.004765120816449047;-2.4492935982947064e-16;1.0;-0.3943558551133187;0.9189578116202306;0.9749279121818236;-0.22252093395631434;1.0;0.00018850141376060322;0.0021677662582469366;0.003063147973609802;1.03514130488592;2.951977060066405;0.0006540564581534069;1.0;0.0004709206498704968;0.001036025429715093;0.001930774664469037;1.0814498676119844;3.079388352673246;0.001035586518546413;-1.0;0.00037659464294120413;0.00018829732147060207;0.00546062232264746;2.20800623781122;3.1179802543507362;0.0004993403451230522;1.0;0.0006149479659413434;0.0024597918637653737;0.005156102175969726;1.7706848557897894;3.1851982761780584;-0.0003881336018798102;False;True;False
2021-12-30;0.0019524739273298728;0.014514608859566448;1951.0714285714287;0.19155844155844157;-0.014332929665814826;-2.4492935982947064e-16;1.0;-0.20129852008866114;0.9795299412524943;0.43388373911755823;-0.900968867902419;1.0;0.0007604562737642585;0.00019011406844106463;0.0034695817490494295;1.0487840313903547;2.7076787855190574;-0.0004214141605692692;1.0;0.0;0.0006163182098326459;0.003982363817380173;1.1031418491398306;3.0039338145835024;0.0010237510237511155;1.0;0.0009450455984501252;0.0031186504748854133;0.0048197325520956385;2.0135925137695114;3.0126549193003855;0.003174003598952826;-1.0;0.001369280891449077;0.0021719627933330186;0.00481609141130365;1.929672590227015;3.009055267821999;0.0035930408472012103;False;True;False
2022-01-03;0.005006376044962925;0.012452471482889733;1883.2142857142858;0.9274809160305344;-0.005496200330893693;0.49999999999999994;0.8660254037844387;0.5712682150947923;0.8207634412072763;0.0;1.0;1.0;4.699468960007519e-05;0.0015508247568024813;0.0035246017200056393;1.1410869956478584;2.7567565569650196;-0.0008286429018137245;-1.0;0.00042211903756859433;0.0009380423057079874;0.0030017353782655597;1.486270908450683;3.0549948717313096;0.0007934270830070279;1.0;0.0014563562905195904;0.0019261486423001034;0.009583763976322466;2.6480694496513624;3.199883488857522;0.0037870534648945936;-1.0;0.0010738129697931743;9.337504085158037e-05;0.00494887716513376;1.8788039649614676;3.255500426619056;0.0036814863415294873;False;False;True
2022-01-04;0.006491027109583811;0.027115935899243385;1943.2142857142858;0.37435008665511266;-0.014427458439852875;0.49999999999999994;0.8660254037844387;0.7247927872291199;0.6889669190756866;0.7818314824680298;0.6234898018587336;1.0;0.003129742033383915;0.0019442336874051593;0.005216236722306525;1.5167376907630687;2.9299938360386273;-0.0013802622498275286;1.0;0.00014224076620359395;0.0015646484282395335;0.003982741453700631;1.6388445579138666;3.212694493413777;0.0005203652017597805;-1.0;0.00018922370973082928;0.0027910497185297317;0.008893514357348975;2.746644056335359;3.18360643036994;0.0017448685003649284;-1.0;0.0008089459909588389;0.0033309540804187486;0.007328098976921247;2.1733868934043237;3.2883676426580144;9.547450830628223e-05;False;False;True
2022-01-05;0.0012926700818691051;0.01654969650986343;1903.2142857142858;0.3037249283667622;-0.022004203969688396;0.49999999999999994;0.8660254037844387;0.8486442574947509;0.5289640103269624;0.9749279121818236;-0.22252093395631434;-1.0;0.0011953715214688726;0.0004303337477287941;0.005976857607344363;1.263984581280128;3.0009813221680677;-0.0011418997155922827;-1.0;0.0005762858377755367;0.002593286269989915;0.0036978341257263604;1.431043687770923;3.211930960982159;-0.001612317679970988;-1.0;0.001153236269280669;9.610302244005574e-05;0.0063427994810436785;2.3050056533404852;3.255554208468463;-0.0035149856449059698;1.0;0.0013040328423086212;0.0015938179183772035;0.004588263704419222;1.8096325030348148;3.3756385984710673;-0.004007285974499011;False;True;False
2022-01-06;0.0038885607403032095;0.029788658315004303;1924.642857142857;0.12680577849117175;-0.04375203662764937;0.49999999999999994;0.8660254037844387;0.9377521321470804;0.3473052528448203;0.43388373911755823;-0.900968867902419;-1.0;0.002206423142927188;9.806325079676392e-05;0.00451090953665114;1.0944930621378244;2.8584156197763186;-0.0053562653562653564;1.0;0.00029484029484029485;0.001031941031941032;0.0074201474201474205;1.4024488053650035;3.0180130429593994;-0.0031042080470624306;1.0;4.884004884004884e-05;0.00463980463980464;0.005763125763125763;1.9833218122959757;3.1276677307736733;0.00036861762968025576;-1.0;0.0008781772942381812;0.003854222569156462;0.005610577157632825;1.73156086578573;3.2892582691302246;0.002913553721698745;True;False;False
2022-01-07;-0.00209551656920078;0.01505270899730326;1851.4285714285713;0.4820846905537459;-0.03747035721756216;0.49999999999999994;0.8660254037844387;0.9884683243281114;0.1514277775045767;-0.433883739117558;-0.9009688679024191;1.0;0.0012697172437368756;0.0006836939004737022;0.00395565756702642;0.860004863491689;2.843831822586298;-7.58141902501848e-05;1.0;0.0003411638561263281;0.0020469831367579687;0.0024368846866166293;0.9898637279759797;3.1761373883652735;0.0012346280682944736;-1.0;0.0005360885033383694;0.004045031434280423;0.007748915639163702;1.675233338093275;3.338593254024703;0.0003748248101430379;1.0;0.0008311739109177138;0.00396029922260793;0.00796949102821102;2.2733890744003467;3.265234911894742;0.00038990154985866067;True;False;False
2022-01-10;-0.004931824775166811;0.018215558919763637;1880.357142857143;0.5603217158176944;-0.03035442948514082;0.49999999999999994;0.8660254037844387;0.8978045395707416;-0.4403941515576344;0.0;1.0;1.0;0.0028668610301263364;0.0009232264334305151;0.0050048590864917395;0.8653589445566974;2.9768200845658517;0.0004691417940628826;-1.0;0.00014560279557367502;0.00014560279557367502;0.004513686662783925;0.8406444673462851;3.1301392048594043;-0.0012943196157115219;1.0;0.000877321245796169;0.0012672417994833553;0.0043378661597699465;1.592736169919577;3.431699596304212;-0.0029017929513989738;1.0;0.0010213014298220018;0.0018480692539636222;0.0046688065363291505;1.8532024174079937;3.5243310261268093;-0.00282645867382989;False;True;False
2022-01-11;0.0008227266127861395;0.01608357628765792;1852.142857142857;0.9969788519637462;-0.024219918559167285;0.49999999999999994;0.8660254037844387;0.7907757369376989;-0.6121059825476626;0.7818314824680298;0.6234898018587336;-1.0;0.002127659574468085;0.0010154738878143134;0.007640232108317215;0.8123053992977249;2.9176162954818965;0.003740224413464808;-1.0;0.0;0.00029144605819206293;0.0027201632097925877;0.7508267244267108;3.377124397209607;0.003251583862189127;1.0;0.0018016263329600235;0.0011686224862443395;0.007303890539027122;2.128481733787971;3.644434974692571;0.0018046263076806894;1.0;0.0008726849607291768;0.0028119848734606805;0.004993697275283622;1.7634481467430687;3.6594401744953666;0.0020120832593597156;False;True;False
2022-01-12;0.00023860653781913624;0.022340425531914895;1816.4285714285713;0.9675324675324676;-0.009496265526831263;0.49999999999999994;0.8660254037844387;0.6513724827222223;-0.7587581226927909;0.9749279121818236;-0.22252093395631434;-1.0;0.0010973282442748092;0.0005725190839694657;0.0032919847328244274;0.9341419040285752;3.100031967880873;0.002267248611509309;-1.0;0.00047785157929946956;0.0008601328427390452;0.0029626797916567113;1.172286432346984;3.2211216442691333;0.0016379755048208443;1.0;0.001292237005838997;0.0005743275581506652;0.009237101560256533;1.916935459751499;3.4578995206648147;0.0020218336923010878;1.0;0.0005226149752945649;0.0011402508551881414;0.005416191562143672;1.826801805586866;3.6271938744281464;0.003791882951252402;True;False;False
2022-01-13;-0.004122166010867528;0.02256679389312977;1896.4285714285713;0.813953488372093;0.005193816592317312;0.49999999999999994;0.8660254037844387;0.48530196253108104;-0.8743466161445821;0.43388373911755823;-0.900968867902419;-1.0;0.0005644402634054562;0.0012229539040451553;0.003951081843838194;0.9503155731584482;3.0245711666672084;0.0009270607460482986;-1.0;0.0005185255020269633;0.0002828320920147073;0.002451211464127463;0.898993415106139;3.1897153378430008;-0.0006977561630755985;1.0;0.0008498984843477029;0.0014164974739128383;0.004627225081448604;1.8306443548956604;3.5100636706792763;-0.0025855616792542085;-1.0;0.001224739742804654;0.003674219228413962;0.005888171840406991;1.894468039203727;3.5582824011090333;-0.0025566872039900932;True;False;False
2022-01-14;-0.0015522107243650047;0.01284101599247413;1892.142857142857;0.3553113553113553;0.0037379509597857004;0.49999999999999994;0.8660254037844387;0.29936312297335804;-0.9541392564000488;-0.433883739117558;-0.9009688679024191;1.0;0.0011306355113770198;0.0012719649502991473;0.003957224289819569;0.9121617894578192;3.0233145213071544;-0.0021741402738580384;-1.0;0.0014580687644043084;0.00014110342881332017;0.004985654484737313;1.3705747236832317;3.1976587400324648;-0.0027058064719114347;1.0;0.0019821605550049554;0.001132663174288546;0.005804898768228798;2.0064436864800803;3.2549955762889087;-0.0024475195330885815;-1.0;0.0011767474699929394;0.0022122852435867263;0.006119086843963286;1.7590163040031408;3.35088945010784;-0.0026955732813097417;True;False;False
2022-01-17;-0.0030096772699912027;0.021529184529137418;1937.857142857143;0.8577680525164114;0.01868519968491346;0.49999999999999994;0.8660254037844387;-0.2993631229733582;-0.9541392564000488;0.0;1.0;-1.0;0.0018112576630131896;0.0017648151588333643;0.004876462938881665;0.8762938505874522;3.114455946661846;0.002898685515873061;-1.0;0.00023251488095238094;9.300595238095238e-05;0.0034877232142857145;0.7245342204411134;3.321100335069893;0.001062594596836075;1.0;0.0007463730932499883;0.0006530764565937398;0.003312030601296823;1.5891890423627175;3.4795993575405904;-0.0012157142709336253;-1.0;0.0006052705093584133;0.0005587112394077661;0.005121519694571189;1.3016747747525692;3.692050364726107;-0.0026540353282745806;True;False;False
2022-01-18;-0.0065420560747663555;0.010588890953000186;1931.4285714285713;-0.36403508771929827;0.007229691956375489;0.49999999999999994;0.8660254037844387;-0.4853019625310808;-0.8743466161445822;0.7818314824680298;0.6234898018587336;1.0;4.7036688617121355e-05;0.0013640639698965192;0.003198494825964252;0.8334611700795803;3.0009593514784005;-0.002571968155591046;1.0;0.000187811062071556;0.00023476382758944503;0.0024415438069302284;0.7932311923542396;3.3284863917612957;-0.0034310586299715054;1.0;0.00023430178069353328;0.0019681349578256793;0.0042642924086223055;1.9805352401299314;3.5275830957026852;-0.0030604397888348202;1.0;0.0009353224524154703;0.0010288546976570173;0.002993031847729505;1.5816363028491816;3.6720072888961077;-0.0011004697760129036;False;True;False
2022-01-19;0.0;0.01495766698024459;1935.0;0.8647798742138365;0.019350404664004454;0.49999999999999994;0.8660254037844387;-0.651372482722222;-0.7587581226927911;0.9749279121818236;-0.22252093395631434;1.0;0.0003719892123128429;0.00018599460615642145;0.007672277503952385;1.2764673689698038;3.2283966884072295;0.0037295248062134954;-1.0;0.0002770083102493075;0.0002770083102493075;0.0017082179132040629;0.810096755229137;3.4473053475811875;0.004760804252368847;1.0;0.0008319852091518373;0.00018488560203374163;0.007118095678299053;2.0610430113299523;3.6391366879423956;0.006549159533034235;1.0;0.0012404667830561427;0.0007350914269962326;0.0028484792796104014;1.3906663979408886;3.668807341990191;0.0067834646673297265;True;False;False
2022-01-20;0.005052824988516307;0.016786013205617036;1953.9285714285713;1.0470914127423823;0.035948060556561676;0.49999999999999994;0.8660254037844387;-0.7907757369376986;-0.6121059825476627;0.43388373911755823;-0.900968867902419;-1.0;0.00022851919561243144;0.0007769652650822669;0.0051645338208409506;0.9708652156564352;3.036415970346769;-0.00045894717518013675;-1.0;0.00096374483708123;0.0005048187241854062;0.0022487379531895366;0.7610755120260403;3.2064568289928475;0.00023984853819969222;1.0;0.0017452808524319112;0.0005970697653056538;0.005281771000780784;1.888696104776842;3.525359810832812;0.0010430818234088062;1.0;0.0015111965929385904;9.158767229930851e-05;0.005403672665659202;1.6861406724747319;3.4937625471773868;0.0024533657745336723;True;False;False
2022-01-21;-0.0031861629494765588;0.015676416819012797;1969.642857142857;0.40816326530612246;0.03532148150249257;0.49999999999999994;0.8660254037844387;-0.8978045395707417;-0.44039415155763423;-0.433883739117558;-0.9009688679024191;-1.0;0.0007305936073059361;0.0016438356164383563;0.006301369863013699;1.015659830418857;3.0110984507863234;-0.004161445758585225;1.0;0.0007334739158338682;0.0008251581553131017;0.003071422022554323;1.1110343283011177;3.243378031679485;-0.004485741749439282;1.0;0.001052776124868403;0.0030667826246166523;0.004943470499382066;1.9800600765113552;3.431385285037032;-0.005137586706303879;1.0;0.00018294914013904133;0.000411635565312843;0.005168313208927918;1.3375956250762826;3.6726827219640854;-0.0022562172443797214;False;True;False
2022-01-24;-0.005431309904153354;0.014063926940639269;1873.5714285714287;0.04220779220779221;0.028847969782813974;0.49999999999999994;0.8660254037844387;-0.9884683243281114;0.15142777750457667;0.0;1.0;1.0;0.0004589050525446285;0.0019274012206874397;0.004497269514937359;0.9794180459177092;2.757594574720157;-0.0009057003149598434;1.0;0.0010532100009158349;0.0003663339133620295;0.0015111273926183715;0.8338159346248167;3.2320744944376885;-0.0009259259259259111;-1.0;0.0014194789138696827;0.0009615824900407528;0.003800540317780118;1.8797391687790954;3.2528262005805257;-0.002144982473302371;-1.0;0.000962949376375642;0.00041269258987527513;0.009308510638297872;1.9868119652046345;3.6241597021883214;-0.0038671905092057175;False;True;False
2022-01-25;-0.00495344677337981;0.020329493827727044;1921.4285714285713;0.6049661399548533;0.022666474970715302;0.49999999999999994;0.8660254037844387;-0.9377521321470804;0.3473052528448203;0.7818314824680298;0.6234898018587336;-1.0;0.0001382807098409772;0.0006453099792578936;0.006176538372896981;0.7116131577754732;3.0163355533112512;0.003681733452796543;-1.0;0.001251332437317514;0.0006024933957454698;0.0027807387495944755;0.7795671836144707;3.240348692403487;0.0017112255364330655;1.0;0.001391659321798024;0.001484436609917892;0.005520248643132161;1.677798328388535;3.418542515860314;-0.0016347429135437357;1.0;0.0006939946331081707;0.001017858795225317;0.008142870361802536;1.39964014937729;3.5926893590421893;2.5539261506744004e-05;False;True;False
2022-01-26;0.006904020576688778;0.03424752247061535;1964.2857142857142;1.0619111709286675;0.04991248376715036;0.49999999999999994;0.8660254037844387;-0.848644257494751;0.5289640103269624;0.9749279121818236;-0.22252093395631434;1.0;8.962982880702697e-05;0.0011203728600878372;0.005736309043649726;0.9597650822273573;3.050897011620095;0.00629538751332186;-1.0;0.0014276791291157312;0.0001784598911394664;0.0031676630677255286;0.902554684863665;3.231825608802518;0.006871521416407261;1.0;0.003664149425800974;0.00040216274185620447;0.00840073282988516;1.4904008060096612;3.4634022785328575;0.00907140455992572;1.0;0.0027138853049784224;0.0015126573831027272;0.004404502380210882;1.2615116332394183;3.4795359650385778;0.008021588600744376;False;True;False
2022-01-27;0.0002676659528907923;0.016536703414896478;2026.0714285714287;0.3712737127371274;0.05196486882107871;0.49999999999999994;0.8660254037844387;-0.72479278722912;0.6889669190756865;0.43388373911755823;-0.900968867902419;1.0;0.000445990545000446;8.91981090000892e-05;0.006154669521006155;0.9331157207116159;2.9733749590677543;-0.002005597934283391;1.0;0.0005765478091183254;0.0013748447755898528;0.003015788540003548;0.8819674312347696;3.2086178160190193;0.000354421407052986;1.0;0.0011961192575200461;0.0006645106986222478;0.004651574890355735;1.3435756904026015;3.408768508628377;0.002964795507647659;-1.0;0.0012369676621311187;0.0012369676621311187;0.0033133062378512103;1.2960394695076944;3.475707903588255;0.0036943695253816244;False;True;False
2022-01-28;-0.0023029229406554474;0.013201320132013201;2000.0;0.36486486486486486;0.053032587076885684;0.49999999999999994;0.8660254037844387;-0.5712682150947924;0.8207634412072763;-0.433883739117558;-0.9009688679024191;-1.0;0.0009321732954545455;0.0009765625;0.004039417613636364;0.8587651455050112;2.7481690527933713;0.0011911822854883496;1.0;0.0006227480983941996;0.002090654330323384;0.0028913304568302122;0.8958353029173167;2.8997148190931967;-0.00022731203518400731;1.0;0.0022237046920169003;0.001200800533689126;0.00622637313764732;1.3535418730699658;3.172258866621006;-0.0011087457867660104;1.0;0.0024392407308852226;0.00017739932588256165;0.0067411743835373425;1.5121758492666657;3.375055935674413;0.0006772374600651166;False;False;True
2022-01-31;0.00026680896478121667;0.014115767045454546;1995.0;0.36477987421383645;0.048221741723829405;0.49999999999999994;0.8660254037844387;-2.4492935982947064e-16;1.0;0.0;1.0;-1.0;0.0;0.0020005334755934918;0.0061794256246110076;0.6281867424351886;2.721873821031726;-0.00012400793650795095;1.0;0.00017857940086611008;0.0004018036519487477;0.003437653466672619;0.6146854945489906;2.9880614463185458;-0.00014344576513475042;-1.0;0.00044517651248720115;0.004318212171125851;0.007033788897297779;1.4494707289484245;3.1752284516892524;-0.0010361512681698153;1.0;0.000892379082634303;0.0012493307156880244;0.006469748349098697;1.2506625466421126;3.2353825950030184;0.0004097126581466035;False;False;True
2022-02-01;0.0009783865516321266;0.013025695741086512;1934.642857142857;0.658703071672355;0.04513858255285361;0.8660254037844386;0.5000000000000001;0.2225209339563144;0.9749279121818236;0.7818314824680298;0.6234898018587336;1.0;0.0027545761507019725;0.0012440021325750845;0.004265150168828861;0.7247464804113387;2.7669773350841793;0.0003158528520524782;-1.0;0.0019544263314529384;0.0001776751210411762;0.003109314618220584;0.9455690615223081;2.9381859052566295;-0.0008596031004995022;1.0;0.0002667733760170735;0.00022231114668089458;0.0050686941443243965;1.4175867242952023;3.141745124135325;1.967090574682649e-05;-1.0;0.0004425953793042401;0.0018146410551473844;0.0038505797999468885;1.2498645404349225;3.2923720166368655;0.00048270630769073477;False;True;False
2022-02-02;0.002241856784913623;0.012395592678158877;1865.357142857143;1.146953405017921;0.05414027463128208;0.8660254037844386;0.5000000000000001;0.4338837391175581;0.9009688679024191;0.9749279121818236;-0.22252093395631434;-1.0;0.0011842105263157896;0.0002192982456140351;0.00412280701754386;0.7193625008955011;2.923253290932969;0.0015685929574573707;-1.0;0.0012314187703403993;0.00017591696719148562;0.0023308998152871845;0.9105450457294046;2.9808870576137565;0.001345052408132821;-1.0;0.002465114231632698;0.0003521591759475283;0.005062288154245719;1.660041381086774;3.204813593278177;0.000274517877976789;-1.0;0.0009264569638681784;0.00035293598623549656;0.001985264922574668;0.9945774578277733;3.2223463687150837;-0.0009908809520305416;False;False;True
2022-02-03;-0.00392751941444256;0.020789473684210528;1937.142857142857;-0.07383966244725738;0.026893965537074103;0.8660254037844386;0.5000000000000001;0.6234898018587335;0.7818314824680298;0.43388373911755823;-0.900968867902419;1.0;0.00022403441168563493;8.961376467425397e-05;0.005511246527466619;1.076199588468725;2.883492582348504;-0.0015056511445920523;1.0;0.0007577783721137559;0.0002228759917981635;0.002273335116341268;0.9802228072073507;3.0186341707413433;-0.0012118693951040332;1.0;0.0032496438746438747;0.00017806267806267807;0.003961894586894587;1.5637312099144218;3.4736941804131605;-0.000400427122263748;-1.0;0.0001779676098949991;0.0011122975618437444;0.007296672005694963;2.0800032697654953;3.5615931216219114;-0.0011836732663912408;True;False;False
2022-02-04;-0.0043559427504667085;0.010932879290258983;1861.0714285714287;0.38934426229508196;0.025998057932247486;0.8660254037844386;0.5000000000000001;0.7818314824680298;0.6234898018587336;-0.433883739117558;-0.9009688679024191;-1.0;0.0012053571428571428;0.0016964285714285714;0.0040178571428571425;0.9073434058596994;2.7689939000210346;-0.00015394165114845622;1.0;0.0010279789040850988;0.0003128631447215518;0.002726378832573523;0.905602726271012;3.118853749256678;0.0005851868382554075;-1.0;0.0004463289444320464;0.002097746038830618;0.009506806516402589;2.0906197204957313;3.1367133241611125;-0.002357159622654672;-1.0;4.494584026248371e-05;0.0031462088183738593;0.0064272551575351704;1.873140339267979;2.942694887263658;-0.0040833095349035575;True;False;False
2022-02-07;0.0005788840895934453;0.01924107142857143;1924.2857142857142;0.8422273781902552;0.025037463819188317;0.8660254037844386;0.5000000000000001;1.0;6.123233995736766e-17;0.0;1.0;-1.0;0.00031152647975077883;0.000534045393858478;0.00520694259012016;0.9231521025261437;2.8531805282257667;-0.00044698730556052207;1.0;0.00031289111389236547;0.0009386733416770963;0.002369032719470767;0.9207079234545563;2.9999615872162257;-0.0014585286719948477;1.0;0.004554384711555635;0.0004911591355599214;0.005134845508126451;1.956084799900982;3.1602286582522328;-0.0020339117579942943;1.0;0.0004911372058757869;0.0021877930079921416;0.0046881278742688754;1.9088016031201995;3.191253099076068;-0.0010248640941092593;False;True;False
2022-02-08;-0.0037393162393162395;0.008767245215843347;1881.0714285714287;0.24873096446700507;0.016755106491240825;0.8660254037844386;0.5000000000000001;0.9749279121818236;-0.22252093395631434;0.7818314824680298;0.6234898018587336;-1.0;0.0019213583556747095;0.0014298480786416443;0.003440571939231457;0.9159762640965833;2.8120929167942967;-0.0016832007626537534;-1.0;0.0008490481723120923;4.468674591116275e-05;0.0017427830905353472;0.7965608701171841;2.957871605584928;-0.0026387584417907777;-1.0;0.0005366726296958855;0.0;0.006127012522361359;2.137894100383362;3.201821156719072;-0.004917172625740243;1.0;0.0007645603777827749;0.001124353496739375;0.003193163930739825;1.1831226274024278;3.24009505663989;-0.005439773226334549;True;False;False
2022-02-09;0.0022172949002217295;0.01519213583556747;1873.5714285714287;1.1470588235294117;0.023043372964947184;0.8660254037844386;0.5000000000000001;0.9009688679024191;-0.43388373911755806;0.9749279121818236;-0.22252093395631434;-1.0;0.0008849557522123894;0.00013274336283185842;0.0058849557522123895;1.2445080787490064;2.8167622723589374;0.0021886270441183594;-1.0;0.0001778568252556692;0.00013339261894175188;0.0024899955535793686;1.1235068264391543;3.04893487679437;0.0016141090959503543;1.0;0.0028963550485696463;0.0008466268603511273;0.005436235629623028;2.367726254071091;3.169096654848158;0.0003113879003558719;-1.0;0.0018683274021352313;0.0005782918149466192;0.00653914590747331;1.8102440491399603;3.127582064479583;-0.0009578544061302393;True;False;False
2022-02-10;0.0009342052582410249;0.013141592920353983;1857.142857142857;0.4208754208754209;0.01591601760921097;0.8660254037844386;0.5000000000000001;0.7818314824680299;-0.6234898018587335;0.43388373911755823;-0.900968867902419;1.0;0.0015555555555555555;0.0004;0.0052;1.1168183453154912;2.817933848926718;-0.0005266862574264651;-1.0;0.0010189164045541132;0.0003101049926903823;0.002303637088557126;1.0907767752539257;2.930739471860805;0.00039416828029313584;1.0;0.0011085982883242429;0.00017737572613187884;0.004478737084829941;1.7221523500810372;3.1396119943097083;0.0021462916304449543;-1.0;0.00030943329502254444;0.003624790027406949;0.0058792326054283445;2.5891670005683163;3.019702300549736;0.0019389572937274383;False;True;False
2022-02-11;-0.0033041103132296578;0.015466666666666667;1871.4285714285713;0.5028735632183908;0.018207021325910407;0.8660254037844386;0.5000000000000001;0.6234898018587339;-0.7818314824680295;-0.433883739117558;-0.9009688679024191;1.0;0.0006188118811881188;8.84016973125884e-05;0.008707567185289958;1.2685523571991275;2.83420593805425;-0.00040926697361693944;1.0;0.0013592914145400333;0.00017539244058581075;0.0025431903884942557;0.8968610517192351;3.033093378299697;0.0015185363645654954;1.0;0.0014017258749835736;0.0007008629374917868;0.0031538832187130404;1.632730361588215;3.030190068291175;0.003286706826723511;-1.0;0.0005688282138794084;0.00043756016452262185;0.0034129692832764505;1.4834844038185542;3.2163176735570937;0.003050816068930927;True;False;False
2022-02-14;-0.007029876977152899;0.01670792079207921;1833.9285714285713;-0.05291005291005291;0.014471935935648364;0.8660254037844386;0.5000000000000001;1.2246467991473532e-16;-1.0;0.0;1.0;1.0;0.00013274336283185842;0.0010619469026548673;0.005044247787610619;0.8922315609658488;2.6072580322243817;-0.0026887644906774806;1.0;0.0020275035260930887;0.00048483779971791256;0.005421368124118477;1.2647480414064147;3.024989361728601;-0.0009082652134424105;1.0;0.0003955348510152061;0.0006152764349125428;0.003823503559813659;1.548907663564341;2.965457824005064;0.0007012008063809273;-1.0;0.0018843945834611509;0.0012270476357421447;0.003374380998290898;1.4682319683198886;2.939084419390844;0.002469352269904629;False;False;True
2022-02-15;0.004738504738504738;0.012654867256637168;1670.7142857142858;1.132867132867133;0.024736879788071885;0.8660254037844386;0.5000000000000001;-0.22252093395631384;-0.9749279121818237;0.7818314824680298;0.6234898018587336;-1.0;0.0018777292576419213;0.0013100436681222707;0.0033624454148471618;0.9997106802353732;2.583776124690046;0.0017858529388928418;-1.0;0.0008298755186721991;0.0001310329766324525;0.002882725485913955;0.7405250930757432;2.77762277003172;0.0028250647917183584;1.0;0.0005251411316791387;0.0012690910682245855;0.003194608551048094;1.298156409902442;2.893721045210672;0.003685414208509872;-1.0;0.0015294528928509001;0.0019227407795839888;0.0040202761754937946;1.4442395900633143;2.9278596240545935;0.0025359625726903063;False;False;True
2022-02-16;0.009727710948017545;0.010087336244541485;1578.5714285714287;1.9696969696969697;0.036914809405416256;0.8660254037844386;0.5000000000000001;-0.433883739117558;-0.9009688679024191;0.9749279121818236;-0.22252093395631434;1.0;0.0005161068341146618;0.0;0.002709560879101974;0.6123375810810385;2.678808768227071;0.004634795296541069;1.0;0.0009869973823112904;0.00017165171866283311;0.0031755567952624127;0.8984916482660373;3.0677558222428782;0.00802759933380928;1.0;0.00017130620985010707;0.0006423982869379015;0.0033832976445396148;1.0582531255316578;3.0988897287309984;0.011291470881389761;-1.0;0.0019223375624759708;0.0004699047374941262;0.0030757400999615533;1.1466032541085354;3.215518037895032;0.010496967278910623;False;True;False
2022-02-17;-0.0032567706547823104;0.00873080727710636;1623.9285714285713;0.04433497536945813;0.033706566880948204;0.8660254037844386;0.5000000000000001;-0.6234898018587338;-0.7818314824680296;0.43388373911755823;-0.900968867902419;1.0;0.0017196904557179708;0.0013757523645743766;0.0032244196044711954;1.0074498796219185;2.632496268805042;-0.0020108231001065256;1.0;0.0006448007565662211;0.00038688045393973263;0.0015475218157589305;0.7475654717775061;2.8756028239727236;-0.002520587182241276;1.0;0.000945179584120983;0.0028785014607320848;0.004167382711806152;2.0833009573741528;3.119153799838761;-0.00285842447842107;-1.0;0.0016749699364370383;0.0008589589417625838;0.0025768768252877514;1.763874374361539;3.191105966730139;-0.002214300371754336;False;False;True
2022-02-18;0.003959965187119234;0.015735167669819434;1644.642857142857;0.30327868852459017;0.023011211841052145;0.8660254037844386;0.5000000000000001;-0.7818314824680297;-0.6234898018587337;-0.433883739117558;-0.9009688679024191;1.0;0.0007368557929868666;0.0004767890425209137;0.0029907676303584587;0.9448147696192102;2.668970865366976;-0.0017980077689319922;1.0;0.001124956732433368;0.00043267566632052614;0.0026393215645552095;1.102489732096809;3.2495368391050308;7.203469190770657e-05;-1.0;0.0001296624454337209;0.0012101828240480615;0.0038898733630116263;2.0813722237941685;3.102281520787095;0.0016177022850045197;1.0;0.001603258514602652;0.0014299332697807435;0.004289799809342231;1.8865306295270081;3.0860401980243197;0.0016397147569520278;False;False;True
2022-02-21;0.001401541695865452;0.015213904902258246;1665.357142857143;0.14814814814814814;0.011764237338012183;0.8660254037844386;0.5000000000000001;-1.0;-1.8369701987210297e-16;0.0;1.0;-1.0;0.0018369489153254024;0.0005685794261721484;0.002842897130860742;0.9411620324967022;2.7944557262000465;-0.0021343212469492473;-1.0;0.0004375793112501641;0.0012252220715004594;0.001837833107250689;0.9433879293078012;3.003997873212626;-0.002329302036072559;-1.0;0.002976060221453893;0.0003063591404437831;0.005733292485447941;1.915307261144173;3.179776001456363;-0.0022521534389213487;1.0;0.0007896814951302974;0.0009651662718259191;0.006054224795998947;1.7129356654528611;3.165482637997866;-0.0014658201797814172;True;False;False
2022-02-22;0.00619743249225321;0.016532540237928623;1700.7142857142858;0.37037037037037035;0.004086140254003313;0.8660254037844386;0.5000000000000001;-0.9749279121818238;0.22252093395631334;0.7818314824680298;0.6234898018587336;1.0;0.0006159260888693356;0.0;0.006027276726792785;1.414255718582106;2.823228112302467;-0.0021684485868619526;1.0;0.0005250721974271463;0.0008313643125929816;0.0033692132668241884;1.496347040497452;3.110648721783095;0.0016302765647744238;-1.0;0.0006987204681427136;0.0003930302633302764;0.0022271714922048997;1.7529567580661527;3.1638257758870734;0.005455243202805845;1.0;0.0014427490928168583;0.00039347702531368863;0.00415336860053338;1.6804343233993755;3.299095062198397;0.005980594569969009;False;True;False
2022-02-23;-0.000827562176052964;0.010646722393312803;1663.2142857142858;0.9214876033057852;0.011579810736680572;0.8660254037844386;0.5000000000000001;-0.9009688679024193;0.43388373911755795;0.9749279121818236;-0.22252093395631434;1.0;0.0019180470793374019;0.0025283347863993026;0.004838709677419355;1.1357728224702521;2.747153354914745;0.003079291762894492;1.0;0.00043576782290395677;0.00161234094474464;0.0021352623322293883;1.050131890263421;3.10664604140745;0.0038053740014523485;1.0;4.3572984749455335e-05;0.0027450980392156863;0.004836601307189542;2.188912051172545;3.185012740494732;0.0032661264995917905;-1.0;0.001087098317171805;0.000652258990303083;0.002348132365091099;1.5285490198780507;3.229648368716888;0.002673473630267754;False;False;True
2022-02-24;-0.022210423856295902;0.01904969485614647;1732.142857142857;-1.1098398169336385;-0.02586096699828534;0.8660254037844386;0.5000000000000001;-0.7818314824680299;0.6234898018587334;0.43388373911755823;-0.900968867902419;1.0;0.005294117647058823;0.004072398190045249;0.013076923076923076;1.7822822673446512;2.628859913998218;-0.007994469990683048;-1.0;0.0017131779450881386;0.0026599341779000047;0.005410035616067806;1.478352874549778;2.830876032912511;-0.0118743167754812;0.0;0.0017601660874667147;0.0032495373922462427;0.005009703479712958;1.4775089358452247;3.0825423513885433;-0.015530582258930017;1.0;0.0032495373922462427;0.0013539739134359344;0.006860134494742068;2.003185812196769;3.278722353269643;-0.012303427848075917;False;True;False
2022-02-25;-0.0013747228381374723;0.025520361990950226;1789.642857142857;0.9024822695035462;-0.0073263625623754694;0.8660254037844386;0.5000000000000001;-0.6234898018587337;0.7818314824680297;-0.433883739117558;-0.9009688679024191;-1.0;4.440694524623651e-05;0.0015098361383720413;0.005906123717749456;0.830621168389351;2.8173604018592244;0.006913161767985371;1.0;0.0006690156549663262;0.0031220730565095223;0.004415503322777753;1.2247201602877726;3.0863735226526594;0.0034420424436024917;1.0;0.0015154891909962113;0.0008468910184978828;0.004769333630488076;1.2631714825851377;3.289086926452916;0.0006916961872718307;1.0;0.0021344717182497333;0.0022678762006403414;0.004580220562077552;1.4062161919990643;3.140926555276538;0.0003705021044519964;False;True;False
2022-03-03;-0.00047167788688306676;0.013405639913232105;1966.4285714285713;0.9223300970873787;0.024838371425870684;1.0;6.123233995736766e-17;0.5712682150947923;0.8207634412072763;0.43388373911755823;-0.900968867902419;-1.0;0.0018876018876018876;0.0009867009867009866;0.0039468039468039465;0.957538548733022;2.738820305913525;0.00024336124830013343;1.0;0.0010307064633884476;0.00042946102641185313;0.002362035645265192;0.8551804740750071;3.2022493496097657;0.0005387263174957608;1.0;0.0005577723430728966;0.0011155446861457932;0.005706440125284249;1.554367004077117;3.3342493854911956;0.0012392632793470364;-1.0;0.0007691978975257468;0.0006837314644673304;0.002820392290927738;1.1221815602544596;3.561625349690165;0.002115813447064222;False;False;True
2022-03-04;-0.006989108995797959;0.00827970827970828;1929.2857142857142;-0.40932642487046633;0.016918638605057587;1.0;6.123233995736766e-17;0.7247927872291199;0.6889669190756866;-0.433883739117558;-0.9009688679024191;-1.0;0.002029448594498899;0.001122673690573859;0.0032816615570620492;1.2676315328137173;2.7635416502565233;-0.002000921287499322;1.0;0.0012955605458628433;0.00012955605458628432;0.0032820867161858698;1.0089742067681657;2.9600298011023582;-0.002457002457002457;-1.0;0.0009051724137931035;0.0017241379310344827;0.0034482758620689655;1.6054533585551172;3.0083400585827293;-0.003666796082999008;-1.0;0.0025021570319240724;0.0009490940465918896;0.007635893011216566;1.807842535511363;2.9635164869523076;-0.003629414624519261;False;False;True
2022-03-07;-0.0038499805338062898;0.014206140161492293;1952.5;0.3617021276595745;0.009590407400506373;1.0;6.123233995736766e-17;0.9884683243281114;0.1514277775045767;0.0;1.0;-1.0;0.001997568177870419;0.0026923745006079557;0.0054281743963870074;1.4075450515504648;2.7707704956429877;0.0025446767005151143;-1.0;0.000304202338012255;0.0005214897223067229;0.00243361870409804;1.0948099676022094;3.2334345996467793;4.836385092332222e-05;1.0;0.0006964091403699673;0.00047878128400435254;0.006528835690968444;1.6795438805521308;3.2391226363114147;-0.0005099046574499135;-1.0;0.0012555743170108672;0.000129886998311469;0.0022080789712949733;1.389450809492471;3.3821020559123625;7.703344214308437e-05;False;False;True
2022-03-08;0.008093726244242722;0.03313357651554629;2090.0;0.23722149410222804;-0.011336476263567591;1.0;6.123233995736766e-17;0.9987165071710528;-0.05064916883871264;0.7818314824680298;0.6234898018587336;1.0;0.0008871540099361249;4.435770049680625e-05;0.007407735982966643;1.2293799490956234;2.753990717554263;-0.00493119827628416;-1.0;0.0016746727777532942;0.00044070336256665636;0.003790048918073245;1.1099291199679284;3.139164778200992;-0.0013047082309431952;-1.0;0.0012801836401359643;0.0030018099148015715;0.004944157506732;2.1773701844267017;3.0601023697060024;0.003082329612941872;-1.0;0.0006184291898577613;0.0006184291898577613;0.00627263892570015;1.7868651473006087;3.028757215792923;0.0014799029183685981;False;True;False
2022-03-09;0.012320328542094456;0.01463804116394606;2118.5714285714284;0.8454545454545455;-0.00533997083301352;1.0;6.123233995736766e-17;0.9680771188662043;-0.2506525322587204;0.9749279121818236;-0.22252093395631434;-1.0;0.0032189787459211573;0.0009260075844430726;0.00537966310962166;1.006543504959057;2.6119075985703204;-0.0008290409614913069;-1.0;8.829632245816962e-05;0.0010595558694980354;0.0024722970288287493;0.7728312555472634;3.1930461022063623;0.0014686451625578842;-1.0;0.00039786039520799257;0.0007073073692586535;0.004332257636709252;1.5627088933576352;3.2103088474756523;0.003592336349121873;1.0;0.0007983323723776999;0.00039916618618884993;0.005721382002040183;1.3138186508682435;3.353564201443244;0.002796297113927074;True;False;False
2022-03-10;-0.005575398553881;0.021783226034041803;2257.5;0.6032388663967612;0.00024316029520974217;1.0;6.123233995736766e-17;0.8978045395707416;-0.4403941515576344;0.43388373911755823;-0.900968867902419;-1.0;0.0012702584318878669;0.0017520805957074025;0.003504161191414805;0.8852799438605665;2.6041847576426655;-2.9215419898579978e-05;-1.0;4.382312984793374e-05;0.0007888163372628073;0.003023795959507428;0.8624951996734732;2.9561080343388464;-0.0023521259412163996;-1.0;0.007026789635485288;0.00026350461133069827;0.009398331137461573;1.9922183857108733;3.2700163036379206;-0.0047384326497080225;-1.0;0.003520816829504445;0.0008361939970073056;0.006557521344952029;1.5247193288354386;3.1197830602079337;-0.0059250764525994315;False;True;False
2022-03-11;0.008726003490401396;0.0164257555847569;2248.9285714285716;1.5066666666666666;0.01212846852092221;1.0;6.123233995736766e-17;0.7907757369376989;-0.6121059825476626;-0.433883739117558;-0.9009688679024191;-1.0;0.0012110726643598615;0.0;0.005060553633217993;1.0467907488244717;2.5339258380723577;0.0030924502723382354;-1.0;0.0007815552950371239;0.0007815552950371239;0.002431505362337719;0.8213271776129476;2.988157980350055;0.0032834538071164314;1.0;0.003389683194993699;0.0015210116900612751;0.005519099561079484;1.630641600667876;2.9780715891982905;0.00377367595608645;-1.0;0.0012160694896851249;0.0026492942453854506;0.004429967426710098;1.7399335549602863;2.9841729580844274;0.0028004712517140534;False;False;True
2022-03-14;-0.001328609388839681;0.03109861591695502;2371.4285714285716;0.16828929068150209;-0.013042717086834734;1.0;6.123233995736766e-17;0.29936312297335804;-0.9541392564000488;0.0;1.0;1.0;0.001286031042128603;0.0021286031042128603;0.005454545454545455;1.2331314856745046;2.583890976506586;-0.005069727188686325;1.0;0.0008851515822084533;0.0032308032750608543;0.004956848860367338;1.0876513125521394;2.777064675332869;-0.002211019722295923;-1.0;0.0019899177500663306;8.844078889183692e-05;0.00831343415583267;1.7158524892756943;2.864791617920435;-0.002032068111363222;-1.0;0.0012459395719307614;0.002135896409024162;0.00912205758020736;1.9986382871318995;3.314965101908143;-0.003684807256235871;True;False;False
2022-03-15;0.0006317119393556538;0.024745011086474502;2445.3571428571427;0.13440860215053763;-0.028269828645795678;1.0;6.123233995736766e-17;0.10116832198743272;-0.994869323391895;0.7818314824680298;0.6234898018587336;-1.0;0.0005862193362193362;0.00045093795093795094;0.007530663780663781;1.1640953019205056;2.620247313359369;-0.0013767852820140841;-1.0;0.0014978213507625272;0.00045388525780682646;0.0032225853304284676;1.2255692543808203;3.1848638128935116;-0.0026106364499383656;-1.0;0.00036357025995273584;4.544628249409198e-05;0.004999091074350118;1.7404299573522886;3.3133594613023503;-0.005138819136901621;-1.0;4.5655846231109894e-05;0.00013696753869332968;0.005980915856275396;1.9557704044090956;3.493563488532171;-0.007362845946607797;False;True;False
2022-03-16;0.014267481083052239;0.021419552669552668;2480.0;1.1305263157894736;-0.02322426860344907;1.0;6.123233995736766e-17;-0.10116832198743204;-0.9948693233918952;0.9749279121818236;-0.22252093395631434;-1.0;0.0020223810165835242;0.00017976720147409105;0.004763830839063413;1.0731627527746668;2.9377685261317183;0.0021277021817708345;-1.0;0.000765938274386123;0.0005406623113313809;0.003198918675377337;0.964255624098159;3.317310966211343;0.004729733118664655;1.0;0.002979280458628628;0.0009930934862095427;0.007448201146571571;1.6589410304271586;3.2896379836233156;0.007742290198430608;1.0;0.0010796221322537112;0.0019343229869545659;0.005578047683310841;1.5502869777039248;3.144858499699157;0.007104290991759066;False;True;False
2022-03-17;-0.0028487492210451347;0.02229113298278729;2536.785714285714;0.8709677419354839;-0.01589149415188622;1.0;6.123233995736766e-17;-0.2993631229733582;-0.9541392564000488;0.43388373911755823;-0.900968867902419;1.0;0.0011606106597625212;0.0037050263369342025;0.007276136059280422;1.1950474116823373;2.7882867279047265;0.007035981474884218;1.0;0.0009796499977735226;0.003117068174733936;0.004720131807454246;1.3476961079192382;2.991701575993633;0.006180805878193694;1.0;0.00315962796493258;0.001646566685950781;0.006363757732188153;1.5426993380725293;3.140215684696785;0.005099874601340891;-1.0;0.002621406673479362;0.002354822943972986;0.008486248722619629;1.8256059082111378;3.148969053514109;0.0027644016408061352;False;True;False
2022-03-18;-0.006237919522052364;0.021382019462547988;2551.785714285714;0.6325678496868476;-0.0056525981732349915;1.0;6.123233995736766e-17;-0.4853019625310808;-0.8743466161445822;-0.433883739117558;-0.9009688679024191;1.0;0.0003536380514543365;0.0004420475643179206;0.004906727963928919;0.806982206701318;2.757899488970874;0.0006994888350819985;-1.0;0.0010565705480959718;0.00048426150121065375;0.002465331278890601;0.9540426483791365;3.0973693955449213;-0.00038678848055777304;1.0;0.0022473890627065615;0.0024677213237562245;0.004979509099722381;1.613847657240809;3.1778084597892677;-0.0012090596257300634;1.0;0.0008811349017534585;0.0019384967838576087;0.00964842717420037;1.8317730575619022;3.4026569435763907;0.00011668781633333465;True;False;False
2022-03-21;-0.0015102481121898597;0.02683228715409778;2557.1428571428573;0.8698517298187809;0.017476052597444;1.0;6.123233995736766e-17;-0.8978045395707417;-0.44039415155763423;0.0;1.0;1.0;0.0031547104580812446;0.0006050129645635263;0.004710458081244598;0.8907498178830172;2.654305171837331;0.0019620259236872374;1.0;0.001252050772817546;0.0005180899749589845;0.0029790173560141613;0.9510575248640901;2.851984331586033;0.0013463657706865846;1.0;0.000689952565761104;0.0018111254851228978;0.008624407072013798;1.7419534835339543;3.101660433493615;0.0021858391908109033;-1.0;0.003343048174181382;0.002400137150694325;0.006000342876735814;1.746589558902755;3.260726640991473;0.00327245705793241;False;False;True
2022-03-22;0.0009394081728511038;0.013094209161624891;2469.6428571428573;1.0396039603960396;0.029717323024885237;1.0;6.123233995736766e-17;-0.9680771188662041;-0.2506525322587213;0.7818314824680298;0.6234898018587336;1.0;0.0009811868094364575;0.002388976579497462;0.0036261251653086474;1.0514288858585352;2.675958850281503;0.0023694099695292913;1.0;8.529875890305796e-05;0.0003838444150637608;0.0030281059410585576;0.9530396819271825;3.252569564114452;0.0027084130968080015;1.0;0.002509997447460223;0.0002977963073257892;0.006764230409257211;1.9381717981216522;3.6977662709802734;0.003917303463894394;1.0;0.0018644857832959025;0.0018221111064028136;0.0038560955972710706;1.772832476350042;3.35178899103987;0.004919336995767889;True;False;False
2022-03-23;-0.003933510975764497;0.011646260825050126;2394.285714285714;0.6043956043956044;0.032666010379280026;1.0;6.123233995736766e-17;-0.9987165071710528;-0.05064916883871355;0.9749279121818236;-0.22252093395631434;1.0;0.00059447983014862;0.0012314225053078557;0.0024203821656050956;0.9457246711813714;2.7336978157594416;0.0010845168713103125;1.0;0.00046681378373790525;0.0014004413512137158;0.0028008827024274315;1.2308031505442607;3.2382523350996926;0.0006595249535976126;-1.0;0.0021199016365640636;0.0006359704909692191;0.003179852454846095;1.7005552598497036;3.2648865114006758;-0.00024035742563054363;1.0;0.0014420833863511048;0.0018238113415616915;0.0038596937693514866;2.0178180345397188;3.3139913880132683;-3.7679152595803285e-05;True;False;False
2022-03-24;0.001437996954829978;0.01129511677282378;2420.3571428571427;0.5902255639097744;0.035884984305104395;1.0;6.123233995736766e-17;-0.9884683243281114;0.15142777750457667;0.43388373911755823;-0.900968867902419;1.0;0.0011402990117408566;0.0014781653855899992;0.0026606976940619985;0.7099886712811216;2.6862615749224266;0.00011730975876422574;1.0;0.0015625659867393048;0.0004645466447062798;0.00219603868406605;0.7733829182481845;3.0262557371644627;0.0007178144660727104;-1.0;0.00029555818273940213;0.00033778078027360244;0.0034200304002702246;1.3345638700695015;3.259483172692049;0.0006115862665951307;1.0;0.0002540435261241426;0.0027944787873655686;0.007748327546786349;2.360806273635545;3.478649844647397;0.0009926906129863581;True;False;False
2022-03-25;-8.334375130224612e-05;0.01892051693555199;2432.8571428571427;0.9888392857142857;0.04737523270761448;1.0;6.123233995736766e-17;-0.9377521321470804;0.3473052528448203;-0.433883739117558;-0.9009688679024191;1.0;0.001208585121900396;0.0031256511773286103;0.00491769118566368;1.2817073255890852;2.792315838143392;0.0028322712316214754;1.0;0.0014161356158107377;0.00020825523761922613;0.0023741097088591776;1.0115714365345567;2.9160314096379825;0.0030474974912482584;-1.0;0.0017480334623548508;0.0019561326840637615;0.004411703500228909;1.7934940622798243;2.950985073571024;0.002674811421167093;-1.0;0.0004997709383199367;0.00045812336012660866;0.004206405397526134;1.7950091831216526;3.210573936050838;0.0013045678444917853;True;False;False
2022-03-28;0.0018367006177992986;0.010668889351948322;2251.785714285714;0.73046875;0.04450687307283042;1.0;6.123233995736766e-17;-0.5712682150947924;0.8207634412072763;0.0;1.0;1.0;0.0004583333333333333;0.00375;0.005375;1.0510951076221153;2.6798618708727866;0.0015167489780441067;-1.0;0.0008323968868356432;0.00016647937736712865;0.0029550089482665333;0.9164414697542725;2.946428167510371;0.0010101010101009967;-1.0;0.0004586964680371961;0.00033359743129977897;0.0037529711021225135;1.663520447675893;3.025472129054076;0.0006552349086853072;-1.0;0.00012547051442910915;0.0010037641154328732;0.006733584274362192;2.096274263710315;3.203025841185495;-0.002112307462240154;False;True;False
2022-03-29;0.006700167504187605;0.013916666666666667;2240.3571428571427;0.9790419161676647;0.04322845357872057;1.0;6.123233995736766e-17;-0.3943558551133187;0.9189578116202306;0.7818314824680298;0.6234898018587336;1.0;0.000956738768718802;0.0018718801996672214;0.009858569051580699;1.732965968307796;3.0261448463535325;0.003993005356134851;-1.0;0.0017348919823206245;0.0006196042794002231;0.003717625676401338;1.4259745435917937;3.169671887951892;0.006199904404735709;1.0;0.0038054268696227664;0.001240900066181337;0.005418596955658504;2.063834819162316;3.227266781463032;0.008646314290308555;-1.0;0.0005375454846179292;0.0026463777704267286;0.005954349983460139;2.1875265571080034;3.243914786161387;0.005855712660041543;False;False;True
2022-03-30;-0.002201453790238837;0.01173044925124792;2159.285714285714;0.09574468085106383;0.03968387931668766;1.0;6.123233995736766e-17;-0.20129852008866114;0.9795299412524943;0.9749279121818236;-0.22252093395631434;1.0;0.000999084172841562;0.00012488552160519524;0.006702189659478811;1.267102437947852;2.6460737139463766;0.00012419274714356682;1.0;0.0004139758238118894;0.0002069879119059447;0.0024838549428713363;0.9418266254250576;3.0615061180344103;0.0007529532755762943;-1.0;0.0009090909090909091;0.00020661157024793388;0.006446280991735537;1.9763893198366385;3.3244796832971413;0.000729323898282302;1.0;0.0005816368923971749;0.001080182800166182;0.004320731200664728;2.292700542924278;3.527864024200436;0.0003913335727374952;False;False;True
2022-03-31;-0.0007857733664185277;0.008450586961951544;2087.8571428571427;0.6995073891625616;0.043759625540812294;1.0;6.123233995736766e-17;-2.4492935982947064e-16;1.0;0.43388373911755823;-0.900968867902419;-1.0;0.0022763958445428585;0.0025247299366748066;0.00484251479657299;1.067345981459808;2.7466655098424604;0.0010991537895510468;1.0;0.0012831125827814569;0.0004966887417218543;0.0019039735099337749;0.7531628899710276;3.40355309074246;0.0008139165942418448;1.0;0.0003724703058395067;0.0009518685593676282;0.004097173364234574;2.0450735442775487;3.4350783873981543;0.0008987939652405324;-1.0;0.0014857614527445315;0.0021460998761865455;0.00400330169211721;1.9194229926999815;3.4477638415491216;0.0014679639798337513;False;False;True
2022-04-01;0.0026144333319500354;0.009271139439592731;1911.0714285714287;0.5267857142857143;0.0419721565718426;0.8660254037844387;-0.4999999999999998;0.20791169081775931;0.9781476007338057;-0.433883739117558;-0.9009688679024191;1.0;0.001945364238410596;0.00012417218543046358;0.007119205298013245;1.2900343601139936;2.9951185037166295;0.0008602622884807885;-1.0;0.0014001564880780793;0.0004941728781452044;0.00292385619569246;1.0093400759639053;3.199592790760741;0.002290195216240259;1.0;0.002308516777970154;0.00016489405556929673;0.004287245444801715;1.638344573222144;3.413121152308475;0.004471511261075866;1.0;0.0016871733673511377;0.0005349574091601169;0.0028805398954775525;1.54770355560712;3.3454180204430957;0.0040529487829730725;True;False;False
2022-04-04;0.0019672131147540984;0.011920529801324504;1836.0714285714287;1.0104166666666667;0.05148391786142072;0.8660254037844387;-0.4999999999999998;0.7431448254773941;0.6691306063588582;0.0;1.0;-1.0;0.0004908376963350785;0.0009407722513089005;0.007076243455497382;1.2424127928650324;2.938193785161007;0.0009552538964303538;1.0;0.0006993006993006993;0.00012340600575894693;0.001974496092143151;0.9051901942341152;3.223378331532046;2.2826672510321402e-05;-1.0;0.0012737283260744515;0.0002465280631111842;0.003040512778371271;1.6925682820487764;3.432319746130282;-0.001321390523480906;-1.0;0.00041150569935393603;0.002469034196123616;0.003333196164766882;1.8996494019989127;3.397586743605271;-0.0014271991217236972;False;True;False
2022-04-05;-0.0006994157821114128;0.010348494764397906;1756.7857142857142;0.3241106719367589;0.040298782342032116;0.8660254037844387;-0.4999999999999998;0.8660254037844386;0.5000000000000001;0.7818314824680298;0.6234898018587336;-1.0;0.00041170900407591914;0.0007410762073366545;0.005763926057062868;1.350348880618556;2.913393641969102;-0.0010340406171154403;1.0;0.0002481697481077057;0.00012408487405385284;0.003970715969723291;1.1391958566447375;3.2283903188628504;-0.0019828186247573525;1.0;0.002926145730300033;0.000741839762611276;0.004038905374216947;2.1421923236717575;3.4487875446148006;-0.002421529179655506;1.0;0.0032959789057350032;0.001895187870797627;0.006715557020435069;2.491480374611253;3.1965645051281912;-0.0006079138499229957;False;False;True
2022-04-06;-0.006248689452715454;0.025896496356375313;1792.857142857143;-0.10174880763116058;0.011773998996594827;0.8660254037844387;-0.4999999999999998;0.9510565162951535;0.30901699437494745;0.9749279121818236;-0.22252093395631434;-1.0;0.0017724510465901419;0.003038487508440243;0.005317353139770426;1.674828393773143;2.7800979376887884;-0.00422225975342003;1.0;0.0017310534093308001;0.0008021954823728098;0.003715431707831961;1.3917004714166423;2.9214219641662753;-0.003978127328188395;-1.0;0.002488086703495973;0.00012651288322860878;0.00590393455066841;2.0936882844253626;2.9473181521138088;-0.005312272289213171;-1.0;0.0014808546646921938;0.00029617093293843875;0.005669557859107256;2.194318132804916;3.0883417394291084;-0.005366067762533721;True;False;False
2022-04-07;0.003003257053424136;0.016416272788656313;1786.7857142857142;0.8457583547557841;0.010983013848147895;0.8660254037844387;-0.4999999999999998;0.9945218953682733;0.10452846326765346;0.43388373911755823;-0.900968867902419;-1.0;0.001771255060728745;0.00033738191632928474;0.00784412955465587;1.300617250465617;2.8859105480896337;0.0009190136862345477;0.0;0.0007211028632025451;0.0014422057264050902;0.0021633085896076354;0.9794430455969527;3.100936584025403;-0.00028278543654997653;1.0;0.0;0.0029267051238547675;0.005768578215134035;1.6705143571240753;3.10849275432421;-0.00048405212724458814;1.0;0.0016495368608044664;0.0025800448335659603;0.004398764962145244;1.920495126182221;3.1719133087712;-0.00025843071472543685;False;True;False
2022-04-08;0.00277404169468729;0.016025641025641024;1705.7142857142858;0.9236842105263158;0.015320452804494;0.8660254037844387;-0.4999999999999998;0.9945218953682734;-0.10452846326765333;-0.433883739117558;-0.9009688679024191;-1.0;0.0;0.0008802078967222734;0.007670383100008383;1.0119305174463058;2.9121438008710263;0.00017349388551284625;-1.0;0.0018989745537409798;0.0;0.0029961598514579905;0.9817062083940095;3.0795215064901664;-0.0015865639624669935;-1.0;0.0020700435131595623;0.0016475856533310802;0.003844366524439187;1.4136546377398687;3.312038595607629;-0.0030186092802283165;-1.0;0.0006337671117120162;0.0004225114078080108;0.007605205340544195;1.7546858013899505;3.306294486857505;-0.004749145862572436;True;False;False
2022-04-11;-0.005112820079438857;0.014879704920781289;1724.2857142857142;0.11830985915492957;-0.0003099484975989606;0.8660254037844387;-0.4999999999999998;0.7431448254773945;-0.6691306063588579;0.0;1.0;-1.0;0.0008919091102144829;0.0006370779358674878;0.003779995752813761;1.0988732146634486;2.620450334900955;-0.002161492328357658;-1.0;0.0004256768261535842;8.513536523071684e-05;0.0033628469266133152;1.1298290558604274;2.8950016218565056;-0.00444918771492943;1.0;0.0;0.0012380464480874318;0.0042264344262295086;1.4862331140987297;3.0646849105046057;-0.005940050887696999;1.0;0.0003830928361639637;0.0034478355254756736;0.005405865576980377;1.8557397886084344;3.0857227941802092;-0.0046984936487699195;False;False;True
2022-04-12;0.0037184254391588664;0.009173922276491824;1739.642857142857;0.6203703703703703;-0.005507314501324423;0.8660254037844387;-0.4999999999999998;0.5877852522924732;-0.8090169943749473;0.7818314824680298;0.6234898018587336;1.0;0.00170328734457503;0.0008942258559018906;0.003236245954692557;0.9784541527033238;2.3662140775723475;-0.0009645800530519855;1.0;0.0008936550491510277;0.0;0.008851440486829227;1.8345996692183115;2.7218599965005854;0.0021906986780752557;-1.0;0.0013932868904369855;0.000253324889170361;0.003251002744352966;1.3137001699422124;2.86895841933532;0.005159216813972174;-1.0;0.0007189072609633358;0.0013955258595170635;0.0032562270055398147;1.6375880722349723;2.8374185238238003;0.00617179414808544;False;False;True
2022-04-13;0.019651591864755857;0.021504002725259753;1825.0;1.0910891089108912;0.003443478187434155;0.8660254037844387;-0.4999999999999998;0.40673664307580004;-0.913545457642601;0.9749279121818236;-0.22252093395631434;1.0;0.0019357010604275375;0.0022723447231105874;0.004334287157044268;0.929628116334434;2.3433521127735975;0.0034548370055586487;1.0;0.0011360289477005932;0.0015988555560230572;0.0032397862582572473;1.1183578475425406;2.723407058569165;0.009373349967992368;-1.0;0.001429833045964927;0.001093401741032003;0.004878253921527398;1.6581121339307463;2.8911754447157305;0.013643580772527445;1.0;0.00417298937784522;0.0008008767492834261;0.005100320350699713;1.8326589326341725;3.0145167539324973;0.010901785588850917;False;False;True
2022-04-14;-0.0019750388704458544;0.00980474667564383;1874.2857142857142;0.3905579399141631;4.2107036085729926e-05;0.8660254037844387;-0.4999999999999998;0.20791169081775931;-0.9781476007338057;0.43388373911755823;-0.900968867902419;1.0;0.0005052631578947368;0.0023157894736842107;0.002863157894736842;0.9542236011902316;2.576792584290085;-5.613798717238824e-05;-1.0;0.0009262767883457539;0.0002947244326554671;0.003999831586038482;1.2986795867347272;2.856765703063726;-0.0010367555649378633;1.0;0.0001266624445851805;0.0021110407430863414;0.004686510449651678;1.7957659260343313;2.9341890035606486;-0.0017502234576739794;-1.0;0.0007581181822010698;0.002484942930547951;0.0061491808111864546;2.2856244463664552;3.1164324105023273;-0.002243436306121163;False;True;False
2022-04-18;-0.0013994910941475826;0.010905263157894737;1883.9285714285713;0.1274131274131274;-0.010206054695709926;0.8660254037844387;-0.4999999999999998;-0.587785252292473;-0.8090169943749476;0.0;1.0;-1.0;0.002038476239011339;0.0003822142948146261;0.00322758737843462;1.0148119172696128;2.5131539075099005;-0.0005147531074087217;1.0;0.0010625637538252295;0.0002550153009180551;0.002125127507650459;0.8916296815315469;2.953607885864457;-0.0008588024895834671;-1.0;0.0031425174112451166;0.0015712587056225583;0.005138440631900798;2.153784132260517;2.9560919941157735;-0.0012037273061999449;-1.0;0.0019967711785198405;0.0005098139179199592;0.005905344549239528;1.935804228519591;2.825103078898368;-0.0015109746970945433;True;False;False
2022-04-19;-0.0016580222770172604;0.009682762135303861;1846.0714285714287;0.2807017543859649;-0.01361565748105086;0.8660254037844387;-0.4999999999999998;-0.743144825477394;-0.6691306063588585;0.7818314824680298;0.6234898018587336;-1.0;0.00038325597240557;0.0008090959417450922;0.0036196397393859388;1.0256166944011977;2.649028030419251;-0.0013944619937960256;-1.0;0.0010672358591248667;0.00029882604055496263;0.0020917822838847386;0.9954500572383037;3.0604473997670065;-0.002454051796157032;-1.0;0.00021359306249733008;0.00029903028749626214;0.0036310820624546117;1.8983170678901113;3.0629801241005414;-0.0038376566487639784;1.0;0.00017140898183064793;0.0008998971546109016;0.0047994514912581415;1.7406421326390331;3.252811661741597;-0.0032304430118544037;False;False;True
2022-04-20;0.003805044890979051;0.0114976791721671;1811.4285714285713;0.9518518518518518;-0.013723604010804136;0.8660254037844387;-0.4999999999999998;-0.8660254037844384;-0.5000000000000004;0.9749279121818236;-0.22252093395631434;-1.0;0.0001277737552706674;0.0005536862728395587;0.005962775245964479;1.1943003918525923;2.6542740112362067;0.001774542686552935;-1.0;0.000685048809727693;0.0006422332591197123;0.0017126220243192328;0.9084263253997251;3.067646582323225;0.0008233272892543752;-1.0;0.0008566411102068788;0.0027840836081723564;0.003683556773889579;2.1234039719451965;3.3753919895092643;-0.0001713355606956224;-1.0;4.283205551034394e-05;0.000770976999186191;0.005568167216344713;2.062645141686669;3.298891068229239;-0.0017645033568600447;True;False;False
2022-04-22;-0.010884588804422944;0.014438434345585416;1860.0;-0.7168141592920354;-0.037052455411113426;0.8660254037844387;-0.4999999999999998;-0.9945218953682733;-0.10452846326765423;-0.433883739117558;-0.9009688679024191;-1.0;0.001222707423580786;0.0022707423580786024;0.00611353711790393;1.1082921661890597;2.647733658305406;-0.004076668612570595;1.0;8.756184054988836e-05;0.0014447703690731578;0.002714417057046539;0.8878965760595355;2.8210493399138015;-0.007390239636172818;-1.0;0.0006996676578625153;0.00021864614308203604;0.003148504460381319;1.5476308493348552;2.897984023943009;-0.010338295520396655;1.0;0.000964151108773775;0.0020159523183451663;0.00407572968708914;1.7979857429580053;2.9058577684903186;-0.008560852583091371;False;True;False
2022-04-25;-0.01377447072371335;0.02096069868995633;2031.4285714285713;-0.3770833333333333;-0.06156689291275864;0.8660254037844387;-0.4999999999999998;-0.8660254037844386;0.5000000000000001;0.0;1.0;-1.0;0.0005838235954551579;0.0015269232496519514;0.0031436655139893115;1.2058406401903206;2.600155781553113;-0.003331734899798256;1.0;8.991592860675269e-05;0.0008991592860675268;0.0046306703232477636;1.079900493358826;2.938408688192345;-0.004748253001254255;-1.0;0.0007167495408323254;0.0018366706983828339;0.003180576087443444;1.5676707219340178;2.8949601017461912;-0.007450904219024694;-1.0;0.002241348395194549;0.0006275775506544738;0.005334409180563026;2.2393310673609523;2.881924696489117;-0.005642185572981319;False;True;False
2022-04-26;-0.002802491103202847;0.01827816948848071;2054.6428571428573;0.6191646191646192;-0.052215457466599016;0.8660254037844387;-0.4999999999999998;-0.743144825477394;0.6691306063588585;0.7818314824680298;0.6234898018587336;-1.0;0.0001338270062898693;0.0002676540125797386;0.0051300352411116565;0.9454622859880087;2.6140504039044092;-0.0009312795382447269;-1.0;0.0003137325206167085;0.0007619218357834349;0.0021961276443169596;0.9532537933585716;3.0003715511661913;-0.0033502340676926324;1.0;0.0020639834881320948;0.001166599362857271;0.0049804818952752725;1.7084623485405428;3.1044687080722912;-0.005539132252381336;-1.0;0.0002687569988801792;0.001702127659574468;0.007883538633818589;2.0501345748384825;3.1176522229652237;-0.0060279267236416035;False;False;True
2022-04-27;0.011626310248546712;0.02578400321184815;2192.1428571428573;0.44809688581314877;-0.06139115921440721;0.8660254037844387;-0.4999999999999998;-0.5877852522924734;0.8090169943749473;0.9749279121818236;-0.22252093395631434;1.0;0.002986290213112529;0.0010406768924483055;0.010044794353196688;1.2024380576986722;2.7236629485371537;-0.0006696450881032471;1.0;0.0007196186021408654;0.00040478546370423675;0.004677520913915625;1.2712183594518078;3.0788807828151237;0.004113197587853633;-1.0;0.0008067046116613634;0.0011204230717518934;0.005288396898668938;1.6803463299801908;3.049812739658146;0.009098540036573946;1.0;0.000629581328416603;0.0037774879704996177;0.007015334802356433;2.023712882541518;2.9802496394414835;0.008935735466347697;False;False;True
2022-04-28;0.00968206790957399;0.01189991403103932;2143.9285714285716;1.3041825095057034;-0.04440423904171914;0.8660254037844387;-0.4999999999999998;-0.40673664307580015;0.913545457642601;0.43388373911755823;-0.900968867902419;-1.0;0.0008920208732884349;0.0006690156549663262;0.003746487667811427;0.9072108191275545;2.497119584316482;0.0021505055923077727;-1.0;0.0011621669944573575;0.00022349365278026103;0.004335776863937064;0.884086500610721;2.6920555713468577;0.003601422636659706;-1.0;0.00121049092131809;0.0007621609504595382;0.0046626316969289395;1.3976334534362798;2.931875667202031;0.004070827401912938;-1.0;0.00040460348858119044;0.0017532817838518252;0.0038212551699334653;1.5965143303902607;2.9443321590295204;0.0015710761871881656;False;False;True
2022-04-29;-0.000586087191740679;0.01734980598546006;2117.8571428571427;0.2647814910025707;-0.05135836598104685;0.8660254037844387;-0.4999999999999998;-0.20791169081775898;0.9781476007338057;-0.433883739117558;-0.9009688679024191;1.0;9.022013713460844e-05;0.0009022013713460845;0.016104294478527608;1.435088082691155;2.8531213269210056;-0.0004986989389068968;1.0;0.0018664178109585388;0.0030218193129804916;0.00817668755277074;1.6307423308399192;3.112982948533752;0.002770764740911379;1.0;0.001904508813889627;0.0005314908317831517;0.004561962972805386;1.4777634573941825;3.0540534741509817;0.007631338578037023;1.0;0.001723756906077348;0.00256353591160221;0.004994475138121547;1.4255384318017603;3.0420297607469364;0.008175924699046398;False;False;True
2022-05-02;-0.002568807339449541;0.0448845182244677;2337.5;0.0592964824120603;-0.06474000124735743;0.49999999999999994;-0.8660254037844387;0.39435585511331855;0.9189578116202306;0.0;1.0;1.0;0.0051968359087564385;0.000873804267844003;0.008048197203826343;1.0721039317277508;2.498781527963933;-0.013193392593952531;-1.0;0.0019277550833065589;0.001239271124982788;0.0037178133749483635;0.9329328056000079;2.732380177846498;-0.009761449164434135;1.0;0.0012399540757749713;0.0003673938002296211;0.0045005740528128585;1.3845683221809053;2.79793329381872;-0.006314172034476032;-1.0;0.0010074643952923937;0.002701836332829601;0.013646563172596968;2.1570846049941856;2.8711402858219146;-0.004913146263747544;False;False;True
2022-05-03;-0.0013876040703052729;0.027731788079470198;2426.0714285714284;0.4859038142620232;-0.06639049006931802;0.49999999999999994;-0.8660254037844387;0.5712682150947923;0.8207634412072763;0.7818314824680298;0.6234898018587336;1.0;0.0036591014358499305;0.00041685965724872626;0.005697081982399259;0.9856905978888038;2.60454851607171;0.005574823378291616;-1.0;0.0012947976878612717;0.00036994219653179193;0.003653179190751445;1.1173228446325973;2.8981166453905893;0.0045871559633027525;1.0;0.00018533104758374646;0.002270305332900894;0.006115924570263633;1.6326406167222043;2.898021678162662;0.0038828875963028532;-1.0;0.00046159527326440175;0.003092688330871492;0.00507754800590842;1.7124718493755964;2.86710449662093;0.0025734670919821414;False;True;False
2022-05-04;0.0014839547393804488;0.011162575266327003;2399.285714285714;0.5518672199170125;-0.060369395435856156;0.49999999999999994;-0.8660254037844387;0.7247927872291199;0.6889669190756866;0.9749279121818236;-0.22252093395631434;-1.0;0.0011113169105389886;0.0006482681978144101;0.006575291720689017;0.8316323634067476;2.6411608240611133;-0.0012873007010361346;-1.0;0.00023264470500651406;0.00018611576400521124;0.00265214963707426;0.874204229893251;3.013400994123608;-0.001699517088437036;-1.0;0.0004663309084126096;0.0002331654542063048;0.0038705465398246597;1.4118474844178466;3.0518928969362547;-0.003394253160345869;-1.0;0.00046781437125748503;0.0005145958083832336;0.003929640718562874;1.3092371408346852;3.0773455979627347;-0.00527586188919658;False;False;True
2022-05-05;-0.00782387190684134;0.036210409335062047;2498.214285714286;0.7531969309462916;-0.046153038823827805;0.49999999999999994;-0.8660254037844387;0.8486442574947509;0.5289640103269624;0.43388373911755823;-0.900968867902419;-1.0;0.00178800660187053;0.0009627727856225931;0.008114799193104713;0.8963710482476387;2.576793197692074;0.009075311771785555;-1.0;0.0013367135284627794;4.6093569946992393e-05;0.003042175616501498;0.7744916208659566;2.83200386942259;0.0031395724641026827;-1.0;0.0007849293563579278;0.00018468926031951243;0.0037861298365500047;1.3398014044535247;3.160574376482697;-0.003920297572193624;-1.0;0.0004630058338735068;0.0010649134179090657;0.0101398277618298;1.9324227919504717;3.3441016347016497;-0.008442825414616948;False;False;True
2022-05-06;-0.006411756446857303;0.03841921877865395;2635.714285714286;0.25894988066825775;-0.06654648580913228;0.49999999999999994;-0.8660254037844387;0.9377521321470804;0.3473052528448203;-0.433883739117558;-0.9009688679024191;1.0;0.0026377767310409796;0.0009420631182289214;0.009844559585492229;1.0641053234744342;2.5275980643707046;0.004056858431244006;-1.0;0.006554307116104869;0.002949438202247191;0.012359550561797753;1.6516567019590846;2.437336227477361;0.00292136824368383;1.0;0.0020188741255458002;0.0019719235644865955;0.00615052349875581;1.326191415076784;2.551736999147485;0.001988495874651853;-1.0;0.0009838369641602248;0.002201920824549075;0.016537830873740923;1.8985179812295494;2.6351607135890527;-0.002057613168724326;True;False;False
2022-05-09;-0.014483212639894667;0.02322185586434291;2710.714285714286;-0.11156186612576065;-0.07366932231295373;0.49999999999999994;-0.8660254037844387;0.9680771188662043;-0.2506525322587204;0.0;1.0;-1.0;0.0017177211565989122;0.000572573718866304;0.006966313579540032;0.8976556920105216;2.5420541683777134;-0.0044582933844678815;1.0;0.002013519344167985;0.00023970468382952204;0.003979097751570066;0.7013120441226365;2.651573555052812;-0.007125574964770883;1.0;0.002967359050445104;0.00023930314922944386;0.007083373217191539;1.1155532335456122;2.7656640722130734;-0.010472785061581202;-1.0;0.002717650424334891;0.0014780204062172213;0.008295985505864403;1.866709555389975;2.8109940302651673;-0.008362057959913141;False;False;True
2022-05-10;0.005064258754956762;0.01646149441740624;2801.0714285714284;0.7304347826086957;-0.06426115462798632;0.49999999999999994;-0.8660254037844387;0.8978045395707416;-0.4403941515576344;0.7818314824680298;0.6234898018587336;-1.0;0.0009507058991301041;0.001140847078956125;0.0063221942292151926;0.7868135966851355;2.46405754190961;0.00012199520505805815;1.0;4.773953310736621e-05;0.0008593115959325918;0.0042488184465555925;0.8247693311835408;2.70899708616171;0.0015014300592642244;-1.0;0.0019984773505900264;0.0015226494099733537;0.004425199847735059;1.2491358060606523;2.8563681265378174;0.002169622115328676;-1.0;0.0013335238367385817;0.00561985045482688;0.008477401533552413;1.943340552179189;2.9770129907055325;0.0021835334022312475;False;False;True
2022-05-11;0.008767727098505174;0.017968341493558967;2828.9285714285716;0.9920634920634921;-0.057604511682033836;0.49999999999999994;-0.8660254037844387;0.7907757369376989;-0.6121059825476626;0.9749279121818236;-0.22252093395631434;1.0;0.0018047969603419616;0.0030871526953217764;0.006649251959154595;1.0366332696152658;2.3399140840041923;0.002813072887034625;-1.0;4.741134079271762e-05;0.001611985586952399;0.013180352740375498;1.8063714961718218;2.540762888208683;0.002408855207550573;1.0;0.0007194589668569236;0.0005276032423617439;0.011079668089596623;1.6407953115318061;2.984767073919472;0.004459432359118956;1.0;4.749916876454662e-05;0.0028024509571082505;0.010972307984610269;2.1178443008844017;2.9648577422637383;0.004559827449009522;False;False;True
2022-05-12;-0.010842289664315137;0.022274994063167894;2875.3571428571427;0.16417910447761194;-0.060112829648824466;0.49999999999999994;-0.8660254037844387;0.6513724827222223;-0.7587581226927909;0.43388373911755823;-0.900968867902419;1.0;0.003302699597932223;0.002010338885697875;0.005408768906758568;0.8920947783913589;2.4315335654517582;-0.0020101464535273285;0.0;0.002057908590571907;0.002297200287150036;0.004355108877721943;1.0589684146430791;2.763256511631503;-0.0037169976868468868;1.0;0.0030149310872894333;0.0010049770290964778;0.009236217457886676;1.4415080993905856;2.9127502227268067;-0.005379671506784099;-1.0;0.0025232087598190908;0.004522732682694597;0.007188764579861937;2.0697807010567364;2.830167987702861;-0.0030737813329946334;True;False;False
2022-05-13;0.010425432445067788;0.026708788052843192;2823.214285714286;1.3727598566308243;-0.02346785707831053;0.49999999999999994;-0.8660254037844387;0.48530196253108104;-0.8743466161445821;-0.433883739117558;-0.9009688679024191;-1.0;0.00046268449544255774;0.001017905889973627;0.008050710220700504;0.8164062033739597;2.5589187923165344;0.005749357013853417;-1.0;0.0006986492780624127;0.0006054960409874244;0.002095947834187238;0.5829974964618668;2.779518307272961;0.005692029604769142;1.0;0.0013517922901225936;0.0015382463991050204;0.003682468652402927;1.024718943121292;2.8551940768587434;0.005511566526936721;1.0;0.0001863064741499767;0.0;0.007871448532836516;1.763384645338561;2.844698862303074;0.00575713221888404;True;False;False
2022-05-16;-0.001716778025241277;0.015823809744135473;2808.5714285714284;0.2777777777777778;-0.02294035235908929;0.49999999999999994;-0.8660254037844387;-0.10116832198743204;-0.9948693233918952;0.0;1.0;1.0;0.0006042296072507553;0.0;0.005019753660237044;0.8606690682903246;2.36664287705262;-0.002108077536120004;1.0;0.0015271414688324309;0.0007404322273126938;0.002822897866629645;0.9084581961721855;2.7735145929023797;-0.0011871174629603486;1.0;0.00037001063780583694;0.0031913417510753433;0.0050876462698302575;1.6715017706280877;2.8158674865683233;0.0003951027780343679;1.0;0.003740648379052369;9.236168837166343e-05;0.005126073704627321;2.0828252017132924;2.7829670091472667;0.0011222826922486072;False;True;False
2022-05-17;0.009240622140896614;0.02068324424819893;2739.6428571428573;1.2292134831460675;0.005828810325451408;0.49999999999999994;-0.8660254037844387;-0.2993631229733582;-0.9541392564000488;0.7818314824680298;0.6234898018587336;1.0;0.0007252289003716798;0.0033088568579457893;0.006436406490798658;1.1494203147791355;2.538520698099885;0.0011756726203933981;-1.0;0.0018990775908844276;0.0015825646590703563;0.0037077229155362632;1.0827071528958994;2.7286504836450223;0.004397007020135765;-1.0;0.001221111663877708;0.00212563882230564;0.004748767581746642;1.370158005643506;2.9700171642567357;0.006738123993558791;1.0;0.0016757246376811594;0.0015398550724637682;0.004076086956521739;1.9330775570121415;2.8591089364252906;0.005651336661789565;False;False;True
2022-05-18;-0.007178555202180827;0.014187290363520986;2675.0;0.022364217252396165;-0.0002996539111697711;0.49999999999999994;-0.8660254037844387;-0.4853019625310808;-0.8743466161445822;0.9749279121818236;-0.22252093395631434;1.0;0.00041186161449752884;0.0014186344499359327;0.006864360241625481;0.9751872634024528;2.5649849059027554;0.0010624411862913848;-1.0;0.00022767633532170666;0.0007740995400938027;0.0039160329675333545;1.0894122385277567;2.952855691695812;0.00040594094574099217;-1.0;0.00036536353671903543;0.00022835221044939714;0.007626963829009865;1.5652556426840007;2.8680782585853324;-0.0026472061243471715;1.0;0.0004139453592125839;0.0013798178640419465;0.002529666084076902;1.5548890358267307;2.9276536574278342;-0.005035185014962598;False;False;True
2022-05-19;-0.003599308184920301;0.028189639392275305;2770.0;-0.0633116883116883;-0.020345884634651885;0.49999999999999994;-0.8660254037844387;-0.651372482722222;-0.7587581226927911;0.43388373911755823;-0.900968867902419;1.0;0.0034715706511540627;0.0007506098705197974;0.007224620003753049;1.019302660502575;2.539733312779405;-0.0009926203097390973;1.0;0.00037418147801683815;0.0023386342376052385;0.006969130028063611;1.514329434722422;2.724194359450775;4.657444925713753e-05;-1.0;0.0019096413600372612;0.0024685607824871916;0.004843968327899395;1.6605926330392038;2.8938283378468976;0.0008905457181319853;1.0;0.004426840633737186;0.001537744641192917;0.006943150046598323;2.0940478767774935;2.9005340136593403;0.0024000537943090774;False;True;False
2022-05-20;0.007324309289820137;0.016607243385250516;2541.0714285714284;1.2146892655367232;0.0023201428064041477;0.49999999999999994;-0.8660254037844387;-0.7907757369376986;-0.6121059825476627;-0.433883739117558;-0.9009688679024191;1.0;0.0010124252185918085;0.0018867924528301887;0.006442705936493327;1.025851629667687;2.4775427890686688;0.0018291781945653962;1.0;0.00380629184628084;0.000642025130697973;0.004906906356048794;0.9391222693131452;2.9485305815483853;0.004675467546754675;1.0;0.0016043270993766044;0.0013292995966263292;0.003667033370003667;1.2789630067811244;2.8290593110553868;0.007583160294776301;1.0;0.0005038706426641015;0.0014199990838715587;0.004672255050158032;1.7119324644509395;2.7612893545634662;0.007237880610499598;False;False;True
2022-05-23;0.005849556713280322;0.01421997238840313;2456.0714285714284;1.2362459546925566;0.016867714796557156;0.49999999999999994;-0.8660254037844387;-0.9987165071710528;-0.05064916883871355;0.0;1.0;1.0;0.0016810540663334847;0.00045433893684688776;0.005361199454793276;0.9479061778238324;2.5288401755102767;0.005625751651746836;-1.0;0.00018115942028985507;4.528985507246377e-05;0.002490942028985507;0.6867945694663491;2.8266177985431535;0.00627427245675088;1.0;0.0022696323195642307;0.0007716749886518384;0.0037675896504766227;1.1651850297753177;2.770973972273377;0.0071517130847622516;-1.0;0.0026308627415404153;0.0003628776195228159;0.004672049351356255;1.8630844609105592;2.888989961669369;0.004553692681276837;True;False;False
2022-05-24;-0.011215791834903545;0.01522035438437074;2520.3571428571427;0.21492537313432836;0.018700832894238146;0.49999999999999994;-0.8660254037844387;-0.9884683243281114;0.15142777750457667;0.7818314824680298;0.6234898018587336;-1.0;0.0013611615245009074;0.000544464609800363;0.005762250453720508;1.1080087752191925;2.6560956604281483;-0.0028897492345453793;1.0;0.0008653670978320277;0.0006376389141920204;0.00218619056294407;0.814583344732451;2.9786584295693075;-0.005896661761210514;1.0;0.0023666484616785;0.001001274349171673;0.0070999453850355;1.9205290732848348;3.0154848696323575;-0.008353233981237957;-1.0;0.0010429420033555524;0.003899696186459892;0.007436629936970027;2.202513587162173;2.9457124401973025;-0.006384418785546264;False;False;True
2022-05-25;-0.004938715036142414;0.021823956442831215;2412.8571428571427;0.7027027027027027;0.023378446393033103;0.49999999999999994;-0.8660254037844387;-0.9377521321470804;0.3473052528448203;0.9749279121818236;-0.22252093395631434;-1.0;0.0004060822090872174;0.0012633668727157876;0.0037449803726932276;0.8047610471295735;2.528700776394176;0.004119505860248334;-1.0;0.0019442058145318082;0.0014920649274313875;0.0034814848306732376;0.8437068928498257;2.764952756887966;0.0014619883040934796;-1.0;0.003074697051908121;0.00022608066558147947;0.00583288117200217;1.5335771324871366;2.8518774078546376;-0.0018787146167020268;1.0;0.0009519492293744334;4.533091568449683e-05;0.006708975521305531;1.7731811462105234;2.8408474731989575;-0.0015925959313681738;True;False;False
2022-05-26;0.005455611163713423;0.01326535216351577;2171.0714285714284;0.8333333333333334;0.029768625305063183;0.49999999999999994;-0.8660254037844387;-0.848644257494751;0.5289640103269624;0.43388373911755823;-0.900968867902419;-1.0;0.0036771300448430492;0.0001345291479820628;0.004573991031390135;0.6718401439121702;2.4231171226560098;-0.00036899081013426824;-1.0;0.00022437623406928737;0.0005833782085801471;0.0032310177705977385;0.8542783086264841;2.744025152245623;-0.000384865297146028;1.0;0.001799370220422852;0.0018443544759334234;0.003688708951866847;1.2881039822431462;2.8051842060196086;0.00015493879917429705;1.0;0.0004498223201835275;0.0013494669605505826;0.010750753452386307;2.063563485018644;2.9011161525267632;0.0014365680883736914;True;False;False
2022-05-27;-0.003018465909090909;0.016547085201793724;2130.3571428571427;0.7344173441734417;0.03632680745823086;0.49999999999999994;-0.8660254037844387;-0.72479278722912;0.6889669190756865;-0.433883739117558;-0.9009688679024191;1.0;0.00035618878005342833;0.003027604630454141;0.004185218165627782;0.8246438547692391;2.475547599906539;-0.0003707328647270355;-1.0;0.0035591938425946525;0.0006228589224540642;0.004493482226275748;1.4025300443293882;2.8594106084007476;-0.0006428324185333243;1.0;0.00022251891410769915;0.0014241210502892747;0.002892745883400089;1.5571561291386216;2.9792622730278793;-0.0012050453867504848;1.0;0.0020447170733875627;0.0017335644752633685;0.004489487487220519;1.9223872096821593;2.9908540242903126;-0.0005873149834416515;False;True;False
2022-05-30;0.0066239886191873385;0.009973285841495993;2038.5714285714287;1.1205357142857142;0.04310050950367156;0.49999999999999994;-0.8660254037844387;-0.20129852008866114;0.9795299412524943;0.0;1.0;1.0;0.0014574040542330963;0.00030914631453429314;0.004416375921918474;0.9021967785442692;2.694741493198129;0.0008564702657994008;-1.0;4.404510218463707e-05;0.0;0.002642706131078224;0.719909721525219;2.8809935231282324;0.0021098599151149525;-1.0;0.0013247957606535659;0.00022079929344226098;0.005387502759991168;1.6298390234242808;2.9036350419958508;0.003117888701717098;-1.0;0.00177320684457842;0.000443301711144605;0.0028814611224399324;1.3419220839205561;3.0644973714903903;0.0009069087718779133;False;False;True
2022-05-31;0.0025674519165803343;0.023627611182263836;2094.6428571428573;0.10654205607476636;0.02399425849207207;0.49999999999999994;-0.8660254037844387;-2.4492935982947064e-16;1.0;0.7818314824680298;0.6234898018587336;1.0;0.00022463833228502113;8.985533291400844e-05;0.007323209632491688;1.4848251356472617;2.6804499300856084;-0.00025281817911420077;1.0;0.0007138395645578656;0.0009369144284821987;0.002721513339876863;1.5324244868512358;3.036119148280972;0.0013667290608194;-1.0;0.0020055263392459222;0.0010250467956145824;0.0031197076388269898;2.135121584917407;3.005609125300014;0.004219409282700508;-1.0;0.0011142309577929312;0.0020056157240272766;0.004234077639613139;2.224026492079823;2.791085505202108;0.003762865131774558;False;True;False
2022-06-01;0.0033542039355992843;0.01190583161110612;2031.4285714285713;0.7811320754716982;0.030250846679295104;1.2246467991473532e-16;-1.0;0.20791169081775931;0.9781476007338057;0.9749279121818236;-0.22252093395631434;-1.0;0.0020057945174949856;0.0023623802094940942;0.005170492533987074;1.1026080828999225;2.637764959247692;0.0010706160503189544;1.0;0.0;0.0006245260293527234;0.001382879064995316;0.7736323323682052;3.0476580054156823;0.0020108367260011366;-1.0;0.0003120402977755984;0.002719208309187358;0.004903490393616547;2.294604139789787;3.1186502261219124;0.0026548365166559687;1.0;0.001518467241302309;0.0016971104461614042;0.005403956946987629;2.071842415122454;3.0530073781226865;0.0027480689245394695;False;True;False
2022-06-02;0.00281539080305671;0.011321595720971696;1922.857142857143;0.8110236220472441;0.029551429397271962;1.2246467991473532e-16;-1.0;0.40673664307580015;0.9135454576426009;0.43388373911755823;-0.900968867902419;1.0;0.0012477718360071302;0.002629233511586453;0.006149732620320855;0.94399063113442;2.4287728681296077;-0.0003260563484652258;1.0;0.00017784891734471566;0.0008003201280512205;0.002712195989506914;0.8193113719564112;2.9923757606370054;0.0017211619075800312;1.0;0.0013760042611744862;0.0006658085134715255;0.004083625549292024;1.902982854386097;3.184931273453706;0.0038341331364587466;-1.0;0.0008416762647293347;0.001594755027908213;0.010631700186054754;2.1236689077933413;3.0973484383684253;0.0027195894809454463;False;True;False
2022-06-03;-0.005626190581668365;0.01501782531194296;1910.357142857143;0.41839762611275966;0.02698547780492492;1.2246467991473532e-16;-1.0;0.5877852522924731;0.8090169943749475;-0.433883739117558;-0.9009688679024191;-1.0;0.0014701951349906442;0.0018711574445335472;0.005301612759511717;1.0360234927916057;2.6056232548678784;-0.0024898570564136284;1.0;0.0013391661458798322;0.0021426658334077315;0.00374966520846353;1.0871862812631914;2.7861975089751088;-0.003391645840771153;-1.0;0.002409853623705819;0.00026776151374509105;0.005756872545519457;1.7732159836847858;3.021289103851443;-0.005471248588666543;1.0;4.4764761179999104e-05;0.0014324723577599713;0.004924123729799902;1.858716505682944;2.970568124838558;-0.004317352684590386;False;False;True
2022-06-06;0.007293064876957495;0.0103359173126615;1867.857142857143;1.146551724137931;0.027502920987293705;1.2246467991473532e-16;-1.0;0.9510565162951535;0.30901699437494745;0.0;1.0;-1.0;0.0015102385288499978;0.00039976902234264646;0.0038644338826455825;0.8770255419518709;2.672495943646365;0.001987924102837941;-1.0;0.0002670464660850988;0.0004895851878226812;0.002759480149546021;0.7361251711157037;3.267595588798708;0.003092063208907564;-1.0;0.0007135530482094278;0.0014271060964188556;0.002809615127324622;1.3769411720851965;3.1172550768841285;0.003441231306279561;-1.0;0.002454590083456063;0.0021421877091980183;0.005935645110902843;2.179804012449684;3.0928585927552548;0.001688241398658359;False;False;True
2022-06-07;-0.0045171198843617305;0.02203171500910585;1933.2142857142858;-0.02620967741935484;0.0030608877712413095;1.2246467991473532e-16;-1.0;0.9945218953682733;0.10452846326765346;0.7818314824680298;0.6234898018587336;1.0;0.0011344042109084308;0.0024049369271258733;0.006216535075778201;1.2568083971836832;2.65918672996496;0.00019107671730198212;-1.0;4.525501199257818e-05;0.0006788251798886726;0.006742996786894148;1.5404194652577037;2.8164931201642305;-0.0014619883040934937;1.0;0.002276556026043801;0.0017757137003141647;0.00537267222146337;2.1675574028176237;3.0414201616682286;-0.0027333171658381413;1.0;0.004183149183831219;0.001273132360296458;0.008048015277588324;2.393973025103629;3.1331779187489017;-0.003219954648526077;False;True;False
2022-06-08;-0.0020389669234254643;0.009892004719121517;1777.142857142857;0.463302752293578;-0.00025646088517588;1.2246467991473532e-16;-1.0;0.9945218953682734;-0.10452846326765333;0.9749279121818236;-0.22252093395631434;-1.0;0.000681044267877412;0.0001362088535754824;0.008308740068104427;1.330390591307166;2.6476283402284495;-0.00242451967063129;1.0;0.0012808783165599268;0.000777676120768527;0.002241537053979872;1.0352336536537472;2.9771019151537104;-0.004533073139000617;1.0;0.000686027898467871;0.001372055796935742;0.00489366567573748;1.763383909592789;3.0968674160173713;-0.006055446608189816;1.0;0.0010489829426251938;0.00027364772416309404;0.0070692328742132625;1.998542110976518;3.2506334860302917;-0.0028165749642260294;False;False;True
2022-06-09;0.0028936248392430644;0.019614074914869467;1805.0;0.4444444444444444;-0.010343014612567532;1.2246467991473532e-16;-1.0;0.9510565162951536;-0.30901699437494734;0.43388373911755823;-0.900968867902419;-1.0;0.00247309365697275;0.0008701625830089306;0.010396152965422487;1.4726453268818658;2.6869126629531204;-0.0007584726001772888;-1.0;0.0014297574024536481;0.003874181348584079;0.006825938566552901;1.7831193346727388;2.882462649862876;-0.0010418751700104487;-1.0;0.0003233405700032334;0.0010162132200101622;0.005635364220056354;1.8602982853797694;2.9830296245859826;-0.0029226201521618113;1.0;0.000278344776396363;0.003943217665615142;0.009695676377806644;2.1269008411959542;3.1412580754377792;-0.0028605702685244993;False;True;False
2022-06-10;0.0013462699039041828;0.020929700022899015;1837.857142857143;0.30196936542669583;-0.022688399805172003;1.2246467991473532e-16;-1.0;0.8660254037844387;-0.4999999999999998;-0.433883739117558;-0.9009688679024191;-1.0;0.0016689847009735744;0.0010199350950394065;0.006258692628650904;1.2939522359997713;2.319507732051236;-0.001768017494067836;-1.0;0.0003257025870091197;0.0020938023450586263;0.014284384887399963;2.3867543084520495;2.535402726524139;-0.004096623816923294;-1.0;0.0011300499105377155;0.002354270646953574;0.015302759205198229;1.9540098658428935;2.885577320769196;-0.009513826019281732;1.0;0.0001906032593157343;0.0015248260745258744;0.00719527303916897;1.648063194243581;2.800461129108634;-0.012900915701730813;False;False;True
2022-06-13;-0.017543859649122806;0.03101529902642559;1926.4285714285713;-0.3243647234678625;-0.06021730207074223;1.2246467991473532e-16;-1.0;0.40673664307580004;-0.913545457642601;0.0;1.0;1.0;0.0003861003861003861;0.004584942084942085;0.006467181467181467;1.051977494423381;2.554453551041235;-0.005750726872600564;-1.0;0.0018311488049344642;4.818812644564379e-05;0.003999614494988435;1.2251817596291106;2.8007956394565294;-0.009894190114394944;-1.0;0.004877342090013522;0.0009175197991114545;0.0070504152984353875;1.6647004374649006;2.8705090664925446;-0.014011110036639499;-1.0;0.003287883183444541;0.0005318634561454405;0.01228121071463108;2.0321881175034995;3.047425230034307;-0.014309476980759926;False;True;False
2022-06-14;0.0019455252918287938;0.022055984555984558;2018.2142857142858;0.5426695842450766;-0.06289733039465215;1.2246467991473532e-16;-1.0;0.20791169081775931;-0.9781476007338057;0.7818314824680298;0.6234898018587336;-1.0;0.003883495145631068;0.00014563106796116506;0.007378640776699029;1.105131977902928;2.6600929359885983;-0.00048706833568749696;1.0;0.003652834599649328;0.0009253847652444964;0.005113968439509059;1.4404298732795666;2.8853092811015637;0.00027584416427326564;1.0;0.0048189252336448595;0.00019470404984423675;0.006376557632398754;1.7190327889863468;2.878392648492888;0.0006427290599952313;1.0;0.0008750182295464489;0.004666763890914394;0.005784842739779301;1.9719076083100053;2.9023849892618965;0.0012474079834110467;False;False;True
2022-06-15;0.027383168413833644;0.020485436893203885;2063.9285714285716;1.6943127962085307;-0.042453379354741506;1.2246467991473532e-16;-1.0;5.66553889764798e-16;-1.0;0.9749279121818236;-0.22252093395631434;-1.0;0.00014304105278214847;0.0017641729843131644;0.0050541171983025795;0.7047234460284901;2.584765373819361;0.005601526336208562;1.0;0.0003348000765257318;0.00014348574708245647;0.010283145207576047;1.3079767388172447;2.992516764313961;0.013440902656078156;-1.0;0.00023683213338385753;0.0009473285335354301;0.005305039787798408;1.2132414059831793;2.8428614931118066;0.01984938565200163;1.0;4.756468797564688e-05;0.0020452815829528157;0.00989345509893455;1.6435049358265312;2.9487632120192253;0.019979862815430027;False;False;True
2022-06-17;-0.019688035000951114;0.021170075811757973;2219.285714285714;-0.38288288288288286;-0.05805909178143535;1.2246467991473532e-16;-1.0;-0.4067366430758002;-0.9135454576426009;-0.433883739117558;-0.9009688679024191;-1.0;0.003007664693897351;0.0015523430678179879;0.0048025613660619;0.9371208961887255;2.4681560709590507;-0.004539548525185899;-1.0;0.0018438546266194382;0.0016012421757484593;0.00397884419428405;0.8235154102018791;2.6902063284890207;-0.008997637311065846;-1.0;0.001553548888241577;0.000873871249635887;0.013205165550053403;1.901000206321938;2.8016618578418355;-0.016211883261353272;1.0;0.001521323060313098;0.003484320557491289;0.00780291505128331;1.708684071290526;2.807010782638612;-0.016454058051395805;False;False;True
2022-06-20;0.0011841910494893176;0.02973707189288833;2483.9285714285716;0.3719412724306688;-0.07004562464051405;1.2246467991473532e-16;-1.0;-0.8660254037844384;-0.5000000000000004;0.0;1.0;-1.0;0.003154107732492238;0.001971317332807649;0.007146025331427727;0.898795046866126;2.607635061894829;0.001300411522633649;1.0;0.0026171547084094613;0.00024690138758579825;0.003654140536269814;0.9248580506265063;2.850954932897487;-0.0002357417367039079;-1.0;0.0030590092757055458;0.0007400828892835998;0.010311821590684823;1.961609506768757;2.7460594052527756;-0.0024886328521609258;1.0;0.0008938769429408551;0.0050653026766648455;0.0068033967323831756;1.5906877233271939;2.7383803206871518;-0.0038205815222784557;False;True;False
2022-06-21;0.007371007371007371;0.020846680794440884;2443.9285714285716;1.099290780141844;-0.05715698336227018;1.2246467991473532e-16;-1.0;-0.9510565162951535;-0.30901699437494756;0.7818314824680298;0.6234898018587336;1.0;0.0021463414634146343;0.0011707317073170731;0.0034146341463414634;1.0558484528984797;2.712423391946847;0.0005636306485004488;-1.0;0.0006341154090044388;0.0012682308180088776;0.003804692454026633;1.0954999623293027;3.1686319235031832;0.0024164033058568955;1.0;0.004838236731502297;0.0024924249828951225;0.008063727885837162;2.1416755903916753;3.1719391617903705;0.004085884976640553;-1.0;0.0014162230795526688;0.0038091517312106265;0.006543927333105435;1.9770176846166048;3.010186659042467;0.0030154849225753396;False;False;True
2022-06-22;-0.018965685795287908;0.019853658536585366;2485.0;-0.24324324324324326;-0.07302845345397357;1.2246467991473532e-16;-1.0;-0.9945218953682733;-0.10452846326765423;0.9749279121818236;-0.22252093395631434;-1.0;0.002391629297458894;0.0028898854010961633;0.007075236671649228;1.2837379777237794;2.5733249124418673;-6.655352567292568e-05;1.0;4.991763590076374e-05;0.003843657964358808;0.006389457395297758;1.1956929442056463;2.858081035717545;-0.0026777761179992083;-1.0;0.0007469375560203167;0.002091425156856887;0.006573050492978787;2.0179170602279384;2.83841046045982;-0.009052387220028464;1.0;0.002898985355125706;0.002649072824511421;0.009096816114359974;2.110155062992843;2.7620535818017053;-0.007526203362442096;True;False;False
2022-06-23;0.00669576430909632;0.024115595416043845;2574.285714285714;0.7086776859504132;-0.057951507500371306;1.2246467991473532e-16;-1.0;-0.9945218953682734;0.10452846326765299;0.43388373911755823;-0.900968867902419;-1.0;0.0004926836478297285;0.0013795142139232399;0.003350248805242154;0.9527292309805823;2.591498266745475;-0.004067915549634712;1.0;0.0005427274521413065;0.0026642984014209592;0.006364712847838958;1.3745210005431177;2.9391474851239607;-0.0016886353203489231;-1.0;0.0034426793881866917;0.0025574189740815425;0.006098460630502139;2.005696813554278;2.943774711777279;0.0012843003841971573;-1.0;0.0003443018051251783;0.003885691800698441;0.009542078599183513;2.434499546880446;2.933931855085867;0.001357090661348302;False;True;False
2022-06-24;0.008064516129032258;0.027738089372813718;2655.0;0.2841918294849023;-0.06667008887634078;1.2246467991473532e-16;-1.0;-0.9510565162951536;0.30901699437494723;-0.433883739117558;-0.9009688679024191;1.0;0.00055;0.00015;0.0085;1.0274832332478576;2.644573294397832;0.0004465171661043858;1.0;0.0015876165905933718;0.0012899384798571146;0.003621750347291129;0.9046674658284816;3.131027511613028;0.003200414236059357;-1.0;0.0005949429846306396;9.915716410510659e-05;0.010262766484878533;1.738852914754512;3.2921460190505667;0.005417341053322416;1.0;0.0009510937578214948;0.0032537418030735344;0.006757771437152726;1.8417217403088486;3.184037761868435;0.002918136830659267;True;False;False
2022-06-27;0.004970178926441352;0.0148;2670.0;1.0405405405405406;-0.051071767977191936;1.2246467991473532e-16;-1.0;-0.5877852522924734;0.8090169943749473;0.0;1.0;-1.0;0.0018793273986152325;0.0014342235410484668;0.005044510385756677;1.0085257747737018;2.467618103881448;0.001937632455343691;-1.0;0.0007431260837255387;0.00019816695566014366;0.0027743373792420115;0.7854984207448877;2.8757356750375798;0.0029007566232104325;1.0;0.005310964411574924;0.000595622176999057;0.011763537995731375;2.3571906261603925;2.845634532114752;0.0039202785316776075;1.0;0.0007894996545939011;0.0007401559261817822;0.008585808743708675;2.0346392916211906;2.821473380677025;0.0058688704874211425;True;False;False
2022-06-28;0.004516975083782603;0.02245301681503462;2660.3571428571427;1.2048458149779735;-0.025031820110309716;1.2246467991473532e-16;-1.0;-0.40673664307580015;0.913545457642601;0.7818314824680298;0.6234898018587336;-1.0;0.004254907649163524;0.0004351610095735422;0.006043902910743641;1.233902694514857;2.801254596118208;0.003093293739173409;1.0;0.0037765081824343953;0.0022271714922048997;0.006729931248184371;1.6396244524249446;3.032600601803669;0.004838163433160772;1.0;0.002951279694228071;0.0015482122986114472;0.006337994097440612;2.0059015717728;2.8439020463945806;0.005548311628381108;1.0;0.0019316206297083252;0.0028008499130770716;0.006229476530809349;2.08296425931583;2.8837433101175907;0.005459386769961035;False;False;True
2022-06-29;9.793360101850946e-05;0.02345034329368533;2755.714285714286;0.26804123711340205;-0.0331399518558231;1.2246467991473532e-16;-1.0;-0.20791169081775898;0.9781476007338057;0.9749279121818236;-0.22252093395631434;1.0;0.0014198981590285938;0.0008813160987074031;0.009645515080297689;1.4150272325341207;2.6809252302418316;0.002694879189483999;-1.0;0.003159480872988869;0.0006805035726437564;0.008166042871725076;1.560405866822655;2.9650059443537513;0.0029562368461021385;-1.0;0.003954305799648506;0.0010251903925014645;0.005272407732864675;2.0427389747431683;3.0036752641596114;0.0033369144122147817;-1.0;0.0012208819651316112;0.004150998681447478;0.0076671387410265175;2.427638261033666;3.061442957187368;0.0007940392668733185;False;False;True
2022-06-30;-0.010627780523974296;0.02472581276929103;2781.785714285714;-0.23366336633663368;-0.04770061210750064;1.2246467991473532e-16;-1.0;-1.133107779529596e-15;1.0;0.43388373911755823;-0.900968867902419;-1.0;0.002598051461403947;0.0013489882588058955;0.009642767924056958;1.483497256933286;2.3822328488052937;-0.004159478306506111;-1.0;0.0028640337654507087;0.00015073861923424781;0.005828559943724249;1.2929474233011737;2.5477787405196666;-0.008151656645055835;1.0;0.0011085357250831401;0.001562027612617152;0.007356646175551748;1.6770968022904362;2.7610052288339366;-0.011200829195713496;1.0;0.0013040425318487311;0.004413682415488012;0.005968502357307654;1.96186979406346;2.6672303669137625;-0.008741580170151501;False;True;False
2022-07-01;-0.0006545820745216516;0.016237821633774668;2766.785714285714;0.09846153846153846;-0.05000550457837323;-0.4999999999999997;-0.8660254037844388;0.20129852008866006;0.9795299412524945;-0.433883739117558;-0.9009688679024191;-1.0;0.0028719705748979697;0.0019146470499319796;0.006701264674761929;1.1439398372419534;2.610519602500029;-0.005362321279328684;1.0;0.0025745873087990308;0.0009591599777878742;0.0037356757029632995;1.1813322720835526;2.8356817311186853;-0.006017373553839495;1.0;0.0016655731085650836;0.0025740675314187655;0.0071165396456871755;1.6786716870966136;2.891826040983706;-0.0046916065537102114;1.0;0.0034222445898339205;0.002365374937091092;0.006643180674383493;1.9055676629155673;2.8722305573594284;-0.002581250733309916;False;True;False
2022-07-04;-0.005163340283983716;0.021867284728170504;2682.8571428571427;0.7511520737327189;-0.035250106523063145;-0.4999999999999997;-0.8660254037844388;0.7247927872291199;0.6889669190756866;0.0;1.0;-1.0;0.0034933626110390257;0.0005988621618924045;0.008334165086335962;0.8327925288609412;2.71279282446929;0.00026729480946896723;-1.0;0.0005011777677542224;0.0005011777677542224;0.001854357740690623;0.7558219967039486;2.984988745719837;-0.001733324415908572;1.0;0.0016552969502407705;0.0017054574638844303;0.004564606741573034;1.5652146347670222;2.946091262544519;-0.004653751948341208;-1.0;0.0041080106207103855;0.0010019538099293622;0.005510745954611492;1.4229708103849665;2.9471417677228344;-0.004076245844401058;True;False;False
2022-07-05;-0.0037185929648241205;0.012276674318794291;2507.1428571428573;-0.3008130081300813;-0.039793874847742966;-0.4999999999999997;-0.8660254037844388;0.8486442574947509;0.5289640103269624;0.7818314824680298;0.6234898018587336;-1.0;0.00040351054171290223;0.004085544234843135;0.005497831130838293;1.211886959995797;2.7053319961339;-0.004796526305160052;-1.0;0.0013631544403493714;0.0019690008582824254;0.003988488918059272;1.4896734521432509;3.1791589175426904;-0.006219617617010685;-1.0;0.0014651644520790178;0.00010104582428131157;0.003334512201283282;1.6560774629915684;2.92399812822481;-0.0068551697765180586;-1.0;0.0006073181841186294;0.0025304924338276228;0.008755503821043575;2.3191112498557884;2.9980523468343323;-0.007125407166123778;False;True;False
2022-07-06;-0.0036683417085427135;0.02017552708564511;2499.285714285714;0.6975;-0.03451298345568095;-0.4999999999999997;-0.8660254037844388;0.9377521321470804;0.3473052528448203;0.9749279121818236;-0.22252093395631434;-1.0;0.0010591617491299743;0.0015130882130428205;0.004488828365360367;1.1900456209233925;2.6045636320865677;0.0016170599828187378;1.0;0.001869820092985648;0.00035374974732160905;0.003941782898726501;1.1834865717460796;2.9364731557244452;0.00011210888014437992;1.0;0.00010089799212995662;0.0008576329331046312;0.012914942992634447;2.2155165061227327;2.8500214265770185;0.0008198038010092128;-1.0;0.001196470412283763;0.002143676155341742;0.0063811755321800685;2.015622093664816;2.9419575976069643;0.00296696336300287;False;False;True
2022-07-07;0.007853534090340654;0.018308367377818126;2338.214285714286;1.165289256198347;-0.013890112471735236;-0.4999999999999997;-0.8660254037844388;0.9884683243281114;0.1514277775045767;0.43388373911755823;-0.900968867902419;1.0;0.0012904506650784197;0.0006452253325392098;0.005360333531864205;0.9991413745622396;2.5159679052216766;0.0047649667771348025;1.0;0.0011871197507048524;0.0011871197507048524;0.003660285898006628;0.9834738810233007;2.913012383285875;0.006427461893549;1.0;0.00039517881841533294;0.000642165579924916;0.005285516696305078;1.4449388552113704;2.981597748430396;0.009329398262010262;1.0;0.001426393192661453;0.00019674388864295903;0.004918597216073976;1.5915251183060448;3.320202113662983;0.009499842032443284;False;False;True
2022-07-08;-0.0037098506296983306;0.02084574151280524;2195.0;0.6547619047619048;0.0020866576653983063;-0.4999999999999997;-0.8660254037844388;0.9987165071710528;-0.05064916883871264;-0.433883739117558;-0.9009688679024191;1.0;0.0024987751102400783;0.0023517883390494856;0.005095541401273885;1.0866532797765054;2.275915990655193;0.00038642610281119303;-1.0;0.00019593436198873379;0.004751408278226794;0.005290227773695812;1.6815514904071664;2.57735134261758;-0.00019055708001213228;1.0;0.002303018424147393;0.0005390043120344963;0.008134065072520581;1.9862063160233998;2.8018610383127416;-0.00035744459608751187;-1.0;0.001023591343341782;0.0005361668941314097;0.009845973874049523;1.8273336983286503;2.779975104201497;-0.0007481678080321389;False;True;False
2022-07-11;-0.008726519745599763;0.016560509554140127;2164.6428571428573;-0.3520710059171598;-0.009781034839395998;-0.4999999999999997;-0.8660254037844388;0.7907757369376989;-0.6121059825476626;0.0;1.0;-1.0;0.0018899830896249876;0.0010444643390032826;0.005272058092111807;1.085318846508755;2.5409818292825577;-0.0027973035102005286;-1.0;0.0007976469415225086;0.001894411486115958;0.004387058178373798;1.1720409353031673;2.9069237596493744;-0.006225551394090672;-1.0;0.002546816479400749;0.001947565543071161;0.0052434456928838954;1.8687290775280325;2.9097248576850094;-0.009189849519684537;-1.0;0.002798600699650175;0.002748625687156422;0.007596201899050475;2.236939376662866;2.9853279650001587;-0.008668992493921052;False;False;True
2022-07-12;-0.004536976357312094;0.017656420968865015;2195.714285714286;-0.11830985915492957;-0.02445169561232984;-0.4999999999999997;-0.8660254037844388;0.6513724827222223;-0.7587581226927909;0.7818314824680298;0.6234898018587336;1.0;0.001468577505443865;0.0002532030181799767;0.003544842254519674;1.0842584499938865;2.6556473829201104;-0.0015782349604317797;1.0;0.0002021835826930853;0.0006570966437525273;0.002931661949049737;1.21225403457126;2.962450873477871;-0.0012386156648452056;-1.0;0.0005548829701372075;0.0003026634382566586;0.008525020177562551;2.0236246328664538;3.0477009352589914;-0.0026489991414758236;1.0;0.004574797946424033;0.0008641285009912062;0.005947237330351243;2.19419061595419;3.143463694618733;-0.0034378228251114467;True;False;False
2022-07-13;0.00010030593309594263;0.015698587127158554;2126.4285714285716;0.9193548387096774;-0.01335418017010623;-0.4999999999999997;-0.8660254037844388;0.48530196253108104;-0.8743466161445821;0.9749279121818236;-0.22252093395631434;-1.0;0.0019557695200842487;0.0029085803119201646;0.006268492051552078;1.057817128798068;2.414750687394972;-1.1159655613011543e-05;-1.0;0.0003013258336681398;0.0019083969465648854;0.012404580152671756;1.8521872659044603;2.6150275839905732;-0.0014037580124140548;1.0;0.005581206555380791;0.0012177177939012634;0.006849662590694606;2.036854026908866;3.0188315761434623;-0.003872822594283683;1.0;0.0032470826991374937;0.0003551496702181634;0.0073059360730593605;2.100405606827698;2.9104906442238625;-0.005167174959420811;False;True;False
2022-07-14;-0.00846255194081281;0.016699262825334737;2044.2857142857142;-0.3123123123123123;-0.03022763655467391;-0.4999999999999997;-0.8660254037844388;0.29936312297335804;-0.9541392564000488;0.43388373911755823;-0.900968867902419;-1.0;0.0029130679204783564;0.0018398323708284357;0.0070015843000971025;1.143515604228104;2.7333359944648463;-0.006408395795272879;-1.0;0.0013317625364954156;0.0010756543564001434;0.003534292885314757;1.180784966623425;2.823607984631022;-0.00889413078531582;-1.0;0.0006666324803856213;0.00020511768627249884;0.004204912568586227;1.5222484545335697;3.11869869658086;-0.011347785323912132;-1.0;0.001389174727310146;0.0013377238114838444;0.005145091582630171;1.7736669722197986;3.2943485165131885;-0.010704809714557543;False;False;True
2022-07-15;0.0031491997934950957;0.017222875249143968;2072.5;0.42729970326409494;-0.03299492385786802;-0.4999999999999997;-0.8660254037844388;0.10116832198743272;-0.994869323391895;-0.433883739117558;-0.9009688679024191;-1.0;0.0025732077607946067;0.0003087849312953528;0.00555812876331635;0.9763241019079572;2.657309276183174;-0.001100847996972568;1.0;0.0014964652458847206;0.003044532741627535;0.007224314980133133;1.5557970247997461;2.886317176881456;-0.0008062717650489268;-1.0;0.0012866700977869274;0.0014410705095213587;0.00797735460627895;1.655507544666547;2.9151664655426104;-0.0011497424576894608;-1.0;0.0027938741721854304;0.0015004139072847683;0.0078125;1.7191705105880237;3.1266601504059364;-0.002226837429329725;True;False;False
2022-07-18;0.011120791267360222;0.018732952498584737;2035.0;1.370879120879121;-0.01626920219581877;-0.4999999999999997;-0.8660254037844388;-0.4853019625310808;-0.8743466161445822;0.0;1.0;-1.0;0.00025342118601115053;0.00035478966041561076;0.0047136340598074;0.8347993902639554;2.597670350792888;0.0010008991127622626;1.0;0.0001526795256756069;0.0007633976283780345;0.0023919792355845083;0.813735512280942;2.9475312041116006;0.0028119388826778283;1.0;0.0007622725886777111;0.0016769996950909646;0.0035572720804959855;1.6530795264918128;2.8012078402919305;0.005200225606316944;1.0;0.0007106598984771574;0.0002538071065989848;0.006751269035532995;1.674033520617169;2.8943358322834594;0.006381570830950025;False;True;False
2022-07-19;0.006406642406847419;0.017739483020780537;1986.7857142857142;0.38;-0.018903936425614623;-0.4999999999999997;-0.8660254037844388;-0.651372482722222;-0.7587581226927911;0.7818314824680298;0.6234898018587336;-1.0;0.002189855367691994;0.0007639030352413934;0.004736198818496639;1.0918236937623953;2.8867512207363104;-0.0017402740223005156;1.0;0.00010203561042803938;0.00025508902607009846;0.0035712463649813786;1.1781661992195642;2.9061042271658146;0.0011526986710061887;-1.0;0.0013729977116704805;0.000966183574879227;0.005136028476989575;2.134946456079259;2.948539661075936;0.0026460422686837124;1.0;0.0041305456399796025;0.00030596634370219276;0.005864354920958694;2.0190445968840374;2.9409785540970264;0.002845956252616891;False;True;False
2022-07-20;-0.004679716197856388;0.016653086168262374;1948.2142857142858;0.6085626911314985;-0.010262645671024914;-0.4999999999999997;-0.8660254037844388;-0.7907757369376986;-0.6121059825476627;0.9749279121818236;-0.22252093395631434;-1.0;0.0006066734074823053;0.0007583417593528817;0.0037917087967644083;0.9820665535298472;2.681461319875253;0.0010529990765141954;-1.0;0.0009629517003699762;0.0005574983528457757;0.0026861284273478284;1.2046427799244463;2.8653027381665273;-0.0008569560020746699;1.0;0.0006088897909478384;0.0008118530545971179;0.00380556119342399;1.8427758398296574;2.9309761458007575;-0.002823476475716431;-1.0;0.0027336235699098915;5.062265870203503e-05;0.007593398805305254;2.222508720835901;2.9875026749411515;-0.0034250640080030212;True;False;False
2022-07-21;-0.001569302419763086;0.011779575328614763;1891.7857142857142;0.4592274678111588;-0.01210636773905944;-0.4999999999999997;-0.8660254037844388;-0.8978045395707417;-0.44039415155763423;0.43388373911755823;-0.900968867902419;-1.0;0.0007605333874157076;0.001216853419865132;0.004157582517872535;1.1022044293671287;2.47240519722485;-0.001021906052393923;-1.0;0.0018291753467811595;5.081042629947665e-05;0.002642142167572786;0.9471485760488874;2.8975581711288485;-0.0025763585206277687;-1.0;0.0006101901759381674;0.0007627377199227092;0.004271331231567171;1.7404216620733222;3.125740697922192;-0.004436738232444286;1.0;0.0007139578764852873;0.0004079759294201642;0.006068641950124943;2.1705821597747326;3.0614312166430673;-0.0036762632926237594;False;True;False
2022-07-22;0.0021033653846153845;0.021244232621812097;1886.4285714285713;1.0763723150357996;0.0019478145920855637;-0.4999999999999997;-0.8660254037844388;-0.9680771188662041;-0.2506525322587213;-0.433883739117558;-0.9009688679024191;-1.0;0.000849575212393803;0.0017991004497751124;0.003398300849575212;0.9300927565597592;2.6925282452128205;0.0030952182490066316;-1.0;0.0007001750437609402;0.0015503875968992248;0.002600650162540635;0.8573904620434276;2.7897582491495387;0.0030740666622195217;1.0;0.00010006504227748036;0.0004002601691099214;0.004202731775654175;1.600759693568066;2.962011216474075;0.003278888279636015;-1.0;0.0015453639082751744;4.9850448654037884e-05;0.0061814556331006975;1.951455342627756;2.95904761351512;0.002164574430199414;True;False;False
2022-07-25;0.0046020709319193635;0.0143928035982009;1901.4285714285713;0.9513888888888888;0.005927977700585786;-0.4999999999999997;-0.8660254037844388;-0.9377521321470804;0.3473052528448203;0.0;1.0;1.0;0.0016929741572474233;0.0005477269332271075;0.0026390479510033362;0.698184694879538;2.635445950677805;0.003456495169202464;1.0;0.0008461500174207357;0.0008461500174207357;0.002090488278333582;0.7440214137523401;2.9369054295721737;0.004759772459658123;1.0;0.0016418727299865666;0.0006965520672670282;0.004179312403602169;1.9647628452614863;2.946601539699317;0.005893259170970684;1.0;0.0009435836313071116;0.0037743345252284465;0.007052046086611045;2.244169208924379;3.0615703552853426;0.005554729778086132;False;False;True
2022-07-26;-0.0012366442421844084;0.009610118010257431;1852.142857142857;0.6787564766839378;0.012283164544269528;-0.4999999999999997;-0.8660254037844388;-0.848644257494751;0.5289640103269624;0.7818314824680298;0.6234898018587336;1.0;0.0010400673567431034;0.0010895943737308702;0.0032192561042048437;0.7631296829076807;2.7279514839695116;0.0006871265467219366;1.0;0.00014841933409192104;0.00019789244545589471;0.0028694404591104736;1.101905163198706;3.0501133067972335;0.001480457954994078;-1.0;0.00044411547002220575;0.001924500370096225;0.0033555391068344435;1.7063036680141266;3.012097633502664;0.0015367306056364284;-1.0;0.002074483848661464;0.0011854193420922652;0.0033586881359280846;1.9068795377090857;3.219190387307513;0.0016740213835648881;False;False;True
2022-07-27;0.0052238805970149255;0.014115199841513546;1824.2857142857142;0.7087719298245614;0.013803380849878826;-0.4999999999999997;-0.8660254037844388;-0.72479278722912;0.6889669190756865;0.9749279121818236;-0.22252093395631434;-1.0;4.949269982677555e-05;0.0004949269982677555;0.0026726057906458797;0.6629278522990922;2.501764108843099;0.0020941485081947177;1.0;0.00019839301656581688;0.0005455807955559965;0.0019839301656581687;0.6053442206077695;2.941412441265166;0.0029997302994775495;1.0;0.0019815713861091847;0.00029723570791637767;0.0034182106410383436;1.7724484245524263;3.1673974893690793;0.00387616078644833;-1.0;0.0006927606511950121;0.0001979316146271463;0.003562769063288634;1.7115323467014576;3.070258248304246;0.0031037239174176775;True;False;False
2022-07-28;-0.0029741589468551925;0.01915367483296214;1769.2857142857142;0.8423772609819121;0.025326039540912258;-0.4999999999999997;-0.8660254037844388;-0.5712682150947924;0.8207634412072763;0.43388373911755823;-0.900968867902419;-1.0;0.0005379236148466917;0.00039121717443395764;0.0037165631571225975;0.7451844377113156;2.579455898994717;0.00439714920884002;1.0;0.0011279486047766172;0.0021087734784954147;0.004806041881222108;1.5898152016444693;2.9036260254536534;0.0030466739569221905;1.0;0.00044065804935370154;0.0002937720329024677;0.006218174696435566;1.6925284951714137;2.9535401283122447;0.0017151452192355815;-1.0;0.0013634592910011687;0.0013634592910011687;0.009495520062329567;2.314193674993297;3.1758900906614502;0.0007626393859663775;False;True;False
2022-07-29;0.0028019323671497585;0.019169641547263926;1788.5714285714287;1.096938775510204;0.03863223572618696;-0.4999999999999997;-0.8660254037844388;-0.3943558551133187;0.9189578116202306;-0.433883739117558;-0.9009688679024191;-1.0;0.00043356778109644473;0.0026977550823778784;0.004239329415165237;0.9461512481012392;2.502868090381473;0.002984754708892718;-1.0;0.0008680974198215578;0.0023149264528574873;0.003231251507113576;1.3327517588493836;2.802658529573821;0.0027008777852802163;-1.0;0.0008199093276743513;0.001784508536703;0.005353525610108999;1.830325742629068;2.803058080286442;0.0019237692981466414;-1.0;0.0021762259406132123;0.00033852403520649965;0.0038688461166457105;1.9101852884659825;2.9280652419644966;0.0003228410008070555;True;False;False
2022-08-01;0.002558903051371186;0.014355910974082281;1718.5714285714287;0.4429530201342282;0.03750299784155408;-0.8660254037844384;-0.5000000000000004;0.20129852008866006;0.9795299412524945;0.0;1.0;-1.0;4.815795810257645e-05;0.0014928967011798699;0.002600529737539128;0.7301877896458127;2.678825203751485;-0.0032782143373668226;-1.0;0.0013498529624451623;4.820903437304151e-05;0.0039049317842163624;1.1333216968382296;3.0213459430029013;-0.0040651061384712915;-1.0;0.00028996713705780014;0.00038662284941040013;0.005654359172627102;1.8310939548816196;3.0577464305719086;-0.004673477207354505;1.0;0.0018455560951918407;0.0025254978144730452;0.0069936862554638175;2.0138371827878405;3.0970352004684387;-0.004811728993089101;False;True;False
2022-08-02;-0.0055920252856795525;0.015795810257645076;1725.0;-0.006097560975609756;0.0200696839779226;-0.8660254037844384;-0.5000000000000004;0.39435585511331855;0.9189578116202306;0.7818314824680298;0.6234898018587336;1.0;0.0014180929095354523;0.0015158924205378973;0.0033251833740831297;1.0445914372405602;2.705077519379845;-0.00042906333843865973;1.0;4.8883022926137754e-05;4.8883022926137754e-05;0.0024441511463068875;1.0798634965026395;2.8844986135011017;-0.0009374407326126262;1.0;0.0016581321628871006;0.0017556693489392831;0.006193611314313582;2.0042354277763277;2.8473467428205645;-0.0013509278172248857;-1.0;0.004036572317867912;0.0006322342184612392;0.006079175177511915;2.6884687287708466;2.9201617013649677;-0.00015692895447435342;False;True;False
2022-08-03;-0.0003837298541826554;0.02097799511002445;1759.2857142857142;0.9813519813519813;0.03707131855855049;-0.8660254037844384;-0.5000000000000004;0.5712682150947923;0.8207634412072763;0.9749279121818236;-0.22252093395631434;-1.0;0.0016314779270633398;0.0007677543186180423;0.004078694817658349;0.796846634140726;2.531897687908465;0.0015007076290421484;1.0;0.00048063058733057774;0.0011535134095933864;0.0019705854080553685;0.7903826235764111;2.758196527619645;0.001420052638041426;-1.0;0.0005285412262156448;0.0005765904285988853;0.0032673457620603498;1.6453468702233265;2.8940008567145;-8.560590252699481e-05;1.0;0.0011556796841142197;0.0026002792892569943;0.004863485337314008;1.848238522909297;2.9814418615370433;-0.0002618780396557863;False;False;True
2022-08-04;-0.0015322001436437634;0.012092130518234165;1689.642857142857;0.8253968253968254;0.035415037425985924;-0.8660254037844384;-0.5000000000000004;0.7247927872291199;0.6889669190756866;0.43388373911755823;-0.900968867902419;1.0;0.0008152304224811778;0.0009111398839495516;0.009255263031698078;1.2332182522817103;2.735270150671329;0.0032894388915330553;1.0;0.0015230117557469896;0.0008090999952405883;0.0025224882204559515;0.7364870320341689;2.7896477111999927;0.004494144394215741;1.0;0.00038068046633357125;0.0006661908160837497;0.004710920770877944;1.5825576580087592;2.9559498157267745;0.006131866742524858;1.0;0.0009008154750616348;0.0022757443580504457;0.004267020671344586;1.6997583604307747;3.1700434411052556;0.006193595916541705;True;False;False
2022-08-05;-0.0015901969037930873;0.029252385747854028;1777.5;0.840983606557377;0.05759369813470733;-0.8660254037844384;-0.5000000000000004;0.8486442574947509;0.5289640103269624;-0.433883739117558;-0.9009688679024191;1.0;0.000843209818709889;0.001733264627348105;0.006043003700754205;0.9147231823253787;2.5601489705374085;0.0026713142347332946;-1.0;0.0001400494841510667;0.0022407917464170673;0.009149899631203025;1.6274819307349568;2.571540391084903;0.0017651605356061384;-1.0;0.0028200789622109417;0.00018800526414739614;0.007379206617785298;1.8552164122047041;2.8728995159402504;-0.0006713979239117169;1.0;0.00033045366567530565;0.000424868998725393;0.010338478968984563;1.8927268557683539;2.9874420837129114;-0.0016573667092699292;False;True;False
2022-08-08;0.005060444194545966;0.016442591464842834;1777.857142857143;0.7863247863247863;0.059916145561817326;-0.8660254037844384;-0.5000000000000004;0.9987165071710528;-0.05064916883871264;0.0;1.0;1.0;0.0006993006993006993;0.0008857808857808858;0.005734265734265735;1.05522195146689;2.798300695514843;0.0015372631557227542;-1.0;0.0003714192859464228;0.0009285482148660569;0.0019499512512187196;0.8249315918272934;2.824208309710861;0.0036856368563684735;1.0;0.001672396172070984;0.002136950664312924;0.005528198457679085;1.8689873230659753;2.730190653314439;0.006332864423111636;1.0;0.0006492904183285409;0.0006492904183285409;0.007049438827567016;1.9125195493512142;3.0413580334674495;0.006501890620676934;False;False;True
2022-08-09;-0.0017384939152712965;0.019906759906759906;1820.357142857143;0.9110070257611241;0.07284214666765003;-0.8660254037844384;-0.5000000000000004;0.9680771188662043;-0.2506525322587204;0.7818314824680298;0.6234898018587336;1.0;0.0008707607699358387;0.002933088909257562;0.0045371219065077914;1.132600558300945;2.6319318131892273;0.0029767356658728706;1.0;0.0011906942663491482;0.0006869389998168163;0.0030683275325151128;0.9814550222542567;2.743188198770941;0.003227314772461632;-1.0;0.002561522276095508;0.0011435367303997805;0.005671942182782911;1.9158484698357505;2.875982934349905;0.002373059158429722;-1.0;0.0014666116687290893;0.0015582748980246574;0.0059581099042119254;2.270159128870033;2.9178007435978697;0.0009755100998493174;False;False;True
2022-08-10;-0.0007792088738139982;0.013473877176901924;1833.5714285714287;0.5986394557823129;0.06693291047551927;-0.8660254037844384;-0.5000000000000004;0.8978045395707416;-0.4403941515576344;0.9749279121818236;-0.22252093395631434;1.0;0.0018807339449541285;0.0006880733944954129;0.005045871559633028;1.0423278949852144;2.4252491112551002;0.0031420640004881763;1.0;0.004758854214331473;0.0002287910679967054;0.015008694060583874;1.878839057061924;2.7008766341235972;0.004721706257519227;-1.0;0.0040773796040411365;0.0016762560594391338;0.006116069406061704;1.59399265627785;2.6732837670384137;0.006707455245864491;-1.0;0.00231145757795504;0.0007251631617113851;0.004940174039158811;1.7677285093714645;2.813706719568176;0.00758837122473492;False;True;False
2022-08-11;0.0024881248586292692;0.01798165137614679;1823.9285714285713;0.9566326530612245;0.07829565056603223;-0.8660254037844384;-0.5000000000000004;0.7907757369376989;-0.6121059825476626;0.43388373911755823;-0.900968867902419;1.0;0.0009476534296028881;0.0008574007220216607;0.0074458483754512635;1.1521437715280194;2.6687360622358596;0.0028818587490339644;1.0;0.0010770059235325794;0.0005833782085801471;0.003679770238736313;1.557872997992154;2.7720571154401434;0.004737237573459541;-1.0;0.0009404809888485826;0.00040306328093510683;0.0036275695284159614;1.2893245544253529;2.8174953803020326;0.006423876071061693;-1.0;0.0007630846575096508;0.0009875213214830775;0.002917676631654547;1.5437996552716078;2.877910896389223;0.004903429404597897;False;False;True
2022-08-12;-0.00013599274705349047;0.018501805054151624;1867.5;0.2780487804878049;0.06630505983674514;-0.8660254037844384;-0.5000000000000004;0.6513724827222223;-0.7587581226927909;-0.433883739117558;-0.9009688679024191;1.0;0.001994831572743347;4.533708119871243e-05;0.004896404769460942;1.136122836885633;2.575999219577457;-0.0008740204942737027;1.0;0.0021248700212487003;0.0004973100049731;0.0033455400334554005;0.9569082154168901;2.6863601272919717;0.0006676204101096951;1.0;0.0014004969505308335;0.0011746103456065056;0.005873051728032527;1.7041468217905793;2.8224059026804893;0.0028568283701570023;1.0;0.0010807403071103705;0.0019363263835727473;0.0046381771513486734;1.594222750192194;2.7960378065114035;0.004395889842996812;False;False;True
2022-08-15;-0.010735515925827345;0.023847304710522738;1961.7857142857142;0.46387832699619774;0.07021677888745446;-0.8660254037844384;-0.5000000000000004;0.10116832198743272;-0.994869323391895;0.0;1.0;-1.0;0.0;0.0013452914798206279;0.004887892376681614;1.1092744073056637;2.6230267047769598;-0.0004800264014520362;1.0;0.00036000360003600034;0.002655026550265503;0.0038700387003870037;1.1992240013334756;2.8622059975870346;-0.004311356903416686;1.0;0.002922530461759813;0.00026977204262398273;0.004136504653567736;1.6565576936175004;2.9019375655835504;-0.007766098683356733;1.0;0.0007187135028299344;0.0015272661935136107;0.008085526906836763;1.9260684859915336;2.9813312728359924;-0.004917430828470413;False;True;False
2022-08-16;-0.0014574040542330963;0.022556053811659194;2039.642857142857;0.8886679920477137;0.0770000238168957;-0.8660254037844384;-0.5000000000000004;-0.10116832198743204;-0.9948693233918952;0.7818314824680298;0.6234898018587336;-1.0;0.0013268465280849183;0.002476780185758514;0.004511278195488722;1.1923976136562517;2.5615588126946562;0.0006688107953931312;1.0;0.0024342745861733205;0.0016376029034256881;0.0041161370275294325;1.527278544546137;2.7977866342001634;-0.00010326768459102914;1.0;0.0017703031644169065;0.001549015268864793;0.0038504093826067713;2.009380858030091;2.918867868237435;-0.000801128460702986;1.0;0.0009289158225328438;0.0007077453885964524;0.004379174591940549;2.1246047700193;2.923429787924113;-0.00012253640556610795;False;True;False
2022-08-17;0.010194665377685987;0.010614772224679346;1978.9285714285713;1.8791666666666667;0.08758284960047687;-0.8660254037844384;-0.5000000000000004;-0.2993631229733582;-0.9541392564000488;0.9749279121818236;-0.22252093395631434;-1.0;0.000391491582930967;0.0010004784897124713;0.004871895254252034;0.7807146357863439;2.410537742486682;0.004040139489089711;-1.0;0.0009603212711161552;0.0019642935091012267;0.0031865205814308787;1.14386213006236;2.6962659115244074;0.0048222697657270535;1.0;0.001397196873771995;0.0008732480461074968;0.0052831506789503555;1.5229099814856437;2.8901751784451477;0.006476483448449334;1.0;0.00021765627720703466;0.00047884380985547626;0.005572000696500087;1.7602843841627702;3.0157747261452847;0.007152621344269295;False;True;False
2022-08-18;0.0025543337085461946;0.017051633389882116;2015.0;0.7627551020408163;0.08693305295964777;-0.8660254037844384;-0.5000000000000004;-0.4853019625310808;-0.8743466161445822;0.43388373911755823;-0.900968867902419;1.0;0.0004318348663471089;0.0008636697326942178;0.0043183486634710885;0.9932732136118793;2.4377837149966126;3.8269638304025286e-05;-1.0;0.0026693072717096484;0.00034442674473672883;0.0035303741335514704;1.2751102042989821;2.927914479131733;0.000703568095340698;1.0;0.0007753941586973378;0.001981562850004308;0.003963125700008616;1.8213007119182398;2.903854367944676;0.0022707932956620817;-1.0;0.0004733014930510735;0.0015920141129899747;0.0058517275504496365;2.0475603126930433;3.05655086230302;0.001372512321417445;True;False;False
2022-08-19;-0.009646856158484065;0.009932201925983503;1990.7142857142858;-0.27391304347826084;0.07120065214859672;-0.8660254037844384;-0.5000000000000004;-0.651372482722222;-0.7587581226927911;-0.433883739117558;-0.9009688679024191;-1.0;0.0025221777700469646;0.00034788658897199514;0.004652983127500435;1.0919591110239342;2.2904716233685;-0.0007502601708656893;1.0;0.0005227391531625719;0.00030493117267816694;0.0017860254399721205;0.647718267464959;2.5268264419278377;-0.003225307298768927;-1.0;0.0003916789973017669;0.002480633649577857;0.003742710418661328;1.636538722279821;2.802798685126177;-0.006354599219831453;-1.0;0.00017423120480878124;0.0006098092168307344;0.007535499607979789;2.148740634342734;2.9824378517143355;-0.007050729192552651;False;False;True
2022-08-22;-0.006202924235711121;0.021221081927291705;2107.1428571428573;-0.2786885245901639;0.03859662120394787;-0.8660254037844384;-0.5000000000000004;-0.9680771188662041;-0.2506525322587213;0.0;1.0;1.0;0.002229157378510923;0.00035666518056174767;0.004324565314311191;1.163023438350978;2.5422354850591646;-0.0029423254755934617;1.0;0.0019138330069432081;0.00017803097739006588;0.002358910450418373;0.8536559136073152;2.7229061588172767;-0.004499026035023115;-1.0;0.0012014417300760913;0.002002402883460152;0.005873715124816446;1.8150396821745565;2.795750574763552;-0.00547797161369643;1.0;0.0006246096189881324;0.0031676630677255286;0.0038368876594985276;1.8955008836571772;2.8855752635222762;-0.005046224006741575;False;True;False
2022-08-23;0.005961384464810036;0.009674543022737405;2035.0;1.23963133640553;0.04156926329656764;-0.8660254037844384;-0.5000000000000004;-0.9987165071710528;-0.05064916883871355;0.7818314824680298;0.6234898018587336;-1.0;0.0007960375022112153;0.0010613833362816203;0.005793384043870511;0.9004873085147822;2.476260966499696;0.0007449175410814767;-1.0;0.00017759623495981885;0.0011543755272388225;0.0015539670558984149;0.7728743262841695;2.954572064161105;0.0007648202425713606;1.0;0.0011101736311559128;0.0003552555619698921;0.005195612593809672;1.5631816214303826;3.2338683208612315;0.001818834274703022;1.0;0.0009733221253815865;0.00013272574437021633;0.008007786577003052;2.184118121942806;3.3450660988866106;0.003842191855724935;True;False;False
2022-08-24;-0.00043544524276072284;0.02193525561648682;2127.1428571428573;0.9334677419354839;0.05043747254356421;-0.8660254037844384;-0.5000000000000004;-0.9884683243281114;0.15142777750457667;0.9749279121818236;-0.22252093395631434;-1.0;0.0008712698758440427;0.001263341319973862;0.0037028969723371815;1.1329789674482171;2.5189389589241173;0.0021622040907350324;-1.0;0.0008290065011562459;0.00034905536890789303;0.00362144945241939;1.4290854547694851;2.8730027298029306;0.0005443049662968026;1.0;0.0006997900629811056;0.0001312106368089573;0.003761371588523443;1.8661690733020873;2.9460204796672618;-0.0005523817830302078;1.0;0.0017006802721088435;0.0013954299668585382;0.008067329495900924;2.1885115206967316;3.1639974233919204;0.0003182041713673259;True;False;False
2022-08-25;0.00640327568933223;0.012154214768024396;2008.9285714285713;0.8924731182795699;0.051369387694737007;-0.8660254037844384;-0.5000000000000004;-0.9377521321470804;0.3473052528448203;0.43388373911755823;-0.900968867902419;-1.0;0.00038954293628808866;0.0012551939058171745;0.003073060941828255;0.8166856163530046;2.5627388073603377;0.001704882030832274;-1.0;0.00013003337523297647;0.0015604005027957176;0.002167222920549608;0.9507089159614539;2.715893890834537;0.002264623687000082;1.0;0.0033389705563505487;0.0005637223017215211;0.004943410953557955;2.222009020997387;2.9125258887766803;0.0034317618463167382;-1.0;0.000649772579597141;0.002295863114576565;0.004678362573099415;2.0034184019789936;2.981426468518568;0.0026228875870881628;False;False;True
2022-08-26;-0.0026484890587009377;0.011729570637119114;1980.357142857143;0.2952029520295203;0.03979992531148506;-0.8660254037844384;-0.5000000000000004;-0.848644257494751;0.5289640103269624;-0.433883739117558;-0.9009688679024191;1.0;0.002046058073222759;0.0;0.006268773671150581;1.1631414123949448;2.6387770862672055;0.0008477351983507978;1.0;0.001430615164520744;0.0011271513417436163;0.004205141544197338;1.3034334930529414;2.6650061285001074;0.0011252975546418523;-1.0;0.002813243886604631;0.00021640337589266391;0.006232417225708721;1.881997058049887;3.1305453253003117;0.001008302818905905;1.0;0.001953803403959708;0.002214310524487669;0.005427231677665856;2.0084616146549887;3.2038273035018583;0.0005733585803834135;False;False;True
2022-08-29;-0.006351570371019318;0.019807583474816072;1958.5714285714287;-0.06813186813186813;0.021912278804915846;-0.8660254037844384;-0.5000000000000004;-0.3943558551133187;0.9189578116202306;0.0;1.0;-1.0;0.0005730911655792629;0.001278434138599894;0.003129959442779051;0.864141075197435;2.586534908438444;-0.0013487334167096095;1.0;0.00017656925929195727;0.0005738500926988612;0.0022954003707954447;0.8422717109998472;2.846898035725088;-0.0020518998437812725;1.0;0.001234078187668033;0.0015866719555731853;0.005288906518577284;1.6258504114767383;3.092303045123056;-0.0031508756503260365;1.0;0.0015387997362057595;0.0018025939766981754;0.00492415915585843;1.7900590815980082;2.9914796076406813;-0.0012925000853537508;True;False;False
2022-08-30;0.0015321309753108037;0.015782049021336626;1981.4285714285713;0.7067039106145251;0.0254330156353996;-0.8660254037844384;-0.5000000000000004;-0.20129852008866114;0.9795299412524943;0.7818314824680298;0.6234898018587336;-1.0;0.001267537916866996;0.0003933738362690677;0.0033655317103020235;0.8492267887405471;2.5942643240958763;-0.002077252383732215;-1.0;0.0003940282824744976;0.0007004947243991069;0.001970141412372488;1.0206603861269121;2.9303886398180654;-0.0010954822312782087;1.0;0.002673093777388256;0.0011393514460999123;0.004513584574934268;2.122685816679834;3.0152055341723196;-0.0006519919814716936;-1.0;8.758101243650377e-05;0.0007882291119285339;0.008232615169031354;2.4264396579614598;3.262941239822145;-0.001970472325157301;False;False;True
2022-08-31;0.0016116756950351435;0.025175925521220333;2047.142857142857;0.07118055555555555;-0.0005807200929152149;-0.8660254037844384;-0.5000000000000004;-2.4492935982947064e-16;1.0;0.9749279121818236;-0.22252093395631434;1.0;0.0015643856434094667;0.0001340901980065257;0.006391632771644393;1.1444056957633149;2.410948256717744;0.0003213018160967123;-1.0;4.4489923032433154e-05;0.003158784535302754;0.0032477643813676204;1.20984114121559;2.691530455611221;0.0010875798382473175;-1.0;0.0006228866346324968;0.00204662751379249;0.009076348104644954;2.262213864046759;2.8365465082630084;0.001268732461639414;1.0;0.004567641395369666;0.001074739151851686;0.012225157852312929;2.4957461799980702;2.8690982598971644;0.0008304416169884197;False;True;False
2022-09-01;-0.0040286481647269475;0.017118848612166452;2037.5;0.12010443864229765;-0.009294818277954028;-1.0;-1.8369701987210297e-16;0.20791169081775931;0.9781476007338057;0.43388373911755823;-0.900968867902419;1.0;0.001393258426966292;0.003820224719101124;0.006112359550561798;1.2229779777924772;2.570766540576974;-0.0016265030185101885;-1.0;0.001257240357415473;0.0022450720668133447;0.004265636926945355;1.2733286220894033;2.722070983768333;-0.0010035649021899122;-1.0;0.0019322369012312393;0.00013480722566729578;0.007144782960366676;2.164819974548828;2.8495677988300008;-0.002474042625797304;-1.0;0.0015356126642879725;0.002122758682986315;0.006277945892236123;2.1185272407013436;2.933963373693433;-0.0036830744615012176;False;False;True
2022-09-02;-0.0017428609733208206;0.02251685393258427;2028.5714285714287;0.8263473053892215;-0.007577120694136228;-1.0;-1.8369701987210297e-16;0.40673664307580015;0.9135454576426009;-0.433883739117558;-0.9009688679024191;1.0;0.0010296355985316501;0.00228310502283105;0.0035813412122840003;0.7180468443408583;2.4141099589428587;0.003277041810876383;1.0;0.00044752741105392703;0.0016110986797941375;0.010964421570821213;1.524552546477647;2.4332465168027917;0.003637331440738112;-1.0;0.00022177866489243733;0.001996007984031936;0.003016189842537148;1.3376721887305703;2.788545887463971;0.003990273400314627;-1.0;0.0009322146757224664;0.00035512940027522527;0.0051937674790251695;1.7873458650626182;2.803501371975418;0.004624884254101257;True;False;False
2022-09-05;-0.0012016021361815755;0.0212194466827827;2018.2142857142858;0.3291139240506329;-0.005404399300685355;-1.0;-1.8369701987210297e-16;0.8660254037844386;0.5000000000000001;0.0;1.0;1.0;0.0005792451989484472;0.0003564585839682752;0.003698257808670855;0.8429935594278305;2.4497817414340557;-0.000464094398775552;1.0;4.4434570095534326e-05;4.4434570095534326e-05;0.005376582981559653;0.8307961510395632;2.723476896401012;0.0013505814867201293;1.0;0.0003094059405940594;0.00039780763790664783;0.007735148514851485;1.4627301304880447;2.8681976715730606;0.004359976005501221;1.0;0.0006583856384146074;0.001360663652723522;0.0025457578018698154;0.7992080026417298;2.8481767031571286;0.007506519460895477;False;False;True
2022-09-06;-0.002025004402183483;0.016708996123512898;2066.4285714285716;0.6266666666666667;0.0027490451325535158;-1.0;-1.8369701987210297e-16;0.9510565162951535;0.30901699437494745;0.7818314824680298;0.6234898018587336;-1.0;0.00022055580061755624;0.000176444640494045;0.006484340538156153;1.4980965906866446;2.713960897536768;-0.001504033769256506;-1.0;0.00048819456772590097;0.0002662879460323096;0.0025297354873069413;1.0532116406420224;2.868710574978829;-0.003956962475546861;-1.0;0.0005335230304108127;0.0008002845456162192;0.007380401920682909;2.3019211297819675;2.9268730237871337;-0.0076887139420686885;-1.0;0.0009840318468488617;0.0009393031265375498;0.008856286621639755;2.4733073292530707;3.030745442442913;-0.010194276791880655;False;True;False
2022-09-08;0.010306948148817866;0.024658138509042787;2104.6428571428573;0.41681574239713776;-0.012113751240438403;-1.0;-1.8369701987210297e-16;0.9945218953682734;-0.10452846326765333;0.43388373911755823;-0.900968867902419;-1.0;0.002237236565394425;0.0021924918340865364;0.004563962593404626;1.5326225860535971;2.3209985017967174;0.0009447378103960214;-1.0;0.0004922360943303352;0.0012977133395981563;0.0041616324338837425;1.4310034631909152;2.6720845531453863;0.002287611016416973;-1.0;0.0013007984210998474;0.003139858257827218;0.006234861397685476;2.1920838461392678;2.69762928781456;0.0038395095014129503;1.0;0.0011683292891165632;0.001977172643120338;0.009032084119708817;2.6985145685755754;2.7903977357436807;0.003410021591839817;False;False;True
2022-09-09;0.009818935231060266;0.020448342207705042;2185.714285714286;1.0196936542669583;-0.00918777261699053;-1.0;-1.8369701987210297e-16;0.9510565162951536;-0.30901699437494734;-0.433883739117558;-0.9009688679024191;1.0;0.003479036574487065;0.0007136485280999108;0.00423728813559322;0.7300923517297944;2.3402755572109757;0.002963491567924883;1.0;0.0010258240042817003;0.001070425047946122;0.004147897060791222;1.167196036924978;2.761925793912156;0.004465809112624485;1.0;0.0054304282026172886;0.000578652185524793;0.0073889432920858185;1.8525890323679066;2.8235484556647426;0.00717132654724325;1.0;4.445037116059919e-05;0.001200160021336178;0.005289594168111303;1.6721886667355754;2.770971914264597;0.007983590106841434;True;False;False
2022-09-12;0.00598855129898723;0.015967885816235504;2149.6428571428573;1.2541899441340782;0.008190499726394945;-1.0;-1.8369701987210297e-16;0.5877852522924732;-0.8090169943749473;0.0;1.0;-1.0;0.001488225509936094;0.002363652280486737;0.004595990545390878;0.9046813242888506;2.5843843521184175;0.001143769377156792;1.0;0.0012265101406106268;0.00039423540233913005;0.004029961890577774;0.9478103647810316;2.6904780699123174;0.002966653071529785;1.0;0.0013984180395927109;8.740112747454443e-05;0.006904689070489009;1.6428203432089656;2.9881357191778757;0.0059160738519193935;1.0;0.00039118529143304214;0.0036945277524231754;0.0068240100838875125;1.593778672394076;3.0266810221904437;0.0077011992486634455;False;False;True
2022-09-13;0.004799301919720768;0.01330648691236978;2200.3571428571427;0.8388157894736842;0.015463440229636718;-1.0;-1.8369701987210297e-16;0.40673664307580004;-0.913545457642601;0.7818314824680298;0.6234898018587336;1.0;0.00182370820668693;0.0014329135909683021;0.0033000434216239687;0.9863050976685549;2.535679991751036;0.0004534950477375623;-1.0;0.0016933698059137684;0.0010854934653293387;0.023272979896661022;2.299572395153392;2.6148325627328637;-0.0034083465086613106;1.0;0.0015071590052750565;0.001817456447537568;0.006117292433175229;1.8674391128892214;2.8558963358610754;-0.006110079666794355;1.0;0.004155247104588454;0.0003536380514543365;0.007205375298382106;2.251755396897656;2.9110572179189895;-0.009811557358178076;False;True;False
2022-09-14;-0.0013420416927619218;0.03321754233608337;2291.4285714285716;0.02091503267973856;-0.01503870530799895;-1.0;-1.8369701987210297e-16;0.20791169081775931;-0.9781476007338057;0.9749279121818236;-0.22252093395631434;1.0;0.0009406916323239562;0.0017917935853789643;0.006226482709191901;1.1875172915824255;2.5055669166098613;-0.001978989971133573;-1.0;0.0017409937056381412;0.0016517119771438775;0.006160439266104192;1.63561959033482;2.5957666183898547;-0.0012036746895065847;1.0;0.0003133533282599937;0.005550830386319889;0.006938537982899861;2.130357435313865;2.852956251596582;-0.00033289113466188785;1.0;0.0023252694182354784;0.0008049009524661271;0.0073782587309394985;2.380493274950499;2.853490808784222;0.0004056955700022039;False;False;True
2022-09-15;-0.0035758984444841766;0.013214477692169862;2297.1428571428573;0.26101694915254237;-0.0156145123114424;-1.0;-1.8369701987210297e-16;5.66553889764798e-16;-1.0;0.43388373911755823;-0.900968867902419;-1.0;0.0010317602727435852;0.0017943656917279742;0.003947604521801543;0.9865685711101679;2.584090279412159;0.00046406490920798953;0.0;0.0038171366984012934;0.0008981498113885396;0.004715286509789833;1.6964222003108615;2.740211113324039;-0.00012973275053384208;-1.0;0.004356026585234417;0.0005837973774025508;0.005882881264594934;1.7062163789358697;2.8701433911380216;-0.0017930008041034974;1.0;0.0017529665587918016;0.002292340884573894;0.010472851492268969;2.0596557996669085;2.930615982105548;-0.00031262560850341657;False;False;True
2022-09-16;-0.004520386945122502;0.015431544948860577;2323.214285714286;-0.18604651162790697;-0.025437230050272604;-1.0;-1.8369701987210297e-16;-0.20791169081775907;-0.9781476007338057;-0.433883739117558;-0.9009688679024191;1.0;0.0013168649532285897;0.0009535918626827717;0.0035419126328217238;0.7662478741892352;2.4100705052474227;-0.0022071050642478774;-1.0;0.0003174747154065944;0.0007710100231303007;0.0041271713002857275;0.9877697565878263;2.7791127972334335;-0.003952729000495296;-1.0;0.0010008188517878264;0.0010918023837685378;0.004321717769083796;1.6000425875091415;2.8482468279182176;-0.0054762737022345095;-1.0;0.0016414371694327922;0.0009575050155024621;0.0038300200620098486;1.6209326273989195;2.8641514246502853;-0.006152831672119521;True;False;False
2022-09-19;-0.011186594202898551;0.009445100354191263;2245.714285714286;-0.24519230769230768;-0.03135786475478931;-1.0;-1.8369701987210297e-16;-0.743144825477394;-0.6691306063588585;0.0;1.0;1.0;0.0013282645536573077;0.001694682361562772;0.00348096917510191;0.8100432169548681;2.461799168199632;0.0003611632508762764;1.0;0.0008698438859131072;0.0001373437714599643;0.002334844114819393;0.7788447454801676;2.842635173081775;-0.001940583597496649;1.0;0.0016459400146305778;0.0017831016825164594;0.004892099487929773;1.4481225907847395;2.91203185295889;-0.0044791413034656865;1.0;0.001552227903579255;0.0005021913805697589;0.0071676406135865595;1.8996157735737174;3.1379900938852385;-0.00201368701550392;True;False;False
2022-09-20;-0.004935660144544333;0.04140521229331746;2440.714285714286;0.8672566371681416;0.001512470116517859;-1.0;-1.8369701987210297e-16;-0.8660254037844384;-0.5000000000000004;0.7818314824680298;0.6234898018587336;-1.0;0.0013728963684676704;0.0008857395925597874;0.0070859167404783;1.104119285038133;2.5804232722078164;0.003263465503686276;1.0;0.00262572318647085;0.0004450378282153983;0.004583889630618602;1.1693820126674381;2.7281553651451524;0.0010171031322825984;1.0;0.007509776039815144;0.0004888019907571987;0.008620689655172414;2.2004701311805244;2.6819345267425043;-0.0018947804719188475;1.0;0.0023536726174615864;0.003774757971400657;0.006439293010036416;1.9996859953051427;2.8668708837494257;-0.0014601060550006883;True;False;False
2022-09-21;0.0016753372718455162;0.0133303808680248;2342.5;0.9534883720930233;0.007266327068952523;-1.0;-1.8369701987210297e-16;-0.9510565162951535;-0.30901699437494756;0.9749279121818236;-0.22252093395631434;-1.0;0.0006161971830985916;0.004577464788732394;0.00625;0.9115013382560737;2.5335992091062964;0.0030499745427485857;-1.0;0.0010574550581600281;0.0009693338033133591;0.003172365174480085;1.1572558625319291;2.79522131453895;0.0021222369259421923;-1.0;0.005073007190436279;0.000485244166041731;0.005778816886496978;1.6083581304354975;2.8650969366836527;0.0011864140879318565;-1.0;0.0001323685139428168;0.00017649135192375574;0.004721143663960466;1.7566774250192931;2.925278519597529;-0.0008420492820421911;False;True;False
2022-09-22;0.007815275310834813;0.018882042253521126;2358.9285714285716;0.6736596736596736;0.007195840923765801;-1.0;-1.8369701987210297e-16;-0.9945218953682733;-0.10452846326765423;0.43388373911755823;-0.900968867902419;1.0;0.0022911526260133946;0.0018946069792033838;0.0070937610151568554;0.9933446199148432;2.5972557003033;0.0004246844155464637;1.0;0.0004832828083124643;0.0008786960151135714;0.003778392864988357;1.0324037193402582;2.7076387882301782;0.0035744896369020074;-1.0;0.003111851332398317;0.0015778401122019635;0.010036816269284713;1.7857015413785313;2.86123845111209;0.005297533366626504;-1.0;0.004009693765146508;0.0006609385327164573;0.007402511566424323;1.9764211928969602;2.8317026075865654;0.003014281015429766;False;False;True
2022-09-23;-0.01281939478503532;0.0237486781811773;2372.5;0.2541743970315399;0.004761968161827034;-1.0;-1.8369701987210297e-16;-0.9945218953682734;0.10452846326765299;-0.433883739117558;-0.9009688679024191;1.0;0.0010600706713780918;0.00265017667844523;0.004151943462897527;0.8861876715149585;2.7549518883289648;-8.339465293114816e-05;-1.0;0.0008388150633526114;0.0008829632245816962;0.006533927861904551;1.1739659893177554;2.8176372566892014;-0.005254389337434421;1.0;0.0017301805598686837;0.0007541812696863494;0.004569451222217293;1.584489273192705;2.75803670244254;-0.009237943450799792;-1.0;0.0012396511267543278;0.00013281976358082084;0.008854650905388055;1.841043238381989;2.621777182866557;-0.011082364369901142;False;False;True
2022-09-26;-0.006370277975766215;0.018109540636042403;2442.5;0.1;-0.008820850089986003;-1.0;-1.8369701987210297e-16;-0.743144825477394;0.6691306063588585;0.0;1.0;-1.0;0.00013449899125756557;0.0037211387581259805;0.00605245460659045;0.8501167873323324;2.4766929189852265;2.4962057672236337e-05;1.0;0.002785765636232926;0.0005841121495327102;0.0034148094895758447;1.0704392031197096;2.828686062490084;-0.002695781102574471;-1.0;0.0014826129930811394;0.0020666726570221943;0.004807260310899452;1.6631451355173803;2.785897003641658;-0.005038236617183986;1.0;0.0026090868196131352;0.0009446693657219973;0.00692757534862798;1.984389076446264;2.7119671323362944;-0.0038307305287802644;False;False;True
2022-09-27;0.011179327407678914;0.024568482403048642;2534.6428571428573;0.4653284671532847;-0.017073176163022445;-1.0;-1.8369701987210297e-16;-0.5877852522924734;0.8090169943749473;0.7818314824680298;0.6234898018587336;1.0;0.0019483461712732216;0.0;0.011191662890801994;1.1826694401275548;2.843545124592939;9.477916454653381e-05;-1.0;0.0008979078746520607;0.0001346861811978091;0.006015982760168807;0.8882469580489636;2.7864203970563284;0.0038251941423894827;-1.0;9.024049090827054e-05;0.001173126381807517;0.00812164418174435;1.7288497279840636;3.0042692703226677;0.0064917036431280046;1.0;0.006133296987869702;0.0018172731815910227;0.00831402480577893;2.026100124744845;2.786268184969964;0.0024877504781224444;False;True;False
2022-09-28;-0.009162963302331973;0.026778432260987767;2531.4285714285716;-0.16751269035532995;-0.034616672246401074;-1.0;-1.8369701987210297e-16;-0.40673664307580015;0.913545457642601;0.9749279121818236;-0.22252093395631434;1.0;0.0029592638831090765;0.0009710084616451658;0.005224950293614463;0.9718091776048885;2.6298435775946;-0.001842017496600674;1.0;0.003740302918359808;0.0009697081640192095;0.010389730328777245;1.3741973412656578;2.988016149183764;-0.002056007060828234;1.0;0.001423324150596878;0.005280073461891644;0.007988980716253443;1.7142244699005444;2.8738541012303456;-0.002364066193853324;-1.0;0.0029345682974918613;0.0008253473336695859;0.005364757668852309;1.8119190106378409;2.8833135731481523;-0.00039292530336898143;False;True;False
2022-09-29;-0.0032207600993834546;0.013547879964858742;2472.8571428571427;0.19795221843003413;-0.03166185045379676;-1.0;-1.8369701987210297e-16;-0.20791169081775898;0.9781476007338057;0.43388373911755823;-0.900968867902419;-1.0;0.0030003692762186115;0.0029542097488921715;0.008862629246676515;0.8465795657947796;2.6849546227150283;-0.0024947404698341556;-1.0;0.00180530481877517;0.0007406378743693005;0.00722121927510068;1.1924531641605534;2.7774888264170006;-0.005493029072230932;1.0;0.004510998465330419;0.0017206901362600568;0.007719853043761335;1.449395882240502;2.852672926720914;-0.007321414751180204;-1.0;0.002043185511957279;0.003157650336661249;0.01035523566287439;1.6534735535165779;2.9115881833059456;-0.008401792382374906;False;True;False
2022-09-30;0.00356102298478472;0.019525480059084194;2428.214285714286;0.9314420803782506;-0.02849595952812661;-1.0;-1.8369701987210297e-16;-1.133107779529596e-15;1.0;-0.433883739117558;-0.9009688679024191;-1.0;0.0032258064516129032;0.0014746543778801843;0.009400921658986176;0.9062459250185655;2.610308376857459;0.0022172834933275117;-1.0;0.0012964763624577487;0.003194888178913738;0.005787840903829235;1.1852045568224139;2.660717488580327;0.001200282298154184;1.0;0.0014836107376327136;0.002179053270898048;0.003940841021836896;1.25370942458509;2.854895513715375;0.00015449980687515146;1.0;0.0015758249907304412;0.0007415647015202076;0.014506859473489063;2.1449311239199575;3.2076775297880995;0.0019740423605070015;False;True;False
2022-10-03;0.031154192966636608;0.031889400921658984;2543.5714285714284;1.98121387283237;0.02438117675513344;-0.8660254037844386;0.5000000000000001;0.5712682150947923;0.8207634412072763;0.0;1.0;-1.0;0.0042849022779939665;0.0038476673516680514;0.009575444886537537;1.0198769028402501;2.5100765336407695;0.007667532669721933;1.0;0.0016638935108153079;0.0016201068394780629;0.0034591470356423503;0.8050293337682289;2.6871421229034103;0.01505024856745373;-1.0;0.003983714923608983;0.0007442104802346452;0.006216346364312919;1.569778211310839;2.6356914038264305;0.020771527808223864;1.0;0.0017974572555896537;0.0039017974572555895;0.01060938185006576;1.908240765406929;2.7789149657561643;0.017940067281311485;True;False;False
2022-10-04;0.009318628708215782;0.030825062305977;2715.3571428571427;1.2638297872340425;0.055386327624777354;-0.8660254037844386;0.5000000000000001;0.7247927872291199;0.6889669190756866;0.7818314824680298;0.6234898018587336;1.0;0.00021175673386413687;0.004785702185329493;0.00741148568524479;1.3588951327998218;2.735654830618073;0.006863173114387756;1.0;0.0007182087029995775;0.001478664976763836;0.005618926911702577;1.342283411070499;2.940163305152216;0.009482641666549699;-1.0;8.42069807587049e-05;0.00046313839417287694;0.007662835249042145;1.5987480305937434;2.972890181957694;0.010031191398335857;-1.0;0.003350012721567297;0.0021202612161818337;0.009074718005258248;2.1639792831970732;3.0100330638377417;0.006412166092125194;False;True;False
2022-10-05;-0.007099478231117954;0.023208538031509404;2805.714285714286;-0.0072992700729927005;0.03614409436694836;-0.8660254037844386;0.5000000000000001;0.8486442574947509;0.5289640103269624;0.9749279121818236;-0.22252093395631434;1.0;8.614748449345279e-05;0.0017660234321157822;0.0069348725017229496;0.9886232900032703;2.6019447189900715;0.0012618687085131871;1.0;0.0034713293905888403;0.0013713893888746035;0.005828404902717065;1.5345701840593262;2.8691360809078392;0.0011654845323552639;-1.0;0.003853234576358265;0.004581067774114826;0.009290576700774928;1.7923331520149297;2.68118517223127;0.0005189660672369839;1.0;0.0017568667780777307;0.0007284569567639371;0.007413120795303595;1.6302464085126678;2.6878856645081033;0.0014355563136050527;False;False;True
2022-10-06;-0.004159592529711376;0.017746381805651273;2830.0;0.6966019417475728;0.04377149314221398;-0.8660254037844386;0.5000000000000001;0.9377521321470804;0.3473052528448203;0.43388373911755823;-0.900968867902419;1.0;0.0011507970335009803;0.0011934191458528684;0.00741624754922854;1.0229072011000528;2.7895375710445984;0.0019083160171324371;1.0;0.00025442055718102023;8.480685239367341e-05;0.0030530466861722425;1.0626259152172548;2.73886772438493;0.002654788251269848;-1.0;0.0007189376638754969;0.0017339084834644338;0.005836082212636387;1.6009156002829865;2.913615882709848;0.00222542834780802;1.0;0.0007638446849140675;0.0008062805007426268;0.008232548270740506;2.031513366884925;3.1768711229491373;0.0031990931999362447;False;False;True
2022-10-07;0.002131287297527707;0.013042366379677777;2854.285714285714;0.24836601307189543;0.042988332372121914;-0.8660254037844386;0.5000000000000001;0.9884683243281114;0.1514277775045767;-0.433883739117558;-0.9009688679024191;1.0;0.0010633772862611655;0.003105061675882603;0.00854955338153977;0.8223368914831489;2.432229763674924;-0.0010116837711806037;-1.0;0.00021172983273343214;0.0035994071564683463;0.009443150539911073;1.6814137975679384;2.5993297985896024;-0.0011924026914232177;1.0;0.0017885278712259933;0.0012775199080185666;0.004386151684197079;1.5584580758935713;2.838416331074223;-9.450634610112694e-05;1.0;0.0034872841711320914;0.0021263927872756656;0.00705962405375521;1.907172622724848;2.9530886547230715;-0.0008870769869581495;False;False;True
2022-10-10;-0.0024733475479744135;0.018205019140791152;2684.285714285714;0.4252336448598131;0.03605279475595713;-0.8660254037844386;0.5000000000000001;0.8978045395707416;-0.4403941515576344;0.0;1.0;1.0;0.0006412448700410397;0.0023512311901504788;0.003548221614227086;0.9104794910760223;2.524210086901208;0.0025398181775024052;1.0;8.545547769612032e-05;0.001580926337378226;0.004016407451717655;1.0276689507197447;2.733979192760921;0.003249167578422861;-1.0;0.0008951788226267104;0.0024297710899867857;0.007417195958907029;1.528652995914897;2.6604033063593855;0.001821493624772341;-1.0;0.0005992124636192433;8.560178051703475e-05;0.00539291217257319;1.8812446035155468;2.8512186101491563;-7.167225710280412e-05;False;False;True
2022-10-11;-0.005943152454780362;0.01731361149110807;2721.4285714285716;0.01728395061728395;0.021643871995750897;-0.8660254037844386;0.5000000000000001;0.7907757369376989;-0.6121059825476626;0.7818314824680298;0.6234898018587336;1.0;0.0002166190104843601;0.0012130664587124166;0.006065332293562083;0.965034383590142;2.5885746484041;0.0016578741836408084;-1.0;0.0005606106343524947;4.31238949501919e-05;0.0053042390788736035;1.2266652772041378;3.0091767630071686;-0.00012516849605232215;1.0;0.00199315394947788;0.0009099181073703367;0.004116296200008666;1.6549683529549195;2.931985620783492;-0.0012694565860272382;-1.0;0.0025101705184800483;0.00034623041634207567;0.00558296546351597;2.3617380675599744;3.097529792949387;-0.003032976994700799;False;True;False
2022-10-13;0.02529437418229394;0.014686768910839615;2695.714285714286;1.9085545722713864;0.039263011785092256;-0.8660254037844386;0.5000000000000001;0.48530196253108104;-0.8743466161445821;0.43388373911755823;-0.900968867902419;1.0;0.0022543598468736706;0.00017014036580178648;0.004678860059549128;0.8150520514647173;2.4717514226226776;0.00233416797521538;-1.0;8.48824378236143e-05;0.002291825821237586;0.022960699431287666;1.5796764173803128;2.73789710545157;0.005238501056848273;-1.0;0.0009099575353150186;0.0030331917843833952;0.00593638963515036;1.2929602270559502;2.8189027239142255;0.0072749025510401265;1.0;0.0013025356026398055;0.001172282042375825;0.005470649531087183;1.6902121917486594;3.14890101658641;0.000644512743556019;False;True;False
2022-10-14;0.004266138067741102;0.027817949808592087;2748.214285714286;0.5244648318042814;0.028305425022613455;-0.8660254037844386;0.5000000000000001;0.29936312297335804;-0.9541392564000488;-0.433883739117558;-0.9009688679024191;-1.0;0.00042909246942716153;0.0018450976185367947;0.005192018880068655;1.0216376268195346;2.621767444601603;-0.004633415099482106;1.0;0.0009038478092450718;0.0018507359903589568;0.007402943961435827;1.5552837173638832;3.0693021799414746;-0.0034606193889888657;1.0;0.0009853482992031532;0.0022277439808071286;0.003941393196812613;1.6058271587509383;3.1517994039122943;-0.0006373941045802691;-1.0;0.001113013698630137;0.004708904109589041;0.006934931506849315;2.1719114854219344;3.348727043496533;0.0010047331980990743;False;False;True
2022-10-17;0.010278485460774839;0.027933919759708218;2741.4285714285716;0.40706605222734255;0.013407826152090484;-0.8660254037844386;0.5000000000000001;-0.2993631229733582;-0.9541392564000488;0.0;1.0;-1.0;0.0017391304347826088;0.001217391304347826;0.004130434782608695;0.8581683327846379;2.734227093775473;-0.00428522371673024;-1.0;0.0006964697688590954;0.001305880816610804;0.0025682322726679144;0.9236824289087334;3.0966039070356848;-0.001238869531552557;0.0;0.001045250642393624;0.0033099603675798093;0.004355211009973433;1.543460124185633;3.0940075944999923;0.00277281767634971;1.0;0.001829188624188842;0.0008274900918949523;0.0062279517442620095;1.7813711883161845;3.2153869288026327;0.004050398530284004;True;False;False
2022-10-18;0.008929341730653092;0.018173913043478263;2707.1428571428573;1.2057416267942584;0.028051760817202034;-0.8660254037844386;0.5000000000000001;-0.4853019625310808;-0.8743466161445822;0.7818314824680298;0.6234898018587336;1.0;0.00021377570652871008;0.0038052075762110395;0.005173372097994784;0.9836470850344838;2.8449663617364345;0.0011530577382985992;1.0;4.270584215920738e-05;0.0006405876323881107;0.003373761530577383;0.9675730666654608;3.1505070048425345;0.004372701847040576;1.0;0.0005536862728395587;0.0019166063290600112;0.0035350738958217984;1.6035485840335186;3.3535233927842585;0.0075495423946752346;-1.0;0.0017870059141386206;0.0011487895162319705;0.003446368548695911;1.9916595573345908;3.361456863844871;0.00735506269540582;False;False;True
2022-10-19;-0.005501481168006771;0.017572363076659967;2663.9285714285716;0.6301703163017032;0.030805739175443138;-0.8660254037844386;0.5000000000000001;-0.651372482722222;-0.7587581226927911;0.9749279121818236;-0.22252093395631434;-1.0;0.0005106382978723404;0.002553191489361702;0.003574468085106383;0.8840972844025785;2.7578998247840008;0.003382341810475298;1.0;0.00025544959128065393;0.0013623978201634877;0.004896117166212534;1.2261691430661237;3.1409397552095895;0.0024707074993516615;-1.0;0.0012306386590282198;0.00046679397411415237;0.004795247188627201;1.6328963522524855;3.1935030131726307;0.00011351382030758116;1.0;0.004554742039843351;0.0014898688915375446;0.00753447982291844;2.560104767110545;3.4400225492488024;0.0001794628393854677;True;False;False
2022-10-20;0.0051160627457612785;0.012127659574468085;2661.0714285714284;1.207017543859649;0.04052542769788345;-0.8660254037844386;0.5000000000000001;-0.7907757369376986;-0.6121059825476627;0.43388373911755823;-0.900968867902419;1.0;0.0002523977788995457;0.0005047955577990914;0.006015480397105839;0.8904590077394064;2.7227830794514496;0.0032919055390494916;-1.0;0.0016320040172406577;0.0;0.003933548144118508;1.2655250827494984;3.1088366853134435;0.005070417284157688;-1.0;0.0011743981209630064;0.00016777116013757235;0.004236221793473702;1.4013915306377325;3.194293308117916;0.0058516430871624284;-1.0;0.002734309271411745;0.0002944640753828033;0.0033232374221773514;1.90076866032579;3.3594962327746667;0.0032213572714309365;True;False;False
2022-10-21;-0.0047498949138293405;0.0102221100454316;2610.0;-0.06584362139917696;0.03349461907973278;-0.8660254037844386;0.5000000000000001;-0.8978045395707417;-0.44039415155763423;-0.433883739117558;-0.9009688679024191;1.0;0.0018161084596866157;0.00021117540228914137;0.004139037884867171;0.8019474182112061;2.7088759671296074;-0.000627508277021558;-1.0;0.0007586613841355475;0.0028660541178454017;0.0037090112113293433;1.0817484737411645;3.11337910852394;-0.0015361846419003455;1.0;0.0018968133535660092;8.430281571404485e-05;0.004763109087843534;1.8340511185681643;3.169509028345727;-0.001419830928027663;1.0;0.000126098104325165;0.00100878483460132;0.008826867302761549;2.4760646862246367;3.405329703182961;0.000987180556714299;True;False;False
2022-10-24;-0.004453705973686361;0.0383916881361659;2687.5;0.7799779977997799;0.059963065518463976;-0.8660254037844386;0.5000000000000001;-0.9884683243281114;0.15142777750457667;0.0;1.0;-1.0;8.208495793145906e-05;8.208495793145906e-05;0.012517956084547506;1.2535846778867192;2.635104316628962;5.07904846335563e-05;1.0;0.0018284574468085107;0.0003740026595744681;0.0026595744680851063;0.8866290707106829;2.7610998767626014;-0.004785969770393433;-1.0;0.0015784663952812163;0.0003323087147960455;0.0039877045775525465;1.288697487077637;2.731521671480502;-0.010008510008509981;-1.0;0.0015400624349635795;0.002705515088449532;0.009115504682622268;2.2041701662774416;3.0012979034532883;-0.01036380198167049;False;False;True
2022-10-25;-0.00025412960609911054;0.03422942745741843;2578.5714285714284;0.08513189448441247;0.02426800030375682;-0.8660254037844386;0.5000000000000001;-0.9377521321470804;0.3473052528448203;0.7818314824680298;0.6234898018587336;1.0;0.004956786985256736;0.0028808676495509235;0.008430774445009321;0.9797404971524037;2.618465182723693;0.0005645411691648024;-1.0;4.23405876873571e-05;0.0017359640951816412;0.006562791091540351;1.245465922834986;2.954429548400258;-0.000307263230045603;-1.0;0.0014465622872702518;0.002382573179033356;0.008934649421375085;1.7618542116692335;3.004446623875866;-0.0025040863648457617;1.0;0.00021383056066373007;0.003806183979814395;0.007740666296027028;1.526414085276204;3.0782605499191296;-0.003910429389764725;True;False;False
2022-10-26;0.0021093413689195007;0.022326724284019658;2571.0714285714284;0.1347248576850095;0.007097138432053714;-0.8660254037844386;0.5000000000000001;-0.848644257494751;0.5289640103269624;0.9749279121818236;-0.22252093395631434;1.0;0.0036513595944842993;0.0016753296962927961;0.005412603634176726;1.1707711287670999;2.6642921343306862;-0.003865813324169924;-1.0;0.0005583952579356556;0.001718139255186633;0.01284309093252008;1.4947874074569651;2.909496818578485;-0.004948990666377252;-1.0;0.0006077707835901888;0.001996961146082049;0.005252876058172346;1.3664102943714445;2.8594096787603847;-0.0064420649429790195;1.0;0.006267955079655263;0.00021763732915469663;0.006703229737964655;1.7598641260351096;2.96087525547707;-0.008635904279752983;True;False;False
2022-10-27;-0.003036876355748373;0.022638429485802653;2612.1428571428573;0.2675521821631879;-0.008461302807633726;-0.8660254037844386;0.5000000000000001;-0.72479278722912;0.6889669190756865;0.43388373911755823;-0.900968867902419;1.0;0.0007397737162750217;0.005221932114882507;0.011488250652741514;1.5423317013126931;2.3775360293415866;0.0012069454662608952;-1.0;0.003635419371591794;0.003029516142993162;0.009997403271877434;1.464777046559319;2.6159141230428595;0.003387033740066872;-1.0;0.001519888830988362;0.0014764634358172659;0.006036129928782352;1.6825451382391776;2.670384800778198;0.002792539032629689;1.0;4.355780120219531e-05;0.0008711560240439063;0.008406655632023696;2.17529045368193;2.9842286797294832;0.002502762165537726;False;True;False
2022-10-28;-0.009946806210266834;0.03407310704960836;2782.5;0.0421455938697318;-0.01516634366577689;-0.8660254037844386;0.5000000000000001;-0.5712682150947924;0.8207634412072763;-0.433883739117558;-0.9009688679024191;1.0;0.003538199449613419;0.0004368147468658542;0.006202769405495129;0.9390356936197269;2.5722252283418934;-0.005990430807376386;1.0;0.002876945207270825;0.0013948825247373697;0.008282114990628133;1.4045131344578707;2.53696470215144;-0.005094140291465783;1.0;0.0031693656927017757;0.0011288151782225502;0.010550080319541527;1.4658724908204914;2.7612393608959582;-0.004266682007545739;1.0;0.0011218017862536134;0.003883160029339431;0.005954178711653795;1.6074097032792027;2.84312572903368;-0.0005316321105793953;False;True;False
2022-10-31;-0.034559357512068005;0.02345695190669637;2821.4285714285716;-0.527001862197393;-0.03149152447948026;-0.8660254037844386;0.5000000000000001;-2.4492935982947064e-16;1.0;0.0;1.0;1.0;0.0011946902654867257;0.004424778761061947;0.014513274336283187;1.373058938934988;2.3775842975933434;-6.335004799981569e-05;-1.0;0.0007017236086136573;0.0032016139642998113;0.009122406911977545;1.1565476915809685;2.729349101742349;-0.006887497673142663;1.0;0.003615201481350851;0.00048496605237633366;0.014857596331893132;1.5096058223386903;2.8827731559378673;-0.012552463481539653;1.0;0.003882224645583424;0.0006106870229007634;0.031232279171210468;2.4078506867150065;3.0837488953214884;-0.0036300639155598057;False;True;False
2022-11-01;0.005662465940054496;0.05265486725663717;3101.785714285714;0.9420168067226891;0.009433659896795975;-0.5000000000000004;0.8660254037844384;0.20791169081775931;0.9781476007338057;0.7818314824680298;0.6234898018587336;1.0;0.0011430506752466026;0.003302146395156852;0.011515177172854663;1.3011486214865444;2.312118830556429;0.006590624591297213;-1.0;0.0027324701530183288;0.0023541281318311754;0.005338826298974273;0.9647324582672064;2.443343819189116;0.008526523327633425;-1.0;0.001345612043227787;0.00016820150540347337;0.008073672259366721;1.3794405348721532;2.4706580801319995;0.008813639035861244;-1.0;0.0038943447341686422;0.0016508635286149678;0.00833897731120894;1.4998996794092725;2.5783552183379865;0.004343888841724013;False;True;False
2022-11-03;-0.013159015416063367;0.02485076838406503;3183.9285714285716;-0.38160136286201024;-0.009897605817647348;-0.5000000000000004;0.8660254037844384;0.5877852522924731;0.8090169943749475;0.43388373911755823;-0.900968867902419;-1.0;0.004315367021965218;0.001682993138566435;0.007551892288439132;0.7913301224554472;2.544232853883864;-0.01157837614595196;1.0;0.004019709543568464;0.0015992392807745504;0.014652489626556017;1.3492005657583377;2.6506927837813348;-0.012807881773399015;-1.0;0.001285071749839366;0.0038123795245234527;0.009166845148854144;1.1184534984313703;2.534514320928357;-0.01385424133811236;1.0;0.006193282009375941;0.001333275988129543;0.011999483893165885;1.3724072965213705;2.5486702738455036;-0.00820190775232525;False;True;False
2022-11-04;0.013928164436753472;0.03003495447287792;3187.5;1.3290229885057472;0.025738465085695255;-0.5000000000000004;0.8660254037844384;0.7431448254773941;0.6691306063588582;-0.433883739117558;-0.9009688679024191;1.0;0.002955500978229197;0.002081338717062815;0.005786121633434625;0.9607189501626732;2.2677590307105664;0.002939422930271977;1.0;0.0005407428975500188;0.004866686077950168;0.009816563370908032;1.3511547237271473;2.135845403025363;0.006630683360711989;1.0;0.004058475172899325;0.0007040212034621278;0.007412929142336522;1.276070349785697;2.541168238241096;0.011317169881458842;-1.0;0.0014868660168511482;0.00582355856600033;0.014207830827688749;1.9031628712490831;2.7886331909460926;0.00990272868002131;False;True;False
2022-11-07;0.00649786199379559;0.022520084918619655;3179.285714285714;0.4232902033271719;0.024497650939410878;-0.5000000000000004;0.8660254037844384;0.9945218953682733;0.10452846326765346;0.0;1.0;-1.0;0.0019575992336207256;0.003123828564288392;0.012911824732392019;1.0937279932183082;2.2958475795232145;-0.0042539495962946264;-1.0;0.0014273719563392107;0.0016792611251049538;0.006842989084802686;1.148981833924305;2.4752243084280496;-0.0054921129886365645;1.0;0.0033709758975223325;0.0010112927692566998;0.00851171414124389;1.512546228315849;2.6729553757647557;-0.004713946006434507;1.0;0.0012169023540766228;0.0013847509546389158;0.00419621501405732;1.261209242313446;2.7247338947754955;-0.003291112135219582;False;True;False
2022-11-08;0.0005142269454919438;0.03257111916364697;3266.785714285714;0.09462915601023018;-0.0034444932924148587;-0.5000000000000004;0.8660254037844384;0.9945218953682734;-0.10452846326765333;0.7818314824680298;0.6234898018587336;-1.0;8.566044200788077e-05;0.002698303923248244;0.013106047627205757;1.5758875695217431;2.601761392689465;-0.004875867341786719;1.0;0.00043278802042759454;0.0015580368735393405;0.004587553016532502;1.052851996166576;2.627467110060967;-0.005736376106746421;1.0;0.003280669947336614;0.0029785029785029784;0.01394284727618061;2.0503211174011264;2.777655832364792;-0.004812085903586973;1.0;0.0002570143499678732;0.0021846219747269223;0.004840436924394945;1.0833836439046205;2.680099053851458;-0.0003703545432532202;False;True;False
2022-11-09;-0.008103177633532731;0.028867568956655817;3339.6428571428573;0.49851632047477745;-0.0023362741228304122;-0.5000000000000004;0.8660254037844384;0.9510565162951536;-0.30901699437494734;0.9749279121818236;-0.22252093395631434;-1.0;0.0;0.003421727972626176;0.006586826347305389;1.2776264001047393;2.4137385296016163;-0.0016400164001639877;-1.0;0.0016304814210932807;0.0017592036385480135;0.003732944306187248;0.9693858554924676;2.635270578209237;-0.002484714949304254;1.0;0.0002575438897712152;0.004034854273082371;0.008584796325707172;1.5491701447516784;2.5612608371727537;-0.004710955345652088;-1.0;0.0005983673120485533;0.0030345770825319484;0.005470786853015344;1.2300957970281965;2.6358989411587834;-0.003135318241938079;False;True;False
2022-11-10;-0.006094641069174176;0.027117194183062448;3495.0;-0.031545741324921134;-0.025245172335765488;-0.5000000000000004;0.8660254037844384;0.8660254037844387;-0.4999999999999998;0.43388373911755823;-0.900968867902419;-1.0;0.0;0.007621216766676887;0.021637247601944725;1.3723629047199024;2.0870723263353463;-0.007102700408195571;-1.0;0.0006663409000044422;0.004842077206698947;0.010261649860068412;1.2794660539327984;2.366192557141608;-0.011317423475966622;1.0;0.003035307771280632;0.002053296433513369;0.005936704905593001;1.179641091367737;2.2675122062946382;-0.016060615070516118;1.0;0.007359172204629588;0.005218322108737345;0.019847464430667677;1.588983987131118;2.3433926439732256;-0.012496556067225554;False;True;False
2022-11-11;0.008328831262380695;0.04051508913319609;3773.5714285714284;0.5308108108108108;-0.04230663975643964;-0.5000000000000004;0.8660254037844384;0.7431448254773945;-0.6691306063588579;-0.433883739117558;-0.9009688679024191;-1.0;0.0;0.002143144171094343;0.01544849756663839;1.272673192760723;2.3657891932217843;0.0014178620450397894;1.0;0.0009050592813829306;0.0028509367363562313;0.005068331975744411;1.0923792494629154;2.2982728029836696;0.0019533701912695755;1.0;0.003253943146382248;0.002802006598273602;0.02015637004564559;2.1486124363676193;2.4175226176796745;0.0040554391906947726;-1.0;0.002228263291590534;0.003698917064040287;0.007397834128080574;1.36449958699901;2.3783170643006817;0.006684717387207806;False;True;False
2022-11-14;-0.004224050688608263;0.03652274858239943;3741.0714285714284;0.7286063569682152;-0.03130878824780792;-0.5000000000000004;0.8660254037844384;0.20791169081775931;-0.9781476007338057;0.0;1.0;1.0;0.0004418717688126906;0.0034907869736202552;0.012814281295568027;1.2272437846859494;2.335363215576973;0.002048781437358887;1.0;0.00013139453398738614;0.0007445690259285214;0.00805886475122635;1.0615733308171433;2.4103534147946477;0.0044693763166541185;-1.0;0.00013045747086449816;0.003783266655070447;0.00926248043137937;1.464668096995121;2.49609270816664;0.0053969503101668655;-1.0;0.0;0.0027544596012591817;0.008438265127667016;1.3130998045909479;2.6030750237500055;0.004235921789347213;False;True;False
2022-11-16;-0.004946594291717738;0.023861075515885292;3597.8571428571427;0.3314814814814815;-0.027190810717120987;-0.5000000000000004;0.8660254037844384;-0.20791169081775907;-0.9781476007338057;0.9749279121818236;-0.22252093395631434;-1.0;0.0040913290220403855;0.005279134221987594;0.009942369451409968;1.2378609128282398;2.3285395883139066;-0.0032328745683794257;1.0;0.0003961441964875215;0.0004841762401514151;0.004797746379682204;0.9582330314488227;2.375255547173288;-0.003020382711719028;-1.0;0.002411328861414354;0.003507387434784515;0.007233986584243062;1.6652762536814525;2.3797084521545617;-0.0035363956080404447;-1.0;0.0013609025857149128;0.0018877035866368146;0.010843320602309144;1.8853790166878568;2.729525745410713;-0.00404022530891508;False;False;True
2022-11-17;-0.012171945701357467;0.03501825700585104;3693.9285714285716;-0.29773869346733667;-0.06353955538397195;-0.5000000000000004;0.8660254037844384;-0.4067366430758002;-0.9135454576426009;0.43388373911755823;-0.900968867902419;-1.0;0.0024277403691997618;0.007649672484082268;0.011543218359213962;1.4412794214258373;2.2963714233544312;-0.004612851761803578;1.0;0.0018349465571815221;0.0032570301389972015;0.006238818294417175;1.1097509757052457;2.3019197944216234;-0.008039059954382638;-1.0;0.004399028547862347;0.006369426751592357;0.01186821243642029;1.8147398079699721;2.386081712447126;-0.010729340285741896;-1.0;0.0022478095325473646;0.0013303362539566035;0.008211385843387311;1.1707373799799738;2.455917239411601;-0.010323532122776292;False;True;False
2022-11-18;0.013278763074124601;0.022949017452246805;3684.6428571428573;1.3193612774451098;-0.04081962096834946;-0.5000000000000004;0.8660254037844384;-0.587785252292473;-0.8090169943749476;-0.433883739117558;-0.9009688679024191;1.0;0.005385512970110403;0.004487927475092002;0.012027645633246566;1.2109096407913824;2.361062989102143;0.009638254465840658;1.0;0.003716806233487081;0.0015225471317898884;0.006179750123147194;1.0442926329455808;2.3430658893636545;0.010757178080012697;1.0;0.0005816034359341446;0.001968503937007874;0.004473872584108805;1.1781200669849412;2.4888707591193504;0.013589342859269226;1.0;0.0013395847287340924;0.0009377093101138647;0.005224380442062961;1.4243705299197058;2.6634252994062697;0.01186253703951043;False;False;True
2022-11-21;-9.124920156948626e-05;0.028857373664841576;3634.6428571428573;0.09642301710730948;-0.05304274183791632;-0.5000000000000004;0.8660254037844384;-0.9510565162951535;-0.30901699437494756;0.0;1.0;1.0;4.5628764373060775e-05;0.0002737725862383647;0.009992699397700311;1.2651137456123722;2.472109374318917;0.00021089419137137097;-1.0;0.0011749819233550253;0.0023499638467100506;0.005016268980477224;1.031228631106755;2.5029751393206383;0.002599884337834071;1.0;0.003892283322018556;0.002036659877800407;0.006109979633401222;1.3905855565483347;2.522098165837301;0.004902182602531079;1.0;0.0014933478142818354;0.0009955652095212236;0.006606932754095393;1.3197897086046484;2.6912302287051886;0.0043815504178747085;False;False;True
2022-11-22;-0.003427128427128427;0.021856178134696112;3613.9285714285716;0.7453027139874739;-0.04175103738038148;-0.5000000000000004;0.8660254037844384;-0.9945218953682733;-0.10452846326765423;0.7818314824680298;0.6234898018587336;1.0;0.0024886877828054297;9.049773755656108e-05;0.007647058823529412;1.1316864337962929;2.1896144559716877;0.0031364427636712453;-1.0;0.0033316824996623296;0.001710863986313088;0.005087569222457341;1.1776296231669228;2.4816715717943194;0.0028515683625994735;-1.0;0.0005852955742650038;0.0025662959794696323;0.006438251316915042;1.6192712321667875;2.565911322018521;0.0022685979863683215;1.0;0.0007679103803414943;0.004020236697081941;0.005014003071641521;1.3182555431852785;2.5444800677775126;0.0008279516476236912;False;True;False
2022-11-23;0.0036050013689878616;0.02592760180995475;3393.5714285714284;0.49040139616055844;-0.04106841538441414;-0.5000000000000004;0.8660254037844384;-0.9945218953682734;0.10452846326765299;0.9749279121818236;-0.22252093395631434;-1.0;0.0019096985404446869;0.002910016823534761;0.010185058882371664;0.9876876788481003;2.3497357410262056;-5.587301587300109e-05;-1.0;0.0006857142857142857;0.00192;0.006811428571428572;1.085157491029603;2.55695726208814;-0.0009640545379424321;1.0;0.0035348666391222514;0.00045907358949639625;0.00615158609925171;1.3209335210968125;2.7781881225207226;-0.001053595968850206;-1.0;0.0032525539420037563;0.003344175179806679;0.0076045627376425855;1.6283985059535802;2.8506051056591635;-0.0012177537284154723;True;False;False
2022-11-24;0.01154692082111437;0.01486836720774792;3300.714285714286;1.1253822629969419;-0.03368701194103022;-0.5000000000000004;0.8660254037844384;-0.9510565162951536;0.30901699437494723;0.43388373911755823;-0.900968867902419;-1.0;0.0024007972458778763;0.002899075919550643;0.0053451712266714985;0.9263917305872212;2.260641070069117;0.0030300742418523444;1.0;0.001585575790522787;0.0023104104376189183;0.004484914378907311;0.9882065909446592;2.650992926037325;0.004587917477852778;-1.0;0.0013582035494386093;0.0010412893879029337;0.003621876131836291;1.222161562447308;2.6497323427075763;0.00679429259276055;1.0;0.0011786038077969175;0.00022665457842248413;0.007343608340888486;1.2927108141795423;2.753890132094534;0.006298849884087157;True;False;False
2022-11-25;-0.0060198300283286115;0.03053089327776771;3359.6428571428573;0.6602373887240356;-0.01567917523242613;-0.5000000000000004;0.8660254037844384;-0.8660254037844386;0.5000000000000001;-0.433883739117558;-0.9009688679024191;1.0;0.0021375133594584966;0.0006234413965087282;0.007347702173138582;1.179462872543997;2.382614173853301;0.0009850712452778004;-1.0;0.0019061128596125714;4.432820603750166e-05;0.004477148809787668;1.0930888835125145;2.625188281312177;0.00048390760327471317;-1.0;0.0022664652030930585;0.0003999644476046574;0.01022131366100791;1.736159083799008;2.724801786245681;-0.0023483989093875963;-1.0;0.0010299122335661831;0.0012090274046211713;0.0037614185921547557;1.297988600578874;2.936349519544352;-0.005062736070001237;False;False;True
2022-11-28;-0.0070435418953530915;0.03495724973281083;3415.714285714286;-0.14267515923566879;-0.04589881517420807;-0.5000000000000004;0.8660254037844384;-0.40673664307580015;0.913545457642601;0.0;1.0;1.0;0.0011515430677107323;0.005849838783970521;0.01759557807461999;1.5334016198249194;2.343680374006694;0.00017218677200447134;-1.0;0.0006837139340899768;0.0024157892337845844;0.004056702675600528;1.1221597179453464;2.6205185313653363;0.0006640914114224018;-1.0;0.0021442584059491766;0.003969159176969752;0.008348921027419133;1.824496035017962;2.5887548088949264;0.0008078036884622134;1.0;0.002011888431641518;0.0024691358024691358;0.005578417924096937;1.5575800454963762;2.737376162640667;-7.104939963260265e-05;False;True;False
2022-11-29;0.007131754594495748;0.019898664210041456;3290.714285714286;1.0347222222222223;-0.029171137782341316;-0.5000000000000004;0.8660254037844384;-0.20791169081775898;0.9781476007338057;0.7818314824680298;0.6234898018587336;-1.0;0.005447117566954153;0.0009078529278256923;0.0064911484339537;1.3692600463980396;2.4922833616520714;0.0015486044904485174;-1.0;0.001815953148408771;0.0009987742316248242;0.0040404957552095154;1.1425259567838595;2.665331727858754;0.002318181818181818;1.0;0.0008636756216191645;0.0021819173598799945;0.004182008273103323;1.5733259225906504;2.6457840810143494;0.004025911127255072;1.0;0.0006810751907010534;0.002361060661096985;0.0039048310933527063;1.6737498005645166;2.803137458709948;0.0034427659070403534;True;False;False
2022-11-30;0.003404407812220032;0.02796187017703132;3297.5;0.7288961038961039;-0.01050018332251068;-0.5000000000000004;0.8660254037844384;-1.133107779529596e-15;1.0;0.9749279121818236;-0.22252093395631434;-1.0;0.004419642857142857;4.464285714285714e-05;0.007098214285714286;1.1570183641075882;2.3906787457832226;-0.002377293366953691;-1.0;0.002461841457410143;0.00031332527639765453;0.004386553869567164;1.3428206899065511;2.6469360662562744;-0.001594062118608083;1.0;0.0008518651362984218;0.001793400286944046;0.007263271162123386;1.6471060398276942;2.4903044766096247;-0.00013388673182487614;-1.0;0.0022314455304146027;0.002543847904672647;0.005757129468469674;1.7195641233788368;2.8350028370651654;0.0009976919067827292;True;False;False
2022-12-01;-0.004865103936311367;0.021875;3215.3571428571427;0.7755102040816326;-0.004151581407288725;-2.4492935982947064e-16;1.0;0.20129852008866006;0.9795299412524945;0.43388373911755823;-0.900968867902419;-1.0;0.0016888888888888889;0.0010666666666666667;0.007733333333333333;1.0806440004405842;2.371144308449871;0.004640382744724299;1.0;0.0017420824585697057;0.0003126814669227677;0.0029928083262607762;0.8463529049108852;2.694245709693178;0.0020726724582490093;-1.0;0.0007586576222777579;0.00044626918957515175;0.004328811138878972;1.528293742744754;2.703857928350614;-0.0024422757433770347;1.0;0.0038948829296682635;0.000940144155437167;0.00684962170389936;1.6671111438794775;2.5402458855728254;-0.002641011129975534;True;False;False
2022-12-02;-0.0006721935917544253;0.015866666666666668;2988.214285714286;0.3333333333333333;-0.010447983066679387;-2.4492935982947064e-16;1.0;0.39435585511331855;0.9189578116202306;-0.433883739117558;-0.9009688679024191;1.0;0.0021524663677130046;0.0;0.004663677130044843;0.9260385054214252;2.398200176002139;0.0009443152223613121;-1.0;0.0007156915369475756;0.0018339595634281624;0.002728573984612632;0.7350719936116829;2.5136384689185167;0.001257655293088422;-1.0;0.0016553328561202576;0.0025948460987831067;0.005144953471725125;1.2670585896239814;2.5819397501836883;0.0011095189762573034;-1.0;0.0002686847879629215;0.010881733912498321;0.013075993014195512;2.0522179273971672;2.510989576778298;0.00024427694025681076;True;False;False
2022-12-05;0.0051677284269612865;0.035650224215246634;2980.0;0.6515723270440251;0.003998104404589477;-2.4492935982947064e-16;1.0;0.8486442574947509;0.5289640103269624;0.0;1.0;-1.0;0.00022160173735762088;0.0018614545938040155;0.009839117138678367;1.3004307732062057;2.4901161760611505;-0.0031366009568617966;-1.0;0.0005360253718676017;0.00026801268593380084;0.002858801983293876;0.8769053420115124;2.555486447672326;-0.0036156742212872343;1.0;0.0011189687583922658;0.0012532450093993375;0.006266225046996688;1.6999716020564353;2.653337624718378;-0.003120959472111998;-1.0;0.0006241640659830584;0.0008916629514043691;0.007891217119928667;1.5380610954943557;2.704308755001564;-0.003594521968461861;False;False;True
2022-12-06;0.002648885641213007;0.02978327350086425;3027.1428571428573;0.08630952380952381;-0.018826605289326375;-2.4492935982947064e-16;1.0;0.9377521321470804;0.3473052528448203;0.7818314824680298;0.6234898018587336;1.0;0.0010476450760681425;0.0008198961464881115;0.004099480732440558;1.2763826309173396;2.422093571155111;-0.0020956738222566197;1.0;0.00022725206799381874;0.0008181074447777475;0.0051813471502590676;1.1771593544381125;2.779164188524889;0.0002464330079412804;-1.0;0.0019463178382293034;0.005431584664825963;0.009097904313583488;2.0979478051768994;2.7557681234976483;0.0026499408045543736;1.0;0.0002720471548401723;0.004488778054862843;0.004896848787123102;1.4454871418846615;2.722733378421537;0.003435387513726453;False;True;False
2022-12-07;-0.008087471196855375;0.013847134918465884;2851.4285714285716;0.24013157894736842;-0.016181867883182238;-2.4492935982947064e-16;1.0;0.9884683243281114;0.1514277775045767;0.9749279121818236;-0.22252093395631434;-1.0;0.0007743463605721054;0.0016853420788922292;0.005648173453584768;1.4090273121320367;2.5774919448623783;0.002234001502873679;1.0;9.139097057210747e-05;0.00027417291171632244;0.004112593675744836;1.062237774716897;2.724571013230571;0.0005210072131679281;-1.0;0.001456796867886734;0.003323317854866612;0.005371938450332332;1.810002917570853;2.7146243449301983;-0.002257347768211784;1.0;0.002368588867632322;0.0017308918648082355;0.007834563177553065;1.6543473734136231;2.9634222576633453;-0.00025211270446343266;False;False;True
2022-12-08;-0.0018241517694272164;0.015304728067778082;2808.5714285714284;0.40476190476190477;-0.015515260008231026;-2.4492935982947064e-16;1.0;0.9987165071710528;-0.05064916883871264;0.43388373911755823;-0.900968867902419;-1.0;0.0027869152046783624;0.0011878654970760233;0.011284722222222222;1.3729424091231814;2.4729712023610326;-0.002296064473899466;1.0;0.0009204289198766625;0.0021169865157163238;0.005062359059321644;1.0548098563481656;2.7142095441215677;-0.002663849722132917;1.0;0.000780783539245855;0.002526064391677766;0.004914343452900381;1.3196534569272802;2.6984795873647305;-0.003607238933724716;1.0;0.0022467788527672063;0.0011921683708560687;0.0048603787427208955;1.3578938721369833;2.9375600287635204;-0.0017450142450143042;False;True;False
2022-12-09;0.006624988336288141;0.02526498538011696;2776.4285714285716;0.325497287522604;-0.026182405748304077;-2.4492935982947064e-16;1.0;0.9680771188662043;-0.2506525322587204;-0.433883739117558;-0.9009688679024191;1.0;0.0015294771968854283;0.001946607341490545;0.005144605116796441;1.1004358686765778;2.6278592045170557;-0.0009305529849672592;1.0;0.0006015176753655377;0.0017582824356838793;0.003146400148065889;0.8269583067437064;2.8313701690987836;0.0016079235183216098;-1.0;0.0009246844514309492;0.0017569004577188034;0.0061029173794442644;1.4201613225894372;2.907472578763127;0.0033815304518157083;-1.0;0.0003247355724624235;0.0032473557246242347;0.006309148264984227;1.7393166285792423;2.6991883331133693;0.0018348813529537474;True;False;False
2022-12-12;0.0010669883095193913;0.014599555061179088;2717.8571428571427;0.48253968253968255;-0.024603020345066062;-2.4492935982947064e-16;1.0;0.6513724827222223;-0.7587581226927909;0.0;1.0;-1.0;0.0;0.004031697483664674;0.008387784420038;1.2176572397816336;2.4469423107842476;-0.0025185529956300865;-1.0;0.0009774261112404003;0.0007447056085641145;0.003863160344426344;1.0691581818856226;2.6196318823042386;-0.00278827267026345;1.0;0.001585894864499277;0.002565418163160595;0.006483511357805868;1.6037570381408055;2.7182341154134533;-0.0033195278204353066;-1.0;0.00037228349388059007;0.00018614174694029504;0.018986458187910095;2.294335016252173;3.2006026924246767;-0.006695217476045224;False;False;True
2022-12-13;0.002052212093733594;0.03827795541962093;2808.214285714286;0.29418886198547217;-0.04713496047125884;-2.4492935982947064e-16;1.0;0.48530196253108104;-0.8743466161445821;0.7818314824680298;0.6234898018587336;1.0;0.0014764717088969327;0.0016193560678224423;0.007477614783768337;1.403837580372702;2.3250215588438454;0.0023762856179395625;1.0;0.0009484516526770048;0.0009484516526770048;0.0039834969412434204;0.9906630169329234;2.446102095814188;0.0017509819696180967;1.0;0.0020349249917183286;0.0026028110359187923;0.00596280346410487;1.6406681962332972;2.55676173286653;0.003943685639417921;1.0;0.010681034075334373;0.00018904485089087385;0.011578997117066024;1.9281801822527689;2.4588577930347872;0.004061584962690092;False;True;False
2022-12-14;0.01471794624330454;0.037197561440274335;2970.3571428571427;0.5236875800256082;-0.04106746684117281;-2.4492935982947064e-16;1.0;0.29936312297335804;-0.9541392564000488;0.9749279121818236;-0.22252093395631434;-1.0;0.003138672246528438;0.0038044512079132586;0.01336313486779532;1.1485450176806289;2.286705621856755;-0.005025606662518547;1.0;0.0017231476163124641;0.0005265173272065863;0.003398430021060693;0.8927416180220759;2.573191361621727;2.656127154122214e-05;-1.0;0.0029643796318431746;0.0008606263447286637;0.0047812574707147976;1.3342114523423225;2.639689578713969;0.003658504161016832;1.0;0.0007656967840735069;0.0019142419601837673;0.007513399693721287;1.3384238482639663;2.7658636681962654;0.00534997063072507;False;False;True
2022-12-15;-0.00596252129471891;0.027487159977173294;2870.714285714286;0.4826989619377163;-0.03995173707675679;-2.4492935982947064e-16;1.0;0.10116832198743272;-0.994869323391895;0.43388373911755823;-0.900968867902419;-1.0;0.002665904979529658;0.0028563267637817767;0.005807864419689612;0.92841625898153;2.344044631204555;-0.0009417989417989572;1.0;0.0024285714285714284;0.00019047619047619048;0.0033333333333333335;0.7997493505710102;2.67978394180589;-0.002543157004256188;1.0;0.00123715264560335;0.0021888085268366958;0.005519604111153407;1.1396754922973849;2.493833859877346;-0.003434631212409036;1.0;0.005318391186666034;9.497127119046488e-05;0.012963578517498457;1.6441564410915006;2.5255514894490236;-0.0006179239848766333;True;False;False
2022-12-16;-0.006896551724137931;0.02789679139293535;2799.6428571428573;0.14334470989761092;-0.03732517062248302;-2.4492935982947064e-16;1.0;-0.10116832198743204;-0.9948693233918952;-0.433883739117558;-0.9009688679024191;1.0;0.0013318112633181126;0.0025684931506849314;0.00442351598173516;0.8142504303883118;2.3197334637090377;-0.004674748435147678;1.0;0.00014261944378416924;0.00038031851675778466;0.0038982647967672926;0.94421834804146;2.709377381471904;-0.003648251681986165;-1.0;0.004596067282634447;0.0;0.007059938403221985;1.3300830773536518;2.7349050195690645;-0.0043752012117566335;1.0;0.0021849617631691447;0.0016149717379945851;0.004844915213983755;1.2684148321561481;2.7864518143837587;-0.0029155133781467992;False;False;True
2022-12-19;0.002769554006303123;0.018074581430745813;2781.0714285714284;0.46842105263157896;-0.036270642738643485;-2.4492935982947064e-16;1.0;-0.651372482722222;-0.7587581226927911;0.0;1.0;-1.0;0.001142857142857143;0.004904761904761905;0.008809523809523809;1.0953799666382462;2.4228101958464494;0.000997463894990335;1.0;0.00047753211403466883;0.0010505706508762715;0.004059022969294685;0.8704776837217586;2.6710286173163964;0.0020905443883438364;1.0;0.00042869391254644185;0.0027626941030770694;0.007954653710583976;1.4996905444492485;2.792265456940715;0.003355351179376984;-1.0;0.002986631269555324;0.0;0.00526215985588319;1.3982699475621796;2.8641953186782207;0.004081007739660154;False;True;False
2022-12-20;-0.0007491688907618111;0.027142857142857142;2737.1428571428573;0.8807017543859649;-0.01877752949506653;-2.4492935982947064e-16;1.0;-0.7907757369376986;-0.6121059825476627;0.7818314824680298;0.6234898018587336;-1.0;0.000984021367321119;0.0007497305655779955;0.004123518110678975;1.086673264602051;2.4935965218007716;0.0010229111215489949;-1.0;9.39364050537786e-05;0.0013151096707529003;0.002865060354140247;1.1046023998789893;2.7981825127554325;0.00023518344308560678;1.0;0.00174035747883349;0.0007055503292568204;0.01566321730950141;2.4339322252533613;2.9323591012241885;0.0020632488948722806;1.0;0.0030639246088853813;9.284620026925398e-05;0.010120235829348683;2.076129834717975;2.9791443486985467;0.006418432632069609;True;False;False
2022-12-21;0.0034757157230403367;0.033972166252752914;2821.0714285714284;0.9793103448275862;0.008966754035039316;-2.4492935982947064e-16;1.0;-0.8978045395707417;-0.44039415155763423;0.9749279121818236;-0.22252093395631434;-1.0;0.0009114939385653086;0.0011849421201349012;0.007610974387020326;1.1573698403261217;2.4093739549871813;0.0011507772838600199;1.0;0.0028872593950504126;0.002153987167736022;0.006049495875343721;1.3955412476365638;2.634261643192382;0.0015718951255990433;1.0;0.004670115837186942;0.0013277780321413854;0.006593104711322742;1.9047801480387894;2.597138373340593;0.0013117354565144;-1.0;0.0031115585247551937;0.0009151642719868216;0.01313260730301089;1.7134100146931093;2.7534729575591395;-0.0003335129172118171;False;True;False
2022-12-22;-0.003200731595793324;0.018685625740588824;2814.285714285714;0.6048780487804878;0.0023311095069726384;-2.4492935982947064e-16;1.0;-0.9680771188662041;-0.2506525322587213;0.43388373911755823;-0.900968867902419;1.0;0.0023853211009174312;4.587155963302752e-05;0.00518348623853211;1.0527300000308242;2.3880495815234664;0.0013164582697977173;1.0;4.574356159370569e-05;0.0013723068478111707;0.003659484927496455;0.8910612065415785;2.6225828906895643;0.0013743090420407305;1.0;0.0010953402400620694;0.00205376295011638;0.0049746702569485645;1.4201814717821855;2.6470136494977163;0.0018273022236395793;-1.0;0.00027333606669400026;0.000637784155619334;0.006150061500615006;1.4467719869405138;2.6218404423380726;0.0015061773625612564;False;True;False
2022-12-23;0.0015540725843312918;0.018623853211009175;2675.3571428571427;0.6748768472906403;0.009137130646230934;-2.4492935982947064e-16;1.0;-0.9987165071710528;-0.05064916883871355;-0.433883739117558;-0.9009688679024191;1.0;0.0003194596568090544;0.0025100401606425703;0.004974443227455275;0.9194075823812974;2.5025872965713383;0.004968856100510474;1.0;0.0017760371601621204;0.002049273646340908;0.004326244364497473;1.1017293920640248;2.552562801105995;0.00525464016588274;-1.0;0.002822030040964952;0.0012744651797906236;0.004142011834319527;1.238998161865448;2.4920760007735447;0.005310513299042546;1.0;0.004233045061447428;0.0015020482476103777;0.013245334547109695;2.0524750409839276;2.4806535749552663;0.005551790778806759;True;False;False
2022-12-26;-0.0017051063447904515;0.023183643665571376;2616.785714285714;0.7696850393700787;0.023616613065742798;-2.4492935982947064e-16;1.0;-0.848644257494751;0.5289640103269624;0.0;1.0;1.0;0.0008989572096368213;0.0004944264653002517;0.005303847536857246;0.692604706586287;2.3809724032572284;0.0018406586573141888;-1.0;0.00040293696275071634;0.0007163323782234957;0.005193409742120344;1.0278063148409535;2.3001309059912325;0.001148822456981492;-1.0;0.001573387278040009;0.002157788267026298;0.008451337379186335;1.5161656230730705;2.4218009684399697;-0.00046170832078689696;-1.0;0.0026196928635953028;0.0024390243902439024;0.008265582655826558;1.3359684841584127;2.5030084479649926;-0.003594786049813376;False;True;False
2022-12-27;0.00592652913499819;0.01649586479683567;2639.285714285714;0.6730245231607629;0.022477490320147887;-2.4492935982947064e-16;1.0;-0.72479278722912;0.6889669190756865;0.7818314824680298;0.6234898018587336;-1.0;0.0017539914549134247;0.0015291207555655497;0.005127051945131549;1.0159147132440156;2.236170547686946;0.001246583160614067;-1.0;0.0022077044379364722;4.505519261094841e-05;0.003063753097544492;1.1445872207571288;2.548738983756149;0.0018036704694052396;-1.0;0.0018938539928755017;0.0009018352347026198;0.00635793840465347;1.8832457178396864;2.598358507701414;0.0016492191349645538;-1.0;0.0006335128286347799;0.0022625458165527854;0.014661296891262048;2.661850103588754;3.004548000248913;-0.002528605807144187;True;False;False
2022-12-28;0.002634208374965937;0.021812457836743872;2676.4285714285716;0.5917525773195876;0.015880612399854586;-2.4492935982947064e-16;1.0;-0.5712682150947924;0.8207634412072763;0.9749279121818236;-0.22252093395631434;1.0;0.0;0.001630730204747237;0.005118680920456605;1.078268058289744;2.217025845044631;0.0032551397603535594;-1.0;0.000541687356114296;0.0021216088114476596;0.0028438586196000543;1.135423981455135;2.43743905673841;0.003978107865416474;1.0;0.00216714072870107;0.0037924962752268723;0.006456273420921938;2.2683758250282438;2.599640376984127;0.005144404332129964;1.0;0.0009927349848833536;0.0032038265421235504;0.010559090293759307;2.1343528788948105;2.867698988831374;0.0056995386562240825;False;True;False
2022-12-29;-0.0013810308727224129;0.01893458959956514;2636.0714285714284;0.8995215311004785;0.03191354685755717;-2.4492935982947064e-16;1.0;-0.3943558551133187;0.9189578116202306;0.43388373911755823;-0.900968867902419;1.0;0.00035688793718772306;0.000936830835117773;0.006736259814418273;1.2709747901604165;2.2770766690887627;0.0020607172084676456;-1.0;0.0014642587744597773;0.0021742024226826997;0.0038159471091982074;1.3343457850313538;2.53012303222383;0.0032939343284170727;-1.0;0.0004437935472418231;0.0028846580570718503;0.00403852127990059;1.5371104661820578;2.5706527318388614;0.0038242710445935252;-1.0;0.001998490029755296;0.001865257361104943;0.005151663187813652;1.3623749579152007;2.5710028576829416;0.0024803351911142878;False;False;True
2023-01-02;-0.005718917458459045;0.01757673090649536;2664.285714285714;-0.2436548223350254;0.016698630357755435;0.49999999999999994;0.8660254037844387;0.39435585511331855;0.9189578116202306;0.0;1.0;-1.0;0.0016757246376811594;0.0026268115942028984;0.010960144927536232;0.9756152963091363;2.2035395883737117;-0.004660658469986864;-1.0;9.118263882556761e-05;0.0010486003464940275;0.003009027081243731;0.650434458933009;2.461929218623845;-0.008607520414947417;-1.0;0.0011875942081944;0.0024665418170191386;0.010231580870597909;1.646444982666816;2.5728315505161863;-0.012920134259046393;-1.0;0.0005057936361964318;0.0019312120654772853;0.009242229170498436;1.3076469994112814;2.62425889614684;-0.014588477366255069;False;False;True
2023-01-03;0.005121042830540037;0.030072463768115943;2638.5714285714284;0.2063253012048193;-0.003645761225714154;0.49999999999999994;0.8660254037844387;0.5712682150947923;0.8207634412072763;0.7818314824680298;0.6234898018587336;-1.0;0.0008800370541917554;0.0031959240389069013;0.009634089856415007;2.1677460074130304;2.4650704484413506;-0.0011592402835999304;1.0;0.0017699939447575574;0.0004192090921794215;0.0041455121337742795;1.8835510084674363;2.7660337878805894;-0.0016219092040764072;-1.0;0.0031146855097392034;0.0007438054948630933;0.00962298358979127;2.5598297222851554;2.664105210217958;-0.0022599398388429563;1.0;0.0015429934072099874;0.004021134333941179;0.006405760508720251;2.2152600605775508;2.688349382529756;-0.002720029069012936;False;True;False
2023-01-04;0.005238095238095238;0.028485409911996294;2579.285714285714;0.1886178861788618;-0.02377891436446204;0.49999999999999994;0.8660254037844387;0.7247927872291199;0.6889669190756866;0.9749279121818236;-0.22252093395631434;1.0;0.002700142112742776;0.0011842728564661299;0.0047370914258645196;1.43337534905232;2.418848747082018;-0.005711220497286336;1.0;0.000946611132146914;0.0012779250283983339;0.0035497917455509275;1.0127997244492843;2.5860575439535722;-0.003413793827860744;1.0;0.0009926731269203498;0.0030252895296620183;0.007043252186244387;2.266378934445925;2.676939722463864;0.0006807316294096705;-1.0;0.001979451409180884;0.0010839852955038176;0.005467056272975775;1.7656182134198386;2.662320697153067;0.002131200033595195;False;False;True
2023-01-05;0.003836436792364555;0.018190431075319754;2519.285714285714;1.109375;-0.006033933638311425;0.49999999999999994;0.8660254037844387;0.8486442574947509;0.5289640103269624;0.43388373911755823;-0.900968867902419;-1.0;0.0015846383296047725;0.002004101416853095;0.004381058911260253;1.0831484105005584;2.649125840251591;0.0015237029090286718;1.0;0.0006996594990437987;0.0008862353654554784;0.0037781612948365128;0.9338263664598108;2.853117126716168;0.0030717676626640603;-1.0;0.002280554779856651;0.00046541934282788794;0.004654193428278879;1.4027259931476543;2.7655821485066037;0.003632030258283404;-1.0;0.0006061736454350461;0.003030868227175231;0.0060151077123939195;1.683704806745818;2.8567996269163336;0.002819973514060963;True;False;False
2023-01-06;-0.0013736263736263737;0.0244220730797912;2497.1428571428573;0.916030534351145;0.010571382898129679;0.49999999999999994;0.8660254037844387;0.9377521321470804;0.3473052528448203;-0.433883739117558;-0.9009688679024191;1.0;0.00022925263640531865;0.001879871618523613;0.004355800091701055;0.9542669979115606;2.422485329315854;0.0015910049763382635;-1.0;0.0006862162038519603;0.0016926666361681687;0.0036140720069536576;0.7968396323962644;2.6951184362758034;0.0016489556614144375;1.0;0.0016030779095864058;0.0008702422937754775;0.003984793660971923;1.3836725011606257;2.7791825602639713;0.0017683465959328916;1.0;0.0031099931397210153;0.0005488223187742968;0.014177909901669335;2.181680440227362;2.7025615346761174;0.003635815041110401;False;False;True
2023-01-09;-0.011437613019891501;0.01806510774873911;2502.1428571428573;0.24873096446700507;0.01160474922685122;0.49999999999999994;0.8660254037844387;0.9680771188662043;-0.2506525322587204;0.0;1.0;1.0;0.0007774271733662596;0.004893218091187634;0.01170713861069191;1.3575666420522496;2.4416774916995263;0.0017879600587905951;-1.0;0.0005909359516341651;0.0008636756216191645;0.0021819173598799945;0.7174714649144655;2.8133418593617856;0.0006621278058297868;1.0;0.0023653566229985446;0.0037754730713245995;0.00782387190684134;1.8496957163449066;2.768618311331675;-0.0009788636099884748;-1.0;0.0037693006357856496;0.00018165304268846503;0.0067211625794732065;1.5880486155288924;2.7327446525594623;-0.0014775009993372517;True;False;False
2023-01-10;-0.004173849922874512;0.02281977408880962;2476.785714285714;0.3807615230460922;0.014304231196671048;0.49999999999999994;0.8660254037844387;0.8978045395707416;-0.4403941515576344;0.7818314824680298;0.6234898018587336;1.0;0.0005922551252847381;0.003052391799544419;0.004373576309794989;1.2523969985642855;2.5954781911651326;-0.004780114722753346;-1.0;0.0011836474551579713;0.0017299462806154968;0.00418829099517436;1.1887051802185693;2.7235973167525227;-0.004654531457339429;1.0;0.00022791503327559485;0.002871729419272495;0.005880207858510347;1.7325436330790092;2.762405707439459;-0.004242617088655589;-1.0;0.0016365124102191108;0.001181925629602691;0.002909355395945086;1.322372832223374;2.877147330832573;-0.0028439514255117386;True;False;False
2023-01-11;0.000536240950933953;0.028428246013667426;2440.714285714286;0.8253205128205128;0.03124122017161254;0.49999999999999994;0.8660254037844387;0.7907757369376989;-0.6121059825476626;0.9749279121818236;-0.22252093395631434;0.0;0.002054488610987048;0.0016971862438588657;0.0037516748548459132;1.1761184210492084;2.659786839093816;1.4887598630254269e-05;-1.0;0.0023224653863331843;0.00031263957123715944;0.003573023671281822;1.0969363027872958;2.876265291233309;-0.0010679462152482272;1.0;0.003665787473735974;0.0008046850552103357;0.011489114399392016;2.3934938923574323;2.9788822236518473;0.00014797715232772366;-1.0;0.0020864778478202964;0.000754683476871171;0.0064370061262541065;1.7335320332695767;3.029036678585958;0.0008366129551248875;False;True;False
2023-01-12;-0.006930432494078428;0.02175078159892809;2468.214285714286;0.5934291581108829;0.0377966074502245;0.49999999999999994;0.8660254037844387;0.6513724827222223;-0.7587581226927909;0.43388373911755823;-0.900968867902419;1.0;0.0007950530035335689;0.002385159010600707;0.005167844522968198;1.1265554000742624;2.461744028621295;0.006284132931697302;-1.0;0.0018955256777606348;4.408199250606127e-05;0.003835133348027331;0.9991888351510042;2.7128848985988947;0.004058337995269433;-1.0;0.002649825553151084;0.002031532924082498;0.009274389436028796;1.870450009547182;2.5966980930556054;-4.9297267452522496e-05;1.0;0.0027950310559006213;0.00354924578527063;0.007985803016858917;2.2873203122265173;2.528088996201027;-0.0019587288932197324;False;False;True
2023-01-13;-0.0031861226657226302;0.020980565371024735;2492.8571428571427;0.3936842105263158;0.029113128890411743;0.49999999999999994;0.8660254037844387;0.48530196253108104;-0.8743466161445821;-0.433883739117558;-0.9009688679024191;-1.0;0.0023528367220101215;0.0008878629139660836;0.004794459735416852;1.0949383841104345;2.6602676657642688;-0.003151878035164755;-1.0;0.0005780089813703259;0.001022631274732115;0.00698057000578009;1.2855118332743596;2.8839201401126173;-0.004976903591118972;-1.0;0.0009834599910594547;0.0033080017881090746;0.004962002682163612;1.6387890191259473;2.90790869766303;-0.0070280076542656895;1.0;0.002236636099306643;0.0016551107134869156;0.005591590248266607;1.5610964987460871;2.854023103157743;-0.006763026144082826;False;True;False
2023-01-16;-0.00794713813733369;0.013229157418094646;2424.6428571428573;-0.20469798657718122;0.012293765646248431;0.49999999999999994;0.8660254037844387;-0.10116832198743204;-0.9948693233918952;0.0;1.0;1.0;0.002835283528352835;0.0015301530153015303;0.006390639063906391;0.9977336440685919;2.5106195939529274;-0.001766599296354561;-1.0;0.0004491152429713464;8.982304859426928e-05;0.002919249079313752;0.9378780434658499;2.703821515838598;-0.0035164593306222665;-1.0;0.0032862158998829567;0.0026109660574412533;0.006617448455928694;1.7110607295574372;2.760059552631949;-0.005465957894104486;1.0;0.002207505518763797;0.0019371987205478217;0.004189755372347614;1.2710975929233246;2.8295823646765923;-0.005365848775164988;False;False;True
2023-01-17;0.0004092583329543904;0.017416741674167416;2456.785714285714;0.1524547803617571;-0.00011816785289011298;0.49999999999999994;0.8660254037844387;-0.2993631229733582;-0.9541392564000488;0.7818314824680298;0.6234898018587336;1.0;0.001;0.0005454545454545455;0.0045;1.2940433023203555;2.5944309128517618;0.00046831331671580797;1.0;0.0006344602555968459;0.0005891416659113568;0.00267379679144385;1.227006285446503;2.7339241001439514;0.0017950342414095669;1.0;0.00018101185627658611;0.0003167707484840257;0.008281292424653815;2.0247427134441187;2.8301280850719874;0.004460410118245815;-1.0;0.0031880023348749495;0.001257240357415473;0.005477975843024561;1.6520551888930872;2.970525767412038;0.005893163929841442;True;False;False
2023-01-18;0.0035549235691432635;0.024727272727272726;2477.8571428571427;1.0955882352941178;0.02375572020788805;0.49999999999999994;0.8660254037844387;-0.4853019625310808;-0.8743466161445822;0.9749279121818236;-0.22252093395631434;1.0;0.0032766560396741058;0.0007970244420828905;0.006951824300389656;1.6221136552217217;2.677643615993334;0.0035419763443075587;1.0;0.001059649432646033;4.4152059693584704e-05;0.004900878625987902;1.347647033894242;2.769659254101571;0.005468807272194163;-1.0;0.0015394765779634925;0.002287222344402903;0.004970310094567847;1.8879526398552642;2.7983724259442795;0.007065236005303791;1.0;0.0026861596723765906;0.0003082478312563301;0.004447575850984192;2.251502051020677;2.776931561812834;0.0066006116925120695;False;True;False
2023-01-19;-0.011061946902654867;0.013416578108395324;2450.714285714286;-0.7095709570957096;0.011465538893904732;0.49999999999999994;0.8660254037844387;-0.651372482722222;-0.7587581226927911;0.43388373911755823;-0.900968867902419;1.0;0.00013422818791946307;0.002192393736017897;0.0037583892617449664;1.058105796220449;2.465718270752363;-0.005182736127245108;-1.0;0.0008042176749173443;0.0017871503887052094;0.003574300777410419;1.0368795479150306;2.650105525743701;-0.007861260186841596;1.0;0.0008497696676953352;0.00017889887740954425;0.008318797799543807;1.87736159329176;2.7993019406529616;-0.007982318523123083;1.0;0.001243173644718732;0.0008879811747990943;0.006926253163432935;2.033542281690235;2.812085586136889;-0.0037755487801884053;False;True;False
2023-01-20;0.003215434083601286;0.02384787472035794;2500.3571428571427;0.8911819887429644;0.028805283151822857;0.49999999999999994;0.8660254037844387;-0.7907757369376986;-0.6121059825476627;-0.433883739117558;-0.9009688679024191;-1.0;0.001141552511415525;0.00043905865823674043;0.005444327362135582;1.199225254384462;2.574515454943657;-6.856292117213029e-05;1.0;0.0019834273624823695;0.00048483779971791256;0.0032175599435825108;1.2352924691350096;2.791783251577555;-0.001384912770070324;-1.0;0.001849812816560229;0.0005285179475886368;0.007707553402334287;1.9866756183380112;2.8400444721994607;-0.0028289447789978566;-1.0;0.0008413035777541623;0.001018420120439249;0.003365214311016649;1.6604666328052442;2.8761615340167355;-0.004000985464400084;True;False;False
2023-01-23;0.0012382805589952238;0.012864418686336495;2335.714285714286;0.447098976109215;0.0209695603156708;0.49999999999999994;0.8660254037844387;-0.9987165071710528;-0.05064916883871355;0.0;1.0;-1.0;0.0013692579505300354;0.0006625441696113075;0.006183745583038869;1.1283615291259816;2.3893967915039473;-0.00032526094798786053;1.0;0.001286259203406369;0.00026612259380821434;0.003104763594429167;1.2077148029928133;2.5878878699895838;-0.0005855463541128337;1.0;0.0006642752756742394;0.00039856516540454366;0.00859129356538683;2.1072362133179374;2.7459700295899196;0.0005323331330979915;-1.0;0.0010988527976792228;0.0008790822381433783;0.004351457078809723;1.4902186364236265;2.6706872854639347;0.002256783813817769;False;False;True
2023-01-24;-0.0026254894980420078;0.01417844522968198;2230.714285714286;-0.1308411214953271;0.01030909246629373;0.49999999999999994;0.8660254037844387;-0.9884683243281114;0.15142777750457667;0.7818314824680298;0.6234898018587336;1.0;4.461696336947308e-05;0.00174006157140945;0.0034801231428189;0.7968200123686919;2.763665781728744;-0.0030387164145125782;1.0;0.001113486549082487;8.907892392659897e-05;0.005968287903082131;1.425014927639592;2.786969813261489;-0.0021967088769695555;1.0;0.003945210337337648;0.0003546256483000133;0.005718338578837715;1.7936296102456657;2.93018569135784;-0.0003000211490318313;-1.0;0.0006197158160329335;0.003629764065335753;0.005046257359125316;1.6113289960908903;3.082073402220236;0.00176218392671679;False;True;False
2023-01-25;-0.0037313432835820895;0.01900682639539553;2235.0;0.7535211267605634;0.02146448166134818;0.49999999999999994;0.8660254037844387;-0.9377521321470804;0.3473052528448203;0.9749279121818236;-0.22252093395631434;1.0;0.0036571932143643973;0.0024234412866270105;0.007622824410663142;1.3562085270501498;2.50299852117543;0.002664124749474536;-1.0;0.0015838099428068632;0.00048394192696876373;0.002199736031676199;0.753852377444544;2.624226530870742;0.0017306874349158003;-1.0;0.0021561207427615945;0.0002640147848279504;0.006468362228284784;1.8397275139802187;2.7851444126418605;-0.0004614493436619156;0.0;0.0009278077228947601;0.004285588053371035;0.005213395776265795;1.6640601738007845;3.000600836006975;-0.0020127045840574445;False;False;True
2023-01-26;-0.002168350752417711;0.02388191231548799;2241.4285714285716;0.9077490774907749;0.03317669616055572;0.49999999999999994;0.8660254037844387;-0.848644257494751;0.5289640103269624;0.43388373911755823;-0.900968867902419;1.0;0.002216523968881742;0.0007823025772523795;0.004998044243556869;1.379878773563909;2.618164597724374;0.002641027494638369;1.0;0.001344610713511169;0.0013879852526566905;0.002775970505313381;1.0381985124156299;2.6782495903877663;0.0024240496568740284;-1.0;0.002645732130464955;0.0008674531575294934;0.004901110340041637;1.582629905649748;2.665189783862181;0.0014091575940081565;-1.0;0.0014767840854797377;0.0029101333449159535;0.005255613951266125;1.9490787354510433;2.777864021638483;0.00027049611886370903;False;True;False
2023-01-27;0.001701051162384961;0.0114303098787431;2194.6428571428573;0.42585551330798477;0.03013570824633368;0.49999999999999994;0.8660254037844387;-0.72479278722912;0.6889669190756865;-0.433883739117558;-0.9009688679024191;-1.0;0.002090046155185927;4.3542628233040145e-05;0.0031350692327788907;0.925762157874659;2.624329506376967;7.748671829220682e-05;-1.0;0.0003487054310870892;0.00113329265103304;0.0027896434486967135;1.1590647953587623;2.9331095973784382;-0.001343303848541293;-1.0;0.0017458862555104534;0.0008292959713674654;0.004059185544061804;1.6020747576507646;3.035534607175526;-0.0016173449315906806;-1.0;0.0015735641227380016;0.0009179124049305009;0.003933910306845004;1.7915734293711831;2.966564526195347;-0.0025437124583546685;False;False;True
2023-01-30;-0.0022151337940811626;0.02129234520595663;2191.0714285714284;-0.006134969325153374;0.009393879636435346;0.49999999999999994;0.8660254037844387;-0.20129852008866114;0.9795299412524943;0.0;1.0;1.0;0.00026640618062339044;0.0018648432643637333;0.006837758636000355;1.317353669168355;2.584248031074354;-0.0005204957476479628;1.0;0.000397737316598904;0.0010606328442637441;0.0037564079901007603;1.0360751132064978;2.7855003903382545;0.0001567705271407977;-1.0;0.001984126984126984;0.002292768959435626;0.0070987654320987656;1.997099390115844;2.8325045852045383;0.0008941555634162495;1.0;0.0003979659518019014;0.004068096396197214;0.005571523325226619;1.8969865905315781;2.7579942852097696;0.0010502552021986794;False;False;True
2023-01-31;-0.003626232698005572;0.011100257525974603;2057.5;0.224;0.00723991407771005;0.49999999999999994;0.8660254037844387;-2.4492935982947064e-16;1.0;0.7818314824680298;0.6234898018587336;1.0;4.438329412809019e-05;0.0014646487062269762;0.003772580000887666;1.046058043517312;2.697829492399202;0.0009102628445468162;-1.0;0.0007528119741386946;0.0003542644584182092;0.0019484545213001505;0.858031921657832;2.697278927486437;0.0012261962800454592;1.0;0.003235241978372629;0.0008420492820421911;0.006071618507356852;2.251872301325107;2.766677424388583;0.0010516952442734353;1.0;0.0007076827811933301;0.0003096112167720819;0.0043787872086337295;1.9653099860866032;2.8945322320918394;0.0019836896627727575;True;False;False
2023-02-01;-0.001052816283558519;0.015756069415472015;2010.357142857143;0.7718309859154929;0.013943278484873447;0.8660254037844386;0.5000000000000001;0.2225209339563144;0.9749279121818236;0.9749279121818236;-0.22252093395631434;-1.0;0.0019321974354470403;0.0006147900930967855;0.0036009134024240297;1.1086710063434795;2.6169125265905837;0.00034191039993749345;1.0;0.0011429073805441997;0.0009231174996703152;0.002329772737263176;1.099256155153185;2.757001036045091;-0.0010351815229863017;-1.0;0.002944407822456603;0.0007470885519666007;0.004790156009668205;2.0342229912719176;2.7279339334751267;-0.0017597888253409592;-1.0;0.0;0.0004399472063352398;0.005719313682358117;2.1711760742260746;2.922700496993941;-0.0029976903041918665;False;False;True
2023-02-02;-0.005588574469972501;0.02595292464430002;2051.785714285714;0.3197969543147208;-0.004327754696912839;0.8660254037844386;0.5000000000000001;0.4338837391175581;0.9009688679024191;0.43388373911755823;-0.900968867902419;-1.0;0.0005352363960749331;0.006199821587867975;0.010392506690454951;1.4278347126030835;2.4185549100554797;0.0021885974075068313;-1.0;0.0004924564623718494;0.002865201235618033;0.004655952007879304;1.1407284228552252;2.743131633283796;-0.0007072699380391833;1.0;0.0006723743780537003;0.00031377470975839345;0.009816665919584024;1.8410841313799837;2.7108110023265977;-0.0021130167757734027;1.0;0.004176664000710922;0.00022216297876121924;0.008353328001421844;2.11020679421354;2.8127092155327156;0.0005212559317449923;False;False;True
2023-02-03;-0.004666334435735967;0.02983942908117752;2177.5;-0.07473841554559044;-0.024816792503917155;0.8660254037844386;0.5000000000000001;0.6234898018587335;0.7818314824680298;-0.433883739117558;-0.9009688679024191;1.0;0.0016385980883022303;0.004050978607191625;0.006645425580336823;1.3420674656993508;2.673048412785864;-0.004638261106816425;1.0;0.0016371077762619372;0.002819463392451114;0.004638472032742156;1.0353383102157607;2.7653372906282647;-0.004309256059733478;1.0;0.001773130256876563;0.0014548761082064105;0.0052739258922482385;1.3996613992047269;2.723931615759355;-0.0033172010485984344;-1.0;0.0020418349289895187;0.0065338717727664595;0.009483188892417987;2.0418045802181646;2.5363007976816223;-0.0017055976908831555;True;False;False
2023-02-06;-0.004410548561977396;0.02275830678197542;2192.8571428571427;-0.046;-0.03737661806906723;0.8660254037844386;0.5000000000000001;0.9749279121818236;0.22252093395631445;0.0;1.0;-1.0;0.0018458698661744347;0.0021227503461006;0.004014766958929395;0.913802195350614;2.4179152360945304;-0.002984293999107878;1.0;0.001199926158390253;0.0009230201218386561;0.00263060734724017;0.7844147636549014;2.679300603858026;-0.0031366760459430785;-1.0;0.0041053554130725586;0.0031828036348540063;0.007795562525946769;1.854396766940677;2.8233829901744314;-0.0036920804873546245;-1.0;0.0034151744508030277;0.0018460402436773122;0.0057227247553996675;1.5293441394455334;2.8466326682097702;-0.00266773376017075;False;True;False
2023-02-07;0.003256880733944954;0.01439778495616059;2110.0;1.060897435897436;-0.027925313231967216;0.8660254037844386;0.5000000000000001;1.0;6.123233995736766e-17;0.7818314824680298;0.6234898018587336;1.0;0.0020575190892048833;0.000777284989255178;0.0038864249462758904;1.0991115798910978;2.5329603224066473;0.002826751113953028;-1.0;4.567461404951128e-05;0.000639444596693158;0.0036539691239609027;1.0910421986895689;2.7227091657458065;0.0025399443146476614;-1.0;0.0010536442347336113;0.004581061890146136;0.008978881304686426;2.3655509932286836;2.70349635618462;0.0016189659046801756;1.0;0.0006435302229372558;0.0029418524477131695;0.004734543783038382;1.4672028883162125;2.8522185469765815;-0.00032649729619419165;False;False;True
2023-02-08;0.0037002775208140612;0.020666636184902384;2141.4285714285716;0.47123893805309736;-0.03389815416670377;0.8660254037844386;0.5000000000000001;0.9749279121818236;-0.22252093395631434;0.9749279121818236;-0.22252093395631434;1.0;0.0003225806451612903;0.0004608294930875576;0.005576036866359447;1.1276918693212172;2.609624522652317;0.001931347968772354;-1.0;0.0023390203632361033;0.00091726288754357;0.0038066409833058153;0.9863815267805495;2.8590699325523605;0.004002488170990358;-1.0;0.001835620210178514;0.0023404157679776053;0.004543160020191822;1.8343660766963201;2.962698888530185;0.005243640555581045;-1.0;0.000918105031215571;0.002478883584282042;0.0037183253764230626;1.352249239155606;2.969981819172599;0.0037705428255091337;False;True;False
2023-02-09;0.003667149583484245;0.018755760368663596;2121.4285714285716;1.1769041769041768;-0.011455504572837656;0.8660254037844386;0.5000000000000001;0.9009688679024191;-0.43388373911755806;0.43388373911755823;-0.900968867902419;-1.0;0.0002255401687040462;0.0006315124723713293;0.006675988993639768;1.0833926045057753;2.632822347935699;0.002071990320629115;-1.0;0.0009982304097282092;0.0011343527383275104;0.002404827805254322;0.7573457391498045;2.7068300188419987;0.0014876674886660057;-1.0;0.0;0.0005899972769356449;0.003948443314877008;1.4900573471143956;2.82599451686902;-0.0005768063145111884;1.0;0.0001366120218579235;0.002231329690346084;0.005646630236794172;1.310851875313444;2.8115062414115912;-0.0010237634148308502;False;False;True
2023-02-10;-0.004116749155835145;0.026613739907077452;2227.5;-0.09152542372881356;-0.03784921537564324;0.8660254037844386;0.5000000000000001;0.7818314824680299;-0.6234898018587335;-0.433883739117558;-0.9009688679024191;-1.0;0.001114723641430562;0.004040873200185788;0.006038086391082211;1.076083019462471;2.715427249168057;-0.0031663386691046205;-1.0;0.0010227325554367534;0.0018595137371577332;0.0040909302217470135;1.0322348984231213;2.7248312160040333;-0.004318258216326651;1.0;0.0018617640214102862;0.0004188969048173144;0.00982080521293926;1.8643446093560347;2.8894972588521313;-0.0034082218218588305;1.0;0.0020787139689578712;0.0007852919438285292;0.005958980044345898;1.5145081512345016;3.1082745300084205;-0.00029677386343295915;False;False;True
2023-02-13;0.0011105455555041415;0.015606130980027869;2232.8571428571427;0.6279761904761905;-0.0314536924289091;0.8660254037844386;0.5000000000000001;0.2225209339563141;-0.9749279121818237;0.0;1.0;-1.0;9.244280101687081e-05;0.0034666050381326552;0.004067483244742316;0.9286188739584672;2.620728127661671;0.00019011797591159845;-1.0;0.0008324469315081163;0.0017111409147666837;0.004393469916292836;0.8901921262838216;2.7673426489352213;-0.00060747398930234;-1.0;0.0012509845711902886;0.0009266552379187323;0.0048649399990733444;1.652826586242993;2.8407305142233814;-0.0014040521357594378;1.0;0.0014402527411261847;0.0013937929752834046;0.0038097007991079726;1.4298156025442756;2.941018402841493;-0.002356824218044934;True;False;False
2023-02-14;0.0018323408153916628;0.017379246591171713;2215.0;1.0;-0.020580352044712053;0.8660254037844386;0.5000000000000001;1.2246467991473532e-16;-1.0;0.7818314824680298;0.6234898018587336;1.0;0.0008687700045724737;0.0008230452674897119;0.004435299497027892;1.1647044894052816;2.6423534104025284;0.001823985408116735;-1.0;0.000729594163246694;0.0006839945280437756;0.0036023711810305517;0.8421217147768745;2.7799899371513312;0.00289938965562763;-1.0;0.0013253507609341437;0.0022393857684749325;0.006626753804670719;1.7942989333544122;2.9251412792191114;0.002562065136558655;-1.0;0.005776107087191712;0.003621527459429724;0.010543687540111854;2.800904654282526;2.8489963891112273;0.00043345010989245526;False;True;False
2023-02-15;0.0188364108750116;0.02007315957933242;2178.214285714286;1.0250569476082005;-0.014453338000767434;0.8660254037844386;0.5000000000000001;-0.22252093395631384;-0.9749279121818237;0.9749279121818236;-0.22252093395631434;-1.0;0.001092896174863388;0.0009562841530054645;0.004189435336976321;0.8503698871767351;2.7172783378169734;0.0035646014288828317;-1.0;0.0006389193136181087;0.0007301935012778386;0.004426798101496897;0.9424885233577939;3.1280563009199294;0.006383357493451307;1.0;0.0019684138246738384;0.001373311970702678;0.004028381780727856;1.349880639182133;3.0655741137966213;0.009703161532987626;1.0;0.005992406568775445;0.0027446136956223413;0.012442248753487947;2.2973628335588927;3.259907980556017;0.008238892433587554;True;False;False
2023-02-16;0.0006728569506122998;0.02818761384335155;2393.5714285714284;0.8190630048465266;0.0018547876425334692;0.8660254037844386;0.5000000000000001;-0.433883739117558;-0.9009688679024191;0.43388373911755823;-0.900968867902419;-1.0;0.002196521427290658;0.0002241348395194549;0.008472296933835395;1.2239204641846977;2.6399767023495624;-0.002290072510611018;-1.0;0.0006313985477833401;0.0008117981328642944;0.0023902945023226447;0.8746620345931204;2.926419942778425;-0.003706713213755526;1.0;0.0005868544600938967;0.0009028530155290719;0.00288912964969303;1.4577916131814703;2.9467385963206563;-0.004307602919152202;1.0;9.01631953836444e-05;0.00450815976918222;0.005274546929943197;1.9608287453149904;2.8656538036017567;-0.0030734884093445917;False;False;True
2023-02-17;-0.008379016802602843;0.019544558006096467;2374.6428571428573;0.536697247706422;-0.0001977225951989359;0.8660254037844386;0.5000000000000001;-0.6234898018587338;-0.7818314824680296;-0.433883739117558;-0.9009688679024191;1.0;0.00031462088183738593;0.0027416962560115063;0.0034158838599487617;1.024598838036726;2.8126027530860758;0.0012680155556553847;-1.0;0.00013479511143062544;0.001213156002875629;0.0018871315600287562;0.757616449449899;2.931626369735004;-0.0007742412435812758;-1.0;0.0013486782952706348;0.0017532817838518252;0.006114008271893544;1.7626697138393124;2.8467252947901223;-0.004333819322320982;1.0;0.0007665945165945166;0.0009018759018759019;0.005321067821067821;1.318176072282897;2.9497135125433185;-0.004193437270671443;False;False;True
2023-02-23;0.005668463984515416;0.01492469399827092;2439.285714285714;0.5091463414634146;-0.016632794228316757;0.8660254037844386;0.5000000000000001;-0.9009688679024193;0.43388373911755795;0.43388373911755823;-0.900968867902419;1.0;0.0012831087892952067;0.0014205847310054074;0.002886994775914215;0.8476325925439107;2.591353420207686;0.0006821629656779802;-1.0;0.0008705612829324169;0.00018327605956471935;0.004536082474226804;0.9439852568350589;2.90538250514845;0.0007356660076325348;1.0;0.002620810152190905;0.0006896868821555014;0.0034944135362545404;1.461055967036092;2.9613572381093496;0.0015885420657176575;1.0;0.0014710614627867422;0.0010113547556658852;0.009423987495977566;1.9047415706710242;3.155044716185443;0.0019732570408245937;True;False;False
2023-02-24;-0.005266773528738264;0.0197507102923655;2382.1428571428573;0.18097447795823665;-0.01914075465648476;0.8660254037844386;0.5000000000000001;-0.7818314824680299;0.6234898018587334;-0.433883739117558;-0.9009688679024191;1.0;0.0004143646408839779;0.0010128913443830571;0.0038674033149171273;0.8966435994480694;2.809126955285833;0.00135233750261534;-1.0;0.0019289060347203086;0.00022963167080003674;0.0022503903738403603;0.8278818490003754;3.085768184186657;-5.1033947781990366e-05;1.0;0.0013319248610664585;0.0016534239654618105;0.0038120608092591744;1.5283843963527113;3.1670923117147907;-0.001142163686333372;-1.0;0.0008719195998347942;0.002202744252214217;0.004864393556973062;1.9303512151948692;3.2144114895724427;-0.0015630746598013976;False;False;True
2023-02-27;0.004325983812447669;0.021132596685082872;2312.5;0.5010893246187363;-0.021517461410871123;0.8660254037844386;0.5000000000000001;-0.22252093395631464;0.9749279121818235;0.0;1.0;-1.0;0.0008336807002917883;0.0008799962947524431;0.004168403501458941;0.8743468717223379;2.606191485158486;0.0021667130962329693;-1.0;0.0018571826539140125;0.0006500139288699043;0.0035286470424366234;1.0005006134912287;2.815721984761197;0.0021947491272644496;-1.0;0.0019056472228677667;0.00027887520334650244;0.0057169416686033;1.683946792976759;2.8826550443877528;0.0010779938948229627;1.0;0.004151313027659872;0.0013526750314846775;0.0061570035915854285;1.9134699406975564;3.061536247378593;-0.00048685239567630625;False;True;False
2023-02-28;0.0016366612111292963;0.012829419665601407;2232.8571428571427;0.3176895306859206;-0.02586328432331152;0.8660254037844386;0.5000000000000001;-2.4492935982947064e-16;1.0;0.7818314824680298;0.6234898018587336;-1.0;0.00261437908496732;0.0012605042016806723;0.004668534080298786;1.0426830732583763;2.602201942147525;-0.0025593504545053545;1.0;0.0009811250233601196;0.00014016071762287422;0.00275649411324986;0.8448773296304688;2.6624879419181235;-0.0023270156671900554;1.0;0.0029385698959839544;0.0017724707309109567;0.01012174075283362;1.9936936423916485;2.880171724399175;3.0928632181196775e-05;1.0;0.0018556318426424198;0.0005102987567266654;0.005010205975134533;1.6828621252738;2.881690386993852;0.002796670728008319;False;False;True
2023-03-01;0.0058158778192822355;0.02376283846872082;2303.214285714286;0.25147347740667975;-0.02945356574982149;1.0;6.123233995736766e-17;0.20129852008866006;0.9795299412524945;0.9749279121818236;-0.22252093395631434;1.0;0.00188040616773223;0.0007991726212861978;0.0038548326438510717;1.0327635026589783;2.849935143197458;-0.006104146123867211;-1.0;0.00018782870022539445;0.0007513148009015778;0.0024887302779864765;0.9942292206926225;2.9121418867473836;-0.0048231931315220475;-1.0;0.0036214843382560437;0.00042329037719875833;0.00804251716677641;2.146365549050797;3.0824143244663476;-0.003074614492662436;1.0;0.0015583679637325273;0.003919531545145447;0.006186248583301851;1.89070083420986;3.106316543006755;-0.0034920485111603985;False;True;False
2023-03-02;0.0029300567107750472;0.02181271154569387;2307.5;0.7478448275862069;-0.028514664750124742;1.0;6.123233995736766e-17;0.39435585511331855;0.9189578116202306;0.43388373911755823;-0.900968867902419;-1.0;0.0003298463858260296;0.00037696729808689097;0.0060314767693902555;1.014701918931203;2.8430900933625236;0.0040477731983724384;1.0;0.00023685457129322596;0.0018474656560871624;0.0026527711984841306;0.8193055094968997;3.008568741060806;0.0026986080863554587;1.0;0.001893760060600322;0.001988448063630338;0.008143168260581384;1.9534833806281098;3.0386960058830006;0.002346680076267118;1.0;0.0011786337277827543;0.0034416104851256422;0.004667389562019707;1.5929719535783582;3.066373762617669;0.0026504913361409532;False;False;True
2023-03-03;0.003062200956937799;0.017246253887475263;2267.8571428571427;0.21311475409836064;-0.03614236256385028;1.0;6.123233995736766e-17;0.5712682150947923;0.8207634412072763;-0.433883739117558;-0.9009688679024191;-1.0;0.001955733638618584;0.001955733638618584;0.00448387712268651;0.9635315649587133;2.8740830252571286;-0.005128123541640259;1.0;0.000620436214384575;0.0005249844890946404;0.0030067293466329403;0.727557699795241;3.045461172834106;-0.003059366531165296;1.0;0.0014290477778307056;0.0014766827037583957;0.003572619444576764;1.652967158298734;3.1121353847477127;-0.0009785098088997098;-1.0;0.0024277621745132576;0.001570904936449755;0.004189079830532679;1.5325683408114845;3.3498640300316276;0.0003015442238409462;True;False;False
2023-03-06;-0.0013340956737183153;0.011639000190803281;2148.214285714286;0.20081967213114754;-0.03286237668533882;1.0;6.123233995736766e-17;0.9377521321470804;0.3473052528448203;0.0;1.0;1.0;0.0008587786259541985;0.00028625954198473283;0.00715648854961832;0.9567445539256946;2.762381873269861;-0.0004057457818245894;-1.0;0.0006165520512212473;0.000379416646905383;0.0019919373962532607;0.6408735637724751;3.144583067723037;0.0008281639026036745;-1.0;0.000854538549183441;0.0014717052791492595;0.0041302696543866315;1.6198960932989055;3.0680830729474753;0.0014585116839468133;-1.0;4.756016360696281e-05;0.00033292114524873965;0.005849900123656425;1.9065238060078256;3.1564104863539892;-0.0009139262163985221;False;True;False
2023-03-07;0.0007076806944706548;0.020419847328244273;2181.0714285714284;0.8154205607476636;-0.01929643269135186;1.0;6.123233995736766e-17;0.9884683243281114;0.1514277775045767;0.7818314824680298;0.6234898018587336;-1.0;0.001131488378671444;0.00037716279289048136;0.005185988402244119;1.0570800272335201;2.8572332334559207;-0.00034700862789638495;1.0;0.000425874225145507;0.000662471016893011;0.00241328727582454;0.7620546150400201;3.101815590858711;-0.001191920146600912;-1.0;0.001134161901611455;0.0005670809508057275;0.005340012286753934;1.9968169368569102;3.154812912883465;-0.0025348342081409504;1.0;0.0032250414986957554;0.00023713540431586437;0.009011145364002845;1.9508615951570365;3.1245351725229815;-0.0015250133635192106;False;False;True
2023-03-08;0.00137317107817605;0.01635943614162463;2170.714285714286;0.6484149855907781;-0.020744582330061122;1.0;6.123233995736766e-17;0.9987165071710528;-0.05064916883871264;0.9749279121818236;-0.22252093395631434;-1.0;0.000898430111594477;0.0011348590883298658;0.0034991488556837527;1.0061489167806101;2.9074807330541903;0.003335911561511758;1.0;0.0006630043568857738;0.0014680810759613563;0.0025099450653532866;0.8631531726491148;2.9216966608270956;0.0032453870268678376;1.0;0.0007101264024996449;0.000189367040666572;0.0037873408133314397;1.6821141360602514;2.930027333597491;0.0031575193017790593;1.0;0.003115558912386707;4.720543806646526e-05;0.00826095166163142;2.128094186529381;3.1010841121495325;0.004185192143110671;True;False;False
2023-03-09;-0.0032407407407407406;0.024352184603745036;2197.8571428571427;0.8640776699029126;-0.0025942740665245993;1.0;6.123233995736766e-17;0.9680771188662043;-0.2506525322587204;0.43388373911755823;-0.900968867902419;-1.0;0.0029725963771481652;0.0003251277287505806;0.0037157454714352067;1.0118153392343112;2.7369136496594524;0.0029635136739825335;-1.0;0.0001858736059479554;0.00013940520446096655;0.003345724907063197;0.8035207480134998;3.1401740794468966;0.0015122090162874252;-1.0;0.002470171513795675;0.0009787472035794184;0.004054809843400447;1.7883145343004025;3.095324385634112;-0.0009534320964624259;1.0;0.0003264620837608432;0.0014457606566551627;0.004523831732114542;1.8735257252261108;3.172832202013262;-0.0016123281087700896;False;True;False
2023-03-10;0.0011330909777630895;0.019693450998606594;2042.142857142857;0.08254716981132075;-0.016650397304773454;1.0;6.123233995736766e-17;0.8978045395707416;-0.4403941515576344;-0.433883739117558;-0.9009688679024191;-1.0;0.001178967224711153;0.0030653147842489977;0.0051402970997406275;1.0325886269506663;2.749303129506346;-0.006324931558576418;-1.0;0.0008496176720475786;0.0;0.0035872746153119985;1.04166594014968;2.9912198820495766;-0.007162690899911696;-1.0;0.00018931326612712385;0.004306876804392068;0.006058024516067963;1.5934910955829638;2.9228971858032344;-0.0069892133316480235;-1.0;0.0052616609783845275;0.00018960940462646946;0.009480470231323474;2.2209823375242577;2.7640287557603687;-0.007377088191899481;False;True;False
2023-03-13;-0.0019093078758949881;0.01881631690639;2028.9285714285713;0.19799498746867167;-0.027765185066361654;1.0;6.123233995736766e-17;0.48530196253108104;-0.8743466161445821;0.0;1.0;-1.0;0.0032520325203252032;0.001482544237207078;0.01329507412721186;1.8328106031188605;2.828216396051822;-0.0019509162338740918;-1.0;0.0011576307158016593;0.0030387806289793556;0.0055952151263746865;1.4849904257083253;3.005441553517261;-0.003354317946406159;-1.0;0.002463411099840603;0.0019803893155581316;0.005168333091822441;1.6046664505182944;2.947434099211883;-0.006670533642691415;1.0;0.001788562865567748;0.0029003722144341857;0.009184512012374921;2.1374275358422885;2.9889489761486137;-0.005330980643781429;True;False;False
2023-03-14;0.004029550033579583;0.017120994739359158;2048.9285714285716;0.8463687150837989;-0.025083261522696042;1.0;6.123233995736766e-17;0.29936312297335804;-0.9541392564000488;0.7818314824680298;0.6234898018587336;-1.0;0.0011466794075489727;0.002150023889154324;0.006258958432871477;0.9276188660340781;2.9505613589768624;-0.0005324473409579018;-1.0;0.0036896832622550194;0.0036896832622550194;0.009391921031194595;1.7960505660065886;2.8567755564468578;-6.935441707609342e-05;1.0;9.602919287463389e-05;0.0012963941038075576;0.005281605608104864;1.45002949585984;3.1454533742726474;0.0011797716982334845;1.0;0.000573915538763212;0.004734803194796499;0.0062174183366014634;1.551035724250686;2.9792083039652106;0.001969716275908921;False;True;False
2023-03-15;-0.01192995959207235;0.0168179646440516;2001.7857142857142;-0.38920454545454547;-0.04141202715221434;1.0;6.123233995736766e-17;0.10116832198743272;-0.994869323391895;0.9749279121818236;-0.22252093395631434;-1.0;0.0019474196689386564;0.0018500486854917235;0.004722492697176241;1.1134110796817092;2.815055284632602;-0.002815543968509239;-1.0;0.0016570008285004142;0.0028753837906330716;0.006822944587942882;1.1579279062146353;2.885518998067907;-0.005981068993964767;-1.0;9.768964001367654e-05;0.0008792067601230889;0.0043471889806086066;1.4951150067243364;2.9208940464937467;-0.010030712932104911;-1.0;0.005636149774554009;0.001323269947069202;0.007792589688296413;1.8472643867752432;2.8773873859923507;-0.00985377391910961;False;True;False
2023-03-16;-0.0005788712011577424;0.02385589094449854;2023.2142857142858;0.8591836734693877;-0.030616661246891427;1.0;6.123233995736766e-17;-0.10116832198743204;-0.9948693233918952;0.43388373911755823;-0.900968867902419;-1.0;0.0027029636065257264;0.0;0.004247514238826141;0.8212075890167538;2.806822112567681;0.00033302179681367084;1.0;0.001015179348351542;9.668374746205163e-05;0.003093879918785652;0.9111605575796773;2.856891439753874;-0.0002090670783678966;1.0;0.002460558691561731;0.003377237419790611;0.006223766102185555;1.5835804735383936;2.760540325957507;-0.0005894488653109186;1.0;0.0008198697853870268;0.0013986013986013986;0.007185917530745117;1.7657066447055847;2.8999688371192023;0.0013916882618293502;False;False;True
2023-03-17;-0.0010059398352174746;0.01501110145766966;1965.0;0.6784565916398714;-0.02265628478169689;1.0;6.123233995736766e-17;-0.2993631229733582;-0.9541392564000488;-0.433883739117558;-0.9009688679024191;-1.0;0.0005754015823543515;0.0008631023735315272;0.006329417405897866;0.7832353446245155;2.8955140396017454;-0.0017989366999149185;-1.0;0.0005300438490820604;0.0008191586758540933;0.0021201753963282417;0.7893496799831936;3.1534964845373867;-0.003681021041294995;-1.0;0.00019288263091908573;0.0008197511814061144;0.004870286430706915;1.2631816727150282;3.135398654603465;-0.00574434440249132;-1.0;0.00043566656985187334;0.0016458514861070772;0.005421628424823313;1.391586009864931;3.18918609473553;-0.006605468939725096;False;False;True
2023-03-20;0.0012666861541459611;0.01918005274514505;2012.142857142857;0.2125;-0.03285161011007007;1.0;6.123233995736766e-17;-0.7907757369376986;-0.6121059825476627;0.0;1.0;0.0;0.003114052160373686;0.0009244842351109381;0.004038536395484625;1.058456138139873;2.887609252422316;-0.0011731759006963997;-1.0;0.0011677695601401323;0.00126508369015181;0.0026761385753211364;0.9758578565705796;2.9953276022659603;-0.00169259637795192;-1.0;0.0032608166642332215;0.00034068233805421714;0.005304910692558525;1.869525756965423;3.176000232975134;-0.0014625585023400937;-1.0;0.00034126365054602185;0.0035588923556942277;0.006971528861154446;2.058300945738479;3.200181585031403;-0.0025646459212893885;False;True;False
2023-03-21;0.007772530499803227;0.017175943947061113;1956.4285714285713;0.6317280453257791;-0.031149723452504535;1.0;6.123233995736766e-17;-0.8978045395707417;-0.44039415155763423;0.7818314824680298;0.6234898018587336;-1.0;0.0006833935370496925;0.00019525529629991212;0.005662403592697452;1.194944916756137;3.131215629776692;0.0007575262136768588;-1.0;0.001373356876594075;0.00039238767902687857;0.00274671375318815;0.9990699431674399;3.151191875357864;0.0005509732041546494;1.0;0.00034365948254700773;0.0011291668712258825;0.005105798026412686;1.754249272466289;3.1043883409427337;0.0016957719838901187;-1.0;0.0013208100968594072;0.0028862146561001857;0.004647294785246062;1.784239753221661;3.137338177232107;0.001821671914169329;False;False;True
2023-03-22;-0.0008837391987431265;0.00942106804647076;1859.642857142857;0.22279792746113988;-0.0335342252363923;1.0;6.123233995736766e-17;-0.9680771188662041;-0.2506525322587213;0.9749279121818236;-0.22252093395631434;-1.0;0.0013759213759213758;0.0013267813267813268;0.004324324324324324;1.2173595665030825;3.0846231825394836;-0.00030625693863375;1.0;0.001230557196298484;0.00029533372711163615;0.0015751132112620594;0.7696050025981732;3.195011806375443;-0.0009843973027513905;-1.0;0.0005414185165132648;0.0001968794605502781;0.0034453905596298668;1.588058249327147;3.1295884146762916;-0.0020947805964093725;-1.0;9.871181086817038e-05;0.0026652188934406;0.003602981096688219;1.8877092970102327;3.2501463322156;-0.0026729456190036304;True;False;False
2023-03-23;0.0007946362056121182;0.01941031941031941;1870.0;0.04050632911392405;-0.03941767288432112;1.0;6.123233995736766e-17;-0.9987165071710528;-0.05064916883871355;0.43388373911755823;-0.900968867902419;1.0;0.001141382561659471;0.0021338891370155325;0.005905414123368567;1.3223156328745895;3.0036692307451482;-0.0035526518401196843;1.0;0.0004454563452781627;0.0004949514947535142;0.0031676895664224905;1.1096120208515794;2.9750749452003653;-0.0022058702487365153;1.0;0.0006420387198735677;0.00202489134729356;0.006370999604899249;1.7373036494698528;3.194536968680789;0.0005740622283455049;-1.0;0.0016237760173202775;0.0014269546818875165;0.007725237415735866;1.9623421708592648;3.135140068504182;0.0014885856788169614;False;False;True
2023-03-24;-0.0021013787094459535;0.04307478537045308;2088.9285714285716;-0.020737327188940093;-0.06671076662016998;1.0;6.123233995736766e-17;-0.9884683243281114;0.15142777750457667;-0.433883739117558;-0.9009688679024191;1.0;0.0005649717514124294;0.001027221366204417;0.01022085259373395;1.275588758461904;2.801021654636313;-0.0032137239592174563;1.0;0.0001018381791333571;0.0030042262844340345;0.007332348897601711;1.3484090008877494;3.0619734826384;-0.0011774780560907564;1.0;0.00045634317006388805;0.0033972213771422777;0.007352195517695974;1.9693886436722263;3.0886264269511434;0.003318006501271573;-1.0;0.0005053057099545225;0.0031834259727134915;0.00606366851945427;1.8118731082991983;3.1718267333954953;0.005014435496125209;False;True;False
2023-03-27;0.004169178219811131;0.026913199794555726;2123.214285714286;1.032442748091603;-0.0380710415644157;1.0;6.123233995736766e-17;-0.72479278722912;0.6889669190756865;0.0;1.0;-1.0;0.0006502926316842579;0.0029013055875143816;0.004502025911660247;0.8382577583242931;2.753423982284778;0.001529919665309243;1.0;0.001151554598708256;0.00025033795624092525;0.00555750262854854;0.9799944685379116;2.9597232190764213;0.003013783628063612;-1.0;0.0007479431563201197;0.0009972575417601596;0.004487658937920718;1.0725982921074924;2.953055980964194;0.003911111111111095;-1.0;0.000199990000499975;0.0023498825058747065;0.004999750012499375;1.9263627567871937;3.178856320494134;0.0030907511360598284;True;False;False
2023-03-28;-0.00298804780876494;0.01000450202591166;2070.714285714286;0.575;-0.03364153507152356;1.0;6.123233995736766e-17;-0.5712682150947924;0.8207634412072763;0.7818314824680298;0.6234898018587336;-1.0;0.0035464535464535467;0.0005994005994005994;0.004395604395604396;1.0609766067744202;2.9490588084365714;0.0003330835206929107;-1.0;0.0008493205435651478;4.996003197442046e-05;0.002398081534772182;0.743565625089609;3.2023732587503733;-0.0006615742130602372;1.0;0.00020012007204322593;0.0017010206123674204;0.008505103061837103;1.8992190521924017;3.1738557035311836;-0.0005798542080847762;1.0;0.00308135778539834;0.0001490979573579842;0.006858506038467273;1.9061414091965896;3.3179852837609376;0.0017717033662364118;True;False;False
2023-03-29;0.0034347399411187437;0.02292707292707293;2050.714285714286;1.0806100217864925;-0.011050124525473317;1.0;6.123233995736766e-17;-0.3943558551133187;0.9189578116202306;0.9749279121818236;-0.22252093395631434;-1.0;0.0019559902200488996;0.0016136919315403423;0.0037163814180929096;1.2166170353664216;2.8652894240147533;0.002141036718236323;1.0;0.0004890693011199687;0.0018095564141438843;0.002885508876607815;1.0746452761486749;2.95704873490286;0.0031390694668469573;-1.0;0.0008798083972823696;0.0020528862603255292;0.00904247519429102;2.341737511885967;3.130347857120168;0.002366042643410662;1.0;0.0008851733464470125;0.004327514138185395;0.005606097860831079;2.088282603273217;3.151631249504132;0.0005461884240824605;False;True;False
2023-03-30;0.012648337158763491;0.020684596577017114;2048.214285714286;1.475177304964539;0.004439471332350013;1.0;6.123233995736766e-17;-0.20129852008866114;0.9795299412524943;0.43388373911755823;-0.900968867902419;1.0;0.002218364197530864;0.0011574074074074073;0.004533179012345679;1.2252062688964644;2.6692026025117266;0.009248554913294798;-1.0;0.0039019220579025963;0.000385375018064454;0.005154390866612072;1.3227756715355536;2.833060537087957;0.010612367345408245;1.0;0.000144641049129743;0.0024106841521623836;0.00891953136300082;1.8759898245526858;3.009332197934067;0.013749820342068701;-1.0;0.0015809140557631503;0.0005269713519210501;0.004982274599980838;1.7752355126932835;3.127082507058053;0.011450626181096104;False;False;True
2023-03-31;-0.00430828147438966;0.014515817901234568;2059.285714285714;0.6445182724252492;0.007563996056937054;1.0;6.123233995736766e-17;-2.4492935982947064e-16;1.0;-0.433883739117558;-0.9009688679024191;1.0;0.0052403846153846155;0.00014423076923076924;0.006634615384615385;1.4248959783836284;2.824099810820237;0.003265149332565063;-1.0;0.002400845097474311;0.0021127436857773935;0.004609622587150677;1.2704135633448537;2.8987993765525304;0.0022143253510905443;-1.0;0.0032653061224489797;0.0010084033613445378;0.004945978391356543;1.8842603757555214;2.9477070199457294;0.0004911932258047138;-1.0;0.0024985585239285027;0.0011051316548145302;0.005765904285988853;1.8794009853777134;3.0422948091040456;-0.0006313435311365342;False;False;True
2023-04-03;0.0033858383630207566;0.02889423076923077;2146.0714285714284;0.1896838602329451;-0.00802390677908545;0.8660254037844387;-0.4999999999999998;0.5877852522924731;0.8090169943749475;0.0;1.0;-1.0;0.002543035993740219;0.00014671361502347418;0.0030320813771517996;0.9540936603926419;2.730206191097838;-0.0019405443308383003;1.0;0.00029352771390832153;0.00029352771390832153;0.0031309622816887627;0.8754583103808617;3.0342908891423797;-4.8797150246425606e-05;-1.0;9.759906304899473e-05;0.0004391957837204763;0.012492680070271326;2.2539957097116656;2.99975247968135;-0.0013335308934656986;-1.0;0.004148762779671062;0.0007902405294611547;0.006766434533511137;1.739492565076541;3.347707007396453;-0.004040903842982118;True;False;False
2023-04-04;0.0039791707604637456;0.016040688575899843;2137.5;0.8079268292682927;-0.00653334240742001;0.8660254037844387;-0.4999999999999998;0.7431448254773941;0.6691306063588582;0.7818314824680298;0.6234898018587336;1.0;0.0;0.003963399716201008;0.005333463815628517;1.2159446425205656;2.938032591527716;0.003512772484187031;1.0;0.0009772782799902272;0.0008795504519912045;0.001905692645980943;0.9904161131513037;3.1408133599552217;0.0039034930562341246;1.0;0.0018078764780611746;0.0018078764780611746;0.005081598749144924;1.8765440275215393;3.2889406703710344;0.004857316332726058;-1.0;0.0008782201405152225;0.0032201405152224825;0.006147540983606557;1.8072509425066747;3.2914294812186045;0.003688493421552938;True;False;False
2023-04-05;-0.0014662039978495674;0.015070705093702598;2072.1428571428573;0.2435064935064935;-0.005234072595369671;0.8660254037844387;-0.4999999999999998;0.8660254037844386;0.5000000000000001;0.9749279121818236;-0.22252093395631434;1.0;0.000783123684596936;0.004600851647006999;0.005677646713327786;1.454159793075102;2.920313216214916;-0.00057629680372746;-1.0;0.0016636492635905466;0.0008318246317952733;0.003229436805793414;1.1914597568253988;3.021319414275127;-0.0005930423617232594;-1.0;0.0016647896978896342;0.0019096117122851686;0.009009450129755668;2.1002663634447747;3.14993408896405;-0.0021497965078114264;-1.0;0.0017230345099197557;0.0002953773445576724;0.0052183330871855465;1.849545560215544;3.3659685228688967;-0.00416502041353869;False;False;True
2023-04-06;0.0011895321173671688;0.022514805932161912;2125.3571428571427;0.4108695652173913;-0.01305985645395338;0.8660254037844387;-0.4999999999999998;0.9510565162951535;0.30901699437494745;0.43388373911755823;-0.900968867902419;-1.0;0.001386138613861386;9.900990099009902e-05;0.0037623762376237622;0.9016753036255701;2.784576865677295;-0.0005347711510260048;1.0;0.0018854817902153418;0.0008931229532598987;0.0030763123945618735;0.9832377635773174;2.993903289659723;-0.0013503086419752925;1.0;0.0038194444444444443;0.0004464285714285714;0.009573412698412699;2.041638546168357;3.149416942352888;-0.00030153012834225116;-1.0;0.0001480238811861647;0.0006414368184733803;0.006809098534563576;1.895114607695864;3.370152845651812;-4.9640109208240255e-05;True;False;False
2023-04-10;-0.0019737491364847527;0.01202970297029703;2066.0714285714284;0.51440329218107;-0.009575668840024386;0.8660254037844387;-0.4999999999999998;0.8660254037844387;-0.4999999999999998;0.0;1.0;-1.0;0.0007910610105804411;0.0007910610105804411;0.003609215860773262;0.9277315770579326;3.139496968491338;0.0005504637657225412;1.0;0.00044589774078478004;4.9544193420531116e-05;0.005251684502576298;1.2292650112115224;3.3354155397742145;0.001232741617357002;1.0;0.00034516765285996055;0.0;0.005374753451676529;1.9323696396428716;3.3023825719916977;0.002071544609077711;1.0;0.004317746921152053;0.0011775673421323782;0.005544379569206614;1.9187369192604364;3.3186228915297793;0.004333889379517923;False;False;True
2023-04-11;0.0037702590216912306;0.014881835261544546;2047.5;1.0996677740863787;0.005138463952302503;0.8660254037844387;-0.4999999999999998;0.7431448254773945;-0.6691306063588579;0.7818314824680298;0.6234898018587336;1.0;0.0013658536585365853;0.0005853658536585366;0.010097560975609756;1.8797443671819651;2.8668429963695172;0.003758003903162805;1.0;0.0012096579087434074;0.0009677263269947259;0.003290269511782068;1.2752860666329116;2.8671062523493296;0.0066752591160518324;1.0;0.007878202029966168;0.00033832769453842436;0.018028032866118898;2.9534980355843428;3.1663758132634903;0.011322239771959805;1.0;0.0017231476163124641;0.0006222477503350565;0.005743825387708214;1.7564327293342132;3.1860018923465097;0.012943440029257807;True;False;False
2023-04-12;0.017202587419143153;0.04360975609756097;2321.0714285714284;1.3568232662192394;0.06275343297616016;0.8660254037844387;-0.4999999999999998;0.5877852522924732;-0.8090169943749473;0.9749279121818236;-0.22252093395631434;1.0;0.0003686466061471822;0.0029491728491774574;0.007465093774480439;1.360046988907525;2.600024686342024;0.007796286948230351;-1.0;0.005553005966039468;0.0016062413951353832;0.008765488756310233;1.7487015635429468;2.7056019415268024;0.011506933272044651;1.0;0.0007814654776133125;0.0019306794152799485;0.008779994483773099;1.9692041099922322;2.96081361265444;0.016519946795008376;-1.0;0.004066526546650827;0.00041122178561637574;0.008452892259892169;2.039402199265955;3.0990299732614592;0.01379777869525107;False;True;False
2023-04-13;0.0009182736455463728;0.021151099027694575;2452.1428571428573;0.355119825708061;0.0650147538741133;0.8660254037844387;-0.4999999999999998;0.40673664307580004;-0.913545457642601;0.43388373911755823;-0.900968867902419;1.0;0.0005045871559633027;0.0022018348623853213;0.0045871559633027525;1.0649443598312904;2.633136425296526;-0.0046752031093408;-1.0;0.0017856325259832425;0.0005952108419944142;0.003571265051966485;1.0820380568522858;2.7365841869103007;-0.002602694374411098;-1.0;0.0019712111488035208;0.0012835793527092693;0.009168423947923351;2.338001647841727;2.957826667821225;-0.0025670586426869125;1.0;0.002582549345139273;0.00032281866814240913;0.007148127651724774;2.0210331769888152;3.117337209579761;-0.00242876969548542;False;False;True
2023-04-14;-0.0009229349330872173;0.010871559633027522;2226.785714285714;0.029535864978902954;0.055263645314434444;0.8660254037844387;-0.4999999999999998;0.20791169081775931;-0.9781476007338057;-0.433883739117558;-0.9009688679024191;1.0;0.0024480369515011546;0.00018475750577367207;0.0057274826789838335;1.0428064023047994;2.6543381866847255;-0.0011358229344139894;-1.0;0.001980106833671026;0.0009209799226376865;0.00649290845459569;1.3795998863735501;2.649382835334187;-0.001355639769541284;-1.0;0.0;0.00032350494500415936;0.012847767815879471;2.145374252444301;3.024460635554849;-0.004056098968814793;1.0;0.0010295769374766006;0.0007019842755522276;0.01497566454511419;2.061821731126211;3.1679466063166437;-0.004562273233466265;False;False;True
2023-04-17;0.0007352941176470588;0.020046189376443417;2194.6428571428573;0.9746543778801844;0.05912336335868952;0.8660254037844387;-0.4999999999999998;-0.4067366430758002;-0.9135454576426009;0.0;1.0;-1.0;0.0001836884643644379;0.0007347538574577516;0.006704628949301984;1.028277375704876;2.753011631127112;0.0018424429047985032;1.0;0.002678983833718245;0.0007390300230946883;0.004295612009237875;1.4248195841309097;3.0411133240225774;0.0011639772127104112;1.0;0.0037382314934465573;0.0038305335056304226;0.008353332102639837;2.2528743618383436;3.1614400200218196;-0.0002664412164066452;1.0;0.0014296255303449547;0.0030898358236487733;0.005580151263604501;1.8586547107976843;3.249248280401089;0.0003685447090800203;False;False;True
2023-04-18;0.004539979616418049;0.012444893460690668;2220.0;0.6457564575645757;0.05193708946607547;0.8660254037844387;-0.4999999999999998;-0.587785252292473;-0.8090169943749476;0.7818314824680298;0.6234898018587336;1.0;0.0024903154399557276;0.00018446781036709093;0.008992805755395683;1.4732145113967106;2.8397053765906226;0.0031315399538671142;-1.0;0.0019704884978462103;0.00013747594171020073;0.006553019888186234;1.2490138321733357;2.9736948381531465;0.004188722669735328;-1.0;0.0001380961148959676;0.0008746087276744614;0.013717547412999447;2.7495976412935863;3.2989395422624987;0.0027145758216254147;1.0;0.00209819555182543;0.0028908472047372595;0.011050496572947266;2.1547890353959875;3.446625884113305;-0.0011689401780702554;False;True;False
2023-04-19;-0.008070500927643784;0.022597306769968642;2231.0714285714284;0.0020408163265306124;0.03438935912938331;0.8660254037844387;-0.4999999999999998;-0.743144825477394;-0.6691306063588585;0.9749279121818236;-0.22252093395631434;-1.0;0.00205742074254185;0.005096792294024128;0.007247732161226971;1.4138861832091758;2.9215333592602195;-0.001803009519058932;-1.0;0.001636814291727073;0.0029462657251087313;0.005892531450217463;1.4497726070542118;3.1399950873963483;-0.0045994953042482745;-1.0;0.0022477171622570825;0.002856473893701709;0.0069772886911730276;1.9072736542063902;3.114054056306222;-0.007266661453853511;-1.0;4.6913116907487336e-05;0.0017357853255770314;0.007881403640457873;2.1630327105037;3.1956507003032053;-0.008564355916380807;True;False;False
2023-04-20;-0.0033065658951346244;0.017160759375292246;2257.5;0.1008174386920981;0.018580648898629502;0.8660254037844387;-0.4999999999999998;-0.8660254037844384;-0.5000000000000004;0.43388373911755823;-0.900968867902419;1.0;0.001090047393364929;0.0017061611374407583;0.009526066350710901;1.4642223429893966;2.9402194357366773;0.0013233740283924492;-1.0;0.002024386799114919;0.0006591026787816016;0.003013040817287322;1.12759882262915;2.984531086666067;0.002375644930038933;-1.0;0.00018836825994819872;0.00593360018836826;0.013750882976218508;2.6778655867189607;3.0495037129939706;0.0015238034978936272;1.0;0.004081051582593841;0.0013287144687514829;0.006453755991078632;1.880894847860507;3.21055508601079;-0.0006373284875299264;True;False;False
2023-04-24;-0.004616544186922932;0.015971563981042654;2224.285714285714;0.543026706231454;0.017344936746951697;0.8660254037844387;-0.4999999999999998;-0.9510565162951536;0.30901699437494723;0.0;1.0;-1.0;0.0017983909133932796;0.003028868906767629;0.007477520113582584;1.2535149953120142;2.972060561114184;-0.001033395547963277;1.0;0.0004745183638606814;0.0008541330549492266;0.002704754674005884;1.0515672331577537;3.0912929174023938;-0.002258762577200668;-1.0;0.0027956785443517818;0.00033169067475360124;0.006017816527672479;2.243350615398215;3.1917586079229916;-0.004166072644901663;1.0;0.001045428625736552;0.0034689222581258316;0.01035924729138947;2.1123507441030718;3.1703547821189506;-0.002619381322078887;False;True;False
2023-04-25;-0.003875785791936475;0.016374822527212493;2133.214285714286;0.30057803468208094;0.01069199431230982;0.8660254037844387;-0.4999999999999998;-0.8660254037844386;0.5000000000000001;0.7818314824680298;0.6234898018587336;-1.0;0.0008066429418742586;0.0010438908659549228;0.00431791221826809;1.5549806221727622;2.959022544470633;-0.0007082190405218335;1.0;0.0020929458212434002;0.0007610712077248728;0.004328592493935214;1.2562458250276523;2.9874638157894737;-0.001572675553866838;-1.0;4.749691270067446e-05;0.00037997530160539567;0.005747126436781609;2.1564302647305498;2.9602571076499515;-0.0040323008520888074;-1.0;0.002339683903929714;0.002100940648426682;0.0066370625029842905;2.2768638931646343;3.2160467769853396;-0.0047534733853343255;False;False;True
2023-04-26;-0.003269832243389252;0.012669039145907474;2131.0714285714284;0.7415730337078652;0.005798175666790202;0.8660254037844387;-0.4999999999999998;-0.743144825477394;0.6691306063588585;0.9749279121818236;-0.22252093395631434;-1.0;0.006656206912946322;0.002139495079161318;0.011505729092378644;1.5590327928191772;2.9719343042001167;0.0036867531146706424;0.0;0.0024791418355184745;0.001096543504171633;0.003575685339690107;1.2366630287086002;3.0283481458780264;0.0028658455833663644;1.0;0.0034328215886335464;0.0014303423285973108;0.005053876227710499;1.8568801742346792;3.1214971939950553;0.0004502070952639293;-1.0;0.00038135189245876633;0.0004766898655734579;0.005577271427209458;1.8841007416997697;3.412312396118634;-0.0009525786143439626;False;True;False
2023-04-27;0.002254845519094224;0.02011125374411639;2172.1428571428573;0.3333333333333333;-0.002813849197730782;0.8660254037844387;-0.4999999999999998;-0.5877852522924734;0.8090169943749473;0.43388373911755823;-0.900968867902419;-1.0;0.0005265425302761955;0.001388157579819061;0.006222775357809583;1.3950622640185397;2.918830664445047;0.0001442238353925292;-1.0;0.0014423076923076924;0.001826923076923077;0.0069711538461538465;1.5669503207945983;2.9043037539730263;-0.0006005136536429956;1.0;0.0005790667374414902;0.0013029001592433527;0.00815518988563432;2.152007109167466;3.1497315582037677;-0.0007939172088214306;-1.0;0.0006234114995444301;0.004124106843140076;0.005370929842228936;1.9423463415787843;3.2754911404627904;-0.0003412241416079412;False;True;False
2023-04-28;-0.0024412426403714518;0.012206213201857259;2098.9285714285716;0.6078431372549019;-0.006459917522824247;0.8660254037844387;-0.4999999999999998;-0.40673664307580015;0.913545457642601;-0.433883739117558;-0.9009688679024191;1.0;0.0009117082533589251;0.0019193857965451055;0.004654510556621881;0.9102764304165145;2.7495706813603613;0.0015646454002617922;1.0;0.0011974327042820194;0.0015327138614809849;0.006561931219465466;1.439565474323277;2.9678837794826727;0.0015268632503101442;-1.0;0.002433438305181792;0.002576581734898368;0.010210897986449089;2.3890337135902255;3.22320607502773;0.0009379613197542425;-1.0;0.00038369304556354914;0.0033093525179856116;0.003980815347721822;1.7603551995231694;3.241560706721687;0.0004637625535725243;True;False;False
2023-05-02;-0.0007125890736342043;0.020105566218809982;2161.785714285714;0.6205250596658711;0.00146875736461604;0.49999999999999994;-0.8660254037844387;0.39435585511331855;0.9189578116202306;0.7818314824680298;0.6234898018587336;-1.0;0.002234371285951985;4.753981459472308e-05;0.004706441644877585;1.1265848222690842;2.6727110181499225;-0.002504553734061823;1.0;0.0016679374761723218;0.000428898208158597;0.00533739992375143;1.0742678143966078;2.8705098626411405;-0.0030981485000105406;-1.0;0.0029925897776933307;0.0004750142504275128;0.006127683830514916;2.1505638240105034;2.9343976205290074;-0.003191084016003048;-1.0;0.0013335873499714232;0.001143074871404077;0.013716898456848923;2.679913203165884;3.1344585109010694;-0.004907942624705568;False;False;True
2023-05-03;0.0028182701652089406;0.025433800808176848;2245.3571428571427;0.10841121495327102;-0.016706648593406436;0.49999999999999994;-0.8660254037844387;0.5712682150947923;0.8207634412072763;0.9749279121818236;-0.22252093395631434;1.0;0.002471169686985173;0.001356720612462448;0.004554704913266789;1.3315716613128943;2.528857382479086;-0.0010598406473098583;1.0;0.0020820219822786034;0.0004841911586694427;0.0038251101534885973;1.3368124942548092;3.069649960858243;-0.0004083584527512838;1.0;0.003481793123458581;0.003626867836936022;0.00720537743604623;2.476614692860671;3.1250691679142353;0.0011389949980927518;-1.0;0.0003384749286784972;0.0009670712247957063;0.006479377206131232;2.3747659246801347;3.2605758925296437;0.00028622965339202857;True;False;False
2023-05-04;0.00048496605237633366;0.01007849597829247;1977.142857142857;0.40865384615384615;-0.017651792559295644;0.49999999999999994;-0.8660254037844387;0.7247927872291199;0.6889669190756866;0.43388373911755823;-0.900968867902419;1.0;0.00116335433834222;0.0012118274357731458;0.004992729035385361;1.1098258859042913;2.8218078174241836;-0.00045123444852708874;1.0;0.0027075375912585216;0.0009186288256055698;0.00962142822607939;1.8054049216705115;3.093828955657261;0.0011908385532646754;1.0;0.003748558246828143;0.00019223375624759708;0.007497116493656286;1.966658456511478;3.1344410374716296;0.00424608115442322;-1.0;0.0011492601637695732;0.0015323468850260977;0.01120528659675334;2.1424236863685056;3.280030929978182;0.004593630094716851;False;False;True
2023-05-05;-0.002443582003737243;0.024042656325739216;1882.142857142857;0.717741935483871;-0.00981858563856476;0.49999999999999994;-0.8660254037844387;0.8486442574947509;0.5289640103269624;-0.433883739117558;-0.9009688679024191;-1.0;0.001825168107588857;0.0021133525456292026;0.004514889529298751;0.9272401782939459;2.6781976503309064;0.0019063180827886244;1.0;0.0033640907343329488;0.0027393310265282586;0.0076412918108419835;1.3452975944839813;2.700286397370125;0.0033695883983791697;1.0;0.004270838331973703;0.0015835692691587887;0.007150055184989683;1.8894117444265377;3.0399212770094692;0.002971340937410141;-1.0;0.002444167545288987;0.0023003929838013993;0.005894757020991086;1.9577713635316272;3.201320697415451;0.0028628090714263796;True;False;False
2023-05-08;0.004878964158378683;0.030643611911623438;2025.357142857143;1.04858934169279;0.016649896531429766;0.49999999999999994;-0.8660254037844387;0.9987165071710528;-0.05064916883871264;0.0;1.0;1.0;0.002147525676937442;0.0051820728291316525;0.0096171802054155;1.384399620847966;2.796701570052655;0.0032863922658510503;1.0;0.002468675765056593;0.0004657878801993572;0.004005775769714472;1.0355406473031674;3.1414061736748597;0.003970469632111083;1.0;0.0033500837520938024;0.002931323283082077;0.006374464917178485;2.042616074983216;3.2328616636694965;0.005567445178499381;-1.0;0.0014422629571043083;0.0028845259142086166;0.005443379547780776;1.79279098417359;3.3794425019550562;0.004755990270661966;False;True;False
2023-05-09;-0.0020556905251354887;0.013912231559290382;1976.7857142857142;0.17114093959731544;0.010856293716221972;0.49999999999999994;-0.8660254037844387;0.9680771188662043;-0.2506525322587204;0.7818314824680298;0.6234898018587336;1.0;0.0005617977528089888;0.00149812734082397;0.0027621722846441947;0.8728559897825489;2.845661684648124;-0.0027914230019492722;-1.0;0.0;0.0011695906432748538;0.002853801169590643;1.0022027699871257;3.0541397937959207;-0.0030668936896971134;1.0;0.0005623769800356172;0.00018745899334520573;0.003046208641859593;1.4358327438008212;3.352156732677231;-0.002727513598603558;1.0;0.00018702950390424089;0.0011221770234254454;0.010099593210829007;2.4264461211643114;3.564596297056358;-0.0002162997296254279;True;False;False
2023-05-10;-0.004139834406623735;0.023267790262172284;2057.5;0.676056338028169;0.021019321552703932;0.49999999999999994;-0.8660254037844387;0.8978045395707416;-0.4403941515576344;0.9749279121818236;-0.22252093395631434;-1.0;0.0017090069284064666;0.0017090069284064666;0.003464203233256351;0.9249570272255055;2.7263696891777234;0.0008109176200080047;1.0;0.004942491570049425;0.001108596240011086;0.006420619890064206;1.6858533479103475;2.7722827571306863;-0.00021548075295127193;1.0;0.0018008034353788613;0.0017084545412568684;0.005910329223807545;1.8447104513615284;3.2767079356092124;-0.0006807212574406053;-1.0;0.0007830853563038371;0.006218619005942236;0.00958127965359989;2.1341675396787467;3.2671644671677447;-0.0004413040020115551;False;True;False
2023-05-11;-0.005234880837580934;0.01302540415704388;1983.2142857142858;0.5141843971631206;0.01838097028958255;0.49999999999999994;-0.8660254037844387;0.7907757369376989;-0.6121059825476626;0.43388373911755823;-0.900968867902419;-1.0;0.0013386880856760374;0.0008309098462816784;0.004200710889535152;0.9976457916908633;2.849458041571052;0.0005139512054726122;-1.0;0.0011564437043204737;0.0006476084744194652;0.004348228328244981;1.1760952777789644;3.1414627568537554;-0.0023445511086377683;1.0;0.0006955715279387897;0.0033387433341061905;0.005889172269881753;2.0399930567324573;3.413745177394547;-0.004649129573915608;1.0;0.0007405693126591067;0.00166628095348299;0.0044434158759546405;1.9383824750238523;3.450596897755881;-0.003916013570039175;False;True;False
2023-05-12;0.0;0.022757697456492636;1981.7857142857142;0.744421906693712;0.026372996905856337;0.49999999999999994;-0.8660254037844387;0.6513724827222223;-0.7587581226927909;-0.433883739117558;-0.9009688679024191;-1.0;0.0;0.002241537053979872;0.006175663311985362;1.1730493197078873;2.9539137641911295;0.0006786891603645679;-1.0;0.0005970149253731343;0.0011940298507462687;0.0020665901262916187;0.7914127861316308;3.1507743294940775;-0.0015414376202653407;-1.0;0.0017915384262023979;0.0031237080251734117;0.0055583628094997475;1.9499002468729527;3.2949986880535445;-0.002931637682269736;1.0;0.000689496667432774;0.0019305906688117675;0.011353711790393014;2.370062857389903;3.5532691700094046;-0.0010632642211590023;False;False;True
2023-05-15;0.004103967168262654;0.013403476669716377;1966.0714285714287;1.136518771331058;0.03352138854208713;0.49999999999999994;-0.8660254037844387;0.10116832198743272;-0.994869323391895;0.0;1.0;-1.0;0.00045413260672116256;0.00045413260672116256;0.0035876475930971844;0.8904458620893206;2.5979395534657757;0.001527961183714594;1.0;0.000956240608351168;0.0010473111424798506;0.0033240744956969173;1.0283275770815814;2.968471577239957;0.0018139558385125286;-1.0;0.002137237960984039;0.0024555499977263425;0.0050929925878768585;2.1538837011957326;3.185425761423795;0.0020422606409866966;-1.0;0.0005459757040811683;0.004231311706629055;0.005550752991491879;1.9897143039897263;3.306341463414634;0.0016240172419027688;False;False;True
2023-05-16;-0.002497162315550511;0.009355131698455948;1916.0714285714287;0.49029126213592233;0.030316246591210187;0.49999999999999994;-0.8660254037844387;-0.10116832198743204;-0.9948693233918952;0.7818314824680298;0.6234898018587336;1.0;0.002230314064633591;0.0017751479289940828;0.004460628129267182;1.193562120506068;2.9331769630970728;0.0005105651602466742;1.0;9.099181073703367e-05;0.001091901728844404;0.0031392174704276614;1.1136048107929404;3.251885961011344;-5.045230491347656e-05;1.0;0.0003632565953775598;0.0002724424465331699;0.008037052172728511;2.3801204081019773;3.3607667814326527;0.0012770816430782612;1.0;0.00036057150583675124;0.0020282147203317257;0.004867715328796142;2.2799040965822184;3.7306262854152683;0.003991447611625668;False;False;True
2023-05-17;0.0032095369096744614;0.022576240327719616;1978.2142857142858;0.2540322580645161;0.025975274371015728;0.49999999999999994;-0.8660254037844387;-0.2993631229733582;-0.9541392564000488;0.9749279121818236;-0.22252093395631434;1.0;0.0007312614259597807;0.0022851919561243145;0.004753199268738574;1.1971811057120563;2.7586495231023154;-0.0041467692713243725;1.0;0.001003787014646165;0.0005018935073230825;0.0031026144089063286;1.364519633984646;2.9978464216439082;-0.000799724651765365;1.0;0.0033711448225593366;0.00018222404446266685;0.009657874356521342;2.9762366512291596;3.4183921383221003;0.0030689507710110076;-1.0;0.001811184061580258;0.000498075616934571;0.004799637763187684;2.0058048651154885;3.3632711949509653;0.004816664144853037;False;True;False
2023-05-18;-0.0022132887664302815;0.015219378427787934;1953.2142857142858;0.7807807807807807;0.03448114378304463;0.49999999999999994;-0.8660254037844387;-0.4853019625310808;-0.8743466161445822;0.43388373911755823;-0.900968867902419;-1.0;0.001041195110909914;0.0012222725215029426;0.006201901312811227;1.1110537917457326;2.7865948640348925;0.00044438384664718906;-1.0;0.0001817933918102077;0.002499659137390356;0.004408489751397537;1.4371523284636913;3.1273887963502394;-0.0013961605584643117;1.0;0.0005917967860882233;0.00027313697819456457;0.00555378522328948;1.9487255150719935;3.412285464718242;-0.0024064844182651746;-1.0;0.0004984141368373357;0.0017217942908926145;0.005437245129134572;1.9955856253915736;3.4702270189802755;-0.0022223232369147504;False;True;False
2023-05-19;-0.0005398596364945115;0.015572657311000453;1985.0;0.8895348837209303;0.03875700772895811;0.49999999999999994;-0.8660254037844387;-0.651372482722222;-0.7587581226927911;-0.433883739117558;-0.9009688679024191;1.0;0.0019805545552754773;0.0007202016564638099;0.004096146921137919;1.0406274514577767;3.0102482730222286;0.002552154347902104;1.0;0.0010338472603047602;0.00026969928529689395;0.006652582370656718;1.5192602803592756;3.3830427266663943;0.003253946963148444;-1.0;0.0001788428865241885;0.002146114638290262;0.011311812572654923;2.3330628615167672;3.6145310907425054;0.0019800987542923755;1.0;0.0017595307917888563;0.0007218587863749154;0.005865102639296188;1.6319480818978882;3.6849693316189955;0.0014838129496402878;False;True;False
2023-05-22;-0.001794526693584567;0.01386388188692834;1945.357142857143;0.4318181818181818;0.03762982031515966;0.49999999999999994;-0.8660254037844387;-0.9680771188662041;-0.2506525322587213;0.0;1.0;1.0;0.0017078651685393258;0.0001348314606741573;0.003460674157303371;1.0505652740197549;2.724689685113437;-0.0010021239043943011;1.0;0.0015256214663914565;0.0001794848783989949;0.0017948487839899488;0.6451776373454154;3.029841105020405;-0.0011615617771396085;1.0;0.0034099066762383347;0.002019023689877961;0.01197954055994257;2.7042803036681278;3.1022106483137546;0.0006042415777639387;-1.0;0.0001337196344996657;0.0023178069979942055;0.010608424336973479;2.2044504941202216;3.2025402888191836;0.000604190384884226;True;False;False
2023-05-23;-0.0034605186283762526;0.015415730337078652;1876.7857142857142;0.02040816326530612;0.03162473684822685;0.49999999999999994;-0.8660254037844387;-0.9987165071710528;-0.05064916883871355;0.7818314824680298;0.6234898018587336;1.0;0.0009470551095878056;0.0015333273202850185;0.0026607738793181204;0.9120446940366768;2.5213525876760245;-0.0018236290217532598;-1.0;0.0004959870141581748;0.0028406528992695463;0.0035169988276670576;1.0473566676552872;3.123335166356613;-0.001999338564685411;1.0;0.0013529358708397222;0.0019392080815369352;0.008252908812122305;2.507787526137609;3.3183450458197843;-0.0013412712658807933;-1.0;0.0003590019745108598;0.002737390055645306;0.0037246454855501703;1.7643434335579853;3.492938523471448;0.00016464601107614264;True;False;False
2023-05-24;-0.00387056123137855;0.015513664652295481;1925.357142857143;0.13662790697674418;0.02717967638711953;0.49999999999999994;-0.8660254037844387;-0.9884683243281114;0.15142777750457667;0.9749279121818236;-0.22252093395631434;-1.0;0.0037048750734197805;0.0009036280666877513;0.006551303483486197;1.200681413880126;2.8702994681181315;-0.0015492178461847849;-1.0;0.0014034134637149712;0.0008601566390511114;0.005115668432251347;1.1647167161526077;3.2657903484957616;-0.002128797279982317;1.0;0.0007264142377190593;0.007037137927903387;0.007945155725052212;2.309591291568594;3.5531127062552437;-0.0034397538709840265;-1.0;0.0009532023058417685;0.0013163269937814896;0.006899369070854705;1.9263027188341;3.6294313705686294;-0.0048033806071108714;True;False;False
2023-05-25;0.0033202947330119165;0.017304477477070437;1886.4285714285713;0.5926892950391645;0.02164967313601849;0.49999999999999994;-0.8660254037844387;-0.9377521321470804;0.3473052528448203;0.43388373911755823;-0.900968867902419;1.0;0.001767985856113151;0.0008613264427217916;0.011514574550070267;1.9794448389414854;2.888567732726705;0.004568261813824696;-1.0;0.0018422826331161537;0.00022466861379465288;0.0033250954841608626;0.9441492564977613;2.884238686519742;0.007138465229975512;1.0;0.005353608061903905;0.00125967248515386;0.007917941335252834;2.327928439771363;3.2246244148552283;0.00945520260791871;-1.0;8.985533291400844e-05;0.0036840686494743462;0.0063348009704375955;2.0971486311974368;3.3537658258468364;0.007306978164146745;False;True;False
2023-05-26;0.0058289277484072114;0.01523187814497484;1797.857142857143;0.6547619047619048;0.027895400329702297;0.49999999999999994;-0.8660254037844387;-0.848644257494751;0.5289640103269624;-0.433883739117558;-0.9009688679024191;1.0;0.0004492362982929021;0.0008086253369272237;0.0052111410601976636;1.2378486252154473;2.875920285203043;0.0008402442177276759;1.0;0.00022371364653243848;0.002505592841163311;0.007427293064876958;1.5038326753588516;3.155334640843344;0.00458200351319931;-1.0;0.0004008016032064128;0.0014696058784235137;0.005433088399020263;1.693100277502756;3.264230614152854;0.007255121042830453;1.0;0.0021900420130508626;0.0011620631089657638;0.005944399749709484;1.5983369242459746;3.5660064546945645;0.007286218101125347;False;False;True
2023-05-29;0.002510760401721664;0.018104222821203952;1835.357142857143;0.6997518610421837;0.0291555723297072;0.49999999999999994;-0.8660254037844387;-0.3943558551133187;0.9189578116202306;0.0;1.0;-1.0;0.0011180679785330948;0.0006261180679785331;0.004159212880143113;0.6195678997411269;2.6546074625395852;-0.0014196479273139826;1.0;0.00013449899125756557;0.0015243219009190765;0.0019278188746917732;0.6608403789630929;2.90453288252382;-0.0008217172396277309;-1.0;0.002106584196136435;0.0025996145399130475;0.009457218412442294;1.8530400476711524;3.124041209811552;-0.0013960819635217294;-1.0;0.0013060121594235532;0.0024769196126998424;0.003963071380319748;1.426484562237729;3.1085046476645966;-0.002172074330986077;True;False;False
2023-05-30;0.0027961935687547917;0.011404293381037567;1748.9285714285713;0.4117647058823529;0.020764184421582264;0.49999999999999994;-0.8660254037844387;-0.20129852008866114;0.9795299412524943;0.7818314824680298;0.6234898018587336;1.0;0.0016640431751742749;0.0006296379581740499;0.0036878794693051497;1.1035890344642698;2.9411637167821807;4.990169366406387e-06;1.0;0.000628761340159885;0.0;0.004985179196981946;1.2974100378499556;3.1562429733483235;0.0018731336980230965;-1.0;0.0014756517461878996;0.0014756517461878996;0.012341814604480616;2.84183049551045;3.2583105047682976;0.0016752183050200648;-1.0;0.000135421839028574;0.00135421839028574;0.007222498081523947;2.364542815233077;3.3399062794926264;-0.0008979287105138518;False;False;True
2023-05-31;-0.0035675082327113064;0.026309871823701373;1857.142857142857;-0.042735042735042736;-0.0027875808467105172;0.49999999999999994;-0.8660254037844387;-2.4492935982947064e-16;1.0;0.9749279121818236;-0.22252093395631434;1.0;0.0014229321582667769;0.0009639217846323327;0.004039291287983108;1.2707025378445218;2.6716451219236594;-0.001456226641819178;1.0;0.0007332050224544038;0.0012831087892952067;0.0025662175785904134;1.1152280996710675;3.135994437355299;-0.0019643166111975633;1.0;0.000595401667124668;0.004534212695795548;0.007328020518457452;2.2976441609992753;3.2926355119838413;-0.00165026556581265;-1.0;0.001096741763012384;0.0017365077914362748;0.005209523374308824;2.193685482926236;3.3970212704664196;-0.001226594190727777;False;True;False
2023-06-01;0.0067552042645099035;0.009088405397961994;1751.7857142857142;0.8737373737373737;0.0001848981576382342;1.2246467991473532e-16;-1.0;0.20791169081775931;0.9781476007338057;0.43388373911755823;-0.900968867902419;-1.0;0.003788570385247398;0.0006846813949242285;0.006572941391272595;1.2469438853713695;2.6860354919106393;-0.0016873519755231724;-1.0;0.0015094684841277103;0.0005031561613759034;0.002927454029823438;0.9878626136054371;2.9706850005116054;-0.0005748354342805696;-1.0;0.002289167658639319;0.0034795348411317643;0.00682171962274517;2.141215606623349;3.1220345700430348;0.0006161805969312891;1.0;0.0034375286460720505;0.001100009166743056;0.004583371528096068;1.5847092358783623;3.3749632794765656;0.00020369606510123276;True;False;False
2023-06-02;0.002733587273134663;0.026154829286105533;1851.7857142857142;1.1047120418848169;0.01819472473567936;1.2246467991473532e-16;-1.0;0.40673664307580015;0.9135454576426009;-0.433883739117558;-0.9009688679024191;1.0;0.0021451555237754737;0.0006703611011798355;0.008178405434393993;1.022645752217917;2.602794170781645;0.004855184131499907;1.0;4.445037116059919e-05;0.00164466373294217;0.005200693425790106;1.4937422277404386;2.598027289521731;0.007702378140011096;1.0;0.000885896527285613;0.0010630758327427356;0.005536853295535081;1.81986661572;3.2616606823054055;0.010313221815185973;-1.0;0.001677185858675023;0.0010592752791631725;0.004722602286269144;1.8857354688004933;3.6396389881591102;0.009984865459834517;False;True;False
2023-06-05;-0.002208480565371025;0.014926707186271005;1913.9285714285713;0.6856287425149701;0.024845354510748627;1.2246467991473532e-16;-1.0;0.8660254037844386;0.5000000000000001;0.0;1.0;-1.0;0.0027003098716246125;0.0011066843736166445;0.003851261620185923;1.159989907288199;2.9067450528533825;0.0007968480233742087;1.0;0.0003984416504338587;0.00022135647246325483;0.0023463786081105013;0.8130603772942893;3.1172485360610778;0.00041739711161195906;-1.0;0.003181898532791232;0.0010606328442637441;0.004728654764009192;1.831476557163748;3.188920617041685;-0.00029967625139400015;-1.0;0.001193792280143255;0.00026528717336516777;0.0036698058982181543;1.4703223430661942;3.3324126163566636;-0.000433277696538224;False;False;True
2023-06-06;-0.0019021498717154738;0.013235945108455069;1843.5714285714287;0.5418060200668896;0.020837056525407818;1.2246467991473532e-16;-1.0;0.9510565162951535;0.30901699437494745;0.7818314824680298;0.6234898018587336;1.0;0.0015512121615033462;0.00013296104241457252;0.0059389265611842395;1.2418488828376706;2.7855017435335814;0.0013926278986520237;1.0;0.0008385559184394032;0.0;0.00251566775531821;0.9838498897715208;2.994146970561246;0.001512748208201066;1.0;0.0025994624840287263;0.0019826408776490285;0.00471427942018769;2.2747566031820736;3.1548879077172347;0.002280959373470401;1.0;0.0011454249085862814;0.0;0.003920877571699194;2.0374587422696413;3.323782454222465;0.0027824151363383845;True;False;False
2023-06-07;0.0026019080659150044;0.02216017373576209;1896.0714285714287;1.12;0.04292361441598307;1.2246467991473532e-16;-1.0;0.9945218953682733;0.10452846326765346;0.9749279121818236;-0.22252093395631434;1.0;0.004325259515570935;0.00043252595155709344;0.005017301038062283;1.4992733676223766;2.701308817050403;0.0025224134451842686;1.0;0.0008215860935743319;0.00034593098676813974;0.0044538614546398;1.0287809852897487;3.0832069119376952;0.004147152065434958;1.0;0.0006033962589431945;0.0032324799586242567;0.003965175415912421;1.7627973763119595;3.2253027831992087;0.005238334650099258;1.0;0.0019823313940961;0.0021547080370609784;0.0042663219133807365;2.259874918827608;3.3686414091506527;0.005117966984564723;False;False;True
2023-06-09;0.0023689537838652713;0.012110726643598616;1873.2142857142858;1.0642857142857143;0.046381705406140616;1.2246467991473532e-16;-1.0;0.9510565162951536;-0.30901699437494734;-0.433883739117558;-0.9009688679024191;1.0;0.0006015812994156067;0.00017188037126160193;0.0062736335510484706;1.236067658451314;3.0167413648283867;0.004700854700854701;-1.0;0.0012393162393162394;0.0003846153846153846;0.0032905982905982907;1.2019278223144152;3.269910298788926;0.005883500040428227;-1.0;0.0014126712328767124;0.0005993150684931507;0.003210616438356164;1.4913912938468095;3.246312880638978;0.006124159475779638;1.0;0.0005571985770005572;0.000942951438000943;0.0031717457460031717;1.4232164871405417;3.4356463725937525;0.004554747301859081;True;False;False
2023-06-12;0.0026036109095565326;0.012891027844620144;1888.5714285714287;0.74;0.05247122394024795;1.2246467991473532e-16;-1.0;0.5877852522924732;-0.8090169943749473;0.0;1.0;1.0;0.0017879948914431673;0.0016177096636866752;0.0064282673478075775;1.3595809653732709;2.992043118201762;0.0008158491669378167;-1.0;0.0019522960699431288;0.00046685340802987864;0.004329004329004329;1.150887520143825;3.2046928333854923;0.0015922287895754862;-1.0;8.504486116426415e-05;0.00021261215291066036;0.004592422502870264;2.0232718206331355;3.3633628439524585;0.0016607827506357872;1.0;0.0012384165349959432;0.0023060169961993423;0.0038006576418841012;1.8603332122789906;3.412220649974857;-0.00017077231780728344;True;False;False
2023-06-13;0.001358349605229646;0.010429970200085143;1853.5714285714287;0.926530612244898;0.053110895836216476;1.2246467991473532e-16;-1.0;0.40673664307580004;-0.913545457642601;0.7818314824680298;0.6234898018587336;-1.0;0.0001695633743111488;0.0015684612123781263;0.004154302670623145;1.0410592624232242;2.690004198122941;0.0013125776096923683;1.0;0.0002124675986911996;0.0019971954276972763;0.006289040921259508;1.69285918293271;2.8461209586096925;0.0019702719351456345;-1.0;0.0005501481168006771;0.0002539145154464664;0.004316546762589928;1.521355838214018;3.0999908065958497;0.0015005450092721532;-1.0;0.002208255478172244;0.0005095974180397486;0.0047562425683709865;2.05218281277137;3.401159267144256;0.0009172576832150337;False;True;False
2023-06-14;0.023212152244410308;0.015175922000847816;1858.5714285714287;1.941340782122905;0.06716034328919467;1.2246467991473532e-16;-1.0;0.20791169081775931;-0.9781476007338057;0.9749279121818236;-0.22252093395631434;1.0;0.0025020850708924102;0.0008340283569641367;0.0034195162635529608;1.0071238202487829;2.778766894934298;0.006305655167301388;-1.0;0.0018764855510612567;0.0002918977523873066;0.004044868854509821;1.2026156425588255;3.0683750939658765;0.011799985145573354;1.0;0.0031332247148765507;0.0;0.005556251827714417;1.799024402939167;3.0385055872397646;0.016785904470838844;1.0;0.0013336111689935403;0.0002500520941862888;0.007918316315899145;1.8316633999415406;3.2948668337090172;0.015313611536744858;True;False;False
2023-06-15;-0.003956152641556087;0.01755629691409508;2046.7857142857142;0.5724465558194775;0.06976960340626681;1.2246467991473532e-16;-1.0;5.66553889764798e-16;-1.0;0.43388373911755823;-0.900968867902419;1.0;0.0022341745966073644;0.0001654944145635085;0.005295821266032272;0.9285162014303266;2.625102519867643;0.0023835716905023967;1.0;0.0011964189941829283;0.0012376748215685465;0.003589256982548785;1.2673332988550927;2.909385699378196;0.0019459439659711502;1.0;0.0009065809535583302;0.001607120781307949;0.006799357151687477;1.7770336411685341;2.882066656753487;0.002530329763516708;-1.0;0.002215748225349801;0.0005334208690656928;0.004226334577982028;1.714376641409776;3.0463160030565066;0.002479282240942441;True;False;False
2023-06-16;-4.103237454351483e-05;0.011791477037649978;2009.2857142857142;0.7157894736842105;0.07332004712566477;1.2246467991473532e-16;-1.0;-0.20791169081775907;-0.9781476007338057;-0.433883739117558;-0.9009688679024191;-1.0;0.0005744768157570784;0.0008617152236356176;0.004718916700861715;0.9128870161950977;2.722894842718562;-0.0004986048213713254;-1.0;4.1169205434335116e-05;0.0007410456978180322;0.003581720872787155;1.0503571356363026;2.9113473584560157;-0.002142221488270481;-1.0;0.002765966230442142;0.002724683152375841;0.005697064773149486;1.7006458141205631;3.1251389568484025;-0.0038080032299207985;1.0;0.00016516640515319185;0.0014864976463787266;0.005698240977785119;1.6298247444568261;3.0891977525048007;-0.0031575003198625637;True;False;False
2023-06-19;-0.00028907701837703904;0.010709889208042675;1958.5714285714287;0.21455938697318008;0.06154021557054278;1.2246467991473532e-16;-1.0;-0.743144825477394;-0.6691306063588585;0.0;1.0;1.0;0.0002891606080634501;0.0017349636483807006;0.0035525446133509585;0.7281394079089982;2.546273571855673;-0.001402351000206228;-1.0;0.0005774148313123814;0.0006186587478346944;0.002103439742637961;0.8693394476800144;3.0052507277907505;-0.0010366211654191052;1.0;0.0016099071207430341;0.0023116615067079464;0.004499484004127967;1.9774331442603565;3.0893430376043773;-0.00042172623549741734;1.0;0.0017739273927392738;0.0005363036303630363;0.004826732673267327;1.5373914652459977;3.220260392042768;0.0003292045594831488;True;False;False
2023-06-20;-0.003429131286740692;0.013673165895571712;1985.7142857142858;0.743202416918429;0.06533303658318387;1.2246467991473532e-16;-1.0;-0.8660254037844384;-0.5000000000000004;0.7818314824680298;0.6234898018587336;-1.0;0.00016385384237260363;0.0010240865148287727;0.0035228576110109783;1.0874549508416762;2.639914251314128;0.00010492940076190525;-1.0;0.0003695339765961815;0.0004105933073290905;0.0020529665366454527;1.2827888023883958;2.9306435341189068;-0.0013292769829524051;1.0;0.0010689031409307679;0.0007400098667982239;0.002631146193060352;2.1085621432108863;3.021317545079675;-0.0030443276006865104;-1.0;0.0011090573012939;0.002587800369685767;0.00501129595399466;2.4425878973105593;3.185220805227656;-0.003093909522569074;False;False;True
2023-06-21;-0.0004098360655737705;0.011305915123709652;1902.5;0.8913043478260869;0.05940531700716912;1.2246467991473532e-16;-1.0;-0.9510565162951535;-0.30901699437494756;0.9749279121818236;-0.22252093395631434;-1.0;0.0022960229602296024;8.200082000820008e-05;0.004141041410414104;1.3552014486306074;2.7234075018175616;0.0007073652697343368;1.0;0.00036965539902246685;0.0006982379759313262;0.001642912884544297;0.8946453418653145;2.9363508126944495;0.00022349018695647584;1.0;0.003242888222979352;0.0016009195024834777;0.005623742867698371;2.7615886511766643;3.0571881419480262;-0.00021875854525571384;-1.0;0.0019278887567168465;0.0023380778538906436;0.004348004430042249;2.126213009565451;3.1767387721510194;0.00016408910038150716;False;True;False
2023-06-22;-0.007577918109594622;0.01090610906109061;1926.7857142857142;0.19172932330827067;0.052740760588884834;1.2246467991473532e-16;-1.0;-0.9945218953682733;-0.10452846326765423;0.43388373911755823;-0.900968867902419;1.0;0.0021347345950162157;0.0006568414138511433;0.003448417422718502;1.2143653969756336;2.5747075832034363;-0.0012991452991452594;-1.0;0.0005333552145729056;0.0012718470501353902;0.002215475506687454;0.9049167821310692;2.6608805494441143;-0.002900454222076248;-1.0;0.004022162938641494;0.0001231274368971886;0.007305561255899856;2.3634005143399923;2.8513000414089738;-0.005320414287805579;-1.0;8.234519104084322e-05;0.0024703557312252965;0.005393610013175231;2.4505575654609535;3.0885058884354932;-0.005968683907492188;False;False;True
2023-06-23;-0.005020162949551477;0.017529455232152387;1903.9285714285713;0.3372365339578454;0.03980098432773082;1.2246467991473532e-16;-1.0;-0.9945218953682734;0.10452846326765299;-0.433883739117558;-0.9009688679024191;1.0;0.00016542597187758478;0.002729528535980149;0.005500413564929694;1.2866742603445218;2.70118064648782;0.002566605709781046;-1.0;0.0011137235490657096;0.0008249804067153406;0.003506166728540197;1.0905818797022786;3.0514474820561577;0.001533200211159364;-1.0;0.0004131377814501136;0.0018591200165255113;0.0031811609171658746;1.3163884781344717;2.8284096606474596;-0.0004410812002921762;-1.0;0.0016540545010958112;0.0023156763015341354;0.005789190753835339;2.267581503951327;3.168487622508342;-0.0016570694726376403;False;True;False
2023-06-26;-0.0021037000371241185;0.010628618693134822;1860.0;0.5058365758754864;0.03561422171613503;1.2246467991473532e-16;-1.0;-0.743144825477394;0.6691306063588585;0.0;1.0;-1.0;0.0016121031746031745;0.00028935185185185184;0.002025462962962963;0.7768222468645403;2.573055684861012;0.00017914479033161326;-1.0;0.000165371258475277;0.0005374565900446503;0.0014883413262774929;0.7103957150797809;2.998121712997746;-0.00070338036327527;-1.0;0.002399768298233274;0.00012412594646034176;0.006537299846911333;2.1917393287873796;3.0334448398197185;-0.002252501753997254;1.0;0.0022017281488866734;0.0008308408109006315;0.0068128946493851775;1.9379415378511204;3.085104806012724;-0.0022854042222497993;False;False;True
2023-06-27;0.00571071279699875;0.013682208994708995;1875.7142857142858;0.6858006042296072;0.029117889811404455;1.2246467991473532e-16;-1.0;-0.5877852522924734;0.8090169943749473;0.7818314824680298;0.6234898018587336;1.0;0.0004973680938367803;0.00016578936461226012;0.005471049032204584;1.3537246326105352;2.604746780042516;0.0008524797536058118;-1.0;0.0015675274317300553;0.0009487666034155598;0.0033825591947859086;1.0899697985084997;2.9698902040483937;0.0023166306556753396;-1.0;0.0011560216341191527;4.128648693282689e-05;0.006812270343916436;2.4044870309470117;3.001491374406677;0.0033400226051253394;-1.0;0.0019929416649366828;0.001121029686526884;0.009175835582312643;2.749259422840368;3.041986334008985;-0.0003248998612213585;False;False;True
2023-06-28;0.001800142336835936;0.023666431798400132;1901.0714285714287;0.38704028021015763;0.016997413945146738;1.2246467991473532e-16;-1.0;-0.40673664307580015;0.913545457642601;0.9749279121818236;-0.22252093395631434;-1.0;0.000961136648558295;0.001671541997492687;0.006978687839531968;1.3858110219450406;2.822133070964232;0.0005596127479783175;1.0;0.0008394191219675984;0.001091244858557878;0.003651473180559053;1.155523028069719;3.056233066862896;-0.0002560485654297735;1.0;0.000418988561612268;0.0025558302258348346;0.006494322704990153;2.1275917818535195;3.030115534915331;0.00015772943834403997;-1.0;0.001169053484196902;0.0034236566322909273;0.00789111101832909;2.324402843506692;3.036313941103203;0.0005352621388144312;False;True;False
2023-06-29;0.004596440920974952;0.012536564981195153;1908.2142857142858;0.44333333333333336;0.008485536066174058;1.2246467991473532e-16;-1.0;-0.20791169081775898;0.9781476007338057;0.43388373911755823;-0.900968867902419;-1.0;0.000629643621710112;0.001511144692104269;0.006842127355916551;1.3892433195235139;2.6278477644532936;-0.0020665513896503734;1.0;0.0011809363137916492;0.0007591733445803458;0.0063264445381695485;1.4654000438084254;3.0615531809082395;-0.0007138657932308726;1.0;0.0001679684219366759;0.0025195263290501385;0.0054589737129419665;1.5685835065764875;3.134521152813414;0.0010003722315279563;1.0;0.0015494137353433835;0.0011306532663316582;0.004355108877721943;1.6128292086734026;3.1934422501746056;0.0033769973987365426;False;False;True
2023-06-30;0.000786651761685919;0.020190572136170926;1954.642857142857;1.0332640332640333;0.018104931524735544;1.2246467991473532e-16;-1.0;-1.133107779529596e-15;1.0;-0.433883739117558;-0.9009688679024191;1.0;0.0004550719841138507;0.0023581002813172266;0.005419493628992222;1.2731552818819147;2.6119666214452093;0.0036219425532402765;1.0;0.0016505735743170752;0.0;0.003136089791202443;1.2817362194776734;2.864018830887605;0.0046147507210548;-1.0;0.0012772444481067942;0.0002472086028593795;0.00494417205718759;1.7367391495063096;2.8755190937343857;0.004276684490013387;1.0;0.0007028569066027205;0.0020672261958903544;0.0035556290569314095;1.7061759157064411;3.0088748554425084;0.0029698789097286006;False;True;False
2023-07-03;0.0040585774058577405;0.0173754757570743;2017.142857142857;0.25476190476190474;0.007371523084285558;-0.4999999999999997;-0.8660254037844388;0.5712682150947923;0.8207634412072763;0.0;1.0;1.0;0.00037504688086010754;0.000708421886069092;0.005167312580739259;0.8966721577777566;2.5207462824683415;-0.003135735860367433;1.0;0.0013281314850170168;0.00024902465344069064;0.0018676849008051797;1.0162559447615194;2.9365612286038925;-0.00116638774785745;1.0;0.0014522821576763486;0.001908713692946058;0.006639004149377593;2.3602567004796744;3.1704199380897946;0.0022747011869804377;1.0;0.002481492203978659;0.0002481492203978659;0.004756193390959096;1.5774940888283853;3.2542868341530644;0.0037697429970833048;True;False;False
2023-07-04;-0.001644195988161789;0.015335250239613286;2049.285714285714;0.8369565217391305;0.01598775192631077;-0.4999999999999997;-0.8660254037844388;0.7247927872291199;0.6889669190756866;0.7818314824680298;0.6234898018587336;-1.0;0.0012351778656126482;0.0005764163372859025;0.0030055994729907775;0.9106981753729806;2.4352423640579834;0.00022442987940326467;-1.0;0.000288552702089946;0.000123665443752834;0.0020610907292139;0.862609604166622;3.0805882808866842;-0.0007753324983598869;-1.0;0.001321276683595524;0.0014864362690449647;0.004170279532598373;1.9108341789978902;3.123876951194331;-0.002398081534772182;1.0;0.0009096171338791036;0.0017778880344000662;0.003349044902009427;1.5291537454713695;3.132149306008789;-0.00275000229549431;False;True;False
2023-07-05;-0.004342611356962654;0.009099143610013176;1805.357142857143;-0.10407239819004525;0.003733669106441882;-0.4999999999999997;-0.8660254037844388;0.8486442574947509;0.5289640103269624;0.9749279121818236;-0.22252093395631434;-1.0;0.00270000830771787;0.0004984630721940683;0.006521558527872394;1.7959645040507317;2.553881254100684;-0.002208885554722014;1.0;0.00045844794531966327;0.002000500125031258;0.004209385679753271;1.306976996155767;2.9116900396331036;-0.002879939350233895;1.0;0.000582459643867532;0.0007072724246962889;0.00528374105508404;2.0518839370372333;3.0335159006241827;-0.0034440208482973815;1.0;0.001988977748311441;0.002486222185389301;0.004972444370778602;2.4872854913628277;3.24871449667126;-0.0011780676928740443;True;False;False
2023-07-06;-0.0014029875381695138;0.018733903796627066;1864.642857142857;0.5631929046563193;0.006523687619966602;-0.4999999999999997;-0.8660254037844388;0.9377521321470804;0.3473052528448203;0.43388373911755823;-0.900968867902419;-1.0;4.132231404958678e-05;0.001652892561983471;0.007272727272727273;1.534568599486091;2.552314795823021;-0.002922640072027189;-1.0;0.0;0.0016205435053602592;0.002742458239840439;1.2587312999220117;2.7269448569124513;-0.005121307504934165;-1.0;0.0025791422272141104;4.159906818087275e-05;0.005366279795332584;2.4371897652686485;3.0303636661303153;-0.007017153557010883;-1.0;0.0049222041463312894;0.00016685437784173864;0.007925582947482584;2.3572214539170457;3.149188038838708;-0.007399660693950537;False;False;True
2023-07-07;0.0036508602601762483;0.019462809917355373;1951.4285714285713;0.3970276008492569;-0.006513304920702174;-0.4999999999999997;-0.8660254037844388;0.9884683243281114;0.1514277775045767;-0.433883739117558;-0.9009688679024191;-1.0;0.0016306392942258645;0.0014633942384078271;0.004766484090814065;1.2348703016907006;2.4556967935187255;-9.306957416014988e-05;1.0;0.0065756408108560895;0.0005863628748534093;0.007580834310604792;1.775055332523234;2.746777996859754;0.0010094243955083482;1.0;0.0007535795026375283;0.0019258142845181277;0.009419743782969104;2.0876143205752586;3.0795422041640093;0.0030033776447050318;1.0;0.0030773069405747077;0.0006653636628269639;0.003950596748035098;1.7980488435155817;3.2087797981154083;0.004568804627011791;False;True;False
2023-07-10;-0.0015817515817515818;0.016849939373667265;1980.7142857142858;0.36228287841191065;-0.004876874983145636;-0.4999999999999997;-0.8660254037844388;0.8978045395707416;-0.4403941515576344;0.0;1.0;-1.0;0.0021679312932543983;0.0010005836738097224;0.00479446343700492;1.1167770189786863;2.6615200264851766;-0.004468200609679709;1.0;0.0009604944458364654;4.176062807984632e-05;0.002589158940950472;0.9750258800616254;3.0258071220728833;-0.004924579349195814;-1.0;0.0016260840560373582;0.0022515010006671113;0.004628085390260174;2.004722262023008;3.1605283560660444;-0.004673287156805475;1.0;0.00233674108074275;0.001043187982474442;0.0039641143334028794;1.8147870420692187;3.1499864304746867;-0.0031509051901894695;True;False;False
2023-07-11;0.0051635111876075735;0.010714583507045777;1946.7857142857142;0.5486381322957199;-0.007161012908067853;-0.4999999999999997;-0.8660254037844388;0.7907757369376989;-0.6121059825476626;0.7818314824680298;0.6234898018587336;-1.0;0.0006682258603407952;4.17641162712997e-05;0.008603407951887737;1.7103115618340894;2.720719132631869;-0.0030309408545569354;1.0;0.0009682172174279099;0.000799831614396969;0.0026099768469795832;1.0935863090010807;3.028580114449213;-0.003416286949409964;-1.0;0.0015141955835962144;0.003028391167192429;0.014637223974763407;3.07888740248202;3.13469027960895;-0.005613389042324601;-1.0;0.0017420122365737593;0.003951393609789259;0.007265465669612508;2.1297919880095226;3.331471044089777;-0.0072816337338232435;True;False;False
2023-07-12;0.002558724832214765;0.023137320414300035;2049.6428571428573;0.8935018050541517;-0.009773417464545986;-0.4999999999999997;-0.8660254037844388;0.6513724827222223;-0.7587581226927909;0.9749279121818236;-0.22252093395631434;-1.0;0.002008284172210368;0.0013806953683946279;0.005062549684113635;1.443840280404917;2.480212139432342;0.001182776171251075;1.0;0.0035621490235520914;0.0008800603469952225;0.009638756181376247;1.9264091863982442;2.5567438547927073;0.0029183690486116903;1.0;0.0013340559469712761;0.0020427731687997666;0.003626964605828157;1.6571040525623635;2.822877414536443;0.004089155633355958;1.0;0.0022089776184720544;0.0005418246988705039;0.004793064643854457;2.0687681024063873;3.111821330067699;0.005287043969349987;True;False;False
2023-07-13;0.005008417508417508;0.015062131291577758;1996.4285714285713;0.4;-0.009646809004794372;-0.4999999999999997;-0.8660254037844388;0.48530196253108104;-0.8743466161445821;0.43388373911755823;-0.900968867902419;1.0;0.003894635453745969;0.000711922609824532;0.005025336069349638;1.4069956327186735;2.6084388166309833;-0.002009292980032651;-1.0;0.0019674327096153043;0.0007534848675122441;0.002930218929214283;1.1969285803061662;2.6590286425902865;-1.8608459405618726e-05;1.0;0.00020934516831351533;0.0008792497069167644;0.009211187405794675;2.187206200909977;2.8084839941951296;0.0035071203772924124;1.0;0.0007060387075338483;0.0015366724811030816;0.007184982141373869;2.166598532035308;3.0278490784836185;0.006359833404508311;False;True;False
2023-07-14;0.002158213663152652;0.01562041961556179;2074.285714285714;0.7613941018766756;0.002002261621935658;-0.4999999999999997;-0.8660254037844388;0.29936312297335804;-0.9541392564000488;-0.433883739117558;-0.9009688679024191;-1.0;0.0019464921726165825;0.0006212209061542285;0.0032717634390789364;1.1900756423557644;2.4485090975804535;-0.000810458599840698;-1.0;0.00012432656444260256;0.00029009531703273934;0.002652300041442188;0.9695359583551317;2.914288634585674;-0.0013937346550737747;-1.0;0.0014537298554577172;0.0014537298554577172;0.006230270809104503;2.276532672527323;3.0745161820043116;-0.0019216165657239708;1.0;0.0001666944490748458;0.003042173695615936;0.003708951491915319;1.7029990769239465;3.212654483286871;-0.0028185049427969264;False;True;False
2023-07-17;-0.0021856086079354406;0.018263894640934315;2109.285714285714;-0.027210884353741496;-0.013980379289434556;-0.4999999999999997;-0.8660254037844388;-0.2993631229733582;-0.9541392564000488;0.0;1.0;-1.0;0.0015585509688289807;0.0018955349620893007;0.003959561920808761;1.0160534047685548;2.495496298644267;-0.0011800404585300068;-1.0;0.0013486176668914363;0.00012643290627107216;0.0021493594066082267;1.1364438879745768;2.7790284964293117;-0.0014104438446543436;-1.0;0.0027412280701754384;0.002277327935222672;0.007464574898785425;2.7060165934123033;3.051149226870386;-0.0026023317644185426;1.0;0.002536568867844762;0.0038894055973619683;0.010399932358163524;2.3503887978381575;3.249699657255927;-0.002082046675275674;False;False;True
2023-07-18;-0.0006272214091574326;0.015880370682392585;2040.0;0.896551724137931;-0.0061357601917866895;-0.4999999999999997;-0.8660254037844388;-0.4853019625310808;-0.8743466161445822;0.7818314824680298;0.6234898018587336;-1.0;0.0008786610878661088;0.000794979079497908;0.0021757322175732217;1.0349209468845164;2.4813101275419944;0.0017535536205997822;-1.0;0.0020093770931011385;0.001925653047555258;0.00531647689216343;1.8658163174613762;2.86490094809693;0.0004238570996064726;-1.0;0.00016768676113020878;0.002557223107235684;0.004359855789385428;2.201039716479346;2.822304978305157;-0.0006485175076400045;1.0;0.00046191316032585876;0.0023935500125976316;0.009868144788779709;2.736996939576009;3.126602618240142;2.7799785941607794e-05;False;False;True
2023-07-19;0.001512986467176599;0.013054393305439331;2044.2857142857142;0.4807692307692308;-0.00779647961361105;-0.4999999999999997;-0.8660254037844388;-0.651372482722222;-0.7587581226927911;0.9749279121818236;-0.22252093395631434;-1.0;0.0009232060428031893;0.0001258917331095258;0.006588334032731851;1.1853436623379325;2.5570581309624676;-0.0017769900882400372;1.0;0.0016035785120479386;0.0017301768156306706;0.003586951934844073;1.4530349715039197;2.895664218856625;-0.0020016219231509392;-1.0;0.0015187950892292116;0.003417288950765726;0.004978272792473527;2.3369146064434263;3.013436139187408;-0.002756448119708645;1.0;0.0003796987723073029;0.00042188752478589206;0.005020461544952116;1.8301482847913848;3.0713141268484674;-0.0011669864209460194;False;False;True
2023-07-20;0.0025284450063211127;0.01321863197650021;1985.0;0.8031746031746032;-0.007778449732029279;-0.4999999999999997;-0.8660254037844388;-0.7907757369376986;-0.6121059825476627;0.43388373911755823;-0.900968867902419;1.0;0.0006305170239596469;0.00273224043715847;0.005212274064733081;1.2947171302052773;2.5762058945209247;0.001547742254295863;1.0;0.0021398002853067048;0.0004195686833934715;0.003062851388772342;1.2499832094290584;2.7780871052740492;0.002106106777749807;-1.0;0.0006290363163633314;0.0006709720707875535;0.0031032458273924346;1.7484600991800818;2.942416771192373;0.0023853202444136497;1.0;0.0005461267013947236;0.00487313056629138;0.005629305998991766;2.281364312375827;3.192495991730829;0.0015680344967589695;False;True;False
2023-07-21;-0.002052871925929029;0.00878520386717108;1909.642857142857;0.631578947368421;-0.005629340196244184;-0.4999999999999997;-0.8660254037844388;-0.8978045395707417;-0.44039415155763423;-0.433883739117558;-0.9009688679024191;-1.0;0.0011335012594458438;0.0014693534844668346;0.0033585222502099076;1.2873053289686442;2.53688534504865;0.0012557301440588016;1.0;0.0011343108011595178;0.00021005755577028105;0.003781036003865059;1.2456042020246507;2.925259807161183;0.0011501799775551652;1.0;4.190939189472361e-05;0.0013830099325258791;0.010770713716943967;2.422605426204756;3.074468889736003;0.0027404085700049826;1.0;0.00016608536787908985;0.001993024414549078;0.006145158611526325;2.28193489741937;3.376986484733007;0.005992096314676907;True;False;False
2023-07-24;-0.0025508104994651525;0.022628043660789254;1942.142857142857;0.8849721706864564;0.011937557392102846;-0.4999999999999997;-0.8660254037844388;-0.9884683243281114;0.15142777750457667;0.0;1.0;1.0;0.00028873123246988945;0.0009074410163339383;0.004042237254578453;1.2291619023586282;2.434008622687868;0.0017823112463840045;-1.0;8.226390259953932e-05;0.0017275419545903258;0.003989799276077657;1.166548032611568;2.849177568063333;0.00116795141322113;1.0;0.002802967848309975;0.0021846661170651276;0.0053998351195383345;2.1318571488354383;2.9516882183908044;0.0002426406629125503;0.0;0.0030490317264112075;0.00288421920065925;0.005933250927070457;1.9057036232660376;3.030361936147675;-0.00029757817149657595;False;True;False
2023-07-25;0.003585543739559141;0.014931529450585712;1988.9285714285713;1.1906077348066297;0.026905670682262104;-0.4999999999999997;-0.8660254037844388;-0.9377521321470804;0.3473052528448203;0.7818314824680298;0.6234898018587336;1.0;0.00085258414193496;0.0004465916933945029;0.006374081442085177;1.3917140813631976;2.3940934808925673;0.004174072278774209;1.0;0.00016158351848111492;0.0;0.0031104827307614625;1.3710515736392315;2.9689484043719694;0.006976889891341304;-1.0;0.0009666505558240696;0.0011680360882874174;0.005195746737554374;2.1040642158612965;3.1140593670996424;0.008196868490986086;-1.0;0.0009696186166774402;0.0030300581771170007;0.004848093083387201;2.1373750566769845;3.3111100376416207;0.006680774017315187;False;False;True
2023-07-26;-0.001628001628001628;0.01222037270106776;1938.2142857142858;-0.06976744186046512;0.021240809665359413;-0.4999999999999997;-0.8660254037844388;-0.848644257494751;0.5289640103269624;0.9749279121818236;-0.22252093395631434;1.0;0.004198940073379535;0.0015083571137382797;0.006359559722788423;1.651750168366743;2.5741326103771054;-0.0018197126483608611;-1.0;0.0013036747331540781;0.0008962763790434287;0.004114723376517559;1.2529310178160493;2.8791863850158856;-0.002539786204425564;1.0;0.00351034736111678;0.000571451895995755;0.00412261724968366;1.6021591395208905;2.922311249963105;-0.0028390022675737225;1.0;0.002979591836734694;0.00028571428571428574;0.005795918367346939;1.855709233646244;3.1167741790290537;-0.00213518624071508;False;False;True
2023-07-27;0.003896894662066166;0.012026090501426825;1863.5714285714287;0.9728813559322034;0.027638749514353328;-0.4999999999999997;-0.8660254037844388;-0.72479278722912;0.6889669190756865;0.43388373911755823;-0.900968867902419;-1.0;0.0017791435849743237;0.0015365330961141887;0.004650034369819255;1.073768814024677;2.280321054284361;0.0021999082246875984;-1.0;0.0006882869751811814;0.0006882869751811814;0.002550710555083202;1.0132699353543375;2.6828908253573056;0.0012746025311894528;-1.0;0.0013376570733684638;0.0;0.006120794487231455;1.9767871600031646;2.9487590314096557;-3.6204337279553415e-05;-1.0;0.0010182469859889216;0.001466275659824047;0.007290648419680678;2.3959516641984187;3.4203513870772895;-0.0030103771611507;False;False;True
2023-07-28;0.0049076692729995005;0.030609356677853704;1986.4285714285713;0.190224570673712;0.004222706189423285;-0.4999999999999997;-0.8660254037844388;-0.5712682150947924;0.8207634412072763;-0.433883739117558;-0.9009688679024191;1.0;0.0002069365118781558;0.00024832381425378696;0.00678751758960351;1.080296652923834;2.4480892265108065;-0.002851463431352429;-1.0;0.0015628213037219823;0.00041126876413736374;0.004894098293234629;1.3581945048319917;2.965686873376174;-0.00039414104749860594;-1.0;0.0022273552219105757;8.249463784853984e-05;0.005980861244019139;2.129131208179993;3.123261156668336;0.002079164654200865;0.0;0.0015317105481039907;0.0031048186785891706;0.004636529226693161;1.8655812887639849;3.3176257075411835;0.00031278173354678764;False;False;True
2023-07-31;0.005550033134526176;0.011257346246171675;2005.0;0.7242647058823529;0.00853252245291327;-0.4999999999999997;-0.8660254037844388;-2.4492935982947064e-16;1.0;0.0;1.0;1.0;0.0016887717274899085;0.00152401351017382;0.006466760029656479;1.190229749207088;2.66289459199708;0.0020163037776044835;-1.0;0.0006979226537482552;0.00028737991624928157;0.0016011166762459972;0.6139303936292553;2.8325618288799177;0.0034232975941064906;1.0;0.001602103274041819;0.00110914842049049;0.006901367949718605;2.471354589594639;3.162669697644104;0.006154405581691298;1.0;0.0026999386377582328;0.0006545305788504806;0.005440785436694621;1.9089271418004246;3.4111027157722034;0.006372922563321048;False;True;False
2023-08-01;-0.0035057682116505645;0.013757311145893401;1961.0714285714287;0.6107784431137725;0.01504188682770863;-0.8660254037844384;-0.5000000000000004;0.20129852008866006;0.9795299412524945;0.7818314824680298;0.6234898018587336;-1.0;0.00012272448353446513;0.0013090611577009613;0.006831662916751892;1.4278661368010392;2.8149976623109048;-0.00139842882408588;-1.0;0.0005346933739151894;0.0011105170073623164;0.0020153827170649448;0.9145658340948807;2.9537353711904255;-0.003712237583205312;1.0;0.00271560236998025;0.000781764318630678;0.004690585911784068;2.320872332820177;3.1633257029573056;-0.005557153750964612;1.0;0.0016849545884190195;0.005424731845641721;0.009945341717009821;2.792789093000809;3.389371932345621;-0.00382026974109589;False;False;True
2023-08-02;-0.004851175793455024;0.012395172836980977;1970.357142857143;0.20132013201320131;0.004815276048152761;-0.8660254037844384;-0.5000000000000004;0.39435585511331855;0.9189578116202306;0.9749279121818236;-0.22252093395631434;1.0;0.0013632983557795588;0.0011154259274560026;0.004089895067338676;1.6287661371228679;2.6671613954834594;-0.00030705070919557467;1.0;0.0010723860589812334;0.0003712105588781192;0.0021860177356155907;0.9919372843280051;2.924406751697941;-0.001676077429281857;1.0;0.00032972015002266826;0.0021843959939001774;0.0036681366690021846;2.0986193578831815;3.0726613939334935;-0.002012633851586497;-1.0;0.0004528239749711839;0.004157747406553598;0.005392721883747736;2.090374881340678;3.2410049889037533;-0.0014877069629263958;False;False;True
2023-08-03;0.009038755210697923;0.013095926629761216;1913.9285714285713;1.2460567823343849;0.014871470231114894;-0.8660254037844384;-0.5000000000000004;0.5712682150947923;0.8207634412072763;0.43388373911755823;-0.900968867902419;1.0;0.004458442408376963;0.0021269633507853404;0.007526178010471204;1.5651378734137256;2.439268353249255;0.002846907223516231;-1.0;0.0011033468186833395;0.001716317273507417;0.0029831228801438436;1.1587865111649187;2.657378406100388;0.003746542962629897;-1.0;0.003310581599705726;0.002288797155352107;0.0056402501328319775;2.3866190064707307;3.103449842019127;0.005685895165172583;-1.0;0.006825799068094498;0.0001634921932477724;0.013937709474372598;2.9738483984219224;3.3846284382756697;0.0031829656459224313;False;True;False
2023-08-04;-0.00020711652375626527;0.020983311518324606;1939.642857142857;0.031189083820662766;0.0012735788395083238;-0.8660254037844384;-0.5000000000000004;0.7247927872291199;0.6889669190756866;-0.433883739117558;-0.9009688679024191;-1.0;8.286377195889956e-05;0.001367252237321843;0.006339078554855817;1.3436731442787155;2.668253438607743;-0.004394852009141319;1.0;0.001665486946746055;0.0036224341091726695;0.007453054086688595;1.8870171492618195;2.655776510135171;-0.004653288462337446;1.0;0.000415472184137272;0.0021604553575138145;0.00623208276205908;2.065445235719569;3.1239363094718637;-0.0035416465436748476;-1.0;0.0015316471416152667;4.139586869230451e-05;0.007451256364614811;2.124635912989457;3.4559657156899535;-0.0021977005112545534;True;False;False
2023-08-07;0.002335669002335669;0.019845873384156446;1976.0714285714287;0.2588726513569937;-0.0029415547506731555;-0.8660254037844384;-0.5000000000000004;0.9884683243281114;0.1514277775045767;0.0;1.0;-1.0;0.00020805592543275632;0.0014980026631158455;0.004036284953395473;1.0572489964861556;2.532594138497286;-0.002595187780372952;1.0;0.0009592926259592926;0.000667334000667334;0.0022939606272939605;0.7892795124443559;2.882556392085218;-0.0012782038457263129;1.0;0.0030010003334444814;0.003167722574191397;0.0076275425141713905;2.1549556494851543;3.0442532703412657;0.0003422076090324176;-1.0;0.0008323968868356432;0.0027469097265576227;0.007449952137179007;1.9130345632364127;3.3092481056283756;0.0003435373202231929;False;False;True
2023-08-08;-0.0071530159792520705;0.01052762982689747;1955.0;-0.43873517786561267;-0.015437328759309997;-0.8660254037844384;-0.5000000000000004;0.9987165071710528;-0.05064916883871264;0.7818314824680298;0.6234898018587336;-1.0;4.213187276174426e-05;0.0015588792921845376;0.008974088898251527;1.6783507966307434;2.7807106493217857;-0.00466893039049236;1.0;0.001400679117147708;0.0006366723259762309;0.003565365025466893;0.9348534435386234;2.977713845779813;-0.007892109773784621;1.0;0.0001695130736958088;0.0013561045895664704;0.004661609526634742;1.8266243100885207;3.022107153742701;-0.00968367294251286;1.0;0.0004224578598284821;0.002957205018799375;0.004140087026319125;1.856027575443571;3.230632190930551;-0.006505598003761763;True;False;False
2023-08-09;0.004109014675052411;0.019127870233831893;2004.642857142857;0.9361233480176211;-0.006622379203281945;-0.8660254037844384;-0.5000000000000004;0.9680771188662043;-0.2506525322587204;0.9749279121818236;-0.22252093395631434;-1.0;0.0;0.0017120427593118423;0.006681142475363287;1.3130029914566832;2.716989104518154;-0.0018511524239839022;-1.0;0.00033572537664190694;0.000461622392882622;0.00230811196441311;1.2561271682050095;3.0623044112265907;-0.0020360797059825915;-1.0;0.0009667114996637525;0.0008406186953597848;0.0045813718897108275;2.2577244242837793;3.2100334437784643;-0.002725561268931493;1.0;0.00037933069206777374;0.0027817584084970075;0.00606929107308438;2.1913504921026963;3.416433067951916;-0.0027410053465947424;False;False;True
2023-08-10;0.004046535154274153;0.013738099214965759;2047.5;0.6109422492401215;-0.011858117427927245;-0.8660254037844384;-0.5000000000000004;0.8978045395707416;-0.4403941515576344;0.43388373911755823;-0.900968867902419;1.0;0.0010075566750629723;0.002686817800167926;0.005205709487825357;1.2868946842292568;2.6809979774617747;0.0019561815336462817;1.0;0.002012072434607646;0.002640845070422535;0.004694835680751174;1.418851542335309;2.8496894266515804;0.002985380484646934;-1.0;0.0017604895837699628;0.00012574925598356877;0.0035209791675399255;1.800367825323323;3.175398756420654;0.0037459997574196785;1.0;0.000251899743901927;0.0020571812418657374;0.007095176119904278;2.1434098629961427;3.375594024912992;0.003760498057076004;False;False;True
2023-08-11;0.002201710559742569;0.013476070528967255;1969.642857142857;0.16199376947040497;-0.017110254318050164;-0.8660254037844384;-0.5000000000000004;0.7907757369376989;-0.6121059825476626;-0.433883739117558;-0.9009688679024191;1.0;0.0008027038445289396;0.002703844528939586;0.007308829742289818;1.3316263026355244;2.7926171545382155;-0.001435652824541768;-1.0;0.0017255166028365809;0.0005471150204115989;0.005092378266907958;1.4235659333621948;2.929548517441793;-0.0008534743910788343;1.0;0.0017304689148693708;0.0004642721478917824;0.0071751150128730005;1.7836836285368247;3.227690520324252;0.0014932407524067112;-1.0;0.0017218932426189576;0.0015959010541346436;0.004955692747049683;1.6337471507896293;3.291813644220255;0.0016031932993064279;False;True;False
2023-08-14;-0.001014455997971088;0.014448669201520912;1962.5;0.36257309941520466;-0.018332028402494666;-0.8660254037844384;-0.5000000000000004;0.29936312297335804;-0.9541392564000488;0.0;1.0;-1.0;0.0005077430820005078;0.0003808073115003808;0.006600660066006601;1.3597915389751958;2.6703450082661053;0.0005390300296466104;1.0;0.00017022725338326666;0.0014894884671035832;0.00421312452123585;1.1332471665206845;3.051329158661406;-0.0003537368763619282;-1.0;0.0016554183114733223;0.001230952077762214;0.004754021817564413;2.270456870382138;3.2158157064146833;-0.0021593781746875656;-1.0;0.0008079948968743356;0.003572187965128641;0.00816500106315118;2.2276077030173127;3.32068547689112;-0.002769951715567767;False;True;False
2023-08-15;-0.005483677491217548;0.013412879749513412;1969.642857142857;-0.3627760252365931;-0.03462845213688365;-0.8660254037844384;-0.5000000000000004;0.10116832198743272;-0.994869323391895;0.7818314824680298;0.6234898018587336;1.0;4.3077453260963214e-05;0.002240027569570087;0.011070905488067545;1.8275215293509268;2.8192566846441736;-0.0002467237927140704;1.0;0.0014518126307698877;0.0022204193176480636;0.004184636406336735;1.5341683798154764;3.035082669446868;0.0003698803579303357;1.0;0.0031582092100209125;0.0005548205368955657;0.005206777346250693;2.1834353908230155;3.2850360205370825;0.0019650179455856305;-1.0;0.000383533623114293;0.004346714395295321;0.005326855876587403;1.9647600548592232;3.3096227748290246;0.0020419959444349135;False;False;True
2023-08-16;0.02310715673994731;0.017532523477212028;2009.642857142857;1.3636363636363635;-0.013602113709756336;-0.8660254037844384;-0.5000000000000004;-0.10116832198743204;-0.9948693233918952;0.9749279121818236;-0.22252093395631434;1.0;0.002617359000337724;0.0013508949679162446;0.004685916919959473;1.0304052360936795;2.804407263949357;0.0012608685462513222;-1.0;0.0005062223159670956;0.0019405188778738663;0.0034591858257751527;1.0088100035620435;2.913033959008679;0.00669547551013708;1.0;0.002406992947932942;0.0022803091085680503;0.0074743465225286096;2.240430586353165;3.203131467169011;0.013208686009460803;1.0;0.0023581926138038487;0.00151598096601676;0.004042615909378026;1.7116364017417645;3.259488211911805;0.011826402631000401;True;False;False
2023-08-17;0.006280767272109998;0.01777271192164809;2017.5;0.47743467933491684;-0.012261339187340016;-0.8660254037844384;-0.5000000000000004;-0.2993631229733582;-0.9541392564000488;0.43388373911755823;-0.900968867902419;-1.0;0.0021086369770580296;0.000927800269905533;0.003626855600539811;1.0093646367508322;2.857603518717371;-0.002499038831218748;1.0;0.0002953960416930413;0.0010971852977170106;0.002911760982402836;1.0440515252006641;2.963332978032733;0.00021067711625163274;-1.0;0.0016854879487611663;0.0013483903590089331;0.004129445474464858;1.8466673212799916;3.0370438506766355;0.002493508441369797;-1.0;0.0027842227378190253;0.0005062223159670956;0.005230963931659987;1.969812894900314;3.281442795906854;0.0024092311593896616;False;False;True
2023-08-18;-0.0022174840085287845;0.015814777327935223;2041.0714285714287;0.0026666666666666666;-0.024489898021296287;-0.8660254037844384;-0.5000000000000004;-0.4853019625310808;-0.8743466161445822;-0.433883739117558;-0.9009688679024191;-1.0;0.001495854346525344;0.0014103769552953245;0.003290879562355757;1.049459900603696;2.693400665874519;-0.0015154322307257171;-1.0;0.002052246782675617;0.00034204113044593613;0.002907349608790457;1.0699325034271276;3.0095014502555832;-0.00154948120897557;-1.0;0.001625459834031996;0.002523740268628625;0.004234750620241252;2.3974981578744896;3.2210963407423763;-0.001991596319111747;1.0;0.0014117043121149898;0.0006844626967830253;0.005689596167008898;2.192741694878019;3.4511909107815653;-0.0008430425310220845;True;False;False
2023-08-21;0.004946062337440839;0.011240276946747585;1981.0714285714287;0.9581749049429658;-0.015610153386724583;-0.8660254037844384;-0.5000000000000004;-0.8978045395707417;-0.44039415155763423;0.0;1.0;-1.0;8.485722771437057e-05;0.0002545716831431117;0.004242861385718529;0.9630318989384803;2.9719810534158846;-0.000549000676785262;-1.0;0.00046854368104953787;0.00038335392085871276;0.0011074668824807257;0.6718581241883451;3.062550223393655;-0.0003881858937033959;-1.0;0.0013634426927993182;0.00021303792074989347;0.004772049424797614;2.2927974623441565;3.1810213469018214;-0.0007788938757094208;1.0;0.0012823800974608873;0.0030349662306574337;0.0047875523638539795;1.871505732228284;3.2765699023258534;-0.0015096489354127025;False;False;True
2023-08-22;0.0058560110230795725;0.014892443463872035;1968.5714285714287;0.39886039886039887;-0.021644441466193126;-0.8660254037844384;-0.5000000000000004;-0.9680771188662041;-0.2506525322587213;0.7818314824680298;0.6234898018587336;1.0;0.001327054794520548;0.0017123287671232876;0.0061643835616438354;1.4492470891901763;3.1806370188983784;0.0009957467389294715;1.0;0.0011948960867153161;4.2674860239832714e-05;0.0020483932915119703;1.0252556776769273;3.1674343628719854;0.002738453957966139;1.0;0.0009380463053767109;0.0017055387370485651;0.0057561932375389075;2.454984726165827;3.278706850970617;0.005658042638404846;-1.0;0.001445209555385531;0.002380345150046757;0.0056108135679673555;1.981722817939979;3.344043293621334;0.005355892427941497;True;False;False
2023-08-23;0.003971607233395302;0.015325342465753424;2017.5;1.23463687150838;-0.0029246759568138238;-0.8660254037844384;-0.5000000000000004;-0.9987165071710528;-0.05064916883871355;0.9749279121818236;-0.22252093395631434;-1.0;0.00042083999663328003;0.000294587997643296;0.00378755996969952;1.241498528895815;2.894200001116888;0.0025187499120547805;-1.0;0.00021106842838448226;0.0013930516273375829;0.0017729747984296508;0.9924961949261251;3.097997797124191;0.0022611591959279414;1.0;0.0006332854850966816;0.0006755045174364604;0.004559655492696107;2.2514531249560044;3.2554668108174685;0.0024828514918150066;1.0;0.00046290451542313683;0.0007995623448217818;0.005344443041703489;2.1546565829233066;3.6149693038676163;0.003469311725807967;True;False;False
2023-08-24;-0.0028644968449020257;0.018853631849170945;1994.2857142857142;0.8191964285714286;0.009017259450478588;-0.8660254037844384;-0.5000000000000004;-0.9884683243281114;0.15142777750457667;0.43388373911755823;-0.900968867902419;-1.0;0.000874307839626962;0.0006245055997335443;0.004163370664890295;1.128344760321843;3.1662577592812604;0.0016744358635404886;-1.0;4.174493842621582e-05;0.0003339595074097266;0.0017115424754748487;0.8498767305052921;3.3775821454457597;0.00030189450412665213;-1.0;0.0010868656466850597;0.001672100994900092;0.0031769918903101746;1.7187517813305906;3.4209412099132996;-0.0019237203077952492;1.0;4.182000669120107e-05;0.0011291401806624289;0.005687520910003346;2.489124945073178;3.5110555968959285;-0.0014247386437228101;False;False;True
2023-08-25;-0.0007975151108126259;0.012323577168075273;1946.0714285714287;0.20608108108108109;0.0004896326074302274;-0.8660254037844384;-0.5000000000000004;-0.9377521321470804;0.3473052528448203;-0.433883739117558;-0.9009688679024191;-1.0;0.0006721277042638101;0.0027725267800882167;0.004746901911363159;1.4763892535403773;2.77603355159394;-0.0008132133142648016;1.0;0.0008832807570977918;0.0007991587802313354;0.0036172450052576236;1.0300878660704376;3.0311924062392306;-0.00019590557351352575;-1.0;0.0006297229219143577;0.0008816120906801007;0.007556675062972292;2.1738677527524715;3.1542094492711996;-0.0014735972668055244;-1.0;0.0011826322013853692;0.001562763980402095;0.0035478966041561076;1.872044836660425;3.2479780470689277;-0.0023342867744101914;False;False;True
2023-08-28;0.002506372132540357;0.016467128754463347;1995.7142857142858;0.38010204081632654;-0.0069077542329194575;-0.8660254037844384;-0.5000000000000004;-0.5712682150947924;0.8207634412072763;0.0;1.0;1.0;0.0003813720920377982;0.0016526123988304588;0.0029238527056231196;1.0338463596661742;2.755688923055604;7.52657822937384e-05;-1.0;0.000846740050804403;0.0017358171041490262;0.00279424216765453;0.9449658651606252;2.924616249172453;0.0011151104523959938;-1.0;0.000804539295392954;0.003345189701897019;0.004361449864498645;2.0212570168115502;3.0191127277451204;0.0016564783834277415;-1.0;0.0011012282930961458;0.0038119440914866584;0.005252011859381618;2.1541531917544408;3.206089697614291;0.001346401905676557;False;False;True
2023-08-29;-0.0010080645161290322;0.013771769990253825;1949.642857142857;0.8369230769230769;0.002402326463522569;-0.8660254037844384;-0.5000000000000004;-0.3943558551133187;0.9189578116202306;0.7818314824680298;0.6234898018587336;1.0;0.0028170198452741337;0.0007988563740329634;0.007610158089471914;1.3598757583962484;2.956338341048107;0.003899288542699125;1.0;0.0005444114075128775;0.00029314460404539553;0.0036433686502784874;0.8896092375547994;2.95344623458074;0.004389506018170446;-1.0;0.0016285964839019501;0.00020879442101307054;0.0033407107362091286;1.5485988002878672;3.112918320975266;0.004386637484374873;-1.0;0.00016728702270921332;0.00163104847141483;0.00351302747689348;1.586392333362535;3.2751922880204196;0.0032211516082483282;True;False;False
2023-08-30;-0.0013325005205080157;0.012907837201479987;1941.7857142857142;0.7100977198697068;0.011448007405673607;-0.8660254037844384;-0.5000000000000004;-0.20129852008866114;0.9795299412524943;0.9749279121818236;-0.22252093395631434;1.0;0.000708835425092774;0.00045865821623650084;0.002835341700371096;1.0618603471382355;2.5790836240333714;0.0007909087124838696;1.0;0.0004578754578754579;0.00020812520812520813;0.003246753246753247;1.3092568532132434;2.9451846190698894;0.0006827387048263185;-1.0;0.0013285174575497155;0.00020758085274214305;0.003611906837713289;1.6293854059592907;3.084538100488416;0.0007442230265377374;-1.0;0.0011233150274588119;0.0005408553835912798;0.0026626726576801465;1.824047119007557;3.2367575855035047;0.0004719862291077088;False;False;True
2023-08-31;0.0005871005619391093;0.012550556644289706;1934.642857142857;0.13953488372093023;0.007073998412993196;-0.8660254037844384;-0.5000000000000004;-2.4492935982947064e-16;1.0;0.43388373911755823;-0.900968867902419;1.0;0.0009220452640402347;0.0015088013411567478;0.0038139145012573345;1.218803560264396;2.8092169468825916;-0.0013207029487948855;-1.0;0.0003766793621562801;0.003138994684635667;0.0041853262461808895;1.4228865598522098;2.900925867107102;-0.0005537639662529589;-1.0;0.0003350644999162339;0.0008376612497905847;0.007245769810688558;2.4249340674282234;3.065666807581426;-0.001076884899732679;-1.0;4.213897433736463e-05;0.0021912266655429607;0.00282331128060343;1.6294198311341925;3.1323201418277478;-0.0027500199107063244;False;False;True
2023-09-01;0.005605571598437235;0.018398994132439228;1969.2857142857142;0.4646924829157175;0.0007289938827904618;-1.0;-1.8369701987210297e-16;0.20791169081775931;0.9781476007338057;-0.433883739117558;-0.9009688679024191;-1.0;0.001097972972972973;0.000633445945945946;0.005236486486486487;1.1147444661860806;2.638400480091069;-0.0008616914579536125;1.0;0.00038140441581556976;0.0015679959316862314;0.0059329575793533075;1.5497463718522653;2.8951320363481123;0.0012053334834137943;1.0;0.0005065214638470306;0.00265923768519691;0.00848423451943776;2.0257610215754673;3.1685693693406707;0.004030734349414284;-1.0;0.0015535121971700886;0.001721459461729017;0.0034849057395977662;1.8439260408645972;3.238837456898629;0.0063040110495175715;False;True;False
2023-09-04;0.0019737118380716416;0.015329391891891891;1985.7142857142858;0.8264462809917356;0.008683300499691392;-1.0;-1.8369701987210297e-16;0.7431448254773941;0.6691306063588582;0.0;1.0;1.0;0.0016764459346186086;0.0018021793797150041;0.0036043587594300082;0.8695898393411053;2.565681865467407;-0.00047027709098696304;-1.0;0.0005447536037546095;8.380824673147838e-05;0.00259805564867583;0.8349666774738933;2.8779831312648714;-0.0013155869057116473;1.0;0.0005458286098165176;0.000335894529117857;0.006046101524121426;2.3207035646390817;2.9867556019830634;0.0001670843776106934;1.0;0.000543001545465937;0.0001670773986049037;0.0032162399231443965;1.673479712439964;3.1015615937826237;0.0014258665148211282;False;False;True
2023-09-05;-0.0031816469209193284;0.009136630343671416;1918.2142857142858;0.009174311926605505;0.006652250286953599;-1.0;-1.8369701987210297e-16;0.8660254037844386;0.5000000000000001;0.7818314824680298;0.6234898018587336;-1.0;0.0024778463735248414;0.00016798958464575196;0.007895510478350342;1.7403525925110899;2.741608098673493;-0.001623087243284924;1.0;0.0010132139992400895;0.0010554312492084266;0.0024063832481952124;1.4733157643430854;3.159413175235542;-0.0032402522801341254;1.0;0.0008862629246676514;0.003460645705845115;0.005106562565942182;2.8546354927706554;3.229577148359143;-0.0050089730433845615;1.0;0.00037955465587044535;0.0016869095816464238;0.0043859649122807015;2.7368277898930233;3.330733132829231;-0.003403411826856044;True;False;False
2023-09-06;-0.00125997480050399;0.011843265717525513;1740.7142857142858;0.5921985815602837;0.005426682705012124;-1.0;-1.8369701987210297e-16;0.9510565162951535;0.30901699437494745;0.9749279121818236;-0.22252093395631434;-1.0;0.0008410428931875525;0.0005046257359125315;0.003532380151387721;1.2899288394594104;2.7717694293782236;-0.0009131265452910357;1.0;0.0006321645313553608;0.00012643290627107216;0.0026972353337828725;1.1121515630120113;3.039515932722067;-0.0006215940850415623;1.0;0.0015983847901068393;0.0017666358206444015;0.003617397156557584;2.500579209582897;3.2723772205925385;-0.0008737501168115266;1.0;0.000672834314550042;0.00037846930193439864;0.0045836837678721615;2.296638419478996;3.3970995852082364;0.0007822103028270909;False;False;True
2023-09-08;-0.008861622358554875;0.018166526492851134;1761.0714285714287;-0.42592592592592593;-0.01586569680253648;-1.0;-1.8369701987210297e-16;0.9945218953682734;-0.10452846326765333;-0.433883739117558;-0.9009688679024191;1.0;0.0005158184319119669;0.0024931224209078402;0.004255502063273728;1.0548318962192524;2.5905397453393597;-0.0034774395741209805;1.0;0.0002575881166015541;0.000815695702571588;0.0018031168162108788;0.6604820957911302;3.0046491871195986;-0.004614137947471184;1.0;0.0004719004719004719;0.0015444015444015444;0.0032175032175032173;1.4835489536944322;3.1837499560904563;-0.005351310690242973;-1.0;0.0002142520461070403;0.0023996229163988515;0.004842096242019111;1.7969096259740405;3.2580572017979486;-0.004246892372294937;True;False;False
2023-09-11;0.006989708404802744;0.008038170563961486;1762.142857142857;1.481283422459893;-0.005974818141605095;-1.0;-1.8369701987210297e-16;0.7431448254773945;-0.6691306063588579;0.0;1.0;1.0;0.00012775199080185666;0.0029808797853766553;0.006259847549290976;1.3382425843163281;2.85762931371345;0.0020328942093172982;-1.0;8.490045421743007e-05;4.2450227108715035e-05;0.0018678099927834613;0.7654170151160695;3.173461921449752;0.003765757592939114;-1.0;0.00021261215291066036;0.0017859420844495472;0.002423778543181528;1.752949095408486;3.198432641832929;0.005676796037114212;-1.0;0.000723219603505488;0.00046796562579766866;0.004637113928358717;2.050065882491061;3.3330518187850635;0.0032728566346495493;True;False;False
2023-09-12;0.0;0.01362687901886471;1775.7142857142858;0.996875;0.003443145769713438;-1.0;-1.8369701987210297e-16;0.5877852522924732;-0.8090169943749473;0.7818314824680298;0.6234898018587336;1.0;0.0010966762274337775;0.001560654631348068;0.0037540070862156234;1.2205341205004605;2.6350499669208536;0.00196623690345785;-1.0;4.213364793123789e-05;0.0008848066065559957;0.002528018875874273;1.3726491274791233;3.1175234765389317;0.0015239327781528314;-1.0;0.0011394328156650911;0.0011394328156650911;0.0027430790006752193;2.136773668197973;3.264422653264066;0.0006708418361362717;1.0;0.0002955457040320878;0.000253324889170361;0.00679755119273802;2.495651299008572;3.5602097328578406;0.0012214623048341544;True;False;False
2023-09-13;-0.0006720712395513925;0.010123165176311793;1699.2857142857142;0.5541666666666667;0.0059661985885775416;-1.0;-1.8369701987210297e-16;0.40673664307580004;-0.913545457642601;0.9749279121818236;-0.22252093395631434;1.0;0.0008406540288344331;0.0005884578201841033;0.001975536967760918;0.8036936537131529;2.6687370508952277;-0.0009848951623443033;1.0;0.0008401949252226517;0.0021845068055788945;0.005629305998991766;2.087802973063341;3.02894863404468;-0.00039107237632340165;1.0;0.0005446851300959484;0.003938492479155319;0.005907738718732979;2.090572240795157;3.16891193894546;0.0006833744752660685;1.0;0.00041839253587715994;0.00033471402870172796;0.006024852516631103;2.3567080636355597;3.5291701204572363;0.0030382486369500976;False;True;False
2023-09-14;0.0050629733461651115;0.01593039384641251;1674.642857142857;0.7071240105540897;0.014049782160829477;-1.0;-1.8369701987210297e-16;0.20791169081775931;-0.9781476007338057;0.43388373911755823;-0.900968867902419;1.0;0.0011240632805995005;0.0006661115736885929;0.002997502081598668;1.2165610740956003;2.7137882417356787;-0.0009610009194192026;1.0;0.001746434363175184;0.0019127614453823443;0.004199758825730799;1.4772233854833836;3.135660961492664;0.0012883384589809658;-1.0;0.0015376942897514755;0.0;0.003781896766686061;1.847263863191728;3.345395009172073;0.0029573475508163946;1.0;0.0027073180890499395;0.0003332083801907618;0.004914823607813736;1.960663058158119;3.455650012943308;0.002790018754099626;False;True;False
2023-09-15;0.003073600265824888;0.008534554537885096;1655.357142857143;0.8097560975609757;0.018437299686245405;-1.0;-1.8369701987210297e-16;5.66553889764798e-16;-1.0;-0.433883739117558;-0.9009688679024191;1.0;0.0017805383022774328;0.0010351966873706005;0.0029399585921325052;1.195656071066079;2.874887079502013;-0.0006946457076875792;1.0;0.000455448824113945;0.0010351109638953295;0.0015319642265650877;0.8560060427067582;3.1197937506820415;-0.00011960787019780546;-1.0;0.0012006292953548067;0.000579614142585079;0.003187877784217935;1.6559102676416253;3.3424626269542395;0.0006725631103740422;-1.0;0.0009536050416683942;0.0010365272192047763;0.004975330652182927;1.9720176740738156;3.622704201999356;-0.0004343346132343622;True;False;False
2023-09-18;-0.0019585781556027836;0.010144927536231883;1602.857142857143;-0.004081632653061225;0.00883945552155315;-1.0;-1.8369701987210297e-16;-0.587785252292473;-0.8090169943749476;0.0;1.0;1.0;0.0004175365344467641;0.00020876826722338206;0.0032985386221294362;1.0721705321808808;2.8247364845912344;-0.0006292625598030105;1.0;0.0002498542516865162;0.0;0.0014158407595569252;0.7290954350502696;3.209763305038097;0.0002356986384937067;1.0;0.0007902836702437401;0.0022044755012062224;0.0053240163047999335;1.9622371692948541;3.4186781667466537;0.0014062946671462573;-1.0;0.00033197775749024816;0.0014938999087061168;0.009129388330981824;2.5352100517962173;3.5540639036910973;0.0005805906232291445;True;False;False
2023-09-19;0.0007525712852245171;0.011899791231732777;1588.5714285714287;0.3649122807017544;0.0072632704074332794;-1.0;-1.8369701987210297e-16;-0.743144825477394;-0.6691306063588585;0.7818314824680298;0.6234898018587336;-1.0;0.0002924465240641711;0.000501336898395722;0.003634692513368984;1.211553319340164;2.920821482217839;-0.0012941548889260765;-1.0;0.0018434724317077259;8.379420144126027e-05;0.002136752136752137;1.3907879777167893;3.2278830198277637;-0.0008986483025790469;1.0;0.0009638352260822194;0.0024305410049029878;0.0038972467837237565;2.45121323121295;3.340787038075309;-0.0009214659685863874;-1.0;0.0004607329842931937;0.0010471204188481676;0.004020942408376964;2.0830761570696796;3.5251380974350663;-0.000970443464669847;True;False;False
2023-09-20;0.0015565839293226757;0.009149398395721925;1557.142857142857;0.3789954337899543;0.000685141673006679;-1.0;-1.8369701987210297e-16;-0.8660254037844384;-0.5000000000000004;0.9749279121818236;-0.22252093395631434;1.0;0.0006720712395513925;0.00012601335741588607;0.0023102448859579116;0.928134469360803;2.770983815807591;-0.0008108599309371432;-1.0;4.1941030910539784e-05;0.0010904668036740342;0.002097051545526989;0.9476615225709694;3.440528132771012;0.00045246758093107057;1.0;0.001343408900083963;8.396305625524769e-05;0.002225020990764064;1.5249907631503492;3.4740452636622416;0.0016452964563203952;1.0;0.0005872729560803725;0.0003775326146230966;0.006082469902261001;2.0909000112406075;3.671233050578554;0.0027127415383331245;True;False;False
2023-09-21;-0.006943863465238852;0.014533540555298862;1581.7857142857142;-0.15606936416184972;-0.002629964793762026;-1.0;-1.8369701987210297e-16;-0.9510565162951535;-0.30901699437494756;0.43388373911755823;-0.900968867902419;-1.0;0.00012636899747262004;0.0007582139848357203;0.007413647851727043;1.6324296835836871;2.8897843420122356;-0.006845217063576162;-1.0;0.00033918426185025017;0.0015263291783261257;0.0019927075383702197;1.200577369661039;3.123195319342324;-0.009107313648720607;-1.0;0.00033922740957469366;0.0037739049315184668;0.006106093372344485;2.1388324298055803;3.4761460042912335;-0.011873064430848224;-1.0;0.0005948334466349423;0.0002124405166553365;0.00582087015635622;2.0390670445549532;3.325387980149397;-0.01124491132177519;True;False;False
2023-09-22;0.004919365188005304;0.016090985678180285;1619.642857142857;0.34293193717277487;-0.011572744619126059;-1.0;-1.8369701987210297e-16;-0.9945218953682733;-0.10452846326765423;-0.433883739117558;-0.9009688679024191;1.0;0.0005533798739996594;0.0007662182870764515;0.003958794483228333;1.0050008915813884;3.191803432169743;-0.0007877878727839556;0.0;0.001867968584164721;0.0005943536404160475;0.0024623222245807683;0.8165556863504927;3.2943839455154924;0.0012028585579848994;-1.0;0.0005518998089577584;0.00016981532583315644;0.004967098280619826;1.6798250879103425;3.4061951383089943;0.002719154882872654;1.0;0.0008953314858239182;0.001193775314431891;0.003410786612662545;1.8178462773083097;3.4334730482507574;0.0018166851173748487;True;False;False
2023-09-25;-0.006062676116471693;0.01157840967137749;1582.857142857143;-0.17279411764705882;-0.019663577848944812;-1.0;-1.8369701987210297e-16;-0.8660254037844386;0.5000000000000001;0.0;1.0;1.0;0.0002577319587628866;0.0019329896907216496;0.0027491408934707906;0.9083079634452116;2.950948256941471;-0.0005247165338179668;-1.0;0.0013738622703074017;0.0003863987635239567;0.0018890606216726772;0.7763354871732111;3.15891868822389;-0.001240452097079759;1.0;0.00017175490574949546;0.001975181416119198;0.0032204044828030402;1.2945612178199009;3.2988435098611815;-0.002506838999933375;1.0;0.00038603414257527667;0.0020588487604014756;0.0039032341082611307;1.732381932006121;3.3904026078759726;-0.0016703786191536749;False;False;True
2023-09-26;-0.003888722704157942;0.00820446735395189;1573.2142857142858;0.39267015706806285;-0.018112889637742206;-1.0;-1.8369701987210297e-16;-0.743144825477394;0.6691306063588585;0.7818314824680298;0.6234898018587336;-1.0;0.0016731016731016731;0.0012012012012012011;0.006735306735306736;1.4002003672031624;3.0905946189128097;0.0005550770408650988;-1.0;4.3066322136089577e-05;0.0010766580534022395;0.0020671834625322996;1.0504997248819468;3.340359147204248;-0.0019446120834172085;-1.0;0.001077632656580025;0.000215526531316005;0.002500107763265658;1.678280953823721;3.4594600131104554;-0.004507550146495352;1.0;0.0015967547039530468;0.0016830657690315898;0.004186086656309339;2.2773751052919184;3.5454907921485237;-0.00426373858012709;False;True;False
2023-09-27;0.005182701101868386;0.017674817674817676;1638.2142857142858;0.3470873786407767;-0.026063765816441715;-1.0;-1.8369701987210297e-16;-0.5877852522924734;0.8090169943749473;0.9749279121818236;-0.22252093395631434;-1.0;0.0011265164644714038;0.0006065857885615251;0.002383015597920277;0.9441925893095878;3.095246593845193;-0.0008285762458752397;1.0;4.3355733795794494e-05;0.0007370474745285064;0.00299154563190982;0.9146043285795191;3.3882987559526008;0.0007979081348177327;1.0;0.001470906337875838;0.0009517629245078954;0.004585766818083496;1.9530407195845425;3.6175093686026556;0.00329040458546177;-1.0;0.000906540038851716;0.00047485430606518457;0.003928340168357435;1.8920571333022214;3.5429843978840507;0.003635419371591794;False;False;True
2023-09-28;0.0002609376359050187;0.017417677642980935;1627.5;0.5049751243781094;-0.027344311655798297;-1.0;-1.8369701987210297e-16;-0.40673664307580015;0.913545457642601;0.43388373911755823;-0.900968867902419;-1.0;0.0011739130434782609;0.0004347826086956522;0.0035652173913043477;0.9772125718355954;2.864821666621324;0.00230402478278765;1.0;0.005532322704303885;0.0007405471336469769;0.006752047395016553;1.9328477779895965;3.17820601670728;0.00183354861806559;1.0;0.002220480668756531;0.0006530825496342738;0.003744339951236503;1.5391797345686777;3.1101607062019014;0.0010246892098293111;1.0;0.00013049719431032232;0.0018704597851146201;0.005263386837183001;1.89536156624882;3.228925062554683;0.0015801441399777448;True;False;False
2023-09-29;0.0033885219181607616;0.016739130434782607;1670.0;1.1792207792207792;-0.009610499576629974;-1.0;-1.8369701987210297e-16;-0.20791169081775898;0.9781476007338057;-0.433883739117558;-0.9009688679024191;1.0;0.0011114435942375924;0.0003419826443807977;0.003676313427093575;1.0461580835019593;2.9023984988574973;0.002971493566503122;1.0;0.0006397952655150352;0.0004691831947110258;0.004777137982512262;1.440886846918265;3.149380834354197;0.005165762422147644;-1.0;8.499426288725512e-05;0.001827376652075985;0.004674684458799031;1.402203809435119;3.497682992465016;0.006136537969828688;1.0;0.001150649904112508;0.0025143831238014064;0.0038354996803750267;1.5633113722270857;3.5325388320303417;0.005231487399453666;False;False;True
2023-10-02;-0.0019193857965451055;0.011285427264566323;1625.357142857143;0.44696969696969696;-0.009098088702659555;-0.8660254037844386;0.5000000000000001;0.39435585511331855;0.9189578116202306;0.0;1.0;1.0;0.0006837606837606838;0.0019230769230769232;0.0032905982905982907;0.8592106445924794;2.8882554204046644;0.002467448658087551;-1.0;0.0009822343696617697;0.0004270584215920738;0.0018363512128459173;0.817570794827435;3.297412023067721;0.0014668603491982527;1.0;0.0015808587908566546;0.003118991668446913;0.005426190984832301;1.8176473199401717;3.407974673235881;0.0005028510706932841;-1.0;0.00021347451114336947;0.001195457262402869;0.008667065152420802;2.102452803248896;3.6500257097733866;-0.0016103752126459573;False;False;True
2023-10-03;-0.00501816923343139;0.017649572649572648;1687.142857142857;-0.11138014527845036;-0.024597116200169637;-0.8660254037844386;0.5000000000000001;0.5712682150947923;0.8207634412072763;0.7818314824680298;0.6234898018587336;-1.0;4.347826086956522e-05;0.00391304347826087;0.004782608695652174;1.4305726463727146;3.066689239919325;-0.001141039215970667;-1.0;0.0006527131108306862;0.0006091989034419738;0.0022627387842130454;0.9566765288656603;3.3386576693066106;-0.002540871736794642;1.0;0.0013067340360658594;0.00021778900601097657;0.003920202108197578;1.6653969751871898;3.446294290650469;-0.003452155062114622;1.0;0.0013905788284373371;0.00043455588388666784;0.004475925604032678;1.9805603920586543;3.554813050149398;-0.002027381691924678;False;False;True
2023-10-04;0.005896849146277064;0.017130434782608697;1696.4285714285713;0.3730964467005076;-0.02822269506862768;-0.8660254037844386;0.5000000000000001;0.7247927872291199;0.6889669190756866;0.9749279121818236;-0.22252093395631434;-1.0;0.0020999212529530143;0.0014874442208417185;0.0053372998512555775;1.5595162647458536;2.970549758444154;-0.0005697256551845034;-1.0;0.0009203260583749671;0.00017530020159523183;0.00192830221754755;0.8810365672059959;3.1308639686714326;0.0003606395992026799;-1.0;0.00210535549804816;0.00144743190490811;0.00421071099609632;1.6839128570034274;3.3883365513208084;0.0014630149812734508;-1.0;0.0012289325842696629;0.0014044943820224719;0.004608497191011236;1.8420673640340672;3.445491994984336;0.00034204572662729677;False;True;False
2023-10-05;0.0019335559852346634;0.010149619389272902;1675.7142857142858;0.5;-0.028511897533570665;-0.8660254037844386;0.5000000000000001;0.8486442574947509;0.5289640103269624;0.43388373911755823;-0.900968867902419;-1.0;0.00017543859649122806;0.0002631578947368421;0.003201754385964912;1.0257717912703719;2.8341461388770233;-0.0012314729295861372;1.0;0.0003958305845098298;0.0015833223380393193;0.003958305845098298;1.1750568335077636;3.1173724517559185;-0.0012387947599956939;1.0;0.001009568957949258;0.0005267316302343956;0.0053112106048634885;1.6896217660925583;3.3481990213995165;0.0001166112763103768;1.0;0.0008308553437117369;0.0013556060871086234;0.004679027461955571;1.7008544403211636;3.4682551355591507;0.002113170968132899;False;False;True
2023-10-06;0.00043956043956043956;0.014824561403508772;1708.9285714285713;0.4556213017751479;-0.02872225339851193;-0.8660254037844386;0.5000000000000001;0.9377521321470804;0.3473052528448203;-0.433883739117558;-0.9009688679024191;-1.0;0.0009666080843585237;0.0008347978910369069;0.0022847100175746923;0.745498086804495;2.768486802337296;0.0012698970894934984;-1.0;8.791981712678038e-05;0.0029013539651837525;0.012704413574819764;2.5660008388785887;2.967433185869014;-0.0010259293785728012;1.0;0.0027078616770985927;0.002752252852132996;0.005948417454610023;1.8691864386850932;3.202641499248756;-0.003559420632807787;-1.0;0.002129736445114917;0.00039932558345904694;0.006699795900257343;2.1432091124839765;3.1112438429691207;-0.0069753856512010425;False;True;False
2023-10-09;-0.00941586748038361;0.0257908611599297;1816.7857142857142;0.5996592844974447;-0.029471620672203228;-0.8660254037844386;0.5000000000000001;0.9680771188662043;-0.2506525322587204;0.0;1.0;0.0;0.004092589332863932;0.0015842281288505544;0.005676817461714487;1.0041736562518402;2.8888984958483026;-0.0018287077783645574;1.0;8.80126738250308e-05;0.0010121457489878543;0.002112304171800739;0.8086270912456484;3.1830413223140495;-0.0034729854486305885;1.0;0.0013628170747790917;4.396184112190618e-05;0.004000527542093463;1.6014239405907549;3.344377542859509;-0.004910988336402701;-1.0;0.0009208103130755065;0.001403139524686486;0.0034201525914233097;1.826595644798344;3.4226951364814897;-0.0033117266337932398;True;False;False
2023-10-10;0.0018151957818307546;0.019846857947544445;1899.642857142857;1.0909090909090908;-0.008789615809762867;-0.8660254037844386;0.5000000000000001;0.8978045395707416;-0.4403941515576344;0.7818314824680298;0.6234898018587336;1.0;0.002890422778257118;0.0005176876617773944;0.004314063848144953;1.19835851001543;2.6889207577993743;0.003443338170289539;-1.0;0.0007758620689655172;0.001206896551724138;0.0027155172413793104;0.7913391352800179;3.075705734920687;0.002909219878550826;1.0;0.0005607799154516435;0.0014235182469157105;0.003364679492709861;1.5819691082341238;3.246536454386003;0.0033600413543551306;1.0;4.3075597673917726e-05;0.001421494723239285;0.005772130088304976;1.8273110792144134;3.307234157212545;0.0037696285176448854;True;False;False
2023-10-11;0.004582048646796848;0.012381363244176014;1873.9285714285713;1.0801393728222997;0.0041176571301385105;-0.8660254037844386;0.5000000000000001;0.7907757369376989;-0.6121059825476626;0.9749279121818236;-0.22252093395631434;1.0;0.002088750586128991;0.0;0.0034102050385779446;1.0208939621935633;2.7309410952192623;0.0005250461189157681;-1.0;0.0003831580739920814;0.00025543871599472095;0.0038741538592532675;1.22412916140691;3.1454833869239014;0.0007308380434422076;-1.0;0.0013668204339654878;0.0011959678797198018;0.0029044934221766614;1.587478113928011;3.3367280667902826;0.0013577925900605922;-1.0;0.0010254657323534439;0.00012818321654418048;0.003973679712869595;2.113565525518924;3.50498324835055;-0.0005189438302816182;True;False;False
2023-10-13;-0.009411864912056556;0.011168421501342769;1772.857142857143;-0.0648854961832061;-0.0035087118015242973;-0.8660254037844386;0.5000000000000001;0.48530196253108104;-0.8743466161445821;-0.433883739117558;-0.9009688679024191;1.0;0.0024505588993981083;0.0007308684436801376;0.005846947549441101;1.268327409035921;2.896626637526079;0.0013863876740131337;1.0;0.0003001586552892243;0.00021439903949230308;0.0028300673212984006;0.7801430742560119;2.992407025937493;-0.00036601307189545253;-1.0;0.0018823529411764706;0.0029518716577540106;0.005903743315508021;1.6541949775072176;3.3131304355778286;-0.0023411848679514217;1.0;0.00034262709323739775;0.0011563664396762173;0.004925264465287593;1.9641076155636137;3.3866628072590093;-0.0010907659548233472;False;False;True
2023-10-16;0.004530744336569579;0.012897678417884782;1798.5714285714287;0.4766666666666667;-0.0007232737473091855;-0.8660254037844386;0.5000000000000001;-0.10116832198743204;-0.9948693233918952;0.0;1.0;1.0;0.0010309278350515464;0.000429553264604811;0.0036512027491408935;1.3770387514040767;2.8934043364366446;0.0008096047700007541;1.0;0.0007715057220007715;0.00012858428700012858;0.0016715957310016716;0.8869046214208649;3.1173073818502437;0.0025839793281654164;-1.0;8.565677330934944e-05;0.0023983896526617843;0.005610518651762388;2.155969971175076;3.365114260815706;0.0037091138225352894;1.0;0.0030933150025777623;0.0015036947929197456;0.004897748754081457;2.036695260947082;3.338405130540097;0.002605620696072916;False;True;False
2023-10-17;-0.0024050850369352343;0.008075601374570448;1813.2142857142858;0.047872340425531915;-0.0014272694443966778;-0.8660254037844386;0.5000000000000001;-0.2993631229733582;-0.9541392564000488;0.7818314824680298;0.6234898018587336;1.0;0.0016790080936800414;0.00034441191665231615;0.004089891510246254;1.0175317597461226;2.779841618240009;-0.0008878959729622189;-1.0;0.0;4.2960862654122095e-05;0.005885638183614727;1.6925988161255967;3.156916168254364;-0.002938507411088544;-1.0;0.001382767262985049;0.00012963443090484831;0.002290208279318987;1.6350618174521925;3.383160227581383;-0.004199581002902158;1.0;0.00030271579311537796;0.0005189413596263622;0.0025082165715274176;1.8485044235627974;3.4269755364680434;-0.0050559560985672155;True;False;False
2023-10-18;0.012357414448669201;0.012140520061994144;1748.2142857142858;1.127659574468085;0.008935299816987836;-0.8660254037844386;0.5000000000000001;-0.4853019625310808;-0.8743466161445822;0.9749279121818236;-0.22252093395631434;1.0;0.0017072129748186087;0.0028169014084507044;0.004950917626973965;1.1964495358581735;2.9132249494101288;0.0013888888888889165;-1.0;0.0;0.0015358361774744026;0.002645051194539249;1.0788743158141096;3.145636409761369;0.004451277962852221;0.0;0.0008969375987699142;0.001836586511766967;0.002733524110536881;1.363994365581119;3.4428280510214804;0.00736058315181029;-1.0;0.0006833810276342203;0.0008542262845427753;0.0041857087942596;1.7323482219673498;3.496295438758972;0.005148482815392141;False;False;True
2023-10-19;-0.0008639308855291577;0.014511310285958173;1726.0714285714287;-0.029411764705882353;-0.0026518336459478687;-0.8660254037844386;0.5000000000000001;-0.651372482722222;-0.7587581226927911;0.43388373911755823;-0.900968867902419;1.0;0.0013834846519671423;0.0008214440121054907;0.0034587116299178555;1.0720238438742222;2.856651294785385;-0.0021829766205603094;-1.0;0.0005613368452869295;0.0012522129625631504;0.0024180664104667734;1.2323193589055552;3.2362055096354503;-0.0014593984781930483;1.0;0.0025059408079498814;0.0012529704039749407;0.004709440483905811;1.914240383708687;3.423033696979092;-0.0005083859704656667;1.0;0.0005179558011049724;0.001165400552486188;0.0038415055248618786;1.7342304599466498;3.379924175903639;0.0003445602549745887;False;False;True
2023-10-20;-0.0017722066133563864;0.011802853437094682;1686.0714285714287;-0.06227106227106227;-0.0025461118345610385;-0.8660254037844386;0.5000000000000001;-0.7907757369376986;-0.6121059825476627;-0.433883739117558;-0.9009688679024191;-1.0;0.0009093270979475188;0.0010392309690828788;0.0059322767818480995;1.0971257800581118;3.0893169631839905;-0.004294312571853669;1.0;0.0001304234414398748;0.001478132336318581;0.0016955047387183723;0.8454813172362401;3.430094994355762;-0.004984640352402438;1.0;0.001869158878504673;0.0;0.006955009780482504;2.058907002484724;3.806576641208896;-0.004377745100865924;-1.0;0.0009082652134423251;0.0012110202845897668;0.004325072444963453;1.8260624858247025;3.680814953719562;-0.0024755574820593627;False;False;True
2023-10-23;-0.004182277598675612;0.014159521953754223;1708.5714285714287;0.06116207951070336;-0.011836519423477637;-0.8660254037844386;0.5000000000000001;-0.9987165071710528;-0.05064916883871355;0.0;1.0;-1.0;0.00021874179718260565;0.0026249015661912677;0.004068597427596465;0.9962340404190035;3.016855646441982;-0.002681656689541038;-1.0;0.0012703140742038636;4.3803933593236675e-05;0.0027158438827806736;0.7083682197566835;3.3214965858966985;-0.003402007086702342;0.0;0.0025440828142819544;0.0016229493815246951;0.00416703219580665;1.6386482177287205;3.6123816204840407;-0.004498445282724506;1.0;0.0003947714711816826;0.001798403368716554;0.006447934029300816;2.0977756039431967;3.549856929872487;-0.0031593506588047304;True;False;False
2023-10-24;0.006805391964402565;0.01391197830081372;1674.642857142857;1.0125786163522013;-0.0012052702986343877;-0.8660254037844386;0.5000000000000001;-0.9884683243281114;0.15142777750457667;0.7818314824680298;0.6234898018587336;1.0;0.0006066120715802245;0.0031630486589540275;0.004549590536851683;1.2079852942594929;3.1467467521084513;0.0007119731759295058;1.0;0.000259773996622938;0.0012555743170108672;0.0017318266441529204;0.7142710509476781;3.1542075841019175;0.0033474735232157994;-1.0;0.0006059819071116305;0.0001298532658096351;0.004371726615591049;1.2916043365777847;3.3514695633951765;0.0045276607247153175;1.0;0.00039098136322168644;0.0006516356053694774;0.006472913680003476;2.020452499124269;3.474557905413493;0.0043447785843223384;False;False;True
2023-10-25;-0.00043308791684711995;0.013042159538974826;1637.5;0.6943521594684385;-0.0004893617942688372;-0.8660254037844386;0.5000000000000001;-0.9377521321470804;0.3473052528448203;0.9749279121818236;-0.22252093395631434;-1.0;0.0;0.0015164644714038128;0.0022963604852686307;0.8239821820464048;2.7991080195037528;0.001710365295483644;1.0;0.0004769957937643641;0.0005637223017215211;0.0024717054767789777;0.7838125007180105;3.083917203046141;0.0008997045889745433;-1.0;0.0019919456112241804;0.00021651582730697615;0.0036807690642185944;1.6669386946241564;3.397524266419745;0.00013010104514506266;-1.0;0.00117096018735363;0.003079191603781768;0.006028276520079799;1.8046884352081238;3.3997241274581764;-0.0005454905311533302;False;False;True
2023-10-26;-0.004286589099816289;0.013128249566724436;1662.857142857143;-0.2376237623762376;-0.013962796197753218;-0.8660254037844386;0.5000000000000001;-0.848644257494751;0.5289640103269624;0.43388373911755823;-0.900968867902419;1.0;0.0002635740643120717;0.0012300123001230013;0.004744333157617291;0.9041799451035722;2.790785355645983;-0.0005789570987924467;1.0;0.00017514668534897976;0.0011384534547683686;0.005954987301865312;1.2917322830043914;3.00520125180327;-1.452812645272808e-05;1.0;0.0006102079065510177;0.0017870374406136948;0.00274593557947958;1.3354879805351743;3.0597616405351222;0.0009730875924070543;1.0;0.0018299856215415451;0.00034856868981743717;0.004357108622717964;1.9261155233160512;3.230848914901331;0.0026327357747731057;True;False;False
2023-10-27;-0.0004712131596984236;0.027016341591987347;1761.7857142857142;0.9707317073170731;0.009918260376517333;-0.8660254037844386;0.5000000000000001;-0.72479278722912;0.6889669190756865;-0.433883739117558;-0.9009688679024191;-1.0;0.0009857283675481078;0.0010285861226588951;0.00317147387819826;0.7533028668119859;2.9154500785356916;0.004333647987642667;-1.0;0.002145462347135808;0.0001716369877708646;0.0031323750268182795;1.0396639695341674;3.164228059163123;0.0028438642197982436;1.0;0.0011594451840082449;0.0006870786275604415;0.004036586936917594;1.8057406950246686;3.4281049429326518;0.0014282857714171867;-1.0;0.001456851486845488;0.0014140029137029737;0.006213043105664581;1.699468302828211;3.522359380345013;0.0001862997993693634;False;True;False
2023-10-30;0.005132219902574809;0.021600308575836797;1732.142857142857;0.4801587301587302;0.0009637145239358534;-0.8660254037844386;0.5000000000000001;-0.20129852008866114;0.9795299412524943;0.0;1.0;1.0;0.0025962786672436176;0.0014712245781047166;0.004586758978797058;1.0206103394305408;3.2917575242110853;0.002263356687714484;-1.0;0.0010380173867912288;0.00047575796894597987;0.0024652912936291684;0.7234425684988778;3.2039244783151823;0.003915513418089259;-1.0;0.0011688817697735833;0.0026408069613403176;0.0039395644833109655;1.3592276806335533;3.461633820953827;0.0047482969633991035;-1.0;0.0008659133220764602;0.000995800320387929;0.0029874009611637873;1.3966251769849454;3.445552926430844;0.003120801005591435;False;False;True
2023-10-31;0.003954305799648506;0.019991345737775855;1736.0714285714287;0.2813852813852814;-0.008827293035764634;-0.8660254037844386;0.5000000000000001;-2.4492935982947064e-16;1.0;0.7818314824680298;0.6234898018587336;1.0;0.0016192560175054705;0.0019693654266958426;0.004770240700218818;1.0034088203896783;2.978833987190533;0.0003011272845604977;-1.0;0.0005682563273156445;0.0013550727805219215;0.0035843860646063734;1.1316060982138831;3.20178267956855;0.0014205720234881872;-1.0;0.00013136001401173482;0.002014186881513267;0.0069182940712847005;1.6856940561790417;3.3838897614615995;0.0014225585522167408;1.0;0.0010999164063531172;0.000835936468828369;0.006115535219323331;1.8248874639775015;3.560673716364562;0.00031156287728322836;True;False;False
2023-11-01;-0.001220894741431935;0.013698030634573304;1741.4285714285713;0.7124600638977636;-0.0060057975039488985;-0.5000000000000004;0.8660254037844384;0.20791169081775931;0.9781476007338057;0.9749279121818236;-0.22252093395631434;1.0;0.0008731336767659128;0.00270671439797433;0.005282458744433773;1.1190077398361395;2.946765089446596;0.0011283019781602786;1.0;0.00043582479843103073;0.0;0.004009588145565483;1.2102658807485538;3.2475488456507855;0.002277519626718365;1.0;0.000781725006514375;0.0017371666811430556;0.003083470859028924;1.2649094914526569;3.4388236226147;0.003183008521781822;1.0;0.0015626356454553347;4.340654570709263e-05;0.005512631304800764;1.6361138766267511;3.5755848545905966;0.0043525884930242864;True;False;False
2023-11-03;0.0073564004961293354;0.02344363922116476;1839.642857142857;1.320297951582868;0.02061554127983187;-0.5000000000000004;0.8660254037844384;0.5877852522924731;0.8090169943749475;-0.433883739117558;-0.9009688679024191;1.0;0.002250244130259415;0.0004245743641998896;0.006495987772258311;1.0367740957987923;2.918737734894343;0.005052000357164772;1.0;0.00025376416849940786;0.00025376416849940786;0.006513280324818136;1.406757233475353;3.1120127287191726;0.008725954576454899;-1.0;0.0007567794828673534;0.001429472356527223;0.005844019339920118;1.4848810647578605;3.639224320632977;0.011238641798182729;1.0;0.0013503819048824746;0.0005907920833860826;0.008777482381736085;1.6503607407720946;3.574197068074079;0.011251286493333493;False;True;False
2023-11-06;-0.0011270192428100346;0.01834161253343523;1928.9285714285713;0.8958333333333334;0.03426069593254183;-0.5000000000000004;0.8660254037844384;0.9510565162951535;0.30901699437494745;0.0;1.0;1.0;0.0017969076473046384;0.0;0.003969912244045131;0.9761476786021616;2.9471923772378594;0.001037815398586044;1.0;0.00020849839456236186;0.0008756932571619199;0.001542888119761478;0.6008570732489448;3.264769275155712;0.0012411544588937188;-1.0;0.001375458486162054;0.0005835278426142048;0.005293431143714572;1.5426928003089546;3.4324019641745624;0.0005808334262666275;1.0;0.0003763800602208096;0.00012546002007360322;0.0020491803278688526;1.1137019589443562;3.4358083866708764;8.815028231293184e-05;False;False;True
2023-11-07;-0.004254964124812281;0.006978687839531968;1905.7142857142858;0.0718562874251497;0.028950272432581556;-0.5000000000000004;0.8660254037844384;0.9945218953682733;0.10452846326765346;0.7818314824680298;0.6234898018587336;-1.0;0.0005865102639296188;0.0020946795140343527;0.0035609551738583997;1.0941067591120373;2.8426339382609225;-0.0002655597020141014;1.0;0.0009224318658280922;0.0007547169811320754;0.0018029350104821803;0.7278703015663924;3.2940317492622366;-0.0013974482594781114;1.0;0.00033537352226041756;0.00016768676113020878;0.004150247337972667;1.7987810279077132;3.4849559224234654;-0.0019910056667083956;1.0;0.0005012321958147111;8.353869930245185e-05;0.004761705860239756;1.6664302971003353;3.771966342978744;0.0001340302908457177;False;True;False
2023-11-08;-0.0019510980115405373;0.015751989945538333;1939.2857142857142;0.6462765957446809;0.03380439760318372;-0.5000000000000004;0.8660254037844384;0.9945218953682734;-0.10452846326765333;0.9749279121818236;-0.22252093395631434;1.0;0.001039846934531237;0.0009150653023874886;0.0038682305964562015;1.0945203201070612;2.8391330234761982;-0.0006227167054134839;1.0;0.0005812263876780006;0.0002906131938390003;0.0025324864034541456;0.9722536187213617;3.4235593835148426;-0.0008427626034455752;1.0;0.000994777418552599;0.0020724529553179144;0.0032744756694023046;1.9442657450273164;3.751204202274188;-0.0002440383278309061;1.0;0.0005387484459179444;0.0004973062577704103;0.003025279734769996;1.8863740495318968;3.8412471005594213;0.0009053225613735836;False;True;False
2023-11-09;0.0015786631215986041;0.013102071375093586;1930.357142857143;0.5587301587301587;0.03461002038407896;-0.5000000000000004;0.8660254037844384;0.9510565162951536;-0.30901699437494734;0.43388373911755823;-0.900968867902419;1.0;0.0003733045750549587;0.002032436019743664;0.003235306317142976;1.0077559680254988;2.8319997431286925;0.001266341562250955;1.0;0.0005802146794313896;0.0002486634340420241;0.002652409963114924;0.8824880328390929;3.583198849935077;0.0017328791994742276;-1.0;0.0003723162205766765;0.0009514747859181732;0.0037231622057667647;1.7737368682966672;3.6331952012454782;0.00215633423180593;1.0;0.00215633423180593;0.0011611030478955006;0.003566245075679038;1.7001432228549822;3.658985531931;0.0017089765027246755;True;False;False
2023-11-10;0.0020782243651024566;0.01609357501348044;1971.4285714285713;0.5257731958762887;0.03304288955495043;-0.5000000000000004;0.8660254037844384;0.8660254037844387;-0.4999999999999998;-0.433883739117558;-0.9009688679024191;1.0;4.147828611721764e-05;0.001949479447509229;0.004645568045128375;1.1684238106400193;2.8665907207953603;0.00032635125507332954;1.0;0.0010342545093496608;8.274036074797286e-05;0.0014893264934635116;0.7581867918904439;3.4932750259027032;0.0023066778784077624;1.0;0.0002481286960837021;0.0016955460899052976;0.0035565113105330633;1.7335044312075276;3.3635297271259645;0.004170107349298101;1.0;0.0014451463726826046;0.0010735373054213634;0.0030554523308146497;1.444784875899427;3.555614292115372;0.004479842999156331;True;False;False
2023-11-13;-0.002421009437833402;0.014102617279853997;1977.142857142857;0.7323529411764705;0.03971807734910595;-0.5000000000000004;0.8660254037844384;0.40673664307580004;-0.913545457642601;0.0;1.0;-1.0;0.0005347373616881247;0.00012340092962033648;0.0024268849491999507;0.7973488304874408;3.0874118600968745;-0.00037543724703776183;1.0;0.00024723916268336906;0.0006593044338223175;0.0011125762320751606;0.5931813253870001;3.4617935493010346;-0.001176432890683319;-1.0;0.001277139208173691;0.00028838627281341407;0.0026366744942940717;1.636592129710599;3.4335151991098267;-0.0023645536904909597;1.0;0.0015259619746772796;0.001443477543613643;0.003670557182331835;1.5891336118020893;3.610904301154689;-0.002033190460490084;False;False;True
2023-11-14;-0.0003289067960366731;0.006540249269877833;1933.9285714285713;0.8930817610062893;0.037342628105308515;-0.5000000000000004;0.8660254037844384;0.20791169081775931;-0.9781476007338057;0.7818314824680298;0.6234898018587336;1.0;0.00283775447254781;0.00020563438206868187;0.003166769483857701;0.9484099851949029;2.9247075944397016;0.0010783050506711859;1.0;0.0001233654083395016;4.112180277983387e-05;0.0029607698001480384;0.7165881858872537;3.2744761140104375;0.001585609229339318;1.0;0.0011072380561820791;0.00028706171826942795;0.0032396965347549723;1.5483875747602696;3.4184301693572148;0.0022649747578114736;1.0;0.010806385591485878;0.0008186655751125665;0.022431436758084324;2.4136956835381027;3.0030397157208;0.0054174203360240585;True;False;False
2023-11-16;-0.0011234602575933875;0.026650215916101172;2057.8571428571427;0.9027777777777778;0.05838663529131672;-0.5000000000000004;0.8660254037844384;-0.20791169081775907;-0.9781476007338057;0.43388373911755823;-0.900968867902419;-1.0;0.0019682667202249446;0.0003615183771841735;0.004780076320546295;1.253547292876733;2.970813246858582;0.0006979678397895749;0.0;0.0014094148914750534;0.00024161398139572343;0.0016510288728707769;0.7144042576206404;3.3223114195992722;-1.3422998966350948e-05;1.0;0.0007651109410864575;8.053799379857447e-05;0.005879273547295937;1.968914586994265;3.332125350514802;-2.6711542057284098e-05;1.0;0.00020034459269944305;0.0006010337780983291;0.003485995912970309;1.923581838616584;3.4577467918942824;0.001776072747939846;False;False;True
2023-11-17;3.973615195104506e-05;0.013697529624422574;2071.4285714285716;1.002932551319648;0.0653713052036702;-0.5000000000000004;0.8660254037844384;-0.4067366430758002;-0.9135454576426009;-0.433883739117558;-0.9009688679024191;-1.0;0.0005562840227281758;0.0015099137759764772;0.003496642428577105;1.106392982920129;2.9591047786087543;0.0013705958554949584;1.0;0.0001193744777366599;0.0006764553738410728;0.0032231108988898176;1.167000011144822;3.372842600065129;0.0012084965244698236;-1.0;0.0015481719661783971;0.0007939343416299473;0.004485729030209201;1.5823609445873854;3.421002727016268;0.0006055703632980029;1.0;0.0015116556607526453;0.0008353886546264619;0.002705068024504734;1.5583482994151305;3.3368959036416057;0.000569981840113389;True;False;False
2023-11-20;0.002144644346479209;0.007748241745142448;1921.4285714285713;0.717948717948718;0.0635975080297755;-0.5000000000000004;0.8660254037844384;-0.8660254037844384;-0.5000000000000004;0.0;1.0;-1.0;0.00027741449688899455;0.0019022708358102484;0.002417469187175524;0.7824696987891754;2.784941016333938;-0.0010702818408847663;1.0;0.0003964006818091727;0.0015459626590557736;0.0029730051135687953;0.9435372902769852;3.4329933624736926;0.00023759553320397577;-1.0;0.001029580643883895;0.00019799627766997982;0.0026135508652437335;1.3381713082580449;3.4299408196144396;0.0009164529745066815;1.0;0.0002775795067015624;0.0019430565469109365;0.003053374573717186;1.3473170241927073;3.4488819267421937;0.0010169446755681959;True;False;False
2023-11-21;-0.0024390243902439024;0.010066183172829231;1832.142857142857;0.7440944881889764;0.0637436578301022;-0.5000000000000004;0.8660254037844384;-0.9510565162951535;-0.30901699437494756;0.7818314824680298;0.6234898018587336;-1.0;0.0015774114677813708;0.0003943528669453427;0.003036517075479139;0.9767325390106365;2.8765615693204634;-0.00013159106759825484;-1.0;0.00019738660139749715;0.0007895464055899886;0.002131775295092969;0.8097895159300325;3.368124498420199;-0.0011154146795597935;-1.0;0.0005928150812156661;0.0025293443465201756;0.003398806465636486;1.9884903080372502;3.589318675515764;-0.0022489282451332426;1.0;0.0018184693232131562;0.0007115749525616698;0.0026091081593927895;1.7051881133821565;3.3808473713741405;-0.002213613724405091;False;True;False
2023-11-22;0.0007508397549891326;0.008833504219575676;1755.0;0.6696428571428571;0.05710469193521456;-0.5000000000000004;0.8660254037844384;-0.9945218953682733;-0.10452846326765423;0.9749279121818236;-0.22252093395631434;1.0;0.001500552835255094;0.0;0.003593429158110883;1.0391248628543344;3.056162875565036;0.0018520707727469757;1.0;0.0006304921779564173;0.0003546518501004847;0.0027978090396816014;1.0250768321863737;3.3474599354323042;0.0027577827601428786;1.0;0.00019667230460606536;0.002596074420800063;0.004956142076072847;2.5261532027301477;3.461121091956724;0.0039031495582244995;1.0;0.00035324593767171677;0.0010597378130151503;0.0026297197582227805;1.6706276642237974;3.4908594585620625;0.0043426938640392845;False;False;True
2023-11-23;-0.0020101690906940994;0.011728005054493762;1749.2857142857142;0.23905723905723905;0.051564888032427404;-0.5000000000000004;0.8660254037844384;-0.9945218953682734;0.10452846326765299;0.43388373911755823;-0.900968867902419;1.0;0.00035545023696682463;0.0016587677725118483;0.0033570300157977884;0.9791825479862373;2.9202365568172084;0.0002673257780933226;-1.0;0.0006310890229953062;0.0007099751508697196;0.0014593933656766457;0.5583643466250086;3.191772201683316;0.0001358755204909944;1.0;7.889235138653307e-05;0.002248432014516193;0.004694094907498718;1.8308443871824154;3.393918284725599;0.0006209034582573728;-1.0;0.00023610892491736187;0.0014953565244766253;0.0024791437116322996;1.1992959909282053;3.361409435651425;0.0011157930663305397;True;False;False
2023-11-24;-0.0011372995019412527;0.009123222748815166;1640.0;0.8311688311688312;0.05252935573384686;-0.5000000000000004;0.8660254037844384;-0.9510565162951536;0.30901699437494723;-0.433883739117558;-0.9009688679024191;-1.0;7.852375343541422e-05;0.0005496662740478995;0.00420102080879466;1.1522377229985892;2.6097989163551323;-8.318338433793312e-05;-1.0;0.0005516371803459553;0.0005516371803459553;0.001418495606603885;0.7411887119373004;3.2295438685529403;-0.001051068805591648;-1.0;0.0006700563635646999;0.0006306412833550116;0.004414488983485081;1.9093150170917617;3.378090858262521;-0.0031542692463141747;-1.0;0.000751255387291922;0.00043493732948479696;0.0018583685896168597;1.180375331202083;3.666789857846178;-0.0037631997749113513;True;False;False
2023-11-27;-0.0019392116511002058;0.010365135453474675;1531.7857142857142;0.041666666666666664;0.037001704418123164;-0.5000000000000004;0.8660254037844384;-0.5877852522924734;0.8090169943749473;0.0;1.0;1.0;0.0009120107855188548;0.000277568499940521;0.0036480431420754193;1.3100215973125156;2.9105957410121563;0.00039115892919139257;1.0;0.000711997152011392;3.955539733396622e-05;0.001621771290692615;1.00991106670981;3.5450563632833467;0.0009748514668879459;-1.0;0.0009879860891558647;0.00015807777426493836;0.0038729054694909898;2.565841394727732;3.5604562721050437;0.0006296369680557795;-1.0;0.0020209224916785543;0.0005943889681407513;0.00301157077191314;2.412323354690999;3.5964629968931727;-8.809253239601597e-05;False;True;False
2023-11-28;-0.002885831752055661;0.00919941314088584;1555.0;0.5431034482758621;0.03302036511820779;-0.5000000000000004;0.8660254037844384;-0.40673664307580015;0.913545457642601;0.7818314824680298;0.6234898018587336;1.0;0.0014272687626372756;0.0009515125084248504;0.0034888791975577847;1.348661063855774;2.7248188348469986;0.0006072366770952197;-1.0;0.0013068789354877034;0.00043562631182923446;0.0030097817908201654;1.2762100689512872;3.4774084981068576;-0.0002291041586810778;1.0;0.0003172211427891669;0.0006740949284269797;0.004797969784686149;2.2568388195038205;3.6336777360101906;-0.0002019004981675846;-1.0;0.0011455658700375271;0.00011850681414181315;0.003792218052538021;2.204231348856474;3.738587571724111;-0.00016280983371400756;False;True;False
2023-11-29;0.0015723270440251573;0.012409308964040756;1532.5;0.9201277955271565;0.03834077382468423;-0.5000000000000004;0.8660254037844384;-0.20791169081775898;0.9781476007338057;0.9749279121818236;-0.22252093395631434;1.0;0.0008634222919937205;0.0014521193092621664;0.003649921507064364;1.1476826208430366;3.2043406518889106;0.0005138790903469626;1.0;0.0006663008544328604;0.00011758250372344596;0.0011366308693266441;0.6461417486287625;3.4282660794092883;0.0016934616707370567;-1.0;0.00207647704121611;7.835762419683435e-05;0.0029775897194797055;1.768972416654933;3.675345431620162;0.0022873126037460025;-1.0;0.00047049598118016075;0.00015683199372672026;0.004783375808664968;1.9297028747249023;3.795563708023864;0.0008749250845396236;True;False;False
2023-11-30;0.002407356249260034;0.011145996860282574;1521.4285714285713;0.3767605633802817;0.02966989756000665;-0.5000000000000004;0.8660254037844384;-1.133107779529596e-15;1.0;0.43388373911755823;-0.900968867902419;1.0;0.0005118110236220473;0.0013779527559055118;0.0020866141732283463;1.0889825889852458;3.118829852785057;-0.0015788668022480774;1.0;0.000196811651249754;0.0002755363117496556;0.002716000787246605;0.8021144244852809;3.6258414842962026;0.0004363801394671434;1.0;0.00035345403133959076;0.0013745434552095196;0.004005812355182029;1.5979009637408175;3.7334533016061866;0.0024729090204580343;-1.0;0.0012147335423197492;0.001567398119122257;0.003369905956112853;1.710027017661949;3.5335679779512903;0.003520006970310845;False;False;True
2023-12-01;0.0021515471580017993;0.010551181102362205;1478.5714285714287;1.0932835820895523;0.03300261496680383;-2.4492935982947064e-16;1.0;0.20129852008866006;0.9795299412524945;-0.433883739117558;-0.9009688679024191;-1.0;0.0012491217112967445;0.00019517526739011633;0.0018736825669451167;1.0133992678006667;2.852272264338912;0.0014102046749370253;-1.0;0.00015620728706994182;0.0;0.0019525910883742726;0.7955523848963911;3.3342805690022637;0.001012827701924322;1.0;0.0005868315011149798;0.0007824420014866398;0.0019952271037909316;1.5612342072235066;3.316545712436482;0.0008992454158032608;-1.0;3.9099155458242104e-05;0.00011729746637472631;0.0041054113231154205;1.6280229416988936;3.4847387395759593;-0.0006498746047323337;False;True;False
2023-12-04;-0.004125637333125754;0.012335076899055351;1468.9285714285713;0.5474683544303798;0.02696552097820001;-2.4492935982947064e-16;1.0;0.7247927872291199;0.6889669190756866;0.0;1.0;-1.0;0.0005862351975612616;0.0006253175440653456;0.0027748466017899717;0.7850216263476757;2.600092276539117;-0.0010960191020472072;1.0;0.0001565741574353153;0.0004697224723059459;0.0008220143265354053;0.4281194927791609;3.0466840779778006;-0.0023611980797327565;-1.0;0.0013698094008062307;0.0010567101091933778;0.0026222065672576417;1.8275625664085235;3.3755568041890327;-0.003788373043833794;1.0;0.0006654662178031786;0.0005480310028967353;0.002387849369764347;1.063616560670011;3.2622740699550015;-0.003010634970284642;False;True;False
2023-12-05;-0.00164951692718561;0.009262516121467933;1502.5;0.0759493670886076;0.017190601190857288;-2.4492935982947064e-16;1.0;0.8486442574947509;0.5289640103269624;0.7818314824680298;0.6234898018587336;-1.0;0.0014162077104642014;0.0015735641227380016;0.003579858379228954;1.1289952392728342;2.5750421379192416;-0.0001443285442497814;1.0;3.93623302499508e-05;3.93623302499508e-05;0.002164928163747294;0.8855166515325176;3.06473077565566;0.00017894396871526798;1.0;0.00023569155831401972;0.0020426601720548374;0.0056565973995364735;2.5039076692841373;3.5003094440141584;0.0007655935307345767;-1.0;0.0011745360582569885;0.0002740584135932973;0.0018792576932111817;1.3422635592470555;3.5721042119625315;0.0019496994938615056;False;False;True
2023-12-06;0.0031077891424075533;0.008497246262785208;1348.2142857142858;0.6620370370370371;0.01740428044751584;-2.4492935982947064e-16;1.0;0.9377521321470804;0.3473052528448203;0.9749279121818236;-0.22252093395631434;1.0;0.00023530334522922468;0.00011765167261461234;0.00250990234911173;0.822334147861786;2.7954476479514416;-0.0007826563356030367;-1.0;0.0004304609845816702;0.00023479690068091102;0.0010174532362839477;0.7369389130354232;3.0850936272947735;0.00036536830429964;-1.0;0.0012135447249951067;0.001252691329027207;0.0035623409669211198;1.9391471525309956;3.353811461885381;0.0016285439336737584;-1.0;0.0005486753409625333;0.00035271986204734283;0.004193447248785076;1.6767719139566424;3.3184570637256603;0.0003189332774108369;False;True;False
2023-12-07;0.001590646995665487;0.016824189183889563;1379.642857142857;0.09324009324009325;0.002838861747831038;-2.4492935982947064e-16;1.0;0.9884683243281114;0.1514277775045767;0.43388373911755823;-0.900968867902419;1.0;0.00019851510699964267;0.0008337634493984993;0.0032953507761940685;0.9213552445940352;2.7950164412515237;-0.0009199105618056528;1.0;7.922674694977024e-05;0.0;0.0009111075899223578;0.5645221705849345;3.2279435354507537;-0.00018910658134882647;1.0;0.00023747328425552126;0.001029050898440592;0.001978944035462677;1.390298364801238;3.494018113714886;0.0015205048427640686;1.0;0.0003559563360227812;0.0013051732320835312;0.004073722512260718;1.4981496316381688;3.775587616273326;0.0024944652681878833;False;False;True
2023-12-08;0.0009501563799041926;0.008575852622384564;1388.5714285714287;0.6111111111111112;0.00428598098915198;-2.4492935982947064e-16;1.0;0.9987165071710528;-0.05064916883871264;-0.433883739117558;-0.9009688679024191;1.0;0.0001977613416129415;0.0024522406360004746;0.0029664201241941224;1.0140832868471827;2.871042561416326;0.0005491632948041005;1.0;0.0007117156300660314;0.0005930963583883595;0.0013838915029061722;0.7633183370508991;3.346460260107623;0.0013091017716804019;-1.0;0.0009884157672083184;0.0014628553354683114;0.003795516546079943;1.4867440011794197;3.3903736152239157;0.0013240605108849836;-1.0;0.0034451352314576484;0.0015443709658258425;0.006692274185245317;2.593494681939661;3.4220048571825465;0.0002776675922253074;False;True;False
2023-12-11;-0.000903803835271927;0.01443657793774473;1428.2142857142858;0.7972602739726027;0.007148077505837893;-2.4492935982947064e-16;1.0;0.7907757369376989;-0.6121059825476626;0.0;1.0;-1.0;0.0013765978367748278;3.9331366764995083e-05;0.0048377581120943956;0.8268985522710061;2.9057546173352664;0.0008638759526754481;1.0;0.00015786565632646616;0.0006314626253058647;0.0010261267661220302;0.6389142787941792;3.532130150194193;-0.0009118967452301296;1.0;0.0008285984848484849;0.001223169191919192;0.0020912247474747475;1.4681265582329743;3.66440888385807;-0.002222660616821124;1.0;0.00011836654172420595;0.0008680213059775103;0.004142828960347208;1.7897356340860129;3.826282266346703;-0.0014989620889325269;False;False;True
2023-12-12;0.001926630755317894;0.005781710914454277;1392.857142857143;1.1496598639455782;0.007285247275444013;-2.4492935982947064e-16;1.0;0.6513724827222223;-0.7587581226927909;0.7818314824680298;0.6234898018587336;-1.0;0.0014127619496114904;0.0004709206498704968;0.002158386311906444;0.9543149834630515;2.9841358912309004;0.0014829353396576292;-1.0;7.850834151128557e-05;0.0003925417075564279;0.001452404317958783;0.5371016952299092;3.1650108280681386;0.0015411482209124517;-1.0;0.0005108255727140556;0.0012574167943730599;0.002004008016032064;1.1401258160630012;3.329724137677131;0.0013930921842724442;-1.0;0.0017685898443640937;0.0005502279515799403;0.005777393491589373;1.9413489595828215;3.1253489797983605;-4.820248549542116e-05;False;False;True
2023-12-13;0.017111242837383918;0.012400910446589749;1399.642857142857;1.6962025316455696;0.015433900926349678;-2.4492935982947064e-16;1.0;0.48530196253108104;-0.8743466161445821;0.9749279121818236;-0.22252093395631434;-1.0;0.00046623669282772556;0.0021757712331960527;0.00338021602300101;0.8486704956511593;2.636698359027094;0.004346116792168362;-1.0;0.00046656298600311044;0.0005443234836702955;0.0017884914463452567;0.7114371063306216;3.0728056901653504;0.007375702550799739;1.0;0.0003112961593836336;0.0008171524183820382;0.004202498151679054;1.737874690133037;3.380532875530876;0.011228351479728711;1.0;0.00034912137786570463;0.0005818689631095078;0.0031808836649986423;1.632506689755886;3.4986044645156653;0.010295312923327011;False;False;True
2023-12-14;0.0031389456168217232;0.031160152303986322;1731.4285714285713;1.0748129675810474;0.043356835904849005;-2.4492935982947064e-16;1.0;0.29936312297335804;-0.9541392564000488;0.43388373911755823;-0.900968867902419;1.0;0.0003393025447690858;0.001658812441093308;0.003958529688972668;1.2941060802673163;2.7646996079335793;0.012458558569857862;1.0;0.0006396508259020958;0.00030101215336569213;0.0012416751326334802;0.6724182886136713;3.2755944997228745;0.011497711742210592;1.0;0.002369846524225098;0.00063948239542582;0.0038745109840505566;1.8604179646236318;3.478951249121779;0.009934728956039283;-1.0;0.0006013455105799226;0.002067125192618484;0.0030818957417221033;1.7804629826890581;3.479504618353936;0.006880733944954129;False;True;False
2023-12-15;0.001429538785644421;0.007125353440150801;1708.9285714285713;0.7354497354497355;0.04418568618336795;-2.4492935982947064e-16;1.0;0.10116832198743272;-0.994869323391895;-0.433883739117558;-0.9009688679024191;1.0;0.0004883546205860256;0.00022539444027047334;0.002291510142749812;0.8043589175950628;2.5142294724938745;0.0016211170288132543;1.0;0.0004125722001350236;0.0003000525091891081;0.0009751706548646013;0.5466336380258007;2.9283331051330648;0.0022581357464556153;1.0;0.0011248593925759281;0.001274840644919385;0.0037120359955005624;1.3939057650500448;3.492590745911448;0.0031288356321121963;-1.0;0.0017599700430630967;0.0026586781501591462;0.006403295263059352;2.314920229184051;3.611530434256561;0.00243467240315502;False;False;True
2023-12-18;0.0009824667472793228;0.013749060856498872;1756.7857142857142;0.28415300546448086;0.03647418791914797;-2.4492935982947064e-16;1.0;-0.4853019625310808;-0.8743466161445822;0.0;1.0;1.0;0.00037750094375235937;3.775009437523594e-05;0.0026802567006417514;0.6760584518405378;2.924473575381966;0.0007951454279138382;1.0;0.00015065913370998117;0.00015065913370998117;0.0013935969868173258;0.5099416019353159;3.2945033078793857;0.002027498735425998;-1.0;0.001053423626787058;0.0008276899924755455;0.0024454477050413845;1.488038830751308;3.599295776857922;0.0030072986594727427;-1.0;0.001054018445322793;0.0007528703180877094;0.0019574628270280442;1.1382104011590302;3.4527146995607887;0.002581060786700659;False;True;False
2023-12-19;0.0002629305487736168;0.007927519818799546;1728.9285714285713;0.6714285714285714;0.039505502977404516;-2.4492935982947064e-16;1.0;-0.651372482722222;-0.7587581226927911;0.7818314824680298;0.6234898018587336;1.0;0.0003379647014645137;0.0010514457378895982;0.0022530980097634247;1.1702057374114114;2.898717369739498;-0.0007462157689150721;1.0;0.000337673057441939;0.000337673057441939;0.0025513075451168723;0.9612410824411739;3.4643751653336787;-0.00025382083577782236;1.0;0.0010860202973448675;7.489795154102535e-05;0.0035202037224281914;1.79491636860253;3.9014726647839293;0.0011789417752206606;1.0;0.0002988754810027272;0.0007098292673814772;0.0013822990996376135;0.886485443375186;3.4587816828699145;0.002332017942429839;False;True;False
2023-12-20;-0.0028360325397417717;0.007773188133683815;1701.4285714285713;0.5797101449275363;0.04006601122502199;-2.4492935982947064e-16;1.0;-0.7907757369376986;-0.6121059825476627;0.9749279121818236;-0.22252093395631434;1.0;0.0012349375046777937;0.0005239128807723973;0.0027318314497417856;1.163620057209582;2.776556580920081;0.0011215791834903544;-1.0;0.0005234231876472127;0.0;0.0010468463752944255;0.7592374874196142;3.320509487912659;0.00029094294608839305;1.0;0.0004862721627889579;0.0007481110196753198;0.0034787162414902373;1.8653154440593374;3.440981992936136;-0.0003027211730653282;1.0;0.0003732178846010301;0.00018660894230051504;0.0028364559229678288;1.7719842046359273;3.667901902156626;0.0005751049876910742;False;False;True
2023-12-21;0.004859489188578317;0.01343462315694933;1733.9285714285713;0.47075208913649025;0.035868022453191775;-2.4492935982947064e-16;1.0;-0.8978045395707417;-0.44039415155763423;0.43388373911755823;-0.900968867902419;1.0;0.00026241799437675724;0.0007872539831302718;0.003149015932521087;0.9461419375720869;2.9521069077730937;-0.00204506627760535;1.0;0.0001870417477180907;0.00026185844680532696;0.000561125243154272;0.44217981651288896;3.197461879842254;0.0005610622779128483;-1.0;0.00037402752842609214;0.0005610412926391383;0.0016457211250748055;1.3906352579622014;3.3999212950541096;0.00287790129463987;1.0;0.001609462140210353;0.0009731631545457948;0.0036680765055956883;2.0270190519725646;3.214303841639438;0.0029827928579144922;False;True;False
2023-12-22;-0.0010429082240762813;0.007272727272727273;1728.9285714285713;0.8556701030927835;0.03877794475343548;-2.4492935982947064e-16;1.0;-0.9680771188662041;-0.2506525322587213;-0.433883739117558;-0.9009688679024191;1.0;0.0002982848620432513;0.0005592841163310962;0.0019388516032811335;0.8006849786447996;2.8602162649245324;0.0023505944769307016;1.0;0.000148975791433892;0.000223463687150838;0.0010428305400372439;0.5075031448585903;3.4697914894421444;0.0024812664383902267;-1.0;0.001116528341211061;0.0008932226729688489;0.002158621459674718;1.4743690813405186;3.6494052878406853;0.0021299915213930693;-1.0;0.0011166530186853272;0.0017866448298965235;0.00327551552147696;1.7060153813824488;3.652421332273001;0.0017169761361004023;False;False;True
2023-12-26;0.0019703334696457115;0.007531692766592096;1697.142857142857;0.8415841584158416;0.04060369840562;-2.4492935982947064e-16;1.0;-0.848644257494751;0.5289640103269624;0.7818314824680298;0.6234898018587336;-1.0;0.00014841199168892847;0.001558325912733749;0.00192935589195607;0.6598503989502014;2.6009457611668187;-0.00013195114508855496;1.0;0.00018554941180836456;0.00022265929417003747;0.001744164470998627;0.6180316860288856;3.146473349575138;0.0008647419980482976;1.0;0.0004447244561390505;0.0005188451988288922;0.003001890078938591;1.1230779421671573;3.5739691532892666;0.002116362978852904;1.0;0.0006287447296397662;0.0014054293956653598;0.002367038982173238;0.9248849470287445;3.466636224769919;0.002855112294236877;False;True;False
2023-12-27;-0.000590493061706525;0.007643217571979816;1695.357142857143;0.8543689320388349;0.041925176074966285;-2.4492935982947064e-16;1.0;-0.72479278722912;0.6889669190756865;0.9749279121818236;-0.22252093395631434;-1.0;0.0018833087149187592;0.0002954209748892171;0.00258493353028065;1.1381989855237;2.8301574076562654;0.0006526530964080168;-1.0;7.388525619712587e-05;0.00018471314049281465;0.0017363035206324577;0.8345806226303192;3.58973412981875;0.0001438783857668954;1.0;0.00044396759036590327;0.0005549594879573791;0.001220910873506234;1.3397444314262639;3.5635208229793434;-0.0005096274376837807;1.0;0.00048085814684668024;0.00033290179397077864;0.0017014980580728684;1.2156149726469614;3.6385693118926223;-0.000677531813198248;True;False;False
2023-12-28;-0.0021312559711912987;0.007607090103397341;1615.7142857142858;0.6893203883495146;0.041295599341233676;-2.4492935982947064e-16;1.0;-0.5712682150947924;0.8207634412072763;0.43388373911755823;-0.900968867902419;-1.0;0.0013256738842244808;0.00025776992193253794;0.003940197378111651;1.5141709550987867;3.1022175056748806;0.0004839477008383436;1.0;0.00025837885722722575;0.00022146759190905065;0.0011811604901816035;0.7511608850040973;3.3176554745830913;-0.00027049291185612457;1.0;0.0014385304857806795;0.00022131238242779683;0.002729519383276161;1.5842309259147758;3.453798723132953;-0.0012036354704004644;-1.0;0.00040530582166543844;0.0009211495946941784;0.0019528371407516582;1.6762564085714182;3.3636508416811326;-0.0008111197138959555;True;False;False
2024-01-02;-0.004416635995583364;0.004860804242156429;1584.2857142857142;-0.26515151515151514;0.03360259222180615;0.49999999999999994;0.8660254037844387;0.39435585511331855;0.9189578116202306;0.7818314824680298;0.6234898018587336;-1.0;0.00011090573012939002;0.002181146025878004;0.0037707948243992607;1.250974563299979;3.1663127203757044;-0.0013616356082108549;1.0;0.0006664198445020362;0.00037023324694557573;0.0013328396890040725;0.8053454049704685;3.3299259925583677;-0.0024716032932776367;-1.0;0.0008142418298234576;0.0002220659535882157;0.004034198156852585;2.099183141409077;3.500589543725024;-0.004314433967711745;1.0;0.0020788477244041872;0.0007053233350657064;0.0041205731680154425;1.8572256183715694;3.5123293959778943;-0.003904994933392578;True;False;False
2024-01-03;-0.002272219325039112;0.013308687615526803;1618.2142857142858;0.20833333333333334;0.020974089709259666;0.49999999999999994;0.8660254037844387;0.5712682150947923;0.8207634412072763;0.9749279121818236;-0.22252093395631434;-1.0;0.0007093522493933172;0.0014933731566175099;0.0029867463132350197;1.2317717343762629;2.807884892991862;0.00025739384579612896;1.0;0.0011208668036614981;0.00011208668036614982;0.0021296469269568466;0.949263836906674;3.37116096446176;0.0001368720992447873;1.0;0.0005226025607525476;0.00029863003471574154;0.0030609578558363506;1.6589266000700074;3.596389651989595;0.0002896859390584756;-1.0;0.0007449344457687723;0.0006331942789034565;0.00484207389749702;1.965052496026798;3.695245736348322;0.0002367158786521104;True;False;False
2024-01-04;0.0003714710252600297;0.01142430464812395;1675.0;0.673202614379085;0.024106236285989176;0.49999999999999994;0.8660254037844387;0.7247927872291199;0.6889669190756866;0.43388373911755823;-0.900968867902419;-1.0;0.00048273301151132564;0.001188265874489417;0.003676197549201634;0.8545690962003236;3.026280390988073;-0.0018810669577152925;-1.0;0.0003348712606042566;0.0006697425212085132;0.0023813067420747134;0.7196209855978881;3.4481748487078545;-0.001916779479281784;-1.0;0.0001490368493610045;0.0007824434591452736;0.0027944409255188343;1.3890767214465545;3.662049647445185;-0.0026130128037627383;-1.0;3.733154141934521e-05;0.0008212939112255945;0.0035464964348377944;1.5547928786077638;3.9008308987301494;-0.003614282446399259;False;False;True
2024-01-05;-0.001660001509092281;0.01726698848867434;1728.2142857142858;-0.034408602150537634;0.00431526891678021;0.49999999999999994;0.8660254037844387;0.8486442574947509;0.5289640103269624;-0.433883739117558;-0.9009688679024191;-1.0;0.0012470712720126975;0.0003401103469125538;0.0023051923512961985;0.8574004212323166;2.7161180082086767;-0.0013782265417858713;-1.0;0.0005672578754301706;0.00026472034186741293;0.0013236017093370646;0.6534636321273543;3.302781315197659;-0.0020851725732541275;1.0;0.0017404464623533864;0.0004161937192584185;0.00510783200908059;1.6096173034968286;3.502355261231625;-0.0018736482068307154;1.0;7.544892108042855e-05;0.005281424475629999;0.008978421608570998;2.6214806303617615;3.4588809927395214;-8.352962795913431e-05;False;True;False
2024-01-08;-0.005092869982025165;0.0166276169601693;1471.0714285714287;0.45454545454545453;0.005887363937529579;0.49999999999999994;0.8660254037844387;0.9987165071710528;-0.05064916883871264;0.0;1.0;-1.0;0.00037639265281541704;0.0020325203252032522;0.00353809093646492;1.0856971973977174;2.834123617003577;0.00031401512296824904;1.0;0.00037681814756198657;0.0006029090360991785;0.001431908960735549;0.5940609042923257;3.080035314578548;-0.0011759782381252281;-1.0;0.0005273069679849341;0.0006026365348399247;0.003879472693032015;1.7027986534157693;3.3082275661080662;-0.0033698010432533514;1.0;0.0003399048266485384;0.00015106881184379485;0.0019261273510083844;1.0929060511245534;3.3242873847742564;-0.0030128559695615257;True;False;False
2024-01-09;-0.004177545691906005;0.013136103583258054;1514.2857142857142;0.6790830945558739;0.007637102694215843;0.49999999999999994;0.8660254037844387;0.9680771188662043;-0.2506525322587204;0.7818314824680298;0.6234898018587336;-1.0;3.7455989212675104e-05;0.00048692785976477636;0.003820510899692861;0.974011945293245;2.883223382982302;0.00039667627040797454;1.0;0.00018790634747641776;0.000676462850915104;0.0013153444323349243;0.754801363407812;3.328987251493269;-0.0009766725517448632;-1.0;0.0;0.0011644941963111829;0.0037188685624131323;1.6417342307769835;3.5138499336273714;-0.003636333203613761;1.0;0.0006025457558183324;0.0007155230850342698;0.0031257061083075997;1.5722939231324395;3.4646165296709386;-0.0034333258151015484;False;False;True
2024-01-10;0.001056125528062764;0.00850250955127725;1504.2857142857142;0.29955947136563876;-0.0006890501274554471;0.49999999999999994;0.8660254037844387;0.8978045395707416;-0.4403941515576344;0.9749279121818236;-0.22252093395631434;1.0;0.0010550113036925397;0.0016201959306706858;0.004333082140165787;1.2014373914081031;3.056007149003773;-0.00017554418697970987;-1.0;0.00037616611495636473;0.0001504664459825459;0.002708396027685826;0.7795501754529593;3.4365847062140715;-0.00018849430747191435;1.0;0.0009424715373595717;0.002563522581618035;0.004109175902887733;1.9640854332541808;3.591730754445762;0.00018000820502528112;-1.0;0.0006781704468389721;0.0005274659030969783;0.0034662045060658577;1.6402583506129058;3.5755500378202387;-0.0007510342454832564;False;False;True
2024-01-11;0.0010613296944886666;0.011039939713639788;1525.0;0.310580204778157;-0.007329449351625634;0.49999999999999994;0.8660254037844387;0.7907757369376989;-0.6121059825476626;0.43388373911755823;-0.900968867902419;-1.0;0.0;0.0030670200681560014;0.0036349867474441497;1.2642616683171444;2.9011431619398595;-7.577192650123129e-05;-1.0;0.00037885963250615644;0.00011365788975184695;0.0015154385300246258;0.6466296001126819;3.0283122252524874;-0.0001643406148866578;-1.0;0.003071905339805825;0.0011377427184466019;0.004588895631067961;1.7990523041864501;3.26315876903216;-0.000501639814182373;-1.0;0.0017831398436907201;0.0020866530085742467;0.0050838455117990745;2.5381759488992803;3.062854759581648;-0.0011944254518135606;True;False;False
2024-01-12;-0.0011386927806877705;0.011207875804619462;1556.7857142857142;0.42567567567567566;-0.012556916998272088;0.49999999999999994;0.8660254037844387;0.6513724827222223;-0.7587581226927909;-0.433883739117558;-0.9009688679024191;1.0;0.00045599635202918376;0.0015199878400972793;0.0023179814561483506;0.8478787593088022;3.001701559990199;-0.0003461010868418767;1.0;3.798670465337132e-05;0.00026590693257359923;0.001899335232668566;0.8673568700576214;3.5831035559483677;-0.0007290257603149698;-1.0;0.0008723355837062884;0.0010619737540772207;0.003678980505196086;1.7691052748645992;3.5371360233466547;-0.0009836203985141875;1.0;0.0004559270516717325;0.00018996960486322188;0.006686930091185411;2.280649812914987;3.648859887719326;0.0005329170705507158;True;False;False
2024-01-15;-0.0023483958940949206;0.012615899072807418;1547.142857142857;0.1897590361445783;-0.013721918185239343;0.49999999999999994;0.8660254037844387;0.10116832198743272;-0.994869323391895;0.0;1.0;1.0;0.001556627054937545;0.0006074642165609933;0.0028095220015945934;0.9279580647925997;3.142105239440682;-0.0013869917876595918;-1.0;3.7942024586431934e-05;0.0003414782212778874;0.0025041736227045075;0.668245578760399;3.550025850407587;-0.0021715251373046543;-1.0;7.604562737642586e-05;0.0013307984790874524;0.0019011406844106464;1.3374449140042357;3.6539849921721763;-0.002988380399267935;1.0;0.0009130335539831089;0.0007228182302366279;0.0035760480864338432;1.3458435920122778;3.6969056361627035;-0.0027422342036763797;True;False;False
2024-01-16;-0.005427203859344967;0.011921485250009491;1551.4285714285713;0.43630573248407645;-0.012017970797454137;0.49999999999999994;0.8660254037844387;-0.10116832198743204;-0.9948693233918952;0.7818314824680298;0.6234898018587336;-1.0;0.0004926295047178749;0.000606313236575846;0.004774716738034787;1.490082265995831;3.0538246241924236;-0.0006550365975287087;1.0;0.00022820629849383843;0.00038034383082306405;0.002510269283432223;0.9825893586085171;3.4381832329399216;-0.0025139405596471343;-1.0;0.0011009035001138866;0.0012527522587502846;0.005504517500569433;2.404879239380122;3.7255790143547185;-0.00522995290503566;-1.0;0.002323013062188202;0.0013328763471571652;0.0038082181347347576;2.231729970378699;3.6976991712133973;-0.0048414058697814665;False;True;False
2024-01-17;-0.0036134389175059584;0.01511993633711016;1668.5714285714287;-0.20802005012531327;-0.028544015351403215;0.49999999999999994;0.8660254037844387;-0.2993631229733582;-0.9541392564000488;0.9749279121818236;-0.22252093395631434;1.0;0.00011574074074074075;0.004783950617283951;0.0072145061728395065;1.5282575600607309;2.9862980837072786;-0.0013343597639209274;-1.0;0.000500404172600947;0.0023480503483582892;0.004657608068054968;1.5350751002103664;3.491802271036201;-0.002378014293793988;1.0;0.0019280453476265762;0.0005398526973354413;0.004395943392588594;1.734822146061374;3.510200098988899;-0.0023647940747582572;-1.0;0.0008081896551724138;0.0014239532019704433;0.004233374384236453;2.0603574728117215;3.5352045782095196;-0.002485132054775713;True;False;False
2024-01-18;0.004335371990400248;0.009143518518518518;1677.857142857143;0.6329113924050633;-0.026420163526590896;0.49999999999999994;0.8660254037844387;-0.4853019625310808;-0.8743466161445822;0.43388373911755823;-0.900968867902419;1.0;0.00015416634548678023;0.00026979110460186544;0.003892700223541201;1.457137499859911;3.126585244740028;0.0008833922261484099;-1.0;7.681671531725304e-05;0.0008065755108311569;0.0013827008757105546;0.836590679947459;3.4594508901941605;0.0018658707895152827;-1.0;7.685508972831726e-05;0.0006148407178265381;0.005495138915574684;1.775022205570699;3.8386448693428283;0.0025999433675701366;-1.0;0.000733704046957059;0.0005792400370713623;0.004247760271856658;1.708837287077047;3.9726347958960924;6.45494448747365e-05;False;True;False
2024-01-19;0.004998047637641547;0.016649965312572266;1758.5714285714287;0.30092592592592593;-0.03238600798136804;0.49999999999999994;0.8660254037844387;-0.651372482722222;-0.7587581226927911;-0.433883739117558;-0.9009688679024191;1.0;0.0010490325588623825;0.002331183464138628;0.0038853057735643796;1.0881258064432262;3.0190521316959154;-0.0003279268550519901;-1.0;7.766387076731904e-05;0.0006601429015222119;0.00244641192917055;0.8367741731348352;3.496275265254519;0.00040195010632221073;-1.0;0.0003889991053020578;0.00031119928424164624;0.003928890963550783;2.0886279544007773;3.769091546407813;0.000724147500607095;1.0;0.0009365853658536585;7.804878048780487e-05;0.0023414634146341463;1.4300417656345787;3.7552385568406654;-0.000428699481663354;False;False;True
2024-01-22;0.0015594541910331384;0.012394125417670371;1825.357142857143;0.7241379310344828;-0.03210189115008072;0.49999999999999994;0.8660254037844387;-0.9680771188662041;-0.2506525322587213;0.0;1.0;-1.0;7.785130400934215e-05;0.0017516543402101986;0.0027247956403269754;1.0566603671943506;3.238792508886413;0.0007402501266217322;1.0;0.0003116842638407293;0.0007402501266217322;0.0017921845170841937;0.7790849063207261;3.357749084912111;6.921193559830651e-05;1.0;7.786342754808066e-05;0.004321420228918477;0.005372576500817566;2.293703892726435;3.8721967766337557;0.0005747648001936176;-1.0;0.0004667263039166116;0.0015946482050484228;0.0031115086927774103;1.3552639055937716;3.694032038529997;0.0004585647787641372;False;True;False
2024-01-23;0.00275049115913556;0.016076294277929157;1808.5714285714287;0.4939467312348668;-0.036517569774136616;0.49999999999999994;0.8660254037844387;-0.9987165071710528;-0.05064916883871355;0.7818314824680298;0.6234898018587336;1.0;0.00039184952978056425;0.0009404388714733542;0.005094043887147335;1.2321242488251634;3.3521512376742844;0.0022555347352349354;1.0;0.0001561524047470331;0.0014444097439100562;0.002225171767645222;1.0158323129221836;3.6302154500158723;0.003680295464003367;-1.0;0.00011704119850187266;0.001131398252184769;0.004018414481897628;1.714677210379045;3.7651700399552768;0.004338206208242541;1.0;0.00019561815336463224;0.00011737089201877934;0.004029733959311424;1.7660962158501181;3.857730918217033;0.003824249117564311;False;False;True
2024-01-24;0.00565759900798264;0.013126959247648904;1835.357142857143;1.3611940298507463;-0.018276801909578724;0.49999999999999994;0.8660254037844387;-0.9884683243281114;0.15142777750457667;0.9749279121818236;-0.22252093395631434;1.0;0.0028514180024660912;3.8532675709001234e-05;0.0035450061652281136;1.1213558603248652;3.3359343222315516;0.0025799992298509763;1.0;0.0003465670607262505;0.0006161192190688898;0.0024644768762755592;0.9341672924362131;3.8817573186959415;0.0040842134044225585;-1.0;0.0;0.0007305163597216348;0.0020377561613287706;1.3230457644448157;3.849130242061905;0.005372687413110922;1.0;0.00038498556304138594;0.0022329162656400383;0.003387872954764196;1.5591922183097957;3.862662641509434;0.004735953495330236;False;False;True
2024-01-25;0.0033121614776136852;0.015143341553637484;1809.642857142857;0.24936386768447838;-0.0237114359760895;0.49999999999999994;0.8660254037844387;-0.9377521321470804;0.3473052528448203;0.43388373911755823;-0.900968867902419;1.0;0.0008155973279478018;0.0017088705918906323;0.0031070374398011495;0.9281416009726284;3.2923523884238386;-0.0013757887064568066;-1.0;0.0011256016146561094;0.0005822077317186772;0.0019018785902810123;0.7213248254874508;3.6641213773189203;0.00021998783596679245;1.0;0.0004658746797111577;0.0027176022983150866;0.0036493516577374018;1.5031157278087617;3.7995599506016973;0.001815202862932794;-1.0;0.002910247953125606;0.0030266578712506305;0.005975709130417912;1.8458962156696053;3.772751515151515;0.0017850213426464881;True;False;False
2024-01-26;0.003536177819227481;0.00710734814354513;1723.9285714285713;0.7923497267759563;-0.018256811853147186;0.49999999999999994;0.8660254037844387;-0.848644257494751;0.5289640103269624;-0.433883739117558;-0.9009688679024191;-1.0;0.004646660212971926;0.0006582768635043562;0.006195546950629236;1.0385057386892032;2.912534075340047;-0.0004909180166911749;-1.0;0.0001550207340231756;7.75103670115878e-05;0.001937759175289695;0.49145951180958186;3.464785199121982;-0.0003019440885817812;-1.0;0.0005046779766295275;0.0006211421250824955;0.0019798905237004543;1.1222119879854031;3.416381621521679;8.202630885932333e-05;1.0;0.00229250854833696;0.0024090767796083306;0.00547870686975443;2.2957242814273444;3.571468776743714;-0.00043139894048425237;False;True;False
2024-01-29;0.002358399381403441;0.01111326234269119;1701.7857142857142;0.8780487804878049;-0.011883618291167705;0.49999999999999994;0.8660254037844387;-0.3943558551133187;0.9189578116202306;0.0;1.0;-1.0;0.00019285659183830903;0.001195710869397516;0.0021599938285890613;0.881993309558483;3.089653967926987;-0.0006905307221835712;-1.0;0.0;0.00030879685027212725;0.0025861736210290656;0.7548321610641167;3.5766662190044807;-0.0011176450359365365;-1.0;0.00042558130537393124;0.0014701899640190352;0.0025921770418230357;1.4810993742089178;3.7569107603850753;-0.0012174085115352433;1.0;0.0014325538175623354;0.0003097413659594239;0.0037168963915130866;1.525054214597406;3.5734764178279046;-0.001369621872732478;False;False;True
2024-01-30;-0.002168861347792409;0.010298542004165702;1676.4285714285713;0.37453183520599254;-0.015525232802069522;0.49999999999999994;0.8660254037844387;-0.20129852008866114;0.9795299412524943;0.7818314824680298;0.6234898018587336;1.0;0.0007374631268436578;0.00034932463903120635;0.0032991771464058375;1.0928181336921658;3.3509628269997647;0.0021945961297651405;-1.0;0.0012005731768715386;0.0003098253359668487;0.004260098369544169;1.3901412650606437;3.526071645900462;0.0012297734627831338;-1.0;0.0006601941747572816;0.0004271844660194175;0.0045048543689320385;1.9917942934845958;3.8749906551371827;-0.0006191601936282284;-1.0;0.0010910649573315668;0.0008182987179986751;0.0027276623933289172;1.632919169567559;3.802520921765411;-0.002599901203754333;False;False;True
2024-01-31;-0.0005091649694501018;0.013701288619779537;1697.857142857143;0.056657223796033995;-0.02243282793070953;0.49999999999999994;0.8660254037844387;-2.4492935982947064e-16;1.0;0.9749279121818236;-0.22252093395631434;1.0;0.00023511893099259376;0.0005094243504839531;0.004153767780869157;1.4603116051618172;3.455960201159797;-0.0002646949065757284;-1.0;0.0004295868155900961;7.810669374365383e-05;0.0010934937124111536;0.6795176146324803;3.7417244060838315;-0.00027353366417881287;1.0;0.0005470673283576257;0.0009769059434957602;0.006330350513852526;2.0448678990249873;3.8348396837712584;0.001443225912386731;1.0;0.00042776589539179465;0.000699980556095664;0.0026443709896947307;1.729830147662344;3.7872118967044934;0.002601537625223266;True;False;False
2024-02-01;0.003867489647628721;0.019828363180375407;1772.857142857143;0.3774703557312253;-0.013115194807688616;0.8660254037844386;0.5000000000000001;0.21497044021102407;0.9766205557100867;0.43388373911755823;-0.900968867902419;-1.0;0.0001945752422461766;0.001595516986418648;0.0035801844573296496;1.0102341993727795;3.208205701429119;-0.00511567666844263;1.0;7.797270955165692e-05;0.0007017543859649122;0.0020662768031189083;0.6424014733560338;3.6013859193646915;-0.0043262512600207295;-1.0;0.00042829887474204727;0.0009734065335046529;0.0021025581123700504;1.3026362691853388;3.8860391733045136;-0.0027750719743706177;-1.0;0.001870251315020456;0.0011689070718877848;0.0032339762322228715;1.4965203426654727;3.793215475904724;-0.0016930804537974979;False;True;False
2024-02-02;0.0019023216088205606;0.010935128614235125;1754.642857142857;1.0604982206405693;-0.007465068785551381;0.8660254037844386;0.5000000000000001;0.4198891015602646;0.907575419670957;-0.433883739117558;-0.9009688679024191;-1.0;0.0003099934126399814;0.001433719533459914;0.0036424225985197812;0.7727301044719748;3.1725236804928323;0.0016046794523383568;1.0;0.0007376635477734209;0.0007376635477734209;0.0015918002873005397;0.6170746799981273;3.532038809764703;0.0013759489302967312;1.0;0.0008152173913043478;0.0002717391304347826;0.003998447204968944;1.268019352201709;3.628239836533689;0.0017031159280046448;-1.0;0.00027093977395881716;0.0008128193218764515;0.013740517107911441;2.7901167320043796;3.8442873547790555;-0.0007099890670394564;False;False;True
2024-02-05;-0.002037936980717981;0.018754601464718874;1815.357142857143;0.19008264462809918;-0.01841436760119807;0.8660254037844386;0.5000000000000001;0.8835120444460229;0.46840844069979015;0.0;1.0;-1.0;0.0017279296261388628;0.0006283380458686773;0.002709707822808671;0.9632809275472862;3.0996035321679583;-4.3650014185619415e-06;1.0;0.0011785966842146618;0.0006678714543883083;0.0025143395929912785;0.6720410133817366;3.348693014541886;-0.0005583692129175101;1.0;7.852067056652664e-05;0.0002748223469828432;0.0032586078285108556;1.4737099402666616;3.738399816212521;-0.0006437441551945116;1.0;0.00015658641612840087;0.0002348796241926013;0.002505382658054414;1.1068129488282494;3.8127183313549264;0.0007508973874847415;False;False;True
2024-02-06;0.0015258215962441314;0.011506440464970154;1730.7142857142858;0.9453924914675768;-0.01082722804414356;0.8660254037844386;0.5000000000000001;0.963549992519223;0.26752833852922075;0.7818314824680298;0.6234898018587336;-1.0;0.0026954177897574125;0.0007812805187702645;0.003672018438220243;1.101394055930562;3.1668636521458557;0.0006902659477481323;1.0;0.0007032898335547394;0.0005470032038759085;0.0022270844729233414;0.7206025672413569;3.4188766593211324;0.0007589853017074749;1.0;0.00042936882782310007;0.00046840235762520005;0.012724930715484601;2.4944860095183667;3.8912957798847367;0.003566254318511064;1.0;0.0003857727027235553;0.0020831725947071983;0.003047604351516087;1.595925147653905;3.677703279354545;0.0062202002287594675;False;True;False
2024-02-07;-0.003508504309358554;0.025313488808156568;1882.5;0.8580246913580247;0.01025722316516333;0.8660254037844386;0.5000000000000001;0.9985334138511238;0.05413890858541761;0.9749279121818236;-0.22252093395631434;-1.0;0.0;0.0001148105625717566;0.0039035591274397246;1.3192054822428234;3.3654728668783718;0.001843955284084361;1.0;0.0014213821981483615;7.68314701701817e-05;0.002112865429679997;0.9277923058820702;3.5280776411938093;0.0003327318565157483;0.0;0.001650861903482167;0.0009214112949667908;0.0025722731984489577;1.765476528078312;3.7175294000168986;-0.0019409358296754407;-1.0;0.00019196068645141475;0.0001535685491611318;0.0026874496103198066;1.3896800868047083;3.987744279343653;-0.00207376621599671;False;True;False
2024-02-08;-0.0016148256372794034;0.008381171067738231;1839.2857142857142;0.2557077625570776;0.00467963189733054;0.8660254037844386;0.5000000000000001;0.9868265225415261;-0.16178199655276473;0.43388373911755823;-0.900968867902419;-1.0;0.0001925520853390842;0.0014248854315092232;0.002965302114221897;1.2310299020064994;3.2543660226952102;0.00016710370713150948;1.0;0.00046274872744099955;0.000732685485114916;0.0024294308190652477;0.9097610661887934;3.491206649604358;-0.0008088122015097828;1.0;0.002734555538437837;0.0011554460021568325;0.004044061007548914;1.8090279886722793;3.720158646348801;-0.0013777640857123422;1.0;0.0006546518792359828;0.0021950092421441775;0.00292667898952557;1.3469315061959626;3.6374857843826267;-0.0008685235100328568;False;False;True
2024-02-09;0.002494543186778921;0.017252666846381947;1885.357142857143;0.28794642857142855;-0.0035468617731209476;0.8660254037844386;0.5000000000000001;0.9289767198167915;-0.37013815533991423;-0.433883739117558;-0.9009688679024191;-1.0;0.00027216174183514777;0.00031104199066874026;0.0033048211508553654;1.108393870808304;3.4148212742195807;-0.0005024907948884053;-1.0;0.0009356360375813808;0.0002728938442945694;0.001559393395968968;0.7473820826184682;3.557606432241433;-0.0005199802407507758;1.0;0.0020279229389283207;0.001091958505576788;0.004679822166757663;2.230933362158631;3.7541380049417463;-0.0003028493800240675;1.0;0.001674389626572174;0.00019469646820606675;0.004984229586075309;1.8710683648012627;3.788855657623015;0.0008281252021790421;False;False;True
2024-02-15;0.0020510835913312695;0.0077654149281409365;1827.142857142857;0.6965174129353234;0.006043722280179272;0.8660254037844386;0.5000000000000001;-0.10811901842394124;-0.9941379571543597;0.43388373911755823;-0.900968867902419;1.0;0.0008496504846869811;0.0007724095315336191;0.0022786081180241765;0.9757052393726188;3.233390153254105;0.0013894249324585101;1.0;0.000578904712284358;0.0002315618849137432;0.0016981204893674502;0.72340891573838;3.5117973977804944;0.002403537184134009;-1.0;0.0003084872556202522;0.0001542436278101261;0.0035090425326803685;1.4827631902077703;3.6394289221761866;0.002312128791590396;1.0;0.002591374975826726;0.0011603171533552505;0.0037903693676271514;2.0199801880604076;3.78337272772124;0.0013149752475247526;False;True;False
2024-02-16;0.002155504234026174;0.00726064959641602;1753.9285714285713;1.2712765957446808;0.011666650476477273;0.8660254037844386;0.5000000000000001;-0.31930153013597995;-0.9476531711828025;-0.433883739117558;-0.9009688679024191;1.0;0.0006529420801966507;0.0007297587955139038;0.0030726686126901215;1.1588527042947137;3.4771197200773627;0.001448534423994559;0.0;0.0006134969325153375;0.0004984662576687117;0.0011119631901840492;0.6900805410884583;3.5256530501020293;0.002104635310156733;1.0;0.0011119631901840492;0.00019171779141104295;0.0037193251533742333;1.8971450432948787;3.771044038606022;0.0034256036245096664;-1.0;0.000191255785487511;0.0027540833110201585;0.008032742990475461;2.764700244351058;4.142105631691303;0.0022811739074714106;False;True;False
2024-02-19;-0.0027898799969425974;0.011330465509294823;1787.857142857143;0.5254237288135594;0.013227919005449989;0.8660254037844386;0.5000000000000001;-0.8276889981568905;-0.5611870653623825;0.0;1.0;-1.0;0.0008431380063618595;0.0005748668225194496;0.001686276012723719;0.6345595814776498;3.067365215184366;-0.0014141259253580658;-1.0;0.0004983516062255616;0.00015333895576171127;0.0014950548186766848;0.5754192108725898;3.6694138300985077;-0.00228923675056268;-1.0;0.0009591774094536526;7.67341927562922e-05;0.0017648864333947207;1.3197085701208089;3.750974743317593;-0.003173993728802676;1.0;0.00019198279834126863;0.0010367071110428505;0.0014974658270618952;1.067156062556962;3.8456232225525295;-0.0030154525951231544;True;False;False
2024-02-20;-0.0048841912466135;0.007511593147587476;1755.357142857143;0.3163265306122449;0.011511818231182754;0.8660254037844386;0.5000000000000001;-0.9289767198167914;-0.37013815533991445;0.7818314824680298;0.6234898018587336;-1.0;0.00034510525710341653;0.0004984853713716017;0.002300701714022777;1.2411647473085736;3.5911605786493577;-0.00016640425994909194;1.0;0.00030720786452133173;0.0009216235935639953;0.0013440344072808265;1.0290478170219342;3.6959676249133384;-0.0014974658270618952;1.0;3.839655966825373e-05;0.0006143449546920596;0.00556750115189679;2.775343732726949;3.7183467971657396;-0.002042046631684499;1.0;0.0012227274464101487;0.0003056818616025372;0.0035917618738298116;2.1620288419719826;3.958384811794745;-8.473678635736507e-05;True;False;False
2024-02-21;-0.004164458241841448;0.015222976341117375;1801.7857142857142;0.7229219143576826;0.01872937677185481;0.8660254037844386;0.5000000000000001;-0.9868265225415261;-0.16178199655276476;0.9749279121818236;-0.22252093395631434;-1.0;0.0011785279805352799;0.0001900851581508516;0.0016347323600973236;1.138050778003272;3.1761858990573515;0.0005830829879201892;1.0;0.0005323598752756864;0.00022815423226100844;0.001178796866681877;0.6564502587368751;3.289493064465922;-5.490305387676452e-05;1.0;0.0022045687787449163;0.0005321372914211867;0.00319282374852712;2.3287953681989135;3.4646850310190924;-0.001173545415785403;-1.0;0.001671669009536112;0.0003799247748945709;0.002203563694388511;1.9890530045394128;3.9538008808259097;-0.000865515741831333;True;False;False
2024-02-22;0.005331014405081477;0.007831508515815086;1749.2857142857142;1.6844660194174756;0.02781755948411985;0.8660254037844386;0.5000000000000001;-0.9985334138511239;0.0541389085854167;0.43388373911755823;-0.900968867902419;-1.0;0.000376081233546446;0.0003384731101918014;0.0028958254983076346;1.1373109559417767;3.306149451090865;0.0033544399216041006;-1.0;7.538351362557009e-05;0.00011307527043835514;0.0011307527043835513;0.6851856937299771;3.481756145115243;0.003709851857441229;-1.0;0.00045271060474591615;0.0008299694420341796;0.0015090353491530538;1.1502127806892037;3.533720044774194;0.0035428432470053055;-1.0;0.001698049130221501;0.0008678917776687672;0.0031319572846307685;1.8040821466197696;3.485828974888703;0.002290518261219837;False;False;True
2024-02-23;0.0015523834765817273;0.008875517111696126;1652.857142857143;0.3728813559322034;0.021289082106206034;0.8660254037844386;0.5000000000000001;-0.9635499925192231;0.2675283385292201;-0.433883739117558;-0.9009688679024191;1.0;7.560864962951762e-05;0.0013231513685165583;0.002003629215182217;0.9196497818822029;3.396863356562415;-0.00043658589827551015;1.0;0.00041561189405674994;0.0002644802962179318;0.0010957040843314317;0.6094089057584932;3.602415922076926;0.00023919228541926857;-1.0;0.0005665080444142307;0.0003399048266485384;0.002379333786539769;1.5601115398023697;3.6096234408513204;0.0005085080541791973;-1.0;0.002155906047883808;0.00034040621808691704;0.003366239267748402;1.7436803607867426;3.9434527172070952;7.15054848912627e-05;False;False;True
2024-02-26;-0.0021290347108694828;0.012248601239981853;1668.2142857142858;0.23148148148148148;0.0121237361467805;0.8660254037844386;0.5000000000000001;-0.6051742151937649;0.796093065705644;0.0;1.0;-1.0;0.0006476930696841544;0.0003428963310092582;0.0024383739093991694;0.8346792850600196;3.0239674747436456;1.2718277436652061e-05;-1.0;0.0002289202594429607;0.00015261350629530712;0.0015261350629530714;0.5690052674933486;3.462374969992798;-0.00024615906968845675;1.0;0.0011841100076394194;0.00030557677616501144;0.002635599694423224;1.5632370668640794;3.675019639369217;-0.0011446012972149147;1.0;0.00038153376573826786;0.0003433803891644411;0.005951926745516979;1.6153165121180573;3.9271900526638395;0.00014760272095090205;False;False;True
2024-02-27;0.004303614274288761;0.007048424581856974;1561.4285714285713;1.0702702702702702;0.015842442336399094;0.8660254037844386;0.5000000000000001;-0.41988910156026493;0.9075754196709569;0.7818314824680298;0.6234898018587336;1.0;0.00015168752370117556;0.00015168752370117556;0.003981797497155859;1.1985723578609255;3.2724783691337356;0.0010285344852918347;1.0;0.0006423335600392957;3.778432706113504e-05;0.0011335298118340512;0.7140645245010843;3.7331382161410698;0.002727631324957505;1.0;0.00045322355251727916;0.00018884314688219963;0.003852400196396873;1.933256804989788;3.940002452291778;0.0053878138359726895;-1.0;0.000978841954672088;0.00018823883743694;0.0017317973044198478;1.293116353778475;3.7802099541094676;0.005395043591450062;True;False;False
2024-02-28;-0.003561387066541706;0.013424345847554038;1622.142857142857;0.6045197740112994;0.022337182803350095;0.8660254037844386;0.5000000000000001;-0.21497044021102438;0.9766205557100867;0.9749279121818236;-0.22252093395631434;-1.0;0.00015048908954100828;0.00030097817908201655;0.0019563581640331075;1.0099749899730968;2.9992606786008014;-0.0005861173909403241;1.0;0.00037678975131876413;0.000452147701582517;0.0015071590052750565;0.7743892635966313;3.3722184760620366;-0.002179715674707719;-1.0;0.002183899390014308;0.000489494690865276;0.002936968145191656;1.740376636522397;3.612452976560624;-0.003322745742993446;1.0;0.0018454353721000301;0.000715576981018379;0.0029752937631816814;1.9300564669098623;3.7374692455760132;-0.002539037173679321;False;False;True
2024-02-29;0.002844680447563057;0.012490594431903687;1525.357142857143;0.46987951807228917;0.015887652969089196;0.8660254037844386;0.5000000000000001;-2.4492935982947064e-16;1.0;0.43388373911755823;-0.900968867902419;-1.0;0.000529500756429652;0.0005673222390317701;0.005900151285930409;1.2301581152717662;3.2412163808314447;-0.00037159494461980815;-1.0;0.0001520103367028958;7.60051683514479e-05;0.002318157634719161;0.8702181273110078;3.8839026708012403;-0.0011593908543525572;-1.0;0.0002285017899306878;0.0019422652144108462;0.0031228577957194;1.6707867306322126;4.042460872460873;-0.0021050669851799186;-1.0;0.0027065146952311974;0.00015247970113978576;0.00396447222963443;2.486149480641878;3.8396684372540375;-0.0029639240828373;False;False;True
2024-03-01;0.0012996941896024465;0.015128593040847202;1557.142857142857;0.35;0.0052229842005687335;1.0;6.123233995736766e-17;0.20129852008866006;0.9795299412524945;-0.433883739117558;-0.9009688679024191;1.0;0.00022906009009696876;0.002672367717797969;0.00530655875391311;1.023282119469057;3.0833744333134736;0.0015699517165792703;-1.0;3.8083631655114635e-05;0.0001142508949653439;0.0022088506359966486;0.7775427268513304;3.4510424822386545;0.002395732627758285;-1.0;0.00015265427622791284;0.0029767583864443;0.0035492119222989733;1.7906508682316558;3.796671427718008;0.0025792438742958234;-1.0;0.00030543677458766036;0.00015271838729383018;0.0018326206475259622;1.2811625010605932;3.798712165172304;0.0011682044485225647;False;False;True
2024-03-04;0.001379310344827586;0.008284339925173703;1474.642857142857;0.4147465437788018;0.0020319748495188435;1.0;6.123233995736766e-17;0.7247927872291199;0.6889669190756866;0.0;1.0;1.0;0.0014539332721150904;0.0008417508417508417;0.0023339455157636974;0.8263411127994393;2.9157254880355534;-0.0004718725688996975;-1.0;0.0004208432167725151;0.00019129237126023414;0.0012242711760654984;0.6282709049031727;3.317624457298212;-0.0008932445193068794;-1.0;0.0015312177008766222;0.0008421697354821421;0.0031007158442751597;1.6673378162232995;3.6263031410777145;-0.0006640106241700239;1.0;0.0017622495498601694;0.00011492931846914148;0.002490135233498065;1.424663379008397;3.6290726817042605;-0.0008422987097515219;False;False;True
2024-03-05;-0.0008858760543850865;0.008685338230792776;1452.5;-0.03524229074889868;-0.00587316643193163;1.0;6.123233995736766e-17;0.8486442574947509;0.5289640103269624;0.7818314824680298;0.6234898018587336;1.0;0.0009252120277563608;0.0005782575173477255;0.003508095605242868;1.3140873202753345;3.105146094194776;-0.00038045894463259873;-1.0;0.0006155740227762388;0.00023084025854108956;0.0013465681748230224;0.7942234226862376;3.482024467245462;-0.00029083319433219915;-1.0;0.001308698999230177;0.0007313317936874519;0.0026558891454965356;2.1700005471404045;3.654023045348895;-0.00012838288912846223;1.0;0.0013094550356248797;0.0011939148854226843;0.002657423454650491;1.5914742216130697;3.7565389061077528;-0.0002995023981585006;False;True;False
2024-03-06;0.0032755298651252407;0.00963762528912876;1419.642857142857;0.724;-0.003061464793154879;1.0;6.123233995736766e-17;0.9377521321470804;0.3473052528448203;0.9749279121818236;-0.22252093395631434;1.0;0.0018820818129441138;0.00046091799500672174;0.0028423276358747838;1.1880619082133896;3.069418485469673;0.0012029074529073785;-1.0;0.00030711351683365966;0.0008061729816883565;0.001190064877730431;0.6278079190692931;3.490328102710414;0.0022566045140621992;1.0;0.0004607056474833954;0.0027258417476100894;0.0035704687679963144;1.9084328273258735;3.517548577605526;0.003206645260603803;1.0;0.0011129874117285846;0.0020340804421246548;0.0047973595333128645;2.1291697687371074;3.6853386729999085;0.0031887130626545804;False;False;True
2024-03-07;0.0024181476221548383;0.006875360092183599;1425.7142857142858;0.7821229050279329;-0.0009028447260095794;1.0;6.123233995736766e-17;0.9884683243281114;0.1514277775045767;0.43388373911755823;-0.900968867902419;-1.0;0.0002680349211211518;0.00022974421810384438;0.0024888956961249807;0.9173179481636545;3.101556916001119;-0.0007929199918150939;-1.0;3.836562440053712e-05;0.0006138499904085939;0.0013044312296182621;0.6688745613206655;3.428493390882115;-0.0006611725361725237;1.0;0.0007677837920841491;0.0005758378440631119;0.0028408000307113515;1.4569230285852626;3.4992222541511016;-4.6849977852725345e-05;-1.0;0.0007283042011652867;0.00026832260042931617;0.003258203005213125;1.674052934831039;3.678498373958646;-0.00027319955092828786;False;False;True
2024-03-08;-0.016848517561784324;0.009534385051309543;1409.2857142857142;-1.502008032128514;-0.023936521424593356;1.0;6.123233995736766e-17;0.9987165071710528;-0.05064916883871264;-0.433883739117558;-0.9009688679024191;-1.0;0.000392156862745098;0.001176470588235294;0.0025882352941176473;1.093470867222019;3.293942180720619;-0.0037641865780359426;-1.0;0.0007458878027715621;0.0005103442861068583;0.0014132610999882229;0.6629610835528096;3.468646028725167;-0.008088264164278143;1.0;0.0014919513152728701;0.001845308205732234;0.004397330192383196;1.6190208433533524;3.4354514773744746;-0.011835815106788175;1.0;0.002549419516786947;0.002980859742704738;0.007726702227800439;2.384355554958367;3.491901109834314;-0.009075175676615827;True;False;False
2024-03-11;-0.004754296403101984;0.01396078431372549;1523.9285714285713;0.3342696629213483;-0.021792212716816143;1.0;6.123233995736766e-17;0.7907757369376989;-0.6121059825476626;0.0;1.0;-1.0;0.0010963624260934258;7.831160186381613e-05;0.003954735894122714;1.1119094852730917;3.241791231254577;-0.0025522223967331553;-1.0;0.00039263418273194865;0.0006674781106443127;0.0012564293847422356;0.7038899403299119;3.555076645626691;-0.004380912486473303;1.0;0.0011780875711761242;0.0006283133712939328;0.002591792656587473;1.7014468936258382;3.7166978540020312;-0.005532666274278988;1.0;0.001569489131287766;0.0007455073373616888;0.0030605038060111433;2.0860097639130704;3.762406273846256;-0.004212681609270602;True;False;False
2024-03-12;0.0024302289118846034;0.00787031598731352;1458.5714285714287;0.6318407960199005;-0.02018141241152074;1.0;6.123233995736766e-17;0.6513724827222223;-0.7587581226927909;0.7818314824680298;0.6234898018587336;1.0;0.0019942128724485804;0.00011730663955579886;0.006608274028310003;1.2515349593327179;3.054440840128604;0.0009861549041743276;1.0;0.0022189349112426036;0.0020632201806290874;0.0052164434755527875;1.7889533830701563;3.48815287484385;0.002778642052133004;-1.0;0.0017112632233976354;0.0016334785314250156;0.004200373366521469;2.0029479509606753;3.6557405766337614;0.004368323169413075;-1.0;0.000973141300116777;0.0004671078240560529;0.004165044764499805;1.859932367663205;3.738195785026113;0.0031789400641859407;False;True;False
2024-03-13;0.00027151778441487917;0.01188707280832095;1511.0714285714287;0.7467105263157895;-0.012302177010402463;1.0;6.123233995736766e-17;0.48530196253108104;-0.8743466161445821;0.9749279121818236;-0.22252093395631434;-1.0;0.00011633317822242904;0.0012408872343725764;0.003683883977043586;1.1137672583389295;3.304788620475882;-0.001239462410171315;-1.0;0.0005052860696517413;0.000388681592039801;0.001204912935323383;0.7750017620912166;3.6387670485542825;-0.001922412303438717;1.0;0.00027216174183514777;0.00038880248833592535;0.004315707620528771;1.9492607369783639;3.617600393162864;-0.0013085061508397808;1.0;0.000309909351514682;0.002091888122724103;0.005190981637870923;2.3510802562992272;3.8477678847124896;0.0005064942869160741;False;False;True
2024-03-14;0.0017398028223468006;0.009771986970684038;1516.7857142857142;0.8492063492063492;-0.007677002885817747;1.0;6.123233995736766e-17;0.29936312297335804;-0.9541392564000488;0.43388373911755823;-0.900968867902419;-1.0;0.00023157082207641837;0.001080663836356619;0.003975299112311849;1.0976316814858476;3.023270286718264;-0.0005245755023239539;-1.0;0.001393134940598274;0.00077396385588793;0.0024379861460469797;1.3748427711640008;3.6382635870892135;-0.0004731060703809669;-1.0;0.0018967252458001083;0.0007354648912286135;0.0033676550282573355;1.9877021807390551;3.627285025419476;-0.0008263929240106257;-1.0;0.0008909548711989153;0.0005423203563819485;0.004609723029246562;2.2726158388702236;3.8124801056087048;-0.001653734720225244;True;False;False
2024-03-15;-0.0005426356589147286;0.010111925897336935;1494.642857142857;0.5038167938931297;-0.012085535477914062;1.0;6.123233995736766e-17;0.10116832198743272;-0.994869323391895;-0.433883739117558;-0.9009688679024191;-1.0;0.0006980532071666796;0.001357325680601877;0.0031412394322500583;1.1685420830958178;2.974823364879274;0.0006901847106832092;-1.0;0.0012423324792297538;0.00011646866992778943;0.0015917384890131222;1.046192279113782;3.569639039856982;0.00020278899589243162;-1.0;0.002329916123019571;0.0003494874184529357;0.0039608574091332715;1.9649209160581325;3.928878235393816;-0.0006955514945716239;-1.0;0.00046658112679342123;0.0009331622535868425;0.0034604766903845404;2.226111685617114;3.959881914362753;-0.0014329376520602394;False;False;True
2024-03-18;0.005569064240332575;0.012409834794074304;1542.857142857143;0.4625;-0.01642048407916971;1.0;6.123233995736766e-17;-0.4853019625310808;-0.8743466161445822;0.0;1.0;1.0;0.002730109204368175;0.000390015600624025;0.0032761310452418097;1.264993824892169;3.3631100914969547;0.00047227854902169727;1.0;0.0002729576915578085;0.0010138428543575745;0.0016377461493468513;0.792908087465164;3.6063237165159383;0.0014769193454778045;1.0;0.0012474174560480255;0.0007016723190270144;0.003157525435621565;1.542885174407637;3.6952377848618796;0.0032532142795340794;-1.0;0.001284896624226142;0.00015574504536074445;0.006268738075769964;2.5245669777161392;3.802587930831667;0.0020779807938930478;False;False;True
2024-03-19;0.0003129768005946559;0.010218408736349454;1471.0714285714287;0.4389312977099237;-0.017927273076442967;1.0;6.123233995736766e-17;-0.651372482722222;-0.7587581226927911;0.7818314824680298;0.6234898018587336;-1.0;0.0011732957878681216;0.0018381634009933905;0.00308967890805272;1.176903965304169;3.1628193926858406;0.00013037639665718713;1.0;0.00011733875699143427;0.0;0.003363711033754449;1.30244855908786;3.8235988473689693;0.0007710634611219532;1.0;0.0005847953216374269;0.00046783625730994154;0.0019883040935672514;1.6699465390416468;3.796860113621661;0.001666190612206049;-1.0;0.001168542827094613;0.0010906399719549723;0.0029992599228761733;2.4892381883242067;3.9179366754512928;0.0024167771107819445;True;False;False
2024-03-20;-0.0009721196095967648;0.010755211388791115;1429.642857142857;0.6254545454545455;-0.011880357987608121;1.0;6.123233995736766e-17;-0.7907757369376986;-0.6121059825476627;0.9749279121818236;-0.22252093395631434;1.0;0.00015569048731122528;0.0022575120660127666;0.0033084228553635375;1.3901561938251776;3.2874808715746955;-0.0007172640266165194;1.0;0.00042776589539179465;0.000699980556095664;0.0013221854948473654;0.9525712132256346;3.510674092122056;-0.00019440124416796267;-1.0;0.002682841479062172;0.00019440880283059218;0.0036160037326490144;2.1060219443604784;3.726542613288322;-4.3233895374023525e-05;1.0;0.0004669260700389105;0.0005447470817120623;0.0032295719844357977;2.18597061752931;3.7668995968598407;0.00041412690401311086;False;False;True
2024-03-21;-0.0005751313216517771;0.019344543048419743;1464.2857142857142;0.869215291750503;0.0032137015298758778;1.0;6.123233995736766e-17;-0.8978045395707417;-0.44039415155763423;0.43388373911755823;-0.900968867902419;-1.0;0.0013811094912913374;0.00011509245760761145;0.0031458605079413794;1.0131188404253113;3.181017295286932;0.002382507781577835;-1.0;0.00046113053836990353;0.0005379856280982208;0.0013065365253813934;0.5822199394212254;3.7496826198014652;0.000871292203216056;-1.0;0.0020756457564575647;0.0004996924969249692;0.0035747232472324725;1.9532005688022585;3.901354502053958;-0.0006968492155101768;-1.0;7.695267410542516e-05;0.00019238168526356292;0.004040015390534821;1.768871676286874;4.2299415147516415;-0.001974011706747737;False;False;True
2024-03-22;-0.00038794273965162744;0.012890355252052482;1506.7857142857142;0.002976190476190476;-0.007082633290688534;1.0;6.123233995736766e-17;-0.9680771188662041;-0.2506525322587213;-0.433883739117558;-0.9009688679024191;-1.0;0.00019404664881437497;0.0017852291690922497;0.0045406915822563745;1.498219204121236;3.180496164087422;-0.0018762780523023188;-1.0;0.0007392420823282235;0.0003501673021554743;0.0012839467745700724;0.6914877074923896;3.5288193388094515;-0.0023738179554033544;-1.0;0.0020625778331257783;0.0002724159402241594;0.004047322540473225;1.818964913148601;3.585281750174807;-0.0032745984718540464;1.0;0.0008186815328837082;0.0006237573583875873;0.0025729991033487973;2.1310199278396493;3.7053125174910706;-0.0028080650744201517;False;False;True
2024-03-25;0.0008617988091507364;0.009585904451430123;1515.7142857142858;0.10121457489878542;-0.013972263869512447;1.0;6.123233995736766e-17;-0.9377521321470804;0.3473052528448203;0.0;1.0;-1.0;3.913894324853229e-05;0.0023874755381604698;0.0036007827788649706;1.2846980856442802;3.0245097742997853;-0.0006530825496342357;1.0;0.0008621027469728437;0.000313491907990125;0.0019201379364395157;0.7544383837057086;3.281651652994166;-0.0008223040175424857;-1.0;0.0018012373717597307;0.00027410133918082856;0.0036024747435194613;2.027852733386987;3.5313558580244213;-0.0009107110954242087;1.0;0.0011372995019412527;0.00015686889681948313;0.0032550296090042745;1.91076899317072;3.5050159262743854;-0.00039575369333877663;False;False;True
2024-03-26;0.0006663269705640261;0.0052054794520547945;1473.9285714285713;0.5338345864661654;-0.013327613493411557;1.0;6.123233995736766e-17;-0.848644257494751;0.5289640103269624;0.7818314824680298;0.6234898018587336;-1.0;3.916960438699569e-05;0.00035252643948296123;0.0035252643948296123;1.3662525460533737;3.228283772658136;-0.0007072691552062868;-1.0;0.00019646365422396856;0.000825147347740668;0.0013359528487229863;0.9834502904883624;3.413836701533462;-0.0014717571120369387;1.0;0.0002751356025469696;0.0003144406886251081;0.002987186541938527;2.189623600291288;3.6409665381620675;-0.0015335886409878212;1.0;3.921107320707368e-05;0.0014115986354546525;0.002470297612045642;1.8750953526134757;3.4191583370471763;-0.0004265301770099728;False;True;False
2024-03-27;0.0012927488541544247;0.00654132393262828;1460.357142857143;0.8323353293413174;-0.009971937584850557;1.0;6.123233995736766e-17;-0.72479278722912;0.6889669190756865;0.9749279121818236;-0.22252093395631434;-1.0;0.00031298904538341156;0.0008998435054773083;0.003990610328638498;1.2844118520164505;3.166846922591864;-0.0009023500333477186;-1.0;0.0004707913217466358;0.0004315587116010828;0.0010592804739299306;0.7520275803179579;3.559582418886055;-0.0011204848167766645;-1.0;0.0;0.0004316095111041356;0.0020010986423919016;2.0272121418072957;3.772081326456673;-0.0016156217523818869;1.0;0.001493358484634127;0.0008645759647881788;0.0025151300793837933;2.056084648377831;3.7652511814005565;-0.0016633922724295243;False;True;False
2024-03-28;-0.0005858459615685049;0.012910798122065728;1489.2857142857142;0.6757575757575758;-0.007385742104160687;1.0;6.123233995736766e-17;-0.5712682150947924;0.8207634412072763;0.43388373911755823;-0.900968867902419;-1.0;0.0008206651295478526;0.0009769822970807768;0.0018367267185118606;1.0038221479296856;3.0459689278179143;-0.00020843103538109242;1.0;0.0009770586626021026;0.0007034822370735139;0.001915034978700121;1.2192320499101426;3.7034197340658648;-0.0011200979434480404;-1.0;0.0016801469151721173;0.0007814636814754034;0.0025397569647950613;1.8942631851389387;3.7983705241006054;-0.0012070215657414914;1.0;0.00042982181931853705;0.0002735229759299781;0.005196936542669584;2.2911159462004385;3.939434737080842;-4.322212281127686e-05;True;False;False
2024-04-01;0.0011651390399254312;0.009379030051975459;1390.357142857143;0.8958333333333334;0.0007453763374070221;0.8660254037844387;-0.4999999999999998;0.20791169081775931;0.9781476007338057;0.0;1.0;-1.0;0.0013965396850027156;0.0005043059973620917;0.002560322755838312;1.2607090864011539;3.218916563177341;0.0002932943424384225;1.0;0.0001164551065564225;0.000232910213112845;0.0015915531229377742;0.7135560465086003;3.442195202103188;0.0005341673236063312;1.0;0.0012018298829185082;0.00104675505931612;0.003295340001550748;1.866311970072342;3.807085347184418;0.0011231168428798264;-1.0;0.0003872516748634938;0.001432831196994927;0.0060798512953568525;2.3535323794704466;3.9534928664260627;0.0005747200940294054;False;False;True
2024-04-02;0.001176470588235294;0.015167972689890605;1453.5714285714287;0.17647058823529413;-0.007726749790118466;0.8660254037844387;-0.4999999999999998;0.40673664307580015;0.9135454576426009;0.7818314824680298;0.6234898018587336;-1.0;0.001645123384253819;0.001018409714061888;0.0040344692518605564;1.5296945136526459;3.400621026655118;2.179076507378711e-05;-1.0;0.00011767013139831339;0.0017258285938419298;0.0028240831535595217;1.672140258799561;3.7971048628490114;-0.00019194695284207284;1.0;0.00027483313702394974;0.001177856301531213;0.0028661170003926187;2.0816192105425273;3.903788967310354;-8.712546938845365e-05;1.0;0.0009017839639286414;0.0009801999607920015;0.002430895902764164;2.2153074411342852;4.0220872583044125;3.483243422118836e-05;False;False;True
2024-04-03;-0.0013697557921102067;0.008421464943204074;1404.2857142857142;0.46511627906976744;-0.007439246156389486;0.8660254037844387;-0.4999999999999998;0.5877852522924731;0.8090169943749475;0.9749279121818236;-0.22252093395631434;1.0;0.0007446016381236039;0.0012540659168397538;0.0030959752321981426;1.441049606434739;3.4966245421183815;-0.00035231943628890195;-1.0;0.00031317283225680174;0.0007046388725778039;0.0014092777451556078;1.0774917784626696;3.5352251991833934;-0.0011835606901203016;-1.0;0.002036420599177599;0.0005482670843939691;0.003563736048560799;2.4259060285820944;3.7982081946842134;-0.0015375234112983889;-1.0;0.001254360863941045;0.0006271804319705225;0.007408568852651797;2.767309775614354;4.091299228398567;-0.002973766040380241;False;True;False
2024-04-04;0.0018009552893273823;0.012697417408002508;1430.0;0.8333333333333334;-0.003887051660609977;0.8660254037844387;-0.4999999999999998;0.7431448254773941;0.6691306063588582;0.43388373911755823;-0.900968867902419;1.0;0.00027356573393778335;0.001563232765358762;0.0028528997967797406;1.2224264815962957;3.250653555741338;0.0002168952742857891;1.0;7.807925043919578e-05;0.0012883076322467305;0.0018739020105406987;1.0929049337943209;3.635039799255435;0.0013266739503667864;1.0;0.00023410979749502515;0.00011705489874751258;0.00799875141441336;2.6743590904267016;4.260861709755918;0.003872216844143272;1.0;0.0009680167273290483;0.0011228994037016959;0.0044915976148067836;2.3615016435250684;4.306047858334295;0.005952994094217877;False;True;False
2024-04-05;0.0017624941250195833;0.020009379396592152;1519.2857142857142;0.12890625;-0.003304522675728125;0.8660254037844387;-0.4999999999999998;0.8660254037844386;0.5000000000000001;-0.433883739117558;-0.9009688679024191;1.0;0.0007037572819329867;0.0009774406693513703;0.00422254369159792;1.151824487882694;3.2944526732648725;-0.002062588288311774;-1.0;0.001521001521001521;0.002574002574002574;0.00624000624000624;1.986171254537055;3.0942072671275516;-0.00060362872056776;-1.0;0.00019542700801250732;0.0015634160641000586;0.004025796365057651;1.8018177313991826;3.428610717218431;0.0001915183487635678;-1.0;0.0003917267314321529;0.0022328423691632716;0.004269821372610467;1.9929159421764016;3.897453646961927;-0.0010594051636192419;False;False;True
2024-04-08;0.0013760566149007274;0.013019509715760253;1523.9285714285713;0.36936936936936937;-0.006502396954366201;0.8660254037844387;-0.4999999999999998;0.9945218953682734;-0.10452846326765333;0.0;1.0;-1.0;0.0009422850412249705;0.0017275225755791126;0.0035335689045936395;0.866851752444575;2.9168186621258725;0.0006942261343392682;1.0;0.0;0.00035366237032379754;0.002750707324740648;0.6566492319007328;3.2375196875663454;0.0013938435671941747;1.0;0.001528932099733417;0.0010976948408342481;0.0029794574251215305;1.4450641480097104;3.518872705160132;0.001946414808428444;1.0;0.001645961515852177;7.837911980248461e-05;0.008739271857977035;2.116002005076013;3.9115373994498657;0.0039651653521516035;True;False;False
2024-04-09;0.0027909140243429723;0.019984295249312917;1612.142857142857;0.9155206286836935;0.008830680619493011;0.8660254037844387;-0.4999999999999998;0.9510565162951536;-0.30901699437494734;0.7818314824680298;0.6234898018587336;1.0;0.0007344414379590259;0.0008890606880556629;0.004058755315036722;1.3478396745844927;3.074409187256794;0.0006169745112405044;1.0;0.0007326572320980989;7.712181390506305e-05;0.0019280453476265762;1.039892045354317;3.544308828524147;0.0012882075512072953;1.0;3.8517833757029506e-05;0.0018103381865803867;0.0024266235266928587;1.4320752831769143;3.774903057306961;0.0028700602669883436;-1.0;0.0020402663894984025;0.0014628325056781;0.003811063633213997;2.2011067597225393;3.8754424849599585;0.002592835046914949;False;True;False
2024-04-10;0.002456248081056187;0.00889060688055663;1613.5714285714287;1.1869565217391305;0.017500462588744;0.8660254037844387;-0.4999999999999998;0.8660254037844387;-0.4999999999999998;0.9749279121818236;-0.22252093395631434;1.0;0.0012633996937212863;0.0;0.005972434915773353;1.5318571288602612;3.0586238683053373;0.002612336834796182;-1.0;0.000609686392561826;0.003658118355370956;0.014251419426132683;2.8368715993142417;3.1576331286775963;0.0018731637222073286;-1.0;3.8488184127472866e-05;3.8488184127472866e-05;0.006427526749287969;2.3044011395774437;3.630856897430007;-0.00047341760166641744;1.0;0.0015105740181268882;0.0005035246727089627;0.003989464714540244;2.0408847292883614;3.624069574395567;-0.004832038347056322;False;False;True
2024-04-11;-0.0029222676797194622;0.026531393568147012;1683.5714285714287;0.010101010101010102;-0.0029203251905809283;0.8660254037844387;-0.4999999999999998;0.7431448254773945;-0.6691306063588579;0.43388373911755823;-0.900968867902419;-1.0;0.0029308323563892145;0.0009378663540445487;0.007229386479093396;1.3159432023397613;3.2246241630102777;-0.0008974627073748272;1.0;0.0018037093675253892;0.001450809708661726;0.00682272673803082;1.7057651827090248;3.490260718093982;-0.0013371189428077635;-1.0;0.00121122138001094;0.00121122138001094;0.003672735797452528;1.2497953821781473;3.510282207644807;-0.0022646463065835068;-1.0;0.001095333098619098;0.0007041427062551344;0.0031686421781481045;1.6176732585070372;3.632985481529974;-0.0015973745603955697;False;False;True
2024-04-12;0.0024325172630257374;0.009105119187182494;1646.7857142857142;0.5064377682403434;-0.0037471584373452494;0.8660254037844387;-0.4999999999999998;0.5877852522924732;-0.8090169943749473;-0.433883739117558;-0.9009688679024191;-1.0;0.000939334637964775;0.00019569471624266145;0.0027788649706457927;1.015214720379166;3.13571998373025;-0.0005532033523252472;1.0;0.0007840984827694359;0.0009801231034617947;0.002273885600031364;1.3442150410787523;3.2796066926089145;-0.00023510971786833856;1.0;0.0007837297699753125;0.0028606136604098905;0.004310513734864219;2.0672537948819825;3.7482390361788327;0.0005351921470343283;-1.0;0.0006657268170426065;0.0013706140350877192;0.0030545112781954886;1.5531733809306205;3.505794553948017;0.000492181715231525;False;False;True
2024-04-15;0.004723346828609987;0.016790606653620352;1710.0;0.3916083916083916;-0.01182082933189672;0.8660254037844387;-0.4999999999999998;5.66553889764798e-16;-1.0;0.0;1.0;-1.0;0.0017382372693872713;0.0003950539248607435;0.005214711808161814;1.0799529927078098;3.2739714683390293;0.00029500473328498945;-1.0;0.00031702001188825047;0.0008321775312066575;0.0022983950861898157;1.3484795117353727;3.369128802093173;0.00040995530164767883;-1.0;0.0008728426899424717;0.002023408053957548;0.003888117437016465;1.7712893954857558;3.5709397311903697;0.0003927279145705955;1.0;0.0007148530579825258;0.0019062748212867356;0.005321683876092137;2.111151479802755;3.7695966579052227;0.00020683706520207142;False;False;True
2024-04-16;0.0;0.013510844230237427;1784.642857142857;0.06140350877192982;-0.02175229655331403;0.8660254037844387;-0.4999999999999998;-0.20791169081775907;-0.9781476007338057;0.7818314824680298;0.6234898018587336;-1.0;7.988496564946476e-05;0.0002795973797731267;0.00818820897907014;1.5807482192689342;3.3490883231892683;-0.002728573984612645;1.0;0.0020531400966183576;0.00016103059581320451;0.002536231884057971;1.042299391134512;3.637621994003955;-0.004422444015167723;1.0;0.0006036946110194389;0.0008854187628285104;0.0019720690626635006;1.430039114459312;3.64580099973153;-0.005868654768449559;-1.0;0.0011263073209975866;0.0030571198712791635;0.005510860820595334;2.328624273363165;3.915199689674783;-0.004918480328316446;True;False;False
2024-04-17;0.02156997137443051;0.011583320019172392;1828.5714285714287;2.024137931034483;-0.008483729084164228;0.8660254037844387;-0.4999999999999998;-0.4067366430758002;-0.9135454576426009;0.9749279121818236;-0.22252093395631434;-1.0;0.003828242165916805;0.0015391901491830452;0.005446365143263083;1.0700414472347533;3.0983013583026353;0.0018813809072729952;1.0;0.0011840858856962426;0.0012235554152194505;0.0026049889485317335;0.8441596597179989;3.2743856234399145;0.006568187697582724;1.0;0.0022492305263988634;0.0007497435087996212;0.0035119564359561203;1.3081178981858592;3.497180599268837;0.011862661320361984;-1.0;0.0004732794320646815;0.0010648787221455335;0.006586472096233484;2.075708586454958;3.6584881942484295;0.009372673898776858;False;False;True
2024-04-18;0.003494004605733344;0.01495777093693267;1936.4285714285713;0.575197889182058;-0.00995955461106813;0.8660254037844387;-0.4999999999999998;-0.587785252292473;-0.8090169943749476;0.43388373911755823;-0.900968867902419;-1.0;7.913270554720265e-05;0.0006330616443776212;0.007240642557569043;1.2290001813284062;3.230327680147341;-0.0005796947530986217;1.0;3.982794328500876e-05;0.0015931177314003505;0.006651266528596463;1.423027430813125;3.52615827791039;0.0005107747043231555;1.0;0.002258857097566775;0.0007133232939684552;0.004200681620036458;1.7894348619261191;3.7268792215248534;0.001059876421048015;1.0;0.0005541043299295496;0.002533048365392227;0.0050265178500752;2.0303101989634733;3.6334987300390207;0.0030328966137775273;False;True;False
2024-04-19;-0.003615702479338843;0.014481285115138087;1981.4285714285713;0.21584699453551912;-0.01591674318947046;0.8660254037844387;-0.4999999999999998;-0.743144825477394;-0.6691306063588585;-0.433883739117558;-0.9009688679024191;1.0;0.00043864896119950555;0.000279140248036049;0.00693862902261036;1.2903226387709257;3.1096365311961707;0.0019507082876479966;-1.0;0.0006340651501941825;0.00011888721566140921;0.0026947768883252756;1.0232549876849195;3.501198614933854;0.0018794255840116857;1.0;0.0;0.0008338296605122096;0.003097081596188207;1.541288190853356;3.726130013119891;0.002222926515771825;1.0;0.0008319797155421734;0.0005546531436947823;0.005546531436947823;1.9063501010403696;3.754789701642591;0.0025294370358679673;False;True;False
2024-04-22;0.0039037854889589904;0.014515292897874546;1971.7857142857142;1.0686813186813187;-0.0001080051449723605;0.8660254037844387;-0.4999999999999998;-0.9945218953682733;-0.10452846326765423;0.0;1.0;-1.0;0.0001571153619545151;0.003967162889351506;0.00577398955182843;1.4374847752455555;3.1826480698973394;0.0008917915830611676;-1.0;0.00043276418286253835;0.00015736879376819577;0.002163820914312692;0.9132200965469685;3.4105435575340444;0.0012390434409505792;-1.0;0.0006698715422807156;0.0007880841673890772;0.004413271337378832;1.7837249858930702;3.6668104046042367;0.0004654696193249062;-1.0;0.00031618053908781914;0.0019366058019128923;0.0033594182278080783;1.7851396084317277;3.8501009928337826;-0.0012045756288851703;True;False;False
2024-04-23;-0.002826078423676257;0.012019325189520405;2004.2857142857142;0.5882352941176471;-0.0021288964303670184;0.8660254037844387;-0.4999999999999998;-0.9945218953682734;0.10452846326765299;0.7818314824680298;0.6234898018587336;-1.0;0.00011808699074985239;0.0007085219444991144;0.0054713639047431605;1.4456022086871194;3.1400790393002334;-0.0011907743548506939;-1.0;7.909515146721506e-05;0.001186427272008226;0.002135569089614807;1.0386940563631106;3.432401971063116;-0.002515656885511249;-1.0;0.0;0.0018998614684345933;0.003206016227983376;1.94775905342176;3.7552429755773526;-0.004782287042908438;1.0;0.0006341656757827982;0.0030915576694411414;0.004676971858898137;2.9775229174168056;3.7181917171741645;-0.004280949992520488;False;False;True
2024-04-24;0.003713360195939006;0.013186380633733516;2008.2142857142858;0.764179104477612;-0.0016208729137400905;0.8660254037844387;-0.4999999999999998;-0.9510565162951536;0.30901699437494723;0.9749279121818236;-0.22252093395631434;1.0;0.0014955919395465995;0.0008265113350125944;0.002873110831234257;1.0955238247535344;2.8972506157821796;-0.0008129441690924635;-1.0;0.0006686858356606223;3.9334460921213075e-05;0.0038547771702788815;1.286824173851829;3.306668453388411;-0.00036828052453672825;-1.0;0.001775638243301898;0.00047350353154717277;0.0027226453063962435;1.61977122893226;3.4786553237148166;0.00023247755275711602;-1.0;0.0006711144447514903;0.0008685010461489874;0.002881844380403458;2.0372308457065507;3.5223521178166;-0.0007642539958625254;False;True;False
2024-04-25;-0.002376896565384463;0.010193639798488665;1917.857142857143;-0.0694980694980695;-0.009909553942296163;0.8660254037844387;-0.4999999999999998;-0.8660254037844386;0.5000000000000001;0.43388373911755823;-0.900968867902419;1.0;0.0012706984870746137;0.0012706984870746137;0.009450819997617441;1.6072664758645887;3.223313274981765;7.887368379540166e-05;-1.0;0.003707063138383878;0.0006309894703632133;0.010924005205663131;2.135807954093001;3.2833668116442927;-0.0002558334436063437;-1.0;0.00015879317189360857;0.001071853910281858;0.0054783644303294955;1.898363826496651;3.578220249070364;-0.0014352350197344816;-1.0;0.0008371870515069367;0.0017541062031573912;0.0038670068569606124;2.222484840656265;3.6615269056485893;-0.004497312257171711;True;False;False
2024-04-26;0.0068313607117324645;0.017591232180439186;1957.142857142857;0.7720090293453724;-0.0025084845801977276;0.8660254037844387;-0.4999999999999998;-0.743144825477394;0.6691306063588585;-0.433883739117558;-0.9009688679024191;-1.0;0.0033136094674556214;0.0007100591715976331;0.007258382642998028;1.2993851854316825;2.834058143101691;0.0005276766397550813;1.0;0.00011872724394491055;3.9575747981636853e-05;0.0053031502295393385;1.9254902877333315;3.176136999315884;0.002454261490406107;1.0;0.0005905976848570753;0.002047405307504528;0.003976691078037641;1.7473346011680886;3.2344915415782833;0.0046747754360210595;1.0;0.0016515276630883566;0.00031457669773111556;0.006330856041838701;1.9012885246656757;3.5953446950750876;0.006660054463672085;False;True;False
2024-04-29;-7.8125e-05;0.015779092702169626;1943.9285714285713;0.87;0.007543389743115402;0.8660254037844387;-0.4999999999999998;-0.20791169081775898;0.9781476007338057;0.0;1.0;-1.0;0.0011329010078912414;0.0011719665598874912;0.003242440815688726;1.2854667875402233;3.1345809505608395;-0.0004084008932683115;-1.0;0.00136857746148432;0.0003910221318526629;0.0017987018065222491;1.0257407990169938;3.4119138452706985;-0.0004735897669850817;1.0;0.0015641496891252492;0.00015641496891252493;0.0023853282759160052;1.7478385648023758;3.5792414420397614;-0.00045590725543828437;1.0;0.0011723787564969323;0.0005861893782484662;0.003907929188323107;2.1107595833807244;3.6639910296871783;0.0004159517495971224;True;False;False
2024-04-30;-0.002875126272437641;0.008242831471208687;1919.642857142857;0.5687203791469194;0.009668250174579288;0.8660254037844387;-0.4999999999999998;-1.133107779529596e-15;1.0;0.7818314824680298;0.6234898018587336;1.0;0.001441708229426434;0.0009741271820448878;0.0033120324189526186;1.4783749014129848;3.3149823966618857;0.00012544174960960402;-1.0;3.8930198154708606e-05;0.0021411608985089734;0.003581578230233192;1.8864245338014822;3.5007714920703825;-0.0006107624134211413;-1.0;0.0009746588693957114;0.00023391812865497077;0.0032748538011695906;2.1618458257004587;3.8653639511282685;-0.001892582898169465;-1.0;0.001562683126928937;0.00039067078173223425;0.0028909637848185334;2.1414855609555996;3.6775318881923824;-0.0027980899994351936;False;False;True
2024-05-02;0.006478209658421673;0.011728491271820449;1784.642857142857;0.7043189368770764;0.00869004078436619;0.49999999999999994;-0.8660254037844387;0.39435585511331855;0.9189578116202306;0.43388373911755823;-0.900968867902419;1.0;0.0008191925102399064;0.0005851375073142189;0.004486054222742344;1.39889684953816;3.096499437878433;0.002445706186858929;1.0;0.0006611441683195271;0.0003889083343056042;0.0017500875043752187;0.9187687391862741;3.544616313063609;0.004499544431921732;0.0;0.0013990905911157748;0.0006218180404958999;0.0020209086316116745;1.8053073612917765;3.7217768534111455;0.006697498477841293;-1.0;0.0006218422075398367;0.0006995724834823163;0.003925378935095219;2.4145551966167726;3.8073028430915854;0.005156580810245657;False;True;False
2024-05-03;0.001403289935292742;0.00901111761263897;1821.7857142857142;0.4935064935064935;0.010631497162639286;0.49999999999999994;-0.8660254037844387;0.5712682150947923;0.8207634412072763;-0.433883739117558;-0.9009688679024191;-1.0;0.0013234721681588167;0.0003114052160373686;0.0056442195406773065;1.2564337245573263;3.3078956124922754;-0.0020713643647164576;1.0;0.0005082294069353767;0.00039094569764259746;0.017827123812502444;3.2015329900891247;3.3151756730839805;0.0007603328378355414;-1.0;0.0019991542039906195;0.0010764676483026412;0.004036753681134904;1.806515466647048;3.6158471767488805;0.0038097437081505425;-1.0;0.0016547371661663974;0.000500269375817748;0.003886708227507119;1.7850762989955336;3.5687005052182577;0.007679820447254227;True;False;False
2024-05-06;0.001843671980026887;0.019229272090307514;1845.0;1.040485829959514;0.025077716949172525;0.49999999999999994;-0.8660254037844387;0.9377521321470804;0.3473052528448203;0.0;1.0;-1.0;0.0005367480734578077;0.000306713184833033;0.007169420695472147;1.4452203100493866;3.1044727208988627;-6.430537335707257e-05;-1.0;0.00034724901612778763;0.0005015819121845822;0.000925997376340767;0.6977041755101477;3.562942572033975;-0.0010804136440808766;1.0;0.0005016399768473857;0.0007331661200077176;0.003009839861084314;1.7955931315839548;3.5874737019952923;-0.001917406023565275;1.0;0.00015407133502811802;0.0005007318388413835;0.004506586549572452;2.0714352086883485;3.794994357718579;-0.0003879637445749522;False;True;False
2024-05-07;0.0;0.007706168768929955;1794.642857142857;0.1890547263681592;0.0182235074018889;0.49999999999999994;-0.8660254037844387;0.9884683243281114;0.1514277775045767;0.7818314824680298;0.6234898018587336;1.0;0.0022364463638466876;0.0005398318809285109;0.003470347805968998;1.603785990915499;3.3300254227641246;-0.0002483216879024275;1.0;0.00015413070283600493;0.00038532675709001234;0.004546855733662146;1.3543613491093711;3.662128664431369;0.0005373042677310408;1.0;0.0003454231433506045;0.00026866244482824794;0.002379581654193053;1.8642563881262975;3.838360366222057;0.002162539536586595;-1.0;0.0011493372155390391;0.0004214236456976477;0.00264347559573979;2.130516009063471;3.8209929160787715;0.0032642138187893074;True;False;False
2024-05-08;-0.003490468336465805;0.010603840518238606;1789.2857142857142;0.21818181818181817;0.019483195008534935;0.49999999999999994;-0.8660254037844387;0.9987165071710528;-0.05064916883871264;0.9749279121818236;-0.22252093395631434;-1.0;0.001077752117013087;0.0006928406466512702;0.004272517321016166;1.7604911044664069;3.3288771217362583;-0.0016849958196668222;-1.0;0.00011575860472295107;0.0005016206204661213;0.0026238617070535575;1.2781761459778902;3.555663402633377;-0.0033809327422070754;1.0;0.00011598685482312004;0.0013531799729364006;0.002319737096462401;1.7824202503227833;3.710391613210178;-0.0047685882660967556;1.0;3.8629427898172826e-05;0.00019314713949086413;0.006103449607911307;2.9479536868131797;4.0967820946389235;-0.0030168422579805753;False;False;True
2024-05-09;-0.010120297880465916;0.018206312548113935;1732.5;0.19027484143763213;0.016871355181159634;0.49999999999999994;-0.8660254037844387;0.9680771188662043;-0.2506525322587204;0.43388373911755823;-0.900968867902419;-1.0;0.00019290123456790122;0.000462962962962963;0.0038580246913580245;2.166023018193065;3.2977613503261787;-0.0011267217986264816;1.0;0.0018577289263874914;0.0008901617772273396;0.002825296075547643;1.669491117343887;3.4726142805138074;-0.003818369453044338;-1.0;0.0002708873495607755;0.000232189156766379;0.005379048798421114;2.4515266341140194;3.7670523621131022;-0.008378162334996843;-1.0;0.00174995139023916;0.00019443904335990667;0.0027221466070386936;2.0877957682921213;3.7021797997351173;-0.00851008626840497;True;False;False
2024-05-10;-0.0003856536829926726;0.009915123456790123;1783.2142857142858;0.9455252918287937;0.016343047147024687;0.49999999999999994;-0.8660254037844387;0.8978045395707416;-0.4403941515576344;-0.433883739117558;-0.9009688679024191;1.0;0.0004243827160493827;0.0022376543209876544;0.004629629629629629;1.737777409778454;3.137182863353982;0.0015572925356914943;-1.0;7.700897154518502e-05;7.700897154518502e-05;0.0040814754918948055;1.284986385314086;3.4843130655286108;0.0009878833953982065;1.0;0.0006571826194526055;0.0;0.005102829751043761;2.0037268082406485;3.627683402702743;0.0012871663951215717;-1.0;0.0008467074625716815;0.0008082207597275141;0.005657545318092599;2.163858081785168;3.6429660982802585;0.00015456547780053325;False;False;True
2024-05-13;0.004194826380797017;0.011574074074074073;1760.357142857143;0.49666666666666665;0.013242619365812173;0.49999999999999994;-0.8660254037844387;0.48530196253108104;-0.8743466161445821;0.0;1.0;-1.0;0.0005028235476135221;0.000889610891931616;0.005298986617157887;1.5194290074480874;3.3996457074862385;-0.00025455502487307116;1.0;0.0003883193538365952;0.0006213109661385523;0.002213420316868593;1.0665959580233724;3.411461928856993;0.00021547358940205918;1.0;0.001279913121048753;7.757049218477291e-05;0.0026761819803746653;1.5101301525124031;3.5149771709306235;0.0009640503888480654;1.0;0.00023241400681747753;0.00011620700340873877;0.004919429810969941;2.0333622001743366;3.6287629281778035;0.0025663436244140235;False;False;True
2024-05-14;-0.004524361948955917;0.00827724916840721;1727.5;0.06074766355140187;0.007577477357589611;0.49999999999999994;-0.8660254037844387;0.29936312297335804;-0.9541392564000488;0.7818314824680298;0.6234898018587336;1.0;0.0008157557394243095;0.0007769102280231519;0.004428388299731966;1.5763489930709929;3.1953719176946334;2.5823778535237702e-05;-1.0;0.0020143327522758087;0.003873716831299632;0.006391632771644393;2.6788459747171998;3.4346832601632067;-0.000727764428252775;1.0;0.0013177783806829194;0.0014340529436843532;0.002829347699701562;2.013888928174287;3.5175251704965347;-0.0012961455816937488;1.0;0.0004263070185637329;0.0008138588536216719;0.004883153121730032;2.323332349989423;3.6910567481263783;-0.000467664637259621;True;False;False
2024-05-15;-0.01160057039349443;0.01130404381773686;1711.7857142857142;-0.19243986254295534;0.0019945340780114828;0.49999999999999994;-0.8660254037844387;0.10116832198743272;-0.994869323391895;0.9749279121818236;-0.22252093395631434;-1.0;0.007174608126023552;0.0021055915152460424;0.012009670123995946;2.176844295316673;3.316648272349096;-0.001963646474125035;1.0;0.005747351135786058;7.819525354810962e-05;0.00844508738319584;2.051047261869598;3.3496300743801326;-0.004605799060642236;1.0;0.001442832631414756;0.0015208235844642022;0.004640461706442053;1.8818974727046371;3.5514854797698177;-0.007111249529593515;-1.0;0.000350385423966363;0.002530561395312622;0.004165693373822316;2.561451579417258;3.8586047708941136;-0.005093621278862734;False;True;False
2024-05-16;-0.00030957356241776953;0.013179443188021524;1771.0714285714287;0.9230769230769231;0.00729522866311328;0.49999999999999994;-0.8660254037844387;-0.10116832198743204;-0.9948693233918952;0.43388373911755823;-0.900968867902419;1.0;0.000309669427885732;0.0007741735697143299;0.006425640628628939;1.4967448464496167;3.2615624876837583;0.0021433338467066725;-1.0;0.0010395810873248114;0.00046203603881102723;0.0019636531649468657;1.1809959359624698;3.4888398478402056;0.0031715459681560627;-1.0;0.000847457627118644;0.00011556240369799692;0.003852080123266564;1.8430097601127724;3.6255910706099352;0.0032494151481982773;-1.0;0.0001159017153453871;0.00015453562046051616;0.005176943285427291;2.1882404926928265;4.020039403762981;0.0007592326573574641;True;False;False
2024-05-17;0.0018976801827969483;0.010025547727800573;1705.357142857143;0.5019305019305019;0.007451715724931023;0.49999999999999994;-0.8660254037844387;-0.2993631229733582;-0.9541392564000488;-0.433883739117558;-0.9009688679024191;-1.0;0.00019327406262079628;7.730962504831851e-05;0.004445303440278315;1.2914110508367453;3.295351512481037;-0.0009014137963753551;-1.0;0.0023679204999805907;0.00038818368852140835;0.002950196032762703;1.477945559087985;3.5631794752933126;-0.001643629963244848;1.0;0.0021354247553968006;0.0005435626650100948;0.004270849510793601;2.051837645181905;3.632540563165605;-0.0018046887450306702;-1.0;0.0002713599007598077;0.0010854396030392309;0.004613118312916731;2.1096500169938985;3.76766551226103;-0.0018063334024752565;True;False;False
2024-05-20;0.0011609907120743034;0.007383069192114418;1605.0;0.9738219895287958;0.006135207926183045;0.49999999999999994;-0.8660254037844387;-0.7907757369376986;-0.6121059825476627;0.0;1.0;-1.0;0.00015461925009663702;0.0007344414379590259;0.006571318129107074;1.7859213860710192;3.458412219116367;-0.0003498814290712592;-1.0;0.0010496442872137775;0.0010107685728725265;0.0024880457178400655;1.6633820335138776;3.6696439466041926;-0.0014001244555071563;-1.0;0.0023335407591785935;0.0010500933416303672;0.004550404480398258;2.4197963708092667;3.678549882978878;-0.0030025352819528233;-1.0;0.001284896624226142;0.0019078768056691197;0.0032317096912354475;2.1574970969936205;3.812675920034757;-0.0029765767636649714;True;False;False
2024-05-21;0.0009339975093399751;0.010552763819095477;1627.142857142857;0.31868131868131866;-0.00035174248563394294;0.49999999999999994;-0.8660254037844387;-0.8978045395707417;-0.44039415155763423;0.7818314824680298;0.6234898018587336;-1.0;0.0014385692068429239;0.000505443234836703;0.0031493001555209952;2.1210944867206862;3.2320607033686355;-0.000285465893313648;1.0;0.0014403051889913972;0.001128887850831095;0.003698080890653587;1.9330043357343032;3.5645428704065787;-0.0004406770873837119;-1.0;0.0028385892600225533;0.0014776218065870824;0.0047050589104483415;2.950653039451838;3.7343195275207677;-0.0002809437982736958;-1.0;0.0012058972264363792;0.0019838954370404948;0.004862488816275722;2.8640362159136674;3.793223698087782;-0.0004329454142421093;False;True;False
2024-05-22;-0.001599001599001599;0.00843701399688958;1592.142857142857;0.12442396313364056;-0.005332737569087607;0.49999999999999994;-0.8660254037844387;-0.9680771188662041;-0.2506525322587213;0.9749279121818236;-0.22252093395631434;-1.0;0.0003125;0.000390625;0.005234375;1.9547141118043472;3.416011267263129;-0.0017396536388845669;0.0;0.0019227750745565845;0.0003924030764401193;0.0023151781509967036;1.412925418020739;3.6741210922983156;-0.0026378206805141224;-1.0;0.00066711140760507;0.0007063532551112507;0.0028254130204450026;2.2444764613415535;3.81354768051907;-0.004314146733387491;-1.0;0.0010218117508351346;0.0011397131067007271;0.002672430732953429;2.161364991593832;3.819759833803932;-0.004071860473244582;False;False;True
2024-05-23;0.0037396562698917887;0.0190625;1657.857142857143;0.22540983606557377;-0.019369683636921917;0.49999999999999994;-0.8660254037844387;-0.9987165071710528;-0.05064916883871355;0.43388373911755823;-0.900968867902419;1.0;0.002219579865239794;0.0011890606420927466;0.0035671819262782403;1.615879290533891;3.2378853972870063;-0.0022808732486152097;-1.0;0.0017041176237466808;0.00015852256965085405;0.002417469187175524;1.2364206818235646;3.3156649999303593;-0.0015728881663295807;-1.0;0.0011895792854593758;0.0010309687140647925;0.0027756849994052105;2.0804385046272937;3.688464300287052;-0.0003702968987633959;-1.0;0.0010711735301118781;0.00023803856224708403;0.004681425057525986;2.21553418908646;3.7541645226889018;-0.0011013361994613514;False;False;True
2024-05-24;0.0015942606616181746;0.011732065001981767;1587.142857142857;0.4594594594594595;-0.02296593794103582;0.49999999999999994;-0.8660254037844387;-0.9884683243281114;0.15142777750457667;-0.433883739117558;-0.9009688679024191;-1.0;0.0021488261042578592;0.0012733784321528054;0.004417031436530044;1.0343948098849753;2.9597596821408607;0.001239239637964927;1.0;0.0012348137821151166;0.001155148376817367;0.0027086237801234813;1.090254963841569;3.389345799880598;0.0014290960414481582;-1.0;0.0004380201489268506;0.0013937004738581611;0.0021502807310954486;1.668756610440509;3.6235629327018675;0.0012879240523135389;-1.0;0.0017525691069863777;0.0006372978570859556;0.0033458137497012668;1.833400806429315;3.532391949955149;0.0007442256066767282;True;False;False
2024-05-27;0.002409445024496024;0.011221647433346598;1616.0714285714287;0.2127659574468085;-0.028976656072883154;0.49999999999999994;-0.8660254037844387;-0.72479278722912;0.6889669190756865;0.0;1.0;1.0;0.00048073071068023397;0.0014021312394840158;0.0028042624789680315;1.0764307539011304;3.2101269683913523;-0.0014275231805750894;-1.0;0.00044026415849509704;0.0006003602161296778;0.0011606964178507103;0.7000579850957172;3.3544135483081305;-0.0006449087787650906;0.0;0.0014010087262829238;0.0010407493395244577;0.0024417580658073813;1.677423700018535;3.4145167956976263;0.0005781940775135616;-1.0;0.0014010087262829238;0.0004002882075094068;0.0030822191978224322;1.830583601485381;3.584669822158908;0.0002360276107771746;False;True;False
2024-05-28;0.00332;0.00428651550356542;1558.9285714285713;1.6168224299065421;-0.02312973918191059;0.49999999999999994;-0.8660254037844387;-0.5712682150947924;0.8207634412072763;0.7818314824680298;0.6234898018587336;1.0;0.0007973527887413786;0.0009568233464896543;0.005900410636686202;2.233485965342179;3.3657753338161505;0.0020822029000851154;1.0;0.0010719815777980705;0.000595545320998928;0.002580696390995355;1.5863860273122212;3.5995556673373574;0.0039049759795496512;-1.0;0.001190003966679889;0.00043633478778262594;0.005275684252280841;2.91806143428417;3.94883363430106;0.004865921738284175;-1.0;0.0006369933911935663;0.0003583087825463811;0.004100644955808584;2.4822610427354443;4.060623492661664;0.0026002839900602834;False;False;True
2024-05-29;-0.0019763642963739766;0.018817525814296535;1558.5714285714287;-0.05084745762711865;-0.034555680627710486;0.49999999999999994;-0.8660254037844387;-0.3943558551133187;0.9189578116202306;0.9749279121818236;-0.22252093395631434;-1.0;0.0011720012932428063;0.00048496605237633366;0.003475590042030391;1.5556589675959198;3.243817277606133;-0.001974888771925102;1.0;0.000971699259079315;0.0006882869751811814;0.0018624235799020203;1.4069678450623582;3.4939718056844336;-0.0024377518710420134;-1.0;0.00020240456624701452;0.00036432821924462617;0.004776747763429543;2.517697102285697;3.9314669104967237;-0.003979384889177918;1.0;8.130081300813008e-05;0.0010975609756097562;0.003048780487804878;2.0030978898375844;3.786291815825207;-0.0038365477381950906;True;False;False
2024-05-31;0.0;0.008082767539605561;1455.7142857142858;0.485;-0.03593835789078788;0.49999999999999994;-0.8660254037844387;-2.4492935982947064e-16;1.0;-0.433883739117558;-0.9009688679024191;-1.0;0.0008917713822456424;0.0004458856911228212;0.0037292257802999593;1.1695065891902716;3.332034059618864;-0.00014898487126348774;1.0;0.001950426655830963;0.00036570499796830555;0.002803738317757009;1.5318021961138366;3.508896032455477;-0.00030234929918137427;-1.0;0.0004873492263331032;0.0022742963895544814;0.0028834829224708607;1.955004418729831;3.7155098168353082;-0.0008213737701958529;-1.0;0.00024370430544272948;0.0003249390739236393;0.0030869212022745737;1.9895586342538236;3.7679068595872165;-0.0011718290486919987;False;False;True
2024-06-03;0.0011408083441981746;0.0100932306445075;1437.5;0.5180722891566265;-0.037680909683698104;1.2246467991473532e-16;-1.0;0.5877852522924731;0.8090169943749475;0.0;1.0;-1.0;0.0004883607357968419;0.002360410223018069;0.0051277877258668406;1.5150460714458074;3.1639970368775456;0.00044415438443822793;1.0;0.0003671221700999388;0.0013869059759331023;0.002202733020599633;1.1461429126473295;3.279335352080172;0.0002808810604618607;-1.0;8.15461143276523e-05;0.0007339150289488706;0.0037511212590720052;1.902472758258775;3.5529484478410533;-0.0006588333651391349;-1.0;0.000531632110579479;0.000613421666053245;0.004048582995951417;1.7923780812517587;3.7690781306264904;-0.0020005650798859036;True;False;False
2024-06-04;-0.00233596983730175;0.009685821259970698;1446.0714285714287;-0.008403361344537815;-0.043549835084638215;1.2246467991473532e-16;-1.0;0.7431448254773941;0.6691306063588582;0.7818314824680298;0.6234898018587336;1.0;0.000821557673348669;0.0011912586263555702;0.004806112389089714;1.769454937130155;3.1878664246590747;-0.0020663790121433637;-1.0;0.0010650936053418541;0.0005325468026709271;0.0023759780426856744;1.3237773483877635;3.2477835472488867;-0.002273058562005851;-1.0;0.0009839291571006887;0.00040997048212528697;0.006887504099704822;2.5412324673638995;3.50350646559265;-0.0030688615897618847;1.0;0.0008244702778464837;0.0009893643334157804;0.0037513397642015005;1.907032954466002;3.481969404071502;-0.0035017943267274016;False;True;False
2024-06-05;0.0021303617518128558;0.009365757476174828;1423.5714285714287;1.0394736842105263;-0.03606528952325407;1.2246467991473532e-16;-1.0;0.8660254037844386;0.5000000000000001;0.9749279121818236;-0.22252093395631434;-1.0;0.000367932627447774;0.00020440701524876334;0.003311393647029966;1.282696214224233;3.1713493491755025;0.00030062037112955247;-1.0;0.00028694404591104734;0.000860832137733142;0.0013527362164377946;1.1274548609474586;3.5783877575979943;-0.00018222404446275965;1.0;0.0005740057400574006;0.0015990159901599016;0.0024600246002460025;1.6734663745834797;3.598720848845112;-0.00019583464269287622;-1.0;0.0004918839153959665;0.0018445646827348746;0.0024184292506968354;1.707819672190541;3.6289197154023056;-0.00026418153826542214;False;True;False
2024-06-06;0.0015224457885857712;0.007930992191652017;1341.0714285714287;0.29896907216494845;-0.03748052420534803;1.2246467991473532e-16;-1.0;0.9510565162951535;0.30901699437494745;0.43388373911755823;-0.900968867902419;-1.0;0.0017666392769104355;0.0006162695152013147;0.003656532456861134;1.318477934408106;3.1452832331828997;-0.0003839455894250814;1.0;0.00037023324694557573;0.0013163848780287136;0.0030441400304414;1.3164319874230377;3.3178691025073297;1.3693752909962348e-05;1.0;0.0003286500698381398;0.0017664941253800017;0.008216251745953496;2.429926224003007;3.5537314689754127;0.0017557470091053857;1.0;0.002735587130491589;0.0005307855626326964;0.0036746692797648213;2.0241355439271302;3.754004714742017;0.0035643348842271773;False;True;False
2024-06-07;-0.0004471362952725499;0.017091207888249794;1397.142857142857;0.7524038461538461;-0.024539244543528797;1.2246467991473532e-16;-1.0;0.9945218953682733;0.10452846326765346;-0.433883739117558;-0.9009688679024191;1.0;0.00044733631557543715;0.0015046766978446522;0.004066693777958519;1.2351273922334116;3.0268314051312997;0.00018937856775690676;-1.0;0.001744988231474718;0.0017855693531369206;0.014528041555068582;2.3858470485601995;3.243802228957653;-0.0022020707671685895;1.0;0.0027491690944154937;0.001477165483566534;0.004390464076156087;1.8409849573822146;3.4222319436362647;-0.00417094017094025;1.0;0.0006564102564102564;0.0020923076923076924;0.003651282051282051;1.6326908849589632;3.434422269297952;-0.006535411913122261;True;False;False
2024-06-10;0.0007462377181708884;0.0247254981699878;1546.0714285714287;0.10197368421052631;-0.03898177214484347;1.2246467991473532e-16;-1.0;0.8660254037844387;-0.4999999999999998;0.0;1.0;1.0;0.0018642031567173453;4.142673681594101e-05;0.005841169891047682;1.3431220326517475;3.2301592474309673;-0.001742272106223566;-1.0;0.00012379301807378064;0.0012791945200957332;0.002764710736981101;1.1272300209879453;3.4728471429212133;-0.0005968532062494854;-1.0;0.00028924424610553284;0.0024792363951902812;0.004338663691582993;2.2712564994128397;3.6211304000971194;0.0006575710337661096;1.0;0.00215213972353282;0.0009932952570151478;0.005338962006456419;2.1841570823454974;3.643262993460245;0.0005552114162479372;True;False;False
2024-06-11;-0.00487240895201916;0.008161067152740379;1518.9285714285713;-0.015228426395939087;-0.037607195982708876;1.2246467991473532e-16;-1.0;0.7431448254773945;-0.6691306063588579;0.7818314824680298;0.6234898018587336;1.0;0.0032365145228215766;0.0015352697095435686;0.0083402489626556;1.9924014683084532;3.3383908844551273;0.00047318467065425444;1.0;8.269246671628214e-05;0.0015711568676093609;0.003927892169023402;1.3360004444793907;3.3278264707736933;0.0008708844977976323;1.0;0.002103873602574151;0.0006187863536982797;0.003588960851450023;1.847786181900372;3.5004353136195054;0.0010258383022375564;-1.0;8.24334350012365e-05;0.0018547522875278213;0.003420987552551315;2.0475080982337577;3.569409822503834;0.0014309694818238957;True;False;False
2024-06-12;0.014790468364831553;0.012987551867219917;1553.2142857142858;2.0351437699680512;-0.01064458307881798;1.2246467991473532e-16;-1.0;0.5877852522924732;-0.8090169943749473;0.9749279121818236;-0.22252093395631434;-1.0;0.0007692307692307692;0.0017813765182186235;0.00631578947368421;1.4600325729605765;3.0069927189686654;0.0025241236685134105;1.0;0.0030073965699422907;0.003901487442087296;0.01771925546614647;2.1082452591011194;2.843571816255902;0.007040491762267305;-1.0;0.0008443229334191058;0.0013267931810871663;0.010935992280476037;2.090427747153095;3.4502406588209107;0.009896974121846354;-1.0;0.0013385251886103675;0.0016224547740731727;0.01310132230064087;2.8027260270243293;3.606361447283748;0.007020706987925516;False;True;False
2024-06-13;0.0016443311682972951;0.02757085020242915;1610.357142857143;0.14831130690161526;-0.02084413314205114;1.2246467991473532e-16;-1.0;0.40673664307580004;-0.913545457642601;0.43388373911755823;-0.900968867902419;-1.0;0.0035295083312812934;0.001354346220142822;0.0071000574571123696;1.5564155626231932;3.158790941782486;-0.0019149208438448586;1.0;0.0019332017110891741;0.0020977295162882526;0.005223757815070747;1.6528067358214438;3.052944061290846;-0.000949472540614991;1.0;0.0016023007395234183;0.0003286770747740345;0.003944124897288414;1.8358310893369107;3.3103898968731045;0.00018678730393030475;-1.0;0.0014351320321469576;0.0004920452681646711;0.005494505494505495;2.072798255346589;3.3230632721098097;0.0002194697063220194;False;False;True
2024-06-14;-0.0007825692985707814;0.010137076253796274;1592.857142857143;0.22267206477732793;-0.02203248738740373;1.2246467991473532e-16;-1.0;0.20791169081775931;-0.9781476007338057;-0.433883739117558;-0.9009688679024191;1.0;0.000494641384995878;0.003173948887056884;0.005482275350370981;1.272466987540662;3.0768736834090507;-0.0013715163484749138;-1.0;0.00111097395383286;0.0;0.0029625972102209604;1.311054704934314;3.1171760957904286;-0.0011863211220124537;-1.0;0.000577105404179892;0.000741992662517004;0.006018384929304588;2.1215067979122524;3.4967736792015667;-0.0021076367317825846;1.0;0.001490991923793746;0.0011182439428453095;0.002940567405259888;1.590460378837824;3.526670438310509;-0.0032156115872424003;True;False;False
2024-06-17;-0.0009456070386054351;0.012613355317394888;1601.4285714285713;0.5947712418300654;-0.017453344196606373;1.2246467991473532e-16;-1.0;-0.4067366430758002;-0.9135454576426009;0.0;1.0;-1.0;0.003374485596707819;0.001440329218106996;0.008024691358024692;1.308716652348919;2.9051315416986827;0.00012385434728758978;-1.0;0.00012385434728758978;0.0007844108661547353;0.0019816695566014365;0.8802782519760614;3.2440478531371175;-0.0012536507411693794;-1.0;0.0019424698297239214;0.0007025954703256737;0.005331459745412465;1.9853581358870118;3.539524670147411;-0.003347469138360536;1.0;0.0024864282458248728;0.0006630475322199661;0.0044341303717210226;1.7087588759976813;3.40813939220418;-0.003596096717527009;False;False;True
2024-06-18;-0.002647472491106147;0.012469135802469136;1668.5714285714287;0.10231023102310231;-0.021841218580554073;1.2246467991473532e-16;-1.0;-0.587785252292473;-0.8090169943749476;0.7818314824680298;0.6234898018587336;-1.0;0.0009954375777685607;0.002198257984238905;0.0032766486934881793;1.593843160734453;3.1654178563439164;-0.0014241468945300894;1.0;0.0010370431824781184;4.148172729912474e-05;0.0026548305471439833;1.524397917236441;3.2066507533563193;-0.001403557212213195;1.0;0.0031475192578480906;0.001242441812308457;0.004472790524310445;2.105011813673744;3.3728491502164046;-0.0014678004159535659;1.0;0.0005383468610236872;0.00012423389100546628;0.00927613052840815;2.8686704083354013;3.5541186888575838;0.0013685881644495937;False;False;True
2024-06-19;0.0004940711462450593;0.013023641642472003;1612.142857142857;0.7802547770700637;-0.011308917139143013;1.2246467991473532e-16;-1.0;-0.743144825477394;-0.6691306063588585;0.9749279121818236;-0.22252093395631434;-1.0;0.0008641975308641976;0.0007818930041152264;0.003662551440329218;1.1577096845594221;2.9746575169664706;8.705253849777304e-05;-1.0;0.0010308853243165231;0.0006185311945899138;0.0020617706486330462;1.1967069238682124;3.2689055551868322;-0.00027501615719919544;-1.0;8.250484715977063e-05;0.0007837960480178211;0.003630213275029908;2.2810665341950433;3.5725599338660787;-0.0012547916494305578;-1.0;0.0011582213029989658;0.0002481902792140641;0.0028541882109617374;1.5809099492646208;3.4617354239533182;-0.0022093344380005927;True;False;False
2024-06-20;0.004236252545824847;0.01728395061728395;1683.5714285714287;1.2476190476190476;0.0053255258243147365;1.2246467991473532e-16;-1.0;-0.8660254037844384;-0.5000000000000004;0.43388373911755823;-0.900968867902419;-1.0;0.001014034233795733;0.002677050377220735;0.0037316459803682974;1.8933123945622032;3.174320862139081;0.005133474853184448;-1.0;0.0010140753660812071;0.00012168904392974486;0.004299679552184318;1.3998290507007636;3.2979010200570458;0.005877698654911243;-1.0;0.0015869786368260428;0.0001627670396744659;0.003987792472024415;1.904228729444156;3.375148048494691;0.004440819285843703;1.0;0.0011011868346996207;0.00044863167339614175;0.006688690403360659;2.596070567804716;3.5518617961411385;0.0029710781993192085;False;False;True
2024-06-21;8.190679007289704e-05;0.013182445039344529;1710.7142857142858;0.20307692307692307;-0.0027565084226646246;1.2246467991473532e-16;-1.0;-0.9510565162951535;-0.30901699437494756;-0.433883739117558;-0.9009688679024191;-1.0;0.0017199017199017199;0.0008599508599508599;0.0029484029484029483;1.5914521462430573;3.1903359885120977;-0.0006964073573389046;-1.0;0.0005325468026709271;0.0005325468026709271;0.0023350129040186803;1.123117986317114;3.4493404682463384;-0.001171269711056448;1.0;0.0006562756357670221;0.0016406890894175555;0.0051681706316653;1.9150650872277841;3.5842745183594014;-0.0007271074755737465;1.0;0.0006543967280163599;0.00016359918200408997;0.006625766871165644;2.5408869310790427;3.7264155001266506;0.0012921998120436768;False;False;True
2024-06-24;-0.0008117542008279893;0.012694512694512694;1736.4285714285713;0.896774193548387;0.006257945055978156;1.2246467991473532e-16;-1.0;-0.9510565162951536;0.30901699437494723;0.0;1.0;1.0;0.0002843447883662361;0.0021935169388252497;0.003980827037127305;1.4275748040940748;3.0049297539897584;0.0010815926451699736;-1.0;0.00020279862096937742;0.001095112553234638;0.0015818292435611438;0.8856210254723079;3.2304627630646516;0.0007573298712538826;1.0;0.0005274261603375527;0.0003245699448231094;0.006369685167153522;2.274848639950639;3.5409877440071487;0.0018201707194605186;1.0;0.0010087153001936734;0.0001210458360232408;0.004720787604906391;1.93504169227362;3.8823325645041913;0.0035513743148528243;False;False;True
2024-06-25;-0.0024529515843654498;0.013567308473474694;1774.2857142857142;0.7275449101796407;0.014053762385951143;1.2246467991473532e-16;-1.0;-0.8660254037844386;0.5000000000000001;0.7818314824680298;0.6234898018587336;1.0;4.031120248317007e-05;0.0012093360744951022;0.0029830289837545856;1.4402304909912544;3.1189582392658006;0.0007019897160743142;-1.0;8.04861362630287e-05;8.04861362630287e-05;0.002334097951627832;1.187891869560747;3.3479939538192163;3.136833142884054e-05;-1.0;0.0015728343281174383;0.001693821584126472;0.0033069849975802547;1.9180105082012306;3.5818479828859044;-0.0008110954269453315;1.0;0.003266919415987739;0.0010083084617246109;0.00455755424699524;2.573993108975786;3.51254808950796;-0.0013664323571181644;False;False;True
2024-06-26;0.00044320883194326927;0.007175394042004273;1768.5714285714287;0.7078651685393258;0.015369579396544144;1.2246467991473532e-16;-1.0;-0.743144825477394;0.6691306063588585;0.9749279121818236;-0.22252093395631434;-1.0;0.0006041079339508659;0.00032219089810712846;0.007370116794200564;2.310639513860608;3.358163109727754;-0.0006440571093996962;-1.0;0.0011754691743342386;0.0003648007782416603;0.002310404928863848;1.457024940280925;3.3816480375838456;-0.0018885102853949457;-1.0;0.0019066163644476898;0.0008113261125309319;0.0032453044501237274;2.0369163026919566;3.4096391492689353;-0.0036303451759251482;-1.0;0.0010959126517027236;0.0021106465884645044;0.0037342208872833543;2.132107507717159;3.5566515542619177;-0.003528626091978866;True;False;False
2024-06-27;-0.0025729677574977887;0.0121627064035441;1727.857142857143;0.7880794701986755;0.014383724068001733;1.2246467991473532e-16;-1.0;-0.5877852522924734;0.8090169943749473;0.43388373911755823;-0.900968867902419;1.0;0.0011688835147118098;0.0;0.007900040306328094;1.7437967742878295;3.2951755979343043;0.0027269532414266086;-1.0;0.0020019218449711723;8.007687379884689e-05;0.003323190262652146;1.592785722937652;3.4199812791546225;0.0032515979599564;1.0;0.00020044097013429546;0.0012427340148326318;0.005492082581679695;1.9766067676579975;3.5032448230417774;0.00445846309457273;1.0;0.0005190242344392542;0.002635046113306983;0.003273845171078373;2.2758850575772724;3.789071703707626;0.00404967842093588;False;False;True
2024-06-28;-0.0005162827640984908;0.015719467956469165;1650.0;0.9153846153846154;0.027908363523487054;1.2246467991473532e-16;-1.0;-0.40673664307580015;0.913545457642601;-0.433883739117558;-0.9009688679024191;1.0;0.000715222314936226;0.002701950967536854;0.0038939881590972303;1.6026130095567812;3.218321293541842;0.0015489098057905398;-1.0;0.0017872036220660074;0.0005163032685968466;0.0032963977918106357;1.2897422798198455;3.2060813409259885;0.0008083538734727798;-1.0;0.0014311839071320664;0.001232408364474835;0.003299674008110042;2.1873693413619133;3.6786203233360015;-0.00011050114479187291;-1.0;0.0011536778454071686;3.9781994669212715e-05;0.007558578987150416;2.2455429488434993;3.9962736944429444;-0.002032981454048849;True;False;False
2024-07-01;0.0027944111776447107;0.011284618746771566;1681.0714285714287;0.6338028169014085;0.02492961769146028;-0.4999999999999997;-0.8660254037844388;0.20129852008866006;0.9795299412524945;0.0;1.0;1.0;0.00047770700636942675;0.0023487261146496814;0.0064490445859872614;1.5275485611724802;3.1949284262968787;0.0009299291755363416;-1.0;0.0;0.00027765657847764864;0.004601166157629606;1.430363393783947;3.4360439009617694;0.0013677529014952715;1.0;0.00019918731575173292;0.003625209146681539;0.006493506493506494;2.0857519425938396;3.657307448907419;0.002582542015972029;1.0;0.003178639542275906;0.0002781309599491418;0.005999682136045773;1.9983687471205362;3.9790611795838244;0.0021093144507855857;False;True;False
2024-07-02;-0.001747141041931385;0.01321656050955414;1687.857142857143;0.3885542168674699;0.024109759798599896;-0.4999999999999997;-0.8660254037844388;0.39435585511331855;0.9189578116202306;0.7818314824680298;0.6234898018587336;1.0;0.0013922036595067622;0.0012330946698488464;0.0059665871121718375;1.7317180680329418;3.49751605846414;-0.0004625224653768513;1.0;0.0009118300031715827;0.0003964478274659055;0.0014668569616238503;1.1352083099555517;3.573536152943873;-7.046843894791902e-05;-1.0;0.004320424907844148;0.0003567323318403425;0.005311348051845099;2.242374535101317;3.885590002936942;0.0003172966326894856;1.0;0.0007535795026375283;0.0007139174235513425;0.0074168087891167255;2.2483814827258284;3.8810541570128168;0.0014807221367959707;False;False;True
2024-07-03;0.0019370651486401013;0.011177406523468577;1545.0;0.8398576512455516;0.03059875978448714;-0.4999999999999997;-0.8660254037844388;0.5712682150947923;0.8207634412072763;0.9749279121818236;-0.22252093395631434;1.0;0.0006707437364371671;0.0005523771947129611;0.0025646084040244622;1.162699468699763;3.3977630759950976;0.0015761062295598723;1.0;0.0008669267446900737;0.00043346337234503684;0.0022855341450920123;1.1253938215541506;3.424065676517259;0.00244075269663806;1.0;7.873395795606645e-05;0.00027556885284623256;0.004605936540429887;2.0101997730521757;3.680192758500412;0.003985365216255139;-1.0;0.0025871192818784053;0.0005879816549723649;0.003880678922817608;1.8927065959072482;3.9356287166740027;0.004519759236740356;True;False;False
2024-07-04;0.003134796238244514;0.010613533241270467;1565.357142857143;1.0;0.038398432667365694;-0.4999999999999997;-0.8660254037844388;0.7247927872291199;0.6889669190756866;0.43388373911755823;-0.900968867902419;-1.0;0.001875;0.00015625;0.0040625;1.3043458886984725;3.1255898538191382;0.0005914792199433382;1.0;0.0003522642764883166;7.828095033073701e-05;0.002857254687071901;1.2535936699034849;3.2732949029492104;0.001774411168811987;-1.0;3.904419803217242e-05;0.00027330938622520694;0.0039434640012494145;1.6709987660760477;3.345609864939938;0.0018287027966091387;1.0;0.0027823497139274236;0.00011756407241946862;0.003095853907046007;1.7676235640051952;3.4930704304645954;0.0015498003978982175;False;False;True
2024-07-05;0.0005096640138001333;0.006796875;1518.2142857142858;0.26436781609195403;0.03325485401023943;-0.4999999999999997;-0.8660254037844388;0.8486442574947509;0.5289640103269624;-0.433883739117558;-0.9009688679024191;1.0;0.001293103448275862;0.003134796238244514;0.005525078369905956;1.7166320724789497;3.3105685236309697;0.00040881651966665877;-1.0;0.003875058713010803;0.0013699702520745265;0.006771567245968373;2.3124979008702393;3.2383058887159133;0.000544470143435278;1.0;0.002195303618330785;0.0019208906660394371;0.005135442392880944;2.487915364655325;3.6650164676629027;0.0007875900180579398;-1.0;0.0010182501762356073;0.0025456254405890185;0.008146001409884859;2.680734860282505;3.8419204426220577;-0.0006163853588805011;True;False;False
2024-07-08;-0.0012523481527864746;0.011559561128526645;1515.357142857143;0.5694915254237288;0.030270244083616605;-0.4999999999999997;-0.8660254037844388;0.9987165071710528;-0.05064916883871264;0.0;1.0;-1.0;0.0007836990595611285;0.0024294670846394984;0.003761755485893417;1.484603287403444;3.253736036158602;0.0009409550693954364;-1.0;0.0007449227632713871;0.0008625421469458166;0.002862071669411119;1.3655949684254485;3.5039094512699123;0.000510324252178692;-1.0;0.0006281160444392102;0.001059945824991167;0.005142700113846033;2.404411171260936;3.632413005724577;-0.001422537368962474;1.0;0.00031514674020090603;0.0005909001378766989;0.0055938546385660825;2.5709834745225;3.554270093567293;-0.0014986755890143467;False;False;True
2024-07-09;-3.9160401002506263e-05;0.008268025078369906;1478.5714285714287;0.8388625592417062;0.028140489046186802;-0.4999999999999997;-0.8660254037844388;0.9680771188662043;-0.2506525322587204;0.7818314824680298;0.6234898018587336;-1.0;0.00039161934599569217;0.0010182102995887996;0.004112003132954768;1.346696640707773;3.2001694456167757;-0.000353412392994581;1.0;0.0005890437855880621;0.0013744354997054782;0.0025525230708816024;1.572342516026118;3.3693126869217656;-0.0009419152276295133;1.0;0.0024725274725274724;0.0005886970172684458;0.00380690737833595;2.4736085973620794;3.6087812207949277;-0.00123316382777547;1.0;0.0010196478293266402;0.00301972626377505;0.006196321424369583;2.5752255392348165;3.5973741163380777;-0.00021305644691413467;True;False;False
2024-07-10;0.0011675423234092236;0.011670256510671627;1435.0;1.016778523489933;0.03297281344049213;-0.4999999999999997;-0.8660254037844388;0.8978045395707416;-0.4403941515576344;0.9749279121818236;-0.22252093395631434;1.0;0.0005830903790087463;0.0015937803692905733;0.004859086491739553;1.9963490625600482;3.2805407288748145;0.0013698276084876868;-1.0;0.0002713809413041793;0.0013181360006202993;0.003023959060246569;1.4194298738476;3.2608032030162115;0.0020318101228144346;1.0;0.001203509589253824;0.0018246758288687009;0.003377591427905893;1.8698913284270873;3.2965551160055595;0.002578664355355447;-1.0;0.0001552312946289972;0.0002716547656007451;0.004889785780813412;2.545135368129851;3.498856320435883;0.0007839672206412309;False;True;False
2024-07-11;0.0018726591760299626;0.007657920310981535;1389.2857142857142;0.34517766497461927;0.028469130907539903;-0.4999999999999997;-0.8660254037844388;0.7907757369376989;-0.6121059825476626;0.43388373911755823;-0.900968867902419;1.0;0.00046728971962616824;0.0005841121495327102;0.0031542056074766356;1.211100174720139;3.20795304221813;0.00019429548457293853;1.0;0.0031472199557057933;0.0003496911061895326;0.004351711543691961;2.2927584202030036;3.4092742521057215;0.0010999391798336233;1.0;0.0019798905237004543;0.00019410691408827983;0.004270352109942156;2.0811362847989607;3.502844659961111;0.0027979011436958857;1.0;0.002091969162824933;0.001472126447913842;0.004610080192151242;2.445103508723529;3.6100812115482044;0.0034270725834193577;False;True;False
2024-07-12;-0.00038618985093071754;0.00926791277258567;1375.357142857143;0.9201680672268907;0.03329753811392461;-0.4999999999999997;-0.8660254037844388;0.6513724827222223;-0.7587581226927909;-0.433883739117558;-0.9009688679024191;1.0;0.0006181424818420646;0.0008885798176479679;0.002897542883634678;1.3520152116495823;3.1348665883392175;0.000797325102880621;-1.0;0.0008102164435356302;0.000733052972722713;0.002700721478452101;1.6470250224202423;3.40291890129927;0.0008068634898562168;1.0;0.0005407702112866468;0.0029356097184132257;0.003708138591679864;2.5197829937413747;3.7448239790644378;0.0005706807405977255;1.0;0.0008109673682178027;0.001583317242710948;0.003436956941494497;2.5574862633187196;3.7688352848258475;0.0003729136126327327;False;True;False
2024-07-15;-0.0013832321524629217;0.008383557409983;1333.5714285714287;0.815668202764977;0.034014254994519606;-0.4999999999999997;-0.8660254037844388;0.10116832198743272;-0.994869323391895;0.0;1.0;1.0;0.0018853405155829165;0.0013081954597922278;0.003232012312427857;1.3716559447468646;3.123540602899422;-0.0001111495859677425;1.0;0.00015390534821085032;0.000731050404001539;0.0017699115044247787;0.8790587787296792;3.239589755086028;0.00012814105767632736;-1.0;0.002152852529601722;0.0017299707827156698;0.004305705059203444;2.2532342724398084;3.55434014147498;-0.00020084697597099724;-1.0;0.0008846153846153846;0.0018846153846153845;0.0028076923076923075;1.8123261288147428;3.4730749216527705;-1.709467458147612e-05;True;False;False
2024-07-16;-0.002566361512238097;0.006310119276644864;1328.5714285714287;0.5487804878048781;0.0320350987052002;-0.4999999999999997;-0.8660254037844388;-0.10116832198743204;-0.9948693233918952;0.7818314824680298;0.6234898018587336;1.0;0.0007296466973886329;0.0005376344086021505;0.0031105990783410137;1.5143794936393502;3.36998117700699;0.00024276806705513277;-1.0;0.000958295001533272;0.00022999080036798528;0.0030665440049064702;1.5794369856803303;3.32800563301266;-0.0003925735328630861;1.0;0.001190521909443527;0.0004224432581896386;0.0032643342678290257;2.294468744008819;3.6862491861823843;-0.0007071713996030484;-1.0;0.0010735373054213634;0.0011118779234721263;0.0033356337704163793;2.0881419375523373;3.6782865610271376;-0.0009212344541685859;False;True;False
2024-07-17;-0.002723750335673457;0.00641321044546851;1280.357142857143;0.2994011976047904;0.026671906131951587;-0.4999999999999997;-0.8660254037844388;-0.2993631229733582;-0.9541392564000488;0.9749279121818236;-0.22252093395631434;-1.0;0.0005385443914448377;0.0007693491306354824;0.002000307739652254;1.441721378115838;3.49714084689343;-8.981959093595748e-05;1.0;0.0006543998768188468;0.0002694587728077604;0.0021171760720609745;1.134176684468455;3.4066119967886226;-0.0005382752124264678;-1.0;0.0005767234418855012;0.0004229305240493675;0.003460340651313007;1.9269390021510933;3.5642715168676995;-0.0015888310742810522;1.0;0.0009635767970707265;7.708614376565812e-05;0.004972056272884949;2.670510258588846;3.578325433677336;-0.0008574243994829113;False;True;False
2024-07-18;-0.0006906342324367878;0.007116479458378212;1207.142857142857;0.6;0.025543090922693464;-0.4999999999999997;-0.8660254037844388;-0.4853019625310808;-0.8743466161445822;0.43388373911755823;-0.900968867902419;-1.0;0.001842964100595124;0.000499136110577846;0.0029948166634670764;1.3401820785335798;3.3749918297562;-0.0006787562112596318;-1.0;0.0004226217919163977;0.0002305209774089442;0.0019978484708775167;1.130479692112062;3.3915896491749726;-0.0015474251614750855;-1.0;0.0011156849921132614;0.0003462470665179087;0.004078021005655369;2.3868047250261273;3.4331547746045294;-0.0025458052073288333;-1.0;0.001581546057707144;0.0009643573522604537;0.002623051998148434;2.0721577022783393;3.410505604324859;-0.0031676225256967983;False;False;True
2024-07-19;-0.0016247582205029013;0.01601075062392014;1254.642857142857;0.31654676258992803;0.013354065313590834;-0.4999999999999997;-0.8660254037844388;-0.651372482722222;-0.7587581226927911;-0.433883739117558;-0.9009688679024191;-1.0;0.0024411035337879726;0.0008524488530688159;0.006393366398016119;1.1697568996004275;3.3630039284488347;0.0018181661138750816;1.0;0.0013993081198740622;0.00034982702996851555;0.002137831849807595;0.7412697432896567;3.1109193018641617;0.0012908350709959163;1.0;0.00023312740412635504;0.0005828185103158877;0.004973384621362241;1.3359891116865448;3.1993125505711757;0.0006921873119055717;-1.0;0.0004643244079863798;0.0009286488159727596;0.003095496053242532;1.1444624445624458;3.1795946273791933;0.0012962962962962713;False;False;True
2024-07-22;0.003909304143862392;0.011275573465592064;1240.0;0.3436426116838488;0.006466784244562022;-0.4999999999999997;-0.8660254037844388;-0.9680771188662041;-0.2506525322587213;0.0;1.0;1.0;0.0010903426791277258;0.0020638629283489095;0.0035825545171339563;1.8168168042931552;3.1480695777846597;-0.0012109731466704097;-1.0;0.00011677241057179557;0.0014401930637188121;0.002296524074578646;1.1437125760915237;2.995857960627356;-0.0008309961566428133;1.0;0.0005453412277968214;0.0006232471174820816;0.002882517918354628;2.075356079393162;3.3549690334074476;0.0009246297160436344;-1.0;0.0008554985223207342;0.0008943848187898584;0.003966402239850677;2.264800595471174;3.550109661474036;0.0004979842463766359;True;False;False
2024-07-23;-0.0025622112659652936;0.006347352024922119;1214.642857142857;0.4049079754601227;0.005221140434788563;-0.4999999999999997;-0.8660254037844388;-0.9987165071710528;-0.05064916883871355;0.7818314824680298;0.6234898018587336;-1.0;0.0003113688553302456;0.0002724477484139649;0.0019849764527303158;1.715057056221027;3.540515051197167;-0.0007362080090770747;-1.0;0.00019488618646710322;0.0005067040848144683;0.0008574992204552542;1.0633180159892168;3.478767493849719;-0.0014597085780618977;-1.0;0.0001559393395968968;0.00042883318389146623;0.0029238626174418153;2.297620235491784;4.003104604546368;-0.002939401438873897;-1.0;0.0005861435660974561;0.0010941346567152515;0.0030870227814466023;2.3293870555108587;3.8862228719883833;-0.003460944803147869;False;True;False
2024-07-24;0.0009457382669346259;0.014050519596777332;1255.7142857142858;0.16897506925207756;-0.007286775352760826;-0.4999999999999997;-0.8660254037844388;-0.9884683243281114;0.15142777750457667;0.9749279121818236;-0.22252093395631434;-1.0;0.0004724223455769458;0.00043305381677886696;0.0014566355655289162;1.2808065746427437;3.457740325099318;-0.0016718968150804233;1.0;0.000590830313533953;0.0006696076886718135;0.0024420986292736724;1.0663745239215336;3.6287652769153884;-0.0014075764331488749;-1.0;0.0014163191439137619;0.00019671099221024472;0.00334408686757416;2.2279241829300798;3.9514344001020016;-0.0010728392142437889;1.0;0.002443349753694581;7.881773399014778e-05;0.0038620689655172414;2.4499770402532564;3.834422965741783;-0.0005509858711480185;True;False;False
2024-07-25;-0.0036162100546362173;0.004960434628557931;1238.5714285714287;-0.15873015873015872;-0.010415446716479673;-0.4999999999999997;-0.8660254037844388;-0.9377521321470804;0.3473052528448203;0.43388373911755823;-0.900968867902419;-1.0;0.00027614501558246874;0.0019724643970176338;0.0034320880508106827;1.7872036456184515;3.4648240622459645;-0.0002369761838935187;1.0;0.0008294166436273154;0.0014218571033611123;0.002606738022828706;1.5312561975171166;3.3215588521400776;-0.0015134765213729588;-1.0;0.0016187618445988629;0.00047378395451674036;0.00410612760581175;2.091789299651955;3.55570609794136;-0.0031957027249190214;1.0;0.00043517822526407404;0.001582466273687542;0.0024923843810578787;2.108070109626951;3.6380559248565336;-0.003044802087864289;True;False;False
2024-07-26;0.0039494470774091624;0.0054440017357686695;1206.0714285714287;1.326086956521739;-0.007914825858220023;-0.4999999999999997;-0.8660254037844388;-0.848644257494751;0.5289640103269624;-0.433883739117558;-0.9009688679024191;-1.0;0.0;0.00035405192761605035;0.0026750590086546027;1.1548410030503273;3.3898489951113526;0.0001226730456649775;1.0;0.0002760143527463428;0.0009463349237017468;0.0016560861164780568;1.280521920576862;3.5138904637714026;0.0007400984462312037;-1.0;0.0004335487939460823;0.00031530821377896896;0.002325398076619896;1.8058218460382038;3.640746441946476;0.0008114462164675589;1.0;0.0004736904432953065;0.0005131646469032487;0.002289503809260648;1.6449273358520644;3.7164856797095602;0.0006439065415647478;True;False;False
2024-07-29;-0.000896826015752944;0.013965381589299764;1257.5;0.8535211267605634;-0.001153879138956675;-0.4999999999999997;-0.8660254037844388;-0.3943558551133187;0.9189578116202306;0.0;1.0;1.0;0.0012098505249190181;0.001639152324083831;0.0032392772118799516;1.435871918182858;3.400540151873871;0.0004768159100464986;-1.0;0.0005071389560739642;0.00031208551143013184;0.0015604275571506592;0.9476006305812327;3.6565344501084165;-4.3377361355045646e-05;-1.0;0.0008198001249219238;0.00046845721424109934;0.003123048094940662;1.946981017147914;3.9754811984219813;-0.0007474328722715947;-1.0;0.0009386733416770963;0.0005084480600750939;0.004145807259073843;2.2109687924408403;3.902744892562147;-0.0020000784344484097;False;False;True
2024-07-30;-0.0021518838765209906;0.009366584709050463;1236.7857142857142;0.3333333333333333;-0.006518940375165311;-0.4999999999999997;-0.8660254037844388;-0.20129852008866114;0.9795299412524943;0.7818314824680298;0.6234898018587336;-1.0;0.0011370765370138018;0.00019604767879548307;0.0034112296110414054;1.3613093986133649;3.5645561901664666;0.0003405236205518721;-1.0;3.929118698675887e-05;0.0002750383089073121;0.002318180032218773;1.2478364131702164;3.8934379499270455;-0.0010367454068241852;-1.0;0.0007873705759615763;0.00039368528798078815;0.0022440061414904927;2.0563958582851214;3.9668613435611344;-0.003012707671019303;-1.0;0.0003152833609206274;0.001103491763222196;0.0014975959643729801;1.5402879298420222;3.8484749012425348;-0.003499045316797182;False;True;False
2024-07-31;0.003861003861003861;0.00972396486825596;1264.2857142857142;0.7862903225806451;-0.007620060251639199;-0.4999999999999997;-0.8660254037844388;-2.4492935982947064e-16;1.0;0.9749279121818236;-0.22252093395631434;-1.0;0.0018838304552590266;0.000902668759811617;0.00423861852433281;1.7348814403889814;3.4471491180389684;0.0014149274849663955;1.0;0.00015721416499626616;0.0012577133199701293;0.0020044806037023935;1.1578327213936837;3.5120500089503586;0.0019378322465759836;1.0;3.928038337654175e-05;0.0008641684342839186;0.004124440254536885;2.3509690180845975;3.7056584846367056;0.0030714347863918055;-1.0;0.00274079874706343;0.000274079874706343;0.0037196554424432263;2.131538362562668;3.902743189295187;0.00334352062273064;False;True;False
2024-08-01;-0.0009757620701768081;0.009733124018838305;1266.4285714285713;0.7459677419354839;-0.0032981967002457097;-0.8660254037844384;-0.5000000000000004;0.20129852008866006;0.9795299412524945;0.43388373911755823;-0.900968867902419;1.0;0.00046882325363338024;0.0020706360368807626;0.004805438349742147;1.8202552905445037;3.425853913053505;0.0009311954817528493;1.0;0.0006236844156856631;0.0001949013799017697;0.0030404615264676073;1.313816121303827;3.532240780053704;0.0013353558139836763;1.0;0.0009334163036714375;0.00031113876789047915;0.00373366521468575;2.2529065467344336;4.076624576860283;0.002482929857231533;1.0;0.0004655493482309125;0.00015518311607697082;0.00186219739292365;1.6760283924968964;3.9403404553224606;0.003754219191292917;False;True;False
2024-08-02;-0.00309294495341007;0.014142834817940304;1318.2142857142858;-0.11049723756906077;-0.008544745536348751;-0.8660254037844384;-0.5000000000000004;0.39435585511331855;0.9189578116202306;-0.433883739117558;-0.9009688679024191;1.0;0.00027490869104190396;0.001688724816400267;0.005498173820838078;1.5606343354013483;3.435541789969181;-0.0003826469603482214;-1.0;0.001526359046612657;0.004579077139837971;0.0063793980666118745;2.3278328082187723;3.401028136727307;2.609875769920948e-05;-1.0;0.00555903538991544;0.000274036955840902;0.006028813028499843;2.3095516758667674;3.8722132777931493;0.00010876611369975727;-1.0;0.0006656486158424371;0.0007439602177062532;0.005168565723011864;2.401658779416884;3.688394831800722;-0.0010393603130309597;False;True;False
2024-08-05;-0.023545651745217906;0.01837960962965872;1426.7857142857142;-0.9829059829059829;-0.03562553072146958;-0.8660254037844384;-0.5000000000000004;0.8486442574947509;0.5289640103269624;0.0;1.0;-1.0;0.0023426771144680505;0.002302286129735843;0.007674287099119477;2.5270365214367634;2.994682768170735;-0.004614061859939537;-1.0;0.0013774104683195593;0.0011343380327337547;0.0027548209366391185;1.3716219891789316;3.110711145533876;-0.00970725162312802;-1.0;0.0046194991490396305;0.0005673069130399546;0.005308371829159575;2.3620991880013227;3.4437499465002612;-0.016098165034335234;1.0;0.0008105698305909054;0.0006484558644727243;0.00899732511955905;2.2069101208986024;3.350194176766388;-0.011817287923482626;False;True;False
2024-08-06;-0.0004361444827722929;0.02791017044995557;1627.5;0.8451519536903039;-0.017416401467834127;-0.8660254037844384;-0.5000000000000004;0.9377521321470804;0.3473052528448203;0.7818314824680298;0.6234898018587336;-1.0;3.966679888932963e-05;0.0012296707655692185;0.005632685442284808;1.426932320622776;3.331436961904607;0.0021336874723328005;1.0;0.0019124267899119486;0.0007171600462169808;0.002828797960078091;1.227261246432743;3.2960196141269007;0.000947170880249287;1.0;0.002748565965583174;0.0003983428935627788;0.004461440407903123;2.4760966077974107;3.409498056709113;-0.0004199210548417155;1.0;0.0010741138560687433;0.0016310617814377212;0.003739507498905995;1.8890435697209191;3.3846041731498735;-0.0001280539769591026;False;False;True
2024-08-07;0.005307771528162877;0.01503371677905593;1696.7857142857142;0.820580474934037;-0.009924164404082015;-0.8660254037844384;-0.5000000000000004;0.9884683243281114;0.1514277775045767;0.9749279121818236;-0.22252093395631434;1.0;0.0016548463356973995;0.0015366430260047282;0.006461780929866036;1.4487566429547694;3.3618587270209415;-0.0006938171726295289;1.0;0.0021992695283352317;0.00035345403133959076;0.002906177591014413;1.0958680197545547;3.405489689273473;0.001727386934673367;-1.0;0.0014525183527656735;0.0021984061555372354;0.0038864680249676127;2.0259575867293607;3.4115504499754894;0.004402211140342891;1.0;0.0007853300349471865;0.0017669925786311697;0.004319315192209526;1.836881544830182;3.278156983514126;0.004533814152816937;False;False;True
2024-08-08;-0.0021929824561403508;0.00929866036249015;1666.0714285714287;0.5889830508474576;-0.005837000967631177;-0.8660254037844384;-0.5000000000000004;0.9987165071710528;-0.05064916883871264;0.43388373911755823;-0.900968867902419;1.0;0.001530612244897959;3.924646781789639e-05;0.0033751962323390894;1.1734129432263198;3.3587886854364197;0.001153507970087119;-1.0;0.0025072475123403587;0.00019587871190159054;0.00289900493614354;1.469176039664801;3.5210991729233183;0.0009665243002494298;1.0;0.0002742839230437679;3.918341757768113e-05;0.004388542768700286;2.004202620943394;3.616270553889062;0.0012054200542006052;1.0;0.0003121951219512195;0.001248780487804878;0.003473170731707317;1.8381615157320832;3.635935264061913;0.0022028338223710094;True;False;False
2024-08-09;-0.0025162589036853513;0.01467817896389325;1695.7142857142858;0.7700534759358288;0.00548260589624022;-0.8660254037844384;-0.5000000000000004;0.9680771188662043;-0.2506525322587204;-0.433883739117558;-0.9009688679024191;1.0;0.001125470563123375;0.0015523731905149997;0.004036170295338999;1.3853831247214772;3.3626962008952863;0.001261745428864169;1.0;0.0007363770250368188;7.751337105650724e-05;0.0048058290055034494;1.4283354087954911;3.7332735713142307;0.001857213322181525;1.0;0.001158032888134023;0.0010422295993206207;0.0028564811240639233;1.8755546516340877;3.779240089847828;0.0024088432837419973;-1.0;7.715156424796513e-05;0.0014658797207113374;0.003780426648150291;1.8779178801242835;3.755598629003664;0.0028094593723822035;True;False;False
2024-08-12;7.634170547370028e-05;0.01963752086001475;1801.4285714285713;0.9347826086956522;0.022036192564101564;-0.8660254037844384;-0.5000000000000004;0.6513724827222223;-0.7587581226927909;0.0;1.0;1.0;0.0014122137404580153;0.0007251908396946565;0.005229007633587786;1.6368583485347066;3.4870747046065467;0.00228724596138322;1.0;0.0005707328209420896;3.804885472947264e-05;0.002625370976333612;1.2228591871802519;3.511679216333357;0.002767757314937824;-1.0;0.000721445929526124;0.001442891859052248;0.002468104495747266;1.6480173648790863;3.3615953257571998;0.0035408015125427228;-1.0;0.0014054012990466062;0.0005697572833972727;0.004026284802674061;1.95137755458259;3.487338352934794;0.0028208088574244437;True;False;False
2024-08-13;0.0007228457295035191;0.006984732824427481;1717.142857142857;0.6721311475409836;0.02573701450631727;-0.8660254037844384;-0.5000000000000004;0.48530196253108104;-0.8743466161445821;0.7818314824680298;0.6234898018587336;1.0;0.0002661192214111922;0.00030413625304136254;0.005246350364963503;1.813533322883039;3.5068599534040903;0.0013075852558200403;-1.0;0.0012108369910700772;0.00022703193582563946;0.0031406084455880127;1.5338024670448622;3.539200552269001;0.0019414858894828038;1.0;0.0006443543190690975;0.0007201607095478149;0.002463707690558314;1.7333487836233987;3.6936589607525288;0.0029447894054889893;1.0;0.0007572315614114796;0.0006057852491291837;0.002195971528093291;2.0294705407875178;3.719376633648087;0.0024253276504166;False;True;False
2024-08-14;0.015610859728506787;0.00851581508515815;1756.0714285714287;2.8482142857142856;0.049377304790457655;-0.8660254037844384;-0.5000000000000004;0.29936312297335804;-0.9541392564000488;0.9749279121818236;-0.22252093395631434;1.0;0.000408405732531373;0.0014108561669265612;0.0023390510135887724;1.2083411769053043;3.138000340013978;0.004189137928190871;1.0;0.001521392259453041;0.0012245352332183011;0.0031541059037441094;1.4769774205521584;3.1079837390043905;0.007752225519287834;1.0;0.0010757075559182463;0.001965948291850588;0.004822137319633517;2.366855870102476;3.337547626615185;0.011597816204029504;-1.0;0.0009257202103236318;0.0007776049766718507;0.0021476708879508257;1.661014537202428;3.399199569747284;0.01010512624204546;True;False;False
2024-08-15;0.0011829944547134936;0.011361104923145467;1926.7857142857142;0.6078431372549019;0.05311868097682377;-0.8660254037844384;-0.5000000000000004;0.10116832198743272;-0.994869323391895;0.43388373911755823;-0.900968867902419;1.0;0.0013292962115057972;0.00040617384240454913;0.003987888634517392;1.4523906638893695;3.5031887411388927;-0.0011543798892285817;1.0;0.0003684191135836127;0.0026526176178020117;0.0038684006926279334;2.188544424053494;3.453613532695393;-0.00019223375624747804;-1.0;0.0011779430170065523;0.0012883751748509165;0.002650371788264743;2.052990983691423;3.449663027010083;0.0011740690287137224;1.0;0.0012149773572401605;0.0003681749567394426;0.003829019550090203;1.935082809983145;3.7975970325190063;0.0019959346606910366;True;False;False
2024-08-16;-0.0016492578339747114;0.010449745218226128;1908.5714285714287;0.5971731448763251;0.05631549863791917;-0.8660254037844384;-0.5000000000000004;-0.10116832198743204;-0.9948693233918952;-0.433883739117558;-0.9009688679024191;1.0;0.00011013215859030837;0.0005873715124816446;0.004698972099853157;1.6837178023631056;3.2326903634029693;0.0006134695154404552;1.0;0.0005484460694698354;0.00014625228519195613;0.002340036563071298;1.2590393499615546;3.8764638668214273;0.001630467846930776;-1.0;0.00025552108048914035;0.0012045993794488046;0.0016061325059317393;1.6712148566299516;3.7494095479852665;0.0024217200296933806;-1.0;0.0002555490654205607;0.0008761682242990654;0.0017888434579439252;1.5084333263100926;3.730401797752809;0.0023014539343902975;False;False;True
2024-08-19;0.0011012811570794024;0.007488986784140969;1895.7142857142858;0.31862745098039214;0.05412279481113843;-0.8660254037844384;-0.5000000000000004;-0.651372482722222;-0.7587581226927911;0.0;1.0;1.0;0.0019067874298705585;0.00022001393421583368;0.003300209013237505;1.5844295945085956;3.273186741457195;0.0004924163807802732;1.0;0.0002930188264596;7.32547066149e-05;0.0013185847190682002;0.9416585879652368;3.6369898888686465;0.0015368852459016393;1.0;0.00010978153474585575;0.000146375379661141;0.0020858491601712594;1.9792459011604129;3.6525537277087166;0.002613710616778909;1.0;0.0004018118059614261;0.0010227936879018118;0.004419929865575687;2.218277168765532;3.83996786335538;0.0036014600076077433;True;False;False
2024-08-20;-0.0014105392600094037;0.015180961460892524;1954.2857142857142;0.8333333333333334;0.06334222982210874;-0.8660254037844384;-0.5000000000000004;-0.7907757369376986;-0.6121059825476627;0.7818314824680298;0.6234898018587336;1.0;0.0005432814197754436;0.003223469757334299;0.003911626222383195;2.0793208975377087;3.4529005453891495;0.00040237238759732036;1.0;0.00010864054465126386;0.0011950459911639023;0.0022452379227927864;1.2861666210764775;3.564880949969412;0.0005225920566007163;-1.0;0.0007597684515195369;0.0002170767004341534;0.0027858176555716355;2.2283578898902925;3.667666111161471;-1.610889613786871e-05;-1.0;0.00043494019572308805;0.0009786154403769482;0.003189561435302646;2.431575163375695;3.7332371527763235;-0.0006414678721422101;False;True;False
2024-08-21;0.0012643138388180471;0.008149221296631655;1935.7142857142858;1.0533333333333332;0.06278229795326795;-0.8660254037844384;-0.5000000000000004;-0.8978045395707417;-0.44039415155763423;0.9749279121818236;-0.22252093395631434;1.0;0.0015874161194891407;0.0002886211126343892;0.002056425427520023;1.2573324924623157;3.250235068972002;0.000805588620760069;1.0;0.0005049776367046602;0.00032462848073871016;0.0010820949357957005;0.7490807542284731;3.544103948379376;0.0008854911671254625;1.0;0.00039665368527333044;0.001117842203952113;0.003569883167459974;2.087677158075757;3.6559383865064103;0.0017233037852709134;-1.0;0.0010436159493306463;0.0007197351374694113;0.0025190729811429393;2.097472758536787;3.687725514612025;0.0018407141971083152;False;False;True
2024-08-22;-0.0002882571253558174;0.005952810448084277;1865.357142857143;0.5636363636363636;0.059123078919843336;-0.8660254037844384;-0.5000000000000004;-0.9680771188662041;-0.2506525322587213;0.43388373911755823;-0.900968867902419;-1.0;3.604253018561903e-05;0.0009731483150117138;0.004180933501531808;1.9116536904148471;3.5589827022069778;-0.00014462884622337926;-1.0;0.0002892681515765114;0.0003615851894706393;0.0014463407578825572;1.101934794582543;3.4143101842113173;-0.001302742997756387;-1.0;0.0012303683867699211;7.237461098646595e-05;0.0035101686328435984;2.014361773282747;3.6200518641082953;-0.0028207949000029382;-1.0;0.0006890798970006891;0.000544010445000544;0.0023211112320023213;1.8591508558869716;3.753992617373493;-0.0034209135614212253;False;False;True
2024-08-23;0.0029850746268656717;0.014344927013876374;1842.857142857143;0.5125628140703518;0.047457201838524615;-0.8660254037844384;-0.5000000000000004;-0.9987165071710528;-0.05064916883871355;-0.433883739117558;-0.9009688679024191;-1.0;0.0010888501742160278;0.0013792102206736353;0.003157665505226481;1.8218373295489767;3.3907927026071634;0.0020944563493503353;-1.0;0.0012348817782297608;0.0012348817782297608;0.002542403661061272;1.1123500971098204;3.6329231732963443;0.0021712897380325885;1.0;0.0012712480023245678;0.0008717129158797036;0.002687781490629086;1.7600317688028622;3.5844297701206496;0.0023797711386196753;-1.0;0.0010890478091988237;0.0011979525901187062;0.00410208008131557;1.7864360560884793;3.6782121374056262;0.0016405830130964251;True;False;False
2024-08-26;0.0015607985480943739;0.008456736353077816;1665.7142857142858;0.5536480686695279;0.045232945312115275;-0.8660254037844384;-0.5000000000000004;-0.848644257494751;0.5289640103269624;0.0;1.0;1.0;0.0011234733446888704;0.0014134019497698692;0.004203964773674482;1.612272058774447;3.317395551979771;-0.0003577875063818371;1.0;0.0006512301013024602;0.0003979739507959479;0.0017004341534008684;0.8887813998662588;3.470960056137908;0.0008797936703065013;-1.0;0.00014462361703666208;0.00010846771277749656;0.0037240581386940486;2.209484160761123;3.483655553237597;0.0013263027195252958;1.0;0.0009070130247070348;0.00021768312592968834;0.006421652214925806;2.5829962636952217;3.639024998304361;0.0017603586480123856;False;False;True
2024-08-27;-0.0004322455154527772;0.008552893849889465;1616.0714285714287;0.8305084745762712;0.046812315039580825;-0.8660254037844384;-0.5000000000000004;-0.72479278722912;0.6889669190756865;0.7818314824680298;0.6234898018587336;1.0;3.603603603603604e-05;0.0007207207207207207;0.0024504504504504507;1.8292842626942467;3.117774272946687;0.00047966806969570075;-1.0;0.0005756016836349246;0.0004317012627261935;0.0012591286829513977;1.0828621586082514;3.5122663314545233;0.0005277677821759124;-1.0;0.00010795250089960417;0.0008636200071968334;0.002734796689456639;2.112775591675402;3.7540580742680545;0.0002843765145051583;-1.0;0.0015500522692044267;0.0014779568148228254;0.003316390901553657;2.2635266713307978;3.824923603390079;-0.00036058125698626187;True;False;False
2024-08-28;-0.0026330027051397658;0.004396396396396396;1541.4285714285713;-0.32786885245901637;0.038525963149078725;-0.8660254037844384;-0.5000000000000004;-0.5712682150947924;0.8207634412072763;0.9749279121818236;-0.22252093395631434;-1.0;0.0008679299869810502;0.0003254737451178938;0.0023144799652828007;1.5639021023047708;3.240037748000217;-0.001669422219003895;-1.0;0.0004706734250543085;0.0001448225923244026;0.0016292541636495294;1.0021947071379391;3.456978309014422;-0.0026295866756870182;-1.0;0.0011235140620469701;0.0003624238909828936;0.0024282400695853873;2.4942361831435593;3.78591593404349;-0.0036961796738332582;1.0;0.0013059566132191832;0.0022491475005441486;0.003591380686352753;2.588942856193711;3.795208030810026;-0.0035428833992334533;True;False;False
2024-08-29;0.0010778572198469442;0.012729639809055403;1533.5714285714287;1.0198863636363635;0.042121719876724216;-0.8660254037844384;-0.5000000000000004;-0.3943558551133187;0.9189578116202306;0.43388373911755823;-0.900968867902419;-1.0;0.0007895775759968417;0.0005383483472705739;0.0022969529483544485;1.1001949211200213;3.2077772771107678;0.0010218581852437058;-1.0;0.00035924701824974854;0.00025147291277482397;0.0028739761459979883;1.1683536942812127;3.6901088867695115;0.00019203302968103528;-1.0;3.6006193065207214e-05;0.001512260108738703;0.004968854642998596;2.4275553622922397;4.065140820592202;-0.0013448306316289041;1.0;0.0005419466724474311;0.0019510080208107522;0.00260134402774767;2.13535532005064;3.97200778511474;-0.002749579535100126;False;False;True
2024-08-30;0.0024005237506365025;0.014535405376305495;1497.5;0.19753086419753085;0.02703991891005575;-0.8660254037844384;-0.5000000000000004;-0.20129852008866114;0.9795299412524943;-0.433883739117558;-0.9009688679024191;-1.0;0.0012699564586357039;0.0011611030478955006;0.0048621190130624095;1.7358372383399372;3.3904938122628483;-0.0016610288679543377;-1.0;0.0005819663186993053;0.0006547121085367185;0.005019459498781508;1.665643758908113;3.60037528901902;-0.0022190579348561534;-1.0;3.6511008068932787e-05;0.0011318412501369164;0.0032859907262039506;2.2952367505949804;3.7128391195625063;-0.003158806239557177;1.0;0.0013904134650567143;0.0004756677643615075;0.004281009879253567;1.6339944287840162;3.6111198684892023;-0.003593387518048029;True;False;False
2024-09-02;-0.005614924832457888;0.01806966618287373;1610.0;0.30120481927710846;0.018670051100497645;-1.0;-1.8369701987210297e-16;0.40673664307580015;0.9135454576426009;0.0;1.0;1.0;0.0006557377049180328;0.0015300546448087432;0.0032422586520947177;1.3794508373283234;3.1123215402139377;0.0025231388818129194;-1.0;3.6391426179992e-05;0.0006550456712398558;0.0029113140943993593;1.0659594232506744;3.3393192205442603;0.00013778458595743715;-1.0;0.0017142023488219418;0.0001458895616018674;0.005580275731271428;2.1500887030059266;3.440344659993585;-0.003005971266331542;-1.0;0.0015008968774023503;0.0004392868909470293;0.003880367536698759;1.5742630931596517;3.758175355450237;-0.005086071987480296;True;False;False
2024-09-03;-0.003854059609455293;0.009908925318761384;1661.7857142857142;-0.3161764705882353;0.003362534452576064;-1.0;-1.8369701987210297e-16;0.5877852522924731;0.8090169943749475;0.7818314824680298;0.6234898018587336;1.0;0.0012896569512509672;0.0007000994878219537;0.0067062161465050295;1.940346987684803;3.422221084479812;-0.0008964845580534638;1.0;0.0013569516265082334;0.0007701617339641324;0.00238383393846041;1.368403264426883;3.6708729898864294;-0.0007740379523028006;1.0;0.0004766269477543538;0.0011732355637030247;0.002749770852428964;2.3981966133132535;3.827318398578101;3.255407027605184e-05;-1.0;0.00018311664530305805;0.001208569859000183;0.004724409448818898;2.1814285142993945;3.8144787278283037;-0.00028580060916370294;False;True;False
2024-09-04;-0.0024959624137424756;0.0072957736099340436;1488.9285714285713;0.2828282828282828;0.001033227186583149;-1.0;-1.8369701987210297e-16;0.7431448254773941;0.6691306063588582;0.9749279121818236;-0.22252093395631434;1.0;0.00025758021783926994;0.0009199293494259641;0.003385340005887548;1.438156017547249;3.0788603370244965;0.0007791974674043476;1.0;0.0012115871792047583;0.00011014428901861439;0.003781620589639094;1.6660966636307617;3.636654015485046;0.0014527785916591996;1.0;0.0010987401113389979;0.0007691180779372986;0.004907705830647524;2.4141537726665665;3.5756168936739043;0.0024626444825809253;1.0;0.0009493208704542135;0.00036512341171315903;0.006389659704980283;2.312981738631107;4.092922131138026;0.004682271547531064;True;False;False
2024-09-05;-0.0005075406032482598;0.019907271121577863;1573.5714285714287;0.7744916820702403;0.011730124567207394;-1.0;-1.8369701987210297e-16;0.8660254037844386;0.5000000000000001;0.43388373911755823;-0.900968867902419;-1.0;0.0035545883206383752;0.0011606819006166123;0.005186797243380486;1.7596516366905905;3.235926775670626;-5.644865390123026e-05;-1.0;0.00039915813919732927;0.0019232164888598592;0.00417301690979026;1.5523093132446655;3.5552277418954716;-0.0010058045830758937;1.0;0.0010178857059764432;0.0013814163152537444;0.0038534244583393923;2.014467230422651;3.5815438356650806;-0.0013713437555459929;1.0;0.001851314069986932;0.0017424132423406419;0.0037752286917380573;1.9131516601669876;3.5107232110408693;-0.0014154538525750372;False;False;True
2024-09-06;-0.0033631070769898383;0.007762060210373595;1577.142857142857;0.4953271028037383;0.007995201416167424;-1.0;-1.8369701987210297e-16;0.9510565162951535;0.30901699437494745;-0.433883739117558;-0.9009688679024191;1.0;0.0023584905660377358;3.6284470246734395e-05;0.00272133526850508;1.0993436053435688;3.003897149915664;0.0004755744173204173;1.0;0.004679168631433857;0.002067539627842867;0.008850520512169465;2.466003997281981;3.2758993599646877;0.00040218304959302795;-1.0;0.00025337532124371085;0.004162594563289535;0.006370579505556159;2.5405016470344357;3.3122898480180867;-0.0005762481010005294;-1.0;0.0009429856376033657;0.00025388074858552153;0.004424778761061947;1.731796555643935;3.2476018410977763;-0.0012452142132308994;False;False;True
2024-09-09;0.00430416068866571;0.022714078374455732;1644.2857142857142;0.2715654952076677;-0.003309523505283737;-1.0;-1.8369701987210297e-16;0.9510565162951536;-0.30901699437494734;0.0;1.0;-1.0;0.002197802197802198;0.0008058608058608059;0.005567765567765568;1.4654765083512389;3.1095674504984596;-0.00013465540457814124;-1.0;0.0001836210062431142;0.0014689680499449136;0.0022401762761659933;0.9712266645428563;3.319918805252009;0.0004695295721972217;1.0;0.0005144600007349428;0.0015066328592951898;0.0029397714327711023;2.0745459816962444;3.35003005896415;0.0009382317187589471;1.0;0.0006975548865555474;0.0012115426977017403;0.0036346280931052206;1.6663155182906892;3.360430808847837;0.001360128682833513;False;True;False
2024-09-10;-0.0008097165991902834;0.00695970695970696;1631.7857142857142;-0.11578947368421053;-0.010457482986998312;-1.0;-1.8369701987210297e-16;0.8660254037844387;-0.4999999999999998;0.7818314824680298;0.6234898018587336;-1.0;0.002983645204066598;0.0004051863857374392;0.004972742006777663;2.0182788739327155;3.2999731392009255;-0.001758593125499672;-1.0;0.0008116883116883117;0.0003320543093270366;0.0015864817001180638;1.1987818865528097;3.474791567871662;-0.002419738504191503;1.0;0.0005536894171496069;0.000701339928389502;0.002842272341367982;1.8624816177006451;3.5818396737836964;-0.002522460545604916;-1.0;0.001216186334488096;3.6854131348124126e-05;0.00420137097368615;1.9670309783720632;3.539383724069493;-0.0023779601291246105;False;True;False
2024-09-11;0.0020645922430320013;0.008177397966701047;1652.142857142857;0.7792792792792793;-0.010380446457504251;-1.0;-1.8369701987210297e-16;0.7431448254773945;-0.6691306063588579;0.9749279121818236;-0.22252093395631434;1.0;0.00047829286239882266;0.00029433406916850625;0.0027961736571008094;1.7275295568521065;3.258210529399701;0.0013911837300858306;-1.0;0.0;0.0013952122191217505;0.003414598325745337;1.931785384944088;3.416188790433701;0.001504318784771995;-1.0;0.0029800228100511387;0.0006254368860601155;0.004745962253044406;2.859831588087921;3.5130413262268387;0.0016697360343770613;-1.0;0.0008471766915908505;0.001141846845187668;0.0031308703819661866;2.449882148450093;3.6296023857275483;0.0002458391720137402;False;True;False
2024-09-12;0.0037192517307409042;0.00952906548933039;1600.0;0.9806949806949807;-0.007768361581920904;-1.0;-1.8369701987210297e-16;0.5877852522924732;-0.8090169943749473;0.43388373911755823;-0.900968867902419;-1.0;7.337564662288586e-05;0.00033019040980298637;0.004145724034193051;1.5438248598576603;3.212242561205273;-0.000711962192352687;-1.0;0.0014730794726375489;0.00029461589452750976;0.0030566399057229137;1.2298245415077433;3.5707511206065936;-0.0010611666277436857;-1.0;0.00011062354806593163;0.0005162432243076809;0.00317120837789004;1.7446730870341278;3.7349902531176467;-0.0017991373998768431;-1.0;0.003068391866913124;0.0003696857670979667;0.004066543438077634;2.202442172610864;3.66961205578496;-0.0027291746301846267;False;False;True
2024-09-13;-7.39316871211001e-05;0.011519976519793081;1628.9285714285713;0.3343949044585987;-0.01488596531160377;-1.0;-1.8369701987210297e-16;0.40673664307580004;-0.913545457642601;-0.433883739117558;-0.9009688679024191;1.0;0.0007763401109057302;0.0011460258780036968;0.002846580406654344;1.5143095846202606;3.1040927344041838;-0.0005129783523134846;1.0;0.00025855063898943637;0.00033242225012927533;0.0030656718623033167;0.9618218821975993;3.402712166677521;0.0004380416671783499;1.0;0.00022106775726760252;7.368925242253417e-05;0.006889945101506945;2.619456064639891;3.498783516742508;0.002834716121685351;1.0;0.0009150805270863836;0.00036603221083455345;0.0032576866764275256;1.7431145581147045;3.6826822445377845;0.00531729215882064;False;True;False
2024-09-16;0.0016542293129434254;0.014713493530499076;1685.357142857143;0.5753768844221105;-0.007606480714284413;-1.0;-1.8369701987210297e-16;-0.20791169081775907;-0.9781476007338057;0.0;1.0;-1.0;0.0005504991192014092;0.0021285965942454492;0.0034130945390487377;1.7679600105975888;3.2992219056932695;6.529226449886847e-05;1.0;7.345379756133391e-05;0.0014323490524460114;0.0023505215219626853;1.0498417611930264;3.544860936980273;0.00020386611704363886;1.0;0.0013944442405783273;0.0005504385160177608;0.00455029173241349;2.8098646491465327;3.351230277333704;0.0011752840608708149;1.0;0.0016835632983200966;0.001427368883358343;0.003403725798777587;1.7829807951986627;3.442883609025868;0.001947320706239032;False;False;True
2024-09-17;0.0021650581630031926;0.007596887844979448;1715.7142857142858;0.6763285024154589;-0.004626972021307033;-1.0;-1.8369701987210297e-16;-0.4067366430758002;-0.9135454576426009;0.7818314824680298;0.6234898018587336;1.0;0.0013181984621017941;0.0008787989747345295;0.0022336140607835957;1.2944872640228733;2.990336;0.0007282372995821315;-1.0;0.0002196916993152942;0.0016843030280839222;0.006847057961993336;2.9734776500609845;3.8051528342387066;0.00011856867170388612;-1.0;0.0004047540199433344;0.0009934871398609118;0.00467306913934577;2.805478753057484;3.691217338041789;-0.0012633720548663242;-1.0;7.383343177790904e-05;0.0018827525103366804;0.00228883638511518;1.9539093402686538;3.7577519161723822;-0.0035164600695086526;True;False;False
2024-09-18;-0.0017977033422607036;0.011680703039179787;1703.9285714285713;0.5642633228840125;-0.007574141047175609;-1.0;-1.8369701987210297e-16;-0.587785252292473;-0.8090169943749476;0.9749279121818236;-0.22252093395631434;-1.0;0.0011026168773890033;0.0012496324610408703;0.004079682446339312;1.7364426442828456;3.1954578210151783;0.0009245282247013145;-1.0;7.363228039172373e-05;0.0008467712245048229;0.004638833664678595;1.6381244560765087;3.420010821393833;-0.0007062233883118357;1.0;0.0014781419755367502;0.0018846310188093567;0.006688592439303795;2.914966598788299;3.6179881949890618;-0.002029800416600214;-1.0;0.0012523020257826888;0.0018784530386740331;0.00578268876611418;2.694716325823613;3.7042676009214355;-0.00270412224766301;False;False;True
2024-09-19;0.008543833580980683;0.013194648632755072;1690.357142857143;0.724233983286908;-0.008182947322276613;-1.0;-1.8369701987210297e-16;-0.743144825477394;-0.6691306063588585;0.43388373911755823;-0.900968867902419;1.0;0.0014732965009208103;0.0014732965009208103;0.004640883977900552;2.0332300830424996;3.2472140053589427;-0.0008906538543250775;-1.0;0.00029416090601559053;0.00033093101926753935;0.004191792910722165;1.7854153765998342;3.3974247864306055;0.0013653640355732685;-1.0;0.002140300380087826;0.001070150190043913;0.0036901730691169415;2.2092877279242398;3.3136103994858193;0.003856030585706409;-1.0;0.0007383888355608063;0.0009599054862290482;0.005279480174259765;2.0599346567916372;3.408457155668254;0.0015561895587091036;False;False;True
2024-09-20;0.0001869648132221516;0.01848987108655617;1691.7857142857142;0.027888446215139442;-0.02156915462740945;-1.0;-1.8369701987210297e-16;-0.8660254037844384;-0.5000000000000004;-0.433883739117558;-0.9009688679024191;1.0;0.0008224914012262599;0.0013085090474054136;0.004112457006131299;1.790120849083957;2.946504938803517;-0.0018780393766401028;-1.0;0.00048503842996791286;0.001380493992985598;0.003246026415939109;1.7006732902845685;3.3071949475746187;-0.0014861863544844084;-1.0;0.0017560246590696805;0.0020549224733794136;0.0041472071735475435;2.5508362554410873;3.240568286189297;-0.000818092722712199;-1.0;0.0010465333582507941;0.0008970285927863951;0.005905438235843767;1.9388495916777524;3.406513451266722;-0.0018137015772951035;False;False;True
2024-09-23;-0.0015956234328698426;0.018730372364288917;1735.0;-0.08383233532934131;-0.03652444892534714;-1.0;-1.8369701987210297e-16;-0.9945218953682734;0.10452846326765299;0.0;1.0;-1.0;0.0007990867579908676;0.003424657534246575;0.0047184170471841706;1.7079250445990597;3.0280166510338415;-0.0013493906591709674;1.0;0.0012182122734886553;0.0012943505405816963;0.0028171158824425156;1.3061938730852483;3.2489563817792146;-0.0021016220970552905;-1.0;0.0011036687471456842;0.00038057543005023595;0.002549855381336581;1.6663022106365626;3.387197496586671;-0.002624538589183465;-1.0;0.003924258010439288;0.0007238922543528785;0.004838648226463977;1.8110606266978302;3.53948256081264;-0.002366858894562625;False;True;False
2024-09-24;0.009363580998781974;0.00684931506849315;1728.5714285714287;1.9333333333333333;-0.025136250425064562;-1.0;-1.8369701987210297e-16;-0.9510565162951536;0.30901699437494723;0.7818314824680298;0.6234898018587336;1.0;0.0011690172712874275;0.0012067275058450864;0.004713779319707369;1.9701505380756783;3.131826963102112;0.002499790987375613;1.0;0.0010158013544018058;0.001128668171557562;0.0036117381489841984;1.3316674594876012;3.195170584643566;0.0056976846112424505;1.0;0.0007889101769412826;0.0021788947744092566;0.003456177918028476;2.4860686381497326;3.2608544674144775;0.00871966890290699;1.0;0.0028536026733751363;0.0009386850899260317;0.0061953215935118084;2.3093327628512244;3.5425451928449;0.008240626287597858;False;False;True
2024-09-25;0.0035364936042136946;0.011539331774643639;1714.2857142857142;0.6764705882352942;-0.01733316141391442;-1.0;-1.8369701987210297e-16;-0.8660254037844386;0.5000000000000001;0.9749279121818236;-0.22252093395631434;-1.0;0.003561520581839994;0.0021369123491039965;0.005923371072954937;2.007195583781627;2.9013653717307792;0.0002499875006250415;-1.0;0.0013499831252109348;0.0004499943750703116;0.0018374770315371057;1.0776649575907165;3.198899619691699;0.000883355417218788;-1.0;0.0028125703142578566;0.00018750468761719044;0.0043126078151953795;2.4046695141282797;3.1574888488382613;0.0014644587135293455;-1.0;0.000901205362171905;0.0006383537982050993;0.0027411663099395443;1.8969709432248056;3.300047513640468;0.0007477306999844954;False;False;True
2024-09-26;0.0065695084195424;0.01259653595261303;1757.857142857143;0.6755952380952381;-0.015405978841938683;-1.0;-1.8369701987210297e-16;-0.743144825477394;0.6691306063588585;0.43388373911755823;-0.900968867902419;1.0;0.0019129782445611403;0.0010877719429857465;0.006339084771192798;1.8694620524265768;2.9287807731001476;0.0025213819000502375;-1.0;0.0017570750308422746;7.476915024860742e-05;0.004598302740289357;1.5916706345065674;2.965933889233455;0.004102884515255625;-1.0;0.0016120566844117867;0.00026242783234610483;0.003561520581839994;2.050184966574731;2.965065248575682;0.005320014520510075;1.0;0.004243653297281057;0.0007135346252065494;0.00548295027790296;2.4039536479196735;3.3119086001416336;0.0032905437529715713;False;False;True
2024-09-27;0.00048676376979818025;0.009414853713428357;1646.4285714285713;0.6812749003984063;-0.011753914889525036;-1.0;-1.8369701987210297e-16;-0.5877852522924734;0.8090169943749473;-0.433883739117558;-0.9009688679024191;-1.0;0.0004491017964071856;0.0025449101796407186;0.004154191616766467;1.5180809490634264;2.968719778478833;-0.0009658577607919064;1.0;0.001236464461013901;0.001273933081044625;0.0027352092622428717;1.3574022204239362;3.178801399711212;-0.0010197498491187416;1.0;0.00116126615471062;0.0005619029780857839;0.002472373103577449;2.0372886904845986;3.356832423238743;-0.0006654605194750211;1.0;0.0008235073928504586;0.0002620250795433277;0.0047538835860003745;2.2466336530796864;3.479395763988398;0.0006630282988764849;True;False;False
2024-09-30;0.0025867886331258903;0.011152694610778443;1685.0;0.40939597315436244;-0.009197425091464827;-1.0;-1.8369701987210297e-16;-1.133107779529596e-15;1.0;0.0;1.0;1.0;0.000822645178177467;0.002580114422465692;0.006169838836331002;1.4512370681206876;2.9162904498366484;0.0005717766093646341;-1.0;0.00033559549556268177;0.0007830561563129242;0.004288164665523156;1.1800552628880836;3.009463858099485;0.001425620435832364;-1.0;0.0003740834954361814;0.002020050875355379;0.003927876702079904;1.9259555429938338;2.9901918812237245;0.0016318442754320258;-1.0;0.000711850436476715;0.0005619871866921434;0.003896444494398861;1.7478477551719829;3.089147815842594;-0.0005676387480224854;True;False;False
2024-10-01;-0.001733559449783305;0.01301275100026175;1730.0;-0.005747126436781609;-0.01731723784862627;-0.8660254037844386;0.5000000000000001;0.20129852008866006;0.9795299412524945;0.7818314824680298;0.6234898018587336;1.0;0.0012458001434557742;0.0005662727924798973;0.004945449054324437;1.9262866511914682;2.970945192014682;9.199324267814984e-05;1.0;0.0004892367906066536;0.0;0.0024085503537558334;1.3505009929438931;3.20774378685211;0.000984946182707614;-1.0;0.0015776425512733828;0.0009390729471865374;0.003793854706633611;2.6565016894356437;3.06201706249765;0.001341457299031999;1.0;0.0022190461862494357;0.0030088761847449977;0.005641642846396871;3.190321000256214;3.2599303712384957;0.0014996386664494002;True;False;False
2024-10-02;0.001760497434168633;0.012231492317565783;1753.2142857142858;0.8333333333333334;-0.006849633008955212;-0.8660254037844386;0.5000000000000001;0.39435585511331855;0.9189578116202306;0.9749279121818236;-0.22252093395631434;1.0;0.0002991325157044571;0.000560873466945857;0.005795692491773856;2.0354107098276994;2.859734283488647;0.0018066511220254577;1.0;0.00026046511627906974;0.0005581395348837209;0.0037209302325581397;1.55714954062731;3.229471383876868;0.0043367672945085;1.0;0.00040811783474937856;0.00011130486402255778;0.004526397803584017;2.6463212487416277;3.221570250006269;0.007448193176732427;-1.0;0.001219467129817819;0.0008129780865452126;0.004138797531502901;2.2520114294307843;3.2077866438172764;0.007784854918612976;False;True;False
2024-10-03;-0.0019755479349932905;0.013722704157941969;1783.5714285714287;0.12534059945504086;-0.0043007513764077845;-0.8660254037844386;0.5000000000000001;0.5712682150947923;0.8207634412072763;0.43388373911755823;-0.900968867902419;-1.0;0.00048552754435107374;0.0004108309990662932;0.00892623716153128;2.009112688912907;3.1172161957438296;-0.002401271753681295;-1.0;0.0006024323204939945;0.0007906924206483678;0.0024473813020068525;1.5479162683391636;3.20877500811895;-0.004288484330699001;-1.0;0.0004899743705713855;0.00041459369817578774;0.004259007990351274;2.2115351572410478;3.201749630321059;-0.007660082273401513;1.0;0.001739656606913244;0.001626200741244989;0.00389531805461009;1.8994281493443081;3.4356907816300253;-0.00758072102946614;False;False;True
2024-10-04;0.0017434808975136447;0.017927170868347338;1827.142857142857;0.25416666666666665;-0.01480586867060297;-0.8660254037844386;0.5000000000000001;0.7247927872291199;0.6889669190756866;-0.433883739117558;-0.9009688679024191;-1.0;0.00340522133938706;0.001172909572455543;0.006205069996216421;1.5797031007778977;2.8741238400924263;-0.0003326553900701486;-1.0;0.0029186566598438327;0.0014403760139489045;0.00727768933363657;2.087316211099978;3.0775254766153344;-0.0012333945806669378;1.0;0.0008743584869796617;0.0009884052461509218;0.004333776848507888;1.9940345847786427;3.0497639910290513;-0.001188218935659135;1.0;0.0016686260381508589;0.00216162918578634;0.004854184838257045;1.8248388020408706;3.4159087448260586;-0.0009976259029145095;False;True;False
2024-10-07;-0.002269117313365101;0.009572455542943625;1843.5714285714287;0.45454545454545453;-0.015235077071237004;-0.8660254037844386;0.5000000000000001;0.9884683243281114;0.1514277775045767;0.0;1.0;1.0;0.0004927602152983094;0.00045485558335228563;0.008718065347585475;1.894351826788543;2.914965442394471;0.0015379278929133636;1.0;0.0;0.0005642067253441661;0.0023320544647558866;1.1416773294152267;3.1259505655465603;0.003066371293758443;-1.0;0.0002628318251792889;0.0002628318251792889;0.008635902827319492;2.211133367884607;3.1657812670597227;0.002742341842163902;1.0;0.0006056476644711938;0.0009463244757362405;0.0070028011204481795;1.9014915210480632;3.4082277031949215;0.0019367684829622693;False;True;False
2024-10-08;-0.007028681555379209;0.01137138958380714;1836.7857142857142;-0.31;-0.017858477731098717;-0.8660254037844386;0.5000000000000001;0.9987165071710528;-0.05064916883871264;0.7818314824680298;0.6234898018587336;-1.0;0.002397533965064505;0.003120599764052213;0.0067739848536743155;2.590618875831858;3.068512999597762;-0.0017485478162205996;-1.0;0.00030483158055174517;0.0011812223746380125;0.004420057918000305;1.7521687327328104;3.3090414135678463;-0.004161305800775535;1.0;0.0005350045857535922;0.0018343014368694588;0.004050749006420055;2.407597999168314;3.2490063893359378;-0.006320260440510671;1.0;0.0004578055852281398;0.0005722569815351747;0.004654356783152755;2.1380534667095237;3.221504172418916;-0.004983886840426752;False;False;True
2024-10-09;-0.0005689360895126114;0.010160977280511473;1828.2142857142858;0.8614232209737828;-0.013731034908681225;-0.8660254037844386;0.5000000000000001;0.9680771188662043;-0.2506525322587204;0.9749279121818236;-0.22252093395631434;-1.0;0.0005692599620493358;0.00030360531309297915;0.007210626185958254;2.0900447448575052;3.047776848648764;-0.0011160761647719822;-1.0;0.0006110601894286587;0.0005346776657500764;0.002253284448518179;1.5012715174500495;3.5209330253475564;-0.0026423670851123075;-1.0;0.0004970178926441351;0.0005352500382321456;0.0036320538308609878;1.6712123817032385;3.6351395621297176;-0.004987393096868767;1.0;0.0011116222017785956;0.00130328120208525;0.00390984360625575;2.2474267412537907;3.5707076050201203;-0.00482685004444098;False;True;False
2024-10-10;0.001807622783739087;0.0149146110056926;1789.2857142857142;0.19338422391857507;-0.022922754331541575;-0.8660254037844386;0.5000000000000001;0.8978045395707416;-0.4403941515576344;0.43388373911755823;-0.900968867902419;-1.0;0.0011517199017199017;0.0004222972972972973;0.0023802211302211304;1.2845083926370833;2.8997044010436985;7.257420712673745e-05;1.0;0.0006147462250739616;0.001844238675221885;0.0036116340723095245;1.8197491861528843;3.060624145901169;0.00029422675928420796;1.0;0.0016119128031931225;0.0011129874117285846;0.002840036843721216;1.6948104874248457;3.073347134915639;0.0008485019037994357;-1.0;0.001074443591711435;0.0022256331542594016;0.0037989255564082887;2.0415205630697986;3.23389003480484;0.0008616901925153264;True;False;False
2024-10-11;-0.0010346809733665454;0.0057585995085995085;1663.9285714285713;0.5933333333333334;-0.020414298463995492;-0.8660254037844386;0.5000000000000001;0.7907757369376989;-0.6121059825476626;-0.433883739117558;-0.9009688679024191;1.0;0.000882307810342182;0.0005754181371796839;0.004833512352309345;1.5181766176300848;3.081045036418972;0.0004970178926441351;-1.0;0.0012233818863019458;0.0003440761555224223;0.005696371908093436;2.1629759502037316;3.3683997706500532;-2.9858258581062657e-05;-1.0;0.0004990594648546969;0.0011132864985220162;0.006103881147068986;2.21375728872353;3.5674377025365964;-0.0013882461823229986;-1.0;0.0008098415024488065;0.001079788669931742;0.0029694188423122904;1.6826224044483076;3.4703724390746507;-0.0038391091550956952;True;False;False
2024-10-14;-0.0013049819605434865;0.01204541967162805;1711.7857142857142;0.46178343949044587;-0.020102584187573908;-0.8660254037844386;0.5000000000000001;0.29936312297335804;-0.9541392564000488;0.0;1.0;-1.0;0.0004996156802459646;0.0004996156802459646;0.005726364335126826;1.994370121806363;3.0506630544899886;-0.00045479313348179717;1.0;0.0002703120172999691;0.00011584800741427248;0.005290392338585109;1.7637981621633407;3.053303676500426;-0.0007002352619691004;-1.0;0.0023055640946818322;0.0008453735013833385;0.00357362434675684;2.424906638775855;3.163989765985961;-0.0013283956312442318;-1.0;0.0035752729509457176;0.0016915269875442103;0.005651237890204521;2.750200380068168;3.1644587963080677;1.2819526702999503e-05;False;True;False
2024-10-15;-0.004421068679015169;0.014219830899308224;1665.0;0.6432432432432432;-0.014381309391525158;-0.8660254037844386;0.5000000000000001;0.10116832198743272;-0.994869323391895;0.7818314824680298;0.6234898018587336;1.0;0.0025266059260393536;0.0015312763188117297;0.006010259551336039;2.2425544167270113;3.1392442859808862;-0.00044150672660960884;-1.0;0.001795743705345203;0.0004966950674359072;0.0031712069690138693;1.2124338652987032;3.211115063981486;-0.0009305289993626884;0.0;0.0044359464627151055;0.0002676864244741874;0.004703632887189293;2.585238281775818;3.331673910542286;-0.0017123433184618776;-1.0;0.0009560229445506692;0.0012237093690248566;0.005124282982791587;2.373178994865178;3.64011754036205;-0.00231401577621798;True;False;False
2024-10-16;0.018544717623217223;0.00861342929331598;1625.357142857143;2.6533333333333333;0.007185812132887426;-0.8660254037844386;0.5000000000000001;-0.10116832198743204;-0.9948693233918952;0.9749279121818236;-0.22252093395631434;1.0;0.001614235302950672;0.0006757264058863278;0.006043997297094377;1.7688086644214065;2.967754335306406;0.004483839063837519;-1.0;0.0003739995512005386;0.002842396589124093;0.005871792953848456;2.644004938954664;3.2818759677287916;0.008574892813839682;-1.0;0.0003374831258437078;0.0026623668816559173;0.0035623218839058047;2.085948009304609;3.2612305951807135;0.012769044135119176;-1.0;0.001988519116046974;0.00011255768581397966;0.0038644805462799683;1.6240459738078343;3.399390060023758;0.00936714358498928;True;False;False
2024-10-17;-0.0009365751320570936;0.010886703205946393;1770.0;0.296551724137931;0.008753016651157864;-0.8660254037844386;0.5000000000000001;-0.2993631229733582;-0.9541392564000488;0.43388373911755823;-0.900968867902419;-1.0;0.0006749662516874156;0.000712464376781161;0.006824658767061647;2.0454942563255734;3.340166898885563;-0.0030748993536008824;-1.0;0.0009802812653168947;0.00037703125589111337;0.0038457188100893564;1.5993863360300975;3.5681123743197123;-0.00493463187646204;-1.0;0.00041578469912307225;0.0015119443604475356;0.0029860901118838826;1.7967204738407143;3.532992217246222;-0.0067478936481510975;1.0;0.0010216437112153776;0.0013621916149538368;0.005146057212047828;2.459547860288646;3.5329358881027937;-0.005894955745904864;True;False;False
2024-10-18;0.0033829499323410014;0.011174441277936103;1772.5;1.0268456375838926;0.010002024241713378;-0.8660254037844386;0.5000000000000001;-0.4853019625310808;-0.8743466161445822;-0.433883739117558;-0.9009688679024191;-1.0;0.0013486176668914363;0.002509927324492395;0.0065932419270247995;2.0343299962509955;3.1382245971053444;0.0005801601909937191;1.0;0.0008639795650050712;0.0004507719469591676;0.004244769167198828;1.5587300716840788;3.6064895381294195;0.0015314764181762462;1.0;0.002097378277153558;0.0006367041198501873;0.0030337078651685393;2.1503210530996246;3.492892504372933;0.002308921172183189;-1.0;0.00022466020144531397;0.00044932040289062794;0.009098738158535215;2.5324111873787447;3.9258952425498856;0.000927254571239189;False;True;False
2024-10-21;-0.0012848613105585368;0.012736944631752454;1769.642857142857;0.011764705882352941;-0.0003271972810473339;-0.8660254037844386;0.5000000000000001;-0.8978045395707417;-0.44039415155763423;0.0;1.0;1.0;0.00041622521568033903;0.0009838050552444376;0.006016346299379446;2.482205530111656;3.2585539081090977;0.0005607867754762115;1.0;0.00011299435028248587;0.0007156308851224106;0.0021092278719397365;1.433363543959948;3.41535991772179;0.0007857692179088021;-1.0;0.001429377468497273;0.0015422230581154787;0.003272522098927967;2.5498239734754145;3.391067493711188;0.001797711471489453;-1.0;0.001053582179409994;0.00015051173991571343;0.0028973509933774835;1.642183915516674;3.3673867033053395;0.0014113468939898155;False;False;True
2024-10-22;-0.0012857358947209196;0.00836234296957772;1732.857142857143;0.03619909502262444;-0.0013329425889337405;-0.8660254037844386;0.5000000000000001;-0.9680771188662041;-0.2506525322587213;0.7818314824680298;0.6234898018587336;-1.0;0.0006436955698599016;0.0011737978038621735;0.006134040136312003;2.6883696321375323;3.177359303057405;-0.0016352296927289321;-1.0;0.0011789313557710591;0.0007606008746910059;0.0024719528427457694;1.37575799676574;3.640467982102252;-0.003297692883325163;1.0;0.0015981127049960048;0.001522012099996195;0.006544652029983639;3.3417966393670104;3.5749395246588995;-0.003690923109981851;-1.0;0.002085545275291976;0.0007583801001061733;0.008000910056120128;2.748229422498506;3.69391424549521;-0.003540512612017365;True;False;False
2024-10-23;-0.004617014834998486;0.00935251798561151;1680.357142857143;0.44534412955465585;-0.005123413944990912;-0.8660254037844386;0.5000000000000001;-0.9987165071710528;-0.05064916883871355;0.9749279121818236;-0.22252093395631434;-1.0;0.0001520796897574329;0.00038019922439358223;0.005931107900539883;2.8067477109954715;3.3948199337562905;-0.001074583758070046;-1.0;0.00045871559633027525;0.0006880733944954129;0.0012232415902140672;0.8522671811682274;3.679658685489749;-0.003478859240003058;1.0;0.0013763046220896893;0.0003440761555224223;0.00401422181442826;2.526860745160602;3.5230016645717974;-0.005505333689336473;1.0;0.00102990540128166;0.0021361000915471468;0.00377631980469942;1.9733827671723472;3.542361242107539;-0.0040281589915624316;False;False;True
2024-10-24;0.003937308868501529;0.00836438293665881;1615.357142857143;0.8045454545454546;-0.005985734913128309;-0.8660254037844386;0.5000000000000001;-0.9884683243281114;0.15142777750457667;0.43388373911755823;-0.900968867902419;-1.0;0.0018276662985949816;0.00026653466854510146;0.004797624033811827;2.473438175225366;3.3644266170859516;-0.00034785854883588477;1.0;0.0017181474552327135;0.0006490779275323584;0.0027108548738116146;1.5463249886149237;3.412015695938073;-0.0003350296861747367;-1.0;0.00034352456200618345;0.001984808580480171;0.003282568036947975;2.0290394603739865;3.4773934557450215;-0.00017404888651166052;1.0;0.0012608413250296106;0.001528292515187407;0.0034768654720513507;1.738516940382708;3.481584271710719;-0.00016545123642974278;False;True;False
2024-10-25;0.0009078529278256923;0.012222518371853938;1639.642857142857;1.0529595015576323;0.0019842772535179267;-0.8660254037844386;0.5000000000000001;-0.9377521321470804;0.3473052528448203;-0.433883739117558;-0.9009688679024191;-1.0;0.00045351473922902497;0.0024565381708238853;0.004837490551776266;1.8895222543604306;3.1877641983880602;0.002002684270093059;-1.0;0.0005301022340022718;0.0029155622870124954;0.0035213934115865203;1.4778289910245066;3.4832753740632025;0.0016577468107308775;-1.0;0.0016661617691608604;0.0016282944562253862;0.00397606785822478;2.051473033424758;3.3396580316358917;0.0005936592143487224;-1.0;0.0013642047822956535;0.0012505210504376823;0.0033726173784531435;1.6493876719665526;3.3604059933267987;-0.00021068510582715317;True;False;False
2024-10-28;0.0009126863401277761;0.006651549508692366;1595.357142857143;0.13636363636363635;-0.0026033870558231365;-0.8660254037844386;0.5000000000000001;-0.5712682150947924;0.8207634412072763;0.0;1.0;1.0;0.00018996960486322188;0.0018617021276595746;0.006762917933130699;1.9784364376712098;3.1831324647802126;0.0004411838854435262;1.0;7.563152321887763e-05;0.0007563152321887763;0.002647103312660717;1.3090389455513889;3.6274513300851057;0.0015811901286763332;1.0;7.549448890231014e-05;0.0014721425335950476;0.003585988222859731;2.250847577438535;3.588630535236414;0.0038884284721699995;1.0;0.0006403978000452046;0.0006403978000452046;0.0023732389060498755;1.7382489991189978;3.66860819838266;0.004624229120936723;False;True;False
2024-10-29;-0.0020240638704599125;0.01675531914893617;1630.357142857143;0.8027210884353742;0.00867937823677162;-0.8660254037844386;0.5000000000000001;-0.3943558551133187;0.9189578116202306;0.7818314824680298;0.6234898018587336;1.0;0.0015774647887323943;0.0011267605633802818;0.0038309859154929578;2.626709604033981;3.307359500593508;0.0013130744700806604;1.0;0.0007128385983342087;0.0008253920612290839;0.002251069257897501;1.5725503138195085;3.766726312573648;0.0014371586748146588;-1.0;0.0008623275344931013;0.0014997000599880025;0.0034493101379724053;2.27776131967204;3.6084080038536186;0.0007840291592120856;-1.0;0.0011259570635039785;0.001088425161387179;0.0034154030926287346;2.119518788658444;3.6373554259598273;0.00019623561634694156;False;True;False
2024-10-30;-0.0011706506551867376;0.00867605633802817;1572.5;-0.06926406926406926;0.0024597215852886667;-0.8660254037844386;0.5000000000000001;-0.20129852008866114;0.9795299412524943;0.9749279121818236;-0.22252093395631434;-1.0;0.0005671077504725897;0.0018525519848771267;0.0033270321361058603;1.7945448815249532;3.1320491955351084;-0.0007946719140240672;1.0;0.00030272070231202936;0.0006811215802020661;0.0029515268475422862;1.3411388583730555;3.519161360111744;-0.0008853976526471467;1.0;0.0016238670694864049;0.0011329305135951663;0.0030211480362537764;2.307936843372088;3.594495520551217;-0.0006627989411996905;1.0;0.0007173601147776184;0.0014347202295552368;0.003511288982858869;2.0400142130562706;3.568475142608013;0.0004189394129821433;False;False;True
2024-10-31;-0.0015135462388375966;0.006275992438563327;1578.2142857142858;0.06626506024096386;0.0008685724689077607;-0.8660254037844386;0.5000000000000001;-2.4492935982947064e-16;1.0;0.43388373911755823;-0.900968867902419;-1.0;0.0018569046536304381;0.0006063362134303471;0.003259057147188116;1.805041204193211;3.2110113421550093;-0.0014032692380627299;-1.0;0.001554974020555998;0.0007585239124663405;0.0025789813023855577;1.22561956057682;3.2709749352984394;-0.002217164053279355;-1.0;0.003831708334914071;0.0012519443074471717;0.0056527182366554116;2.661717771130768;3.4564287570719685;-0.0026993285420252203;1.0;0.0017082336863682953;0.0008730972174771286;0.004479368333143529;2.0300857865626676;3.4145022681561326;-0.0019870588581989085;False;True;False
2024-11-01;0.0024782675003812717;0.009890859481582538;1559.2857142857142;0.3333333333333333;-0.002439551850910374;-0.5000000000000004;0.8660254037844384;0.20791169081775931;0.9781476007338057;-0.433883739117558;-0.9009688679024191;-1.0;0.0004944281747993762;0.0003803293652302894;0.003499030160118663;1.4623993042257402;3.418092595803711;-0.0012117822520506098;1.0;0.0002287980475899939;0.0005719951189749848;0.004499694935936546;1.7332623640268545;3.630802685652155;-0.0004643525026487971;-1.0;0.00018996960486322188;0.000987841945288754;0.007902735562310031;2.855001005844991;3.779646743180802;-0.0009732794417030868;1.0;0.000765023141950044;0.0008032742990475461;0.0029070879394101673;1.768172659711179;3.537832990101641;-0.0010356448587024373;False;False;True
2024-11-04;0.006425640628628939;0.020081390484159283;1615.7142857142858;0.3806818181818182;-0.012416957560517949;-0.5000000000000004;0.8660254037844384;0.7431448254773941;0.6691306063588582;0.0;1.0;1.0;0.0001923076923076923;0.0;0.005346153846153846;2.052987173157145;3.197039482875851;-0.00014880572774499101;1.0;0.00034436579299789555;0.0009183087813277214;0.002104457623876028;1.1880496628769899;3.40039168475312;0.003262351696805115;1.0;0.0006116675586818564;0.0006116675586818564;0.002905420903738818;2.3091126044915935;3.5294634811568337;0.0068824262778923095;1.0;0.0004961453324173727;0.0003816502557056713;0.0017174261506755209;1.5624727442834327;3.5770071933163448;0.0069063114365128285;True;False;False
2024-11-05;-0.0005303231182999356;0.016692307692307694;1749.642857142857;0.8870967741935484;0.00232869999278217;-0.5000000000000004;0.8660254037844384;0.8660254037844386;0.5000000000000001;0.7818314824680298;0.6234898018587336;-1.0;0.0015160128861095318;0.0010991093424294106;0.0031078264165245403;1.969310535010602;3.2171830225127485;0.0013229519524073864;1.0;7.583801001061732e-05;0.0006825420900955559;0.0018580312452601243;1.021458922839093;3.4029279592309476;0.0010142713449407602;-1.0;0.0006817923563501383;0.0007575470626112647;0.0030680656035756222;2.4137479646903053;3.5347516504923004;0.00038360691672783995;-1.0;0.0003035131648835268;0.0005690871841566128;0.002048713862963806;1.4419317827047435;3.7550316115908022;-0.00010551060803643373;False;True;False
2024-11-06;-0.009664215872053362;0.008603373128671593;1573.9285714285713;-0.4185022026431718;-0.007359993922069536;-0.5000000000000004;0.8660254037844384;0.9510565162951535;0.30901699437494745;0.9749279121818236;-0.22252093395631434;-1.0;0.0019517048716084344;0.0009184493513451456;0.007309326087788451;2.7754488973997984;3.3042263293106178;-0.0032075511990945146;-1.0;0.0014222563905439169;0.00046127234287910823;0.003190467038247165;1.9138968180906453;3.3580933602347764;-0.007218950600652527;1.0;0.0;0.0010006927873142946;0.007235778615964899;2.5209033426452865;3.3144987076319636;-0.009150176798585598;1.0;0.0001147534712925066;0.0033661018245801934;0.00451363653750526;2.080712803906476;3.4315856048066706;-0.006173311255466309;False;False;True
2024-11-07;0.005443115608708985;0.017144387891776053;1625.0;0.6116071428571429;-0.003763896221291271;-0.5000000000000004;0.8660254037844384;0.9945218953682733;0.10452846326765346;0.43388373911755823;-0.900968867902419;1.0;0.0006099885627144491;0.0009149828440716736;0.004956157072054899;1.4794915150040977;3.0009556072527888;-0.002549814251941961;-1.0;0.00011398609369656902;0.0010638702078346442;0.00543333713286979;1.5275154129802033;3.3453259227113255;-0.0033790802287768994;1.0;0.002136915210257193;0.0005723880027474624;0.009577959245974205;2.7566701946434953;3.2749269453820338;0.000324246022722512;1.0;0.00034107704551483687;0.0007958464395346193;0.005836207223253875;1.6877195184048281;3.545921662487653;0.001961449964165818;False;False;True
2024-11-08;-0.006377210066063314;0.015707205489897066;1662.5;-0.24514563106796117;-0.011912492357701348;-0.5000000000000004;0.8660254037844384;0.9945218953682734;-0.10452846326765333;-0.433883739117558;-0.9009688679024191;-1.0;0.0018447348193697155;0.0007686395080707148;0.009108378170637971;1.8141188225100489;3.3950303775285193;-0.002888347323765758;-1.0;0.0006962980155506556;0.0003868322308614754;0.0025530927236857375;1.1758502858114448;3.6867014359531853;-0.0062759074884747995;-1.0;0.00038738668939335244;0.002208104129542109;0.0035639575424188425;1.962338663272305;3.601756208471354;-0.009711289481734333;1.0;0.00046531466904494166;0.0001551048896816472;0.0032184264608941795;1.4263253732519865;3.5909969798175108;-0.008212149339933918;False;False;True
2024-11-11;-0.0032590983161325366;0.01779400461183705;1791.4285714285713;0.183585313174946;-0.023925044738351883;-0.5000000000000004;0.8660254037844384;0.7431448254773945;-0.6691306063588579;0.0;1.0;1.0;0.00023355391202802646;0.0008174386920980927;0.0036590112884390814;1.6374763193261983;3.138137915081186;0.0011086522326184452;-1.0;3.8825904643578196e-05;0.0019412952321789098;0.00430967541543718;1.3458563943526303;3.3960087646308317;-0.0004799709422996339;1.0;0.0012842965557501459;0.0013621327106440942;0.0027242654212881884;1.9019119821407733;3.4369497415183585;-0.0015263346780644393;1.0;0.0008950461143324124;0.0011285364050278243;0.003541269408880414;1.5186053914715871;3.414062555955851;-0.0018521396746451898;False;False;True
2024-11-12;-0.002948021722265322;0.007668353444920202;1771.7857142857142;0.29441624365482233;-0.02254266678835448;-0.5000000000000004;0.8660254037844384;0.5877852522924732;-0.8090169943749473;0.7818314824680298;0.6234898018587336;1.0;0.0016728913787737317;0.00225645813881108;0.004863056333644569;1.4881779567007087;3.287366520585149;-0.0008464621337755791;1.0;0.0001943407960199005;0.0002332089552238806;0.002798507462686567;1.2560236648071388;3.5346518769766697;-0.0006893550652517779;-1.0;0.00236534956764512;0.0012408391174531777;0.0036837411299391215;2.051410528885955;3.651145099943352;-0.0005558356277711368;-1.0;0.0015511691937798115;0.0007755845968899057;0.005661767557296312;1.7890957018069114;3.657933885236035;-0.0005490491074710091;True;False;False
2024-11-13;0.000777000777000777;0.007936507936507936;1723.9285714285713;0.5588235294117647;-0.019643288685747343;-0.5000000000000004;0.8660254037844384;0.40673664307580004;-0.913545457642601;0.9749279121818236;-0.22252093395631434;-1.0;0.003299689440993789;0.00042701863354037265;0.004736024844720497;1.8780103786985427;3.1188579641479124;-1.7270709739791626e-05;-1.0;3.8859096914587705e-05;0.0008549001321209296;0.0016320820704126837;1.098413914780894;3.4541791356666627;-0.00015987210231819578;1.0;0.0020222446916076846;0.00035000388893209925;0.003305592284358715;1.882338255359912;3.379476121068523;-0.00018994828226309718;-1.0;0.0025643018105524903;0.002836273214701997;0.005789105602610926;2.322498370130744;3.425459860132906;-0.00018138474295186942;False;False;True
2024-11-14;0.002407673488408217;0.010908385093167702;1709.642857142857;0.8861209964412812;-0.015862183342515265;-0.5000000000000004;0.8660254037844384;0.20791169081775931;-0.9781476007338057;0.43388373911755823;-0.900968867902419;-1.0;0.000736063223956921;0.0006585828845930346;0.00410645798628598;2.102840436927379;3.1661129818802647;0.0017005701657840228;-1.0;0.0010488288078312551;0.0;0.0026414947752787165;1.1819567104494324;3.414921995567157;0.0005360585860158004;-1.0;0.0009726491071081197;0.0009337431428237949;0.0022565459284908376;1.6406031130953196;3.452934951662785;-0.0005275766932185024;1.0;0.00011675423234092235;0.0007783615489394824;0.004748005448530842;2.033922084138239;3.462034425888656;-0.0007193748761555479;True;False;False
2024-11-18;0.0017882133416264967;0.00844535699066362;1724.642857142857;0.45871559633027525;-0.01585064760235325;-0.5000000000000004;0.8660254037844384;-0.587785252292473;-0.8090169943749476;0.0;1.0;1.0;0.000737291424136593;0.0017074117190531625;0.005161039968956151;1.2470488841826308;2.8955329413133564;-0.000163398692810445;-1.0;0.00011610356437942645;0.0005031154456441813;0.006850110298386161;1.5534913853689336;3.3437515334245664;-0.00031587783749160737;1.0;0.0003115507438274009;0.0008957083885037776;0.0027650128514681827;1.7129849856995716;3.339581188610462;-0.00034130872454227006;1.0;0.0011665435315161177;0.0013609674534354706;0.0026052805537193297;1.3417323046585483;3.332603764574794;-0.0016416743350138768;False;True;False
2024-11-19;-0.0014776792658267226;0.009235545207605743;1652.142857142857;0.23949579831932774;-0.017965216892466846;-0.5000000000000004;0.8660254037844384;-0.743144825477394;-0.6691306063588585;0.7818314824680298;0.6234898018587336;1.0;0.0013630345042448789;0.0006620453306332268;0.006114183347612742;1.9183022392785112;2.978894241319136;-4.7404189668459793e-05;-1.0;0.001279962764719572;7.757350089209525e-05;0.0031029400356838103;1.5594483927107672;3.155392920449052;-6.475761225728315e-05;-1.0;0.00023311834641386278;0.00031082446188515037;0.005050897505633693;2.1618727627497747;3.24130885676253;-0.0006374730049697254;1.0;0.00031223167590352044;0.0005073764733432207;0.005971430801654828;2.0965043499856892;3.348614332073333;-0.001177810566643294;True;False;False
2024-11-21;-0.00278508432616432;0.011176882934808006;1672.142857142857;0.5958188153310104;-0.012946935368699545;-0.5000000000000004;0.8660254037844384;-0.9510565162951535;-0.30901699437494756;0.43388373911755823;-0.900968867902419;-1.0;0.0020558572536850273;0.0005430566330488751;0.0051590380139643136;1.9449278191656787;2.8592082721488006;-0.0003975352812561989;-1.0;0.0003111024693758507;0.00116663426015944;0.0033054637371184134;1.4215408288494311;3.423690970163999;-0.001770470798053869;-1.0;3.8959015116097865e-05;0.0010129343930185444;0.0038179834813775906;1.968231135906792;3.6661849532185307;-0.004232266802099242;-1.0;0.001758018517795054;0.0011329452670234793;0.004727116458960034;2.2248803333652596;3.4574914946881923;-0.005170689280278372;False;False;True
2024-11-22;0.0004306800830037978;0.014080682699767262;1749.2857142857142;0.22589531680440772;-0.02001994323847511;-0.5000000000000004;0.8660254037844384;-0.9945218953682733;-0.10452846326765423;-0.433883739117558;-0.9009688679024191;1.0;0.0006653099561678146;0.00058703819661866;0.005322479649342517;1.875052242556822;2.9868885329732087;-0.00041142639365279867;1.0;0.00015590894917368256;0.0003118178983473651;0.0036638603055815402;1.4851070833372988;3.4196749263193666;0.0010317645332021215;-1.0;0.0005050701270445627;0.0006604763199813512;0.002641905279925405;2.100770568078443;3.574074113080055;0.0028922350621895764;-1.0;0.0001167269756040621;0.0002334539512081242;0.003657445235593946;1.8275928335459444;3.521803521856996;0.0022381844680408455;True;False;False
2024-11-25;0.0010371850030731408;0.021524733876017534;1852.5;0.9490909090909091;-0.0003299114609707069;-0.5000000000000004;0.8660254037844384;-0.8660254037844386;0.5000000000000001;0.0;1.0;-1.0;0.00026862120572546913;0.0005756168694117195;0.0047200583291761005;1.9778879118412622;3.049549905015234;0.00353990634443669;1.0;0.0023113371085172773;0.0004237451365615008;0.0031203050964983244;1.4485938428499223;3.230474079126876;0.002344675917012226;1.0;0.0008086253369272237;0.0008471313053523296;0.003542549095109742;1.7829517815716498;3.25636940920879;0.0014647415777359776;-1.0;0.0003458877786318217;0.0010760953112990007;0.004112221368178325;1.5913733365510585;3.4225125464364554;0.0010361806893599424;True;False;False
2024-11-26;-0.0016196205460434984;0.0059480409839211025;1719.2857142857142;-0.13548387096774195;-0.005851995207814948;-0.5000000000000004;0.8660254037844384;-0.743144825477394;0.6691306063588585;0.7818314824680298;0.6234898018587336;1.0;0.0002317497103128621;0.0010814986481266899;0.005793742757821553;1.7658960706432996;2.762643896985556;-0.0006024250813914364;1.0;0.00030763314747164007;0.0006537204383772351;0.0023072486060373007;0.9800676002926118;3.1221763289803457;0.0004608294930875576;-1.0;0.0008832226104988288;0.0013440344072808265;0.004262509120233478;1.80606269905962;3.2539927707429865;0.0010047372291485457;1.0;0.002077962057952053;3.8480778850963945e-05;0.0053103474814330245;2.169746452602212;3.5843816386464167;0.0014533520862634291;False;True;False
2024-11-27;-0.0008797766132425506;0.013016608729239088;1625.357142857143;0.7655786350148368;0.0032744696991520946;-0.5000000000000004;0.8660254037844384;-0.5877852522924734;0.8090169943749473;0.9749279121818236;-0.22252093395631434;1.0;0.00022970903522205206;0.000995405819295559;0.0024885145482388973;1.5796951040737741;2.9715153486251924;4.248503464704034e-06;-1.0;0.0005735479677283677;0.0003441287806370206;0.0028295033074599474;1.2669193186539758;3.3101031220099935;-0.0001915488641152358;-1.0;0.0030647818258437726;0.0010343638662222733;0.004252384783358235;2.2736644106021733;3.4860363429065835;-0.0005917638393978236;-1.0;0.0006896815969960534;0.00026820950994290967;0.002720410743706655;1.6914634255954377;3.3315476782657716;-0.0015566558766958202;True;False;False
2024-11-28;0.0014054813773717498;0.02327718223583461;1761.4285714285713;0.12335526315789473;-0.012759078575140003;-0.5000000000000004;0.8660254037844384;-0.40673664307580015;0.913545457642601;0.43388373911755823;-0.900968867902419;-1.0;0.0;0.003625730994152047;0.007407407407407408;2.4029231609684465;2.973730427647018;-0.003091613509177005;-1.0;0.0012132122730118973;0.001056668753913588;0.002974326862867877;1.283475759646207;3.411954178331242;-0.003659608539376666;-1.0;0.0014098848594031488;0.00043079815148429546;0.005522049032662332;1.7828407889829594;3.5132880775122337;-0.0046252620545072995;-1.0;0.0014937106918238995;0.000550314465408805;0.0024371069182389936;1.3355991499273525;3.405709324679083;-0.005081487307204951;False;False;True
2024-11-29;0.0029935339666320748;0.027017543859649124;1848.9285714285713;0.2481962481962482;-0.030148416740157814;-0.5000000000000004;0.8660254037844384;-0.20791169081775898;0.9781476007338057;-0.433883739117558;-0.9009688679024191;1.0;0.0012336344462573123;0.004496796529905687;0.006008993593059811;2.117321125982004;2.8445297600291877;-0.004482283046891654;-1.0;0.00035803795202291446;0.00047738393603055255;0.004256673429605761;1.3172117979008728;3.053623717333922;-0.003295499403439116;-1.0;0.0017964071856287425;0.0036726546906187623;0.007065868263473054;2.6541551211217427;3.101650818281137;-0.002536763072548849;-1.0;0.0003198720511795282;0.001879248300679728;0.004758096761295482;1.2748815280768444;2.9906439051338016;-0.0035543440498142266;False;True;False
2024-12-02;0.002340991151847002;0.01806677543873612;1852.142857142857;0.8392070484581498;-0.02270502806695836;-2.4492935982947064e-16;1.0;0.39435585511331855;0.9189578116202306;0.0;1.0;-1.0;0.0006333623624416119;0.0005541920671364104;0.005977357295542713;1.664083415325598;3.0111486939483463;0.002731262347029498;1.0;0.0020683345928960662;0.0010341672964480331;0.003937790859552126;1.540735700861682;3.2943882545682412;0.0008522551643130036;-1.0;0.0011128333532053575;0.0005961607249314415;0.0034974762529311238;1.6160749971653594;3.3584324031616233;-0.0004158482419352886;-1.0;0.00031852205765249244;0.0037028189202102245;0.004140786749482402;1.824536479003813;3.5510452542310116;-0.0010043492303676144;False;True;False
2024-12-03;0.004418789808917197;0.010212968094370991;1736.4285714285713;0.8178294573643411;-0.021807819799561905;-2.4492935982947064e-16;1.0;0.5712682150947923;0.8207634412072763;0.7818314824680298;0.6234898018587336;-1.0;0.002259125678728548;0.0034877729776861795;0.0058658000079267565;1.896096191178124;2.930505788112592;-0.000739918608953092;-1.0;7.927699381639449e-05;0.001625178373236087;0.002933248771206596;1.3762692918419415;3.2767749522269587;8.378422475332357e-05;1.0;0.0028177957693376198;0.0014684287812041115;0.008135889193157915;2.416817025782817;3.4505346801483596;0.0018537553921438917;-1.0;0.0007116593523899894;0.002411734471988297;0.003993199699521607;1.7084402711999882;3.5424663801302656;0.0020928688571440622;False;False;True
2024-12-04;0.0001979257382630037;0.008917601363402163;1753.5714285714287;0.5644444444444444;-0.01932474024739083;-2.4492935982947064e-16;1.0;0.7247927872291199;0.6889669190756866;0.9749279121818236;-0.22252093395631434;-1.0;0.002058020342739542;0.00130605137135394;0.0048680096568646854;1.7211863681126154;2.9641329744951923;-0.00047123900625829426;1.0;0.002814333280482004;0.0006342159505311559;0.004043126684636119;1.62015874632858;3.440318387349922;-0.0010828084353418494;1.0;0.000831913797884562;0.0006734540268589312;0.003961494275640772;1.8400413752871625;3.197195043794061;-0.0007244945004281487;1.0;0.0015016201691298507;0.000711293764324666;0.002845175057298664;1.5669811820560124;3.4901037621882818;0.00045195657706515276;True;False;False
2024-12-05;0.001423374980230903;0.009181936913761032;1763.5714285714287;0.5689655172413793;-0.014840788734147427;-2.4492935982947064e-16;1.0;0.8486442574947509;0.5289640103269624;0.43388373911755823;-0.900968867902419;1.0;0.00015792798483891344;0.0029216677195198987;0.004540429564118762;1.6228390449232102;2.8553058645154037;0.0005650831197845182;1.0;3.942440370589395e-05;0.000749063670411985;0.0052040212891780015;1.4895975859022883;3.512974057966607;0.0024466512279049456;1.0;0.0010597378130151503;7.84990972603815e-05;0.004474448543841746;2.2154523759392335;3.6473162181668215;0.004785562466585859;1.0;0.0007824113919098662;0.0003520851263594398;0.002855801580471012;1.4698159486536764;3.6830236093444606;0.006595676360575162;True;False;False
2024-12-06;-0.002766521197007481;0.016779848389134554;1815.0;0.7976470588235294;-0.0031335874220254777;-2.4492935982947064e-16;1.0;0.9377521321470804;0.3473052528448203;-0.433883739117558;-0.9009688679024191;-1.0;0.0003907318407377017;0.0007033173133278631;0.005196733481811433;1.8454765479282516;3.0562844081183425;-0.0005623561414522247;1.0;0.0009808152536388247;0.0007454195927655067;0.0037663305739730865;1.346911196418573;3.3966550834196996;-0.0014181990612044124;1.0;0.0012137347793743393;0.0011745820445558121;0.0027015387024783683;1.6000241897335616;3.3465159813800534;-0.0025484798274340447;-1.0;0.0017221135029354207;0.0012133072407045009;0.003679060665362035;1.9123992877307814;3.1767457587694454;-0.0015754268231648544;False;False;True
2024-12-09;0.005075337034099921;0.01586371273395069;1903.9285714285713;0.37192118226600984;-0.011004660544946265;-2.4492935982947064e-16;1.0;0.9680771188662043;-0.2506525322587204;0.0;1.0;-1.0;0.00019725422124033454;0.0014991320814265426;0.002051443900899479;1.2170534792668029;2.7684748329286912;0.0003244888204831248;1.0;0.0008287619874501756;0.0003551837089072181;0.001973242827262323;0.9990201470720266;3.236318640061492;0.0018139516542450412;1.0;0.0012618794116487243;0.00039433731614022633;0.00449544540399858;1.7589593831135648;3.480662499269732;0.003683168835935221;1.0;0.0012582573136206354;0.0014155394778232148;0.00405001572821642;1.5910641767599183;3.459695138894857;0.004288774579739345;True;False;False
2024-12-10;0.006829421461653191;0.009981063594760928;1938.2142857142858;1.3873517786561265;0.0022426605612121306;-2.4492935982947064e-16;1.0;0.8978045395707416;-0.4403941515576344;0.7818314824680298;0.6234898018587336;-1.0;0.0027288320598783723;0.0015203492905036644;0.00584749727116794;2.8048039043692206;2.9291613277061437;0.001141002780923115;1.0;0.0003904572254109562;0.0004295029479520519;0.003904572254109562;1.2553821670805105;3.2795525621215593;0.0027637212923316465;-1.0;0.0007395873880887505;0.002997275204359673;0.004982483456597898;2.280648053542092;3.3405477632600156;0.004339127497596629;1.0;0.0034297295190583834;0.00023384519448125342;0.0038194715098604725;1.9020332260684933;3.485161883702044;0.004147940318153059;True;False;False
2024-12-11;-0.0015957653835675086;0.006939030095119289;1932.857142857143;0.449438202247191;0.002401277033905094;-2.4492935982947064e-16;1.0;0.7907757369376989;-0.6121059825476626;0.9749279121818236;-0.22252093395631434;1.0;0.0015983159207859036;0.0009355995633868704;0.004600031186652113;1.9303209658766898;3.059400728007318;0.001218958698048407;1.0;0.000583544057576347;0.001167088115152694;0.002100758607274849;1.511411136258138;3.382273026631498;0.0011364323801128528;1.0;0.0017111301236680408;0.0008944543828264759;0.004433382593139924;2.5818532329008126;3.3885989562424728;0.0014233401912451262;-1.0;0.0012422360248447205;0.0002329192546583851;0.005085403726708074;2.123645908843595;3.2516381163845733;0.0007402501266217322;False;True;False
2024-12-12;0.001576256199300296;0.02935443630126306;2065.3571428571427;0.7264276228419655;0.017572777233117596;-2.4492935982947064e-16;1.0;0.6513724827222223;-0.7587581226927909;0.43388373911755823;-0.900968867902419;-1.0;0.0016889298326424075;0.0018424689083371719;0.012974051896207584;2.5184862113345248;2.9802177397105276;0.005003143110559927;-1.0;0.0003487425892199791;0.00011624752973999303;0.004649901189599721;1.4007829827117178;3.5045649049718226;0.0009555062669968984;-1.0;0.000389120199229542;0.0010895365578427177;0.005758978948597221;1.8087713939892125;3.6733097835693007;-0.004511487140741874;-1.0;0.00042987221071554184;0.00046895150259877293;0.0034389776857243347;1.4451831396775363;3.684685227146683;-0.00803165648017552;False;False;True
2024-12-13;0.0003564074132741961;0.03477660064486412;2192.5;0.07836644591611479;-0.01238187952786998;-2.4492935982947064e-16;1.0;0.48530196253108104;-0.8743466161445821;-0.433883739117558;-0.9009688679024191;-1.0;0.0019397490202288112;0.0022960294525157356;0.00475040576382566;1.7983309522090913;2.9793810918817685;-0.00020683706520207142;-1.0;0.00015842839036755386;0.0009109632446134347;0.0017031051964512042;0.9868723721006568;3.3368865680396245;-0.0003831113929401433;1.0;0.0011889192723814053;0.0019815321206356753;0.0032100820354297945;1.6602547944393509;3.388836351998768;-0.0004271133303391496;-1.0;0.0009115047754924108;0.0004755677089525621;0.003368604605080648;1.3103654585800688;3.5645820566439443;-0.0009486117177813444;False;False;True
2024-12-16;-0.00152;0.01551799216183049;2277.1428571428573;0.11224489795918367;-0.022636906987625365;-2.4492935982947064e-16;1.0;-0.10116832198743204;-0.9948693233918952;0.0;1.0;-1.0;0.0014421921320407018;0.0016424965948241327;0.0036455412226584407;1.3726862963690547;2.7862649499904064;-0.0022580300358078526;1.0;0.0005611672278338945;0.0010822510822510823;0.003046336379669713;1.4186816945111;2.962616096550238;-0.0012719760548284074;1.0;0.0006404354961373734;0.002241524236480807;0.0030820958251611096;1.2146131065138053;3.190205577293336;-0.0010182665457196974;-1.0;0.0005602689290859612;0.0006002881383063871;0.0024011525532255484;0.9741981924698834;3.217156929281961;-0.00033835975655903346;False;False;True
2024-12-17;0.0005264863113559048;0.013620703469273295;2278.214285714286;0.12058823529411765;-0.03074125440639032;-2.4492935982947064e-16;1.0;-0.2993631229733582;-0.9541392564000488;0.7818314824680298;0.6234898018587336;1.0;0.0015381501720299535;0.00024286581663630845;0.007083586318558996;1.7316027728341148;2.562433263226015;-0.0036640360766629085;-1.0;0.0003221130616846513;0.002254791431792559;0.0036237719439523274;1.6145644040763452;2.8023051855026755;-0.0019033543821935469;-1.0;0.00024184771655447619;0.0006046192913861905;0.0039904873231488575;1.423031120307216;2.9971235666657368;-0.0005121776987046903;1.0;0.0003234806518135134;4.0435081476689173e-05;0.006954834013990538;1.5925315241085447;3.18229816192204;0.00041062995991893224;False;False;True
2024-12-18;0.014283428022725454;0.015664845173041893;2201.785714285714;1.6847545219638242;-0.003985863836290809;-2.4492935982947064e-16;1.0;-0.4853019625310808;-0.8743466161445822;0.9749279121818236;-0.22252093395631434;-1.0;0.0021695396631296595;3.944617569326654e-05;0.004496864029032386;1.4864412795576163;2.6747927710843373;0.004076665919863694;-1.0;0.00023721978412999644;0.0001976831534416637;0.005416518404301586;1.3179398413738865;3.0066815886794624;0.005169909449323018;-1.0;0.0015099137759764772;0.000715222314936226;0.0034569078555250926;1.3525911279998237;2.9603257058629917;0.0063034868095338875;-1.0;0.0029042011457670273;0.0007161043921069382;0.00457511139401655;1.257903785639942;3.0108064152075174;0.0031503309617359194;False;False;True
2024-12-19;0.005480008118530546;0.039327837166186735;2310.3571428571427;0.362086258776329;-0.024480536870461096;-2.4492935982947064e-16;1.0;-0.651372482722222;-0.7587581226927911;0.43388373911755823;-0.900968867902419;-1.0;0.0004440855874041179;0.0006459426725878079;0.005369398465886153;1.3641014836187042;2.5560852955212967;-0.0028786895880635746;1.0;0.0015407071034706456;0.00048653908530651963;0.0023110606552059682;0.9074072163612523;2.8502716908059833;-0.0006034975837578739;-1.0;0.0010132944228274968;0.00308041504539559;0.0047422178988326845;1.8939348701736947;2.990690722088624;0.000527255029201817;1.0;0.0017439266739668249;0.0026361682280893863;0.0047451028105608955;1.8722844913408632;3.0625584702132875;0.0011351658152923053;False;True;False
2024-12-20;-0.0031709895113423855;0.008922083165119096;2227.1428571428573;-0.18099547511312217;-0.0325298043555887;-2.4492935982947064e-16;1.0;-0.7907757369376986;-0.6121059825476627;-0.433883739117558;-0.9009688679024191;-1.0;0.003955954323001631;0.0011827079934747145;0.005546492659053833;1.4059043065464434;2.7720122274989705;-0.0013055895552835576;1.0;0.0010607915136678907;0.0007751937984496124;0.0033047735618115053;0.9309639943884741;2.8078825970314862;-0.0018468725386348648;-1.0;0.0004073983541106494;0.0014258942393872728;0.00321844699747413;1.2416709537892945;2.9656047363969553;-0.0025203075137801116;-1.0;0.0019989393383102842;0.0013054297719577368;0.003589931872883776;1.3087562695749908;3.068456713414995;-0.0018317509544147391;True;False;False
2024-12-23;-0.003993706886118843;0.013132137030995106;2250.0;0.6708074534161491;-0.023427457153819074;-2.4492935982947064e-16;1.0;-0.9987165071710528;-0.05064916883871355;0.0;1.0;-1.0;0.0009720534629404617;4.050222762251924e-05;0.005670311867152693;1.1560845318887691;2.6075405682943176;-0.0006781959986435685;-1.0;0.0007324516785350967;0.0019938962360122074;0.0028484231943031535;0.9221161240777221;2.9264862625626242;-0.002057445692477344;1.0;0.003418386033451349;0.0009359866520164408;0.004842713547389411;1.6354958380392361;3.1082782923984946;-0.004316091564413646;1.0;0.0013829570876550742;0.0012202562538133007;0.002725238966849705;1.028680247003314;3.159951440383227;-0.0034434141315547668;False;False;True
2024-12-26;0.00024554941682013506;0.011948157148643175;2294.6428571428573;0.07457627118644068;-0.030405693554881593;-2.4492935982947064e-16;1.0;-0.848644257494751;0.5289640103269624;0.43388373911755823;-0.900968867902419;-1.0;0.0008592119798698908;0.003027699357636758;0.005318931303956467;1.5966629434511297;2.6044116162374107;-0.002462964480501205;1.0;0.0019258348699037083;0.00016390083999180495;0.004425322679778734;1.2902345846645313;2.761567632309404;-0.0027162310704130404;-1.0;0.0022074152802191065;0.0008175612148959653;0.0038834157707558353;1.7464609913489078;2.938357260739735;-0.002309321841275129;-1.0;0.0006546376989484882;0.0016365942473712204;0.003027699357636758;1.5156423647375605;2.8611088157431634;-0.001437624825414957;True;False;False
2024-12-27;-0.0011007827788649706;0.011865308293441349;2315.3571428571427;0.5827586206896552;-0.024901797689310574;-2.4492935982947064e-16;1.0;-0.72479278722912;0.6889669190756865;-0.433883739117558;-0.9009688679024191;1.0;0.0005714052487653565;0.0024080649769397167;0.0048161299538794335;1.7874825063738669;2.641071207283408;-0.00041645165086865067;1.0;0.0006110726361673525;0.0006110726361673525;0.0031775777080702327;1.36046552981322;3.0251905306558813;0.00046079826523009977;-1.0;0.0008131734092295182;0.0011791014433828013;0.0042691603984549705;1.8176334052910845;3.0521782857408613;0.0007742776804270752;-1.0;0.0004075145686458291;0.0004075145686458291;0.005868209788499939;1.6159316028547017;3.0629569220057506;-0.00039138052654324356;True;False;False
2024-12-30;-0.0002468424733615831;0.0144483898616383;2290.0;0.11299435028248588;-0.03033954675226993;-2.4492935982947064e-16;1.0;-0.20129852008866114;0.9795299412524943;0.0;1.0;1.0;0.00037035512941854245;0.0004938068392247233;0.00353894901444385;1.3639827526494135;2.6511708242073233;-0.0005654509471303497;1.0;0.0005745711236969548;0.0013953870146926044;0.002134121316588689;1.2904577372100174;2.9706409739440787;0.0006200702138329707;1.0;0.0006975503672397522;0.0013951007344795044;0.0027491690944154937;1.7279492884860015;3.0817359420355808;0.0015627634030882193;1.0;0.0030344035756755647;0.0002870381760774183;0.004182556279985238;1.9745051200693253;3.1617585922150404;0.0017571652281584114;False;False;True
2025-01-02;0.001397796415063312;0.008230113987078722;2194.6428571428573;0.38;-0.026647512372701534;0.49999999999999994;0.8660254037844387;0.39435585511331855;0.9189578116202306;0.43388373911755823;-0.900968867902419;-1.0;0.004803350028737992;0.0006568683799983579;0.006034978241234912;1.5024730704169817;2.3704900344851225;0.00011410523240955065;-1.0;0.00020538941833716726;0.001807426881367072;0.005668747946105817;1.5553161685758372;2.661682907381493;-0.0006734006734007134;-1.0;0.0010307153164296021;0.00012368583797155226;0.0026798598227169654;1.4832126369277068;2.8484496990206196;-0.0017113074756149888;-1.0;0.0001238696890870804;0.0017754655435814855;0.005945745076179859;1.9415664577807417;3.1116440813303554;-0.0038417423268797186;False;True;False
2025-01-03;-0.0007827949901120633;0.017037523606207406;2223.5714285714284;0.4650602409638554;-0.029037204293326607;0.49999999999999994;0.8660254037844387;0.5712682150947923;0.8207634412072763;-0.433883739117558;-0.9009688679024191;-1.0;0.0012781923885704862;0.0011544963509668906;0.004494289366263967;1.6404451255840051;2.4456944376657392;-0.0008538886363948972;-1.0;8.263779852904718e-05;0.0011569291794066607;0.0025204528551359393;1.0364421952343623;2.833627524455664;-0.0017652007226290057;1.0;0.0028960324355632784;0.00024823135161970955;0.006123040006619502;2.816299454387228;3.18345472895266;-0.0020487013433431755;-1.0;4.124731892426992e-05;0.0017323873948193367;0.003671011384260023;1.6159353056676808;3.105746631852424;-0.0017081301484971612;False;False;True
2025-01-06;0.0035564853556485356;0.017193749226899764;2275.3571428571427;0.21342925659472423;-0.037415771371697576;0.49999999999999994;0.8660254037844387;0.9377521321470804;0.3473052528448203;0.0;1.0;1.0;0.0006253908692933083;0.0008338544923910778;0.006795914112987284;1.9247134081420676;2.6848216740878676;0.0008432519111405214;1.0;0.00016588562186372496;0.0012856135694438685;0.004437440384854643;1.4134916539184215;3.140350275118112;0.0034916040704752447;1.0;0.001281786231135001;0.0009096547446764523;0.0035972710357659705;2.320772558810935;3.175231684200658;0.006744016405852195;-1.0;0.0008670878236095627;0.000949667616334283;0.002807712952640489;1.5204297459078688;3.1617489261190475;0.006718559849371907;False;True;False
2025-01-07;-0.00016518004625041294;0.01371690639983323;2147.1428571428573;0.7507598784194529;-0.026261813794490246;0.49999999999999994;0.8660254037844387;0.9884683243281114;0.1514277775045767;0.7818314824680298;0.6234898018587336;1.0;0.0008260366760284157;0.0011977531802412028;0.005534445729390385;1.8463153736937656;2.706721977210357;0.001349046292866531;1.0;0.000699703654922621;0.0009466578860717813;0.004198221929535726;1.5055561060684453;3.1359142640743918;0.0028555528186039987;1.0;0.0008210517673139291;0.00020526294182848228;0.0036536803645469845;2.0221332744900327;3.31612008358295;0.004499401747897085;1.0;0.0007370101953077017;0.002292920607623961;0.0034803259222863695;1.6521988262950915;3.397467019140337;0.005229507153056319;True;False;False
2025-01-08;-0.001837859914233204;0.016025111514951264;1962.142857142857;0.6623711340206185;-0.015494679683298656;0.49999999999999994;0.8660254037844387;0.9987165071710528;-0.05064916883871264;0.9749279121818236;-0.22252093395631434;-1.0;0.0012274959083469722;0.000900163666121113;0.007160392798690671;2.1162238786387557;2.7321710307725673;-0.0010920572256263603;1.0;0.000863593370892791;0.0005757289139285273;0.001973927704897808;1.1262739045198447;3.060594950420798;-0.0021053112298488243;-1.0;0.002013974517057131;0.0002055076037813399;0.004315659679408138;2.0601049288433417;3.0875957662531253;-0.003935728636086997;-1.0;0.0005766300094732073;0.0005766300094732073;0.0042423493554100255;1.8172169479736817;3.326774793228621;-0.004342716539047778;False;False;True
2025-01-09;-0.00012418246543588045;0.01620294599018003;1968.9285714285713;0.20454545454545456;-0.024014772105125995;0.49999999999999994;0.8660254037844387;0.9680771188662043;-0.2506525322587204;0.43388373911755823;-0.900968867902419;-1.0;0.0012833781825708963;0.001366176774994825;0.00376733595528876;2.0313684825497504;2.570451244176888;0.00048353227232533557;-1.0;0.0011189854531891085;0.001077541547515438;0.002237970906378217;1.0732863149273704;3.011494353344289;0.0006124742116121561;1.0;0.0003729951510630362;0.000538770773757719;0.0025280782460939118;1.7477340560180024;3.1543211235361452;0.0005379013571665012;-1.0;0.000868917576961271;0.0010344256868586562;0.002399867593512082;1.581098433724861;3.4327345426365676;0.0007313572887342977;False;True;False
2025-01-10;0.0029813664596273293;0.005588904988615194;1895.7142857142858;0.9407407407407408;-0.01918743432601024;0.49999999999999994;0.8660254037844387;0.8978045395707416;-0.4403941515576344;-0.433883739117558;-0.9009688679024191;-1.0;0.002559656510610189;0.001114689125588308;0.005119313021220378;1.8281718414202472;2.6423839106672435;3.215685193608555e-05;-1.0;0.0006615397337302572;0.00020673116679070536;0.0015298106342512196;0.6575242889761932;2.9305394520046377;5.516480485454297e-05;-1.0;0.0007446940548591287;0.0018617351371478217;0.004302676761408299;1.8733489798152863;3.1646507644357977;6.44656260073022e-05;-1.0;0.00012432656444260256;0.0011603812681309574;0.004765851636966432;2.1919651613537106;3.1077033223430406;-0.001303058027669109;False;False;True
2025-01-13;-0.0022074135776759683;0.014573528197506399;1881.0714285714287;0.07365439093484419;-0.027026148900698346;0.49999999999999994;0.8660254037844387;0.48530196253108104;-0.8743466161445821;0.0;1.0;1.0;0.0;0.0018366239512459825;0.004048920983428643;1.7129841914465398;2.666046012044153;-0.0005136748576982217;-1.0;0.0009579341940857976;0.0004997917534360683;0.0029571012078300706;1.325448407996281;3.1685492608690238;-0.0002873483310623006;1.0;0.001835245046923879;0.0005005213764337852;0.0028362877997914495;1.8675667409757417;3.1711602823654004;-0.0003705710963808561;-1.0;0.0011256097052570143;0.001417434443656981;0.003293450619085338;1.9301965777605476;3.1766622956935855;-0.0005933590146531728;True;False;False
2025-01-14;0.0038406946647741506;0.009057895395917686;1602.5;0.6129032258064516;-0.01995068370320556;0.49999999999999994;0.8660254037844387;0.29936312297335804;-0.9541392564000488;0.7818314824680298;0.6234898018587336;-1.0;0.002328869666472594;0.000665391333277884;0.0034101305830491558;1.8265511646202717;2.737733133057955;0.0001987759102087744;-1.0;0.00016642396505096735;0.0004576659038901602;0.002205117536925317;1.335992851037666;3.0851819412373596;0.00034263542202033165;-1.0;0.000833472245374229;0.0008751458576429405;0.0041256876146024335;1.9730746286975815;3.1272578127488773;0.00036204639763842456;1.0;0.0022976021388587185;0.002172278385830061;0.007853621856462528;3.5483348777928607;3.3278307028980025;-4.625967405439047e-05;False;False;True
2025-01-15;-0.0004570953667151465;0.012101804873991517;1627.5;0.8350515463917526;-0.01572128880195759;0.49999999999999994;0.8660254037844387;0.10116832198743272;-0.994869323391895;0.9749279121818236;-0.22252093395631434;1.0;0.00037415814417560486;0.0;0.0064438347052465286;1.5144477942026437;3.021416564298183;0.0029201101928374253;1.0;8.264804330757469e-05;0.00012397206496136205;0.0025620893425348156;1.619650447328845;3.420360972002823;0.004319664321313411;-1.0;0.0012368583797155227;0.001484230055658627;0.0032570603999175426;1.835223254459165;3.3916360537558874;0.005523013319399703;1.0;0.0010312255083941757;0.00020624510167883514;0.006971084436744627;2.3790136284810854;3.258192546583851;0.006156636498692167;False;False;True
2025-01-16;-0.0027532593732286013;0.0306809678223996;1776.0714285714287;0.7804878048780488;0.00899203211732656;0.49999999999999994;0.8660254037844387;-0.10116832198743204;-0.9948693233918952;0.43388373911755823;-0.900968867902419;1.0;0.0004060089321965083;0.0018676410881039384;0.004060089321965083;1.8198135093223908;2.9233844263216158;0.00454369421703451;-1.0;0.0;0.0007295128475318149;0.002715408932479533;1.1972814985430873;3.172453644956876;0.002143260011280329;-1.0;0.0008934372969460688;0.0010964912280701754;0.004061078622482131;1.7593198242629824;3.3883797679524412;-0.00015373693801237542;-1.0;0.0023197134950349993;0.0006511476477291225;0.004069672798307016;1.8485341450824833;3.3537627125628062;-0.0023177383943323525;False;True;False
2025-01-17;0.0049194441028163815;0.014819326025172554;1779.2857142857142;0.5315068493150685;0.005449105112150664;0.49999999999999994;0.8660254037844387;-0.2993631229733582;-0.9541392564000488;-0.433883739117558;-0.9009688679024191;1.0;0.000448741484110472;0.002855627626157549;0.003549137192510097;1.4439224139421654;2.8920678315184243;0.002388170625048175;-1.0;8.156939516293486e-05;0.0024062971573065787;0.00318120641135446;1.3347333947318636;3.200832149380962;0.0029884181790148516;-1.0;0.0008162932125219379;0.0008571078731480347;0.006489531039549406;2.28158882210317;3.4048892982903136;0.002702247011806898;1.0;0.0020915354330708663;0.0005331364829396325;0.002747703412073491;1.4916360004595404;3.496184491456359;0.0006515310980804361;True;False;False
2025-01-20;0.00028484231943031536;0.014237343450414067;1800.357142857143;0.6303724928366762;0.00852127035443069;0.49999999999999994;0.8660254037844387;-0.7907757369376986;-0.6121059825476627;0.0;1.0;-1.0;0.0026442112114555367;0.0010576844845822146;0.0050443413880074854;1.6433155792954284;2.9815367544484364;-0.0010228975156263964;1.0;0.0009369398729020694;0.0007332572918364021;0.0019146162620172723;1.0337832174718284;3.340184922432181;-0.0013258758473386532;-1.0;0.002525046835546143;0.0001221796855909424;0.005783171784637941;2.010012157587607;3.3035692705283024;-0.0020881280839609596;1.0;0.0013074031704526884;0.0011031214250694559;0.006414446805033502;2.3561491871283944;3.326532023793056;-0.0015101778754420282;True;False;False
2025-01-21;-0.0019808384201802968;0.014766902611667073;1803.5714285714287;0.6584022038567493;0.013404374534356535;0.49999999999999994;0.8660254037844387;-0.8978045395707417;-0.44039415155763423;0.7818314824680298;0.6234898018587336;-1.0;0.0005265716137394685;0.0031594296824368115;0.005103694102397926;1.8298401400907824;2.9545631591944175;0.0001261960455568249;1.0;4.056301464324829e-05;0.000851823307508214;0.0024337808785948973;1.3549202735406496;3.2509809653373507;-0.0006660096571401202;-1.0;0.0;0.0020655299501842776;0.003766554615041918;1.9793760704100847;3.3282602116450968;-0.0016543380168679502;1.0;0.0013793663028926122;0.0;0.002921010994360826;1.68516124770479;3.3282260058638595;-0.0011927105134057077;False;False;True
2025-01-22;0.0015317639471138342;0.011625081011017498;1834.642857142857;0.9442508710801394;0.01952802819848913;0.49999999999999994;0.8660254037844387;-0.9680771188662041;-0.2506525322587213;0.9749279121818236;-0.22252093395631434;1.0;0.0011269419624889319;0.0009659502535619416;0.002696611124527087;1.6438712132475508;2.660836723605571;0.0012692794157739512;1.0;0.00044244228139329097;0.0004022202558120827;0.003740648379052369;1.3480113114336834;3.304613111198503;0.0017646586989652684;-1.0;0.0008021175904387583;0.0004411646747413171;0.005574717253549371;2.075488704143945;3.444426707838853;0.0018305181843407635;-1.0;0.0005236656596173212;0.0015709969788519637;0.0025780463242698892;1.728818168411447;3.467772655925253;0.001020970190357127;False;True;False
2025-01-23;0.0003232062055591467;0.009337519117765435;1769.2857142857142;0.16379310344827586;0.015678199017138544;0.49999999999999994;0.8660254037844387;-0.9987165071710528;-0.05064916883871355;0.43388373911755823;-0.900968867902419;-1.0;0.0004846526655896607;0.0009693053311793214;0.003554119547657512;1.639359741461842;2.864329477868436;-0.0022844602737754492;1.0;0.00016188433364361165;0.00016188433364361165;0.003561455340159456;1.6240784081170767;3.2109799593802664;-0.0013850229268358668;1.0;0.00024204284158296018;0.0006051071039574004;0.005768687724393884;2.546668865397965;3.3453814748388937;0.00040142908755168397;-1.0;0.001405001806430894;0.0004817149050620208;0.0032114327004134718;1.755388707674295;3.370086445430172;0.0023805057569829527;False;False;True
2025-01-24;0.0019087844698046541;0.015347334410339256;1756.0714285714287;0.2736842105263158;0.012330987504872895;0.49999999999999994;0.8660254037844387;-0.9884683243281114;0.15142777750457667;-0.433883739117558;-0.9009688679024191;-1.0;0.0016619375760032428;0.0016619375760032428;0.004620997162545602;1.9262421324537042;2.9245317759005443;-0.0005005817571772994;-1.0;0.00012175818823815901;0.0019075449490644912;0.002232233451032915;1.1554165157493566;3.1735249062384447;0.0;1.0;0.0006901311249137336;0.003044696139325295;0.004384362440628425;2.275000624706752;3.2108642764004234;0.0006581290203343705;1.0;0.0011359487200292102;0.0007302527485902065;0.0033267069657998295;1.6623147397319569;3.3168868384622607;0.0011658001935498522;False;False;True
2025-01-27;-0.006173340914629194;0.006282934738548845;1670.7142857142858;-0.567741935483871;0.00373889662555863;0.49999999999999994;0.8660254037844387;-0.72479278722912;0.6889669190756865;0.0;1.0;1.0;0.0005721291377196567;0.0013077237433592153;0.005476093175316715;1.8437074552464117;2.9163747667528725;-0.00042529702925497994;1.0;0.0006515188533268182;0.00016287971333170455;0.0015473572766511931;1.0444336717822664;3.0973121663046346;-0.0009449146412036906;1.0;0.0004476093591047813;0.0005696846388606307;0.005818921668362157;2.432019578099322;3.400214753669673;-0.0003284781562026649;1.0;0.002308346494958085;0.00012149192078726765;0.008666423682825093;2.5361904001721984;3.593314267298595;0.002544460990148585;True;False;False
2025-01-28;-0.00199203187250996;0.028320392317123008;1779.642857142857;0.8831168831168831;0.02632597833858105;0.49999999999999994;0.8660254037844387;-0.5712682150947924;0.8207634412072763;0.7818314824680298;0.6234898018587336;1.0;0.0008383233532934132;0.0011976047904191617;0.004031936127744511;1.9172030036229184;2.940433217549675;0.0018725099601593625;-1.0;0.0006374501992031873;0.00035856573705179284;0.0025896414342629482;1.0989409206394563;3.0767047296233527;0.0011527888622860174;-1.0;0.0014366096013408356;0.00043896404485414424;0.005147851071471327;2.3123663715119687;3.372911698716066;-0.00032474320819603653;-1.0;0.0012811273921050524;0.0006805989270558091;0.0020017615501641446;1.3065594992339395;3.178304465321763;-0.0018239002104158306;False;True;False
2025-01-29;0.0010823812387251955;0.008942115768463073;1712.857142857143;0.33482142857142855;0.02179476950082551;0.49999999999999994;0.8660254037844387;-0.3943558551133187;0.9189578116202306;0.9749279121818236;-0.22252093395631434;1.0;0.0002803139516258209;0.0005606279032516418;0.004765337177638955;1.591666917913709;2.7623634961970147;0.00044320347471517725;1.0;0.00015955325089748703;0.00039888312724371757;0.0018747506980454727;1.0976795711220715;2.985247634054518;0.002288349776697873;-1.0;3.983428935627788e-05;0.00011950286806883365;0.00565646908859146;2.288223505459296;3.2056579507327543;0.0026435952895938475;-1.0;0.0004806729421189666;0.0004005607850991388;0.004366112557580613;1.8657147042497113;3.612343712468869;0.0005359487632982676;False;True;False
2025-01-30;0.004033884630899556;0.014296011532916868;1792.142857142857;0.39215686274509803;0.017469489200883797;0.49999999999999994;0.8660254037844387;-0.20129852008866114;0.9795299412524943;0.43388373911755823;-0.900968867902419;1.0;0.0014463640016070711;0.0016472478907191643;0.005383688228204098;2.3877431234040207;2.9578309458114425;-0.0005968208156848722;-1.0;0.0004008498015793482;0.0017236541467911973;0.0025654387301078285;1.250342812729895;3.105919782506265;0.0011808006273838546;1.0;0.0005213137105505875;0.0003208084372619;0.008581625696755824;2.6303974005820425;3.277647953036686;0.004646946986779869;-1.0;0.001790759680050937;7.958931911337498e-05;0.004098849934338812;1.8675502574774092;3.3803889887855174;0.005526086050953464;True;False;False
2025-01-31;-0.0010592804739299306;0.02808356769787063;1936.7857142857142;0.876967095851216;0.038269415050869574;0.49999999999999994;0.8660254037844387;-2.4492935982947064e-16;1.0;-0.433883739117558;-0.9009688679024191;1.0;0.0014924200769774567;0.000589113188280575;0.0032597596418191817;1.490165589457464;2.726802155620907;0.00023536795857523928;-1.0;0.0012945745557255502;0.0012945745557255502;0.0028637558353928837;1.1707894558032645;3.006931447979483;4.360034182673068e-05;1.0;0.0018442220914263291;0.00164802825191289;0.0036492054149499706;1.6926471858753478;3.04900271629327;6.538768357599776e-05;1.0;0.00047080979284369113;0.0009416195856873823;0.004080351537978657;1.4738408031490748;3.1529367395795758;0.0006304238187161329;False;False;True
2025-02-03;-0.008165680473372782;0.011860812190715575;1967.142857142857;-0.5231788079470199;0.022239388518458286;0.8660254037844386;0.5000000000000001;0.6234898018587335;0.7818314824680298;0.0;1.0;1.0;0.0015511275504116453;0.0019886250646303145;0.004772700155112755;1.2784716974323187;2.636802155596102;-0.003089607443305716;1.0;0.00031778819416858665;0.0;0.0024628585048065465;0.9345776228261824;2.848704763932408;-0.003215122526998272;1.0;0.0019423633408649462;0.0014270424545130217;0.004122567090815397;2.0534141697469646;3.212959926845827;-0.003789379175578931;-1.0;0.0006733473283954529;0.001742781320552937;0.002891432645462827;1.292891789162215;3.241841156549288;-0.0022279461946590807;True;False;False
2025-02-04;0.0006328112640404999;0.011414707870978006;1965.7142857142858;0.7212543554006968;0.026394151581782925;0.8660254037844386;0.5000000000000001;0.7818314824680298;0.6234898018587336;0.7818314824680298;0.6234898018587336;-1.0;0.0002766798418972332;0.0004347826086956522;0.0042292490118577076;1.399049441780722;2.6911011226534027;3.525797821944809e-05;-1.0;0.000793304509936139;0.0;0.0026972353337828725;1.200665146419725;2.9110845459417125;-0.000547541142859679;-1.0;0.002503576537911302;0.0005166110316324908;0.0056827213479574;1.93228771742792;3.056100290808908;-0.0023243149911676415;-1.0;7.969079969717497e-05;0.0013547435948519744;0.004223612383950273;1.5693383113451564;3.2709064962462;-0.003951288164338135;True;False;False
2025-02-05;0.0007971303308090873;0.01241106719367589;1814.2857142857142;0.37261146496815284;0.017437443399724063;0.8660254037844386;0.5000000000000001;0.9009688679024191;0.4338837391175582;0.9749279121818236;-0.22252093395631434;1.0;0.001632815611310235;0.0009159697331740343;0.0037435284747112706;1.644978945888404;2.692153082897364;-0.0009634933262618098;-1.0;0.0005171042163882259;0.0016706443914081145;0.003023070803500398;1.1473587517715778;3.0189378101573223;-0.0004025284092165092;-1.0;0.002109872611464968;0.0016719745222929937;0.0042595541401273885;2.2001857885163187;3.106178034387566;8.850654063333993e-05;-1.0;0.0006771020034253395;0.0011550563587844028;0.0026287489544748474;1.314975122806039;3.1499772475869494;-0.00022145157075601716;False;True;False
2025-02-06;0.0005958291956305859;0.01015531660692951;1770.0;0.8666666666666667;0.018580295586421627;0.8660254037844386;0.5000000000000001;0.9749279121818236;0.22252093395631445;0.43388373911755823;-0.900968867902419;-1.0;0.002183406113537118;0.00111155220325526;0.004485907105994442;1.8119846372391002;2.7940850228213567;0.00017223105458403433;-1.0;0.0006359300476947536;0.002424483306836248;0.003338632750397456;1.4915998079391597;3.090058304998028;0.00017669639583524024;-1.0;3.975668906293484e-05;0.0013119707390768496;0.002941994990657178;1.7453791346542198;3.078730047651383;-0.0004866890543631545;1.0;0.00023892008123282762;0.00047784016246565523;0.002429020825867081;1.4320232561548223;3.1760117409649604;-0.0005874454514938028;False;True;False
2025-02-07;0.002101173485569299;0.009884874950377133;1734.2857142857142;0.7911646586345381;0.01988363554199853;0.8660254037844386;0.5000000000000001;1.0;6.123233995736766e-17;-0.433883739117558;-0.9009688679024191;-1.0;0.0006725481663172054;0.0010286030778969024;0.002096767812635993;1.4340508465793602;2.765817046141447;-5.716723174273945e-05;-1.0;0.0005541043299295496;0.0007124198527665638;0.001978944035462677;0.8481498297809006;2.9977870241947913;-0.0008317490494296577;1.0;0.0012278200253485424;0.00015842839036755386;0.0033666032953105197;1.9978486328300615;3.1278024220910026;-0.00017129153819805138;1.0;0.0016206814767965848;0.0017787967428255199;0.0037947663846944423;1.9804398644087282;2.938990471348646;0.0002722020265879404;False;False;True
2025-02-10;0.0014008405043025814;0.019187403568461447;1777.857142857143;0.3216494845360825;0.007532331035982435;0.8660254037844386;0.5000000000000001;0.7818314824680299;-0.6234898018587335;0.0;1.0;1.0;0.0006794564348521183;0.0019184652278177458;0.0034372501998401277;1.5802788896719975;2.8219044045921815;0.0009096193354010663;1.0;0.0008785591629727247;0.00027954155185495785;0.003993450740785112;1.2674550813079346;3.08177930967207;0.0026238009274007486;1.0;0.001274341921866911;0.0003584086655250687;0.007805344271434829;2.682754343206649;3.3921999817756583;0.005299172361627785;-1.0;0.0009894720177313385;0.0011082086598590993;0.0026517850075199875;1.384744348124739;3.3056577650360808;0.006529735818504974;False;False;True
2025-02-11;0.0007958615200955034;0.013029576338928857;1791.7857142857142;0.5460122699386503;0.010374923418401679;0.8660254037844386;0.5000000000000001;0.6234898018587339;-0.7818314824680295;0.7818314824680298;0.6234898018587336;-1.0;0.003658051689860835;0.0013916500994035786;0.005129224652087475;1.8764168154881882;2.7585587505140947;-8.394747539007056e-05;1.0;0.000755497236470635;0.00047715614934987476;0.001988150622291145;0.9783830067644534;3.0632074332025483;4.8562548562535715e-05;1.0;0.0009138951801962888;0.0009536297532483013;0.0065164699805300595;2.363662454297449;3.3286498218320184;0.001480954138761422;1.0;0.0024126883676778865;0.000791045366451766;0.004429854052129889;1.8880186422287628;3.4358223804334385;0.002923283558505175;False;True;False
2025-02-12;0.019274824235721622;0.011411530815109344;1811.4285714285713;2.4146341463414633;0.03412624627320232;0.8660254037844386;0.5000000000000001;0.43388373911755823;-0.900968867902419;0.9749279121818236;-0.22252093395631434;-1.0;0.0024025420444857785;3.875067813686739e-05;0.008602650546384562;2.398266282530436;2.844230456838179;0.0032795691937112493;-1.0;0.00035090455396132253;0.00011696818465377417;0.005731441048034935;2.2726035799005952;3.1163414514467034;0.00485155715822436;0.0;0.00270450358640693;0.0012934582369772273;0.003997961823384157;2.4566228297191532;2.9442672602612108;0.006519552123753827;-1.0;0.00015677667163126126;0.002390844242376734;0.00685897938386768;2.3430049049007344;2.816466016251325;0.0029347959201524677;True;False;False
2025-02-13;0.004073883637226595;0.022669146710067426;1884.642857142857;0.17606837606837608;0.016104532364166164;0.8660254037844386;0.5000000000000001;0.2225209339563141;-0.9749279121818237;0.43388373911755823;-0.900968867902419;-1.0;0.0007878358150161507;0.0003545261167572678;0.005554242495863862;1.5087059593071328;2.9198524932914083;-0.002479491440479093;-1.0;0.0006726279971512226;0.0009891588193400333;0.0017409195220384585;1.016173085815287;3.147831807178192;-0.002673138475607522;-1.0;0.0018201242432635619;0.0005143829383136154;0.0023740750999089936;1.8803928980308866;3.2167922820971775;-0.0022114944954451767;1.0;0.0015827167332726625;0.0008704942032999644;0.0034028409765362246;1.8644337794461159;3.2185934894390607;-0.0014845853482845118;False;True;False
2025-02-14;-0.0009438414346389807;0.00988733947845269;1918.9285714285713;0.7848605577689243;0.01472315201674429;0.8660254037844386;0.5000000000000001;1.2246467991473532e-16;-1.0;-0.433883739117558;-0.9009688679024191;1.0;0.0010234608723035743;0.00019681939851991812;0.009211147850732168;2.064315264090077;3.187254931684049;0.003276013937161229;1.0;0.0024212129495840983;0.0005076736829773109;0.0031241457413988365;1.3455475818516027;3.2523670651519536;0.00434258247002272;1.0;0.001483679525222552;0.00027330938622520694;0.006247071685147587;2.145312206707707;3.362657776246832;0.006594887342739756;-1.0;0.001127176616915423;0.0013992537313432835;0.004819651741293532;1.4426610713123238;3.3944057360740305;0.006073040978958686;True;False;False
2025-02-17;-3.832739258748227e-05;0.03105810108644308;1953.2142857142858;0.8757921419518377;0.038978623084520055;0.8660254037844386;0.5000000000000001;-0.6234898018587338;-0.7818314824680296;0.0;1.0;1.0;0.00015331544653123802;0.00022997316979685704;0.004024530471444998;1.4339478972008155;2.6951997005565476;0.002936371544353275;1.0;0.0002673388328750382;0.00011457378551787351;0.0019477543538038496;1.0597372853043616;2.9796778687255876;0.0027920771104755727;-1.0;0.0005338213986120643;0.001639594295737055;0.002821627392663769;1.8613087393726975;2.9619508690125063;0.003014231752451448;1.0;0.00038153376573826786;0.0006104540251812285;0.0017169019458222053;0.9417273105571392;3.1228608626089502;0.0023680319917310003;True;False;False
2025-02-18;0.003209046454767726;0.011651973936374089;1981.7857142857142;0.5789473684210527;0.04276073485644171;0.8660254037844386;0.5000000000000001;-0.7818314824680297;-0.6234898018587337;0.7818314824680298;0.6234898018587336;-1.0;0.0001904036557501904;0.0006092916984006092;0.0048362528560548365;1.475284225916944;2.9683594657579575;-0.003182007426100207;1.0;3.823506920547526e-05;3.823506920547526e-05;0.0024088093599449415;1.2868336494136134;3.172070624631451;-0.0024328734609108562;-1.0;0.000686655985351339;0.0007629510948348211;0.006599526970321202;2.6280181613401568;3.3304399476789373;-0.002650067529855803;1.0;0.0005368303999386479;0.0006518654856397868;0.0046397484566126;1.9840949670910801;3.385428708454964;-0.002042280730805296;True;False;False
2025-02-19;-0.001299992352986159;0.010015232292460015;1948.2142857142858;0.23193916349809887;0.03443701003348455;0.8660254037844386;0.5000000000000001;-0.900968867902419;-0.4338837391175583;0.9749279121818236;-0.22252093395631434;-1.0;0.00015313935681470137;0.001339969372128637;0.006010719754977029;2.0486872606399307;3.004221912245779;-0.0013460503038227828;-1.0;0.0006537958618567803;0.0007691716021844473;0.004768863933543574;1.6433571945988958;3.3756199826149205;-0.002731150985058001;1.0;0.001967896280290168;0.0010032412409322427;0.003511344343262849;1.879126578917765;3.3660668305669104;-0.0047135450143548745;1.0;0.0001928268414963363;0.00034708831469340535;0.004010798303123795;1.3133234085310648;3.504785695277828;-0.0038858997352464414;False;False;True
2025-02-20;0.0023958574851224977;0.011255742725880551;1793.2142857142858;0.3741496598639456;0.02502296818042617;0.8660254037844386;0.5000000000000001;-0.9749279121818236;-0.2225209339563146;0.43388373911755823;-0.900968867902419;-1.0;0.0015420200462606013;0.0006168080185042405;0.0032767925983037778;1.911524366342363;2.9383267402225806;0.0003687837426404308;1.0;0.0006946856547412296;0.0005403110647987341;0.0020840569642236887;0.9662612279502087;3.143914225309574;0.0008226326816540432;-1.0;0.00023136544171518914;0.001619558092006324;0.0036247252535379633;2.153617080709591;3.163749739669472;0.0009485670628329356;-1.0;0.00023177656738903696;0.0025495422412794067;0.0028585776644647893;1.4722761330158078;3.304259761418135;0.0005623162277594472;True;False;False
2025-02-21;0.00038618985093071754;0.0069776407093292215;1750.0;0.4696132596685083;0.02103640871412636;0.8660254037844386;0.5000000000000001;-1.0;-1.8369701987210297e-16;-0.433883739117558;-0.9009688679024191;1.0;0.0011195182211241508;0.0013125386040765904;0.002779493514515133;1.3342078099948462;2.727338095359762;0.0006860563338007216;-1.0;0.00019295334388144946;0.0019295334388144947;0.002161077451472234;0.9626322743072695;3.023891358135265;5.574422832844659e-05;-1.0;0.0014665020067922197;0.00216116085211485;0.0047082432849644956;2.173760245764046;3.0921548551210374;-0.00019316952557564519;1.0;0.0016999575010624734;0.0005795309662712978;0.0024726654560908706;1.4578257628597333;3.2143579373104147;-0.0005579590715561924;False;False;True
2025-02-24;0.0021291421492722206;0.010075663990117356;1740.7142857142858;0.7586206896551724;0.017938877266936156;0.8660254037844386;0.5000000000000001;-0.7818314824680299;0.6234898018587334;0.0;1.0;-1.0;0.0017383242554177773;0.0006953297021671109;0.002704059952872098;1.5205278472579866;2.82107936854755;0.002138073158165819;1.0;0.0014683153013910356;7.727975270479135e-05;0.002975270479134467;1.2804016938480618;3.1181073687202443;0.002782386507354725;-1.0;0.0005402068220404383;0.0008103102330606575;0.00466893039049236;2.4919623775872783;3.233425697631494;0.00237449993547547;-1.0;0.0008517557783886329;0.0012776336675829494;0.0031747260830849045;1.9425619864545538;3.28703156951664;0.001102412388359189;False;True;False
2025-02-25;0.0005488043904351235;0.020937149920809674;1822.142857142857;0.2047970479704797;0.002856435624113503;0.8660254037844386;0.5000000000000001;-0.6234898018587337;0.7818314824680297;0.7818314824680298;0.6234898018587336;1.0;0.0010186491145588465;0.0;0.0036044507130543802;1.8593153848410637;2.847512476397811;0.000182362902175291;-1.0;0.00042987221071554184;0.000547110086365235;0.0024619953886435577;1.4518623303447546;3.1029764257038495;0.0014089468122578373;-1.0;0.00172204610387069;0.0009392978748385582;0.0034049547962897732;2.128378469179868;3.1338581898140245;0.0018930492453913283;1.0;0.0018800673690807254;0.00019584035094590888;0.005131017194782813;1.905300341569345;3.0720074961486947;0.0018439697849280292;True;False;False
2025-02-26;0.003951022962876032;0.009481272527816956;1817.5;0.6446280991735537;0.007134391849997253;0.8660254037844386;0.5000000000000001;-0.4338837391175575;0.9009688679024194;0.9749279121818236;-0.22252093395631434;1.0;0.00027275561097256856;0.0005455112219451371;0.004364089775561097;1.746662810468779;2.7741416744450307;0.0002890485126943816;1.0;0.00034943314179220375;0.0009318217114458767;0.0036884609411399288;1.3333664335304531;3.1166026446036788;0.002435854399600573;-1.0;0.00030987333927257234;0.00023240500445442927;0.008211643490723166;2.4111912110833935;3.1839091293771293;0.00315737885510315;-1.0;0.0;0.0005074358874273;0.0047230571060541005;1.866271817371934;3.263891597055941;0.0004834515829773158;False;False;True
2025-02-27;-0.006186704496197344;0.020183915211970074;1913.5714285714287;-0.1718146718146718;-0.01142815705043402;0.8660254037844386;0.5000000000000001;-0.22252093395631464;0.9749279121818235;0.43388373911755823;-0.900968867902419;-1.0;0.0013084853291038857;0.0018636003172085647;0.0032910388580491673;1.505878767158935;2.699043714320825;-0.002282410895648023;1.0;0.0008724273307689258;0.0005155252409089106;0.002736249355593449;0.9738329895236886;2.8794769546359795;-0.0026973629207204626;1.0;0.0009900990099009901;0.00011881188118811881;0.0025346534653465347;1.551189724593273;3.1493671122047613;-0.003365938112438088;-1.0;0.0011468343417566338;0.0016213864831731719;0.003638233084193459;1.699803544586863;3.2062473888688365;-0.0020493876025243656;False;True;False
2025-02-28;-0.0009880251353594435;0.011538461538461539;1844.2857142857142;0.3711340206185567;-0.008793341763962003;0.8660254037844386;0.5000000000000001;-2.4492935982947064e-16;1.0;-0.433883739117558;-0.9009688679024191;-1.0;7.912018355882586e-05;0.000553841284911781;0.0043120500039560096;1.2252374101888384;2.8702527733132523;-0.0033088478591754736;1.0;0.00031764939448084174;0.0010323605320627358;0.0022235457613658926;1.0259845694048084;3.1072470675199875;-0.0036409639297726067;1.0;0.0024198667089812757;0.0005950491907331006;0.005395112662646779;1.9692536737606112;3.0918453979529956;-0.0036893391729548005;-1.0;0.0009102422035776476;0.000554060471742916;0.002176666138990027;1.1371796382549768;3.1248580913719555;-0.0020154015401540794;False;False;True
2025-03-06;-0.002483974358974359;0.006989376148254653;1855.7142857142858;0.07428571428571429;-0.022344558949701672;1.0;6.123233995736766e-17;0.9377521321470804;0.3473052528448203;0.43388373911755823;-0.900968867902419;1.0;0.00020081934291910997;0.0009639328460117278;0.005984416418989477;1.607475568654436;2.885390230393413;0.0007638944404472578;1.0;0.00039972818483431264;0.0021585321981052886;0.003197825478674501;1.4983366616061942;3.1822522816166883;0.0013448914100054206;-1.0;0.0;0.0005592394343692578;0.005113046257090357;1.7296759809294058;3.227183688884755;0.0008872837524523437;1.0;0.003049636852453754;0.00024076080414108582;0.004052806869708278;1.61677201309981;3.316362196638354;-0.00012919896640825577;False;False;True
2025-03-07;0.0007596353750199904;0.012772110209655393;1760.357142857143;0.5880503144654088;-0.01697158442690712;1.0;6.123233995736766e-17;0.9884683243281114;0.1514277775045767;-0.433883739117558;-0.9009688679024191;-1.0;0.0009987615356957373;0.00011985138428348847;0.0060724701370300825;1.5823916425048081;2.7120945985288123;0.00034350004237990135;-1.0;0.0003211948448227406;0.0004014935560284257;0.004496727827518368;1.214000750896571;3.090485329423096;-0.0013702494660057228;1.0;0.00024180872929512756;0.00044331600370773385;0.001853866924595978;1.3328303735467184;3.154127133939364;-0.003045916861229599;1.0;4.0252787505534755e-05;0.004105784325564545;0.006762468300929839;1.9607377364185425;3.0147078669737053;-0.0026497510839890797;True;False;False
2025-03-10;-0.0050909664943367934;0.03000279653229995;1938.9285714285713;0.6245006657789614;-0.01026054763489175;1.0;6.123233995736766e-17;0.8978045395707416;-0.4403941515576344;0.0;1.0;-1.0;0.0012693375644585482;0.00043633478778262594;0.0060690202300674335;1.652232141317549;2.9723512125352536;-0.0029260734838423823;-1.0;0.0007171314741035857;0.001752988047808765;0.0027888446215139444;1.060413191477572;3.3047878439180267;-0.005885009830490423;-1.0;0.0029092937988203413;0.000757213454487486;0.0040650406504065045;1.8214009818518018;3.2308483076217795;-0.008257360302651682;-1.0;0.0023124152778885255;0.0005182999760784627;0.0031895383143290008;1.678580574043239;3.2072284307807077;-0.00726766730037179;False;True;False
2025-03-11;0.003138283081078934;0.011582705275684252;1785.7142857142858;0.934931506849315;-0.008512375926623949;1.0;6.123233995736766e-17;0.7907757369376989;-0.6121059825476626;0.7818314824680298;0.6234898018587336;-1.0;0.0005148107080627277;0.003286868366862031;0.00518770790432441;1.5454239819810387;2.8785171973648427;0.0012117046260679781;-1.0;0.0002776015228426396;0.0004362309644670051;0.0029346446700507615;0.9272052220074983;3.089335809395867;0.0009848083377495271;-1.0;0.0014308426073131955;0.000794912559618442;0.006677265500794912;2.3708031255357627;3.1330231385330434;-0.00018187302601230446;-1.0;0.0017566272756307888;0.0009980836793356755;0.003992334717342702;1.9407202858652655;3.232813549361988;-0.0025538189586636127;False;False;True
2025-03-12;0.0011185682326621924;0.018691588785046728;1845.7142857142858;0.565677966101695;-0.01614179179189004;1.0;6.123233995736766e-17;0.6513724827222223;-0.7587581226927909;0.9749279121818236;-0.22252093395631434;-1.0;0.00011971268954509178;0.004110135674381485;0.007023144453312051;1.6684167120293436;2.772968875295231;0.001471699791027535;1.0;0.0061629582199455735;0.001000480230510645;0.007683688170321754;1.712691529196158;2.86401645228256;0.000639974401023959;-1.0;0.001759859211263099;0.0009599232061435085;0.004279657627389809;1.521437111095327;3.01355590466089;-0.0004317501012609903;1.0;0.0023634979770059687;8.011857549172775e-05;0.004847173817249529;1.581289048539964;3.0418078041872394;-9.324754559142803e-05;False;False;True
2025-03-13;-0.0015996800639872025;0.011292897047086992;1852.857142857143;0.3286219081272085;-0.019630942984264616;1.0;6.123233995736766e-17;0.48530196253108104;-0.8743466161445821;0.43388373911755823;-0.900968867902419;1.0;0.0007210094131784498;0.0013619066693370718;0.005487682755858201;1.3505310781666715;2.8674160467328123;0.0014193834553116247;1.0;0.001876322408080163;0.0;0.004191784103157811;1.1969357675487255;3.111021177127307;0.0014294375627867764;-1.0;0.0009160791811048711;0.001194885888397658;0.006611701915800374;1.7909191209118653;3.2864600554620997;0.0010580317053871613;1.0;0.002560614547491398;0.00012002880691365927;0.0036408738097143314;1.7691094907909037;3.335536274421667;0.00032865225926220716;True;False;False
2025-03-14;0.0027543873455575666;0.020308431804526336;1918.2142857142858;1.0907297830374754;0.0005614514501544973;1.0;6.123233995736766e-17;0.29936312297335804;-0.9541392564000488;-0.433883739117558;-0.9009688679024191;1.0;0.00019620153822005965;0.000510123999372155;0.0034531470726730496;1.2620363519441689;2.733154160462728;0.0012652944092248334;-1.0;0.0007826563356030367;0.0012913829537450105;0.0023479690068091102;1.1955812092123703;3.1368512776407216;0.0026400142656454297;-1.0;0.00199632050730027;0.0010960191020472072;0.003170626688065135;1.6968932376603119;3.1950785406973967;0.003662382288336398;1.0;0.0003523056447193298;0.0007437563610741408;0.005519455100602834;1.8510455165430915;3.2878223902673156;0.0039015983129159163;True;False;False
2025-03-17;0.0;0.025074556584523622;2102.1428571428573;0.8544600938967136;0.020018505159489382;1.0;6.123233995736766e-17;-0.2993631229733582;-0.9541392564000488;0.0;1.0;1.0;0.00042280047661144636;0.0014990198716224006;0.0056117154168428334;1.7177769903166793;2.7229667689526393;0.0007233519277329493;-1.0;0.0017615746945965612;3.829510205644698e-05;0.0027955424501206294;1.2236927723548228;3.0592623769014167;0.0007070358586440261;1.0;0.00022999961666730556;0.0018016636638938934;0.002644995591674014;1.695979568549617;3.0571048079882;0.0013748951802048652;1.0;0.001915415262028808;0.0014557155991418939;0.0037925222188170396;1.8952137925248833;3.127202152026087;0.000999851086008405;True;False;False
2025-03-18;-0.003287981859410431;0.02148595149325441;2208.5714285714284;0.7066189624329159;0.03188825416699272;1.0;6.123233995736766e-17;-0.4853019625310808;-0.8743466161445822;0.7818314824680298;0.6234898018587336;1.0;0.0010996094490577485;0.0028438175406665907;0.0050809540059909755;1.9327828247316847;2.7488412727607137;-0.0009384455470128778;1.0;0.0010983600348445253;0.0012877324546453055;0.002613339393250767;1.3664656426841193;2.9466158344439966;-0.0010981104926350866;1.0;0.0007573175811276459;7.573175811276459e-05;0.005149759551667992;2.417407152696741;2.9714691448738497;-0.0005320329944241754;-1.0;0.0009425781397277834;0.0006786562606040041;0.006221015722203371;2.375749099824281;3.0937637555584683;-0.00016834379169136765;True;False;False
2025-03-19;-0.0021832417375592865;0.012664467447768552;2134.285714285714;0.6287425149700598;0.03620745257849834;1.0;6.123233995736766e-17;-0.651372482722222;-0.7587581226927911;0.9749279121818236;-0.22252093395631434;1.0;0.001395805039987928;7.544892108042855e-05;0.0035460992907801418;1.769408185291681;2.637551116333725;-0.00025097566790885015;1.0;0.0005270290618882698;0.00037644932992019273;0.0024092757114892336;1.1754037967349;3.1525763705311523;0.0001712357373160503;1.0;0.0006390016538866336;0.0018042399639152007;0.004736129905277402;2.080765821866829;3.0735522487923634;0.0009458924516116561;1.0;0.001837614850928183;0.0016126007875492219;0.003900243765235327;1.6421341534961456;3.167103754906388;0.0019742349839437946;True;False;False
2025-03-20;-0.004025944978751957;0.014523917307982496;2185.3571428571427;0.5506493506493506;0.043091248035761344;1.0;6.123233995736766e-17;-0.7907757369376986;-0.6121059825476627;0.43388373911755823;-0.900968867902419;-1.0;7.485590238790328e-05;0.0010854105846245976;0.004042218728946777;1.800496970154468;2.7471744942205287;-0.0003002890281896325;1.0;0.0007882882882882883;3.7537537537537536e-05;0.0024024024024024023;0.9419722687347684;3.1598013810061314;-0.002044657655181628;1.0;0.0002623589820471497;0.001124395637344927;0.0032607473483002884;2.0944979772691124;3.2588163616380754;-0.003225551689881373;-1.0;0.001421570461262205;0.001309341214320452;0.002955370169466163;1.7922571767495892;3.184017597267399;-0.0016671863631639364;False;True;False
2025-03-21;-0.002363711402093573;0.007934725653117747;2088.5714285714284;0.05188679245283019;0.0370838403694343;1.0;6.123233995736766e-17;-0.8978045395707417;-0.44039415155763423;-0.433883739117558;-0.9009688679024191;-1.0;0.001241068070703272;0.002482136141406544;0.00376081233546446;2.0357429058468606;2.7997199464512996;-0.00012118628839839066;-1.0;0.0006769462203836029;0.0019556224144415195;0.0027453930048890562;1.2770571961693589;3.111567673813034;-0.0005014982259499527;1.0;0.001504551267584443;0.0008275031971714436;0.002708192281651997;1.7612319622486747;3.2038036262140586;-0.0011739442856902914;1.0;0.0012032336905433351;0.0004512126339537507;0.003835307388606881;2.0005823186403604;3.200662456646624;-0.0005961388544962141;False;True;False
2025-03-24;0.005934941026218917;0.008424219631440391;2064.6428571428573;1.1473214285714286;0.04298110326992881;1.0;6.123233995736766e-17;-0.9884683243281114;0.15142777750457667;0.0;1.0;-1.0;0.0018297236743838685;0.00022404779686333083;0.0049663928304705006;1.4187570349943883;2.605570919658761;0.0002871195665743617;-1.0;0.00011235534249653571;0.0014606194524549641;0.006366802741470357;1.9827092734775018;3.1581788841984717;-0.0003303269400436914;-1.0;0.0006773792947728898;0.002145034433447484;0.003386896473864449;1.6737737925387244;3.0358487164195664;-0.0008451104919212214;1.0;0.002259206265532043;0.00045184125310640863;0.0040665712779576774;2.144946920286403;3.1772883432897876;-0.002243613847735151;True;False;False
2025-03-25;-0.002038197327696837;0.01657953696788648;2055.3571428571427;0.12387387387387387;0.028537640431954687;1.0;6.123233995736766e-17;-0.9377521321470804;0.3473052528448203;0.7818314824680298;0.6234898018587336;1.0;0.0008698940998487141;0.0008320726172465961;0.003366111951588502;2.041314723019239;2.707465773931031;0.0010824145395963074;1.0;0.0006796813049881055;0.0004153607974927312;0.004342408337424008;1.545349440704978;3.1817652273825643;0.0017020671542860028;1.0;0.0011290929619872036;0.002182913059841927;0.0043281896876176135;2.0811358421029023;3.1638698760405837;0.0022266504576540515;1.0;0.0011279043537108053;0.0001879840589518009;0.005376344086021506;1.9082932426529882;3.2459497487437186;0.0038443296138196887;True;False;False
2025-03-26;-0.0001126168399714704;0.017889561270801817;2161.785714285714;0.4608879492600423;0.03453833979045899;1.0;6.123233995736766e-17;-0.848644257494751;0.5289640103269624;0.9749279121818236;-0.22252093395631434;1.0;0.001426640636732242;0.0013515542874305451;0.005030785403213695;1.865100092340839;2.7529651168132;0.0008532281157392564;1.0;0.0;0.0007866052365434319;0.0028093044162265423;1.120661893217011;2.9982697032892154;0.0015284994538106087;-1.0;0.0003364485981308411;0.0006728971962616822;0.004186915887850467;2.3544257600114644;3.073507223066968;0.0018251140696294247;1.0;0.0009750975097509751;0.002175217521752175;0.004012901290129013;2.1340021448389295;3.261937764609083;0.001490530137436774;False;True;False
2025-03-27;0.0036036036036036037;0.009535966361315512;2138.9285714285716;0.8464566929133859;0.03614854717913441;1.0;6.123233995736766e-17;-0.72479278722912;0.6889669190756865;0.43388373911755823;-0.900968867902419;1.0;0.0008602633153800119;0.0005610412926391383;0.0037776780371035308;1.7978351522982376;2.717273509900238;0.0005928911111942019;-1.0;0.001268704056121497;0.001156759580581365;0.002612037762603082;1.3321476918594544;3.0051884067819645;0.0016794804807046353;-1.0;0.0006344704038217511;0.0054116593267149364;0.00608345151899679;2.8090754457685483;3.191666095045844;0.0031102651189986712;-1.0;0.00022393073076061804;0.0010823318653429873;0.0026871687691274165;1.6080161049810746;3.1366658026105645;0.002192572660113719;False;False;True
2025-03-28;-0.0006724698322561363;0.010472770795930581;1973.5714285714287;0.3607142857142857;0.034239438280662476;1.0;6.123233995736766e-17;-0.5712682150947924;0.8207634412072763;-0.433883739117558;-0.9009688679024191;-1.0;3.738457512430371e-05;0.0016449213054693633;0.006729223522374668;1.8905745124173456;2.915534591490301;-0.002029007289396558;1.0;0.00033815517565282733;0.00033815517565282733;0.003419124553823032;1.3078547922402355;3.200972661321675;-0.002677025046629339;1.0;0.0007494285607224492;0.002548057106456327;0.0038220856596844904;2.2321457405535647;3.2112635604727924;-0.0028629805791709597;-1.0;0.0022096550690985355;0.00026216246582525;0.0042695030148683566;1.6472859778690359;3.3186098524456837;-0.0016883652872096949;False;False;True
2025-03-31;-0.005914707655213985;0.013234139594003514;1973.9285714285713;-0.05367231638418079;0.01794628459443403;1.0;6.123233995736766e-17;-2.4492935982947064e-16;1.0;0.0;1.0;-1.0;0.0017811801265774814;0.0017811801265774814;0.00466138628870277;1.515394902853285;2.5949195816431008;-0.0020149901779767964;-1.0;0.00037939145610440855;0.0018969572805220426;0.0031110099400561498;1.2244285742425967;2.9707408522103003;-0.003775988929391092;-1.0;0.0007973573299920264;0.0008353267266583134;0.0038349090632949843;1.9295904503176924;3.0506985165094394;-0.005948983345383661;-1.0;0.0010655301012253596;0.0033107542430930816;0.004566557576680112;2.0057021087139733;3.2030813033559022;-0.0056500759123223;True;False;False
2025-04-01;0.0012981062919975566;0.010346003713950051;1942.142857142857;0.23809523809523808;0.010003369758821547;0.8660254037844387;-0.4999999999999998;0.20791169081775931;0.9781476007338057;0.7818314824680298;0.6234898018587336;1.0;0.00022878059940517045;0.0014870738961336079;0.0029741477922672157;1.3314408194620022;2.6016880041957577;-0.0006516284363879967;-1.0;3.808218134734758e-05;0.0018279447046726837;0.003313149777219239;1.4730372348634317;3.07991806563084;-0.0005042607918166664;1.0;0.0002288329519450801;0.0036231884057971015;0.005530129672006103;2.4051108177578926;3.140923760749831;0.0006303516431448447;1.0;0.0009899482180932074;0.0018656716417910447;0.0033125190374657327;2.1846510043476504;3.2362474277439515;0.0008076656348844881;False;True;False
2025-04-02;-0.0013287775246772968;0.01555708075955159;1986.7857142857142;0.4411764705882353;0.010380357022825262;0.8660254037844387;-0.4999999999999998;0.40673664307580015;0.9135454576426009;0.9749279121818236;-0.22252093395631434;-1.0;0.003953620984603687;0.00022809351834252042;0.00486599505797377;1.745060886580075;2.7474788925050704;-0.0016865117104778557;1.0;0.0017499809784676254;0.0;0.003195617438940881;1.5113863777587977;3.0065896463429946;-0.001540630434415598;1.0;0.0018994073848959125;0.00041786962467710076;0.004292660689864762;2.010504545523026;3.188461312203885;-0.0008930677720486883;-1.0;0.00045497630331753553;0.0006445497630331754;0.006862559241706161;2.272909093189871;3.3753431192132366;-0.0010804764265465961;True;False;False
2025-04-03;-0.0032119914346895075;0.02014826078692264;1995.0;-0.15849056603773584;-0.0010097971399939067;0.8660254037844387;-0.4999999999999998;0.5877852522924731;0.8090169943749475;0.43388373911755823;-0.900968867902419;1.0;0.003260702777351542;0.000882307810342182;0.010472610096670247;2.064839111931104;2.9991151893838923;-0.002846287754609186;-1.0;0.0020584759653871076;0.0011817176838333397;0.009377501620096824;1.7023255902722538;3.115499957586312;-0.0043554600934164345;1.0;0.001841055538508745;0.0007287511506597115;0.01384627186253452;2.5870012490425998;3.0590364688883596;-0.0017278144411574073;1.0;0.003944473943715391;7.58552681483729e-05;0.009481908518546613;2.3387575350437078;3.1951254049498865;0.0010436313340878387;False;True;False
2025-04-04;-0.016455600212330324;0.022441307350007673;1955.357142857143;-0.17264957264957265;-0.008502644056653715;0.8660254037844387;-0.4999999999999998;0.7431448254773941;0.6691306063588582;-0.433883739117558;-0.9009688679024191;-1.0;0.0009637625289128759;0.0035466461063993833;0.007363145720894372;1.5772551316266568;2.781166274712679;-0.004334304148732293;-1.0;0.004174397031539889;0.001893939393939394;0.009044526901669759;1.6443532163134154;2.5549026702961424;-0.009002606017531379;-1.0;0.0026361698003489046;0.00255863539445629;0.00976933514246947;2.124182670035678;3.0770403958668164;-0.01508483597512682;-1.0;0.0019083969465648854;0.002687334475775043;0.007438853403957003;2.1479119318826294;3.0512505422705423;-0.01515881385427928;False;False;True
2025-04-07;-0.015667841754798278;0.023708558211256746;2116.0714285714284;-0.3821138211382114;-0.03981354118905701;0.8660254037844387;-0.4999999999999998;0.9945218953682733;0.10452846326765346;0.0;1.0;1.0;0.0002785515320334262;0.00238758456028651;0.008714683645045762;1.7905751356300752;2.474171342427854;-0.0014107533686680523;-1.0;0.0006328613242623211;0.0009097381536270864;0.004192706273237877;1.579004487952694;2.721916196006094;-0.004040804635688582;-1.0;0.00031725888324873094;0.001070748730964467;0.007931472081218274;1.8693405320609304;2.9836906704177935;-0.008431688244869343;1.0;0.0014770459081836326;0.008183632734530938;0.011936127744510978;2.6250075968445747;2.971919073038457;-0.009107685771564332;True;False;False
2025-04-08;0.011200254190166018;0.03820135296458416;2339.6428571428573;0.640625;-0.027213938427150895;0.8660254037844387;-0.4999999999999998;0.9945218953682734;-0.10452846326765333;0.7818314824680298;0.6234898018587336;-1.0;0.0011390416339355852;0.0007462686567164179;0.007894736842105263;1.506017516008241;2.646903914302164;0.0006849224852148178;1.0;0.0005532066226735686;0.0028845773896550362;0.0040305053937645715;1.1409564580006808;2.9023411643111796;0.0025011189216228697;1.0;0.0019351526401011018;0.0010663085976067297;0.011926859128786382;2.0327303449051906;2.966828480276635;0.0059933108040518416;-1.0;0.0008611578658942341;0.0009394449446118919;0.00767213371433045;1.8314811947891607;2.9004425915585594;0.005967458973719581;False;True;False
2025-04-09;-0.007943548387096775;0.03405341712490181;2511.785714285714;-0.1453287197231834;-0.0595417162799854;0.8660254037844387;-0.4999999999999998;0.9510565162951536;-0.30901699437494734;0.9749279121818236;-0.22252093395631434;1.0;0.0022354997358045767;0.00174775433890176;0.0049180994187700685;1.3312504985067075;2.577752805233651;-0.0044397520236065255;1.0;0.0015430845447900593;0.004629253634370178;0.006334768131243401;1.5213014914651006;2.9029045609544712;-0.004917219289935424;1.0;0.0010149811213511428;0.0007713856522268686;0.006495879176647314;1.802751508241651;2.7952744535876386;-0.004615598748220871;1.0;0.0023033094920596434;0.0016971754152018427;0.009981007798925122;2.0003199985641915;2.7545030380441258;-0.00078105822231146;False;True;False
2025-04-10;-0.0031752254018032142;0.06015526561801406;2952.1428571428573;0.6195945945945946;-0.028904868650686057;0.8660254037844387;-0.4999999999999998;0.8660254037844387;-0.4999999999999998;0.43388373911755823;-0.900968867902419;1.0;0.002831412953714263;0.003224664752841244;0.009791969798261827;1.2692856202463028;2.4630696624306556;-0.0018936425847568682;-1.0;0.004897351512302147;0.0003134304967873374;0.007874941231781852;1.3487878426578563;2.6757832557557033;-0.0016760946993505895;-1.0;0.0016106855234727952;0.0005892751915144372;0.00738558240031428;1.6747596090581847;2.7975424133831845;-0.00267653033912957;1.0;0.0075820400426489755;0.00011846937566639024;0.00947755005331122;1.87403593964401;2.6170617108511993;-0.0044544307789340905;False;True;False
2025-04-11;0.004307108705101355;0.02505013960438869;3099.6428571428573;0.6342229199372057;-0.029202977019199366;0.8660254037844387;-0.4999999999999998;0.7431448254773945;-0.6691306063588579;-0.433883739117558;-0.9009688679024191;1.0;0.0016131570664148567;0.0009442870632672333;0.005626377085300598;1.127380068856546;2.386473376694962;0.0020702038823949987;-1.0;0.0014120415767797608;0.0014120415767797608;0.004236124730339282;1.0817142315552524;2.7081257092111106;0.003124849976650937;-1.0;0.00039280383376541755;0.00023568230025925054;0.0073061513080367665;1.5970577559609005;2.864654203395847;0.0031591620092094115;1.0;0.003638233084193459;0.0018191165420967294;0.009846956934393166;2.0156919012918464;2.6611232665186644;0.001356187276338444;False;True;False
2025-04-14;0.005315822388993121;0.019200503619767075;3115.3571428571427;1.0245901639344261;-0.01677822844232747;0.8660254037844387;-0.4999999999999998;0.20791169081775931;-0.9781476007338057;0.0;1.0;1.0;0.0012830482115085537;0.0012052877138413686;0.006337480559875583;1.3084458965413097;2.6116538318502998;0.0009725826372482437;1.0;0.00019364833462432224;0.00030983733539891554;0.0033694810224632068;0.9577632640443641;2.8261637732370564;0.003973464466242666;-1.0;0.001815162399104005;0.0011586142973004287;0.00444135480631831;1.6246393364191707;2.9356402513999136;0.006381744343453877;-1.0;0.0017791529684780506;0.0011603171533552505;0.004099787275188551;1.7720265194693754;2.87671951356259;0.0056147144240077445;False;True;False
2025-04-15;-0.00023169601482854495;0.013219284603421462;3103.9285714285716;0.6029411764705882;-0.009211387371941816;0.8660254037844387;-0.4999999999999998;5.66553889764798e-16;-1.0;0.7818314824680298;0.6234898018587336;1.0;0.002510621861722673;0.0005407493240633449;0.004441869447663191;1.237700972171071;2.5412734892524;-0.000569998371433237;-1.0;0.0008871745419479268;7.714561234329797e-05;0.004513018322082931;1.1697657420890588;2.926512513781532;-0.0016559353454023188;1.0;3.871017690550846e-05;0.00034839159214957615;0.0044903805210389815;1.5622289899332238;3.0761585211445936;-0.0010066352253791393;1.0;0.0013108181047112345;0.0020047806307348292;0.0037011334721258385;1.886275086898257;3.0838504959571944;-0.0005909254406248768;False;True;False
2025-04-16;0.01736608006188358;0.008072614909231363;3087.8571428571427;2.45933014354067;0.008003402931196026;0.8660254037844387;-0.4999999999999998;-0.20791169081775907;-0.9781476007338057;0.9749279121818236;-0.22252093395631434;-1.0;0.0012165450121654502;0.0019768856447688566;0.00475212895377129;1.4219032496727801;2.5499848648039816;0.003807638122072878;-1.0;0.000875756768076762;0.0023988120169059135;0.0047214712713703685;1.4311872915930057;2.800427337444684;0.0069272322847156766;1.0;0.0009532888465204957;0.001105815061963775;0.0040800762631077216;1.4729384766505151;2.821597534402544;0.010393146780999677;-1.0;0.0003805464647233427;0.0003044371717786742;0.003348808889565416;1.8140810031231487;2.9898290973556896;0.00808065391398726;False;True;False
2025-04-17;0.002182737229072528;0.012811739659367397;3184.285714285714;0.2818991097922849;0.004276743074995539;0.8660254037844387;-0.4999999999999998;-0.4067366430758002;-0.9135454576426009;0.43388373911755823;-0.900968867902419;-1.0;0.002598295823621566;0.0014519888426120515;0.005120171181842497;1.2286778277203518;2.7101031171866907;-0.0012197868985536317;1.0;0.0006119951040391676;0.0013004895960832313;0.0029452264381884946;1.250777884290459;2.8628749657125776;-0.0006623107001388676;-1.0;0.0;0.0011845172137098315;0.004470597225937106;1.878836668527222;3.1247390006637623;-0.00013204694055755407;1.0;0.0010733726903319788;0.00011500421682128345;0.006708579314574868;2.132380776244899;3.2139828028807513;0.00099123141441098;False;True;False
2025-04-22;0.002009478672985782;0.01780596843834779;3221.785714285714;0.8025751072961373;0.014679994548033932;0.8660254037844387;-0.4999999999999998;-0.9945218953682733;-0.10452846326765423;0.7818314824680298;0.6234898018587336;-1.0;0.0013621916149538368;0.001324352958982897;0.0036325109732102314;1.5575512981346193;2.6563347874023298;-0.0009805283069686556;-1.0;0.0003787591849102341;0.00011362775547307023;0.004204226952503598;1.4464466818757797;3.121602151570454;-0.00157981886996488;-1.0;0.0008743917274939173;0.001558698296836983;0.005284367396593674;1.947984383460889;3.2271923100267736;-0.0024273386963539825;1.0;0.002554424491974532;0.00038125738686187047;0.005871363757672805;2.22206846232623;3.268537412982894;-0.0029608792248493727;True;False;False
2025-04-23;0.007625272331154684;0.01812471621008022;3256.0714285714284;1.3298538622129437;0.029922463060050336;0.8660254037844387;-0.4999999999999998;-0.9945218953682734;0.10452846326765299;0.9749279121818236;-0.22252093395631434;1.0;0.0014165890027958994;0.00011183597390493942;0.005256290773532153;1.7241042732111547;2.778600295245514;0.0026947281543382062;-1.0;0.00022284122562674094;0.0012627669452181987;0.002488393686165274;1.1330955303650336;3.152586704087518;0.00519245544898017;1.0;0.0010781470741319057;0.001226857015391479;0.005465090341289315;1.9842259668425948;3.2749221980645435;0.00819445988626567;1.0;0.0002223539875481767;0.0024458938630299437;0.00630002964719834;2.348372597972997;3.3207610856221326;0.008275279193232125;False;True;False
2025-04-24;-0.0017035144243232234;0.012376514445479962;3300.3571428571427;0.4066265060240964;0.03398015427043738;0.8660254037844387;-0.4999999999999998;-0.9510565162951536;0.30901699437494723;0.43388373911755823;-0.900968867902419;1.0;0.000964499016952925;0.0008161145528063212;0.005749897985680899;1.4003664329208352;2.8292678915078047;0.0006733011462542422;-1.0;0.0012932308601832693;0.00018474726574046704;0.0020322199231451376;1.0345068183472341;3.105349831418915;0.0013227024207098602;1.0;0.00048060926466782504;0.0009981884727716366;0.004510333099190358;1.857148912373199;3.279259511737889;0.002412164846280778;-1.0;3.685684800235884e-05;0.0023588382721509656;0.005897095680377414;2.0405203738671345;3.2839894924729736;0.0019273999005476414;True;False;False
2025-04-25;-0.002225465158701204;0.020143191007901472;3305.0;0.7624309392265194;0.04746712422418531;0.8660254037844387;-0.4999999999999998;-0.8660254037844386;0.5000000000000001;-0.433883739117558;-0.9009688679024191;1.0;0.003034845881019416;0.0015722695528172877;0.004826501883067023;1.5740344473962582;2.759439137235842;-0.00046710940514623254;1.0;0.0010235788704076037;0.0002558947176019009;0.0027417291171632245;1.0768265408596773;3.030697123723624;-0.0004664273691467491;-1.0;0.00178858227478464;0.00178858227478464;0.003832676303109943;1.7962714884818676;3.1585077435597486;-0.0005395515636852456;-1.0;0.0004746257758305951;0.0006936838262139467;0.003176341730558598;1.836128146759699;3.1890017742719268;-0.0003820905229355697;True;False;False
2025-04-28;-0.002731941864277128;0.006800979926139895;3162.5;0.41935483870967744;0.046947836162491444;0.8660254037844387;-0.4999999999999998;-0.40673664307580015;0.913545457642601;0.0;1.0;1.0;0.0007670392285776902;0.0003652567755131858;0.0033238366571699905;1.2385674791458856;2.641075164976662;0.0009597395339795683;1.0;0.0003280002915558147;0.0008746674441488392;0.003352891869237217;1.1267116840051647;2.9683633169149446;0.0011354361125254495;-1.0;0.00018182479362885924;0.002327357358449398;0.004363795047092622;1.9506511703636773;3.1523473554824157;0.0008662845299393468;1.0;0.0016030311862430778;3.643252696006995e-05;0.003788982803847275;2.180402218889471;3.397924293012591;0.0012764427640639322;True;False;False
2025-04-29;-7.284647605172099e-05;0.00898531667762437;2890.0;0.34552845528455284;0.048436682490156466;0.8660254037844387;-0.4999999999999998;-0.20791169081775898;0.9781476007338057;0.7818314824680298;0.6234898018587336;1.0;0.0010199249626634613;0.00047353658980803557;0.0021127017083743126;1.317013206414505;2.693475498248768;0.0003802127573514306;-1.0;0.00236630383341221;3.640467436018785e-05;0.002948778623175216;1.3294024894779954;2.953897218648059;0.00040471738584950845;1.0;0.0014569295210344199;0.0006920415224913495;0.0037151702786377707;2.0498203033719795;3.0863002706731963;0.0007515698111378502;1.0;0.0010546221543384973;0.002509273401701942;0.00458215142919485;2.1069879336755633;3.271593714346152;0.0010575859591336338;True;False;False
2025-04-30;-0.0019283947023722894;0.00961643536225549;2641.4285714285716;0.007575757575757576;0.04571949206494432;0.8660254037844387;-0.4999999999999998;-1.133107779529596e-15;1.0;0.9749279121818236;-0.22252093395631434;1.0;0.001166563377200977;0.0010571980605883853;0.004228792242353541;1.4529195116710278;2.6031819577255;-0.001184441372173332;-1.0;0.0015280506439641999;0.0003638215818962381;0.006657934948701157;2.2232807382416606;3.1418454370857902;-0.0017465829931557371;1.0;0.00014622555291537195;0.003253518552367026;0.005556571010784135;2.201202086608427;3.3759252554048667;-0.0019292656631244407;-1.0;0.00207930543902528;0.0010943712836975158;0.0065297486593951775;2.4479195448358704;3.480236312342196;-0.003066424280874822;False;False;True
2025-05-02;0.003216374269005848;0.011118807188946813;2440.714285714286;0.7377049180327869;0.04404319496692671;0.49999999999999994;-0.8660254037844387;0.39435585511331855;0.9189578116202306;-0.433883739117558;-0.9009688679024191;-1.0;0.0016394637132031479;0.00018216263480034975;0.004481200816088604;1.373983773317897;2.7702437130398425;-0.000771182141045202;-1.0;0.001388178563600497;0.0027032950975378095;0.00416453569080149;1.5904354108953045;3.097831408494947;-0.0010310617500447468;1.0;3.653368405670028e-05;0.0020093526231185154;0.003543767353499927;1.858710160490025;3.224604427838198;-0.00042558883254889237;-1.0;0.0021158616664234643;0.0016780971837151613;0.005545016780971837;2.174887197846289;3.4625761579884338;-0.00039792752846395246;False;True;False
2025-05-05;-0.004216495220093781;0.008561643835616438;1996.0714285714287;0.5063829787234042;0.03971171198524403;0.49999999999999994;-0.8660254037844387;0.8486442574947509;0.5289640103269624;0.0;1.0;1.0;0.0013871144369410476;0.000292024091987589;0.002701222850885198;1.0788116007539301;2.6302095588497436;0.0019245807452786053;1.0;0.0013857486689519364;0.00040113777259135003;0.002953832689081759;1.1520002330025063;3.069488747034887;0.0014812656322090991;-1.0;0.0005828142643791207;0.002440534732087568;0.003351182020179944;2.063591848570963;3.330018239067902;0.0002793567507164694;-1.0;0.000255064859349949;0.0010566972744497887;0.007360443084098528;2.2442046494693924;3.570050509411155;-0.0011853263924529434;False;False;True
2025-05-06;0.0;0.015769300967329803;1929.642857142857;0.0;0.025231065334800837;0.49999999999999994;-0.8660254037844387;0.9377521321470804;0.3473052528448203;0.7818314824680298;0.6234898018587336;1.0;0.0008869179600886918;0.00011086474501108647;0.004878048780487805;1.7892814290459818;2.930222879523176;-0.00015542875841063168;1.0;0.0009203018590097553;0.0006258052641266335;0.0020246640898214613;1.2140645377663726;3.1985733725298835;0.00048241633347216806;-1.0;0.002428434763411583;0.0010670395172566046;0.003569063212892781;2.1950735994068196;3.3351958663782746;0.0017090243024891006;-1.0;0.0016190756549896968;0.0012143067412422725;0.004121283485428319;2.265352618488185;3.531217396323082;0.0013673450171737373;False;True;False
2025-05-07;0.002469317804887038;0.007834441980783445;1831.0714285714287;0.7924528301886793;0.029055690072639227;0.49999999999999994;-0.8660254037844387;0.9884683243281114;0.1514277775045767;0.9749279121818236;-0.22252093395631434;1.0;0.0014705882352941176;0.0;0.003676470588235294;1.7966887238992857;3.067746431229281;0.0016589223118937935;-1.0;0.0005869621042591438;0.001283979603066877;0.0025312740746175574;1.311595688664996;3.1587644470474587;0.0027735969882000003;-1.0;3.671071953010279e-05;0.0003303964757709251;0.0062041116005873715;2.4339417937544403;3.358392810940093;0.0022237813309045015;-1.0;0.0007015989069827554;0.0012554927809165098;0.005465086222813042;2.219372310804835;3.6615142666771185;-0.0007370076665266284;False;False;True
2025-05-08;0.007459930570943201;0.013419117647058823;1803.9285714285713;0.9452054794520548;0.029068934038492006;0.49999999999999994;-0.8660254037844387;0.9987165071710528;-0.05064916883871264;0.43388373911755823;-0.900968867902419;1.0;0.001063049853372434;0.0001466275659824047;0.0061583577712609975;1.8870964358264948;3.0095152531824745;0.003574685391209192;1.0;0.0008754012255617158;7.295010213014298e-05;0.004559381383133936;1.791441548237746;3.4606918195248575;0.007066852423930358;1.0;0.0007632200617844812;0.0007995638742504088;0.0036343812465927674;1.8422282587943426;3.521895608005728;0.010880603510808067;1.0;0.0007979109241259249;0.00039895546206296243;0.007834034527781808;2.6129098677515605;3.7297073466675656;0.012069897315798956;False;False;True
2025-05-09;0.003180109858340561;0.02375366568914956;2031.4285714285713;0.7469135802469136;0.04227287574950909;0.49999999999999994;-0.8660254037844387;0.9680771188662043;-0.2506525322587204;-0.433883739117558;-0.9009688679024191;-1.0;0.00021613832853025936;0.0011887608069164265;0.003962536023054755;1.4042640307752907;2.8844762481671657;-0.001869976444717223;1.0;0.000939001047347322;0.0008667701975513742;0.003756004189389288;1.4445023766559926;3.1999842532084086;-0.00059274211312561;-1.0;0.0007569476985185452;0.0005767220560141296;0.003099881051075947;1.8413743658458488;3.347522205385811;9.629041188230688e-05;1.0;0.001733227413880263;0.0005416335668375821;0.004694157579259045;1.8605362285036084;3.4451413844422665;0.0010686454618590328;False;True;False
2025-05-12;0.01508464766314571;0.008393371757925072;1915.357142857143;2.060085836909871;0.04797899635125092;0.49999999999999994;-0.8660254037844387;0.6513724827222223;-0.7587581226927909;0.0;1.0;-1.0;3.563664872955347e-05;0.0014611025979116923;0.007341149638288015;1.4855653849214885;3.1942479905742114;0.0017445125521261349;1.0;0.0018998458615621752;0.00021507688998817078;0.002258307344875793;1.057808502831167;3.211916074507001;0.0037633059746962475;-1.0;7.168201856564281e-05;0.001254435324898749;0.00612881258736246;2.086547102975711;3.3800198265505084;0.004917908148361587;-1.0;0.002304894298988007;0.000468181654481939;0.00482587243850614;1.9735175753229441;3.444469979362679;0.0024700268655519233;False;True;False
2025-05-13;0.0005771172990910403;0.016036491928299063;1909.642857142857;0.28444444444444444;0.031725369137501395;0.49999999999999994;-0.8660254037844387;0.48530196253108104;-0.8743466161445821;0.7818314824680298;0.6234898018587336;-1.0;0.0006128334534967556;0.0015140591204037491;0.0033165104542177363;1.3660221468856542;2.7421378438050574;0.0007579312087198181;1.0;0.0007579038544824599;0.0008300851739569799;0.0028872527789808;1.49811001145954;3.0086070905582827;0.0008930859925668682;1.0;0.0014777970011534026;0.00046856978085351786;0.006451845444059977;2.5680580545369622;3.247091338567617;0.0017382914508753023;1.0;0.002762827412988877;0.0005382131324004305;0.003982777179763186;2.0815135995227076;3.471646398319641;0.003135445675515214;True;False;False
2025-05-14;0.00021348514499199432;0.021881759192501803;1955.357142857143;0.7347611202635914;0.04011188852587607;0.49999999999999994;-0.8660254037844387;0.29936312297335804;-0.9541392564000488;0.9749279121818236;-0.22252093395631434;1.0;0.0009249048415211127;0.0008537583152502579;0.0034861797872718864;1.7479319081162983;2.863240185422832;-6.707940228302125e-05;-1.0;0.0009943181818181817;0.00078125;0.0023082386363636365;1.363095199141938;2.8957912870608857;-0.00043820690471974466;1.0;0.000923820352472996;0.0029135872654917567;0.004476975554292211;2.4589721411991006;3.190900832972161;4.339969541293191e-05;-1.0;0.0015268259773461633;0.0011007350069239784;0.0033732201825089655;2.322666811597226;3.3188860847398773;-0.00018951507829334776;False;False;True
2025-05-15;-0.0020704672830471568;0.007861691152929458;1844.2857142857142;-0.13574660633484162;0.02971267130414924;0.49999999999999994;-0.8660254037844387;0.10116832198743272;-0.994869323391895;0.43388373911755823;-0.900968867902419;1.0;0.0003219459846181363;0.0014666428188159543;0.0028617420854945446;1.1626778620886096;2.6343501550201007;-0.0009449506680165731;1.0;0.0002501250625312656;0.0010362324019152433;0.0018938040448795827;1.1197292674166994;2.8455546473049;-0.0007657909668408313;1.0;0.0008570816370259267;0.0007142346975216056;0.0037854438968645096;2.0126974167269536;3.089590471836396;-0.0003325731660966795;1.0;0.0005344735435595938;0.0025298414395154107;0.0035987885266345982;1.7052726169961292;3.0973333915721195;0.0007003798670466028;False;True;False
2025-05-16;-0.002161970583023215;0.011446968341978178;1764.642857142857;0.75;0.03263241675010912;0.49999999999999994;-0.8660254037844387;-0.10116832198743204;-0.9948693233918952;-0.433883739117558;-0.9009688679024191;-1.0;0.00014207572636215103;0.0010655679477161327;0.008666619308091213;2.0618671845305916;3.305542196012855;-0.00021471514457486402;-1.0;0.000572573718866304;0.001395648439736616;0.003363870598339536;1.5701353498652335;3.153589376541894;-0.0033168090147126395;-1.0;0.0008959288990825689;0.0013976490825688074;0.0028311353211009174;1.95908912528156;3.1654161798785743;-0.006565710893581935;1.0;0.0006812477590534241;0.001936177841520258;0.005880243814987451;2.3536347975912397;3.3753857819128226;-0.005531531316885572;False;False;True
2025-05-19;-0.0023160520220915732;0.012289550330326063;1837.857142857143;0.5086705202312138;0.022838523021172757;0.49999999999999994;-0.8660254037844387;-0.651372482722222;-0.7587581226927911;0.0;1.0;1.0;0.002;0.00075;0.0033928571428571428;1.3904987397429438;2.6416558939543235;-0.0012174713081273612;1.0;0.0006067311467218673;0.0005710410792676399;0.0019272636425282843;1.1357342043386984;3.1229715016504502;-0.0017197654144873327;-1.0;0.001854493580599144;0.0004992867332382311;0.0028530670470756064;2.206725545997679;3.263167831271956;-0.0019347114187620357;1.0;0.00042817383857846286;0.0004638549917933348;0.007171911796189253;2.6527851412761394;3.4065167821876634;7.879661804800669e-06;True;False;False
2025-05-20;-7.076640011322624e-05;0.013178571428571428;1881.7857142857142;0.7615176151761518;0.028301955447526034;0.49999999999999994;-0.8660254037844387;-0.7907757369376986;-0.6121059825476627;0.7818314824680298;0.6234898018587336;-1.0;0.00035385704175513094;0.00148619957537155;0.0030785562632696392;1.2704170364440845;2.760275995117918;-0.0005944296821178101;1.0;0.000566873339238264;0.0009211691762621789;0.0032595217006200178;1.1516393399451976;2.993705918939747;4.322625012289334e-05;-1.0;0.00014146772767462422;0.0020866489832007075;0.005481874447391689;2.465503917791669;3.1211418872398315;-0.0005874305629477416;-1.0;0.00014192953198736828;0.002696661107759997;0.0038675797466557853;2.215511805586376;3.3243075338866395;-0.000931385317263082;False;True;False
2025-05-21;-0.0016254416961130741;0.009483368719037509;1883.2142857142858;0.6567164179104478;0.024495575349593613;0.49999999999999994;-0.8660254037844387;-0.8978045395707417;-0.44039415155763423;0.9749279121818236;-0.22252093395631434;1.0;0.0015573016210094145;0.0006016847172081829;0.002335952431514122;1.414250582922235;2.5769863141261613;0.0010576768069955624;-1.0;0.0014507625349421463;0.0004599978769328757;0.0031492162343866106;1.3004190250680465;2.8616788727687896;0.00012203090924834542;-1.0;0.00010628122010840685;0.0003188436603252205;0.0031530095298827362;2.0714319945990978;3.1002083338150523;-0.0017209394118807744;-1.0;0.0006039290916195957;0.0013144339052897083;0.002202564922377349;1.6911106035694612;3.3196566278158874;-0.002874414160438272;False;False;True
2025-05-22;3.5955702574428306e-05;0.019289304169321158;1968.9285714285713;0.10091743119266056;0.006333682490922807;0.49999999999999994;-0.8660254037844387;-0.9680771188662041;-0.2506525322587213;0.43388373911755823;-0.900968867902419;-1.0;0.001042677884442527;0.001006723474634164;0.004925754143745731;1.580853061127896;2.725819675436215;-0.0006009687616438397;1.0;0.0003245114300137016;0.0018388981034109758;0.005336410182447538;1.8173985602183311;3.035241626953115;-0.00026757402215670325;1.0;0.0021565667457407807;0.0012939400474444684;0.003666163467759327;2.6004619198842294;3.3552685581388277;-0.00021161739574864942;-1.0;0.00014374528335788983;0.0013655801918999533;0.004132676896539332;1.9896479634730462;3.3091395529472685;0.00020017134667277517;True;False;False
2025-05-23;0.001100594320933304;0.03577463775932118;2240.3571428571427;0.2542713567839196;-0.01311720860593041;0.49999999999999994;-0.8660254037844387;-0.9987165071710528;-0.05064916883871355;-0.433883739117558;-0.9009688679024191;1.0;0.0005130460275579009;0.003518029903254178;0.010260920551158018;2.0586094561860597;2.6753183657402646;-0.00908053512030488;-1.0;3.642058491459373e-05;0.0033871143970572166;0.00644644352988309;1.3653419022946738;2.937807366669079;-0.007935348221751473;-1.0;3.653101483159202e-05;0.003324322349674874;0.0063929275955286035;1.9097699271923088;2.9901268467270423;-0.004930400335478957;1.0;0.002491663918507933;0.0006962002125242754;0.0071452127074859845;1.9807313311001808;2.863006527273163;-0.004550044405513442;True;False;False
2025-05-26;0.0026651300151264135;0.023783347991791264;2311.0714285714284;0.9984591679506933;0.006198384444404286;0.49999999999999994;-0.8660254037844387;-0.848644257494751;0.5289640103269624;0.0;1.0;-1.0;0.0021192528735632186;0.00021551724137931034;0.003663793103448276;1.2909327837932254;2.652761635800793;0.0012748424430616767;-1.0;0.00043159257660768235;0.0014386419220256078;0.0026255215076967345;1.2643034591614732;2.882014576981707;0.0008678368466728721;1.0;0.0011517834647086348;0.0004679120325378829;0.003743296260303063;1.9255774902913971;2.8749869493330396;0.0011732873596244087;1.0;0.0034121111989081246;0.0014007614395517563;0.006824222397816249;1.9560369182138473;3.090591053201745;0.0016528464804327337;False;False;True
2025-05-27;0.004303543250609668;0.008979885057471264;2324.6428571428573;1.044;0.011338007695905207;0.49999999999999994;-0.8660254037844387;-0.72479278722912;0.6889669190756865;0.7818314824680298;0.6234898018587336;1.0;0.00035709184402228254;0.0;0.008927296100557064;1.8579605977969853;2.6235654802116324;0.003347810351067703;-1.0;0.0028323597096831295;0.0005310674455655868;0.004248539564524694;1.7800812563218578;2.8434332527729023;0.006079218836128852;-1.0;0.001382047556610794;0.00134661043977462;0.0036500230341259435;1.9567667965814197;2.760031691473259;0.008374813290927265;-1.0;0.0015252012911006279;0.000461107367076934;0.003972617316355124;1.6376539854098338;3.025173956453778;0.0059707857980594945;True;False;False
2025-05-28;-0.0009579223728091961;0.01146264819311527;2351.785714285714;0.48286604361370716;0.015595132472066535;0.49999999999999994;-0.8660254037844387;-0.5712682150947924;0.8207634412072763;0.9749279121818236;-0.22252093395631434;1.0;0.0009233282431904542;0.002450371106928513;0.004474590716999893;1.688190576935389;2.5817721801102707;0.0005202790587679534;-1.0;0.00021284143313231643;3.5473572188719404e-05;0.0031216743526073076;1.4231732599649394;2.736165343948883;-5.138725833163035e-05;-1.0;0.0007470916788217297;0.0023835782133836136;0.0068305524920843855;2.315534386983349;3.0063580124145584;-0.001444186553988352;1.0;0.001999714326524782;0.0007141836880445651;0.003285244965004999;1.7318612168975838;2.988576211187794;-0.0029978586723768737;False;True;False
2025-05-29;0.0022454289482125673;0.0107603252956426;2157.8571428571427;0.6831683168316832;0.013141657884544366;0.49999999999999994;-0.8660254037844387;-0.3943558551133187;0.9189578116202306;0.43388373911755823;-0.900968867902419;-1.0;0.0;0.00024893314366998575;0.007076813655761024;1.9545229122849737;2.643597448338711;0.00012731149941120747;1.0;0.0003580635920939559;0.0019335433973073617;0.0025422515038670867;1.801055281651271;2.886329872601514;-0.0010699441163018943;1.0;0.003150170037587256;0.0011097189905136925;0.004331483801682477;2.5918633135277007;2.8151827828005715;-0.002302800348403093;-1.0;0.0002147612570692247;0.0009664256568115112;0.004688954112678073;2.6087907653424236;3.0889044932952636;-0.0026301085568327877;True;False;False
2025-05-30;-3.581533612692955e-05;0.012553342816500711;2200.714285714286;0.43342776203966005;0.004920221859894253;0.49999999999999994;-0.8660254037844387;-0.20129852008866114;0.9795299412524943;-0.433883739117558;-0.9009688679024191;1.0;0.0008954154727793697;0.0036174785100286534;0.0058022922636103156;2.0881916493724124;2.519063683556039;-0.0001550054848093931;1.0;0.001645442838746602;0.002003147803691515;0.0038989841178995563;1.6808680173059702;2.6214709927320863;0.00013907266348007783;-1.0;0.0;0.0009298000929800093;0.0067946929871616065;2.389863145842725;2.9261552276191263;-0.0005915480572842116;-1.0;0.00010791755099104285;0.0007554228569372999;0.006439080542465557;2.042995054731557;2.9910295766621937;-0.0031471567066994645;False;False;True
2025-06-02;0.000652079408781336;0.01797994269340974;2219.285714285714;0.2290836653386454;-0.0059720130488215215;1.2246467991473532e-16;-1.0;0.40673664307580015;0.9135454576426009;0.0;1.0;1.0;0.0003982332923032365;0.0010860907971906452;0.0060097024111215695;1.5723507912127666;2.493082945631003;-6.80754275737051e-05;1.0;0.0002522704339051463;0.0006126567680553554;0.004829176877612801;1.5543663804423713;2.943632819081085;0.0024369620535891878;-1.0;0.0020101945581161604;0.0007897192906884916;0.007466436930145739;2.496974759949076;3.2122438500493877;0.0038068218247099034;-1.0;0.0005409499080385157;0.001875293014533521;0.00613076562443651;2.2624244439486714;3.3167126343496856;0.002417207622448968;False;False;True
2025-06-03;0.0006548550223742132;0.01687061038302802;2168.9285714285716;0.1223175965665236;-0.0109423825842434;1.2246467991473532e-16;-1.0;0.5877852522924731;0.8090169943749475;0.7818314824680298;0.6234898018587336;-1.0;3.6357025995273585e-05;0.00047264133793855663;0.0016360661697873114;0.22571520473586149;2.208892710970968;-0.0003558920352981368;-1.0;0.00036443148688046647;0.0013119533527696794;0.0022230320699708453;0.2078193807844571;2.302199308945319;-0.001203281677301732;1.0;0.00025525087514585763;0.0008022170361726954;0.004266336056009335;1.7753203804159416;2.653613883261417;-0.0008198442699751454;-1.0;0.00021808665309683048;0.0011994765920325676;0.005015993021227101;2.3480191023042467;2.9593258257603106;-0.0011632761423006454;True;False;False
2025-06-04;0.0011553180735071125;0.01257953099436466;2213.5714285714284;1.0433526011560694;-0.0038634865496424793;1.2246467991473532e-16;-1.0;0.7431448254773941;0.6691306063588582;0.9749279121818236;-0.22252093395631434;1.0;0.0022358456545257845;0.0;0.005265055896141363;2.059637698947131;2.447190904952497;0.001757707948834673;-1.0;0.002085205824195578;0.0008987956138774043;0.0030559050871831746;1.4750496342359125;2.57229737053793;0.002780474358513335;-1.0;0.002480854276777047;0.0013303131629094308;0.003990939488728293;2.14008179095179;2.7055076120648307;0.0034282700421942322;-1.0;0.0020138089758342925;0.0015103567318757191;0.0035960874568469504;2.021525196867354;2.894912462391415;0.002701255524387269;False;True;False
2025-06-05;0.0014149403185429743;0.015218175261449694;2250.0;0.27014218009478674;-0.009324594965149416;1.2246467991473532e-16;-1.0;0.8660254037844386;0.5000000000000001;0.43388373911755823;-0.900968867902419;-1.0;0.0010144192449822477;0.0007245851749873198;0.0023911310774581552;1.4233062436318076;2.52668115177981;0.0009949407063675972;1.0;0.001993909512761021;0.0004712877030162413;0.0028639791183294665;1.5327923979831442;2.670562967246293;0.0011515773791549561;-1.0;0.0007610074288820439;0.001775684000724769;0.0032976988584888568;2.6447233023338215;2.85420751051151;0.0010396267014819317;-1.0;0.0019946326249365345;0.0019583665772104158;0.004750852252121564;2.5626928402694498;2.9313654146822965;0.0005081300813008131;False;False;True
2025-06-06;0.0033957717165078324;0.012173030939786972;2230.3571428571427;0.49404761904761907;-0.01319864763686572;1.2246467991473532e-16;-1.0;0.9510565162951535;0.30901699437494745;-0.433883739117558;-0.9009688679024191;-1.0;3.63901018922853e-05;0.001601164483260553;0.0034570596797671035;1.2157960785167092;2.408517730651988;0.0002187386073641998;-1.0;0.0018228217280349982;0.0013853445133065986;0.0045205978855267955;1.8543940801621424;2.6259837349977677;0.0007584791479076079;1.0;0.0024822953931517852;0.0010221216324742643;0.0044170256260495;2.066955937128341;2.9445491637550893;0.0008590960850343266;1.0;0.0017140773158278628;0.00025528811086797956;0.0034281546316557257;1.8180375045283033;3.010778004626419;0.0009306465970705099;False;False;True
2025-06-09;-0.0001827485380116959;0.010080058224163028;2197.5;0.45126353790613716;-0.017186217253762123;1.2246467991473532e-16;-1.0;0.9510565162951536;-0.30901699437494734;0.0;1.0;-1.0;0.003107292999451654;0.0003655638822884299;0.011880826174373972;2.039142348670454;2.555477077305196;-0.00047107014848940797;1.0;0.00018432500184325002;0.0020644400206444;0.0029492000294920003;1.3099628733207356;2.7482433142750264;-0.002750660035611295;-1.0;0.0038681156750782833;0.0018051206483698655;0.006446859458463805;2.2218632948938755;2.8550487133883804;-0.00496485277491036;-1.0;0.0018802536499041439;0.00033180946763014307;0.009991151747529863;2.301980464040673;3.0314505035826933;-0.006176279947319845;True;False;False
2025-06-10;0.0035952747817154596;0.01959422409065984;2293.214285714286;0.8432835820895522;-0.016326831487178197;1.2246467991473532e-16;-1.0;0.8660254037844387;-0.4999999999999998;0.7818314824680298;0.6234898018587336;1.0;0.001133206609153385;0.0014256470244187747;0.007530340693083784;2.354577676956783;2.56839666542573;0.0020894967424866795;-1.0;0.0022189080062565932;0.0;0.0029100432868938925;1.6635456542637053;2.776320309893798;0.0037209603313271325;-1.0;0.0012739780875768937;0.0016379718268845775;0.007571069777599825;2.584866419231803;2.833724490197467;0.004429003880457362;1.0;0.0006948253794112269;0.0008045346498445785;0.00563174254891205;1.9308803555119178;2.9127085548268927;0.003261546928237898;False;True;False
2025-06-11;-0.00018242183224488306;0.010125749378564117;2212.5;0.37545126353790614;-0.013366216325685637;1.2246467991473532e-16;-1.0;0.7431448254773945;-0.6691306063588579;0.9749279121818236;-0.22252093395631434;-1.0;0.0007298204641658152;0.002116479346080864;0.008246971245073712;2.305507231191854;2.4043775929433227;-0.0008030851514856698;1.0;0.0044027003228646906;0.004182565306721456;0.009062224831229822;2.0859056275857277;2.3846577729089056;-0.001837658554076512;-1.0;0.0019435989585243317;0.0018335839231361619;0.0050240199493930835;2.0759369391799254;2.769806868122061;-0.003451441160271709;1.0;0.00029373967321461356;0.0020561777125022948;0.007784101340187259;1.9159500982017885;2.8889410815945196;-0.0019517381019042398;False;True;False
2025-06-12;-0.003568307602679872;0.01634797839731426;2017.142857142857;0.5;-0.013759649413647207;1.2246467991473532e-16;-1.0;0.5877852522924732;-0.8090169943749473;0.43388373911755823;-0.900968867902419;-1.0;0.0009866257399693049;0.002155959950303296;0.006906380179785135;2.0053841714892293;2.467406360448969;-0.0024819963564783262;1.0;0.002310824193962513;0.0015772292117521916;0.004658328137035542;1.49656927903705;2.6064225020537783;-0.003722165208750777;1.0;0.00025657002529047394;0.0005131400505809479;0.003188798885753033;2.0487708195973036;2.8296941819233288;-0.004550237465517708;1.0;0.0009872029250457038;0.0008775137111517368;0.004570383912248629;2.1203156530646825;2.937869279810573;-0.002244587060806454;True;False;False
2025-06-13;-0.005717387371087389;0.016261053862457065;1944.2857142857142;0.6134831460674157;-0.008723321355902853;1.2246467991473532e-16;-1.0;0.40673664307580004;-0.913545457642601;-0.433883739117558;-0.9009688679024191;1.0;0.0012373985515158133;0.002001674127452051;0.0038941660297703534;1.89470197721807;2.499021816344594;0.00019801580085265677;-1.0;0.0008001454809965448;0.0007274049827241316;0.002254955446444808;1.0499615712855235;2.543102131500382;-0.001197047821251596;1.0;0.0011283395210016742;0.0017107083060347965;0.003712601004586154;2.213338820386395;2.7427546623449772;-0.002650697828529108;-1.0;0.00323671673273448;0.00014547041495435866;0.004473215259846529;2.1247565164046978;2.814826710688043;-0.002613236894374165;False;False;True
2025-06-16;0.002294496849619405;0.009389671361502348;1963.2142857142858;0.7286821705426356;-0.006081969344563066;1.2246467991473532e-16;-1.0;-0.20791169081775907;-0.9781476007338057;0.0;1.0;1.0;0.00043604651162790697;0.0003633720930232558;0.008248546511627907;1.7718251790457402;2.481902570500209;0.0010740406772869616;1.0;0.0020559062218214606;7.21370604147881e-05;0.002416591523895401;1.5090513873473415;2.775711617638596;0.003657896529205055;1.0;0.0009374774644840268;0.0013701593711689622;0.003245114300137016;1.8910687671776039;2.746734647458671;0.006155939801472896;1.0;0.002449479485609308;0.00021613054284788012;0.008248982385360757;2.7503235270200257;2.95273843071671;0.006885736574803869;True;False;False
2025-06-17;-0.0035676061362825543;0.01973110465116279;2018.5714285714287;0.7734806629834254;0.009148456468955948;1.2246467991473532e-16;-1.0;-0.4067366430758002;-0.9135454576426009;0.7818314824680298;0.6234898018587336;-1.0;0.0008592910848549946;0.001933404940923738;0.0029717150017901897;1.8293400948376493;2.419665800923678;0.0006525415298916673;1.0;0.0003938981594213278;0.0015755926376853112;0.002435006803695481;1.3042078075667096;2.563781963255807;0.0005925607772488708;-1.0;0.0006800286327845383;0.0008947745168217609;0.004008589835361489;2.3480497177989275;2.705473899115091;-0.0009447952544966774;0.0;0.0010046284668652004;0.0015428222884001292;0.0025474507552653296;1.8737817937980974;2.834544073683701;-0.0012797053089831224;False;False;True
2025-06-18;0.01982870303728228;0.010848549946294308;2043.9285714285713;2.254125412541254;0.024874146510820507;1.2246467991473532e-16;-1.0;-0.587785252292473;-0.8090169943749476;0.9749279121818236;-0.22252093395631434;-1.0;0.0007057412047002364;0.0018702141924556266;0.005363633155721797;1.4876803531419875;2.3977336861316543;0.004651254226625753;1.0;0.0010262580508174676;0.002052516101634935;0.003255715195696794;1.1275895994158065;2.506938704485144;0.008542774809625439;1.0;0.0003538194813006404;0.0010968403920319852;0.004068924034957365;1.834412886219233;2.6400863758791755;0.012496422031658693;-1.0;0.0005646328122243004;0.00035289550764018774;0.004869958005434591;1.614447616863703;2.825152535507228;0.010203720106288752;True;False;False
2025-06-20;-0.0005294553669125693;0.006775115565122269;2133.5714285714284;0.6041666666666666;0.023082217641628565;1.2246467991473532e-16;-1.0;-0.8660254037844384;-0.5000000000000004;-0.433883739117558;-0.9009688679024191;-1.0;0.0011654188444695577;0.000247210057917785;0.007204407402175449;1.8016745693091993;2.525439469472178;-0.0005722901076695227;-1.0;0.00021312872975277067;0.000923557828928673;0.0037297527706734866;1.5081592279200389;2.840273403430565;-0.0023148972541757185;-1.0;0.0008191466628677256;0.001531448108839661;0.0026355153500961606;1.6846217121653166;2.8583091568328025;-0.004346277164232276;-1.0;0.001567509796936231;0.0014250089063056644;0.0039543997149982186;1.838195746051596;2.9505100281984955;-0.00476648955770312;False;False;True
2025-06-23;-0.00010736525660296328;0.017234072609125583;2128.5714285714284;0.1598360655737705;0.008215045459712356;1.2246467991473532e-16;-1.0;-0.9945218953682734;0.10452846326765299;0.0;1.0;-1.0;0.0017896130856508822;0.0013243136833816528;0.0035076416478757293;1.925902818546771;2.492151506234436;0.00037397752952033074;1.0;0.0011099971354912633;0.0011816098539100543;0.003115153251217416;1.651974111773138;2.6681470435684647;0.0002862151622482201;-1.0;0.00046511627906976747;7.155635062611807e-05;0.004865831842576028;2.278797922558352;2.8553387874115894;-0.0006468072873621043;-1.0;0.001329548312910992;0.0008983434546695893;0.003485572604118006;2.326039767242876;3.12023482171062;-0.0017229937716373173;True;False;False
2025-06-24;0.004633121430880293;0.011632485056730734;2078.214285714286;0.9476923076923077;0.009265673709733286;1.2246467991473532e-16;-1.0;-0.9510565162951536;0.30901699437494723;0.7818314824680298;0.6234898018587336;-1.0;0.000286000286000286;0.0008222508222508223;0.008222508222508222;2.187912337040672;2.7679740356399885;0.0007361266137775465;1.0;0.0011161919850214237;0.0011161919850214237;0.006049040434954812;2.03914961693157;2.800331043579553;0.000964485415147366;-1.0;0.0007173858459772589;0.005093439506438538;0.006133648983105563;2.6181345009695414;2.958707067960505;0.0008890483594467532;-1.0;0.002691162223258818;0.0009688184003731745;0.0042699773942373245;2.0914295072068554;3.1534073460370062;0.0014960026808368738;True;False;False
2025-06-25;0.0;0.014514514514514515;2099.6428571428573;0.3251231527093596;0.005268095547376777;1.2246467991473532e-16;-1.0;-0.8660254037844386;0.5000000000000001;0.9749279121818236;-0.22252093395631434;-1.0;0.0006101938262742283;0.0008614501076812635;0.008076094759511845;2.1900718999104645;2.670574761765522;-0.00397054808819531;1.0;0.0012285012285012285;0.0005419858361034831;0.004335886688827865;1.6623709947546277;2.732591393464157;-0.004412889481545529;-1.0;0.001513731709075182;0.0011533193973906149;0.0030995458804872773;1.9953309774008512;2.81027661343839;-0.004703412578223256;-1.0;0.00028845460445662364;0.0018388981034109758;0.003317227951251172;2.142046510988706;3.013363814713452;-0.003457556686682106;False;True;False
2025-06-26;0.003220204066864462;0.011844938980617373;2066.785714285714;0.5454545454545454;0.0014591896440877537;1.2246467991473532e-16;-1.0;-0.743144825477394;0.6691306063588585;0.43388373911755823;-0.900968867902419;-1.0;0.0015147689977278464;0.0016229667832798355;0.0037508565658022864;1.8776777094006711;2.591277827340816;0.0004250370905009387;1.0;0.0017321641225506116;0.0003969542780845152;0.003392154739994948;1.4304799357329758;2.6758375964587113;0.0018501165333140413;1.0;0.00014416492467382686;0.00252288618179197;0.0049736899012470265;2.319116074921144;2.823147644511631;0.0032442366854447675;-1.0;0.0011147470243446367;0.0007911107914703873;0.002948685677298716;2.2523717332845465;2.9714342665849474;0.003511719062475025;True;False;False
2025-06-27;0.0026934817741066618;0.010278789627438958;2058.214285714286;0.8947368421052632;0.008816302933949994;1.2246467991473532e-16;-1.0;-0.5877852522924734;0.8090169943749473;-0.433883739117558;-0.9009688679024191;-1.0;0.0010028653295128939;0.00035816618911174784;0.007593123209169055;1.773034293478001;2.5625972032549686;-0.001766020327254379;-1.0;0.0015858141714120955;0.00036041231168456716;0.0036041231168456715;1.8066280505996788;2.7027690358395415;-0.002892097874047169;1.0;0.004007364886819019;0.0014079930683418174;0.007039965341709087;2.308233793275864;2.7379122479338553;-0.003504261181596915;1.0;0.0010092272202998846;0.00043252595155709344;0.004181084198385236;1.8237942975621737;2.947610668642341;-0.0023484303858134934;False;True;False
2025-06-30;-0.0006100405497541895;0.010315186246418338;2062.1428571428573;0.6597222222222222;0.006385216074700162;1.2246467991473532e-16;-1.0;-1.133107779529596e-15;1.0;0.0;1.0;-1.0;0.0;0.004057450628366248;0.008797127468581687;2.309289134260983;2.6775826723809972;-0.00037280227048601606;1.0;0.0015513384804098419;0.000613319864348077;0.004509704884912332;1.5347887814092267;2.793294206455099;-0.0007438601542910632;-1.0;0.0034193571608537596;0.0022675736961451248;0.006046863189720333;2.065162880390738;2.93692014403728;-0.0016682869453545311;1.0;0.0008641486335649732;0.0003600619306520722;0.010657833147301336;2.2874568143369887;3.084989065916901;0.0011136872560094458;True;False;False
2025-07-01;-0.0015235800588172766;0.02459605026929982;2115.3571428571427;0.8394160583941606;0.017172455489681188;-0.4999999999999997;-0.8660254037844388;0.20129852008866006;0.9795299412524945;0.7818314824680298;0.6234898018587336;1.0;0.000958126330731015;0.001242015613910575;0.008161816891412349;2.519920450470286;2.657055450076725;0.0007564711600269436;-1.0;0.0006702176443613531;7.05492257222477e-05;0.0043035027690571095;1.7635370854532946;2.80241810254546;0.000637213254035684;1.0;0.002796658170489946;0.0007080147267063155;0.005274709713962051;2.3250896107975745;2.7652986025978197;0.0012172041997471129;-1.0;0.002332320305321931;0.0009541310339953354;0.004487949678422504;1.9429314578142922;2.827383779549867;0.0001336604082145199;False;True;False
2025-07-02;0.00031738195154635537;0.008694109297374025;2088.9285714285716;0.9020408163265307;0.022281085853807968;-0.4999999999999997;-0.8660254037844388;0.39435585511331855;0.9189578116202306;0.9749279121818236;-0.22252093395631434;1.0;0.002079954875555242;0.002009447930621166;0.004618204893181979;2.129867156322719;2.520350256010345;-0.00030928359739879464;1.0;0.0008456063702346558;0.0016559791417095342;0.0027834543020224087;2.0785791804116562;2.860539141122833;0.0002661343978709476;-1.0;0.0006340483990277925;0.001268096798055585;0.004086089682623552;2.428496790957715;3.008609731648631;7.060401736858827e-05;-1.0;3.530200868429414e-05;0.0012002682952660007;0.007907649945281887;2.910513872365198;3.345148565028875;-0.0018243419338023808;False;True;False
2025-07-03;-0.0019443560646233253;0.01269125008813368;2057.5;0.4222222222222222;0.016373140561323676;-0.4999999999999997;-0.8660254037844388;0.5712682150947923;0.8207634412072763;0.43388373911755823;-0.900968867902419;1.0;0.001239727968262964;0.001381411164635874;0.0036129215075092094;1.5777922607569421;2.7133805888245077;0.000420696705197927;1.0;0.0008138999964613044;0.0030432782476379205;0.003892565200467108;1.7706890223801417;2.7612814037855222;0.0004600141542816702;1.0;0.00014154281670205238;0.0006369426751592356;0.00399858457183298;2.449393735914196;2.9406876470282373;0.0007916632374323233;1.0;0.001481429226482311;3.5272124440055025e-05;0.010228916087615957;2.732705615404277;3.4494867947893595;0.003321910623120498;False;True;False
2025-07-04;-0.0031441048034934497;0.01827713233210541;2082.8571428571427;0.7015503875968992;0.025321322443523784;-0.4999999999999997;-0.8660254037844388;0.7247927872291199;0.6889669190756866;-0.433883739117558;-0.9009688679024191;1.0;0.0011564745049938673;0.0018223234624145787;0.003013842649377957;1.2929526614285811;2.4199100879412376;-0.0012693517739776005;-1.0;0.0;0.0009812167087188113;0.0016119988786094757;0.7960746921837469;2.720031853979793;-0.0019208141446726695;1.0;0.0012272950417280314;0.0003857212988288099;0.0023493933655936603;1.6750578569770647;2.745084435827163;-0.0024761437564970253;1.0;0.0;0.0010512299390286635;0.0031186488191183685;1.4840862524649663;2.855207683009444;-0.001491997995127762;True;False;False
2025-07-07;-0.003163786809442687;0.009882600315402138;2075.3571428571427;0.6702127659574468;0.027703402618722468;-0.4999999999999997;-0.8660254037844388;0.9884683243281114;0.1514277775045767;0.0;1.0;-1.0;0.00038364955357142856;0.001220703125;0.00390625;2.260519956630816;2.616426690680579;-0.0003107351216141165;1.0;0.0002796518334673332;0.0010137378963190828;0.0026217359387562486;1.6228964667704735;2.9817049579011368;-0.000457710284905303;-1.0;0.000872783130847647;0.00024437927663734115;0.004817762882279012;2.455196251604813;3.018703595095892;-0.00240614852711012;-1.0;0.002628074847571659;0.0005606559674819539;0.003889550774406055;2.462627821857324;3.195875214300456;-0.0027234261402156045;False;False;True
2025-07-08;0.002441181673447727;0.015834263392857144;2053.214285714286;0.23127753303964757;0.013943784700663998;-0.4999999999999997;-0.8660254037844388;0.9987165071710528;-0.05064916883871264;0.7818314824680298;0.6234898018587336;-1.0;0.0015881979247547116;0.00359991529611068;0.007305710453871674;3.2526276121422186;2.8320096728467052;0.00010610454834830586;1.0;0.0010610454834830585;0.001308622762962439;0.002794086439838721;1.7524762323041738;2.9966019403660455;5.106570191769065e-05;-1.0;0.0;0.00042422314137236184;0.003747304415455863;2.969026294909059;3.0663372067138597;-0.0005044593417594726;1.0;0.0012769127088284326;0.0011705033164260631;0.003759798531550385;2.39736239341744;3.1739414107160755;-0.0008226079426930503;False;True;False
2025-07-09;0.00021238938053097346;0.009635067410178584;2017.142857142857;0.5494505494505495;0.009360951205528337;-0.4999999999999997;-0.8660254037844388;0.9680771188662043;-0.2506525322587204;0.9749279121818236;-0.22252093395631434;-1.0;0.0004246885617214043;0.00297281993204983;0.008033691959229898;2.176644937692677;2.82831546766766;0.0003081481481482171;1.0;0.0005333333333333334;0.0008177777777777777;0.0021333333333333334;1.3647914345291887;2.9778383983409107;-0.0007066077695273953;-1.0;0.0007816108288627563;0.0011724162432941343;0.005471275802039294;2.2919156389389013;3.176824199762114;-0.0024798757685238234;-1.0;0.002460156166434913;0.00024958106036296215;0.004064605840196812;1.9647583731746776;3.3157765649462134;-0.003141847263379628;False;False;True
2025-07-10;-0.0036279204759831663;0.02962202718006795;2100.3571428571427;0.03942652329749104;-0.01920240556823336;-0.4999999999999997;-0.8660254037844388;0.8978045395707416;-0.4403941515576344;0.43388373911755823;-0.900968867902419;1.0;0.0015292746868628023;0.004114477133702301;0.0064448004660646666;2.25903504873623;2.9815634843985523;-0.005910079474803311;1.0;0.0011642290620679618;0.0013097576948264572;0.0029469548133595285;1.4091816287975976;2.9746372337584392;-0.005563838685043092;1.0;0.0027636363636363635;0.00014545454545454546;0.004545454545454545;2.1450707969368694;3.1012801139756494;-0.0044734878279987225;1.0;0.0024324716816729597;0.0017063607319198373;0.005954109787975602;2.2612088825986483;3.3244939914154927;-0.0020938529309913454;True;False;False
2025-07-11;-0.0034277467075590836;0.01543839207690067;2077.5;0.6344339622641509;-0.01407319489188538;-0.4999999999999997;-0.8660254037844388;0.7907757369376989;-0.6121059825476626;-0.433883739117558;-0.9009688679024191;-1.0;0.0011223750905141202;0.003548153511947864;0.0052136133236784935;1.854678865526563;2.727511982064752;7.245064299945662e-05;-1.0;3.622400927334638e-05;0.0012316163152937768;0.0023907846120408607;1.0364058326242767;2.9582967673683327;-0.0014304422282663209;-1.0;0.0009065854366115463;0.0009791122715404699;0.0044241369306643455;1.9572998739397318;3.13597572243782;-0.0033366457419390385;-1.0;0.0011270678058534812;0.0013815669878203963;0.003962915833484821;2.1151092778570644;3.2226957505916247;-0.0041790561725024945;True;False;False
2025-07-14;-0.001780329179231915;0.009051412020275163;2073.5714285714284;0.292;-0.019088745798173063;-0.4999999999999997;-0.8660254037844388;0.29936312297335804;-0.9541392564000488;0.0;1.0;-1.0;0.0025478634345199097;0.001565116109776516;0.00520492101623353;2.0818396868203206;2.7471911595542062;-0.0007085134981942791;1.0;0.0014210238659136455;0.0029877937693568958;0.005101111313536163;1.4821591920447899;2.8669912265424307;-0.001569731689160807;-1.0;0.0009466938537722109;0.0015292746868628023;0.006808913486746286;2.1722842319984035;3.051637125743931;-0.0029784035269498554;1.0;0.0011702750146284377;0.0008777062609713282;0.004169104739613809;1.6511251604787083;3.239767362441704;-0.0029032755111143786;False;False;True
2025-07-15;0.0010238408658768466;0.010883016670306472;2035.357142857143;0.43812709030100333;-0.022397440292537995;-0.4999999999999997;-0.8660254037844388;0.10116832198743272;-0.994869323391895;0.7818314824680298;0.6234898018587336;-1.0;0.0;0.002483927527761543;0.004748684979544126;1.628562335564172;2.6343490729131287;0.00017492047220382187;1.0;0.0010617265870981915;0.0010617265870981915;0.00421029508676869;1.9005682729831055;2.9604390987175244;0.00028822070398917083;-1.0;0.005005480453050786;0.0007672634271099745;0.007818779685787359;2.9507623104900684;3.14527328739949;-0.00010983378487222669;-1.0;0.0016841180347074761;0.00322179102291865;0.006699860877205828;2.567619418769142;3.3882053770160034;-0.00044827515944320515;False;False;True
2025-07-16;-0.003900127574266448;0.013771186440677966;2052.1428571428573;0.5251989389920424;-0.02307366449258136;-0.4999999999999997;-0.8660254037844388;-0.10116832198743204;-0.9948693233918952;0.9749279121818236;-0.22252093395631434;1.0;0.0016466627634660422;0.0025980679156908664;0.006184133489461358;1.704550869800668;2.6473637214454886;0.0012863745744211244;-1.0;0.0027391256710857896;0.0006573901610605894;0.0041634710200504;1.9762619828278007;2.9347880824362775;0.0011249187784274559;-1.0;0.0011695906432748538;0.0003654970760233918;0.005043859649122807;2.3600693824511163;3.0021425158943074;-0.0005583268127283161;-1.0;0.0012104317206470309;0.0009536734768734182;0.0037780141583831565;2.0043933445003446;3.271636958961058;-0.0021308644696719204;False;True;False
2025-07-17;-0.002087988571009927;0.01284396955503513;2066.0714285714284;0.3903133903133903;-0.025296074993738597;-0.4999999999999997;-0.8660254037844388;-0.2993631229733582;-0.9541392564000488;0.43388373911755823;-0.900968867902419;1.0;0.00036708024374128187;0.004221422803024741;0.005396079582996843;1.8607222304886906;2.7107487809010977;-0.0010229199269691752;1.0;0.002090669014084507;0.0015404929577464788;0.006088615023474179;1.775847958997293;3.010477935038234;-0.000979758434663027;-1.0;0.0007683582744868465;0.0005122388496578977;0.003183198565731221;1.8259333621124465;3.0158045194663763;-0.0013522815678321573;1.0;0.002566170540362197;0.0014663831659212552;0.004325830339467703;2.1477193077119368;3.1859932611996964;-0.0007166882487559995;True;False;False
2025-07-18;-0.0016813480024854709;0.01049849497100066;2065.3571428571427;0.6503496503496503;-0.02105346159911686;-0.4999999999999997;-0.8660254037844388;-0.4853019625310808;-0.8743466161445822;-0.433883739117558;-0.9009688679024191;-1.0;0.0005491890308644235;0.0027093325522644894;0.006883169186834109;2.095960831259375;2.6970926301555105;-0.0009472248760849265;-1.0;0.0002939555392246923;0.0003306999816277788;0.004740033069998163;1.7036982548333082;3.0196457287053757;-0.003468250747149762;1.0;0.0009593033981478065;0.0019555030808397593;0.0072685680551968414;2.6276048518319843;3.0435729439368324;-0.004616533803558598;-1.0;0.001763409257898604;0.002314474650991918;0.004371785451873622;1.7889730749500539;3.2221368270340416;-0.003968837277671615;False;True;False
2025-07-21;-0.004342178511783262;0.01706147255885476;1998.2142857142858;-0.07296137339055794;-0.03671561243853353;-0.4999999999999997;-0.8660254037844388;-0.8978045395707417;-0.44039415155763423;0.0;1.0;1.0;0.0013418816162218577;0.000745489786789921;0.011965111077978232;1.8415322526577225;2.6584423655083222;0.0018536973469982952;-1.0;0.00040599394699933567;0.0012179818409980068;0.00409684801062966;1.4399630080244659;2.749795093164308;0.0026598915487806053;-1.0;0.0015909427260618618;0.00022199200828770165;0.003218884120171674;1.7889656855526619;2.881949596456914;0.0029969947717263215;1.0;0.002037791774731382;0.0;0.004557243423490181;2.0916948269811404;3.1532040107775687;0.0018971591889027789;True;False;False
2025-07-22;0.0007769432831403307;0.014984344714477411;2054.285714285714;0.6019900497512438;-0.027323052803233387;-0.4999999999999997;-0.8660254037844388;-0.9680771188662041;-0.2506525322587213;0.7818314824680298;0.6234898018587336;-1.0;0.0016266173752310536;0.0012569316081330868;0.0050646950092421445;1.647136407605409;2.4790998297127698;-0.0009756338532596567;1.0;0.0006298395761550146;0.00011114816049794375;0.005816753732725723;1.8457047923137893;2.688311137784937;-0.0003481437792850117;1.0;0.0008478637519814207;0.0002949091311239724;0.004497364249640579;2.304958770276221;2.8467411668518174;0.0012981605310210668;-1.0;0.002057461973693879;0.0009552502020721581;0.0033066353148651626;1.9807401247950742;2.9920018736716303;0.003421944546530929;True;False;False
2025-07-23;0.0007375991148810622;0.011829944547134935;2040.0;0.55625;-0.0229578793487106;-0.4999999999999997;-0.8660254037844388;-0.9987165071710528;-0.05064916883871355;0.9749279121818236;-0.22252093395631434;-1.0;0.00018426386585590566;0.002763957987838585;0.008807812787912291;2.7983910718478673;2.769784779592806;0.00036658099380514514;-1.0;0.0005931198102016608;0.0014827995255041518;0.002372479240806643;1.5740823587341775;3.035909018456754;-0.0005067734599029511;1.0;0.000185411799606927;0.0020024474357548112;0.005265695108836726;2.4845703415021445;3.0834450057658485;-0.00138837543643461;1.0;0.0036229205175600738;0.0007024029574861368;0.006136783733826248;2.871523564980242;3.4556492973415787;-0.0001558073073628108;True;False;False
2025-07-24;-0.0021633910237606334;0.01691542288557214;2019.642857142857;0.6797385620915033;-0.019503284175785375;-0.4999999999999997;-0.8660254037844388;-0.9884683243281114;0.15142777750457667;0.43388373911755823;-0.900968867902419;-1.0;0.0006981957152831367;0.000992172858560247;0.0077903942968434205;1.9115124631156941;2.737985201398549;-0.0028674365199673237;1.0;0.0001848633859577772;0.001257071024512885;0.0023292786630679926;1.4076975515697003;3.0634285601390863;-0.004104433198297529;-1.0;0.0007018580769088692;0.0007387979756935466;0.0044327878541612796;2.4573876149738654;3.0350526580640524;-0.00621217734963574;-1.0;0.00014820303816228233;0.0004075583549462764;0.0033345683586513525;1.757745768850573;3.260240734573481;-0.006109769438768114;True;False;False
2025-07-25;-0.0004829302722983766;0.012126557160180795;2051.0714285714284;0.012121212121212121;-0.028944709109282516;-0.4999999999999997;-0.8660254037844388;-0.9377521321470804;0.3473052528448203;-0.433883739117558;-0.9009688679024191;1.0;0.003344978815134171;3.716643127926857e-05;0.007656284843529325;2.187538062177796;2.7737439859363433;0.0010609032480910629;-1.0;0.00018504126420191704;0.001110247585211502;0.002997668480071056;1.1526714837689993;2.9506663567333025;0.0009309030995778464;-1.0;0.00133461852153926;0.0021502187291465857;0.003670200934232965;2.2581515956259866;3.049235703765083;0.0013925453504229374;-1.0;0.0007786718083725759;0.0007415921984500724;0.00430123475101042;2.2413252296939548;3.284068249134371;-7.023458350887169e-05;False;True;False
2025-07-28;-0.0005212987786714328;0.011001263658663496;1966.0714285714287;0.09121621621621621;-0.029483918437889247;-0.4999999999999997;-0.8660254037844388;-0.5712682150947924;0.8207634412072763;0.0;1.0;1.0;0.00055882572088518;0.0033529543253110797;0.0083823858132777;2.128209924890272;2.6603217152805745;0.0008036001285760925;-1.0;0.0002596246569245605;0.000927230917587716;0.004191083747496476;1.485726271209046;2.8026870413526748;0.0009424252569970318;-1.0;0.0006323934231083996;0.00011159883937207053;0.004277955509262704;1.8587110875613486;2.7803518761455512;0.0004977538855914143;-1.0;0.0010079516183223206;0.0007466308283869041;0.006831672079740172;2.615250895252684;3.2451161734767933;-0.002555668121688207;True;False;False
2025-07-29;0.0006387855559313117;0.019000074510096117;2050.714285714286;0.3196078431372549;-0.03433846019955071;-0.4999999999999997;-0.8660254037844388;-0.3943558551133187;0.9189578116202306;0.7818314824680298;0.6234898018587336;1.0;0.0015771686068343973;0.002816372512204281;0.0050319188884716485;2.219236066667747;2.6293721457312773;0.002272509308948707;-1.0;0.001913839687781447;0.0013134193935755028;0.00397778444911438;1.8772628120858739;2.962178197364084;0.001969522474254311;-1.0;0.0009764524730536674;0.0018402373530626806;0.0037180305704735796;2.4835969611173927;3.066988633920241;0.0014033504993170467;1.0;0.001766718039318874;0.0005638461827613427;0.003007179641393828;1.9369120359055259;3.2277723609345497;0.0005509434907277257;True;False;False
2025-07-30;0.0005999025158411758;0.009988734509951183;1846.7857142857142;0.5;-0.029304195848708654;-0.4999999999999997;-0.8660254037844388;-0.20129852008866114;0.9795299412524943;0.9749279121818236;-0.22252093395631434;-1.0;0.0024356428223479597;0.0009367857009030614;0.006220257053996328;2.2748223360013484;2.6597000569192972;-0.0016158731351696668;-1.0;0.00037577032917480833;0.00037577032917480833;0.004020742522170449;1.8841614961567077;2.8992487581678135;-0.0026013195098963243;1.0;0.0002638920304606801;0.0008293749528764232;0.007313579129910277;2.933019376858642;3.0482526831527137;-0.0021147369691822634;-1.0;0.004233636806414147;0.001049042748492001;0.006668914615413435;2.919573802167567;3.28949138806965;-0.0012172448579741801;False;False;True
2025-07-31;-0.004310344827586207;0.02529321392438266;1936.4285714285713;0.44;-0.02289608698981545;-0.4999999999999997;-0.8660254037844388;-2.4492935982947064e-16;1.0;0.43388373911755823;-0.900968867902419;-1.0;0.0017166741304672339;0.0011568890879235707;0.00645618749067025;1.5495524491113328;2.6974669250710575;0.0008364544319599773;-1.0;0.00011235955056179776;0.00022471910112359551;0.004157303370786517;1.3368997027299416;2.984232908455537;-0.0028949545078577337;-1.0;7.519362358072035e-05;0.0012030979772915257;0.003609293931874577;1.853394757545252;3.3015000266908663;-0.0072982614812582385;1.0;0.0006783493499152064;0.0005276050499340494;0.0063312605992085925;2.173702988596843;3.3190262628499716;-0.006861385024933448;False;False;True
2025-08-01;-0.005462640775246006;0.012613822958650545;1970.0;0.22781065088757396;-0.027370192835449524;-0.8660254037844384;-0.5000000000000004;0.20129852008866006;0.9795299412524945;-0.433883739117558;-0.9009688679024191;-1.0;0.0024829765622060873;0.0021820097061811066;0.005078815695421542;1.6017362353826732;2.6559981804693793;-0.000246727721323154;1.0;0.00018819632640770852;0.0025218307738632943;0.017539897621198435;2.6123498904116147;2.788827191654047;0.00152890075744473;1.0;0.0030042281729842;0.0014093909947333284;0.006379348713003486;2.371485121980259;2.8998646133508053;0.003615275464248329;-1.0;0.0015546342907906425;0.001073437962688777;0.01147468167012141;2.1752359439436573;3.3060611507966287;0.006008473275157322;False;True;False
2025-08-04;0.0030829385668095345;0.022384409916857907;2075.714285714286;0.30084033613445377;-0.01986536006539129;-0.8660254037844384;-0.5000000000000004;0.7247927872291199;0.6889669190756866;0.0;1.0;1.0;0.0048350824587706145;0.002586206896551724;0.009070464767616191;1.7077490657802605;2.6133503484464624;0.001380365547406361;1.0;0.0005612722170252573;0.0006361085126286249;0.0071842843779232925;1.4728260824699666;2.942698024605115;0.004046039716488042;-1.0;0.0012274959083469722;0.0005579526856122601;0.008146109209938997;2.2662825379635207;2.888681819895209;0.0051618645936019015;-1.0;0.0016845099947593023;0.0018342442165156846;0.00400539043198323;1.808256605477972;3.134256128017573;0.0041280185095022275;True;False;False
2025-08-05;-0.003303303303303303;0.013268365817091454;2067.5;-0.031073446327683617;-0.021647414285451094;-0.8660254037844384;-0.5000000000000004;0.8486442574947509;0.5289640103269624;0.7818314824680298;0.6234898018587336;1.0;0.005272672491714371;0.0012051822838204278;0.009114191021391986;1.9125300155907372;2.583959734884581;0.000225377507324769;1.0;0.0001878145894373075;0.000450755014649538;0.002404026744797536;1.14790710209654;2.8673420320744416;-0.000758266984972027;1.0;0.0007874015748031496;0.0024371953505811774;0.006899137607799025;2.6340969377114964;3.0440765662693217;0.00034037324832287;1.0;0.004221300758339871;3.73566438791139e-05;0.006051776308416452;2.633756112483798;3.1922081714903188;0.002001218132776328;False;False;True
2025-08-06;0.0017974835230677051;0.015441398011449232;2088.5714285714284;0.5658536585365853;-0.01146248272498171;-0.8660254037844384;-0.5000000000000004;0.9377521321470804;0.3473052528448203;0.9749279121818236;-0.22252093395631434;1.0;0.0031399521531100478;0.00014952153110047846;0.008672248803827751;2.4094574231092514;3.041434551169145;0.000780785246876859;1.0;0.0024165365454680643;0.0009666146181872258;0.004461298237787196;1.6284826392592302;3.1865378040502037;0.0029998803348971364;1.0;0.0011141233705945705;0.0019311471756972556;0.0059048538641512235;2.5224287851307703;3.139095808901585;0.005595878799848414;1.0;0.0012961042808472818;0.0006295363649829655;0.004814101614575618;2.232452256093916;3.382494868184896;0.006420828922859744;False;False;True
2025-08-07;0.003301676806647871;0.013793361244019139;2133.9285714285716;0.8048780487804879;0.0004883137637893148;-0.8660254037844384;-0.5000000000000004;0.9884683243281114;0.1514277775045767;0.43388373911755823;-0.900968867902419;1.0;0.0014050656313551488;0.0014050656313551488;0.0031798853762248103;1.6031582718078135;2.8800335303658806;-4.517546561540599e-05;1.0;0.0010349671028313742;0.0006283728838619058;0.0043616470762179345;1.673120835470123;3.1712494425397066;0.0016998234641173887;1.0;0.0012165001658863864;0.0016957275039628415;0.0049397279463265385;2.4523018619198944;3.262005784997318;0.0037320448989935913;1.0;0.002023323400654821;7.357539638744804e-05;0.004340948386859434;2.049176570806423;3.597965540837274;0.005053100376841242;False;True;False
2025-08-08;-0.0025901065226907926;0.016491033462747273;2133.9285714285716;0.7488789237668162;0.012005559534583304;-0.8660254037844384;-0.5000000000000004;0.9987165071710528;-0.05064916883871264;-0.433883739117558;-0.9009688679024191;-1.0;0.00040232617680406715;0.0007680772466259464;0.004827914121648806;1.5300250673323281;2.9397818778828864;-0.0009993106795721453;1.0;0.0004772218347344077;0.0005873499504423479;0.002312690429866745;1.0441880781008595;3.136242771483646;-0.0016050514308993955;-1.0;0.0019431714023831347;0.0010632447296058663;0.0030430797433547204;2.0662067128034645;3.226641436128428;-0.00282727546788562;-1.0;0.0012466084916037251;0.0009532888465204957;0.006013052724206203;2.330475524831714;3.4492103661466507;-0.002829918619392256;True;False;False
2025-08-11;-0.0019066476001906648;0.007863648001170403;2086.0714285714284;0.3581395348837209;0.008030247202744763;-0.8660254037844384;-0.5000000000000004;0.7907757369376989;-0.6121059825476626;0.0;1.0;-1.0;0.0020204988795415302;0.0008081995518166122;0.00451857022152015;1.8090362697748978;2.828077173188199;0.00024532352039258903;-1.0;0.00014719411223551059;0.0009935602575896964;0.0015823367065317387;1.1522690382176186;2.909211942572323;-0.00041314369628608726;1.0;0.0007731104811692375;0.0019143688105143027;0.0037919228362110224;2.0458753660201907;3.026744109049975;-0.0012298916796397528;-1.0;0.001360644283455301;0.0015445151325708822;0.004523222888243298;2.0966385388576354;3.2225569211783958;-0.0012646260758531517;True;False;False
2025-08-12;0.003570114096429886;0.006869696190441203;2038.5714285714287;0.8823529411764706;0.010066585788240524;-0.8660254037844384;-0.5000000000000004;0.6513724827222223;-0.7587581226927909;0.7818314824680298;0.6234898018587336;-1.0;0.0012836028899402207;0.0017603696776323028;0.003227344408992555;1.6714173300853026;2.7570521480369976;0.0011982490890862227;1.0;0.0007336218912772357;0.00011004328369158536;0.005355439806323821;2.0487054357843255;2.7354513118403783;0.0028198730042804086;1.0;0.002811655590447674;0.000839845176367487;0.007449061564302929;2.8618768650589237;3.1947293002081625;0.005428236530455613;1.0;0.0007638863628096468;0.0003273798697755629;0.0029100432868938925;1.7156665911027547;3.1917562983793815;0.007274003606743814;True;False;False
2025-08-13;0.021681688203568972;0.017750394249459053;2063.214285714286;2.090909090909091;0.04521965498790032;-0.8660254037844384;-0.5000000000000004;0.48530196253108104;-0.8743466161445821;0.9749279121818236;-0.22252093395631434;-1.0;0.0022319846949620916;0.0012399914972011622;0.007121094026783816;0.8324253329882462;2.5735930062533057;0.0037415006301683607;-1.0;0.001351207196956228;0.001244532944564947;0.003235785655868862;1.2537641386940948;2.88832409169366;0.007855462649983313;-1.0;0.0009606831524639744;0.0013520725849492973;0.005799679772282512;2.0365324970114553;3.03065955779998;0.010925839968579284;1.0;0.00024993751562109475;0.0001428214374977684;0.0026421965937087157;1.7442396718735969;3.2100246438331976;0.008561928512053339;False;False;True
2025-08-14;-0.0013960980848398068;0.01356904981222986;2167.5;-0.02610966057441253;0.03178463308139137;-0.8660254037844384;-0.5000000000000004;0.29936312297335804;-0.9541392564000488;0.43388373911755823;-0.900968867902419;1.0;0.0024376254660166334;0.0015055921995985088;0.004086607398910238;2.269271503005653;2.8858454077311126;-0.0008482676224612404;-1.0;0.00014336917562724014;0.001039426523297491;0.006594982078853047;2.090989369603624;3.0594211868183865;-0.0020701446698779703;-1.0;0.0004684853508234531;0.0010450827056830876;0.0023424267541172655;1.9439216550223735;3.216258329351564;-0.0034664614842063977;1.0;0.0006853020739404869;0.0009377817853922452;0.006708746618575293;2.3323817765287367;3.3625183249728243;-0.0035726532532676454;True;False;False
2025-08-15;0.0007173601147776184;0.014159736162890737;2202.8571428571427;0.5139240506329114;0.03093926326641466;-0.8660254037844384;-0.5000000000000004;0.10116832198743272;-0.994869323391895;-0.433883739117558;-0.9009688679024191;-1.0;0.0;0.0013978494623655914;0.004121863799283154;1.6650432375105753;2.9145934057897196;-0.0009064915979808435;-1.0;0.0004672225416906268;0.0003234617596319724;0.002875215641173088;1.588548612066839;3.131056174815142;-0.0014446125157067061;-1.0;0.0013685802780378882;0.0010444428437657567;0.003241374342721314;2.0093704858119854;3.1417142035484718;-0.0025151489665059725;1.0;0.0006488123130158959;0.0008290379555203114;0.004541686191111271;2.0214735370426;3.1524585540540837;-0.0021481162058996405;False;True;False
2025-08-18;-0.0007173858459772589;0.017347670250896056;2193.5714285714284;0.36983471074380164;0.02765092550923296;-0.8660254037844384;-0.5000000000000004;-0.4853019625310808;-0.8743466161445822;0.0;1.0;1.0;0.006173947377867117;0.0024408629168311854;0.009619871495746437;2.2061916549196585;2.7486049717614622;0.0027252841825940403;-1.0;0.00039444902642808477;0.001111629074479148;0.0021156811417506363;1.4134937372811391;3.1046022121369936;0.0018498584698800216;1.0;0.0005382131324004305;0.0006099748833871547;0.004449228561176893;2.164710219494454;3.11917523571896;0.0018914558647052284;-1.0;0.000429138504452312;0.000429138504452312;0.0028609233630154133;1.7058458138677364;3.0862475259166358;0.0014134247480719461;True;False;False
2025-08-19;0.0006782081028020704;0.013388850999676944;2231.785714285714;0.6514745308310992;0.032229083129899444;-0.8660254037844384;-0.5000000000000004;-0.651372482722222;-0.7587581226927911;0.7818314824680298;0.6234898018587336;-1.0;0.00021402582578297782;0.0018548904901191411;0.004565884283370194;1.9709621939139113;2.9329347852938468;-0.0011165148842160989;-1.0;3.576154203769266e-05;0.0003933769624146193;0.00750992382791546;2.5088492032878658;3.2594316252084887;-0.0032214818816655427;-1.0;0.0005762443275949003;0.0015126413599366132;0.008895771807246272;3.2266687140340204;3.4737851834364792;-0.006652081243226015;1.0;0.001522953078540866;0.0013779099282036405;0.0031546885198346507;1.9435168387566262;3.6415221123149912;-0.009272350109761863;False;False;True
2025-08-20;0.0022345959410945858;0.028180067061425413;2272.8571428571427;0.1379746835443038;0.007035889847742828;-0.8660254037844384;-0.5000000000000004;-0.7907757369376986;-0.6121059825476627;0.9749279121818236;-0.22252093395631434;1.0;0.001900654263679228;0.002448919916663621;0.004532329398004313;2.238778814404145;2.879078426014483;-0.0012993551949845126;-1.0;0.0017175851483701213;0.0003654436485893875;0.0030331822832919166;1.3916253728196013;3.0763414923713523;-0.0007966119605596976;1.0;0.0008778667837155712;0.00025604447858370823;0.0024872892205274515;1.8191287532245828;3.2667761175419274;0.0001420546788752044;1.0;0.0021552511415525114;0.00029223744292237444;0.0043470319634703195;2.414292080371683;3.371506833196635;0.0006522364417868376;False;False;True
2025-08-22;0.0001822954644888435;0.012156834112149533;2119.6428571428573;0.7597597597597597;0.008523536688706175;-0.8660254037844384;-0.5000000000000004;-0.9680771188662041;-0.2506525322587213;-0.433883739117558;-0.9009688679024191;1.0;0.0004009769256005541;0.0011664783290197937;0.006707250391863814;2.0358957471914922;2.8620360041169755;0.0011040996752173713;-1.0;0.0023210270544716037;0.00014506419090447523;0.0027562196271850295;1.6417277600327498;2.989839254915488;0.00205970317702173;1.0;0.0001813762832372039;0.0027569195052054994;0.0039177277179236044;2.0868089737323308;2.978417250916439;0.0035273368606701236;1.0;0.0024642145316180466;0.0012683457148034065;0.004710998369269795;2.289666545546507;3.227020900764762;0.003411129614880342;True;False;False
2025-08-25;0.0002842120221685377;0.028578719060984945;2273.214285714286;0.9630102040816326;0.03265085317660435;-0.8660254037844384;-0.5000000000000004;-0.9377521321470804;0.3473052528448203;0.0;1.0;1.0;0.0013851399346498081;0.0;0.004865747975564711;1.9294638760311975;2.888140678715674;0.0017421328740080983;1.0;0.0015926948396687195;0.0006370779358674878;0.002866850711403695;1.7297566384852099;2.9172061975958536;0.0026842419669246397;-1.0;0.0006366723259762309;0.00021222410865874363;0.00272354272778721;2.016981527806323;3.116193977123461;0.002968842899386059;-1.0;0.001240343043447445;0.000248068608689489;0.00283506981359416;1.8410921609987956;3.301683375357945;0.0017940225534264088;True;False;False
2025-08-26;-0.0023074192403265887;0.007707060662025856;2204.285714285714;0.02304147465437788;0.02784563846750245;-0.8660254037844384;-0.5000000000000004;-0.848644257494751;0.5289640103269624;0.7818314824680298;0.6234898018587336;1.0;0.0006404554349759829;0.0029887920298879204;0.0041985411848425545;2.2310310764168935;2.908776950215602;0.00010273065996542069;1.0;0.000889015326624231;0.0009245759396892002;0.0018491518793784004;1.0609687551346043;3.01177047987341;8.692285201777248e-05;-1.0;0.00017779674276367257;0.00010667804565820355;0.0030581039755351682;2.0981327675732317;3.199759980622289;-0.0009786208973200613;1.0;0.0009271145343032378;0.0007844815290258166;0.002995293110825845;2.0584649862912934;3.2416269599269083;-0.0012701804368471727;False;False;True
2025-08-27;-0.0023854452237690033;0.00914428037715709;2156.785714285714;0.5058365758754864;0.022090580133068752;-0.8660254037844384;-0.5000000000000004;-0.72479278722912;0.6889669190756865;0.9749279121818236;-0.22252093395631434;1.0;0.0017130620985010706;0.003997144896502498;0.0067451820128479655;2.32806065802611;2.851450138462913;0.0017627881366338834;-1.0;0.00021391899600684542;0.0012478608100399316;0.0016756988020536223;1.117543911644152;3.072496792361655;0.000986615315122416;-1.0;0.0013551101918550744;0.002638898794665145;0.004707224876970259;2.678219953952435;3.177767909750168;2.379083101379655e-05;-1.0;0.002248233530797231;0.0002141174791235458;0.0035686246520590962;2.261350776744535;3.3620341522308173;-0.000766119268495009;True;False;False
2025-08-28;0.005944377609511004;0.015881513204853676;2138.214285714286;1.1730337078651685;0.034499070297177414;-0.8660254037844384;-0.5000000000000004;-0.5712682150947924;0.8207634412072763;0.43388373911755823;-0.900968867902419;1.0;0.0008793527963418924;0.00024621878297572986;0.005874076679563841;2.023704365483419;3.059392262145157;0.002800630141781901;-1.0;0.0008052093544321523;0.0003851001260327685;0.0021705643467301496;1.189698242838651;3.060625674217907;0.004107871538485386;1.0;0.0009111298009531819;0.0013316512475469583;0.004135127558172133;2.410843288013227;3.264011306160006;0.006435816719132564;1.0;0.00024484085344526056;0.0019587268275620844;0.007310248338579923;2.727172947713239;3.521166966944121;0.006445650829002812;True;False;False
2025-08-29;-0.005182608695652174;0.017903622933520928;2281.785714285714;0.34970530451866405;0.03690491080573033;-0.8660254037844384;-0.5000000000000004;-0.3943558551133187;0.9189578116202306;-0.433883739117558;-0.9009688679024191;1.0;0.0006293486241739799;0.0009440229362609699;0.0045452956190343;1.4454035278220858;2.930311998593937;-0.0012317274396336677;1.0;0.0019521717911176184;0.0004880429477794046;0.003555741476678519;1.6822381243247635;3.096120320451454;-0.0009440459332513547;1.0;0.0012187478236646006;0.0004178563966850059;0.004979455393829654;1.9614752320042455;3.248693179811394;-0.00021594440973918266;-1.0;0.0008676639017110332;0.0009023704577794746;0.002221219588380245;1.5275203086064029;3.5666173712856946;0.0010339506172838608;True;False;False
2025-09-01;-0.0013185745515111558;0.013321212545015908;2351.0714285714284;0.5433070866141733;0.039246626537782416;-1.0;-1.8369701987210297e-16;0.20791169081775931;0.9781476007338057;0.0;1.0;1.0;0.001285570341544769;0.0012160800528126195;0.0029185921267502867;1.3566539808286606;2.694179635822692;-0.00027012738435644744;1.0;0.0002778453096238669;0.0004514986281387837;0.0024311464592088354;1.2701700398970754;2.877807680861209;0.00018106311012498473;-1.0;0.00020802995631370917;0.0019416129255946189;0.0033284793010193467;2.171775867809185;3.043910052737371;8.099601962411111e-05;-1.0;0.00017356289919466815;0.0011802277145237434;0.0019091918911413497;1.4904251844327843;3.2485392874198893;0.0002354048964217557;False;False;True
2025-09-02;-0.006684771255483601;0.008443070080956187;2249.285714285714;-0.3168724279835391;0.026325445532444546;-1.0;-1.8369701987210297e-16;0.40673664307580015;0.9135454576426009;0.7818314824680298;0.6234898018587336;-1.0;0.0010164738871363476;0.0008061689449702068;0.004486505432877673;2.880343300269343;2.8011684050883656;-0.001112907382675996;-1.0;0.0009488999789133338;7.028888732691362e-05;0.0051662332185281505;1.8237626128229913;3.1100903351449753;-0.0041525503482025905;1.0;0.002293982706899594;0.00042350449973530967;0.005893770954649727;3.004125062628614;3.203210219877204;-0.006731163881559592;1.0;0.0015126996411735734;0.0005980440441849011;0.006684021670301837;2.766736475921891;3.3068209556746275;-0.0050894149507399985;True;False;False
2025-09-03;0.0014035087719298245;0.01146161934805468;2155.3571428571427;0.6636085626911316;0.02337923121055651;-1.0;-1.8369701987210297e-16;0.5877852522924731;0.8090169943749475;0.9749279121818236;-0.22252093395631434;-1.0;0.0008058864751226349;0.001962158374211633;0.00350385423966363;1.5955165375527918;2.765588553815395;-2.727226683176797e-05;-1.0;0.0001753278631040045;0.00042078687144961075;0.002068868784627253;1.5390072814962106;2.951961467235257;0.0003004479405659574;-1.0;0.0002458210422812193;0.0012993397949150162;0.003055204382638011;2.5587351218815293;3.0813391630402527;-0.0003243492498936028;-1.0;0.00028135330941830204;0.0005275374551593163;0.002743194766828445;2.268681658510522;3.3303837142074673;-0.0016522389403746931;True;False;False
2025-09-04;-0.00021159542953872197;0.008584442887175893;2101.785714285714;0.1306122448979592;0.014021031547320982;-1.0;-1.8369701987210297e-16;0.7431448254773941;0.6691306063588582;0.43388373911755823;-0.900968867902419;-1.0;0.0021869488536155205;0.0012345679012345679;0.0035978835978835977;1.8077389537220476;2.635285573062723;0.00019207777189782316;1.0;0.00063503263362145;7.055918151349445e-05;0.003069324395837008;1.5113347899731973;2.8637949336301425;0.0005005709637556247;1.0;0.0005983597902220971;0.0019006722748231319;0.003695751645489423;1.89097205761712;3.1575257759377298;0.0011718521122635688;-1.0;0.0009492002109333802;0.002566356125856917;0.0035507119001582;2.078010690192275;3.4062715571632878;0.0019140924076938475;False;True;False
2025-09-05;0.00192354772147029;0.013721340388007054;2067.8571428571427;0.8688946015424165;0.02252021536885575;-1.0;-1.8369701987210297e-16;0.8660254037844386;0.5000000000000001;-0.433883739117558;-0.9009688679024191;1.0;0.0017802289863166714;0.0005585032113934655;0.002932141859815694;1.518812490213965;2.8271268159614285;-0.0005232862375719519;1.0;0.001674515960230246;0.00010465724751439037;0.007814407814407814;1.9891087210349367;2.765784342117965;0.0016066763760779947;1.0;0.00048545372585734597;0.0012829848469087;0.0067270016297375085;2.2982097526904957;3.143395691557802;0.00479224652849657;1.0;0.0006210751500931612;0.00020702505003105377;0.003588434200538265;2.052519441750622;3.708363865987762;0.007734422193165681;False;False;True
2025-09-08;0.00138264777048047;0.016091873778274226;2113.214285714286;0.7331887201735358;0.030964523005419946;-1.0;-1.8369701987210297e-16;0.9945218953682734;-0.10452846326765333;0.0;1.0;-1.0;0.0012081463583016915;0.0010700724887814982;0.002968588194684156;1.448461275126143;2.7745019877395793;0.0007177125311839444;-1.0;0.0001381692573402418;0.0008290155440414508;0.0013471502590673575;0.869565902231476;3.035271247428905;0.0006603929337956531;-1.0;0.0017969451931716084;0.0010366991499066972;0.0030064275347294217;2.281942600430634;3.170949220027641;0.0005069182824687591;-1.0;0.00024193827117823937;0.0007258148135347182;0.006601458542149103;2.92134863097639;3.537899286753957;-0.0009770980573898709;False;False;True
2025-09-09;0.0009736421169761457;0.01297894373489817;1965.357142857143;0.4175531914893617;0.021529988324763213;-1.0;-1.8369701987210297e-16;0.9510565162951536;-0.30901699437494734;0.7818314824680298;0.6234898018587336;1.0;0.001389564371569513;0.0019106510109080804;0.003543389147502258;1.8946678704658024;2.9110576923076925;0.0007910873399011979;1.0;0.0030564045568213394;0.000243123089747152;0.003820505696026674;1.8496797073196583;3.0780949850129153;0.0011069840278018397;-1.0;0.00034713784843961535;0.0012496962543826152;0.0023258235845454228;2.122766622529325;3.231061425218861;0.0012313084292518515;-1.0;0.0010074691679694285;0.0006600660066006601;0.0034045509814139307;2.3102717227634044;3.541824852854995;0.0005684125050750441;True;False;False
2025-09-10;0.0012186205215695832;0.007885777808656985;1960.357142857143;0.3876651982378855;0.01848834738258837;-1.0;-1.8369701987210297e-16;0.8660254037844387;-0.4999999999999998;0.9749279121818236;-0.22252093395631434;-1.0;0.0007302823758519961;0.0019821950201697035;0.006398664626512728;2.022847180802098;2.8906518895849107;-0.00044599573395396203;1.0;0.00038394415357766143;0.00013961605584642233;0.004118673647469459;2.2933491633932555;2.9056399207821544;8.115095236432348e-05;1.0;0.0009042534692032135;0.004208256529753417;0.006747122039439363;2.6542498476011396;3.3185453739890622;0.0007716049382714927;1.0;0.0016666666666666668;0.0011111111111111111;0.0059375;2.5577489299205216;3.449608144415736;0.0028767128555990586;False;True;False
2025-09-11;-0.001281740395607441;0.013597162331339547;1981.0714285714287;0.6061381074168798;0.01942674483568241;-1.0;-1.8369701987210297e-16;0.7431448254773945;-0.6691306063588579;0.43388373911755823;-0.900968867902419;-1.0;0.003919528269164065;0.00048560527228581337;0.007700312174817898;2.4003133641537033;2.698690362581102;0.00014306981420262414;1.0;0.0010440593025683859;0.0020185146516322125;0.009396533723115472;2.188211193232752;2.67790520518731;0.0002958761777409117;-1.0;0.0006916585973163646;0.0007608244570480011;0.004149951583898187;1.868927577585612;3.1598178399618395;-0.00019264704749137257;1.0;0.0004508097236189618;0.000624198078857024;0.00582584873599889;2.188755204293222;3.371485192657916;0.0019481067317057982;True;False;False
2025-09-12;-0.002762526330329086;0.0160596600763094;1866.4285714285713;0.43844492440604754;0.019215057235777523;-1.0;-1.8369701987210297e-16;0.5877852522924732;-0.8090169943749473;-0.433883739117558;-0.9009688679024191;-1.0;0.0010041898957720142;0.00055403580456387;0.0051940856677862805;2.024385499537003;2.8739407790067264;-0.0020736312875047885;1.0;3.475480485177076e-05;0.002189552705661558;0.0030584228269558266;1.5877146252401588;3.181553989615344;-0.002932404224205431;-1.0;0.0003125434088067787;0.0018058063619947214;0.002847617724683984;1.9071848685203308;3.2290616223540853;-0.004374939665990881;1.0;0.0010078543129213875;0.00045179676096475987;0.0073330089664280255;2.232328822585982;3.4701138160895004;-0.0023187337563871195;False;False;True
2025-09-15;-0.00010404744563520966;0.009141590775303854;1883.2142857142858;0.45454545454545453;0.01577570488597627;-1.0;-1.8369701987210297e-16;5.66553889764798e-16;-1.0;0.0;1.0;1.0;0.0030523759972251128;0.0015261879986125564;0.00711064862989941;2.3445847504583406;2.9442897378060504;0.0014223821441065774;1.0;0.00031138636127737605;0.0031830605819465107;0.004082621181192264;2.0291826729514497;3.1386341463414635;0.002266789611187974;-1.0;0.0004841107922127321;0.001901863826550019;0.003630830941595491;2.2640274482636946;3.235781166095644;0.002604377046090254;1.0;3.462124359506994e-05;0.0007270461154964686;0.0029774269491760143;2.069018024584762;3.392912889886902;0.002471865260313535;False;True;False
2025-09-16;0.005732440085641274;0.013007284079084287;1917.142857142857;0.9013333333333333;0.0244324537274793;-1.0;-1.8369701987210297e-16;-0.20791169081775907;-0.9781476007338057;0.7818314824680298;0.6234898018587336;1.0;0.00041203131437989287;0.0026782035434693035;0.006695508858673259;2.6373823353285895;2.8975163294000392;-0.00019767278311885495;-1.0;0.0007868897327996168;0.0033528345136679327;0.004516062814328235;2.2022845657336076;2.8787194896748685;0.002102965447479081;-1.0;0.000376480251899514;0.0006845095489082072;0.0036963515641043193;2.1000458175591024;3.0507405847781905;0.00413316099119604;-1.0;0.0035346602608098835;0.0005833905284831847;0.005353466026080988;2.630793834133955;3.2107101038995687;0.00261896035672825;False;True;False
2025-09-17;-0.0005155525004296271;0.00830929817332784;1863.2142857142858;0.2892561983471074;0.01966215801607686;-1.0;-1.8369701987210297e-16;-0.4067366430758002;-0.9135454576426009;0.9749279121818236;-0.22252093395631434;-1.0;0.0019944979367262725;0.0007221458046767538;0.0033356258596973867;1.9245278818308578;2.8492654335084113;1.9116218964840764e-05;-1.0;0.0017892780951070126;0.0013075493771935861;0.003131236666437272;1.4234459665885906;3.045439437053611;-0.00033645703099601497;1.0;0.0006193868070610096;0.0008946698324214583;0.005987405801589759;2.4032333237326475;3.1400092699295548;0.0003539903851645101;1.0;0.0003425596053713346;0.00037681556590846805;0.006268840778295423;2.6670155332019094;3.440633002922479;0.0024944546645167542;False;False;True
2025-09-18;0.0007143100105445764;0.019119669876203577;1822.5;0.7140287769784173;0.028033301010736342;-1.0;-1.8369701987210297e-16;-0.587785252292473;-0.8090169943749476;0.43388373911755823;-0.900968867902419;1.0;0.001971447994561523;0.0026512576478585994;0.004656696125084976;1.6361495502060606;2.7094152162030514;-0.0006457972196730226;-1.0;0.00023792529145848205;0.0013595730940484689;0.0034669113898235953;1.169071196818709;2.9476898907562084;-0.0006886270592598518;1.0;0.0009875366069604305;0.0011918545256418987;0.0027242389157529114;1.512162045734822;3.075101088646967;-0.00034412603332334706;-1.0;0.0005785658373889664;0.001225198243882517;0.004594493414559439;1.9295430541529934;3.1303593201137057;-0.0013234284760852938;True;False;False
2025-09-19;-0.002549199551340879;0.007273963290278722;1762.857142857143;0.37850467289719625;0.021889168239464577;-1.0;-1.8369701987210297e-16;-0.743144825477394;-0.6691306063588585;-0.433883739117558;-0.9009688679024191;1.0;0.0004089143324473523;0.0020104954678661488;0.004361752879438424;1.6148771306660337;2.8738824490718407;0.0005970668147997212;1.0;0.0008502244592572439;0.0003060808053326078;0.0021425656373282548;1.2121570740079777;3.055256488070003;0.0012608674314922843;1.0;0.003193802663767328;0.000679532481652623;0.004484914378907311;2.0844669818652273;3.1445215754539406;0.0013054140728164278;-1.0;0.00033955857385398983;0.0006791171477079797;0.0026825127334465194;1.8394895997638043;3.1754151965412714;0.001266018918479807;True;False;False
2025-09-22;-0.0011236720239716697;0.00875758195324746;1767.857142857143;0.1867704280155642;0.019340894559808745;-1.0;-1.8369701987210297e-16;-0.9945218953682733;-0.10452846326765423;0.0;1.0;-1.0;0.0006817794443497528;0.0008181353332197035;0.006101926026930288;1.9827128017276523;2.9046636275201707;-0.0029452054794520547;1.0;0.0016096441658960924;0.0005479639713688825;0.00332203157642385;1.3918701075955435;2.890143955043262;-0.003842689198280416;-1.0;0.0004447181171319102;0.0006841817186644773;0.004720853858784894;1.9602547698644714;3.1242919094046506;-0.005325337697363497;1.0;0.0007209805335255948;0.00017166203179180828;0.003913894324853229;2.0760625626483926;3.2881844606957764;-0.0041721337973262915;False;False;True
2025-09-23;-0.000752162467092892;0.010465314470768707;1739.642857142857;0.5830618892508144;0.013687750044654702;-1.0;-1.8369701987210297e-16;-0.9945218953682734;0.10452846326765299;0.7818314824680298;0.6234898018587336;1.0;0.00058165395011462;0.000650083826598693;0.0030793444417832826;1.5590879911313154;2.8799842393460406;-0.00024285752232186688;-1.0;0.0016051364365971107;0.0002732147126122742;0.0035859431030360986;1.5906219900152054;3.1530177076809203;-0.00020146039782722436;1.0;0.003763128185830112;3.4210256234819196e-05;0.005063117922753242;2.6139586093350102;3.241917344150211;0.00012148269630846667;1.0;0.0005124876148826403;6.833168198435204e-05;0.005364037035771635;2.35636868604807;3.2694546034524965;0.0010616553511586524;True;False;False
2025-09-24;0.0;0.015978376159031034;1818.9285714285713;0.6638115631691649;0.021246267804690716;-1.0;-1.8369701987210297e-16;-0.9510565162951536;0.30901699437494723;0.9749279121818236;-0.22252093395631434;-1.0;0.0002032658039162545;0.0014228606274137815;0.002608577816925266;1.668588291660925;2.740540110110088;-0.0010286321453198554;1.0;0.0014581213970837573;0.0004069175991861648;0.002305866395388267;1.3779235972921922;3.051379185791435;-0.0007645173560504424;1.0;0.0024065349286513235;0.0005423177304002982;0.0030844320916516964;1.9589557793088268;3.125040604941673;-0.000689102020989304;-1.0;0.0017284034296946487;0.0007455857932016132;0.0027790015928423764;2.260826237293362;3.3913704109640372;-0.0004181074423124074;False;True;False
2025-09-25;-0.005376344086021506;0.012500846940849651;1811.7857142857142;0.45799457994579945;0.021436360373790497;-1.0;-1.8369701987210297e-16;-0.8660254037844386;0.5000000000000001;0.43388373911755823;-0.900968867902419;1.0;0.002837837837837838;0.0011486486486486486;0.005878378378378378;1.778609792720672;2.7526638366587965;0.003064772352606137;-1.0;0.0005057998381440518;0.002158079309414621;0.007452117615322363;2.13301170322396;2.9889117013353435;0.0029176360747816825;-1.0;0.00020329335230737954;0.0006098800569221387;0.005387273836145558;2.0043792168926235;3.1468053139332595;-0.0009417157379988634;-1.0;0.0006467204465774873;0.001599782157323258;0.0026209197045508697;1.8988190663455355;3.28020064565875;-0.0036282877811071985;False;True;False
2025-09-26;0.0009562514941429596;0.0175;1825.357142857143;0.16795366795366795;0.010468758349752718;-1.0;-1.8369701987210297e-16;-0.743144825477394;0.6691306063588585;-0.433883739117558;-0.9009688679024191;-1.0;6.823842505714968e-05;0.0026954177897574125;0.003957828653314682;1.6646311101664417;2.706336594542128;0.00031882671767887523;-1.0;0.0015372002459520394;3.416000546560088e-05;0.0024595203935232628;1.2044193208016762;2.9743283543552073;0.00013296255774389415;1.0;0.005265317286652079;0.00010257111597374179;0.006461980306345733;2.5054180408166475;3.194893425621212;2.6563448694507882e-05;-1.0;0.0009221626421667407;0.001946787800129786;0.0029372587861607297;1.9109866211170274;3.4556051175501814;3.7951672340287045e-05;False;True;False
2025-09-29;0.0018789286690352556;0.008154491794329387;1776.4285714285713;0.5523012552301255;0.010300399614165633;-1.0;-1.8369701987210297e-16;-0.20791169081775898;0.9781476007338057;0.0;1.0;1.0;0.0003409827121764927;0.0001022948136529478;0.006274081904047464;1.9093253256545926;2.9209441810970302;0.0018796001235488438;1.0;0.0016611295681063123;0.0001017018102922232;0.0029493524984744728;2.0748210256799005;3.184753129677579;0.0034876240138150545;1.0;0.008092916158743059;0.0009819856426926724;0.010700257347961534;2.0534773652485407;3.0121779517265757;0.005773420479302745;-1.0;0.0025693035835023664;0.00020283975659229209;0.004158215010141988;1.7077660243225032;3.2132048355735905;0.005262346201443644;False;False;True
2025-09-30;0.0006449204032449679;0.016878644252736386;1890.7142857142858;0.3151515151515151;0.014280086495934105;-1.0;-1.8369701987210297e-16;-1.133107779529596e-15;1.0;0.7818314824680298;0.6234898018587336;1.0;0.000271370420624152;0.0028833107191316145;0.0039009497964721846;1.9711402036801644;2.853275557403461;0.0003879209695764286;1.0;0.0002372640070501305;0.0002372640070501305;0.003050537233501678;1.6069454942641606;3.148666168109883;0.0010555536773462527;1.0;0.0025355826768991515;3.3807769025322016e-05;0.0036850468237601;2.397571880009936;3.5372421885038876;0.0022250739189817507;-1.0;0.0005403214912873159;0.0005403214912873159;0.002836687829258409;2.0091951005645763;3.4329872700132498;0.002537212449255751;False;False;True
2025-10-01;0.00047575355965609814;0.012381275440976933;1881.4285714285713;0.32602739726027397;0.011325499033021541;-0.8660254037844386;0.5000000000000001;0.20129852008866006;0.9795299412524945;0.9749279121818236;-0.22252093395631434;1.0;0.0027172990047892396;0.004279745932543052;0.008559491865086104;3.3248482371562664;2.825364912755171;0.0011907318856144201;1.0;0.0014922336023875738;0.00010174320016278913;0.004815844807705352;2.640675041697895;3.0255598984620375;0.002114720785489206;-1.0;0.0007437206314864271;0.001250802880227173;0.005949765051891417;2.59731843704086;3.127783731888346;0.002175913355658173;-1.0;0.0018666847678522943;0.0009503122454520771;0.004004887320119468;2.119905975700983;3.2032715783659977;0.0013743057679310815;False;False;True
2025-10-02;0.0033844996752247784;0.015047043239020414;1874.2857142857142;0.3792325056433409;0.006652135663095652;-0.8660254037844386;0.5000000000000001;0.39435585511331855;0.9189578116202306;0.43388373911755823;-0.900968867902419;-1.0;0.0036115843270868825;0.0011584327086882453;0.008620102214650767;2.4482777491447023;2.9834703269760245;0.00018241725667241486;-1.0;0.00034203235626090227;0.0008550808906522558;0.002394226493826316;1.4709628770910017;3.2295659915423993;-0.0006125912228233544;-1.0;0.0006506180871828237;0.0021915556620895112;0.003013389035373078;2.2349565217117573;3.263176138267822;-0.0010731328629816157;1.0;0.001952255368702264;0.0012330033907593245;0.0034935096071514195;2.3556799030109414;3.410520685846584;-0.001217405860287482;False;False;True
2025-10-03;0.0019001554672655036;0.020749574105621806;1997.5;0.2512315270935961;-0.005952289137629334;-0.8660254037844386;0.5000000000000001;0.5712682150947923;0.8207634412072763;-0.433883739117558;-0.9009688679024191;-1.0;0.0003448275862068965;0.0012758620689655173;0.0033448275862068967;1.8114592559043667;3.0084121617289385;0.00023412013049309814;1.0;0.0008290155440414508;0.0011398963730569949;0.0029706390328151987;1.4920851487379332;3.3248705787532162;0.00037191682866127856;-1.0;0.0001725327812284334;0.0013802622498274672;0.0047273982056590756;2.341804644993356;3.1869879558075254;-1.9231360964975157e-05;1.0;0.002111603433951814;0.0002076986984214899;0.003634727222376073;1.8683007493379107;3.4239735151230213;-0.00021126706461703675;False;False;True
2025-10-06;0.0013133337941522085;0.006551724137931035;1931.4285714285713;0.6842105263157895;-0.006918867410369217;-0.8660254037844386;0.5000000000000001;0.9377521321470804;0.3473052528448203;0.0;1.0;-1.0;0.0012425790418334943;0.001794836393759492;0.0040728979704542315;2.0186452483598014;3.003924322457871;-0.00025338032386625715;1.0;0.0008637965586345104;0.0009329002833252712;0.005251883076497823;1.7012432467318122;3.3017194005614168;0.00024485610877737085;-1.0;0.00020659022828220226;0.003305443652515236;0.004889302069345453;2.400884316159809;3.287387239736894;0.0008926279656895292;-1.0;0.0002413543426542082;0.00044822949350067237;0.004930524428507396;2.6594337245099884;3.4723311708257505;0.0005193905817174516;False;True;False
2025-10-07;-0.002846036373733167;0.010458373602098578;1934.642857142857;-0.11221122112211221;-0.015305099472007486;-0.8660254037844386;0.5000000000000001;0.9884683243281114;0.1514277775045767;0.7818314824680298;0.6234898018587336;-1.0;0.00045248868778280545;0.00045248868778280545;0.006369648451096415;2.2937636755954167;3.2160985127441406;-0.0021387712564698283;1.0;0.0009099818003639928;0.00020999580008399833;0.002869942601147977;1.7461400014844557;3.1905545074521315;-0.003664624725347201;-1.0;0.0012926667365405443;0.0010830451035880237;0.003947874087272473;2.3964473989823865;3.206247992951658;-0.0054587444887675834;-1.0;0.0006648703502816951;0.0008748294082653882;0.005598908212898485;2.368014063601111;3.385528655124274;-0.005344545557468346;False;False;True
2025-10-08;0.0006002189033647566;0.015976331360946745;1924.642857142857;0.12200435729847495;-0.02800904767865993;-0.8660254037844386;0.5000000000000001;0.9987165071710528;-0.05064916883871264;0.9749279121818236;-0.22252093395631434;1.0;0.0011644318983768526;0.0004234297812279464;0.005822159491884263;1.9661474671819132;3.094565023841086;0.0005778090106972522;1.0;0.0007027406886858749;0.0023893183415319747;0.0031271960646521435;1.7646463250734725;3.1609143861767683;0.001260984817430639;1.0;0.0004919011981307754;0.0022486911914549735;0.0034784441867819122;2.1525600286074313;3.11921339412669;0.002633242047609016;-1.0;0.0003159779517606994;0.0011585858231225644;0.0027384755819260614;2.0071538328140446;3.408160618142778;0.0022029270807699505;True;False;False
2025-10-09;0.0028773949049056076;0.008045165843330981;1931.4285714285713;1.105263157894737;-0.01915698292962503;-0.8660254037844386;0.5000000000000001;0.9680771188662043;-0.2506525322587204;0.43388373911755823;-0.900968867902419;1.0;0.0017144856543037088;0.00031490552834149754;0.006613016095171448;2.280790890210371;2.9016475320096187;0.002511619627010783;-1.0;3.483106931382794e-05;0.002124695228143504;0.00404040404040404;2.0400478069293726;3.1379764082999184;0.003404367516595345;-1.0;0.0004885538805136795;0.0019891122278056952;0.0036990508096035736;2.152277474938505;3.093495219973599;0.004157786240872087;-1.0;0.002829990916078541;0.00041925791349311717;0.00744182796450283;2.522605391805891;3.3116591330633467;0.0015281578680638624;False;False;True
2025-10-10;0.0017971668193671154;0.013925822253324003;1981.7857142857142;0.16834170854271358;-0.02336550534797478;-0.8660254037844386;0.5000000000000001;0.8978045395707416;-0.4403941515576344;-0.433883739117558;-0.9009688679024191;1.0;0.00028140279292271977;0.0018291181539976783;0.0033416581659572973;1.764026031783212;3.0492923388383777;0.00048404222097299013;1.0;0.0001405283867341203;0.0003864530635188308;0.002810567734682406;1.7056421322335504;3.2777425902559933;0.0015929210433048406;-1.0;0.00024535576586049774;0.0010865755345250614;0.003995793901156677;2.539288190359337;3.3012299548497586;0.002214099950797779;-1.0;0.0010894394658232296;0.003022315937445089;0.007555789843612722;2.996571839731722;3.4125269623451593;0.0010696947255822975;False;True;False
2025-10-13;0.008550053437833986;0.018502233634668824;2055.3571428571427;0.5684410646387833;-0.026177290082900484;-0.8660254037844386;0.5000000000000001;0.48530196253108104;-0.8743466161445821;0.0;1.0;1.0;0.0014835747085835394;0.0;0.003002472624514306;1.7970861687036674;2.922812217916931;-0.000532963394036342;1.0;0.001481324727542059;0.00035269636370049024;0.0036327725461150497;1.7830589882737855;3.105039870831686;0.0026052668638219968;1.0;0.0007745387973524855;0.0018659343754400788;0.0038022813688212928;2.140630270718406;3.0312034986821588;0.0058999816358186585;-1.0;0.00028131373514311836;0.002918630002109853;0.003657078556860539;1.961088084803348;2.9482672862441124;0.005839929639401935;False;False;True
2025-10-14;-0.007237933834692653;0.006852702225362063;2038.5714285714287;-0.9175257731958762;-0.03172430417452241;-0.8660254037844386;0.5000000000000001;0.29936312297335804;-0.9541392564000488;0.7818314824680298;0.6234898018587336;1.0;0.0010669322142399886;0.0006401593285439932;0.0062593356568746;2.060115897973568;3.1031382416933426;-0.002112393495244233;1.0;0.0018056293149229952;0.0006018764383076651;0.00322180916976456;1.756772630521183;3.085099313831708;-0.002240460355643533;1.0;0.0032899391538134992;0.0010258950049525965;0.00573086175180416;2.0953258366087426;3.0533541274214278;-0.002009639991835792;1.0;0.0006005157370447561;0.0006358401921650359;0.004309583524674132;2.312510345725177;3.174699270959903;-0.00021912319419019612;True;False;False
2025-10-15;0.023661753297129558;0.015577210327903834;2063.214285714286;2.1210045662100456;0.0009171654759606102;-0.8660254037844386;0.5000000000000001;0.10116832198743272;-0.994869323391895;0.9749279121818236;-0.22252093395631434;-1.0;0.0017913121361397223;0.00020668986186227567;0.005615074580591822;1.8786634781953298;2.7965683396176644;0.003737764870388342;-1.0;0.0005186184005808527;0.0007260657608131936;0.0025585174428655395;1.4801688372780661;3.106783671859594;0.008385744234800726;1.0;0.001073258551447168;0.0028735632183908046;0.004119927987813322;2.225591235100431;3.240586203358528;0.012669182041607533;1.0;0.000449998269237426;0.000138461005919208;0.008446121361071689;2.4712555260395046;3.2056122020286595;0.011929294316984867;True;False;False
2025-10-16;0.00013725422914593555;0.014433842020048916;2178.9285714285716;0.8257756563245824;0.005429533349890996;-0.8660254037844386;0.5000000000000001;-0.10116832198743204;-0.9948693233918952;0.43388373911755823;-0.900968867902419;-1.0;0.0013380450818266032;0.000754794661543212;0.005455106872062305;1.8059614730827207;2.9202349322326073;-0.0007994155469112468;-1.0;0.00010327733406774992;0.0007573671164968328;0.003924538694574498;1.6765292980155622;3.2548242731366543;-0.002279084222521496;-1.0;0.0012776684277772021;0.0010014157947442937;0.004281915812010083;1.9823725976613331;3.354977175978828;-0.0040982818741373585;1.0;0.0002768166089965398;0.001176470588235294;0.0060207612456747404;2.149786456585453;3.4174113048220156;-0.0037391690395272873;False;True;False
2025-10-17;-0.0008620095165850631;0.01279720039798264;2226.785714285714;0.2975871313672922;0.00028824263471028164;-0.8660254037844386;0.5000000000000001;-0.2993631229733582;-0.9541392564000488;-0.433883739117558;-0.9009688679024191;1.0;0.00262276978293129;0.0009317734755150636;0.004865928149911999;2.1569364914396862;2.854135595474451;-0.0006778103279913357;-1.0;0.0003791142512493538;0.0007582285024987076;0.006238152679648458;1.5980393407731681;3.1533363482931285;-0.0016974399833720164;1.0;0.0005196424859696529;0.001732141619898843;0.003706783066583524;1.8474541441465953;3.264606420912872;-0.002313853912027383;1.0;0.0005534800055348;0.0007264425072644251;0.009928047599280477;2.6598936599355434;3.4686780589219612;-0.0010136345275929832;False;True;False
2025-10-20;-0.0008876749743939911;0.017013493460330608;2207.5;0.9087221095334685;0.010331523662382724;-0.8660254037844386;0.5000000000000001;-0.7907757369376986;-0.6121059825476627;0.0;1.0;1.0;0.0007517769272826681;0.0004784034991798797;0.00423728813559322;1.9089619406286513;2.6973033762549714;0.0013589836770539518;-1.0;0.0011242845461978742;0.0006132461161079313;0.003475061324611611;1.6999986871071635;2.9129631655311763;0.0018126040446096237;1.0;0.0015016552336097745;0.0013651411214634314;0.00436845158868298;2.4063636165568254;3.013622522880788;0.002059786827208853;1.0;0.0007837791787357301;0.0013971715794854319;0.005077525983983643;2.3207547512141398;3.0998283913162674;0.002261486767093313;True;False;False
2025-10-21;-0.0013577732518669382;0.01342946965554948;2217.5;0.43256997455470736;0.015347554641366957;-0.8660254037844386;0.5000000000000001;-0.8978045395707417;-0.44039415155763423;0.7818314824680298;0.6234898018587336;1.0;0.0006798096532970768;0.0018354860639021075;0.00557443915703603;1.8881463504621327;2.811832827825265;-0.0007455099966113182;-1.0;0.0002371996882518383;0.00010165700925078785;0.004201823049032564;1.7259235906863748;3.0394866409171994;-0.0011943773552099393;-1.0;0.0012246147566078172;0.0005442732251590298;0.0024832465897880736;2.196774812739398;3.174615776333378;-0.0015205156136527365;1.0;0.003846808510638298;0.0015659574468085107;0.007319148936170213;2.5847184050133616;3.1555243649645357;-0.0020348914032446543;False;True;False
2025-10-22;-0.0016300472034502665;0.007443915703602992;2137.5;0.319634703196347;0.014747124353896468;-0.8660254037844386;0.5000000000000001;-0.9680771188662041;-0.2506525322587213;0.9749279121818236;-0.22252093395631434;-1.0;0.001224531446647845;0.002721180992550767;0.00414980101363992;2.257436767356305;2.744732187487984;0.00044984255510560297;1.0;0.0010886945871465994;6.804341169666246e-05;0.0057156465825196475;1.8634291013440103;2.991808259952871;0.0013020098365714025;-1.0;0.0007450555405039285;0.00030479544838797075;0.006739366025467353;2.537453407472344;3.163697683931066;0.000503330305782732;1.0;0.002282094076773732;0.00010218331687046561;0.004972921421029327;2.383859456774933;3.325295187933127;0.0008040314817961137;True;False;False
2025-10-23;0.000304228780042592;0.009388074424300147;2018.5714285714287;1.0108695652173914;0.021720891209098536;-0.8660254037844386;0.5000000000000001;-0.9987165071710528;-0.05064916883871355;0.43388373911755823;-0.900968867902419;1.0;0.0009462016761286835;0.0003379291700459584;0.007265477155988105;2.476974867596377;2.7652757756211193;0.002829192187249313;-1.0;0.0013100436681222707;0.0007725898555592879;0.003359086328518643;1.51643852718944;3.109783594529821;0.003912731512624015;1.0;0.0013789856047356384;0.0;0.003127942957083277;1.8657243284827707;3.1406958843922137;0.0050213388247232135;-1.0;0.0005036091992613732;0.0006379049857310727;0.004700352526439483;2.134999145146901;3.427734961748985;0.0033469231892360664;False;False;True
2025-10-24;-0.0016130658332493195;0.009157880508245472;2047.5;0.5719557195571956;0.02491832461094226;-0.8660254037844386;0.5000000000000001;-0.9884683243281114;0.15142777750457667;-0.433883739117558;-0.9009688679024191;1.0;0.0007741761755696927;0.000639536840688007;0.004039180046450571;1.9306290428977406;2.8101731732335726;0.0011563582920214792;1.0;0.002114874618147638;6.71388767665917e-05;0.006109637785759845;2.1165867089579016;3.1188708138962995;0.0022403531064000533;1.0;0.0005684668115699716;0.0011369336231399432;0.004179903026249791;2.0049669257203466;3.149661026162723;0.003672941429370973;-1.0;0.0013008672448298867;0.0005003335557038026;0.005170113408939293;2.101256017772757;3.3505953204507373;0.004031073477842089;False;False;True
2025-10-27;0.008466888418506199;0.011074085294018647;2056.785714285714;0.9878419452887538;0.034598647076565126;-0.8660254037844386;0.5000000000000001;-0.72479278722912;0.6889669190756865;0.0;1.0;1.0;0.0015658837248042645;0.0004997501249375312;0.002798600699650175;1.5987752955298087;2.843750397427973;0.0017053041988955226;1.0;3.329227286346839e-05;0.001198521823084862;0.00392848819788927;1.8592782188001364;3.0138469542380313;0.004249950195896142;-1.0;0.0010957266660025899;6.640767672742968e-05;0.004582129694192649;2.6652492031241426;3.197782868430484;0.006223021849062944;-1.0;0.0006663334999167084;0.0007329668499083792;0.0028652340496418457;2.3514219098892233;3.5400122530557314;0.004819473639332815;False;True;False
2025-10-28;-0.0018025235329461246;0.00849575212393803;2006.4285714285713;0.03529411764705882;0.029890377839999174;-0.8660254037844386;0.5000000000000001;-0.5712682150947924;0.8207634412072763;0.7818314824680298;0.6234898018587336;-1.0;0.0008694489031567683;0.001772338148742643;0.003912520064205458;2.3461759271062252;3.0336120344515356;-2.6042247966757878e-05;1.0;0.0002343802317016005;0.0010044867072925734;0.0029130114511484633;1.9162053537712447;3.049620478521851;-0.0003491257001084302;1.0;0.00016712905705786008;0.0031086004612761974;0.00414480061503493;2.6778027954042134;3.316567065370863;-0.000675357252854584;1.0;0.0010687328835749116;0.0010019370783514794;0.0031394028455013026;2.4889297845486302;3.3649942942141626;0.00032250172371598004;True;False;False
2025-10-29;0.000598503740648379;0.009764579989299091;2027.5;0.958904109589041;0.03524433665307807;-0.8660254037844386;0.5000000000000001;-0.3943558551133187;0.9189578116202306;0.9749279121818236;-0.22252093395631434;-1.0;0.002126740437975609;0.0011298308576745424;0.0064466819526135645;2.6225284122412407;2.9731591378852538;-4.074481522234921e-05;1.0;0.00040005334044539273;0.00023336444859314574;0.004533937858381117;2.0238835851959096;3.0949269425099004;0.0006088178970324184;1.0;0.0004649154850064756;6.641649785806795e-05;0.004483113605419586;2.827861603251095;3.4321289653384044;0.0017090059098527589;-1.0;0.00036385287112992857;0.0013561788833024609;0.002480815030431331;1.9241984706761062;3.421279092991545;0.0034463607239932606;True;False;False
2025-10-30;-0.001949833107505205;0.012793672947197023;2022.857142857143;0.6155844155844156;0.03712708927878457;-0.8660254037844386;0.5000000000000001;-0.20129852008866114;0.9795299412524943;0.43388373911755823;-0.900968867902419;-1.0;0.0;0.0004304635761589404;0.004172185430463576;2.010517840536345;3.006897049721477;-0.0015473644948169043;-1.0;0.0014956625785222854;3.323694618938412e-05;0.004254329112241167;1.763506529015856;3.191622835119484;-0.0029476568720027928;1.0;0.0007998666888851858;0.0008331944675887352;0.0040659890018330275;2.4752618264591493;3.381931131720435;-0.00413739093172564;1.0;0.0011304318914785384;0.0004654719553146923;0.00721481530737773;3.000146072734076;3.6307399118506885;-0.0023253763583062684;True;False;False
2025-10-31;-0.0018120716921454928;0.012549668874172186;1970.357142857143;0.8364116094986808;0.037950615380662404;-0.8660254037844386;0.5000000000000001;-2.4492935982947064e-16;1.0;-0.433883739117558;-0.9009688679024191;1.0;0.0002640525464567449;0.0002640525464567449;0.0035317028088589627;2.029013299903149;2.8172756929843596;0.0013748116946747135;1.0;0.0004278004475450836;0.0017112017901803344;0.0026984335922074503;1.6540108268219536;2.8943108573446743;0.002013557711633771;-1.0;0.0012827259571109066;6.578081831337982e-05;0.004012629917116169;2.2000127887188867;3.047188483166186;0.0015573070679756227;-1.0;0.0007255218810803681;0.0006265870791148633;0.002440391781815783;1.8150664591246515;3.2129853799318444;0.00047320347749525894;True;False;False
2025-11-03;0.0;0.005875169158662574;1883.9285714285713;0.9775280898876404;0.04032831251195976;-0.5000000000000004;0.8660254037844384;0.5877852522924731;0.8090169943749475;0.0;1.0;1.0;3.284611594678929e-05;0.0017079980292330431;0.0046969945803908685;2.0156804646259663;2.7902813251999636;0.0016884085657624432;1.0;0.001113512805397262;0.000687757909215956;0.0022925263640531865;1.3247765916607974;3.080340172225176;0.002265940692730525;-1.0;0.001440356160796124;0.00029461830561738905;0.006088778316092706;2.383083572241036;3.192271045037731;0.0018302372732753119;1.0;0.00026302811112937697;0.0006904487917146145;0.004372842347525892;1.7076491127672986;3.3092857194429;0.0012160002330058844;False;True;False
2025-11-04;-0.006862745098039216;0.008277221218590902;1817.5;-0.011904761904761904;0.035286262272519776;-0.5000000000000004;0.8660254037844384;0.7431448254773941;0.6691306063588582;0.7818314824680298;0.6234898018587336;1.0;0.002171767028627838;0.0013162224415926291;0.003553800592300099;2.1397760402823325;3.0014243746105227;-1.8279664239148537e-05;1.0;0.0005922611213477231;3.290339563042906e-05;0.002270334298499605;1.7505002853037295;3.109306215431345;-0.001131477709889094;1.0;0.0013468677113104037;0.0005584573437140698;0.003679248382116225;2.617010053714318;3.215522712076642;-0.002222586580677986;1.0;0.00036071487129037545;0.0007214297425807509;0.0021970814887686506;1.8068447785318509;3.380724736604815;-0.0008079749309398535;True;False;False
2025-11-05;-0.0013067624959163672;0.009871668311944718;1616.7857142857142;0.7333333333333333;0.037377135963595085;-0.5000000000000004;0.8660254037844384;0.8660254037844386;0.5000000000000001;0.9749279121818236;-0.22252093395631434;-1.0;0.0026169447170428526;0.0005233889434085705;0.004154399738305528;2.5735860345307016;3.083510602031772;0.000996903776955493;1.0;0.00019647652105573383;0.0008841443447508022;0.0020302573842425832;1.4312285299409908;3.133368426237179;0.0006397603806574477;1.0;0.0003598534415074588;0.0021264066998168017;0.003107825176655326;2.3225018004011484;3.078602659552355;0.0001416723880515053;1.0;0.0012423578644522183;0.0006211789322261091;0.005067512341844574;2.5987497130770185;3.4563109836727306;0.0010935491463436925;True;False;False
2025-11-06;-0.0029503254978674276;0.02273470722930978;1731.7857142857142;0.8460431654676259;0.05027227154188117;-0.5000000000000004;0.8660254037844384;0.9510565162951535;0.30901699437494745;0.43388373911755823;-0.900968867902419;1.0;0.0008684185133961597;0.0;0.0033128558103631277;1.9909849680936214;3.0531765984915404;0.002260225380833696;1.0;0.00041710783841884043;0.0009946417685372348;0.0017005165720152726;1.2210237516708529;3.07799123056055;0.0019067373763293493;1.0;0.0009623095429029671;0.00032076984763432237;0.0026303127506014435;2.2445609138872884;3.2038199143907176;0.0016230472712518373;1.0;0.0008969471762180863;0.0003203382772207451;0.0034276195662619724;1.5385533497505466;3.468908932609919;0.00196040827633227;False;False;True
2025-11-07;-0.000738362760834671;0.007172493647679393;1635.357142857143;0.16143497757847533;0.04658825744584989;-0.5000000000000004;0.8660254037844384;0.9945218953682733;0.10452846326765346;-0.433883739117558;-0.9009688679024191;-1.0;0.0007389083432389887;0.0009959199408873325;0.002023966331480708;1.3204547385526766;3.1620814953183602;-0.0001606787068577672;-1.0;0.00012854296548621375;9.640722411466033e-05;0.0035349315508708787;1.6078145275798503;3.171189273396482;-0.0012001361348452301;1.0;0.0013541834596163147;0.00035466709656617766;0.0026438819925842334;1.7618592285115142;3.18147697793363;-0.002032956806826195;-1.0;0.0006442261233693026;0.000740860041874698;0.003446609760025769;1.577693534963123;3.4141281063879845;-0.0028978334391330496;False;False;True
2025-11-10;0.005504352278545827;0.011886786391235905;1627.142857142857;1.4054054054054055;0.05082557700089966;-0.5000000000000004;0.8660254037844384;0.8660254037844387;-0.4999999999999998;0.0;1.0;-1.0;0.0007638446849140675;0.0011457670273711013;0.003500954805856143;1.777221610799907;3.046663859672411;0.0033506889101404713;1.0;0.0003825310806503028;0.0007013069811922218;0.002358941664010201;1.4556968245754438;3.1124670201725535;0.003947787328876154;-1.0;0.0014008277618592804;0.0005730659025787965;0.003279210442534225;1.7548040146232637;3.06797828387738;0.004331948384994345;1.0;0.0006375924509053813;0.0009245090538128029;0.0066309614894159655;1.96012839316633;3.4357968352527166;0.004560464927769061;False;False;True
2025-11-11;0.0007603599036877456;0.008084022915340548;1670.357142857143;1.0;0.05074952556935835;-0.5000000000000004;0.8660254037844384;0.7431448254773945;-0.6691306063588579;0.7818314824680298;0.6234898018587336;1.0;0.0018994554894263644;0.0;0.00481195390654679;2.4084652068795336;3.0425114812972733;0.0024410774410773797;-1.0;0.0006944444444444445;0.0011363636363636363;0.0024305555555555556;1.7180002599322048;3.040117016306645;0.003797170721778365;1.0;0.0007896149837339313;0.0013265531726730046;0.005811566280281734;2.4527632417554606;3.1766872730192164;0.004965000244753452;1.0;0.0022027817987286804;0.00031468311410409717;0.0072691799358046445;2.6461686625201497;3.6267843047099695;0.0059228635757808444;True;False;False
2025-11-12;0.001032314574404855;0.016873496264404205;1770.7142857142858;0.7729831144465291;0.058103085693123654;-0.5000000000000004;0.8660254037844384;0.5877852522924732;-0.8090169943749473;0.9749279121818236;-0.22252093395631434;-1.0;0.0010625;0.0008125;0.0025;1.572225107930089;3.137065705049196;0.0003717601278576484;1.0;0.00018761139426534505;0.0011256683655920703;0.001938651074075232;1.1972668229148447;3.1880697483792444;0.0002222152779948253;-1.0;0.00037498828161619947;0.0017186962907409144;0.0021249335958251304;1.7043459439070787;3.251299607776522;0.00041319444444452527;-1.0;0.0006250195318603706;0.00015625488296509265;0.0035626113316041125;1.5482307882682693;3.3782656281441565;-0.000278561231240784;False;True;False
2025-11-13;0.0020988002380728627;0.00975;1785.357142857143;0.8589743589743589;0.052933005944348265;-0.5000000000000004;0.8660254037844384;0.40673664307580004;-0.913545457642601;0.43388373911755823;-0.900968867902419;-1.0;0.0;0.0010003125976867772;0.0032197561738043137;1.4519880497642164;3.118641837537736;0.0019424167423791473;-1.0;0.000657915348225195;0.00040728092985369214;0.0015038065102290171;1.143901819720694;3.177067188908415;0.000968151978965473;1.0;0.0019119260304027582;0.002162670427832628;0.006989500078357624;2.7428211650777627;3.2309560937736457;0.0011459049523929185;-1.0;0.0003437822295840235;0.0005312998093571273;0.004000375035159546;1.5995831021153697;3.395812094626133;0.0007628721614362289;False;True;False
2025-11-14;-0.004684356136820926;0.011378555798687089;1797.857142857143;-0.0989010989010989;0.037248419997313424;-0.5000000000000004;0.8660254037844384;0.20791169081775931;-0.9781476007338057;-0.433883739117558;-0.9009688679024191;1.0;0.000473798919738463;0.0014529833538646198;0.0034429388167661642;1.6859600962343568;3.067734858829087;-2.102585128403148e-05;-1.0;0.001734578024473319;0.0004730667339472688;0.0025230225810521003;1.7012925293126675;3.170379554974561;-0.0006730182766525141;1.0;0.0010411079912925514;0.00015774363504432597;0.0036281036060194973;1.9531757558443927;3.2611903077702067;-0.001101529552464279;1.0;0.0008497513690438723;0.002140114559073456;0.0033675332032479387;1.8291539309584617;3.4941635642071467;-0.0004963750637946011;False;True;False
2025-11-17;0.0017261942125415856;0.013961274834960043;1817.5;0.6877828054298643;0.041313901476964635;-0.5000000000000004;0.8660254037844384;-0.4067366430758002;-0.9135454576426009;0.0;1.0;-1.0;0.0005326315129868095;0.0013785756806717424;0.004574364758592599;1.3922377119551854;3.077855044099267;-0.00224791265253695;1.0;6.282788301448183e-05;0.00103666006973895;0.0023560456130430683;1.2851854666320595;3.1072264642177347;-0.002607571019706541;1.0;0.0013491042575220406;0.0015059768456059989;0.003137451761679164;1.9284091007686914;3.205025088750883;-0.0019411859007870717;-1.0;0.0;0.0014428204002258328;0.004642117809422245;1.7765593435968947;3.3530130599480694;-0.0016921893573875139;True;False;False
2025-11-18;-0.004658776126920171;0.008365447880439891;1808.5714285714287;-0.1760299625468165;0.02775457402790734;-0.5000000000000004;0.8660254037844384;-0.587785252292473;-0.8090169943749476;0.7818314824680298;0.6234898018587336;-1.0;0.0007590132827324478;0.0009487666034155598;0.005850727387729285;1.6297190718087637;2.8046704174862187;-0.0025546839989978656;-1.0;0.0011432926829268292;0.00044461382113821136;0.0031122967479674797;1.6853966773325173;3.242556964804177;-0.00403237206672313;1.0;0.0010178440790101467;0.0004771144120360062;0.00871528992652438;2.3803985262195404;3.43258990699735;-0.004543955311339847;-1.0;0.0017368786711299184;0.002178993241962989;0.004326406871723615;1.9595954537079812;3.571163223108615;-0.002281686482236275;False;False;True
2025-11-19;0.0016762073436857585;0.010309930423782416;1793.9285714285713;0.7607361963190185;0.025823732700236763;-0.5000000000000004;0.8660254037844384;-0.743144825477394;-0.6691306063588585;0.9749279121818236;-0.22252093395631434;-1.0;0.0005051780752715333;0.00022101540793129578;0.005651679717100278;1.6770648801336563;3.077636370541347;-0.002094174387612641;-1.0;0.002538393197106232;0.0002855692346744511;0.003934509455514659;1.6892542654506029;3.0910969757287656;-0.00334240406029729;-1.0;0.0018742058449809404;0.00034942820838627703;0.0023189326556543838;1.6562273597579604;3.1178873335807635;-0.004052341568623319;1.0;0.0013343499809378575;0.0004447833269792858;0.0020650654466895413;1.2677387513669982;3.4059493255516884;-0.0036066557267129176;True;False;False
2025-11-21;-0.010708822029576747;0.01376610255114928;1814.2857142857142;-0.48623853211009177;0.002443132182655215;-0.5000000000000004;0.8660254037844384;-0.9510565162951535;-0.30901699437494756;-0.433883739117558;-0.9009688679024191;1.0;0.0018041237113402063;0.0;0.005702319587628866;1.4881266965263589;2.9771892907779596;-0.0020752436271836146;1.0;0.0012194730592728089;0.00016045698148326433;0.005840634125990822;1.6355786351436983;3.096418012156117;-0.002836350727724447;-1.0;0.0011501964919006997;0.0005111984408447554;0.0038978881114412603;1.6289346677430974;3.3068477860654464;-0.0037109381949113835;1.0;0.0012488392199558104;0.000736494924589324;0.003202151846040539;1.502702623689833;3.4266345954761217;-0.001972260423662923;False;False;True
2025-11-24;0.001981590386090514;0.010728092783505155;1883.2142857142858;1.0360360360360361;0.009957829830964953;-0.5000000000000004;0.8660254037844384;-0.9510565162951536;0.30901699437494723;0.0;1.0;-1.0;0.0007017543859649122;0.0008931419457735247;0.005103668261562998;1.7254154552404828;3.076484779366611;0.0004232465500071962;-1.0;0.002208777489676366;0.00016005633983162074;0.002720957777137552;1.5188962752116981;3.033272191191639;0.00014943853806419262;1.0;0.00035224798257973614;0.0013449468425771743;0.0026898936851543487;1.8860103426477632;3.114802302672449;-0.00035900771688872997;-1.0;0.0032630602386512684;0.0003518986531878819;0.004222783838254583;1.9770671560009414;3.2959675870883656;-0.00036278275714907854;True;False;False
2025-11-25;-0.0005733397037744864;0.008963317384370015;1893.5714285714287;0.6797153024911032;0.008177363643666159;-0.5000000000000004;0.8660254037844384;-0.8660254037844386;0.5000000000000001;0.7818314824680298;0.6234898018587336;-1.0;0.0017210058322975428;0.0004143162188864455;0.004461866972623259;2.0399125029304335;2.8866050873351683;1.0648266462157969e-05;1.0;0.0029390154298310064;0.0005111331182314794;0.004344631504967575;2.194146660635031;3.019770856737125;0.0005142226903420441;1.0;0.0006064281382656155;0.00044684178609045354;0.0067983786026619;2.5434842031649834;3.0901017078712125;0.0011248276615925803;-1.0;0.0013329101872421453;0.0013329101872421453;0.00856870834655665;2.3777698471774413;3.503247522325163;0.0013904851090395928;False;False;True
2025-11-26;0.0012714558169103624;0.010995315039678745;1909.642857142857;0.8492753623188406;0.009693053311793215;-0.5000000000000004;0.8660254037844384;-0.743144825477394;0.6691306063588585;0.9749279121818236;-0.22252093395631434;1.0;0.0003492063492063492;0.0005396825396825396;0.0033015873015873015;1.5594710436024937;2.9738710792603738;0.001622188441291455;1.0;0.00019002375296912113;0.0025019794140934285;0.002977038796516231;1.5205054706714416;3.031959528248731;0.0023746200607902735;1.0;0.00031660598385309483;0.0025961690675953774;0.006078834889979421;2.4660008244221383;3.2091132122281336;0.003692599021619063;1.0;0.0003471674293829888;0.0003787281047814423;0.0038188417232128766;1.977411723258216;3.4337635964614224;0.00460064255174857;False;True;False
2025-11-27;-0.0020606325517499766;0.017333333333333333;1864.642857142857;0.8791208791208791;0.021335472099644356;-0.5000000000000004;0.8660254037844384;-0.5877852522924734;0.8090169943749473;0.43388373911755823;-0.900968867902419;1.0;0.0005631511435096831;0.0008760128899039514;0.0016581672558896223;1.1607416218979871;2.8129408829832316;0.0009870364577903097;-1.0;0.0005317651474866276;0.00018768181675998623;0.0015014545340798898;0.9682395156944361;2.9750165961724484;0.0004904416061441463;1.0;0.0005947908840470824;0.0006260956674179815;0.002253944402704733;1.5237782145869392;2.983067667602076;-0.00018763486255746317;-1.0;9.381743127873159e-05;0.00012508990837164211;0.00234543578196829;1.185535137036207;3.168199783372047;-0.0007347282724135447;False;False;True
2025-11-28;-0.00078315894994048;0.0043487782748803305;1846.4285714285713;0.28776978417266186;0.016525672874217814;-0.5000000000000004;0.8660254037844384;-0.40673664307580015;0.913545457642601;-0.433883739117558;-0.9009688679024191;1.0;0.0005956673041351852;0.00012540364297582846;0.003918863842994639;1.452174746977084;2.5921156617544514;0.0007708574226276692;1.0;0.00021875;0.0005;0.0021875;1.0943101314319625;2.9338436035446045;0.0018202431844893873;-1.0;3.120416887696196e-05;0.0004992667020313914;0.0031516210565731583;2.3690940931089353;3.0337251463866726;0.0021483173252407036;-1.0;0.0008447267152645247;0.0014704502080530614;0.0023464630979570127;1.6310539277513922;2.8709175580072737;0.0014426854111480008;False;True;False
2025-12-01;-0.0006246096189881324;0.008621500454588206;1812.5;0.3890909090909091;0.017104842849355647;-2.4492935982947064e-16;1.0;0.20129852008866006;0.9795299412524945;0.0;1.0;1.0;0.00140625;0.00096875;0.00309375;1.8566591621890463;2.8829012591587793;-0.0013878913419868156;1.0;0.0012803297629828561;0.00021859288636292664;0.0017487430909034131;1.445212185494309;3.065704023384717;-0.0015922075489369673;-1.0;0.000561955605507165;0.0007804938965377291;0.007492741406762199;2.875726421975375;3.216867280665324;-0.002586333270507363;1.0;0.0003455425017277125;0.0014135829616133693;0.003424012062574606;2.3044890410572725;3.4708970690730347;-0.0030733527769937594;False;True;False
2025-12-02;0.0020978145156240217;0.00884375;1792.142857142857;0.7632508833922261;0.014855802007198009;-2.4492935982947064e-16;1.0;0.39435585511331855;0.9189578116202306;0.7818314824680298;0.6234898018587336;1.0;0.00037494141540384316;0.00021871582565224183;0.0025620996719262616;1.8541606952005607;3.1935370143555164;0.001188446772829999;-1.0;0.000873144567793439;0.0016215541973306723;0.003118373456405139;1.9764726053336295;3.0751775852995453;0.002305569423642274;1.0;0.0001560159760359461;0.0030891163255117324;0.004462056914628058;3.144781538410596;3.13637186941437;0.0033069813666317324;1.0;0.0004986598516486941;0.001869974443682603;0.005547590849591722;3.0389383140051627;3.396073686874207;0.0035969236292339073;False;True;False
2025-12-03;0.0006778825414432736;0.01674738322137166;1788.5714285714287;0.9832089552238806;0.0267727289972557;-2.4492935982947064e-16;1.0;0.5712682150947923;0.8207634412072763;0.9749279121818236;-0.22252093395631434;-1.0;0.0012624707476290183;0.001139302869811553;0.002986821037073531;2.143122227456497;3.031345585353256;0.0030467661487163815;1.0;0.0004929751047572097;0.0010475720976090707;0.002896228740448607;1.4938964787892257;3.071718471070041;0.0029811965811965416;1.0;0.0014153846153846154;0.0007076923076923077;0.002523076923076923;2.3501488957586605;2.9771456251513753;0.0027612886469343093;-1.0;0.0020915354330708663;0.0008612204724409449;0.0037524606299212597;1.9214657685621883;3.2343450583000424;0.002435237059382885;False;True;False
2025-12-04;3.074085459575776e-05;0.005727306318512132;1743.5714285714287;0.7365591397849462;0.025399367064667836;-2.4492935982947064e-16;1.0;0.7247927872291199;0.6889669190756866;0.43388373911755823;-0.900968867902419;1.0;0.0007684977406166426;3.07399096246657e-05;0.004979865359195844;2.0188703273559216;3.267406940458338;0.0017482814801209907;1.0;0.0002448879637565814;6.122199093914534e-05;0.0015611607689482061;1.4573994438198137;3.240468542561306;0.0026122609815171297;1.0;0.0005503240797358445;0.0016203986792222085;0.005625535037299743;2.495216027287888;3.256571557957521;0.004329883644956174;1.0;0.001279707495429616;0.0005179768433881779;0.003747714808043876;1.8180509784593089;3.4420213394560464;0.0052710538052955;True;False;False
2025-12-05;-0.0001210140981424336;0.017552488395684115;1817.5;0.9106830122591943;0.03869573757611471;-2.4492935982947064e-16;1.0;0.8486442574947509;0.5289640103269624;-0.433883739117558;-0.9009688679024191;-1.0;0.0005748865355521937;0.0015431164901664146;0.002329803328290469;1.3798270973586926;3.406499379322575;0.0015131797960233635;-1.0;0.00021184517144327088;0.00027237236328420545;0.0010894894531368218;0.806099835779131;3.3661408669382182;0.0007368601681655632;-1.0;0.002028888956182055;0.00039366502134875693;0.0029070647730369743;2.133385440439178;3.421257891372683;7.069207541828682e-05;1.0;0.0006968007755695589;0.00030295685894328646;0.0016662627241880756;1.4787606629360939;3.6537374543037555;-0.00024220405691795338;False;True;False
2025-12-08;0.011147955155534501;0.05034795763993949;2253.9285714285716;0.3155048076923077;0.005448350578592849;-2.4492935982947064e-16;1.0;0.9987165071710528;-0.05064916883871264;0.0;1.0;-1.0;9.369729527140983e-05;0.0003435567493285027;0.004716097195327628;1.5312672357654562;2.8061865362575773;-0.002286279881085524;1.0;0.003763879304936955;0.0006586788783639672;0.004485289505049872;1.5321168495205033;2.922854297918276;0.0014531844603353217;-1.0;0.002320913310751474;0.0002509095471082675;0.0042340986074520135;1.8299723335091373;3.0901348531193533;0.003979349271674241;1.0;0.00037699098363230815;0.001382300273318463;0.003958405328139235;1.4638367426778163;3.4353209858615728;0.0033436778366405006;False;False;True
2025-12-09;-0.002486466070754123;0.012461740271097508;2301.0714285714284;0.17794486215538846;-0.005575654127458763;-2.4492935982947064e-16;1.0;0.9680771188662043;-0.2506525322587204;0.7818314824680298;0.6234898018587336;1.0;0.001041239390401666;0.002871296500804594;0.004133404852806614;1.5676618967767038;2.940695271389015;-0.0024780932351910474;-1.0;6.309148264984228e-05;0.0008201892744479495;0.007854889589905363;2.0039920720249302;3.244688558386099;-0.0034838040174932053;-1.0;0.0017154293338416087;0.001238921185552273;0.005749864989357985;2.054417824143861;3.302413154139422;-0.005939423543195304;-1.0;0.00012742099898063202;0.006498470948012232;0.008600917431192661;2.1856877952756446;3.7298227879166808;-0.007972479341773865;True;False;False
2025-12-10;0.006889577144301877;0.023885400561638216;2448.5714285714284;0.9696169088507266;-0.00045804496370150527;-2.4492935982947064e-16;1.0;0.8978045395707416;-0.4403941515576344;0.9749279121818236;-0.22252093395631434;1.0;0.005618330194601381;0.00025109855618330194;0.0064030131826741995;1.6298982027238045;3.041560304166343;0.0005472423516781315;-1.0;6.273919317397578e-05;0.001160675073718552;0.004360373925591317;1.5657405640322013;3.187812818046203;0.0010419507555891625;-1.0;0.0011643275221851596;0.0009125810309018818;0.005255208005538423;1.822102060539922;3.1647815004444184;0.0013118526235298862;1.0;0.0005998042743946712;0.002651766265744862;0.006061180035988257;1.7617482053477689;3.4503157558241946;-0.00012242299593569905;False;False;True
2025-12-11;-0.005797192278766608;0.0145323289391086;2458.214285714286;0.2894168466522678;-0.004544762854995867;-2.4492935982947064e-16;1.0;0.7907757369376989;-0.6121059825476626;0.43388373911755823;-0.900968867902419;-1.0;0.002553030541809815;0.0005988590159800801;0.006240741324423992;1.4057747971560852;3.07106980346597;0.0005374814252742736;1.0;0.0005691159731883141;0.00044264575692424434;0.005817629948147211;1.3246579192734955;3.1994318061356455;-0.0009020348227395464;-1.0;0.001038388923851479;0.0011642542479546884;0.0038074260541220892;1.4029959706819248;3.0481752182039608;-0.00271395603741393;1.0;0.0015759447788949476;0.001891133734673937;0.004570239858795348;1.343586231016854;3.229927352412747;-0.0012663630194013227;True;False;False
2025-12-12;0.0015677421377731792;0.013994389636587133;2484.285714285714;0.75;0.0022795482321342564;-2.4492935982947064e-16;1.0;0.6513724827222223;-0.7587581226927909;-0.433883739117558;-0.9009688679024191;1.0;0.0016592054597251353;0.0007826440847760073;0.004539335691700842;1.5063282591586808;2.9235617104263434;-0.0010968794473949516;-1.0;0.0;0.0015932521087160263;0.0029053420805998124;1.1863152892673712;3.0686049846086694;-0.000636052719385992;1.0;0.002565065065065065;0.0011886886886886888;0.006193693693693694;1.8597228161354975;2.993032294098938;0.0007662596129175623;1.0;0.0005305039787798408;0.00021844281479169918;0.008862537057263224;1.9353376116137135;3.353523614271397;0.002806583088273109;False;False;True
2025-12-15;0.0033844625225113332;0.01296058604389068;2537.1428571428573;0.9830917874396136;0.013319117912214549;-2.4492935982947064e-16;1.0;0.10116832198743272;-0.994869323391895;0.0;1.0;1.0;0.0004332353396255609;0.0014234875444839859;0.006529475475785239;1.597655523199667;2.9631142492330134;0.002539408748981821;1.0;0.0002772130844575864;0.0008624407072013799;0.004712622435778969;1.3825557504299135;3.152158453894873;0.005210784414025388;-1.0;9.207537904364372e-05;0.0019028911669019704;0.006997728807316923;2.023946630239708;3.2425569448135425;0.0065496570940908536;1.0;0.0004626916314506925;0.000987075480428144;0.0023134581572534624;1.2692986148212557;3.384545503269375;0.00528725477102833;True;False;False
2025-12-16;-0.009247027741083224;0.012099644128113879;2576.0714285714284;-0.04859335038363171;0.010189602408166718;-2.4492935982947064e-16;1.0;-0.10116832198743204;-0.9948693233918952;0.7818314824680298;0.6234898018587336;-1.0;0.00062015503875969;0.0019844961240310078;0.008992248062015503;2.0836332918438267;2.639671104584309;-0.0028745197575556236;1.0;0.0012482836100362001;0.0006865559855199101;0.004025714642366745;1.3338453316213301;2.908763890263968;-0.005871992636652742;1.0;0.001993086481268101;0.003456759365949363;0.007256080470866681;1.6934254820342713;2.7219708610536477;-0.008742025621630291;-1.0;0.0009947155735156978;0.0034815045073049427;0.005346596207646876;1.4387347576275833;2.6623932614659402;-0.006488568090210821;False;False;True
2025-12-17;0.024843735127074277;0.02496124031007752;2760.714285714286;1.0372670807453417;0.012153678144531159;-2.4492935982947064e-16;1.0;-0.2993631229733582;-0.9541392564000488;0.9749279121818236;-0.22252093395631434;-1.0;0.001176470588235294;0.0049845201238390095;0.006811145510835914;1.9774281687851236;2.5478203523960903;-0.001514572597939633;-1.0;0.0006195786864931846;0.0023234200743494425;0.004399008674101611;1.3379997150358693;2.941841124996719;0.002171687401110663;-1.0;0.0003412651630316756;0.0002171687401110663;0.007383737163776254;1.9693862399148487;3.0367947589553834;0.007326884564256902;-1.0;0.0008433810208033985;0.0013743987005685012;0.0037171237583557195;1.7280266526540873;3.156207844543483;0.004247568597190171;True;False;False
2025-12-18;0.001995759012099289;0.012879256965944273;2992.5;0.5048076923076923;0.006181383201918922;-2.4492935982947064e-16;1.0;-0.4853019625310808;-0.8743466161445822;0.43388373911755823;-0.900968867902419;-1.0;0.0026142163575252086;0.0023652433710942364;0.006037594920951077;1.6141575546955569;2.8256789804882914;-0.00030808426970195703;-1.0;0.0005607826032774627;0.002648140071032463;0.004579724593432612;1.6955472100978863;3.1000994822860624;-0.000637812580159849;1.0;0.0013727264218637882;0.0015287180607119458;0.004586154182135838;1.4908659536199251;2.9591114618715197;-0.00019033578693469975;-1.0;0.0033638572229489814;9.344047841524949e-05;0.0035507381797794803;1.673478971486107;3.083853549531209;-0.00016613192951846846;False;True;False
2025-12-19;-0.0007128909276880637;0.012386406074940869;3036.4285714285716;0.6809045226130653;0.008163182343385257;-2.4492935982947064e-16;1.0;-0.651372482722222;-0.7587581226927911;-0.433883739117558;-0.9009688679024191;1.0;0.004311414392059554;0.0007133995037220844;0.005552109181141439;1.735664977235344;2.800200336213243;-0.00032378846279703;-1.0;0.0012090398983166445;0.0004650153455064017;0.0020460675202281673;1.1006074083761372;3.071423408020165;-0.0001206044003376522;1.0;0.00034113816095518684;0.0014575903240812529;0.0028841680880756708;1.5720651750101131;3.085995000543419;0.000240947266969672;1.0;0.00024783147459727387;0.0009603469640644362;0.0052044609665427505;1.7848629183098847;3.2330815449623507;0.0014227872230277573;False;True;False
2025-12-22;0.0028155940594059405;0.01076302729528536;3059.285714285714;0.6138328530259366;0.011877722986336482;-2.4492935982947064e-16;1.0;-0.9680771188662041;-0.2506525322587213;0.0;1.0;-1.0;0.002221468020116627;0.0019437845176020487;0.006294159390330443;1.7812113017550293;3.003560181926588;-0.0008416987886409254;-1.0;0.0011440232514995981;0.0007729886834456744;0.003277472017809659;1.23967430154571;3.083368264463852;-0.0004885063402617868;-1.0;0.0005263483807046876;0.0013932751253947612;0.004272710384543935;1.9859427354360588;3.1087363707165108;-0.0010069034958861585;-1.0;0.00024827757432809884;0.001768977717087704;0.002731053317609087;1.354721951862972;3.1457479911487454;-0.001966934790935476;False;True;False
2025-12-23;0.001241888913036729;0.01397673629323378;3025.714285714286;0.48344370860927155;0.005542347117745644;-2.4492935982947064e-16;1.0;-0.9987165071710528;-0.05064916883871355;0.7818314824680298;0.6234898018587336;1.0;0.0016744705262178672;0.0021396012279450527;0.006728890818319948;2.0065846397015044;2.9630813748600158;0.0008657205577713879;1.0;0.0025661637397971803;0.0007420232500618352;0.003617363344051447;1.4699996598033664;3.2389701936326056;0.0018647874554407922;1.0;0.002349014032268035;0.0006490696668109044;0.005347097731346974;1.923042376945654;3.1721900141602584;0.0031760715386987357;1.0;0.0008942613093219032;0.002035215393629159;0.004440469949736347;1.6717048388528395;3.186499809285025;0.0037050721514051733;False;True;False
2025-12-26;-0.00284577723378213;0.01624856584700301;3146.4285714285716;0.7767175572519084;0.01415244808564604;-2.4492935982947064e-16;1.0;-0.848644257494751;0.5289640103269624;-0.433883739117558;-0.9009688679024191;-1.0;0.000245496670451407;0.0021480958664498112;0.004971307576640992;1.7375778207776271;2.9292234623604845;-0.0005059362041794234;-1.0;0.0015998523213241855;0.0011075900686090515;0.0031074054702642834;1.197643983071938;3.0712968060689696;-0.0016517902944494548;-1.0;0.002277623884272084;0.002092951677439212;0.004401354262850108;1.839035211220884;3.236132841469658;-0.0032045034045711596;-1.0;0.0014159074119674956;0.0005848313223344004;0.0035089879340064025;1.4174200442332274;3.092380827391108;-0.0031854660542350688;True;False;False
2025-12-29;-0.0012191405059433099;0.012397581857796054;3086.785714285714;0.8663366336633663;0.018609754657101206;-2.4492935982947064e-16;1.0;-0.3943558551133187;0.9189578116202306;0.0;1.0;-1.0;0.002960024412572475;0.000823924321025328;0.004424778761061947;2.0826667071360574;2.932182566749119;0.0018864019596865611;-1.0;0.0010382313423720532;0.00012214486380847684;0.002015390252839868;1.3583909593940677;3.0628839414890314;0.0011647650095083252;-1.0;0.0017726161369193154;0.0022310513447432764;0.0050427872860635695;2.3667972032868723;3.102460398957565;-0.00021075961845724213;-1.0;0.0003365355197944074;0.000581288625099431;0.002263966224071468;1.3925114496799256;3.2034826383741244;-0.0012322229710869123;False;True;False
2025-12-30;0.0026995521197619487;0.012084223375038144;2633.9285714285716;0.5429292929292929;0.014932417536352938;-2.4492935982947064e-16;1.0;-0.20129852008866114;0.9795299412524943;0.7818314824680298;0.6234898018587336;1.0;0.001070794835709478;0.002202777947745212;0.008168634889555161;1.9467027991175199;2.8213166005188355;0.0023713355930370036;1.0;0.002192047737928515;0.0005480119344821288;0.003592522681605066;1.8308448861609723;3.0249179923541742;0.004360081928981481;1.0;0.001155928697450873;0.0013688629311918233;0.003954492912331934;2.082103402265234;3.0336549955675354;0.00635528149880681;-1.0;0.0008808966920810425;3.0375748002794568e-05;0.005103125664469487;1.7062522454052504;3.1357596267080274;0.00480601395709838;False;True;False
2026-01-02;0.001221224888563229;0.010554977666279141;2620.3571428571427;0.5217391304347826;0.017126835350383663;0.49999999999999994;0.8660254037844387;0.39435585511331855;0.9189578116202306;-0.433883739117558;-0.9009688679024191;1.0;0.0025309507836799414;6.0986765871805816e-05;0.00481795450387266;1.5552592213308274;2.9016896737181788;-0.001355631957755688;1.0;0.00027383089420999785;0.0011866005415766573;0.004077037758237746;1.309155160099988;3.125246863589219;-0.00015847486487496765;-1.0;0.0016994416120417577;0.000333818888079631;0.005067977664481671;1.8426023457987293;3.1786531067219417;0.0009943585372783577;-1.0;0.00030439547059539756;0.0007001095823694144;0.005905272129550713;1.9395107021775901;3.317375304335982;-0.00019033441076213054;False;True;False
2026-01-05;0.0028272894898586356;0.015307678233823261;2529.285714285714;0.250996015936255;0.011158314199040032;0.49999999999999994;0.8660254037844387;0.8486442574947509;0.5289640103269624;0.0;1.0;1.0;0.0012870801667075264;0.002237067908801177;0.004504780583476343;2.190442806721776;3.0593984579501123;0.0005000408196586882;-1.0;0.0022961761013991365;0.0005816979456877813;0.0037351131249425957;1.7605477132051666;3.1379302410602663;0.0009192584648383637;-1.0;0.0007966906695265819;0.0009192584648383637;0.004535008426535927;2.108370618909953;3.188540566025822;0.0010003858143243156;1.0;0.0004609427816360396;0.0007682379693933993;0.004824534447790548;2.064095310843033;3.2704199708950106;0.0005205303285464956;False;True;False
2026-01-06;0.0009427076997932125;0.012441774944839421;2508.9285714285716;0.9901477832512315;0.01924851517647569;0.49999999999999994;0.8660254037844387;0.9377521321470804;0.3473052528448203;0.7818314824680298;0.6234898018587336;1.0;0.0014583016861613245;0.0003038128512836093;0.005833206744645298;2.388237056202958;3.211232951165233;0.0011229117707377654;1.0;0.0013010983690883234;0.0005446458289206935;0.003237616871917456;1.5945936767042215;3.349737037704401;0.0025885078309914726;1.0;0.0006345369391146699;0.0004532406707961928;0.005438888049554313;2.4883135972028945;3.2557069048090477;0.005004161777831379;-1.0;0.001624646488958421;6.0172092183645224e-05;0.002406883687345809;1.8222276772096697;3.441679151105918;0.005613429410623346;False;True;False
2026-01-07;0.00030084235860409147;0.012942427464681756;2510.0;0.8098591549295775;0.02849153543733316;0.49999999999999994;0.8660254037844387;0.9884683243281114;0.1514277775045767;0.9749279121818236;-0.22252093395631434;-1.0;6.015037593984962e-05;0.0018345864661654136;0.0035789473684210526;1.7683995521177027;3.125858886547434;0.0001405876564038262;-1.0;0.0003313851900945954;0.00021088148460565162;0.002771585226245707;1.7068177749091051;3.1447369883661733;-0.0002516103059580735;-1.0;0.0006340388273300927;3.0192325110956794e-05;0.0036230790133148154;1.804663608192723;3.1601331842485445;-0.0018337387746587591;-1.0;0.0027859370741604335;0.0006359204191018381;0.00399721406292584;1.8885040860018982;3.3949523947210807;-0.002955870668875173;False;False;True
2026-01-08;-0.001218769043266301;0.013533834586466165;2517.5;-0.04888888888888889;0.01432054757219066;0.49999999999999994;0.8660254037844387;0.9987165071710528;-0.05064916883871264;0.43388373911755823;-0.900968867902419;1.0;0.0010982306284319707;0.0009456985967053081;0.0037217815741305673;1.8135462706339591;2.8925533925533924;-0.000801989746713483;1.0;0.0011268463529770063;0.0013095781940003046;0.003471904979442668;1.5969231427551818;3.0521557619970365;-0.0005408676192698595;1.0;0.0001825372680255552;0.0018253726802555522;0.0037115911165196227;2.1076565133851286;2.95568425924827;0.0002868384998008807;-1.0;0.0014881404318644275;0.0013362893673884654;0.004464421295593282;1.944188812421434;3.1649455650848908;0.0007368424610537216;True;False;False
2026-01-09;0.001364256480218281;0.008145210494203782;2450.714285714286;1.0524344569288389;0.01997331949899948;0.49999999999999994;0.8660254037844387;0.9680771188662043;-0.2506525322587204;-0.433883739117558;-0.9009688679024191;-1.0;0.0032697547683923707;0.0011504692703602785;0.006872540115046927;2.10539966372855;3.0923596024070905;0.0006710707794199091;1.0;6.069986949528059e-05;0.0014264469331390938;0.0027921939967829068;1.6212111443876382;3.3812798502733212;0.0005220120702660945;1.0;0.00027280167318359554;0.001273074474856779;0.003728289533509139;1.9896174850168544;3.2612148210564578;0.0008300651617954752;1.0;0.001965884345511735;0.003417614323735785;0.008649891120251633;2.2822816880024597;3.183205366441363;0.0022374961480231765;False;True;False
2026-01-12;0.001694710083524997;0.011656070239176506;2200.3571428571427;0.5142857142857142;0.020131415116436752;0.49999999999999994;0.8660254037844387;0.6513724827222223;-0.7587581226927909;0.0;1.0;1.0;0.0017522658610271903;0.002205438066465257;0.0040181268882175224;1.886267928488953;3.137770181563782;-0.0020643264253921633;-1.0;0.0007250317201377561;3.0209655005739834e-05;0.004259561355809316;1.9078356182137186;3.1672980247665055;-0.002263586572081144;1.0;0.0017280058206511854;0.0010913720972533802;0.0030012732674467957;2.271887480857187;3.1357386554227507;-0.00212172647914646;-1.0;0.0009092837874700694;0.000606189191646713;0.0030309459582335647;1.4800422277796341;3.2075331812943726;-0.0028399221551029417;False;True;False
2026-01-13;0.0007861872940038099;0.009154078549848942;2015.357142857143;0.7920792079207921;0.017797698215617386;0.49999999999999994;0.8660254037844387;0.48530196253108104;-0.8743466161445821;0.7818314824680298;0.6234898018587336;-1.0;0.0012387829712662778;0.00021149953167960844;0.006737770794936097;2.0016095687813347;3.239825540718288;-0.0011542433631006623;-1.0;0.00039487272948180547;0.00039487272948180547;0.0018528643460300103;1.5130272572173695;3.322805151497729;-0.0019629505748641166;-1.0;0.00012162860704837777;0.002128500623346611;0.0043482227019795055;2.310491107087401;3.0443752367886536;-0.0036599156289568707;1.0;0.002620193772469685;0.0018889769057339589;0.00572786545609652;2.2643549703131582;3.180043044077135;-0.003570486681678881;False;True;False
2026-01-14;0.0012511825200646953;0.012418043931474151;2020.0;0.20194647201946472;0.007644090648043217;0.49999999999999994;0.8660254037844387;0.29936312297335804;-0.9541392564000488;0.9749279121818236;-0.22252093395631434;1.0;0.0006095702529716549;0.0005790917403230723;0.004937519049070405;2.068336551347454;3.234534148930792;0.0007085091954371419;1.0;0.0003340216203085145;0.0005465808332321147;0.002672172962468116;1.7994741662496447;3.3965813839343153;0.0023373377924619564;1.0;0.0010003031221582298;0.0010306153379812065;0.003455592603819339;2.4476035701932095;3.267804747932782;0.0042477626095992795;-1.0;0.0016042618881859734;0.0003934981989890123;0.0029966401307624786;1.8801446936722646;3.3478168885955224;0.004241910071506484;False;True;False
2026-01-15;-0.0015544661006815735;0.02127400182871076;2145.3571428571427;0.9097421203438395;0.023314097683602923;0.49999999999999994;0.8660254037844387;0.10116832198743272;-0.994869323391895;0.43388373911755823;-0.900968867902419;1.0;0.002035928143712575;0.0011676646706586826;0.003772455089820359;1.7365869279186184;2.961110891167505;0.0034178827081067353;1.0;0.0013764624913971094;0.00017953858583440556;0.002872617373350489;1.5183825514225557;3.0825490286985953;0.0026662947799726507;-1.0;0.002898637341620846;0.0005677743246473823;0.0038548888357638057;2.1776258243542226;3.0901371837519553;0.0018102763910064334;-1.0;0.0004782829641586704;0.0014348488924760111;0.0027800197291722715;1.8510852570205796;3.2661462964164283;0.0013263922131800919;False;False;True
2026-01-16;-0.0009547678720611051;0.008383233532934131;2083.5714285714284;0.5678571428571428;0.023833075214305045;0.49999999999999994;0.8660254037844387;-0.10116832198743204;-0.9948693233918952;-0.433883739117558;-0.9009688679024191;1.0;0.0017919006092462072;2.9865010154103452e-05;0.003434476167721897;1.5466678862414893;3.1945247101574257;-0.0005002617263335676;-1.0;0.0003578030890333353;0.00032798616494722407;0.0013715785079611187;0.912067210919906;3.357893368119492;-7.293583304322833e-05;-1.0;0.00032821124869461435;0.0005370729524093689;0.0024466656720871253;1.0810268533025884;2.9770177208253945;-0.00016934632319253503;-1.0;0.00026897788404064553;0.00014943215780035862;0.003945008965929468;0.9795756628689419;3.468315362862972;-0.0012963296209651187;False;False;True
2026-01-19;-0.0044439106413644005;0.013051009437343209;2052.5;-0.011441647597254004;0.012638124499880887;0.49999999999999994;0.8660254037844387;-0.651372482722222;-0.7587581226927911;0.0;1.0;1.0;0.0005428881650380022;0.0010857763300760044;0.0041923030522379055;1.5366515833241685;2.4286924865458515;-0.00011030554636348506;1.0;0.0009024727754046087;0.0011130497563323506;0.00315865471391613;0.9533309326688044;2.690232886167882;0.00012686965811973587;-1.0;0.002103428588599417;0.001021665314462574;0.0050482286126386005;1.7271650045720068;2.7686533710032215;-0.000565340291367786;1.0;0.0012343820562998645;0.00048171007075116664;0.002830046665663104;1.3034284570506203;3.127630568415598;-0.0003876124410227233;False;True;False
2026-01-20;-0.004353700645548716;0.007570273856918808;1997.857142857143;0.1593625498007968;0.010002558510703103;0.49999999999999994;0.8660254037844387;-0.7907757369376986;-0.6121059825476627;0.7818314824680298;0.6234898018587336;-1.0;0.0018697225572979494;0.0003618817852834741;0.007237635705669481;3.1075585444938154;3.027366831599768;-0.0015895145918786385;1.0;0.0006061708189367764;0.0004546281142025823;0.005758622779899376;2.6474212833003206;3.2897206546438826;-0.0026211616908170207;-1.0;0.0026546803825153098;0.0015385079489577363;0.004917192072159039;2.928069566064308;3.210245398072257;-0.003944654088050373;1.0;0.0011471698113207547;0.0037132075471698112;0.006067924528301887;2.5652268018144224;3.501987725744664;-0.0018359381543462511;True;False;False
2026-01-21;0.0005963207012731447;0.019209891435464414;2083.9285714285716;0.9105180533751962;0.019870749715470072;0.49999999999999994;0.8660254037844387;-0.8978045395707417;-0.44039415155763423;0.9749279121818236;-0.22252093395631434;1.0;0.0004171757203730743;0.0;0.009595041568580709;2.666930849955536;3.0790368262979815;0.0030085005725008886;1.0;0.0006496190869899013;0.0012401818933443572;0.004192995925116636;1.665656436798318;3.305095265357225;0.005401052714274434;1.0;0.0005303007983973131;0.0;0.00418348407624547;2.30302003352617;3.4542723670751636;0.008740945130999947;1.0;0.0005283860740914696;0.0025245112428814655;0.0038161216462161687;2.0643837551521242;3.404576294292216;0.00888771559310102;True;False;False
2026-01-22;0.0010080354828489963;0.03674126165857147;2402.5;0.9708029197080292;0.052317651208593906;0.49999999999999994;0.8660254037844387;-0.9680771188662041;-0.2506525322587213;0.43388373911755823;-0.900968867902419;1.0;0.0017838646564621937;0.0024743929105765913;0.006099666244677178;2.165122000947746;2.945485229064065;0.0049939370732019935;1.0;0.0009477311889718553;0.0004595060310166571;0.0036186099942561744;1.5069342796242544;3.2857990024189467;0.00440980281654278;1.0;0.0013468206436083332;0.002378427945095567;0.00441298678969539;1.8711739034360728;3.287393602163974;0.004651769549681962;-1.0;0.0007445163507244717;0.0018612908768111793;0.002777618693087452;1.3821855506966665;3.358618268203584;0.004210104250200481;True;False;False
2026-01-23;0.006483987370320253;0.03659799746806307;2677.5;0.8113207547169812;0.07582644908266073;0.49999999999999994;0.8660254037844387;-0.9987165071710528;-0.05064916883871355;-0.433883739117558;-0.9009688679024191;-1.0;0.0026889249901966275;0.0022127611898493083;0.008066774970589883;1.8308895977885786;2.6096365518552687;-0.00016546935538755222;1.0;0.0011239427913119222;0.00101154851218073;0.0024164770013206326;0.9930859942930231;3.0069516392173674;0.0011329906270774852;1.0;0.0011235955056179776;0.00199438202247191;0.004101123595505618;1.595841156178562;2.986009749906251;0.0024788363500305097;-1.0;0.00039287217623123333;0.0007015574575557738;0.003311351199663252;1.1756587424153813;3.3721812825420403;0.0020749740628243055;False;True;False
2026-01-26;0.0026575130107407818;0.02840177020895188;2894.6428571428573;0.7731755424063116;0.08503537898350579;0.49999999999999994;0.8660254037844387;-0.848644257494751;0.5289640103269624;0.0;1.0;1.0;0.008696852567642186;0.0;0.012617338487023743;1.7517696727271876;2.2785257691260883;0.0052282908286427196;-1.0;0.0001100019250336881;0.0030800539009432663;0.006077606358111267;1.6582897562476515;2.7544338777904716;0.004906196946574207;-1.0;0.00016548072149594572;0.0015996469744608086;0.006922610182580396;1.7392277468922634;2.895171988792117;0.0034869501199793515;-1.0;0.000776289888824198;0.001164434833236297;0.006903435082758047;1.6538463601264473;3.129472473970977;-0.0010866536639732515;False;True;False
2026-01-27;0.008956884561891516;0.023467697404748758;3038.5714285714284;0.5235294117647059;0.08129700789091636;0.49999999999999994;0.8660254037844387;-0.72479278722912;0.6889669190756865;0.7818314824680298;0.6234898018587336;1.0;0.0015990295544772827;0.0004962505513895015;0.00523820026466696;1.7825078869218047;2.558106186074863;0.00291626205439198;1.0;0.0031606431221657275;0.00010993541294489487;0.005414319087536073;1.518709819809929;2.7756906769204703;0.00503097508280843;-1.0;0.0025778850372970602;0.0023859148749451513;0.005018648530057042;1.8569162041432685;2.7896083959481146;0.008163750388532407;1.0;0.00035653557127968843;0.0003839613844550491;0.006006253085403982;1.688902460219844;3.0189717542898804;0.008545376281503219;True;False;False
2026-01-28;0.007045522816024468;0.019381340979267754;3237.5;0.8862019914651493;0.09312634965992646;0.49999999999999994;0.8660254037844387;-0.5712682150947924;0.8207634412072763;0.9749279121818236;-0.22252093395631434;-1.0;0.000949101065704911;0.002576131464056187;0.005884426607370448;1.467283085559506;2.53844574151871;0.00010872519706441967;1.0;0.000570822800293566;0.0020386528581913073;0.004403490173693223;1.3452025150200155;2.7371327353428834;0.0010551862403715485;1.0;0.00010853638682368264;0.0018179844792966843;0.008113094915070278;1.8849804394794025;2.763176113673384;0.004179925570357586;1.0;0.0019415904862066175;0.000808996035919424;0.003397783350861581;1.4640349695390067;2.815944856093424;0.005722190781613637;False;True;False
2026-01-29;0.007514761137949544;0.016188952463595196;3382.5;1.4154103852596316;0.10514315489814813;0.49999999999999994;0.8660254037844387;-0.3943558551133187;0.9189578116202306;0.43388373911755823;-0.900968867902419;-1.0;0.005753862546616942;0.00010655301012253596;0.007991475759190196;1.4721205970515694;2.4266767228994786;0.006466156492851704;1.0;8.00854244527496e-05;0.0010945008008542445;0.004111051788574479;1.448108840170049;2.796338614115165;0.007857924466921075;-1.0;0.0005323254637885603;0.0023422320406696656;0.006600835750978148;1.927670902219086;3.016652576743375;0.008059273507698661;1.0;0.002831877320937191;0.0008549063610376426;0.00451497421923005;1.355514714651765;2.8412879549774024;0.006320478825951124;False;False;True
2026-01-30;-0.005644811115935736;0.03268513585508791;3683.214285714286;0.09046454767726161;0.07218678992132713;0.49999999999999994;0.8660254037844387;-0.20129852008866114;0.9795299412524943;-0.433883739117558;-0.9009688679024191;1.0;0.0007641921397379913;0.0022379912663755457;0.007368995633187773;1.6106258107652252;2.4132725921033384;-0.0005887681159419235;-1.0;0.001086926985679737;0.0029075296866932963;0.007037852232276297;1.4857635362155546;2.6369877769262553;-0.0017504489689614002;1.0;0.0014172799127827745;0.001253747615153993;0.007467974925047697;1.6611822496699407;2.648806836731028;-0.0016064184403576415;-1.0;0.0006510240065102401;0.0014919300149193002;0.00482842804828428;1.3363923703918088;2.842598337390573;-0.0017407387259968448;False;True;False
2026-02-02;-0.01026300665042831;0.02019650655021834;3839.285714285714;-0.06621621621621622;0.05210178889887732;0.8660254037844386;0.5000000000000001;0.4338837391175581;0.9009688679024191;0.0;1.0;1.0;0.0002488662758544409;0.0;0.01119898241344984;1.273343504893852;2.545398257827586;0.0012399708242158477;1.0;0.0003829216925138809;0.0018599053636388502;0.00352834988102076;1.135179841312447;2.8227120004970536;0.00219442016317011;1.0;0.0002458479020979021;0.0036877185314685315;0.005681818181818182;1.562217718340157;2.7898785077127126;0.002375412061275812;1.0;0.0010089441535776613;0.0006271815008726003;0.0035176701570680626;1.2171754180144454;2.8086788805545764;0.0032388884352630575;False;False;True
2026-02-03;0.004601018213498135;0.017918371861519743;3923.9285714285716;1.1358024691358024;0.0675399857372029;0.8660254037844386;0.5000000000000001;0.6234898018587335;0.7818314824680298;0.7818314824680298;0.6234898018587336;1.0;0.004037940379403794;5.4200542005420054e-05;0.008211382113821138;1.788922244718014;2.496121491483156;0.004399222714023534;1.0;0.001727302169923351;0.00021591277124041888;0.005073950124149844;1.4869882258702036;2.694987996704905;0.00649603003778637;1.0;0.0013990905911157748;0.0036591600075335648;0.005999946188823419;1.853661036692278;2.6506556103211674;0.008936198173335944;1.0;5.376199564527835e-05;0.0008601919303244536;0.0068277734469503505;1.6008796641174723;2.8793156429790705;0.00968855871183443;True;False;False
2026-02-04;0.0038344997720751884;0.020731707317073172;4007.5;0.7032679738562092;0.07673413272511297;0.8660254037844386;0.5000000000000001;0.7818314824680298;0.6234898018587336;0.9749279121818236;-0.22252093395631434;-1.0;0.0013623250347259322;0.00040068383374292126;0.011539694411796132;1.7179185921606146;2.4805351395288917;0.00042262386476041563;-1.0;0.0025627883136852894;0.00045860422455420974;0.003911624268256495;1.5095811522027283;2.791891074239732;-0.0015570435972207745;1.0;0.002403132172269475;0.0014310787093290132;0.004158228702578642;1.5985452264364117;2.713669871033388;-0.003482063324965584;-1.0;0.0005398693516169087;5.398693516169087e-05;0.003347189980024834;1.239956144196824;2.9454321669312353;-0.00395192724122997;False;False;True
2026-02-05;-8.224360555966774e-05;0.03472593225771984;4371.785714285715;0.22076923076923077;0.04357678403591319;0.8660254037844386;0.5000000000000001;0.9009688679024191;0.4338837391175582;0.43388373911755823;-0.900968867902419;1.0;0.0016175906124910894;0.001891758512913308;0.005291440478148818;1.5120372035919227;2.496345224989338;0.0026303705933689095;1.0;0.002599961684775172;0.002599961684775172;0.005336763458222721;1.5315744938987783;2.8053928630897653;0.0034144532010117992;1.0;0.003447898423817863;0.0007935639229422067;0.006211690017513135;1.497071905025449;2.7782270516656946;0.003914500036413901;1.0;0.002184837229626393;5.462093074065982e-05;0.00294953025999563;1.3031104254381198;2.858811887441968;0.0036236498492926428;True;False;False
2026-02-06;0.004809268772543447;0.015600153534024237;4418.928571428572;0.6449912126537786;0.046695985084610675;0.8660254037844386;0.5000000000000001;0.9749279121818236;0.22252093395631445;-0.433883739117558;-0.9009688679024191;-1.0;0.004351136734471881;0.0014413140432938106;0.010497117371913412;1.661993478824043;2.6003375920550917;-0.002689812411389486;-1.0;0.002021968413574512;0.0001639433848844199;0.003388163287611345;1.339822336772614;2.8777847277052593;-0.0021095122588803525;-1.0;0.0014499097226021776;0.0011216282759752695;0.004459156316682169;1.5464799309440855;2.870211167827622;-0.0021439556590989394;-1.0;0.0011785342323082826;0.00082223318533136;0.0021652140547059147;1.1483805992150942;3.0082742374794496;-0.002394005847953323;False;True;False
2026-02-09;0.002181262951248773;0.014875448710975743;4524.642857142857;0.6782449725776966;0.04086019069410502;0.8660254037844386;0.5000000000000001;0.9009688679024191;-0.43388373911755806;0.0;1.0;1.0;0.000788986832081837;0.0004353030797692894;0.0035368375231254762;1.4004256521596004;2.4796145714605777;0.0028531014660598897;1.0;0.004207383279044517;0.0013029315960912053;0.0061074918566775245;1.5610131294614733;2.8657443491816057;0.0034211684420571973;-1.0;0.0007867393722362389;0.0019804129025257047;0.004720436233417433;1.6639441434182785;2.8451347845853503;0.003675615597657583;-1.0;0.0009785533719318274;0.0014134659816793062;0.0029356601157954822;1.1921126781361344;2.9444560420970793;0.00230568625140148;True;False;False
2026-02-10;-0.0044434926923282835;0.018935683969964087;4560.0;0.6839080459770115;0.04685250419042177;0.8660254037844386;0.5000000000000001;0.7818314824680299;-0.6234898018587335;0.7818314824680298;0.6234898018587336;1.0;0.0036298128629812863;0.0005915250591525059;0.0049741879974188;1.4647060689932703;2.656499846701729;0.0006657113857544603;-1.0;0.0009672219236969372;0.0017463729177861365;0.003976356797420742;1.491615751639308;2.8798813612238527;-0.0010312144118940418;-1.0;0.002770828289349797;0.0010491485755790492;0.003927581847039518;1.655271816489932;2.9776925398565814;-0.0025319785603893676;-1.0;0.001183750336292709;0.0018025289211729889;0.0032822168415388756;1.4687642510760417;2.928533211357976;-0.00274795099736571;True;False;False
2026-02-11;0.003676569250999651;0.010163476016347602;4247.5;0.8148148148148148;0.04609093439135828;0.8660254037844386;0.5000000000000001;0.6234898018587339;-0.7818314824680295;0.9749279121818236;-0.22252093395631434;1.0;0.004171122994652407;0.000427807486631016;0.008529411764705883;1.8357030612091967;2.5811456294312127;0.002186888729089206;1.0;0.0013050310277785177;0.0005859322981862733;0.005459823687644819;1.5459880177746952;2.7663446054750405;0.004788738208764199;1.0;0.0005838486239749475;0.0031846288580451684;0.004564634696531409;1.465151159629348;2.863243054600831;0.007189178518498756;1.0;0.0015381759355026917;0.003553716816506219;0.005993582093510489;1.6944617926349463;2.7613543614368474;0.007189351986787085;True;False;False
2026-02-12;0.004529176321887508;0.02157754010695187;4124.642857142857;0.9467162329615861;0.06030432190470102;0.8660254037844386;0.5000000000000001;0.43388373911755823;-0.900968867902419;0.43388373911755823;-0.900968867902419;-1.0;0.002542728321275034;0.0009961203732830031;0.01077382824787669;1.5065400527233945;2.575985312162135;-0.0013818476270948778;-1.0;0.00023764886060574053;0.0014522985925906366;0.00287819175622508;1.2955457325129114;2.93673565549754;-0.0025614362842725485;1.0;0.001929838475163243;0.0004229782959261903;0.004626325111692706;1.790580031757752;3.014079493563984;-0.0028251816292857966;-1.0;0.0013715612059188142;0.0006066520718487063;0.005090602168121752;1.4701405125559353;3.011871437938165;-0.0030133321573987985;True;False;False
2026-02-13;-0.0037499002686098774;0.02152144280171962;4055.714285714286;0.0438489646772229;0.03530426226970975;0.8660254037844386;0.5000000000000001;0.2225209339563141;-0.9749279121818237;-0.433883739117558;-0.9009688679024191;-1.0;0.0012813667912439936;0.0005605979711692472;0.011745862253069941;1.5372001250763425;2.447632154132599;-0.0028130532862395106;-1.0;0.0020490698301428955;0.0020490698301428955;0.004259908331086546;1.2827457074753503;2.747438849076386;-0.005815625786502767;-1.0;0.00048539762155165437;0.004179812852250358;0.005150608095353666;1.5361539319936837;2.731385533658261;-0.009472847999760215;-1.0;0.005719681640361527;0.0021583704303251047;0.0084985835694051;1.2238725431780808;2.4141276543047434;-0.008311886207248194;False;False;True
2026-02-19;0.0015249112659392664;0.015305050929328993;4056.4285714285716;0.5780445969125214;0.040204037607145686;0.8660254037844386;0.5000000000000001;-0.900968867902419;-0.4338837391175583;0.43388373911755823;-0.900968867902419;-1.0;0.0005775339301183945;0.0035177066652665842;0.004541516814112829;1.3768607052281665;2.395031261466735;0.002696361662639684;1.0;0.0006565815736947158;0.0020485345099275133;0.0037556466015337747;1.191943682688812;2.546791375537363;0.0036438474364805704;-1.0;0.000104942806170637;0.0018627348095288068;0.004748661979221324;1.5528538401735694;2.5014581046804243;0.0032447601508374477;1.0;0.0029202073084107234;0.00044723895714398465;0.004340848701691616;1.3394278941259605;2.5168650579684284;0.002537730118680514;False;True;False
2026-02-20;0.000494148244473342;0.015304649148137454;4024.285714285714;0.9245283018867925;0.04347472281558336;0.8660254037844386;0.5000000000000001;-0.9749279121818236;-0.2225209339563146;-0.433883739117558;-0.9009688679024191;-1.0;0.0006758688814370012;0.0008318386233070785;0.008396371104005823;1.491376647914659;8.1501782559018;-0.0003082865086844574;-1.0;2.6175269605276935e-05;0.0006020312009213694;0.00230342372526437;1.070330498476664;8.223019982561967;-0.0020276175493794285;1.0;0.0005768071104585616;0.0008652106656878425;0.002071261896646653;1.3666701529901815;8.427284307551382;-0.0038429625747848236;-1.0;0.0006288648988575621;0.001781783880096426;0.003563567760192852;1.5618606809291906;8.50852884560407;-0.003771715051882875;False;True;False
