;mes_sin;mes_cos;dia_mes_sin;dia_mes_cos;dia_semana_sin;dia_semana_cos;range_dia_anterior;posicao_range_d1;distancia_mm20;mov_direcional_c1;pavio_superior_c1;pavio_inferior_c1;range_c1;tamanho_medio_ordem_c1;pavio_superior_dolar_c1;pavio_inferior_dolar_c1;range_dolar_c1;volume_real_norm_dolar_c1;tamanho_medio_ordem_dolar_c1;correlacao_movel_WIN_WDO_c1;ratio_vol_WIN_WDO_c1;mag_decisao
2021-03-29;1.0;6.123233995736766e-17;-0.3943558551133187;0.9189578116202306;0.0;1.0;0.020881874532905437;0.48210526315789476;0.006984135374612635;-1;0.0035870516185476813;0.002668416447944007;0.008223972003499563;2.9693010006819014;0.0014739032425871337;0.001387203051846714;0.0065025143055314726;1.395378786207505;2.8993662762714583;0.36663624827059266;3.493819279894231;945.0
2021-03-30;1.0;6.123233995736766e-17;-0.20129852008866114;0.9795299412524943;0.7818314824680298;0.6234898018587336;0.017716535433070866;0.8049382716049382;0.014378418527788827;-1;0.002123050259965338;0.0017764298093587523;0.008492201039861352;3.0029101227398707;0.0015560165975103733;0.003284923928077455;0.006224066390041493;1.5339474383000626;2.586318484571292;0.6271167887163688;3.2351208831051577;1215.0
2021-03-31;1.0;6.123233995736766e-17;-2.4492935982947064e-16;1.0;0.9749279121818236;-0.22252093395631434;0.021880415944540727;0.8752475247524752;0.025088914129343196;-1;0.001625668449197861;0.0010267379679144385;0.0038502673796791446;2.8678653980081434;0.0008661008141347653;0.004850164559154686;0.007275246838732028;1.3707611646008204;2.5922531307154664;-0.19336131506608295;2.6831966549608954;40.0
2021-04-01;0.8660254037844387;-0.4999999999999998;0.20791169081775931;0.9781476007338057;0.43388373911755823;-0.900968867902419;0.01227807486631016;0.8501742160278746;0.024989225953092973;-1;0.0032441200324412004;0.0037563495112477056;0.008409100610406796;3.235170610389207;0.0022182786157941437;0.0032830523513753328;0.013487133984028394;1.763061644865641;2.7785170399940857;-0.43705475218261775;2.770845690943665;710.0
2021-04-05;0.8660254037844387;-0.4999999999999998;0.8660254037844386;0.5000000000000001;0.0;1.0;0.024202842873607376;0.32098765432098764;0.010899152773981962;1;0.0014274591227614846;8.651267410675664e-05;0.007007526602647288;3.1811098734298726;0.001320771330456987;0.002641542660913974;0.0051069824777670155;1.3257418580381923;2.3922091982484632;0.014816384689079592;3.563859962001721;565.0
2021-04-06;0.8660254037844387;-0.4999999999999998;0.9510565162951535;0.30901699437494745;0.7818314824680298;0.6234898018587336;0.019465351674020245;0.76;0.024809852294223268;1;8.525876033762469e-05;0.0016199164464148692;0.004135049876374797;3.180555152394775;0.0006167400881057269;0.002555066079295154;0.006519823788546255;1.7521239850670045;2.584983535165139;-0.6963358944165627;3.026114604604276;40.0
2021-04-07;0.8660254037844387;-0.4999999999999998;0.9945218953682733;0.10452846326765346;0.9749279121818236;-0.22252093395631434;0.009890016199164464;0.4482758620689655;0.023759631474385336;-1;0.0012327835402142493;0.000595136881482741;0.004761095051861928;3.16478111336387;0.0016080042880114347;0.002948007861354297;0.0059853492942647845;1.9587208840070474;2.7150872531448313;-0.8183445090769904;2.8077847499407587;670.0
2021-04-08;0.8660254037844387;-0.4999999999999998;0.9945218953682734;-0.10452846326765333;0.43388373911755823;-0.900968867902419;0.015473558918551266;0.8598901098901099;0.02614279825570043;-1;0.001479978011755254;0.0013108376675546535;0.005793056788870566;3.046254303742923;0.001157613535173642;0.0018699910952804987;0.005253784505788068;1.6626590486914605;2.553926014374194;-0.4064463176305551;2.5482784157320415;25.0
2021-04-09;0.8660254037844387;-0.4999999999999998;0.9510565162951536;-0.30901699437494734;-0.433883739117558;-0.9009688679024191;0.013615797708148336;0.391304347826087;0.022033373666882405;-1;0.0007200948830904778;0.0020332090816672314;0.005718400542189088;3.013468692008632;0.0026761819803746653;0.0008920606601248885;0.009009812667261374;1.6448194186037912;2.72556081959618;-0.545828153714434;2.6238014293286542;105.0
2021-04-12;0.8660254037844387;-0.4999999999999998;0.5877852522924732;-0.8090169943749473;0.0;1.0;0.012622839715350729;0.18120805369127516;0.015740848821273707;1;0.000978931687593105;0.0003830602255799106;0.0060012768674185995;3.2012450923085676;0.0;0.0009676284306826178;0.008180858550316679;1.6821369220145324;2.7442198525643553;-0.3652774378609965;2.2225189037189734;265.0
2021-04-13;0.8660254037844387;-0.4999999999999998;0.40673664307580004;-0.913545457642601;0.7818314824680298;0.6234898018587336;0.012938923175143648;0.4769736842105263;0.019608181545570848;1;0.0007617113114129745;0.002327451229317422;0.006601498032245779;3.229613709524711;0.003919519205644107;0.0022646110965943733;0.011671457190140231;2.2600189539199556;2.7005867670583044;0.28564060460676166;2.1772824931096597;285.0
2021-04-14;0.8660254037844387;-0.4999999999999998;0.20791169081775931;-0.9781476007338057;0.9749279121818236;-0.22252093395631434;0.014260928441454022;0.9554896142433235;0.029347472611250976;1;0.0026362038664323375;0.0;0.004435517616536949;3.257675191863251;0.0015767344078486335;0.0033286615276804485;0.007883672039243167;1.934270762412396;2.598380773630377;0.41278219642449643;1.7531949086619423;895.0
2021-04-15;0.8660254037844387;-0.4999999999999998;5.66553889764798e-16;-1.0;0.43388373911755823;-0.900968867902419;0.015733534186961252;0.8031914893617021;0.039407280146032425;1;0.0007024793388429752;0.0019834710743801653;0.004049586776859504;3.236852676093297;0.0016787418271779467;0.002297225658243506;0.011839547623254992;1.9673339935068952;2.6190424160311183;-0.7009596806730002;2.2299443749130856;450.0
2021-04-16;0.8660254037844387;-0.4999999999999998;-0.20791169081775907;-0.9781476007338057;-0.433883739117558;-0.9009688679024191;0.011074380165289256;0.4925373134328358;0.039054563224155445;-1;0.0017326732673267327;0.0007425742574257426;0.004372937293729373;3.191298958055036;0.0018683274021352313;0.00017793594306049823;0.009875444839857651;1.6052919864139157;2.756617587516017;-0.7476520747978072;2.5801211325286633;265.0
2021-04-19;0.8660254037844387;-0.4999999999999998;-0.743144825477394;-0.6691306063588585;0.0;1.0;0.01023102310231023;0.7096774193548387;0.038812248579648684;1;0.0032510288065843622;0.0002880658436213992;0.0037860082304526747;3.2615013710918785;0.0028696977849520223;0.0025109855618330196;0.007443278629719307;1.790328606616232;2.677564367844073;-0.7947441522438607;1.9391984241230396;95.0
2021-04-20;0.8660254037844387;-0.4999999999999998;-0.8660254037844385;-0.5000000000000004;0.7818314824680298;0.6234898018587336;0.011728395061728396;-0.10526315789473684;0.03126859258279897;1;0.0013234077750206782;0.0008684863523573201;0.003349875930521092;3.2331681065004956;0.003769520732364028;0.0008975049362771495;0.008885298869143781;1.8727766499019765;2.651798603541231;-0.6913694561335816;1.7437187534718364;115.0
2021-04-22;0.8660254037844387;-0.4999999999999998;-0.9945218953682733;-0.10452846326765423;0.43388373911755823;-0.900968867902419;0.01248966087675765;0.3443708609271523;0.028075768183917243;1;0.00016559718484785758;0.0025667563651417926;0.005878700062098945;3.1003061218022525;0.000989564591579705;0.0013494062612450521;0.014213745951781216;2.2512553864121565;2.896294239560505;0.4335973088339895;1.6748233591603867;885.0
2021-04-23;0.8660254037844387;-0.4999999999999998;-0.9945218953682734;0.10452846326765299;-0.433883739117558;-0.9009688679024191;0.015276340302214862;0.5880758807588076;0.02436147144815178;-1;0.0013670256835128418;0.001284175642087821;0.003686826843413422;2.897712261739868;0.001288659793814433;0.0009204712812960235;0.006167157584683358;1.680937584378081;2.670088938569207;0.6360181796494986;2.192708072631079;335.0
2021-04-26;0.8660254037844387;-0.4999999999999998;-0.743144825477394;0.6691306063588585;0.0;1.0;0.008367854183927092;1.1485148514851484;0.02670090130070477;1;0.0010291453976617817;0.002305285690762391;0.003416762720237115;2.9560162037726534;0.0008244778307072187;0.002473433492121656;0.004488823744961524;1.3963601957069722;2.5310362384088476;-0.028056308467008913;2.5878046009338953;60.0
2021-04-27;0.8660254037844387;-0.4999999999999998;-0.5877852522924734;0.8090169943749473;0.7818314824680298;0.6234898018587336;0.013214226905977277;0.719626168224299;0.021990058134636448;-1;0.001030502885408079;0.0011129431162407255;0.0036685902720527616;3.110174453322303;0.000827053850395148;0.004319058996507995;0.006248851314096674;1.825767038509729;2.666772411947943;-0.11229398881706153;1.5303050932966042;255.0
2021-04-28;0.8660254037844387;-0.4999999999999998;-0.40673664307580015;0.913545457642601;0.9749279121818236;-0.22252093395631434;0.019620774938169827;0.18907563025210083;0.00580010553290966;1;0.0001672100994900092;0.000710642922832539;0.006772009029345372;3.2522536608610353;0.0009169264624977076;0.0007335411699981661;0.007977260223730057;1.685907748154832;2.6749869930381784;0.19088820486952918;2.6970808384388945;340.0
2021-04-29;0.8660254037844387;-0.4999999999999998;-0.20791169081775898;0.9781476007338057;0.43388373911755823;-0.900968867902419;0.020608644762143632;0.8843813387423936;0.020691853041507408;-1;0.002834723306355532;0.0003697465182202868;0.0035331333963271845;3.0685700550401904;0.004111765255583591;0.00112139052425007;0.006074198673021213;1.6868548280486213;2.796423013161011;-0.6472990528621599;2.2781811500065787;480.0
2021-04-30;0.8660254037844387;-0.4999999999999998;-1.133107779529596e-15;1.0;-0.433883739117558;-0.9009688679024191;0.016186680908754775;-0.02284263959390863;0.005303523608322323;-1;0.0004998542091889865;0.0017078352147290373;0.005165160161619528;3.2129455264036686;0.0007450176941702365;0.0025144347178245484;0.004656360588563979;1.214509956569203;2.880792505491342;-0.5618173318905961;4.054670223442571;610.0
2021-05-03;0.49999999999999994;-0.8660254037844387;0.5712682150947923;0.8207634412072763;0.0;1.0;0.013621027200399883;0.5474006116207951;0.002317545577001916;-1;0.001043405676126878;0.0014190317195325543;0.0033806343906510852;3.2027275126029413;0.004605747973470892;0.0014738393515106854;0.00893515106853353;1.8133162618366598;2.687878148164376;-0.6656720557439484;1.7087532008725341;340.0
2021-05-04;0.49999999999999994;-0.8660254037844387;0.72479278722912;0.6889669190756866;0.7818314824680298;0.6234898018587336;0.012687813021702838;0.29276315789473684;-0.004193725485284386;1;0.000335401643468053;0.002641287942310917;0.004066744927050142;3.16597982042702;0.0021008403361344537;0.0012787723785166241;0.005389112166605773;1.687348579771561;2.591383470215534;-0.6698286823705206;2.692732628175735;690.0
2021-05-05;0.49999999999999994;-0.8660254037844387;0.8486442574947509;0.5289640103269624;0.9749279121818236;-0.22252093395631434;0.014967298339761865;0.43977591036414565;-0.009109596902945749;1;0.0010530749789385003;0.0019376579612468408;0.0038331929233361415;3.191873400762143;0.0012842858453352903;0.00018346940647647004;0.008347857994679388;1.7634118405216113;2.6906079778597194;-0.27338346932922464;2.1601064264639214;340.0
2021-05-06;0.49999999999999994;-0.8660254037844387;0.9377521321470804;0.3473052528448203;0.43388373911755823;-0.900968867902419;0.014616680707666386;0.8962536023054755;0.001011227755595634;1;0.0009581337221412205;0.0018746094563632577;0.003832534888564882;3.2507065376956583;0.005319148936170213;0.0002799552071668533;0.009985069055617768;2.374201061116231;2.8730599522844464;-0.7324592261985665;1.8165661783253233;375.0
2021-05-07;0.49999999999999994;-0.8660254037844387;0.9884683243281114;0.1514277775045767;-0.433883739117558;-0.9009688679024191;0.009164757342220371;1.190909090909091;0.00505736400523233;1;0.00145071706872254;0.0020724529553179144;0.005139683329188427;3.074015199355443;0.0024563060935285782;0.0010392064241851677;0.009919697685403874;2.3061252432858237;2.9185867183828544;-0.7897434188052159;1.7608262292405141;440.0
2021-05-10;0.49999999999999994;-0.8660254037844387;0.8978045395707416;-0.4403941515576344;0.0;1.0;0.0192738124844566;0.8236559139784946;0.017169068645084558;1;0.0010221186475326057;0.0;0.005928288155689112;3.080575765393101;0.002572163475278651;0.001619510336286558;0.007240163856339907;1.8316340699836993;2.70102978204799;-0.7102459208969796;2.4229422923846835;435.0
2021-05-11;0.49999999999999994;-0.8660254037844387;0.7907757369376989;-0.6121059825476626;0.7818314824680298;0.6234898018587336;0.008176949180260846;-0.755;0.006967578035006009;-1;0.0021436227224008574;0.0008244702778464837;0.006265974111633275;3.168776634483619;0.000857551214864221;0.0039066222010481185;0.009528346831824679;2.11020006736807;2.8489046843863144;-0.7906298585668273;2.127183881363843;1010.0
2021-05-12;0.49999999999999994;-0.8660254037844387;0.6513724827222223;-0.758758122692791;0.9749279121818236;-0.22252093395631434;0.02296149723802457;0.822262118491921;0.0173375434060151;-1;0.0011404830760457822;0.00443973768889251;0.010753126145574518;3.356262589986169;0.005530657003909602;0.0006674930866787451;0.007628492419185658;2.0982954390135027;2.7822154568663056;-0.4542131465797473;3.3131512381344934;530.0
2021-05-13;0.49999999999999994;-0.8660254037844387;0.48530196253108104;-0.8743466161445821;0.43388373911755823;-0.900968867902419;0.026434768441204026;0.14175654853620956;-0.0049499823954601;1;0.000499542086420781;0.0023311964032969776;0.004912163849804346;3.205527838820587;0.003483008566318366;0.002824060999717594;0.009695942765697073;2.03768232754631;2.7998010058006133;-0.8920018703490845;2.3485655782289903;955.0
2021-05-14;0.49999999999999994;-0.8660254037844387;0.29936312297335804;-0.9541392564000488;-0.433883739117558;-0.9009688679024191;0.015777204229456332;0.8891820580474934;0.006629264443657465;1;0.0018104760729128091;0.0;0.006418960622145414;3.39574360595917;0.0016052880075542965;0.004060434372049103;0.0058545797922568464;1.6854087649297962;2.8273116784157293;-0.7559109740497074;2.7519521067436417;60.0
2021-05-17;0.49999999999999994;-0.8660254037844387;-0.2993631229733582;-0.9541392564000488;0.0;1.0;0.010615973336625109;0.1937984496124031;0.005712440033872968;1;0.0008646601062296702;0.0008234858154568288;0.002841026063326059;3.109786254505703;9.442870632672332e-05;0.0009442870632672333;0.006704438149197356;1.6337203785966692;2.7556361561307114;-0.5744296842404163;2.0261267494050337;705.0
2021-05-18;0.49999999999999994;-0.8660254037844387;-0.4853019625310808;-0.8743466161445822;0.7818314824680298;0.6234898018587336;0.016757936344546465;1.0884520884520885;0.022640033605168242;-1;0.0010522055847834884;0.0010522055847834884;0.005989477944152165;3.276872760193301;0.0015180265654648956;0.004269449715370019;0.0058823529411764705;1.677501305099401;2.6895840466308694;-0.7174554504367611;2.8433020259256385;175.0
2021-05-19;0.49999999999999994;-0.8660254037844387;-0.651372482722222;-0.7587581226927911;0.9749279121818236;-0.22252093395631434;0.009146094698502631;-0.668141592920354;0.008788799966912753;-1;0.0030339059489155836;0.0007789758517485958;0.005083842400885573;3.346299959833176;0.0014170996693434106;0.0017005196032120926;0.004629192253188474;1.4480517654680334;2.909126827340972;-0.6335650531462413;3.272085408782407;860.0
2021-05-20;0.49999999999999994;-0.8660254037844387;-0.7907757369376986;-0.6121059825476627;0.43388373911755823;-0.900968867902419;0.01480054118322332;0.7202216066481995;0.016160748219508567;-1;0.00187007073745833;0.0009756890804130417;0.003374258069761769;3.229743696843254;0.00047080979284369113;0.002071563088512241;0.004708097928436911;1.4532882516856584;2.8301416275595024;-0.4398083953627752;2.8173185956850366;260.0
2021-05-21;0.49999999999999994;-0.8660254037844387;-0.8978045395707417;-0.44039415155763423;-0.433883739117558;-0.9009688679024191;0.00748028294983332;0.9728260869565217;0.01681065878716472;-1;0.00040586062746053006;0.00012175818823815901;0.0038150898981289824;3.2917633683919614;0.00444234404536862;0.00028355387523629487;0.006238185255198488;1.6320715305437683;3.037318503780775;-0.5246745367323509;1.8759485696285902;170.0
2021-05-24;0.49999999999999994;-0.8660254037844387;-0.9884683243281114;0.15142777750457667;0.0;1.0;0.010836478753196153;0.7790262172284644;0.0141460799274137;1;0.0014640097600650671;0.0020333468889792597;0.0036600244001626678;3.299944751907488;0.002516309412861137;9.319664492078285e-05;0.009319664492078284;1.5940057238043936;3.012890552023596;-0.3807864724404054;2.603769259676813;815.0
2021-05-25;0.49999999999999994;-0.8660254037844387;-0.9377521321470804;0.3473052528448203;0.7818314824680298;0.6234898018587336;0.014030093533956893;0.7913043478260869;0.022141665465180944;1;0.0016926611050658929;8.060290976504251e-05;0.004876476040785073;3.4873818197336313;0.0003763643206624012;0.001881821603312006;0.0035754610462928114;1.5980000134382844;2.899708611345701;-0.04012983794060213;3.4676130500612383;95.0
2021-05-26;0.49999999999999994;-0.8660254037844387;-0.8486442574947509;0.5289640103269624;0.9749279121818236;-0.22252093395631434;0.016442993592068675;0.3088235294117647;0.015929414619201245;1;0.0022668393782383418;0.00012143782383419689;0.0028740284974093262;3.597382680224301;0.00046935135642542006;0.0029099784098376045;0.004881254106824369;1.9440771673950508;3.002048388910345;-0.811013016703539;2.4790969137169583;670.0
2021-05-27;0.49999999999999994;-0.8660254037844387;-0.72479278722912;0.6889669190756865;0.43388373911755823;-0.900968867902419;0.008136334196891191;0.38308457711442784;0.018164485051949893;1;0.00012107514730809589;0.00012107514730809589;0.003390104124626685;3.5925957467192893;0.0012247974373469004;0.0015074429998115696;0.005370265686828717;2.1466031118343696;2.9663475422460643;-0.5648805428116722;1.9912572739274415;200.0
2021-05-28;0.49999999999999994;-0.8660254037844387;-0.5712682150947924;0.8207634412072763;-0.433883739117558;-0.9009688679024191;0.008999919283235128;1.0896860986547086;0.024147534998954032;-1;0.0003204101249599487;0.000680871515539891;0.0036847164370394105;3.4900930686025893;0.0005705591479650057;0.002282236591860023;0.003898820844427539;1.2296884166415736;2.7775869532819053;-0.6987716902146973;3.4847427226760215;295.0
2021-05-31;0.49999999999999994;-0.8660254037844387;-2.4492935982947064e-16;1.0;0.0;1.0;0.01225568727971804;0.761437908496732;0.0269637823751529;1;0.0010755686571326136;0.00099589690475242;0.002629167828546389;3.447051559123186;0.0016212092313560938;0.0008582872401296967;0.003719244707228686;1.0890485113305368;3.0123587893879193;-0.8272519291684934;3.019841848704764;400.0
2021-06-01;1.2246467991473532e-16;-1.0;0.20791169081775931;0.9781476007338057;0.7818314824680298;0.6234898018587336;0.007568816476118392;1.2736842105263158;0.03304562822189265;1;0.000315955766192733;0.002014218009478673;0.00825434439178515;3.4696614615167;0.0016303826604008823;0.0011508583485182698;0.007001054953486142;2.4226695621789713;3.007847464900987;-0.4933213330188933;2.699849846789371;550.0
2021-06-02;1.2246467991473532e-16;-1.0;0.40673664307580015;0.9135454576426009;0.9749279121818236;-0.22252093395631434;0.017496050552922592;0.8645598194130926;0.04223251958858387;1;0.000389833151411196;0.0016372992359270232;0.0026898487447372527;3.5693843363281155;0.0017408123791102514;0.0014506769825918763;0.0033849129593810446;1.9509108022600021;2.9677211541721764;-0.8926164552634107;2.604765223465739;405.0
2021-06-04;1.2246467991473532e-16;-1.0;0.7431448254773941;0.6691306063588582;-0.433883739117558;-0.9009688679024191;0.012669577420863871;0.6492307692307693;0.04511381666288897;1;0.003214437860656055;0.0;0.004957205375469579;3.414415020580631;0.0003904724716907458;0.0012690355329949238;0.009859429910191331;2.2539042471673345;3.024656207173574;-0.9507338468225959;2.6428233842019537;625.0
2021-06-07;1.2246467991473532e-16;-1.0;0.9945218953682733;0.10452846326765346;0.0;1.0;0.00910111924402618;0.9106382978723404;0.049654482853157225;-1;7.681966583445362e-05;0.0004993278279239485;0.003456884962550413;3.3904783478687657;0.000395882818685669;0.00217735550277118;0.006433095803642122;1.838215571556097;2.8249430503326582;-0.9595090343786469;2.8736554279670985;105.0
2021-06-08;1.2246467991473532e-16;-1.0;0.9945218953682734;-0.10452846326765333;0.7818314824680298;0.6234898018587336;0.013827539850201652;0.5805555555555556;0.04968956579396813;1;0.0004211171088396309;3.828337353087554e-05;0.002258719038321657;3.5994957583587923;0.00019782393669634025;0.0032640949554896144;0.005736894164193867;1.7602726014629744;2.8093289614292107;-0.8314651692023998;2.608579742185087;760.0
2021-06-09;1.2246467991473532e-16;-1.0;0.9510565162951536;-0.30901699437494734;0.9749279121818236;-0.22252093395631434;0.012059262662225796;0.45714285714285713;0.04187238986089273;-1;0.0007689941556444171;0.0017302368501999385;0.003422023992617656;3.632601201572685;0.0013899920571882446;0.0011914217633042098;0.003971405877680699;1.311386494227085;2.854797600298159;-0.34343283357028254;3.53688827496752;190.0
2021-06-10;1.2246467991473532e-16;-1.0;0.8660254037844387;-0.4999999999999998;0.43388373911755823;-0.900968867902419;0.012265456782528453;0.2727272727272727;0.037122265369065315;1;0.0005778120184899846;0.0007704160246533128;0.005701078582434515;3.684460182134047;0.0009857072449482504;0.002759980285855101;0.006899950714637753;1.888863488434003;3.021636929317932;0.00694438011871378;3.3902313456503403;355.0
2021-06-11;1.2246467991473532e-16;-1.0;0.7431448254773945;-0.6691306063588579;-0.433883739117558;-0.9009688679024191;0.008936825885978428;0.7629310344827587;0.03756843646549529;-1;0.00030678375580013036;0.0023775741074510107;0.004294972581201826;3.4112617816496527;0.0017786561264822134;9.881422924901186e-05;0.010869565217391304;1.6720066756804413;2.997285949917529;0.32894250472456427;2.949518649517149;500.0
2021-06-14;1.2246467991473532e-16;-1.0;0.20791169081775931;-0.9781476007338057;0.0;1.0;0.01369022510258082;0.6274509803921569;0.029077628902362138;1;0.0011174475955610357;0.0005394574599260172;0.0038918002466091246;3.5143291929304166;0.0011730205278592375;9.775171065493646e-05;0.0030303030303030303;1.3335888809792653;3.1438558973515383;-0.7633523135129764;2.9756363969337833;660.0
2021-06-15;1.2246467991473532e-16;-1.0;5.66553889764798e-16;-1.0;0.7818314824680298;0.6234898018587336;0.01155980271270037;0.4866666666666667;0.03058232090490155;-1;3.8349440098174566e-05;0.0022242675256941248;0.003988341770210155;3.4831039380725834;0.000788488074117879;0.0016755371575004928;0.005420855509560418;1.9933093283572516;2.9051594081919245;-0.8556543842391208;3.3615301845086925;15.0
2021-06-16;1.2246467991473532e-16;-1.0;-0.20791169081775907;-0.9781476007338057;0.9749279121818236;-0.22252093395631434;0.008820371222580151;1.2782608695652173;0.030274486311155428;1;0.000191270418117134;0.00095635209058567;0.0033663593588615583;3.600064267662735;0.0007903576368306659;0.00335901995653033;0.004742145820983995;1.731712729241037;2.8828387430184255;-0.7371358706374751;2.5683611592783984;530.0
2021-06-17;1.2246467991473532e-16;-1.0;-0.4067366430758002;-0.9135454576426009;0.43388373911755823;-0.900968867902419;0.01591369878734555;0.36778846153846156;0.02070093108991365;-1;0.0011551790527531767;0.0011166730843280709;0.00450519830573739;3.5440245047604177;0.0012807881773399014;0.004729064039408867;0.0064039408866995075;2.180474762320793;3.254441272514428;-0.7343550774318833;2.091144880160543;865.0
2021-06-18;1.2246467991473532e-16;-1.0;-0.587785252292473;-0.8090169943749475;-0.433883739117558;-0.9009688679024191;0.01863688871775125;0.42355371900826444;0.014302965669745777;-1;0.0013142636258214148;0.0028991109393119445;0.009006571318129108;3.606804390357131;0.003889498354443004;0.0004986536351850005;0.006083574349257006;2.012173924018888;3.063889968205424;0.019248388470093594;2.96644253203498;210.0
2021-06-21;1.2246467991473532e-16;-1.0;-0.9510565162951535;-0.30901699437494756;0.0;1.0;0.010282180131426363;0.5601503759398496;0.009236041294219358;1;0.0008527462304740494;0.0011240745765339743;0.0045738206907244465;3.3710013536059433;0.0017721768238653146;0.0007876341439401398;0.006399527419513636;1.3689533497506938;3.020485480165941;-0.2799665131924199;3.038831535156671;335.0
2021-06-22;1.2246467991473532e-16;-1.0;-0.9945218953682733;-0.10452846326765423;0.7818314824680298;0.6234898018587336;0.011434551726811116;0.7864406779661017;0.013600890991969759;-1;0.00011546010853250202;0.001347034599545857;0.005426625101027595;3.78118851136416;0.0024905359633393106;0.0016935644550707311;0.007870093644152221;1.7717308672844898;3.2409456269204826;-0.37482796347183434;2.9634847659281722;810.0
2021-06-23;1.2246467991473532e-16;-1.0;-0.9945218953682734;0.10452846326765299;0.9749279121818236;-0.22252093395631434;0.011161143824808529;0.8827586206896552;0.01017689383839583;-1;0.001001849568434032;0.0008091861898890259;0.00404593094944513;3.484534329402262;0.0005033725963958522;0.0014094432699083862;0.005335749521796033;1.6499107295986024;3.0681485211976924;-0.36264197853263264;2.6908355654373306;1125.0
2021-06-24;1.2246467991473532e-16;-1.0;-0.9510565162951536;0.30901699437494723;0.43388373911755823;-0.900968867902419;0.013948828606658446;0.4696132596685083;0.007269959378325268;1;7.71099201912326e-05;0.000501214481243012;0.003701276169179165;3.538685634206003;0.00040253597665291336;0.001509509912448425;0.008956425480527322;1.7206271121154588;3.238864253393665;-0.30941569833209503;2.148392892318826;170.0
2021-06-25;1.2246467991473532e-16;-1.0;-0.8660254037844386;0.5000000000000001;-0.433883739117558;-0.9009688679024191;0.00636156841577669;0.9515151515151515;0.00948584290731303;-1;0.0009594350846221744;0.0021491345895536707;0.00406800475879802;3.553873213339913;0.0020339672531272247;0.004271331231567171;0.00661039357266348;1.8698000318005357;3.1173992596059743;-0.7401533631586447;2.683508503726352;180.0
2021-06-28;1.2246467991473532e-16;-1.0;-0.40673664307580015;0.913545457642601;0.0;1.0;0.024676670376482326;0.25194401244167963;-0.00923103112087776;-1;0.0007028778944902183;0.007575461751727909;0.00929360771603733;3.4997412997336563;0.004544536457281357;0.0009089072914562715;0.006463340739244597;1.674189878392745;3.218350133509664;-0.5779258670887898;3.7342678839455017;235.0
2021-06-29;1.2246467991473532e-16;-1.0;-0.20791169081775898;0.9781476007338057;0.7818314824680298;0.6234898018587336;0.014213752977468859;0.5247252747252747;-0.011303529429953484;-1;0.0007427677873338546;0.0023064894448788114;0.003205629397967162;3.7163735362692485;0.0016184503338053813;0.0013149908962168722;0.0038438195427877805;1.4452656630730945;2.96635133969021;-0.7935359160908747;3.3704321202016696;680.0
2021-06-30;1.2246467991473532e-16;-1.0;-1.133107779529596e-15;1.0;0.9749279121818236;-0.22252093395631434;0.010437842064112588;0.4756554307116105;-0.015790612156608264;-1;0.001726844583987441;0.0027472527472527475;0.005416012558869702;3.8723542085306684;0.004018485031143259;0.001908780389793048;0.008941129194293752;1.69978231973033;3.1396781683133486;-0.25852906143190996;3.8463774425692114;240.0
2021-07-01;-0.4999999999999997;-0.8660254037844388;0.20129852008866006;0.9795299412524945;0.43388373911755823;-0.900968867902419;0.008516483516483516;0.631336405529954;-0.014970424377810458;1;0.0015301918625181465;0.0008631851532153647;0.0024718483932985444;3.7158914545335775;0.0027113878288813013;0.001506326571600723;0.005221932114882507;1.7525207711451023;3.0554090366242037;-0.6134802816903149;2.686650977581981;685.0
2021-07-02;-0.4999999999999997;-0.8660254037844388;0.39435585511331855;0.9189578116202306;-0.433883739117558;-0.9009688679024191;0.01765605995213246;0.3622222222222222;-0.022477975763181165;1;0.0006730007917656374;0.0017418844022169437;0.00906571654790182;3.403454222806806;0.005345476143337953;0.0003959611958028113;0.014650564244704019;2.2333325170987175;3.1412423381024834;-0.7890697045902838;3.070279478267182;125.0
2021-07-05;-0.4999999999999997;-0.8660254037844388;0.8486442574947509;0.5289640103269624;0.0;1.0;0.018606492478226443;0.8170212765957446;-0.008683698461717184;1;0.0007421875;0.0019140625;0.00375;3.483565964392923;0.0001972386587771203;0.0014792899408284023;0.004142011834319527;1.1582256115685217;2.7238457220535226;0.10139267044604681;3.751504633078092;820.0
2021-07-06;-0.4999999999999997;-0.8660254037844388;0.9377521321470804;0.3473052528448203;0.7818314824680298;0.6234898018587336;0.00953125;0.4180327868852459;-0.011284651555855342;-1;0.0007841599686336013;0.000588119976475201;0.00635169574593217;3.703836826415555;0.0013747054202670856;0.00039277297721916735;0.00864100549882168;2.0896350976452234;2.9911410224103023;0.2797097492528978;3.658193005416539;215.0
2021-07-07;-0.4999999999999997;-0.8660254037844388;0.9884683243281114;0.1514277775045767;0.9749279121818236;-0.22252093395631434;0.01823171927073123;0.2924731182795699;-0.021493662971442107;1;0.001746308937926655;0.0006350214319733291;0.00750119066518495;3.73808872207887;0.00048132460531382363;0.0020215633423180594;0.006353484790142472;2.004403833431497;2.7688921294289206;-0.9518909010623448;3.266251133369677;140.0
2021-07-08;-0.4999999999999997;-0.8660254037844388;0.9987165071710528;-0.05064916883871264;0.43388373911755823;-0.900968867902419;0.016470868391808224;0.004819277108433735;-0.022924501715207525;-1;7.956715467854869e-05;0.001034373010821133;0.006086887332908976;3.607940553789293;0.001890359168241966;0.0023629489603024575;0.005954631379962193;1.9866196456295775;2.9883205831697843;-0.40387676148858165;3.3599573244122056;340.0
2021-07-12;-0.4999999999999997;-0.8660254037844388;0.6513724827222223;-0.758758122692791;0.0;1.0;0.013645767027371102;1.064139941690962;-0.01447525966883098;1;0.0018964836033188463;0.0030817858553931253;0.00525483998419597;3.5359221111354606;0.005696382796923953;0.0002848191398461977;0.00740529763600114;1.952126224846759;2.9154997251617316;0.025714698994958186;2.191096356377789;355.0
2021-07-13;-0.4999999999999997;-0.8660254037844388;0.48530196253108104;-0.8743466161445821;0.7818314824680298;0.6234898018587336;0.01849071513235875;0.8611111111111112;-0.0014081955814211674;-1;0.000156036668617125;0.00023405500292568755;0.0060074117417593135;3.6829921316355683;0.0011561807495905194;0.0021196647075826186;0.010598323537913094;1.993453620538418;3.095288430088312;-0.840049909951517;3.0419100638535044;135.0
2021-07-14;-0.4999999999999997;-0.8660254037844388;0.29936312297335804;-0.9541392564000488;0.9749279121818236;-0.22252093395631434;0.016929978544958067;0.9723502304147466;0.005018074813161972;1;0.001163422011944466;0.0016287908167222523;0.00810517334987978;3.6874815369971223;0.0008715862870424172;0.0026147588611272515;0.012686422622506294;2.0106102659559753;3.2630265294864227;-0.8857213553541798;3.187649037353179;75.0
2021-07-15;-0.4999999999999997;-0.8660254037844388;0.10116832198743272;-0.994869323391895;0.43388373911755823;-0.900968867902419;0.012487396261537269;0.024844720496894408;0.00263193808121966;1;0.002955588395426616;0.0015166835187057635;0.004783386482072023;3.63233984551059;0.0022577795229213704;0.004711887700009816;0.008442132129184255;1.6615431730759445;2.8501201669346066;-0.6989663251850872;3.317540128736719;355.0
2021-07-16;-0.4999999999999997;-0.8660254037844388;-0.10116832198743204;-0.9948693233918952;-0.433883739117558;-0.9009688679024191;0.016955743952710586;0.3853211009174312;5.85308750365818e-05;1;0.0005072378945725545;0.0004292012954075461;0.003043427367435327;3.3807784264195258;0.002737583105201408;0.004888541259288229;0.00811497849041846;1.8731599521067799;2.965346874880684;-0.3952222826584694;2.576260471200818;465.0
2021-07-19;-0.4999999999999997;-0.8660254037844388;-0.651372482722222;-0.7587581226927911;0.0;1.0;0.018338600803776972;-0.6085106382978723;-0.02535826384860435;-1;0.0019238476953907816;0.001843687374749499;0.00593186372745491;3.4177090223272653;0.0006776379477250726;0.0011616650532429815;0.009099709583736688;1.7862137538154688;2.667126217299981;-0.7564976653836982;3.4847627461565005;260.0
2021-07-20;-0.4999999999999997;-0.8660254037844388;-0.7907757369376986;-0.6121059825476627;0.7818314824680298;0.6234898018587336;0.012264529058116232;1.3202614379084967;-0.01676729389997516;-1;0.0009945894334818586;0.0009945894334818586;0.009110439210693825;3.5187533833423554;0.0019056693663649356;0.001810385898046689;0.009433063363506432;1.8790243575764891;2.9996079058974154;-0.8909005723187533;3.034524797191492;180.0
2021-07-21;-0.4999999999999997;-0.8660254037844388;-0.8978045395707417;-0.44039415155763423;0.9749279121818236;-0.22252093395631434;0.017146721833227244;0.8561484918793504;-0.014554423827799753;0;0.003021868787276342;0.001749502982107356;0.004771371769383698;3.72754936529775;0.0009544716999140975;0.0009544716999140975;0.00773122076930419;1.744624545980451;3.0625981523236327;-0.7607369005533461;3.42664103724669;670.0
2021-07-22;-0.4999999999999997;-0.8660254037844388;-0.9680771188662041;-0.2506525322587213;0.43388373911755823;-0.900968867902419;0.00779324055666004;0.9387755102040817;-0.007772254503081831;-1;0.0018979833926453143;0.0024120205614867538;0.005852115460656386;3.7148145686221374;0.0032767925983037778;0.0013492675404780262;0.006168080185042405;1.7905784535616702;2.8842523836547094;-0.4969255399371751;3.041360255640986;355.0
2021-07-23;-0.4999999999999997;-0.8660254037844388;-0.9987165071710528;-0.05064916883871355;-0.433883739117558;-0.9009688679024191;0.008936338473705022;1.0707964601769913;-0.0031989537123769465;-1;0.0003546099290780142;0.0015366430260047282;0.004137115839243499;3.622039122758985;9.610764055742432e-05;0.00038443056222969726;0.007304180682364248;1.284458806686984;2.977030127109717;-0.4558896181200918;3.0167484760262866;725.0
2021-07-26;-0.4999999999999997;-0.8660254037844388;-0.8486442574947509;0.5289640103269624;0.0;1.0;0.01780929866036249;0.18805309734513273;-0.015271516584973268;1;0.0005595076332827112;0.0007593317880265366;0.0029573974902086164;3.687394006597216;0.0020211742059672764;0.00048123195380173246;0.007892204042348411;1.5209296275329798;2.921793260369522;-0.15376028017655763;2.6914536003767946;945.0
2021-07-27;-0.4999999999999997;-0.8660254037844388;-0.72479278722912;0.6889669190756865;0.7818314824680298;0.6234898018587336;0.012508992086963473;0.5431309904153354;-0.00857595777990016;-1;0.0007150518412584912;0.0013109283756405673;0.004091685536090256;3.8010209148968115;0.002405696689761355;0.00481139337952271;0.007409545804464973;1.8387664964993482;2.856559421119333;-0.3774390461693423;2.3551334324637243;375.0
2021-07-28;-0.4999999999999997;-0.8660254037844388;-0.5712682150947924;0.8207634412072763;0.9749279121818236;-0.22252093395631434;0.01596949112143964;0.654228855721393;-0.012082781248028267;1;0.0017962637713555803;0.00011975091809037202;0.004550534887434137;3.6173359867626673;0.0011597564511452595;0.002609452015076834;0.004639025804581038;1.4320610524935147;2.990583086507428;-0.11170136363451931;3.1232648474996427;605.0
2021-07-29;-0.4999999999999997;-0.8660254037844388;-0.3943558551133187;0.9189578116202306;0.43388373911755823;-0.900968867902419;0.014529778061631806;0.6456043956043956;-0.0023950725426831916;1;0.00395522683225883;0.0003164181465807064;0.006091049321678598;3.6999491189025218;0.0008845208845208846;0.0014742014742014742;0.003931203931203931;1.231589058262194;3.053945767069152;-0.5255623847997246;4.265398599394623;1095.0
2021-07-30;-0.4999999999999997;-0.8660254037844388;-0.20129852008866114;0.9795299412524943;-0.433883739117558;-0.9009688679024191;0.01586045959735791;-0.14962593516209477;-0.014242708384740661;-1;0.0022829221403396346;0.0032842037808394745;0.00612784363985902;3.5940901260668703;0.0028439737177601257;0.0;0.009022261449445915;1.3809195094416016;2.814001230599371;-0.46332224375110087;4.502292828066504;110.0
2021-08-02;-0.8660254037844385;-0.5000000000000004;0.39435585511331855;0.9189578116202306;0.0;1.0;0.027595322012175585;0.5500725689404935;-0.021839482668975757;-1;4.042200573992481e-05;0.003031650430494361;0.0037996685395529327;3.6116540207638206;0.0008637236084452975;0.0024952015355086373;0.012380038387715932;1.8882023254023221;3.0434483245648107;-0.7841674164177678;2.6466264857558865;1050.0
2021-08-03;-0.8660254037844385;-0.5000000000000004;0.5712682150947923;0.8207634412072763;0.7818314824680298;0.6234898018587336;0.022798011237317596;0.4379432624113475;-0.02357269220787711;-1;0.0021100470702807984;0.007344586917708164;0.012984905047881837;3.6054287811725096;0.004144977829188355;0.000771158665895508;0.017833044148833622;2.615031937341619;2.98063258523927;-0.9619921594028151;3.09596428853761;1405.0
2021-08-04;-0.8660254037844385;-0.5000000000000004;0.72479278722912;0.6889669190756866;0.9749279121818236;-0.22252093395631434;0.024874208732348645;0.7422512234910277;-0.021760917669706382;1;0.004138602613000081;0.002475046660715735;0.0072628418404609265;3.365789780135221;0.004131437355880092;0.0024019984627209837;0.0090315142198309;2.078179485573936;2.8001404987706358;-0.8405292498301873;3.6980707476166583;585.0
2021-08-05;-0.8660254037844385;-0.5000000000000004;0.8486442574947509;0.5289640103269624;0.43388373911755823;-0.900968867902419;0.02178852552138278;0.7877094972067039;-0.020303368129455084;1;0.0029208924949290062;0.00028397565922920893;0.004746450304259635;3.1177397071952044;0.005444822557122022;0.0010695187165775401;0.009139523578026252;1.8948820509064215;2.981823723365936;-0.6865690173971306;2.438496838656665;20.0
2021-08-06;-0.8660254037844385;-0.5000000000000004;0.9377521321470804;0.3473052528448203;-0.433883739117558;-0.9009688679024191;0.024056795131845842;0.23102866779089376;-0.031632128584463244;1;0.0019338380513495722;0.0034562211981566822;0.008229098090849244;2.8700905234038956;0.004286530767765289;0.0032387121356448846;0.011526004953324443;2.0830133592157916;2.8327383400509993;-0.5566450188590285;2.7211187771505565;370.0
2021-08-09;-0.8660254037844385;-0.5000000000000004;0.9680771188662043;-0.2506525322587204;0.0;1.0;0.019502962475312705;0.5907172995780591;-0.022798704510282552;-1;0.0007346938775510204;0.0014693877551020407;0.003510204081632653;3.1964273850651077;0.001525262154432793;0.0007626310772163965;0.0109628217349857;1.608834862212291;2.738473854663222;-0.39652109229703814;2.2731358444657053;1160.0
2021-08-10;-0.8660254037844385;-0.5000000000000004;0.8978045395707416;-0.4403941515576344;0.7818314824680298;0.6234898018587336;0.013306122448979591;0.6901840490797546;-0.014380365155345918;1;0.002271160319584702;0.0014600316340187371;0.0038123048221600357;3.301078891144582;0.004093678598629094;0.0030464584920030465;0.008092155369383092;2.1376921482213893;2.7126749995637733;0.12112762512132015;1.9960065396263837;15.0
2021-08-11;-0.8660254037844385;-0.5000000000000004;0.7907757369376989;-0.6121059825476626;0.9749279121818236;-0.22252093395631434;0.012248043152046072;0.38079470198675497;-0.016352710390112633;-1;0.0007740884090446119;0.0053371358728865346;0.007781625585658994;3.258102032999823;0.004510123788503982;0.0022070818539487573;0.010747529027924384;2.0116496318478796;2.992601557638789;0.1065554182160136;2.925207753068028;1105.0
2021-08-12;-0.8660254037844385;-0.5000000000000004;0.6513724827222223;-0.758758122692791;0.43388373911755823;-0.900968867902419;0.016663271542065594;0.7506112469437652;-0.016329540454140857;-1;0.0005310891412697115;0.0017975324781436392;0.007639513032110467;3.4540304282174197;0.0026753296388304986;0.0013376648194152493;0.006019491687368622;1.4745077678697838;2.669230411256785;0.3669498814889636;3.404338647148513;345.0
2021-08-13;-0.8660254037844385;-0.5000000000000004;0.48530196253108104;-0.8743466161445821;-0.433883739117558;-0.9009688679024191;0.01703570553149767;0.24940047961630696;-0.025508949695496736;1;0.00045495905368516835;0.001364877161055505;0.004756390106708578;3.44603575890528;0.002759276879162702;0.0014272121788772598;0.00532825880114177;1.5117820421564059;2.877787305066327;-0.7144487769242752;3.546675631923111;1030.0
2021-08-16;-0.8660254037844385;-0.5000000000000004;-0.10116832198743204;-0.9948693233918952;0.0;1.0;0.011539415998014724;0.43727598566308246;-0.026185158108593887;-1;0.00041476565740356696;0.00439651596847781;0.004852758191621734;3.569200064896244;0.004351116155883465;0.0;0.007094211123723042;1.430511604355069;2.8427512668076447;-0.8282617744402901;2.8175542077570737;880.0
2021-08-17;-0.8660254037844385;-0.5000000000000004;-0.2993631229733582;-0.9541392564000488;0.7818314824680298;0.6234898018587336;0.01708834508502696;0.29854368932038833;-0.03404306994818653;-1;0.00020952939697439551;0.0033524703515903282;0.007584964170473117;3.4261956962683064;0.0001889823301521308;0.0034961731078144193;0.005197014079183596;1.686928144781413;2.839942447020275;-0.5901634157298299;4.4935496984080485;625.0
2021-08-18;-0.8660254037844385;-0.5000000000000004;-0.4853019625310808;-0.8743466161445822;0.9749279121818236;-0.22252093395631434;0.026149268742404558;0.8557692307692307;-0.03418806890417024;-1;0.0006308352258390108;0.0031541761291950542;0.008411136344520145;3.162094325868099;0.0021718602455146362;0.002360717658168083;0.004532577903682719;1.4194627896510117;2.7465149514639924;-0.6855126487833286;3.701884937603866;30.0
2021-08-19;-0.8660254037844385;-0.5000000000000004;-0.651372482722222;-0.7587581226927911;0.43388373911755823;-0.900968867902419;0.027041803347632266;-0.39502332814930013;-0.06055237400127625;1;0.0036024305555555558;0.0032552083333333335;0.008897569444444444;3.236277224102125;0.004054178568137842;0.0011978254860407261;0.008200497558278817;2.0434874364618723;2.8919086008210098;-0.500861578006195;3.200055949113182;930.0
2021-08-20;-0.8660254037844385;-0.5000000000000004;-0.7907757369376986;-0.6121059825476627;-0.433883739117558;-0.9009688679024191;0.031163194444444445;0.6838440111420613;-0.04025008490284251;-1;0.0016200545702592087;0.0002557980900409277;0.0068212824010914054;3.6234288880980583;0.0010091743119266055;0.0028440366972477065;0.008073394495412844;1.4299189898035347;2.772639673948123;-0.3036642828859389;3.403069606571552;575.0
2021-08-23;-0.8660254037844385;-0.5000000000000004;-0.9987165071710528;-0.05064916883871355;0.0;1.0;0.02332025920873124;1.0511882998171846;-0.02129684321060576;-1;0.0024727577535624476;0.0002933780385582565;0.005741827326068734;3.3291966897338945;0.00195457930007446;0.0016753536857781086;0.00577066269545793;1.3360278867003565;2.769934692616928;-0.6263629647075261;3.3569477290507064;300.0
2021-08-24;-0.8660254037844385;-0.5000000000000004;-0.9884683243281114;0.15142777750457667;0.7818314824680298;0.6234898018587336;0.01550712489522213;0.6297297297297297;-0.021222216963368887;1;0.001009166596585653;0.00025229164914641325;0.005718610713985367;3.508850118283204;0.0004656794262829468;0.002514668901927913;0.007450870820527149;1.5458184311278356;3.0358282863267463;-0.8301099987679629;2.8172545476690063;750.0
2021-08-25;-0.8660254037844385;-0.5000000000000004;-0.9377521321470804;0.3473052528448203;0.9749279121818236;-0.22252093395631434;0.02014128332352199;0.9457202505219207;-0.0013910212156495038;-1;0.0005778199678071732;0.0007429113871806513;0.007387841016963144;3.7193471726699574;0.00047424831641847674;0.0022763919188086884;0.007493123399411932;1.6660797317967095;2.9841210237817775;-0.949560508609231;3.5222471799603987;200.0
2021-08-26;-0.8660254037844385;-0.5000000000000004;-0.8486442574947509;0.5289640103269624;0.43388373911755823;-0.900968867902419;0.014404226340335962;0.6905444126074498;-0.0001486767766874814;-1;0.0011152416356877324;0.0012804626187525815;0.004956629491945477;3.4176202041289288;0.002104055087987758;0.0016258607498087223;0.0048775822494261665;1.2088345726201708;2.826109113061;-0.937033742105476;3.7594962682313633;715.0
2021-08-27;-0.8660254037844385;-0.5000000000000004;-0.72479278722912;0.6889669190756865;-0.433883739117558;-0.9009688679024191;0.020900454357703428;0.3774703557312253;-0.006518467611558118;1;0.0007500937617202151;0.002250281285160645;0.003458765679043214;3.44365221789977;0.0009508414947228297;0.0005705048968336978;0.005229628220975563;1.4405888176329178;2.912666578266923;-0.5292600053286609;3.2541726655550938;250.0
2021-08-30;-0.8660254037844385;-0.5000000000000004;-0.20129852008866114;0.9795299412524943;0.0;1.0;0.014501812726590823;0.8390804597701149;0.0034984082139062245;-1;0.0006605019815059445;0.0;0.005325297225891677;3.3498433963288416;0.0028846153846153848;9.615384615384615e-05;0.005384615384615384;1.4549224668235328;2.7546408180925948;-0.7216580143397919;2.7186745153177037;570.0
2021-08-31;-0.8660254037844385;-0.5000000000000004;-2.4492935982947064e-16;1.0;0.7818314824680298;0.6234898018587336;0.010733157199471599;0.2230769230769231;-0.0031537630551483472;1;0.0017056327481487644;0.00320326150262085;0.005116898244446293;3.295742844451971;0.0024966391396197426;0.0017284424812752065;0.006913769925100826;1.5549282421836275;2.8276339001450954;-0.7161607043868625;4.094966673988361;205.0
2021-09-01;-1.0;-1.8369701987210297e-16;0.20791169081775931;0.9781476007338057;0.9749279121818236;-0.22252093395631434;0.019801980198019802;0.41386554621848737;-0.008048185264032401;1;0.0002512562814070352;0.0033082077051926296;0.005527638190954774;3.3336993342652654;0.0016418775352520765;0.0015452965037666602;0.004152984353872899;1.5763468476660556;2.760390684619994;0.38294606579445023;3.8363230530022747;10.0
2021-09-02;-1.0;-1.8369701987210297e-16;0.40673664307580015;0.9135454576426009;0.43388373911755823;-0.900968867902419;0.016666666666666666;0.48743718592964824;-0.005254654226284915;-1;0.001170617500731636;0.0010451941970818178;0.004975124378109453;3.464149830759861;0.0023103581055063534;0.0008663842895648826;0.0050057758952637655;1.7543252103608762;2.7641622899281613;-0.08563562533934846;3.9081249170506833;975.0
2021-09-03;-1.0;-1.8369701987210297e-16;0.5877852522924731;0.8090169943749475;-0.433883739117558;-0.9009688679024191;0.023537773318282537;0.26465364120781526;-0.01970136570308611;1;0.0017422343092678367;0.0012323120724089577;0.007053924276547827;3.129115970978065;0.00019258545979778527;0.004814636494944632;0.00837746750120366;2.0626493214204715;3.0185282322183076;-0.21793887106836657;3.4102597432806494;765.0
2021-09-06;-1.0;-1.8369701987210297e-16;0.9510565162951535;0.30901699437494745;0.0;1.0;0.019249564441422683;0.4922737306843267;-0.02104093752871307;-1;0.0008959044368600683;0.0011945392491467576;0.006612627986348123;3.1322985493800073;0.0011521843494959193;0.0006721075372059529;0.005088814210273644;0.8646260105608515;2.7792531660881945;-0.3173242511297384;5.018695719135658;880.0
2021-09-08;-1.0;-1.8369701987210297e-16;0.9945218953682734;-0.10452846326765333;0.9749279121818236;-0.22252093395631434;0.017534129692832766;0.30170316301703165;-0.019556561710817308;1;0.00025608194622279127;0.001195049082373026;0.007767819035424669;3.3444842666700754;0.004797083373309028;0.00019188333493236112;0.005852441715437014;1.859360806814685;2.890926262602413;-0.5012542361248531;3.419000746491734;1560.0
2021-09-09;-1.0;-1.8369701987210297e-16;0.9510565162951536;-0.30901699437494734;0.43388373911755823;-0.900968867902419;0.03764404609475032;0.22675736961451248;-0.03767772661127245;-1;0.003142183817753339;0.005629746006808065;0.012481452387186873;3.15146311173206;0.004697482149567831;0.0033821871476888386;0.00892521608417888;2.6413391300547175;3.0916499771965658;-0.9389247400276924;4.166565115607863;80.0
2021-09-10;-1.0;-1.8369701987210297e-16;0.8660254037844387;-0.4999999999999998;-0.433883739117558;-0.9009688679024191;0.03866631753513136;1.0011286681715577;-0.013074137281597936;1;0.00788912579957356;0.0;0.008059701492537314;2.7789253711467197;0.0012550685460513613;0.0009654373431164317;0.012936860397760186;2.029418594016083;3.250853286004403;-0.9433641425618903;2.848208766590416;910.0
2021-09-13;-1.0;-1.8369701987210297e-16;0.40673664307580004;-0.913545457642601;0.0;1.0;0.032366737739872066;0.31620553359683795;-0.024491096160621423;1;0.0006487889273356401;0.0007352941176470588;0.008044982698961938;2.980689181650431;0.0007614696363982486;0.004473634113839711;0.0074243289548829245;1.7989193180921241;2.8201979018544385;-0.8667595616071223;2.8926700558350116;150.0
2021-09-14;-1.0;-1.8369701987210297e-16;0.20791169081775931;-0.9781476007338057;0.7818314824680298;0.6234898018587336;0.017906574394463668;0.37922705314009664;-0.01671084281323847;1;0.001117798796216681;0.002751504729148753;0.01001719690455718;2.8570256291146214;0.0004761904761904762;0.0018095238095238095;0.007619047619047619;1.830461254927955;2.890072048932326;-0.9412266009746058;3.9281434149163084;0.0
2021-09-15;-1.0;-1.8369701987210297e-16;5.66553889764798e-16;-1.0;0.9749279121818236;-0.22252093395631434;0.015090283748925194;0.3817663817663818;-0.01261215507025563;1;0.0018002571795970852;0.0018431204457779683;0.004672096013716245;2.8460845794693546;0.002378686964795433;0.0021883920076117983;0.006184586108468126;1.8008501137421182;3.2445429580962912;-0.5781879305276348;2.9353188920310935;730.0
2021-09-16;-1.0;-1.8369701987210297e-16;-0.20791169081775907;-0.9781476007338057;0.43388373911755823;-0.900968867902419;0.01607372481783112;-0.13866666666666666;-0.027252514557967178;-1;0.002481605642387566;0.0010884235273629676;0.006095171753232618;2.9070910156426093;0.0014285714285714286;0.001238095238095238;0.005523809523809524;1.3189614250367183;2.9865508628923654;-0.48516804878252073;4.867830978753158;685.0
2021-09-17;-1.0;-1.8369701987210297e-16;-0.4067366430758002;-0.9135454576426009;-0.433883739117558;-0.9009688679024191;0.01240802821193783;0.05263157894736842;-0.03523127146309408;1;0.0009667779926173317;0.001977500439444542;0.005185445596765688;3.003253726754965;0.0016139751257951201;0.0009493971328206589;0.00968385075477072;1.8466731761751989;3.30879008272725;-0.5640018376179093;3.3354427893766805;1500.0
2021-09-20;-1.0;-1.8369701987210297e-16;-0.8660254037844385;-0.5000000000000004;0.0;1.0;0.025839339075408682;-0.6802721088435374;-0.07133275081690488;1;0.00041206904445767136;0.004395403140881828;0.0060436793187125136;3.0041833618696274;0.0026261489401613208;9.379103357719002e-05;0.004877133746013881;1.5638855118272355;2.817271454167267;-0.8380145847743973;4.354485528871897;150.0
2021-09-21;-1.0;-1.8369701987210297e-16;-0.9510565162951535;-0.30901699437494756;0.7818314824680298;0.6234898018587336;0.021656517558719838;1.1839323467230445;-0.05576614417921661;-1;0.0024864376130198916;0.0009945750452079567;0.010216998191681736;2.9669288504241464;0.0026313316417629923;0.003195188422140776;0.006014472324029696;1.5145274454241033;2.784931111402703;-0.8698781288628775;4.691284755531013;180.0
2021-09-22;-1.0;-1.8369701987210297e-16;-0.9945218953682733;-0.10452846326765423;0.9749279121818236;-0.22252093395631434;0.01821880650994575;1.1538461538461537;-0.044894253090173974;1;0.0042152466367713;0.0;0.008609865470852018;3.0078852893409693;0.0004751045229950589;0.0008551881413911061;0.005796275180539719;1.287419992387124;2.9117978287310238;-0.8580412172650653;4.977340084380725;530.0
2021-09-23;-1.0;-1.8369701987210297e-16;-0.9945218953682734;0.10452846326765299;0.43388373911755823;-0.900968867902419;0.018878923766816144;0.66270783847981;-0.02926938322771477;1;0.0037202710483192347;0.0011072235262854866;0.005536117631427432;3.000528833326981;0.001044039483675019;0.0009491268033409263;0.007972665148063782;1.607168661211905;3.0406140932899626;-0.7587560107411034;3.35197971848577;835.0
2021-09-24;-1.0;-1.8369701987210297e-16;-0.9510565162951536;0.30901699437494723;-0.433883739117558;-0.9009688679024191;0.017449842774259268;0.3020304568527919;-0.022988010006038128;-1;0.002030636118836357;0.0017657705381185715;0.004458570608749393;2.9136854536875956;0.00028195488721804513;0.0;0.005451127819548872;1.4460913233540882;3.3310986618521667;0.41899426965262815;4.011509415163894;60.0
2021-09-27;-1.0;-1.8369701987210297e-16;-0.5877852522924734;0.8090169943749473;0.0;1.0;0.01028561338454068;1.2231759656652361;-0.013479478116115922;-1;0.0006136044880785414;0.0033309957924263674;0.00902875175315568;3.221547203770069;0.0006571535861809989;0.002722493428464138;0.007040931280510703;1.949476525615967;3.0493723052002193;-0.15823533913446822;3.1657078844086692;220.0
2021-09-28;-1.0;-1.8369701987210297e-16;-0.40673664307580015;0.913545457642601;0.7818314824680298;0.6234898018587336;0.024193548387096774;0.07246376811594203;-0.02352162927136087;1;0.0014215272533428102;0.0025320954200168805;0.005952645373373018;3.021118895038622;0.001479153184801701;0.0012018119626513821;0.0030507534436535083;2.359934225280373;3.809546162136271;-0.7243645903431842;2.7479662734585797;70.0
2021-09-29;-1.0;-1.8369701987210297e-16;-0.20791169081775898;0.9781476007338057;0.9749279121818236;-0.22252093395631434;0.030029763226866867;0.21301775147928995;-0.03517430269118387;1;0.001897018970189702;0.0006323396567299006;0.006549232158988257;3.0705131713141465;0.003142329020332717;0.0;0.005360443622920518;1.7823178712339214;3.1256830031282585;-0.8812029116958107;4.11798047058745;150.0
2021-09-30;-1.0;-1.8369701987210297e-16;-1.133107779529596e-15;1.0;0.43388373911755823;-0.900968867902419;0.015401987353206865;0.6803519061583577;-0.02346440543063995;1;0.00219435736677116;0.0011195700850873264;0.007523510971786834;3.198357810334114;0.002117278836417196;0.003958390868084323;0.009297615759918991;1.83901388615045;3.256912547067909;-0.8789462417402119;3.3184053386811065;100.0
2021-10-01;-0.8660254037844386;0.5000000000000001;0.20129852008866006;0.9795299412524945;-0.433883739117558;-0.9009688679024191;0.018405732198835647;0.2871046228710462;-0.02509256353249216;1;0.000495272399819901;0.001080594326879784;0.0037370553804592526;3.187303322497743;0.002480477721635278;0.0021129995406522738;0.004593477262287551;1.3743866257435302;3.195905090182434;0.09151965634300195;4.472115762081484;500.0
2021-10-04;-0.8660254037844386;0.5000000000000001;0.72479278722912;0.6889669190756866;0.0;1.0;0.019990995047276;0.6171171171171171;-0.012367394052657616;-1;0.0010685663401602849;0.002493321460373998;0.0037399821905609973;3.1185431988209853;0.0011093648886012757;0.0024036239253027642;0.00351298881390404;1.1969520094931232;2.869921479311702;-0.6286365848943758;3.8675552817819665;730.0
2021-10-05;-0.8660254037844386;0.5000000000000001;0.8486442574947509;0.5289640103269624;0.7818314824680298;0.6234898018587336;0.022439893143365985;0.4642857142857143;-0.02040420343348018;-1;0.001755649590348429;0.002295849464301792;0.005492032051859188;3.019719596097247;0.0014678899082568807;0.0006422018348623853;0.005871559633027523;1.8060315867542698;3.061799111808925;-0.8580806686756832;3.8053190744017495;360.0
2021-10-06;-0.8660254037844386;0.5000000000000001;0.9377521321470804;0.3473052528448203;0.9749279121818236;-0.22252093395631434;0.01580084631313586;-0.43874643874643876;-0.03266064790228359;-1;0.0002744990392533626;0.005444230945191692;0.010156464452374416;3.129859669022803;0.001084010840108401;0.003342366757000903;0.005781391147244806;2.0398387420235076;3.1990050186613694;-0.8624921272025411;3.879713810124972;0.0
2021-10-07;-0.8660254037844386;0.5000000000000001;0.9884683243281114;0.1514277775045767;0.43388373911755823;-0.900968867902419;0.024430414493549272;1.3651685393258426;-0.00937971561712679;-1;0.0;0.0004921039681474522;0.007918400214736276;3.1615413711452907;0.001456796867886734;0.000728398433943367;0.007010834926704908;1.6344242161084452;3.0835001919306144;-0.6370286260678926;3.838684388936647;35.0
2021-10-08;-0.8660254037844386;0.5000000000000001;0.9987165071710528;-0.05064916883871264;-0.433883739117558;-0.9009688679024191;0.011542074889276607;0.6744186046511628;-0.010427197365760666;1;0.002873950334545781;0.0008981094795455566;0.008038079841932732;3.0723409291289197;0.001630730204747237;0.0041674216343540495;0.006160536329045117;2.0385506880911968;2.963515506532893;-0.40176700373154617;3.6393689903593414;910.0
2021-10-11;-0.8660254037844386;0.5000000000000001;0.7907757369376989;-0.6121059825476626;0.0;1.0;0.029098747137276035;0.6033950617283951;0.006810647111534074;-1;0.003666077738515901;0.0010600706713780918;0.005167844522968198;3.1346202228017894;0.00045314482508609753;0.0014500634402755121;0.004168932390792097;1.3088034004263778;2.841455734451237;0.2797035951843915;4.4909083582209846;405.0
2021-10-13;-0.8660254037844386;0.5000000000000001;0.48530196253108104;-0.8743466161445821;0.9749279121818236;-0.22252093395631434;0.017314487632508833;0.6989795918367347;0.010380530322779014;1;0.0029990297256769867;0.0017641351327511688;0.004983681750022052;3.0048552562053232;0.0006326253953908721;0.001174875734297334;0.005241753276095797;1.8631100982151116;3.154664836515611;0.22639113656685042;2.9359712440457058;320.0
2021-10-14;-0.8660254037844386;0.5000000000000001;0.29936312297335804;-0.9541392564000488;0.43388373911755823;-0.900968867902419;0.02024345064831966;0.9368191721132898;0.028707813789565256;-1;0.0020382497072726482;0.001170909406305564;0.006418318227156425;3.2368469552221804;0.0031893566611991982;0.0011846181884454165;0.005011846181884454;1.9503546303475685;3.2669280440580044;0.050315061493312184;2.851821563533302;415.0
2021-10-15;-0.8660254037844386;0.5000000000000001;0.10116832198743272;-0.994869323391895;-0.433883739117558;-0.9009688679024191;0.015438657357214104;0.6292134831460674;0.025348064473657783;-1;8.705493166187865e-05;0.0010446591799425438;0.003482197266475146;3.26317117944011;0.0019996364297400473;0.002999454644610071;0.004999091074350118;2.034961822949793;3.4247457329047513;-0.23699280229070663;2.2313148833348073;645.0
2021-10-18;-0.8660254037844386;0.5000000000000001;-0.4853019625310808;-0.8743466161445822;0.0;1.0;0.01593105249412379;0.5191256830601093;0.026517170698849787;-1;0.0011298452981053364;0.0014340344168260039;0.008386928559012689;3.230505139546964;0.0010948905109489052;0.0006386861313868613;0.009215328467153285;2.0224471047941286;3.1543513513513513;-0.654745783989727;2.9306620627018876;260.0
2021-10-19;-0.8660254037844386;0.5000000000000001;-0.651372482722222;-0.7587581226927911;0.7818314824680298;0.6234898018587336;0.020076481835564052;0.4935064935064935;0.023136109428988708;-1;8.703977717817043e-05;0.0013926364348507269;0.010836452258682218;3.104795458142589;0.0018001800180018;0.00072007200720072;0.006030603060306031;2.5446390850050924;3.657136162200827;-0.6254668357604702;2.888642589530504;495.0
2021-10-20;-0.8660254037844386;0.5000000000000001;-0.7907757369376986;-0.6121059825476627;0.9749279121818236;-0.22252093395631434;0.03498999042562451;0.3756218905472637;-0.00021349653957692102;1;0.0012456624254826942;0.0077409022154996;0.010721594447904617;3.1811770851471355;0.002145922746781116;0.0011623748211731044;0.00536480686695279;1.632317562254708;3.285382006993748;-0.8760700456209306;4.7140785991552745;865.0
2021-10-21;-0.8660254037844386;0.5000000000000001;-0.8978045395707417;-0.44039415155763423;0.43388373911755823;-0.900968867902419;0.029362042886377792;-0.3803030303030303;-0.03403303219148529;1;0.006446859458463805;0.0007367839381101492;0.011972738994289925;2.959346480153769;0.0021158423697434543;0.003790884245790355;0.008375209380234505;1.9709338463636379;3.3277255175463964;-0.8761484709731353;3.0615175819288747;815.0
2021-10-22;-0.8660254037844386;0.5000000000000001;-0.9680771188662041;-0.2506525322587213;-0.433883739117558;-0.9009688679024191;0.035595874009946585;0.32470892626131953;-0.03891353117961445;-1;0.004867872044506259;0.0018080667593880389;0.011033843300880853;2.8835189708650684;0.00070298769771529;0.0017574692442882249;0.006590509666080844;1.7956339047917167;3.1687538274475697;-0.954514094987736;3.9213364030775866;850.0
2021-10-25;-0.8660254037844386;0.5000000000000001;-0.9377521321470804;0.3473052528448203;0.0;1.0;0.04826147426981919;0.8155619596541787;-0.03541059077246265;1;0.0027802233446086837;0.006023817246652147;0.009684444650386915;2.9378334947609406;0.0010598834128245894;0.0004416180886769122;0.008920685391273626;1.4841639166274148;3.006135594206835;-0.9153305840744741;4.306637602918422;1110.0
2021-10-26;-0.8660254037844386;0.5000000000000001;-0.8486442574947509;0.5289640103269624;0.7818314824680298;0.6234898018587336;0.02858996339372596;0.6612641815235009;-0.021165028110327718;-1;9.149549384692804e-05;0.0018299098769385608;0.011299693490095613;3.0227725700613814;0.0012594458438287153;0.000989564591579705;0.005217704210147535;1.6329268740577982;2.9971406662247695;-0.8420807516568265;3.9592387494236125;465.0
2021-10-27;-0.8660254037844386;0.5000000000000001;-0.72479278722912;0.6889669190756865;0.9749279121818236;-0.22252093395631434;0.020769477103252665;0.16079295154185022;-0.03558849081721304;1;0.00013966480446927373;0.0017690875232774675;0.006890130353817504;2.960579686637938;0.000628027992104791;0.0017943656917279742;0.004306477660147138;1.540306437377053;3.142327551966106;-0.6917524338010189;3.7598444488138596;715.0
2021-10-28;-0.8660254037844386;0.5000000000000001;-0.5712682150947924;0.8207634412072763;0.43388373911755823;-0.900968867902419;0.02132216014897579;0.2576419213973799;-0.03401507287018187;-1;0.0006978367062107466;0.0033030937427308677;0.010421028146080483;2.9546610192500884;0.0015298776097912167;0.0007199424046076314;0.01331893448524118;2.0505682154073614;3.2324318090075543;-0.5284383831609755;3.235686319284875;925.0
2021-10-29;-0.8660254037844386;0.5000000000000001;-0.3943558551133187;0.9189578116202306;-0.433883739117558;-0.9009688679024191;0.031309606885322167;0.3060921248142645;-0.046145112456747406;1;0.0013697983090076046;0.0007085163667280714;0.0119030749610316;2.835027402040272;0.002998236331569665;0.0009700176366843034;0.004232804232804233;1.374052195467142;3.1891602055328714;-0.710377308916025;4.967324986108938;1855.0
2021-11-01;-0.5000000000000004;0.8660254037844384;0.20791169081775931;0.9781476007338057;0.0;1.0;0.02824618582022578;0.4080267558528428;-0.04832895129157293;1;0.00047469856641032946;0.002468432545333713;0.0075477072059242385;2.912477069877141;0.001413802244411063;0.0010603516833082973;0.0060970221790227095;1.0506912456865172;3.0297641502316246;-0.8419395733675129;4.704903989580921;260.0
2021-11-03;-0.5000000000000004;0.8660254037844384;0.5877852522924731;0.8090169943749475;0.9749279121818236;-0.22252093395631434;0.017658786670464256;0.1586021505376344;-0.04494076484504591;1;0.002894699378351445;0.0033692402600484033;0.0063588478147392396;2.922651535156929;0.0014904436261616693;0.003068560406803437;0.005523408732246186;1.6257893217764325;3.104409515129226;-0.24732183897915885;3.895455325870476;50.0
2021-11-04;-0.5000000000000004;0.8660254037844384;0.7431448254773941;0.6691306063588582;0.43388373911755823;-0.900968867902419;0.026621743463199354;0.9518716577540107;-0.024230844289935053;-1;0.00023255813953488373;0.003302325581395349;0.012186046511627907;3.044159682792141;0.002769588135441794;0.0010720986330742428;0.010006253908692933;1.5224697551630713;3.044063357926068;-0.3882750945793389;3.9573877807739857;905.0
2021-11-05;-0.5000000000000004;0.8660254037844384;0.8660254037844386;0.5000000000000001;-0.433883739117558;-0.9009688679024191;0.03725581395348837;0.2696629213483146;-0.04784445091756481;1;0.00124282982791587;0.0057361376673040155;0.012667304015296367;2.6090582609994644;0.001600284495021337;0.0013335704125177809;0.008090327169274538;1.6274307889499375;2.7905886173271064;0.0914925723700714;3.6762046388735827;1025.0
2021-11-08;-0.5000000000000004;0.8660254037844384;0.9945218953682734;-0.10452846326765333;0.0;1.0;0.02280114722753346;0.35639412997903563;-0.043201919983939296;-1;0.0010968049594659037;0.0016213638531235098;0.005960896518836433;2.7158754942568617;0.0011645614978052494;8.958165367732689e-05;0.007166532294186151;1.4084222592497226;2.8159071120954122;-0.30891932503371416;4.677983934059504;955.0
2021-11-09;-0.5000000000000004;0.8660254037844384;0.9510565162951536;-0.30901699437494734;0.7818314824680298;0.6234898018587336;0.020362422508345256;0.702576112412178;-0.031788867035630976;-1;0.002834467120181406;0.003212396069538927;0.006472033257747543;2.7283914669687834;0.0001795170990036801;0.0010771025940220806;0.006552374113634324;1.4485535499505215;2.8638778595309335;-0.8877414156695437;4.515117134797007;1300.0
2021-11-10;-0.5000000000000004;0.8660254037844384;0.8660254037844387;-0.4999999999999998;0.9749279121818236;-0.22252093395631434;0.01847127739984883;0.14578005115089515;-0.029610017757751236;1;0.000709286930206166;0.004539436353319463;0.008369585776432759;2.7783462127760608;0.0010861694424330196;0.0003620564808110065;0.009322954380883418;1.791195520534266;2.922260453136947;-0.7828533437729313;3.867503726834239;475.0
2021-11-11;-0.5000000000000004;0.8660254037844384;0.7431448254773945;-0.6691306063588579;0.43388373911755823;-0.900968867902419;0.026574616985057687;0.8149466192170819;-0.010656940349650671;1;0.0002789400278940028;0.0008368200836820083;0.008647140864714086;2.812278222727329;0.0004543802253725918;9.087604507451835e-05;0.008360596146855689;1.3678299313863593;2.807415616736662;-0.6980684414928047;4.7185789511349965;420.0
2021-11-12;-0.5000000000000004;0.8660254037844384;0.5877852522924732;-0.8090169943749473;-0.433883739117558;-0.9009688679024191;0.017340771734077172;0.5576407506702413;0.0006340423079140009;-1;0.0016129032258064516;0.00018433179723502304;0.009400921658986176;2.8167731174386157;0.001014760147601476;0.0017527675276752766;0.006457564575645757;1.7604259617492926;2.897374309377618;-0.831523931624175;4.27100371679181;350.0
2021-11-16;-0.5000000000000004;0.8660254037844384;-0.20791169081775907;-0.9781476007338057;0.7818314824680298;0.6234898018587336;0.021889400921658985;0.3831578947368421;-0.007732853288660795;1;0.0005596492864471598;0.002751608991698536;0.006669153996828654;2.7377995899358836;0.0032048347220950462;9.156670634557275e-05;0.005860269206116656;1.9104188442142478;2.8530065158532594;-0.7929585808246817;3.796962855201158;1075.0
2021-11-17;-0.5000000000000004;0.8660254037844384;-0.4067366430758002;-0.9135454576426009;0.9749279121818236;-0.22252093395631434;0.028169014084507043;0.06291390728476821;-0.025274955239844677;1;0.0007633587786259542;0.00033396946564885497;0.011593511450381679;2.8816236818284535;0.0012727272727272728;9.09090909090909e-05;0.004545454545454545;1.429618388121655;2.9487486130766114;-0.9589473287895106;5.142876133611221;820.0
2021-11-18;-0.5000000000000004;0.8660254037844384;-0.587785252292473;-0.8090169943749475;0.43388373911755823;-0.900968867902419;0.03101145038167939;0.2723076923076923;-0.02934410593053919;1;0.001445086705202312;0.0037572254335260114;0.007851637764932563;2.7883207358308484;0.0035217626873758354;9.030160736861116e-05;0.004876286797905003;1.5303157838480603;2.8510647566181686;-0.9574162770597351;5.75793901110774;360.0
2021-11-19;-0.5000000000000004;0.8660254037844384;-0.743144825477394;-0.6691306063588585;-0.433883739117558;-0.9009688679024191;0.017341040462427744;0.2833333333333333;-0.032656357097922126;1;0.003106042222761466;0.0036398932297985924;0.008201892744479496;2.8598985535280588;0.0001789228842368939;0.0024154589371980675;0.006083378064054392;1.5983513370886056;2.9461591443683477;-0.904478404817423;5.2824939127673085;510.0
2021-11-22;-0.5000000000000004;0.8660254037844384;-0.9945218953682733;-0.10452846326765423;0.0;1.0;0.017908274690609075;0.8997289972899729;-0.017606976864649015;-1;0.0001438021282714984;0.0018694276675294795;0.0062793596011887646;2.720496911855162;0.002049362915441504;0.001425643767263655;0.0045442395081529;1.5037325866582987;2.7550147807468646;-0.027127410841948398;4.548435570290158;880.0
2021-11-23;-0.5000000000000004;0.8660254037844384;-0.9945218953682734;0.10452846326765299;0.7818314824680298;0.6234898018587336;0.026124053302655544;0.11009174311926606;-0.0299103115716492;1;0.0005355404089581305;0.0011684518013631937;0.008860759493670886;2.896824350858976;0.0009795191451469278;0.0020480854853072127;0.006678539626001781;1.6529021197230178;2.8776737885598176;-0.2300934911245867;4.65601898310307;45.0
2021-11-24;-0.5000000000000004;0.8660254037844384;-0.9510565162951536;0.30901699437494723;0.9749279121818236;-0.22252093395631434;0.02356377799415774;0.768595041322314;-0.016469408888657718;-1;0.002307692307692308;0.0002884615384615385;0.008798076923076922;2.8637383044240985;0.0003582303421099767;0.0041196489342647325;0.0067168189145620635;1.835533886354826;2.8874173993774233;-0.5664701506569219;4.4800714940941715;355.0
2021-11-25;-0.5000000000000004;0.8660254037844384;-0.8660254037844386;0.5000000000000001;0.43388373911755823;-0.900968867902419;0.026298076923076924;0.7111517367458866;-0.00717487939188869;1;0.004486873508353222;0.0016706443914081145;0.009976133651551313;2.977434812791226;0.001788428865241885;0.0023249575248144505;0.004918179379415184;1.2420943787118073;2.6207091096929243;-0.5376200294470784;6.667185756981858;635.0
2021-11-26;-0.5000000000000004;0.8660254037844384;-0.743144825477394;0.6691306063588585;-0.433883739117558;-0.9009688679024191;0.021957040572792363;-0.6413043478260869;-0.02232021146711236;1;0.00417070805043647;0.0;0.008729388942774006;2.7917780468463316;0.00035285815102328866;0.0002646436132674665;0.011203246294989415;1.9483997074499788;2.930319589694708;-0.8330124597386355;3.7543391435008493;225.0
2021-11-29;-0.5000000000000004;0.8660254037844384;-0.20791169081775898;0.9781476007338057;0.0;1.0;0.02162948593598448;0.827354260089686;-0.014827738662888819;1;0.0023162669497659607;0.0008203445447087777;0.007527867586739372;2.832404846532116;0.0011607142857142858;0.0030357142857142857;0.004642857142857143;1.6410827490792552;2.813362144777507;-0.6633578514292571;4.490832283935732;180.0
2021-11-30;-0.5000000000000004;0.8660254037844384;-1.133107779529596e-15;1.0;0.7818314824680298;0.6234898018587336;0.015779568595280607;-0.3241590214067278;-0.025859689531441844;1;0.0041035661944308745;0.0009770395701025891;0.007034684904738642;3.028908381961148;0.00026609898882384245;0.0016852935958843356;0.0036366861805925137;1.5757077517148481;3.1635772162715217;-0.49022350135144516;5.322765225467711;715.0
2021-12-01;-2.4492935982947064e-16;1.0;0.20129852008866006;0.9795299412524945;0.9749279121818236;-0.22252093395631434;0.029311187103077674;0.9416666666666667;-0.016601957935354787;1;0.0008235237126386669;0.0006297534273119217;0.005667780845807296;3.0262648075990173;0.000800711743772242;0.0013345195729537367;0.0071174377224199285;1.612208498054273;3.1195976606187537;-0.8040116676608882;4.415983522330257;245.0
2021-12-02;-2.4492935982947064e-16;1.0;0.39435585511331855;0.9189578116202306;0.43388373911755823;-0.900968867902419;0.03521774935813593;0.21458046767537828;-0.029776260178132237;1;0.0007875566056310297;0.0007383343177790904;0.008515455798385509;2.9431940721181946;0.002455924918866766;0.00017542320849048328;0.004824138233488291;1.7716970260957237;2.8889464543286922;-0.7348729778923069;4.761201299362954;725.0
2021-12-03;-2.4492935982947064e-16;1.0;0.5712682150947923;0.8207634412072763;-0.433883739117558;-0.9009688679024191;0.031994487103760585;0.8861538461538462;-0.0017548305656101026;1;0.0014369880729989942;0.004119365809263783;0.006610145135795373;2.99161191329595;0.0038698328935795954;0.0002638522427440633;0.004573438874230431;1.090132994219039;2.6843338756860198;-0.5833378980853796;7.72747657915977;2125.0
2021-12-06;-2.4492935982947064e-16;1.0;0.9377521321470804;0.3473052528448203;0.0;1.0;0.030416247545145374;0.694488188976378;0.014433896005236528;1;0.002072343632253203;0.003485305199698568;0.005698944988696307;2.9520357221456455;0.0005285412262156448;0.0015856236786469344;0.011099365750528542;1.6604627988572702;3.0524801907043777;-0.33264977373263915;5.077269259043069;665.0
2021-12-07;-2.4492935982947064e-16;1.0;0.9884683243281114;0.1514277775045767;0.7818314824680298;0.6234898018587336;0.019498869630746044;1.326086956521739;0.03615838086827848;1;0.0012899064817800709;0.0021652001658451193;0.006311328142995347;2.794072324673802;0.0011409513779182027;0.000526592943654555;0.00631911532385466;1.8032718955831613;3.0054650866321544;0.313698873584056;3.691675272941871;745.0
2021-12-08;-2.4492935982947064e-16;1.0;0.9987165071710528;-0.05064916883871264;0.9749279121818236;-0.22252093395631434;0.015478877781360851;0.6934523809523809;0.034350408013903225;-1;0.0016133493131741496;0.003457177099658892;0.00765188531391168;2.873232996212136;0.003461128860489883;0.0005324813631522897;0.005946041888533901;1.958792460414187;2.947209537527966;-0.4568986391271889;3.8006558206684034;75.0
2021-12-09;-2.4492935982947064e-16;1.0;0.9680771188662043;-0.2506525322587204;0.43388373911755823;-0.900968867902419;0.011984880612150825;-0.023076923076923078;0.02346735882079796;1;0.001209865053513262;0.0020009306654257793;0.0036761284318287575;3.0574022870797064;0.0010783608914450035;0.0013479511143062546;0.004493170381020848;1.5507959656358392;2.8985425725553644;-0.41933556494847674;3.9059262699539268;625.0
2021-12-10;-2.4492935982947064e-16;1.0;0.8978045395707416;-0.4403941515576344;-0.433883739117558;-0.9009688679024191;0.016053978594695206;0.518840579710145;0.018009284511443673;1;0.00028076743097800656;0.0;0.008282639213851193;3.1034638543198496;0.0009847806624888092;0.00017905102954341988;0.004565801253357207;1.1979076866205878;2.969551131360967;-0.2102823014582509;4.884359518346973;485.0
2021-12-13;-2.4492935982947064e-16;1.0;0.48530196253108104;-0.8743466161445821;0.0;1.0;0.01502105755732335;1.0591900311526479;0.03459532359101317;-1;9.212344541685859e-05;0.00041455550437586366;0.004514048825426071;3.1737614390198097;0.0037306804050453012;0.00017765144785930004;0.005063066263990052;1.4693644423988435;2.84951343836886;0.016746449079987635;2.9908190621046566;1460.0
2021-12-14;-2.4492935982947064e-16;1.0;0.29936312297335804;-0.9541392564000488;0.7818314824680298;0.6234898018587336;0.021234454168585905;0.008676789587852495;0.02263389677914147;1;0.0003726476616359232;4.65809577044904e-05;0.012111049003167505;3.0973661900696254;0.0021981886925173657;0.0005275652862041678;0.004132594741932647;1.4181429019793472;2.8271073091677437;0.48613884060766077;4.98402666415118;275.0
2021-12-15;-2.4492935982947064e-16;1.0;0.10116832198743272;-0.994869323391895;0.9749279121818236;-0.22252093395631434;0.0262250791876281;0.6962699822380106;0.03198535799372145;1;0.00027675276752767527;0.001522140221402214;0.005027675276752768;3.0231308361904725;0.0005262696254714499;0.0036838873783001493;0.007718621173581265;2.040629772744113;2.8072980554366946;-0.47461314833729423;2.668573093136018;815.0
2021-12-16;-2.4492935982947064e-16;1.0;-0.10116832198743204;-0.9948693233918952;0.43388373911755823;-0.900968867902419;0.018173431734317343;1.3477157360406091;0.04293080363501695;1;0.004734589820631885;0.0009560229445506692;0.007056359828826368;2.901103530502749;0.005362165963431786;0.0008790436005625879;0.007647679324894515;2.0533844798719767;2.717388015874428;-0.15768231493088086;3.585464928753985;40.0
2021-12-17;-2.4492935982947064e-16;1.0;-0.2993631229733582;-0.9541392564000488;-0.433883739117558;-0.9009688679024191;0.012701447691887462;0.23655913978494625;0.03630670778318688;-1;0.0002740476842970677;0.0013702384214853384;0.007170914405773271;2.9585120395543645;0.000701569762343243;0.00017539244058581075;0.005174076997281417;1.4613564026859307;2.7370469201690018;-0.514668994771102;4.116008359173652;115.0
2021-12-20;-2.4492935982947064e-16;1.0;-0.7907757369376986;-0.6121059825476627;0.0;1.0;0.014524527267744588;-0.44654088050314467;0.012471724932588461;1;0.0014925373134328358;0.002658582089552239;0.004710820895522388;2.9201102195033024;0.001659533583719102;0.0002620316184819635;0.004017818150056774;1.4050491377752585;2.756647359913793;-0.3703820875847889;4.422211200883445;700.0
2021-12-21;-2.4492935982947064e-16;1.0;-0.8978045395707417;-0.44039415155763423;0.7818314824680298;0.6234898018587336;0.016184701492537312;0.9913544668587896;0.012423765400096147;-1;0.0016293468646711047;0.0011172664214887575;0.004329407383268935;3.0654968012135604;0.0013078733978550876;0.0001743831197140117;0.002877321475281193;1.232847296802307;2.807185784997268;-0.8214826411490589;4.320518928214543;535.0
2021-12-22;-2.4492935982947064e-16;1.0;-0.9680771188662041;-0.2506525322587213;0.9749279121818236;-0.22252093395631434;0.01159163912294586;0.17269076305220885;0.003352355123641637;1;0.002064758329422806;0.0;0.0031909901454716095;3.06648645460622;0.0013055966576725564;0.0003481591087126817;0.006527983288362782;1.5466880665764315;2.8449694113756614;-0.6593384508971467;3.7771828755330508;435.0
2021-12-23;-2.4492935982947064e-16;1.0;-0.9987165071710528;-0.05064916883871355;0.43388373911755823;-0.900968867902419;0.01337400281557954;1.0070175438596491;0.007425387439640796;-1;0.0015409039970115802;0.00023347030257751214;0.0036888307807246916;3.020019803637175;0.000794351279788173;0.004501323918799647;0.006001765225066196;1.7419492041381615;2.9390984348016778;-0.08574088847529951;3.029448453548154;740.0
2021-12-27;-2.4492935982947064e-16;1.0;-0.72479278722912;0.6889669190756865;0.0;1.0;0.015362345909600299;0.303951367781155;-0.001402366139916611;1;0.0008011310084825636;0.0015551366635249764;0.0025918944392082943;3.170423272429014;0.0020280398553919406;0.0;0.007142227316815096;1.543951021853181;2.736536454121764;0.10220493854875684;3.156575207783765;605.0
2021-12-28;-2.4492935982947064e-16;1.0;-0.5712682150947924;0.8207634412072763;0.7818314824680298;0.6234898018587336;0.009660697455230915;1.1365853658536584;0.005860475600135241;-1;0.0006069094304388422;0.00046685340802987864;0.0031746031746031746;3.052058289269979;0.00026680896478121667;0.0003557452863749555;0.007737459978655283;1.5548763040542493;2.754289520630278;-0.6591824322066344;3.9840799477393083;775.0
2021-12-29;-2.4492935982947064e-16;1.0;-0.3943558551133187;0.9189578116202306;0.9749279121818236;-0.22252093395631434;0.01437908496732026;0.30844155844155846;-0.004765120816449047;1;0.000471253534401508;0.0021677662582469366;0.003770028275212064;3.0154919069707096;0.0010641127959563714;0.002482929857231533;0.004167775117495788;1.4820018832841406;2.723150240335237;-0.04382704973859838;4.207545689621358;295.0
2021-12-30;-2.4492935982947064e-16;1.0;-0.20129852008866114;0.9795299412524943;0.43388373911755823;-0.900968867902419;0.014514608859566448;0.19155844155844157;-0.014332929665814826;1;0.0;0.00019011406844106463;0.006083650190114068;2.8520523416794634;0.0013077593722755014;0.0001743679163034002;0.01028770706190061;1.6191023266508835;3.0013238844326766;-0.7507243662836944;4.16043937035115;55.0
2022-01-03;0.49999999999999994;0.8660254037844387;0.5712682150947923;0.8207634412072763;0.0;1.0;0.012452471482889733;0.9274809160305344;-0.005496200330893693;1;0.0020677663424033084;0.0015508247568024813;0.003947553926406316;2.918988391516216;0.002317497103128621;0.0025849006150280773;0.006863356805419378;1.925062774335942;2.6912350853733797;-0.8483190863506399;4.1367541988452725;260.0
2022-01-04;0.49999999999999994;0.8660254037844387;0.72479278722912;0.6889669190756866;0.7818314824680298;0.6234898018587336;0.027115935899243385;0.37435008665511266;-0.014427458439852875;1;0.0008535660091047041;0.0019442336874051593;0.005216236722306525;3.0713989371971415;0.0020159523183451663;0.00035060040319046367;0.006135507055833114;2.302638514540181;2.560952986420152;-0.7761986975089108;4.564319608018687;955.0
2022-01-05;0.49999999999999994;0.8660254037844387;0.8486442574947509;0.5289640103269624;0.9749279121818236;-0.22252093395631434;0.01654969650986343;0.3037249283667622;-0.022004203969688396;-1;0.0011953715214688726;0.0025820024863727645;0.008654489815434638;3.110231016478239;0.0014873140857392826;0.004636920384951881;0.006561679790026247;1.922787683220302;2.56623969117389;-0.7642920111969329;4.944654131054131;355.0
2022-01-06;0.49999999999999994;0.8660254037844387;0.9377521321470804;0.3473052528448203;0.43388373911755823;-0.900968867902419;0.029788658315004303;0.12680577849117175;-0.04375203662764937;1;0.00029418975239029176;0.003236087276293209;0.007403775435155676;2.946361912031885;0.004539898725336127;0.001571503404924044;0.0066352365985681856;1.818350275004277;2.638279207885581;-0.42658405600637456;5.133528190657632;20.0
2022-01-07;0.49999999999999994;0.8660254037844387;0.9884683243281114;0.1514277775045767;-0.433883739117558;-0.9009688679024191;0.01505270899730326;0.4820846905537459;-0.03747035721756216;1;0.0012208819651316112;0.0006836939004737022;0.00395565756702642;3.01234503082447;0.0015757681869911582;0.002801365665762059;0.006478158102074761;1.305749098614775;2.6418634951656856;-0.5738187913188831;5.348653070062008;5.0
2022-01-10;0.49999999999999994;0.8660254037844387;0.8978045395707416;-0.4403941515576344;0.0;1.0;0.018215558919763637;0.5603217158176944;-0.03035442948514082;-1;0.004081632653061225;0.0001457725947521866;0.007288629737609329;3.0504466948969546;0.0007050321670926236;0.0028201286683704942;0.005463999294967833;1.5408964264053946;2.551343159858042;-0.7099043264854022;4.231265769447504;410.0
2022-01-11;0.49999999999999994;0.8660254037844387;0.7907757369376989;-0.6121059825476626;0.7818314824680298;0.6234898018587336;0.01608357628765792;0.9969788519637462;-0.024219918559167285;-1;0.002127659574468085;0.0002901353965183752;0.009332688588007737;3.1208944157011547;0.002729113478299146;0.0009683951052029228;0.004753939607359803;1.5741314841662906;2.7085548014282987;-0.7623965082492489;3.790990628341405;580.0
2022-01-12;0.49999999999999994;0.8660254037844387;0.6513724827222223;-0.758758122692791;0.9749279121818236;-0.22252093395631434;0.022340425531914895;0.9675324675324676;-0.009496265526831263;-1;0.0010973282442748092;0.0008587786259541985;0.005152671755725191;3.1663838647523153;0.0024087786600053528;0.0008029262200017843;0.004371487197787492;1.57359351244094;2.534713222497871;-0.9737127428639774;4.96130791517542;1165.0
2022-01-13;0.49999999999999994;0.8660254037844387;0.48530196253108104;-0.8743466161445821;0.43388373911755823;-0.900968867902419;0.02256679389312977;0.813953488372093;0.005193816592317312;-1;0.0005644402634054562;0.0002822201317027281;0.004656632173095014;3.102490497103634;0.0007177462766911897;0.0022429571146599676;0.003947604521801543;1.703379211030234;2.5973211306005397;-0.9649230237774751;3.935376527441129;145.0
2022-01-14;0.49999999999999994;0.8660254037844387;0.29936312297335804;-0.9541392564000488;-0.433883739117558;-0.9009688679024191;0.01284101599247413;0.3553113553113553;0.0037379509597857004;-1;0.003062137843312762;0.00014132943892212747;0.004993640175248505;3.1257965886851324;0.00036036036036036037;0.0011711711711711711;0.0038738738738738738;1.1234292957463585;2.4899590764091726;-0.8894358733945003;7.133762922648491;10.0
2022-01-17;0.49999999999999994;0.8660254037844387;-0.2993631229733582;-0.9541392564000488;0.0;1.0;0.021529184529137418;0.8577680525164114;0.01868519968491346;-1;0.0018112576630131896;9.288500835965076e-05;0.006362623072636076;3.204132028137144;0.00072007200720072;0.0016201620162016202;0.00666066606660666;1.3340655191818813;2.7388868930223693;-0.30153825581583565;4.359134287205707;220.0
2022-01-18;0.49999999999999994;0.8660254037844387;-0.4853019625310808;-0.8743466161445822;0.7818314824680298;0.6234898018587336;0.010588890953000186;-0.36403508771929827;0.007229691956375489;1;0.00018814675446848542;0.0013640639698965192;0.005362182502351835;3.151523266914029;0.0028821039358731875;0.00045032873998018553;0.0037827614158335585;1.4013863315254378;2.744726949235228;-0.4374071765660779;3.814115666706745;325.0
2022-01-19;0.49999999999999994;0.8660254037844387;-0.651372482722222;-0.7587581226927911;0.9749279121818236;-0.22252093395631434;0.01495766698024459;0.8647798742138365;0.019350404664004454;1;0.0014879568492513716;0.00018599460615642145;0.007672277503952385;3.30980981067274;0.0012589928057553956;0.00017985611510791367;0.00539568345323741;1.769900226815667;3.04350394451008;0.04226711532331031;4.00644681947862;750.0
2022-01-20;0.49999999999999994;0.8660254037844387;-0.7907757369376986;-0.6121059825476627;0.43388373911755823;-0.900968867902419;0.016786013205617036;1.0470914127423823;0.035948060556561676;-1;0.00022851919561243144;0.0005027422303473492;0.005621572212065814;3.1088367703510986;0.002564102564102564;0.0011904761904761906;0.004120879120879121;1.7521514254766464;3.0222439516764976;-0.7922067152371813;3.5618290399544117;735.0
2022-01-21;0.49999999999999994;0.8660254037844387;-0.8978045395707417;-0.44039415155763423;-0.433883739117558;-0.9009688679024191;0.015676416819012797;0.40816326530612246;0.03532148150249257;-1;0.0007305936073059361;0.0031506849315068495;0.006301369863013699;3.128231860488754;0.003026967528893781;0.002660062373876353;0.007888460832874701;1.8806963901140816;2.8663811493781086;-0.9371646448022501;4.059188833745964;585.0
2022-01-24;0.49999999999999994;0.8660254037844387;-0.9884683243281114;0.15142777750457667;0.0;1.0;0.014063926940639269;0.04220779220779221;0.028847969782813974;1;0.0010554816208526456;0.0019274012206874397;0.005231517599008765;2.957116883362847;0.002186987424822307;0.0019136139967195188;0.004100601421541826;1.4779616376064535;2.8118319613223575;-0.7928371758647484;4.353481466335485;1020.0
2022-01-25;0.49999999999999994;0.8660254037844387;-0.9377521321470804;0.3473052528448203;0.7818314824680298;0.6234898018587336;0.020329493827727044;0.6049661399548533;0.022666474970715302;-1;0.0001382807098409772;0.0005992164093109011;0.007098409771836829;3.129651054236052;0.001452960406828914;0.0;0.00408645114420632;1.173816874225096;2.6297774399256726;-0.9425461084482261;4.800309402793725;980.0
2022-01-26;0.49999999999999994;0.8660254037844387;-0.8486442574947509;0.5289640103269624;0.9749279121818236;-0.22252093395631434;0.03424752247061535;1.0619111709286675;0.04991248376715036;1;0.0030025992650354037;0.0011203728600878372;0.0070359415613516175;3.1359857756126623;0.0015645131603165838;0.0018406037180195105;0.0043254187373458495;1.3832009383617152;2.853120101154112;-0.9488481125447037;5.379722564525793;510.0
2022-01-27;0.49999999999999994;0.8660254037844387;-0.72479278722912;0.6889669190756865;0.43388373911755823;-0.900968867902419;0.016536703414896478;0.3712737127371274;0.05196486882107871;1;0.0005797877085005798;8.91981090000892e-05;0.007358843992507359;3.0830233322379232;0.0005519779208831647;0.0010119595216191352;0.01076356945722171;1.9175867784171041;3.3421339559720664;-0.9214627301487431;3.732482677623978;220.0
2022-01-28;0.49999999999999994;0.8660254037844387;-0.5712682150947924;0.8207634412072763;-0.433883739117558;-0.9009688679024191;0.013201320132013201;0.36486486486486486;0.053032587076885684;-1;0.0009321732954545455;0.002263849431818182;0.005104758522727273;2.823442923193176;0.0009208103130755065;0.001289134438305709;0.007550644567219153;1.4946114572405664;2.9583381985474415;-0.5342199047644284;4.350594810505293;780.0
2022-01-31;0.49999999999999994;0.8660254037844387;-2.4492935982947064e-16;1.0;0.0;1.0;0.014115767045454546;0.36477987421383645;0.048221741723829405;-1;0.0;0.00480128034142438;0.0061794256246110076;2.8471469349687704;0.0040744513380868595;0.0015742198351699232;0.008334105009723123;1.2274958358384067;3.0626524491344944;-0.18043378715792618;3.6359259392933194;230.0
2022-02-01;0.8660254037844386;0.5000000000000001;0.2225209339563144;0.9749279121818236;0.7818314824680298;0.6234898018587336;0.013025695741086512;0.658703071672355;0.04513858255285361;-1;0.0030211480362537764;0.0004887151235116403;0.004265150168828861;2.861139581064634;0.0006561679790026247;0.0026246719160104987;0.0055305586801649795;1.393255724858303;2.8903834012156926;0.11813979725775699;3.8261024128766707;335.0
2022-02-02;0.8660254037844386;0.5000000000000001;0.4338837391175581;0.9009688679024191;0.9749279121818236;-0.22252093395631434;0.012395592678158877;1.146953405017921;0.05414027463128208;-1;0.0011842105263157896;0.00017543859649122806;0.005;2.955044185739636;0.0009433962264150943;0.0008490566037735849;0.0027358490566037736;1.2731998304765073;3.468146085817229;-0.768316314024264;3.54261327414823;330.0
2022-02-03;0.8660254037844386;0.5000000000000001;0.6234898018587335;0.7818314824680298;0.43388373911755823;-0.900968867902419;0.020789473684210528;-0.07383966244725738;0.026893965537074103;1;0.0007617169997311587;8.961376467425397e-05;0.007348328703288825;2.9462554561813716;9.419743782969103e-05;0.0002825923134890731;0.006499623210248681;1.3818716454678923;2.8178054365967578;-0.3333587906956024;4.01813206239009;615.0
2022-02-04;0.8660254037844386;0.5000000000000001;0.7818314824680298;0.6234898018587336;-0.433883739117558;-0.9009688679024191;0.010932879290258983;0.38934426229508196;0.025998057932247486;1;0.0010267857142857142;0.0028125;0.0040625;2.9334687881423447;0.0010319917440660474;0.0021578009194108266;0.004409419270100384;1.2946073218773952;2.9575001930054814;-0.47619087533439997;4.190881919156323;1140.0
2022-02-07;0.8660254037844386;0.5000000000000001;1.0;6.123233995736766e-17;0.0;1.0;0.01924107142857143;0.8422273781902552;0.025037463819188317;-1;0.00031152647975077883;0.0020471740097908323;0.005607476635514018;2.9244518071880576;0.0013096351730589337;0.00028063610851262864;0.0058933582787652015;1.5275612207965323;2.7126052478491167;-0.33627993447504556;3.893415533814015;230.0
2022-02-08;0.8660254037844386;0.5000000000000001;0.9749279121818236;-0.22252093395631434;0.7818314824680298;0.6234898018587336;0.008767245215843347;0.24873096446700507;0.016755106491240825;-1;0.0019213583556747095;0.000580875781948168;0.003440571939231457;2.8778864356225355;0.0012275731822474032;0.0013220018885741266;0.004532577903682719;1.3921466743190574;2.692028084141858;-0.39508203436815004;4.000035938165818;480.0
2022-02-09;0.8660254037844386;0.5000000000000001;0.9009688679024191;-0.43388373911755806;0.9749279121818236;-0.22252093395631434;0.01519213583556747;1.1470588235294117;0.023043372964947184;-1;0.0008849557522123894;0.00013274336283185842;0.008053097345132744;2.921977100961293;0.0003791469194312796;0.002654028436018957;0.006919431279620853;1.8412524279980031;3.045611776525155;0.08791446667298695;3.9596281818558907;270.0
2022-02-10;0.8660254037844386;0.5000000000000001;0.7818314824680299;-0.6234898018587335;0.43388373911755823;-0.900968867902419;0.013141592920353983;0.4208754208754209;0.01591601760921097;1;0.002533333333333333;0.0004;0.0052;2.872579336836969;0.0021873514027579647;0.0013314312886352829;0.00446980504041845;1.7167491325634718;2.57039574642834;-0.5445469100072116;3.886011713313909;135.0
2022-02-11;0.8660254037844386;0.5000000000000001;0.6234898018587339;-0.7818314824680295;-0.433883739117558;-0.9009688679024191;0.015466666666666667;0.5028735632183908;0.018207021325910407;1;0.0013702263083451203;8.84016973125884e-05;0.01051980198019802;2.9134675944202195;0.001999048072346502;0.0013326987148976678;0.009138505473584007;1.6213696452936293;2.7468875386908174;-0.6463365665013729;4.034906577744762;150.0
2022-02-14;0.8660254037844386;0.5000000000000001;1.2246467991473532e-16;-1.0;0.0;1.0;0.01670792079207921;-0.05291005291005291;0.014471935935648364;1;0.0020353982300884955;0.0010619469026548673;0.00991150442477876;2.838315127623494;0.002370791844476055;0.003224276908487435;0.011948790896159318;1.7499678039034643;2.6538989394884593;-0.5581379865446853;3.7285686904886752;295.0
2022-02-15;0.8660254037844386;0.5000000000000001;-0.22252093395631384;-0.9749279121818237;0.7818314824680298;0.6234898018587336;0.012654867256637168;1.132867132867133;0.024736879788071885;-1;0.0018777292576419213;0.00013100436681222707;0.004148471615720524;2.662829318526382;0.0005756500047970833;0.00038376666986472224;0.0047011417058428475;1.3460233269348216;2.6355023715032426;-0.8098326855010914;3.8463035823321197;100.0
2022-02-16;0.8660254037844386;0.5000000000000001;-0.433883739117558;-0.9009688679024191;0.9749279121818236;-0.22252093395631434;0.010087336244541485;1.9696969696969697;0.036914809405416256;1;0.000989204765386435;0.0;0.005247086146832394;2.897542272644715;0.0028019323671497585;0.001256038647342995;0.004734299516908212;1.7832101906206315;2.891407151381303;-0.844175421416922;2.2403499848435806;215.0
2022-02-17;0.8660254037844386;0.5000000000000001;-0.6234898018587338;-0.7818314824680296;0.43388373911755823;-0.900968867902419;0.00873080727710636;0.04433497536945813;0.033706566880948204;1;0.0012037833190025795;0.0013757523645743766;0.0032244196044711954;2.7304778341063534;0.0002904162633107454;0.0028073572120038723;0.005517909002904163;1.1178014544964425;2.6894671076809997;-0.8737875487505706;3.459158463195063;35.0
2022-02-18;0.8660254037844386;0.5000000000000001;-0.7818314824680297;-0.6234898018587337;-0.433883739117558;-0.9009688679024191;0.015735167669819434;0.30327868852459017;0.023011211841052145;1;0.001126955918685796;0.0004767890425209137;0.004464479216332192;2.954148485510582;0.0003863987635239567;0.0013523956723338485;0.006568778979907265;1.4397875420281805;2.747389127996943;-0.587871606097653;3.175584494950301;150.0
2022-02-21;0.8660254037844386;0.5000000000000001;-1.0;-1.8369701987210297e-16;0.0;1.0;0.015213904902258246;0.14814814814814814;0.011764237338012183;-1;0.0018369489153254024;0.001224632610216935;0.003717634709587124;2.8959143165962464;0.004377006127808579;0.00048633401420095323;0.0050578737476899135;1.6370374290108547;2.835604125272022;0.15996907934847532;3.0730951467325114;215.0
2022-02-22;0.8660254037844386;0.5000000000000001;-0.9749279121818238;0.22252093395631334;0.7818314824680298;0.6234898018587336;0.016532540237928623;0.37037037037037035;0.004086140254003313;1;0.0005279366476022878;0.0;0.008007039155301364;2.9651717778724946;0.0008820070560564484;0.002548020384163073;0.004998039984319875;2.1952349485366582;2.8728667902721576;0.4596645659018653;3.3099647162460726;135.0
2022-02-23;0.8660254037844386;0.5000000000000001;-0.9009688679024193;0.43388373911755795;0.9749279121818236;-0.22252093395631434;0.010646722393312803;0.9214876033057852;0.011579810736680572;1;0.0018744551002615518;0.0025283347863993026;0.004838709677419355;2.9085825215351626;0.00099000099000099;9.9000099000099e-05;0.00792000792000792;2.238380273099704;3.1013622422193774;-0.24265094653026612;2.574143645424361;165.0
2022-02-24;0.8660254037844386;0.5000000000000001;-0.7818314824680299;0.6234898018587334;0.43388373911755823;-0.900968867902419;0.01904969485614647;-1.1098398169336385;-0.02586096699828534;1;0.006380090497737557;0.004072398190045249;0.013076923076923076;2.7178393064277815;0.000691699604743083;0.004545454545454545;0.011264822134387351;2.523723134139374;2.831051406054093;-0.22522334090195126;3.5518431255441056;250.0
2022-02-25;0.8660254037844386;0.5000000000000001;-0.6234898018587337;0.7818314824680297;-0.433883739117558;-0.9009688679024191;0.025520361990950226;0.9024822695035462;-0.0073263625623754694;-1;4.440694524623651e-05;0.003730183400683867;0.0075047737466139705;2.9721150866838806;0.000968054211035818;0.0034849951597289448;0.008906098741529526;2.0840326715762236;2.6701892801563463;-0.78336070419439;2.7302127947953374;285.0
2022-03-03;1.0;6.123233995736766e-17;0.5712682150947923;0.8207634412072763;0.43388373911755823;-0.900968867902419;0.013405639913232105;0.9223300970873787;0.024838371425870684;-1;0.0018876018876018876;0.0018876018876018876;0.0039468039468039465;2.937778579651872;0.0012618908949718502;0.00067947971267715;0.008736167734420501;1.6666576885428;2.4296205777475057;0.11259431953695735;2.8193826278963536;310.0
2022-03-04;1.0;6.123233995736766e-17;0.72479278722912;0.6889669190756866;-0.433883739117558;-0.9009688679024191;0.00827970827970828;-0.40932642487046633;0.016918638605057587;1;0.0012953927198929142;0.0012522129625631504;0.004274795975646617;2.847339072662192;0.0010806562530700462;0.004912073877591119;0.006680420473523922;1.9368258445052666;2.677182500601843;-0.7829251592719353;2.576179440332111;585.0
2022-03-07;1.0;6.123233995736766e-17;0.9884683243281114;0.1514277775045767;0.0;1.0;0.014206140161492293;0.3617021276595745;0.009590407400506373;-1;0.001997568177870419;0.0010856348792774014;0.0054281743963870074;2.954333119950172;0.004203734480398866;0.0011731352038322417;0.010558216834490175;1.8722052429524803;2.7761871972832766;-0.3573078329811703;2.887673178795348;515.0
2022-03-08;1.0;6.123233995736766e-17;0.9987165071710528;-0.05064916883871264;0.7818314824680298;0.6234898018587336;0.03313357651554629;0.23722149410222804;-0.011336476263567591;1;0.003371185237757275;4.435770049680625e-05;0.008250532292405962;2.924351831914526;0.0017574692442882249;0.0046865846514352666;0.006444053895723492;1.9050719704549213;2.5914068365131784;-0.8110026231447647;2.7522216466229685;645.0
2022-03-09;1.0;6.123233995736766e-17;0.9680771188662043;-0.2506525322587204;0.9749279121818236;-0.22252093395631434;0.01463804116394606;0.8454545454545455;-0.00533997083301352;-1;0.0032189787459211573;0.0010582943822206544;0.0067907222859158655;2.836277270622424;0.0017786561264822134;0.0018774703557312253;0.00424901185770751;1.3664638914988925;2.6523378104409527;-0.3250237708739631;3.450359692181522;140.0
2022-03-10;1.0;6.123233995736766e-17;0.8978045395707416;-0.4403941515576344;0.43388373911755823;-0.900968867902419;0.021783226034041803;0.6032388663967612;0.00024316029520974217;-1;0.0012702584318878669;0.0007884362680683311;0.004730617608409987;2.766898986905297;0.00029650128483890096;0.0014825064241945048;0.004645186795809449;1.2345167140339346;2.742535377785284;-0.8489108453517845;3.819215550858548;490.0
2022-03-11;1.0;6.123233995736766e-17;0.7907757369376989;-0.6121059825476626;-0.433883739117558;-0.9009688679024191;0.0164257555847569;1.5066666666666666;0.01212846852092221;-1;0.0012110726643598615;0.0007785467128027682;0.0067041522491349485;2.7148744642603932;0.0004969684921975947;0.0034787794453831626;0.005069078620415466;1.430410573968607;2.732228090185246;-0.7817509771221894;3.5227775425656933;5.0
2022-03-14;1.0;6.123233995736766e-17;0.29936312297335804;-0.9541392564000488;0.0;1.0;0.03109861591695502;0.16828929068150209;-0.013042717086834734;1;0.0008869179600886918;0.0021286031042128603;0.005853658536585366;2.6713763250378584;0.0018684236404759563;0.00039335234536335925;0.004720228144360311;1.3344319365488573;2.8968567907129814;-0.9003875205772253;4.5818570222510315;1350.0
2022-03-15;1.0;6.123233995736766e-17;0.10116832198743272;-0.994869323391895;0.7818314824680298;0.6234898018587336;0.024745011086474502;0.13440860215053763;-0.028269828645795678;-1;0.0005862193362193362;0.00045093795093795094;0.008793290043290044;2.8825908873235293;0.0017533606078316774;0.002824858757062147;0.005649717514124294;1.7010803094117137;2.6745808289257322;-0.9352354954841808;3.774601161658271;1140.0
2022-03-16;1.0;6.123233995736766e-17;-0.10116832198743204;-0.9948693233918952;0.9749279121818236;-0.22252093395631434;0.021419552669552668;1.1305263157894736;-0.02322426860344907;-1;0.0020223810165835242;0.0005393016044222731;0.006965979057121028;3.105368583914134;0.00048430840759395585;0.0038744672607516468;0.007264626113909337;1.8691325530136196;2.998735861610113;-0.8943721545923028;3.2782532858413136;670.0
2022-03-17;1.0;6.123233995736766e-17;-0.2993631229733582;-0.9541392564000488;0.43388373911755823;-0.900968867902419;0.02229113298278729;0.8709677419354839;-0.01589149415188622;1;0.0009820551736452103;0.0037050263369342025;0.007767163646103027;2.8923593691299287;0.0027472527472527475;0.0010792778649921506;0.006181318681318681;1.947691543975499;2.8091608760664966;-0.7838453578376918;3.881109422040338;215.0
2022-03-18;1.0;6.123233995736766e-17;-0.4853019625310808;-0.8743466161445822;-0.433883739117558;-0.9009688679024191;0.021382019462547988;0.6325678496868476;-0.0056525981732349915;1;0.0019892140394306428;0.0004420475643179206;0.005614004066837592;2.930902017285837;0.002170053264943776;0.0023673308344841193;0.0061156046557506415;1.5153644054740136;2.862827771071706;-0.9626188835948711;3.1973291947597424;800.0
2022-03-21;1.0;6.123233995736766e-17;-0.8978045395707417;-0.44039415155763423;0.0;1.0;0.02683228715409778;0.8698517298187809;0.017476052597444;1;0.0019446845289541918;0.0006050129645635263;0.004710458081244598;2.7522944572727774;0.00029723570791637767;0.0003963142772218369;0.005944714158327554;1.3876454321624414;2.6724835142708527;-0.9260681828910103;3.245404088603144;680.0
2022-03-22;1.0;6.123233995736766e-17;-0.9680771188662041;-0.2506525322587213;0.7818314824680298;0.6234898018587336;0.013094209161624891;1.0396039603960396;0.029717323024885237;1;8.532059212490934e-05;0.002388976579497462;0.005289876711744379;2.920499189410774;0.0016161616161616162;0.000505050505050505;0.0065656565656565654;1.6174468728730242;3.017557251908397;-0.9026451886581237;2.7469002154627216;485.0
2022-03-23;1.0;6.123233995736766e-17;-0.9987165071710528;-0.05064916883871355;0.9749279121818236;-0.22252093395631434;0.011646260825050126;0.6043956043956044;0.032666010379280026;1;0.0004670912951167728;0.0012314225053078557;0.003227176220806794;2.998363217827226;0.0004055561188279428;0.001723613505018757;0.005779174693298185;1.640305348336282;2.7903686071109135;-0.9183212820161055;2.820977562200024;25.0
2022-03-24;1.0;6.123233995736766e-17;-0.9884683243281114;0.15142777750457667;0.43388373911755823;-0.900968867902419;0.01129511677282378;0.5902255639097744;0.035884984305104395;1;0.0015626319790522849;0.0014781653855899992;0.0032519638482979983;2.851775692497505;0.0;0.00237382598823408;0.007018268139126845;1.4031589468406362;3.1029224364964745;-0.7776995926826424;2.2239749052984004;225.0
2022-03-25;1.0;6.123233995736766e-17;-0.9377521321470804;0.3473052528448203;-0.433883739117558;-0.9009688679024191;0.01892051693555199;0.9888392857142857;0.04737523270761448;1;0.0014169618670556365;0.0031256511773286103;0.005876224213377787;2.845515862423085;0.00041399296211964395;0.002587456013247775;0.008486855723452702;1.5425741916066804;2.793644572191737;-0.6719272842957315;2.8988548990263783;470.0
2022-03-28;1.0;6.123233995736766e-17;-0.5712682150947924;0.8207634412072763;0.0;1.0;0.010668889351948322;0.73046875;0.04450687307283042;-1;0.001958333333333333;0.002916666666666667;0.0057083333333333335;2.7973212719473106;0.0031598904571308196;0.001474615546661049;0.010532968190436065;1.914674907264401;2.8827185341426893;-0.606356353835551;1.9595013879812553;1025.0
2022-03-29;1.0;6.123233995736766e-17;-0.3943558551133187;0.9189578116202306;0.7818314824680298;0.6234898018587336;0.013916666666666667;0.9790419161676647;0.04322845357872057;1;0.003119800332778702;0.0018718801996672214;0.01064891846921797;3.089400009705963;0.0020027405923895856;0.004743332981975335;0.009802888162749025;2.091117886173598;2.6722494688561045;-0.25895446972439123;2.8381030223097357;295.0
2022-03-30;1.0;6.123233995736766e-17;-0.20129852008866114;0.9795299412524943;0.9749279121818236;-0.22252093395631434;0.01173044925124792;0.09574468085106383;0.03968387931668766;1;0.0004162850720173175;0.00012488552160519524;0.007992673382732495;2.8080164311100653;0.0002098635886673662;0.0001049317943336831;0.007345225603357817;1.6009923233806782;2.5657084988704524;-0.8318430213461049;2.6500805389719138;330.0
2022-03-31;1.0;6.123233995736766e-17;-2.4492935982947064e-16;1.0;0.43388373911755823;-0.900968867902419;0.008450586961951544;0.6995073891625616;0.043759625540812294;1;0.002193617813832209;0.002566118952030131;0.00484251479657299;2.9846240282279433;0.003633343714315374;0.0003114294612270321;0.00747430706944877;1.8200877072180839;2.781880259182006;-0.4025454460780533;1.999121917982008;290.0
2022-04-01;0.8660254037844387;-0.4999999999999998;0.20791169081775931;0.9781476007338057;-0.433883739117558;-0.9009688679024191;0.009271139439592731;0.5267857142857143;0.0419721565718426;1;0.0029387417218543046;0.00012417218543046358;0.007119205298013245;3.081158575020105;0.00010482180293501048;0.0016771488469601676;0.009643605870020965;1.7702460494362884;3.0078998346759236;-0.29433774649029437;2.589947959963581;295.0
2022-04-04;0.8660254037844387;-0.4999999999999998;0.7431448254773941;0.6691306063588582;0.0;1.0;0.011920529801324504;1.0104166666666667;0.05148391786142072;-1;0.0004908376963350785;0.002086060209424084;0.007076243455497382;3.0513769375355335;0.003837543971858011;0.0009593859929645027;0.009913655260633194;1.6962720494275825;2.638353309015112;-0.8701658581382;2.4415965393419956;240.0
2022-04-05;0.8660254037844387;-0.4999999999999998;0.8660254037844386;0.5000000000000001;0.7818314824680298;0.6234898018587336;0.010348494764397906;0.3241106719367589;0.040298782342032116;-1;0.00041170900407591914;0.0043229445427971505;0.005763926057062868;3.0494016473359347;0.002269779507133593;0.0028102031993082577;0.009619541720709036;2.0228857853751396;2.590722608562375;-0.5997809010443317;2.276339196653986;225.0
2022-04-06;0.8660254037844387;-0.4999999999999998;0.9510565162951535;0.30901699437494745;0.9749279121818236;-0.22252093395631434;0.025896496356375313;-0.10174880763116058;0.011773998996594827;1;0.0017302498311951384;0.0035449020931802838;0.00599257258609048;2.8427406433641247;0.0005341309689135776;0.0011750881316098707;0.008973400277748103;1.938824019778872;2.5492797200678625;-0.30221662372896335;3.347262887846066;850.0
2022-04-07;0.8660254037844387;-0.4999999999999998;0.9945218953682733;0.10452846326765346;0.43388373911755823;-0.900968867902419;0.016416272788656313;0.8457583547557841;0.010983013848147895;-1;0.001771255060728745;0.0014338731443994603;0.008982793522267206;2.974535718892458;0.003273495248152059;0.0019007391763463568;0.007074973600844773;1.9624673272788793;2.534692241499776;-0.9491538548845941;2.7434194777365586;355.0
2022-04-08;0.8660254037844387;-0.4999999999999998;0.9945218953682734;-0.10452846326765333;-0.433883739117558;-0.9009688679024191;0.016025641025641024;0.9236842105263158;0.015320452804494;-1;0.0;0.0;0.007838041747003102;2.992040880004501;0.002935625917383099;0.00545187670371147;0.00891172153491298;2.1339140055340744;2.558025208239779;-0.563786693996223;2.3162372066133594;790.0
2022-04-11;0.8660254037844387;-0.4999999999999998;0.7431448254773945;-0.6691306063588579;0.0;1.0;0.014879704920781289;0.11830985915492957;-0.0003099484975989606;-1;0.0008919091102144829;8.49437247823317e-05;0.006073476321936717;2.7528510881948423;0.0055936675461741425;0.0016886543535620053;0.011926121372031662;2.0501148115432026;2.647036432263596;0.24717900344794505;2.5070503740219388;530.0
2022-04-12;0.8660254037844387;-0.4999999999999998;0.5877852522924732;-0.8090169943749473;0.7818314824680298;0.6234898018587336;0.009173922276491824;0.6203703703703703;-0.005507314501324423;1;0.0008942258559018906;0.0008942258559018906;0.010390052801907681;2.5867931706002376;0.0034035311635822164;0.0007445224420336099;0.015103169538396086;2.6462974428484873;2.6978637375943264;0.47462636640921513;2.1730956493165614;325.0
2022-04-13;0.8660254037844387;-0.4999999999999998;0.40673664307580004;-0.913545457642601;0.9749279121818236;-0.22252093395631434;0.021504002725259753;1.0910891089108912;0.003443478187434155;1;0.0014307355664029625;0.0022723447231105874;0.004334287157044268;2.5357250341997264;0.0035169988276670576;0.0027709687733134393;0.007673451987637216;1.893425961561409;2.6240283074215314;0.14263070724774704;2.0721634934497817;260.0
2022-04-14;0.8660254037844387;-0.4999999999999998;0.20791169081775931;-0.9781476007338057;0.43388373911755823;-0.900968867902419;0.00980474667564383;0.3905579399141631;4.2107036085729926e-05;-1;0.0009684210526315789;0.00029473684210526316;0.004;2.7310091811777353;0.0008484462827447237;0.0011666136387739952;0.008060239686074876;1.603094906466382;2.781147101261608;-0.09692104395034994;2.6700151154109015;55.0
2022-04-18;0.8660254037844387;-0.4999999999999998;-0.587785252292473;-0.8090169943749475;0.0;1.0;0.010905263157894737;0.1274131274131274;-0.010206054695709926;0;0.002038476239011339;0.0011891111394232812;0.00322758737843462;2.7011789552691674;0.0019136721241760578;0.0019136721241760578;0.0064852221985966406;1.5851972083310146;2.6613542142228;0.11743791878476433;2.344711251888715;450.0
2022-04-19;0.8660254037844387;-0.4999999999999998;-0.743144825477394;-0.6691306063588585;0.7818314824680298;0.6234898018587336;0.009682762135303861;0.2807017543859649;-0.01361565748105086;-1;0.00038325597240557;0.00029808797853766555;0.0038751437209896523;2.8365035340431244;0.0005341880341880342;0.0016025641025641025;0.004914529914529914;2.0447970081465456;2.8157097833173244;0.410149311845036;1.954577837206881;70.0
2022-04-20;0.8660254037844387;-0.4999999999999998;-0.8660254037844385;-0.5000000000000004;0.9749279121818236;-0.22252093395631434;0.0114976791721671;0.9518518518518518;-0.013723604010804136;-1;0.0001277737552706674;0.000638868776353337;0.00638868776353337;2.8173169645450495;0.001823838643922326;0.000429138504452312;0.007188069949576226;1.6782199292226783;2.7458186342813735;0.3918582315423233;2.4693350033774264;555.0
2022-04-22;0.8660254037844387;-0.4999999999999998;-0.9945218953682733;-0.10452846326765423;-0.433883739117558;-0.9009688679024191;0.014438434345585416;-0.7168141592920354;-0.037052455411113426;-1;0.001222707423580786;0.0034934497816593887;0.00611353711790393;2.7218382251779336;0.004369138959931799;0.0023444160272804776;0.008631713554987212;2.3549494147848975;3.1101314358749357;0.25390621884801273;1.723101985939319;125.0
2022-04-25;0.8660254037844387;-0.4999999999999998;-0.8660254037844386;0.5000000000000001;0.0;1.0;0.02096069868995633;-0.3770833333333333;-0.06156689291275864;1;8.98190146854089e-05;0.002559841918534154;0.005209502851753717;2.748868908700715;0.007563199336924989;0.0004144218814753419;0.010671363447990054;2.4540619208016103;2.763604124134146;-0.8868742550655923;1.8211800933180278;350.0
2022-04-26;0.8660254037844387;-0.4999999999999998;-0.743144825477394;0.6691306063588585;0.7818314824680298;0.6234898018587336;0.01827816948848071;0.6191646191646192;-0.052215457466599016;-1;0.0001338270062898693;0.0007583530356425926;0.006691350314493465;2.794617547869539;0.0013232899022801302;0.0028501628664495114;0.009466612377850164;1.9150229772280178;2.625731715253587;-0.9636098541853568;1.9522531747947065;470.0
2022-04-27;0.8660254037844387;-0.4999999999999998;-0.5877852522924734;0.8090169943749473;0.9749279121818236;-0.22252093395631434;0.02578400321184815;0.44809688581314877;-0.06139115921440721;1;0.0007239491425727343;0.0010406768924483055;0.011356952174109768;2.8953013900410003;0.00771156735102654;0.0017025538307461191;0.012118177265898849;2.472917238540142;2.8006161856324825;-0.8624455669618942;1.9394622867991147;90.0
2022-04-28;0.8660254037844387;-0.4999999999999998;-0.40673664307580015;0.913545457642601;0.43388373911755823;-0.900968867902419;0.01189991403103932;1.3041825095057034;-0.04440423904171914;-1;0.0008920208732884349;0.00022300521832210873;0.0062441461130190445;2.5891404423932904;0.0013029968928535633;0.00040092212087801946;0.00721659817580435;1.7619491024040328;2.547301714234941;-0.634246075103752;1.9471136297667557;490.0
2022-04-29;0.8660254037844387;-0.4999999999999998;-0.20791169081775898;0.9781476007338057;-0.433883739117558;-0.9009688679024191;0.01734980598546006;0.2647814910025707;-0.05135836598104685;1;0.0018946228798267773;0.0009022013713460845;0.02124684229520029;2.986291549708971;0.0033343437405274324;0.004950995251086188;0.011720723451550974;1.5761776348389944;2.5645010577360625;-0.2932732772042551;3.5435439259020463;315.0
2022-05-02;0.49999999999999994;-0.8660254037844387;0.39435585511331855;0.9189578116202306;0.0;1.0;0.0448845182244677;0.0592964824120603;-0.06474000124735743;1;0.005748712288447388;0.000873804267844003;0.008048197203826343;2.6019851578914683;0.0011976047904191617;9.98003992015968e-05;0.01187624750499002;1.365198292146594;2.5090195770724626;-0.5630976694947156;2.7516903196752587;775.0
2022-05-03;0.49999999999999994;-0.8660254037844387;0.5712682150947923;0.8207634412072763;0.7818314824680298;0.6234898018587336;0.027731788079470198;0.4859038142620232;-0.06639049006931802;-1;0.005280222325150533;0.00037054191755442334;0.006021306160259379;2.7527361552884337;0.002359882005899705;0.0007866273352999017;0.005211406096361848;1.7774755392458081;2.613196268243975;-0.8954281163228581;2.4579267272625884;240.0
2022-05-04;0.49999999999999994;-0.8660254037844387;0.72479278722912;0.6889669190756866;0.9749279121818236;-0.22252093395631434;0.011162575266327003;0.5518672199170125;-0.060369395435856156;-1;0.0011113169105389886;0.00018521948508983145;0.008334876829042416;2.8192688480680355;0.000499001996007984;0.000998003992015968;0.008283433133732535;1.5739425602602055;2.504610204705614;-0.6419584887909505;2.3345094711203997;655.0
2022-05-05;0.49999999999999994;-0.8660254037844387;0.8486442574947509;0.5289640103269624;0.43388373911755823;-0.900968867902419;0.036210409335062047;0.7531969309462916;-0.046153038823827805;-1;0.00178800660187053;4.5846323124885384e-05;0.008848340363102879;2.6885083554021127;0.0017035775127768314;0.0036075759094097606;0.011423990379797576;1.6669281852148194;2.502682130954783;-0.5677839171996816;2.1886863789518163;1230.0
2022-05-06;0.49999999999999994;-0.8660254037844387;0.9377521321470804;0.3473052528448203;-0.433883739117558;-0.9009688679024191;0.03841921877865395;0.25894988066825775;-0.06654648580913228;1;0.009467734338200659;0.0009420631182289214;0.013659915214319359;2.4717062966307606;0.0010863124629666206;0.003555204424254395;0.016294686944499308;2.2721759304926765;2.4697351132864607;-0.883153947965823;2.748280133203379;1195.0
2022-05-09;0.49999999999999994;-0.8660254037844387;0.9680771188662043;-0.2506525322587204;0.0;1.0;0.02322185586434291;-0.11156186612576065;-0.07366932231295373;-1;0.0017177211565989122;0.002242580398893024;0.006966313579540032;2.588813335650687;0.002702702702702703;0.00222007722007722;0.007432432432432433;1.584289202099711;2.332356879243667;-0.882693221526951;2.4524291733933246;30.0
2022-05-10;0.49999999999999994;-0.8660254037844387;0.8978045395707416;-0.4403941515576344;0.7818314824680298;0.6234898018587336;0.01646149441740624;0.7304347826086957;-0.06426115462798632;-1;0.0009507058991301041;0.004420782430954984;0.0063221942292151926;2.582203321958627;0.0010596281668432714;0.00019265966669877662;0.006646758501107793;1.6337142870944579;2.4768066878540833;-0.9046417258418596;2.2933906659265313;255.0
2022-05-11;0.49999999999999994;-0.8660254037844387;0.7907757369376989;-0.6121059825476626;0.9749279121818236;-0.22252093395631434;0.017968341493558967;0.9920634920634921;-0.057604511682033836;-1;0.003562099263832819;0.0016148183329375446;0.014960816908097838;2.4641515401781793;0.0006822612085769981;0.0004873294346978557;0.013840155945419104;1.8973259134423375;2.4522564336579684;-0.9029627015132787;3.4335887525755147;1875.0
2022-05-12;0.49999999999999994;-0.8660254037844387;0.6513724827222223;-0.758758122692791;0.43388373911755823;-0.900968867902419;0.022274994063167894;0.16417910447761194;-0.060112829648824466;1;0.003254834386367988;0.00215393452039058;0.005552364541451273;2.6007726404289757;0.007017206575026435;0.0007690089397289243;0.007882341632221474;1.7021301475880328;2.6230957359095766;-0.6714025194702835;2.6232206588585427;530.0
2022-05-13;0.49999999999999994;-0.8660254037844387;0.48530196253108104;-0.8743466161445821;-0.433883739117558;-0.9009688679024191;0.026708788052843192;1.3727598566308243;-0.02346785707831053;-1;0.00046268449544255774;0.000601489844075325;0.008467126266598806;2.6456463925970533;9.709680551509856e-05;0.0012622584716962813;0.005922905136421012;1.4780228130820132;2.5278741473826014;-0.40150889529732775;2.2707424071449323;910.0
2022-05-16;0.49999999999999994;-0.8660254037844387;-0.10116832198743204;-0.9948693233918952;0.0;1.0;0.015823809744135473;0.2777777777777778;-0.02294035235908929;1;0.0015338136184057634;0.0;0.0064606088775273065;2.558724512070889;0.0012735109717868338;0.0038205329153605016;0.008522727272727272;1.7149224724229553;2.6464053006038233;-0.8310073173291073;2.2664787473573846;305.0
2022-05-17;0.49999999999999994;-0.8660254037844387;-0.2993631229733582;-0.9541392564000488;0.7818314824680298;0.6234898018587336;0.02068324424819893;1.2292134831460675;0.005828810325451408;1;0.0021303598948418092;0.0033088568579457893;0.007660230260175868;2.626842617162904;0.0011940298507462687;0.001691542288557214;0.008159203980099502;1.8253008863081792;2.8418251322164627;-0.850525974380271;2.47204123580436;60.0
2022-05-18;0.49999999999999994;-0.8660254037844387;-0.4853019625310808;-0.8743466161445822;0.9749279121818236;-0.22252093395631434;0.014187290363520986;0.022364217252396165;-0.0002996539111697711;1;0.003386417719201904;0.0014186344499359327;0.006864360241625481;2.756025495395216;0.0009047954157032271;0.005026641198351262;0.007539961797526892;1.4120804049774802;2.7738939826054163;-0.7514549091594831;2.8738698932771394;690.0
2022-05-19;0.49999999999999994;-0.8660254037844387;-0.651372482722222;-0.7587581226927911;0.43388373911755823;-0.900968867902419;0.028189639392275305;-0.0633116883116883;-0.020345884634651885;1;0.0003753049352598987;0.0007506098705197974;0.008397447926440232;2.647055687791332;0.003935418768920283;0.0003027245206861756;0.007366296670030272;1.6592172962063205;2.6144968255693017;0.04986252713454536;3.169328528129147;55.0
2022-05-20;0.49999999999999994;-0.8660254037844387;-0.7907757369376986;-0.6121059825476627;-0.433883739117558;-0.9009688679024191;0.016607243385250516;1.2146892655367232;0.0023201428064041477;1;0.003819604233778187;0.0018867924528301887;0.009664058904739991;2.681064181825852;0.002642813579995934;0.0010164667615368977;0.00457410042691604;1.4540049694916384;2.6218155364084845;-0.08234323919992548;2.9759013160975254;375.0
2022-05-23;0.49999999999999994;-0.8660254037844387;-0.9987165071710528;-0.05064916883871355;0.0;1.0;0.01421997238840313;1.2362459546925566;0.016867714796557156;1;0.0039981826442526125;0.00045433893684688776;0.005361199454793276;2.6454682338701834;0.0016477857878475798;0.0008238928939237899;0.007826982492276004;1.541861479043136;2.6723996330435544;-0.8306497771061127;2.4010256007872637;105.0
2022-05-24;0.49999999999999994;-0.8660254037844387;-0.9884683243281114;0.15142777750457667;0.7818314824680298;0.6234898018587336;0.01522035438437074;0.21492537313432836;0.018700832894238146;-1;0.0013611615245009074;0.0013157894736842105;0.005807622504537205;2.782666783741114;0.0;0.0008250825082508251;0.007838283828382838;1.7465953787849804;2.7743355249133748;-0.8847821791596667;2.4349995555602426;130.0
2022-05-25;0.49999999999999994;-0.8660254037844387;-0.9377521321470804;0.3473052528448203;0.9749279121818236;-0.22252093395631434;0.021823956442831215;0.7027027027027027;0.023378446393033103;-1;0.0004060822090872174;0.001488968099986464;0.004015701845418039;2.6436753056774585;0.004536082474226804;0.0004123711340206186;0.0070103092783505155;1.5996395647264299;2.649596065735569;-0.6998171361250731;2.306830844125609;350.0
2022-05-26;0.49999999999999994;-0.8660254037844387;-0.8486442574947509;0.5289640103269624;0.43388373911755823;-0.900968867902419;0.01326535216351577;0.8333333333333334;0.029768625305063183;-1;0.0036771300448430492;0.0005829596412556053;0.007399103139013453;2.591766784599549;0.002075119319360863;0.0004150238638721727;0.006432869890018676;1.6849804411604912;2.7389395560537353;0.06350784980629616;1.928234374951557;1000.0
2022-05-27;0.49999999999999994;-0.8660254037844387;-0.72479278722912;0.6889669190756865;-0.433883739117558;-0.9009688679024191;0.016547085201793724;0.7344173441734417;0.03632680745823086;1;0.003873552983081033;0.003027604630454141;0.007346393588601959;2.703790103378132;0.0017836533417269962;0.003777148253068933;0.0060854055188332805;1.7975051163263192;2.620935327835338;-0.8212496886684282;2.478530966183788;215.0
2022-05-30;0.49999999999999994;-0.8660254037844387;-0.20129852008866114;0.9795299412524943;0.0;1.0;0.009973285841495993;1.1205357142857142;0.04310050950367156;1;0.004018902088945811;0.00030914631453429314;0.004416375921918474;2.7738725973385905;0.0021211157068618093;0.0019090041361756285;0.006787570261957789;1.2307294694434738;2.6597121578695186;-0.9151566171782526;2.4033521118616097;510.0
2022-05-31;0.49999999999999994;-0.8660254037844387;-2.4492935982947064e-16;1.0;0.7818314824680298;0.6234898018587336;0.023627611182263836;0.10654205607476636;0.02399425849207207;1;0.0007188426633120675;8.985533291400844e-05;0.008895677958486836;2.850840284479632;0.0034342803621604744;0.002497658445207618;0.006036007909251743;1.9377051823722526;2.829550199043434;-0.155440111294746;2.710249120510513;130.0
2022-06-01;1.2246467991473532e-16;-1.0;0.20791169081775931;0.9781476007338057;0.9749279121818236;-0.22252093395631434;0.01190583161110612;0.7811320754716982;0.030250846679295104;-1;0.0020057945174949856;0.0031201248049922;0.005170492533987074;2.7916295405590112;0.002827521206409048;0.0019897371452508115;0.005236150382238978;1.6687143023479847;2.643526411322749;-0.3957360372106659;2.243839859822588;35.0
2022-06-02;1.2246467991473532e-16;-1.0;0.40673664307580015;0.9135454576426009;0.43388373911755823;-0.900968867902419;0.011321595720971696;0.8110236220472441;0.029551429397271962;1;0.00017825311942959;0.002629233511586453;0.006818181818181818;2.6601155187488144;0.0035196687370600416;0.0018633540372670807;0.006935817805383023;1.503636636636466;2.5888854654205242;0.3440935848154567;2.569194033459777;700.0
2022-06-03;1.2246467991473532e-16;-1.0;0.5877852522924731;0.8090169943749475;-0.433883739117558;-0.9009688679024191;0.01501782531194296;0.41839762611275966;0.02698547780492492;-1;0.0014701951349906442;0.0024057738572574178;0.0055689209658736525;2.695015064365927;0.00205761316872428;0.001851851851851852;0.006584362139917695;1.706075296769856;2.64637574097764;0.15326955253409105;2.947632875238721;40.0
2022-06-06;1.2246467991473532e-16;-1.0;0.9510565162951535;0.30901699437494745;0.0;1.0;0.0103359173126615;1.146551724137931;0.027502920987293705;-1;0.0015102385288499978;0.0004886065828632346;0.005996535335139697;2.9115494531773485;0.0005213764337851929;0.0020855057351407717;0.0051094890510948905;1.2294191420263267;2.7557463363668857;-0.04257126101510794;3.0671934589952534;230.0
2022-06-07;1.2246467991473532e-16;-1.0;0.9945218953682733;0.10452846326765346;0.7818314824680298;0.6234898018587336;0.02203171500910585;-0.02620967741935484;0.0030608877712413095;-1;0.0038115981486523277;0.0006806425265450585;0.007850077139486341;2.7437258908065134;0.0004139072847682119;0.0;0.015831953642384107;2.342425152390726;2.975294042564374;-0.41142444225806424;2.64842190532189;435.0
2022-06-08;1.2246467991473532e-16;-1.0;0.9945218953682734;-0.10452846326765333;0.9749279121818236;-0.22252093395631434;0.009892004719121517;0.463302752293578;-0.00025646088517588;-1;0.000681044267877412;0.0009534619750283769;0.008944381384790012;2.78210399554032;0.002749210874656349;0.002545565624681804;0.008654923123918135;2.1383711435785333;2.5422712755151315;-0.7821789395879706;2.366707277133687;935.0
2022-06-09;1.2246467991473532e-16;-1.0;0.9510565162951536;-0.30901699437494734;0.43388373911755823;-0.900968867902419;0.019614074914869467;0.4444444444444444;-0.010343014612567532;-1;0.00247309365697275;0.003847034577513167;0.014838561941836501;2.791038475076263;0.00030435223698894185;0.004058029826519225;0.00659429846809374;1.8483609795639018;2.6525647719115057;-0.5527306448713444;4.096885552432326;125.0
2022-06-10;1.2246467991473532e-16;-1.0;0.8660254037844387;-0.4999999999999998;-0.433883739117558;-0.9009688679024191;0.020929700022899015;0.30196936542669583;-0.022688399805172003;-1;0.0016689847009735744;0.002086230876216968;0.019193324061196105;2.4563226885767033;0.0020257267294641955;0.004557885141294439;0.012559505722678012;2.4506093533434443;2.670003338677222;-0.8563918329658524;3.5793341804778254;685.0
2022-06-13;1.2246467991473532e-16;-1.0;0.40673664307580004;-0.913545457642601;0.0;1.0;0.03101529902642559;-0.3243647234678625;-0.06021730207074223;-1;0.0033783783783783786;0.004005791505791506;0.007963320463320463;2.6814926740869636;0.0013817607579944729;0.0015791551519936833;0.007698381365969206;2.030908885471748;2.790548846626654;-0.9574498813306056;2.699413067983053;1005.0
2022-06-14;1.2246467991473532e-16;-1.0;0.20791169081775931;-0.9781476007338057;0.7818314824680298;0.6234898018587336;0.022055984555984558;0.5426695842450766;-0.06289733039465215;-1;0.003883495145631068;0.0014563106796116505;0.008106796116504854;2.783274601428715;0.0015567230978789648;0.004183693325549718;0.007102549134072777;1.760633397789131;2.577083274102294;-0.9906448748390738;3.287169551127353;160.0
2022-06-15;1.2246467991473532e-16;-1.0;5.66553889764798e-16;-1.0;0.9749279121818236;-0.22252093395631434;0.020485436893203885;1.6943127962085307;-0.042453379354741506;1;0.0003337624564916798;0.004911076145520431;0.011920087731845707;2.8362593550062565;0.0016604805626098847;0.0032232857980074234;0.007227974213713616;1.7603402213489732;2.700441300884888;-0.9036001843850986;2.712580368382133;380.0
2022-06-17;1.2246467991473532e-16;-1.0;-0.4067366430758002;-0.9135454576426009;-0.433883739117558;-0.9009688679024191;0.021170075811757973;-0.38288288288288286;-0.05805909178143535;-1;0.003007664693897351;0.0016008537886872999;0.005384690016493645;2.566845000150281;0.005647517039922103;0.002044790652385589;0.008666017526777021;1.7432288902557223;2.8940699067805844;-0.6509939068018443;2.2961805830959445;820.0
2022-06-20;1.2246467991473532e-16;-1.0;-0.8660254037844385;-0.5000000000000004;0.0;1.0;0.02973707189288833;0.3719412724306688;-0.07004562464051405;-1;0.003154107732492238;0.0028091271992508994;0.007146025331427727;2.725050314929826;9.675858732462506e-05;0.0024189646831156266;0.0052249637155297535;1.331191172970766;2.8597817603036377;-0.7182080508269686;3.094046733489956;570.0
2022-06-21;1.2246467991473532e-16;-1.0;-0.9510565162951535;-0.30901699437494756;0.7818314824680298;0.6234898018587336;0.020846680794440884;1.099290780141844;-0.05715698336227018;-1;0.00224390243902439;0.0012682926829268293;0.005365853658536586;2.927113340166047;9.626492106276473e-05;0.004235656526761648;0.0050057758952637655;1.564080093199795;2.775132672917035;-0.7531744403773141;3.0766565792262472;60.0
2022-06-22;1.2246467991473532e-16;-1.0;-0.9945218953682733;-0.10452846326765423;0.9749279121818236;-0.22252093395631434;0.019853658536585366;-0.24324324324324326;-0.07302845345397357;1;0.0017438963627304435;0.005680119581464873;0.008071748878923767;2.702523498622451;0.0014474573000096498;0.0014474573000096498;0.0059828235067065525;1.4441396868181933;2.854063315092313;0.09129858406340736;3.8600048382327907;20.0
2022-06-23;1.2246467991473532e-16;-1.0;-0.9945218953682734;0.10452846326765299;0.43388373911755823;-0.900968867902419;0.024115595416043845;0.7086776859504132;-0.057951507500371306;1;0.0005419520126127014;0.004089274276986746;0.006355619057003498;2.785841690453581;0.00335989248344053;0.0005759815685898052;0.008159738888355573;2.0756129350752275;3.2033936624181965;-0.12200293913747152;2.4919852143304544;550.0
2022-06-24;1.2246467991473532e-16;-1.0;-0.9510565162951536;0.30901699437494723;-0.433883739117558;-0.9009688679024191;0.027738089372813718;0.2841918294849023;-0.06667008887634078;1;0.0016;0.00015;0.0103;2.851610460338688;0.0006679389312977099;0.0029580152671755725;0.005438931297709924;1.4067885454848412;2.727467201297997;-0.8355820180900206;3.3528750918832078;710.0
2022-06-27;1.2246467991473532e-16;-1.0;-0.5877852522924734;0.8090169943749473;0.0;1.0;0.0148;1.0405405405405406;-0.051071767977191936;-1;0.0018793273986152325;0.00019782393669634025;0.005637982195845697;2.630041353250041;0.004285714285714286;0.0025714285714285713;0.009047619047619047;1.8858182414104303;2.811019801938062;-0.7965276975150761;2.356121267173839;1310.0
2022-06-28;1.2246467991473532e-16;-1.0;-0.40673664307580015;0.913545457642601;0.7818314824680298;0.6234898018587336;0.02245301681503462;1.2048458149779735;-0.025031820110309716;-1;0.004254907649163524;0.002949424620442897;0.007832898172323759;2.928939921048362;0.002194447094742868;0.001144928918996279;0.00982730655471806;2.200533251226329;2.8301238553734946;-0.548334338867505;3.075707366811114;350.0
2022-06-29;1.2246467991473532e-16;-1.0;-0.20791169081775898;0.9781476007338057;0.9749279121818236;-0.22252093395631434;0.02345034329368533;0.26804123711340205;-0.0331399518558231;1;0.0075401488444966705;0.0008813160987074031;0.01135918527222875;2.823036824655698;0.00076103500761035;0.00028538812785388126;0.007134703196347032;1.9053512972249589;2.7182403722289514;-0.5811326478529245;3.5991990289888696;270.0
2022-06-30;1.2246467991473532e-16;-1.0;-1.133107779529596e-15;1.0;0.43388373911755823;-0.900968867902419;0.02472581276929103;-0.23366336633663368;-0.04770061210750064;-1;0.002598051461403947;0.00014988758431176618;0.011191606295278541;2.456546918187773;0.000855025650769523;0.0016150484514535436;0.007695230856925707;1.8184541068116507;2.8186763186804176;-0.17624032491996214;3.7197894807259106;485.0
2022-07-01;-0.4999999999999997;-0.8660254037844388;0.20129852008866006;0.9795299412524945;-0.433883739117558;-0.9009688679024191;0.016237821633774668;0.09846153846153846;-0.05000550457837323;-1;0.0028719705748979697;0.0021161888446616615;0.006701264674761929;2.7198824459729756;0.0020657276995305163;0.0009389671361502347;0.0058215962441314556;1.706001563011402;2.856520377577954;-0.5045752450705259;3.5714138050924173;370.0
2022-07-04;-0.4999999999999997;-0.8660254037844388;0.72479278722912;0.6889669190756866;0.0;1.0;0.021867284728170504;0.7511520737327189;-0.035250106523063145;-1;0.0034933626110390257;0.0004990518015770037;0.009082742788701467;2.834819896444186;0.003088441740758072;0.00018717828731867103;0.006364061768834815;1.2284597605589562;2.62770298307898;-0.6714840218728363;3.333455425957038;85.0
2022-07-05;-0.4999999999999997;-0.8660254037844388;0.8486442574947509;0.5289640103269624;0.7818314824680298;0.6234898018587336;0.012276674318794291;-0.3008130081300813;-0.039793874847742966;-1;0.00040351054171290223;0.0034802784222737818;0.005497831130838293;2.947456421202419;0.0021316033364226134;0.0012048192771084338;0.006024096385542169;2.221913609758748;2.9224110041388234;-0.3329273136818352;2.951934504495563;725.0
2022-07-06;-0.4999999999999997;-0.8660254037844388;0.9377521321470804;0.3473052528448203;0.9749279121818236;-0.22252093395631434;0.02017552708564511;0.6975;-0.03451298345568095;-1;0.0016139607605790084;0.0031774852473899226;0.005043627376809402;2.7589202423778194;0.002940095553105476;0.0019294377067254685;0.004961411245865491;1.8942771262773277;2.724926700831416;-0.8184693040014743;3.074039924041296;880.0
2022-07-07;-0.4999999999999997;-0.8660254037844388;0.9884683243281114;0.1514277775045767;0.43388373911755823;-0.900968867902419;0.018308367377818126;1.165289256198347;-0.013890112471735236;1;0.0011911852293031567;0.0006452253325392098;0.006551518761167362;2.6974975135599917;0.0014697776961234614;0.002939555392246923;0.004409333088370384;1.7193028024614874;2.64019419457622;-0.2954014588240311;2.9951071025172116;770.0
2022-07-08;-0.4999999999999997;-0.8660254037844388;0.9987165071710528;-0.05064916883871264;-0.433883739117558;-0.9009688679024191;0.02084574151280524;0.6547619047619048;0.0020866576653983063;-1;0.0027437530622244;0.004752572268495835;0.007594316511513963;2.449946858076828;0.002040059347181009;0.0026891691394658754;0.006583827893175074;2.3903490009328996;2.651197751240796;-0.8385962265944616;3.036564080928794;310.0
2022-07-11;-0.4999999999999997;-0.8660254037844388;0.7907757369376989;-0.6121059825476626;0.0;1.0;0.016560509554140127;-0.3520710059171598;-0.009781034839395998;-1;0.0018899830896249876;0.0018899830896249876;0.007808614343976923;2.717846929449571;0.002620250795433277;0.0025266704098820887;0.010293842410630732;2.0658538618124385;2.7381859399831727;-0.6678535418619198;2.6227799518897705;280.0
2022-07-12;-0.4999999999999997;-0.8660254037844388;0.6513724827222223;-0.758758122692791;0.7818314824680298;0.6234898018587336;0.017656420968865015;-0.11830985915492957;-0.02445169561232984;1;0.00020256241454398135;0.0002532030181799767;0.0044057325163315945;2.808875779817898;0.002680717322980218;0.0016638935108153079;0.006563135514882603;2.222370348892942;2.701340800098583;-0.5375758335753694;2.359152118626349;705.0
2022-07-13;-0.4999999999999997;-0.8660254037844388;0.48530196253108104;-0.8743466161445821;0.9749279121818236;-0.22252093395631434;0.015698587127158554;0.9193548387096774;-0.01335418017010623;-1;0.0019557695200842487;0.001905621583671832;0.015495712351436739;2.539102356918453;0.003396364971543969;0.002111253901230035;0.010464475858270608;2.506513162572689;2.6922112228833686;-0.8428899967415849;2.6905625594671743;370.0
2022-07-14;-0.4999999999999997;-0.8660254037844388;0.29936312297335804;-0.9541392564000488;0.43388373911755823;-0.900968867902419;0.016699262825334737;-0.3123123123123123;-0.03022763655467391;-1;0.0029130679204783564;0.0010732355496499207;0.007359329483313743;2.7784745117761793;0.0008181818181818182;0.0025454545454545456;0.007454545454545454;1.7612639253796107;2.677618613894179;-0.41123206889237673;3.2289146380683786;560.0
2022-07-15;-0.4999999999999997;-0.8660254037844388;0.10116832198743272;-0.994869323391895;-0.433883739117558;-0.9009688679024191;0.017222875249143968;0.42729970326409494;-0.03299492385786802;0;0.0025732077607946067;0.0057125212289640265;0.008285728989758634;2.7937163559264824;0.005154639175257732;0.0008284241531664212;0.006167157584683358;1.8760983127170885;2.6822773503241364;-0.5186161593028492;3.1940245603604014;850.0
2022-07-18;-0.4999999999999997;-0.8660254037844388;-0.4853019625310808;-0.8743466161445822;0.0;1.0;0.018732952498584737;1.370879120879121;-0.01626920219581877;-1;0.00025342118601115053;0.002230106436898125;0.005119107957425241;2.7571567530253427;0.0015755329008341056;0.0018535681186283596;0.003799814643188137;1.6606331754203822;2.6548098666597353;-0.6747351469413799;2.15074792234727;680.0
2022-07-19;-0.4999999999999997;-0.8660254037844388;-0.651372482722222;-0.7587581226927911;0.7818314824680298;0.6234898018587336;0.017739483020780537;0.38;-0.018903936425614623;1;0.0007639030352413934;0.0025463434508046444;0.004736198818496639;2.8967140119967056;0.0037767133382461313;0.0004605747973470892;0.007461311717022845;1.976517473428834;2.952229362805838;-0.8499939113872752;2.3116738170781246;135.0
2022-07-20;-0.4999999999999997;-0.8660254037844388;-0.7907757369376986;-0.6121059825476627;0.9749279121818236;-0.22252093395631434;0.016653086168262374;0.6085626911314985;-0.010262645671024914;-1;0.0006066734074823053;0.0005561172901921132;0.004802831142568251;2.77930991003928;0.0033954299348444524;0.00018353675323483528;0.005873176103514729;2.105815047774599;2.8540374663188057;-0.5572836280795601;1.981935978560448;245.0
2022-07-21;-0.4999999999999997;-0.8660254037844388;-0.8978045395707417;-0.44039415155763423;0.43388373911755823;-0.900968867902419;0.011779575328614763;0.4592274678111588;-0.01210636773905944;-1;0.0007605333874157076;0.0005070222582771384;0.004157582517872535;2.6518271707519734;0.002830016432353478;0.002738725579696914;0.009129085265656381;2.3423981969880527;2.7864726857619817;0.08154287761593058;1.7573441228845899;200.0
2022-07-22;-0.4999999999999997;-0.8660254037844388;-0.9680771188662041;-0.2506525322587213;-0.433883739117558;-0.9009688679024191;0.021244232621812097;1.0763723150357996;0.0019478145920855637;-1;0.000849575212393803;0.001549225387306347;0.0034982508745627187;2.738029805934553;0.0010921004732435385;0.0017291590826356024;0.00673461958500182;1.6229497393109988;2.883148569043091;0.382649236190006;2.1831274594660686;95.0
2022-07-25;-0.4999999999999997;-0.8660254037844388;-0.9377521321470804;0.3473052528448203;0.0;1.0;0.0143928035982009;0.9513888888888888;0.005927977700585786;1;0.0012946272967186178;0.0005477269332271075;0.0026390479510033362;2.781948101369976;0.0010033749885980114;0.00018243181610872936;0.006293897655751163;1.4319334245333228;3.038586195547275;-0.1298274772843178;1.9862915366256655;420.0
2022-07-26;-0.4999999999999997;-0.8660254037844388;-0.8486442574947509;0.5289640103269624;0.7818314824680298;0.6234898018587336;0.009610118010257431;0.6787564766839378;0.012283164544269528;1;0.00014858105096330048;0.0010895943737308702;0.004853647664801149;2.9090463073782034;0.0016697588126159556;0.0016697588126159556;0.007513914656771799;2.1374249784623895;2.7651312893763715;-0.952380625292392;1.5362914095032718;105.0
2022-07-27;-0.4999999999999997;-0.8660254037844388;-0.72479278722912;0.6889669190756865;0.9749279121818236;-0.22252093395631434;0.014115199841513546;0.7087719298245614;0.013803380849878826;-1;4.949269982677555e-05;0.0017817371937639199;0.002722098490472655;2.6924237309270294;0.002152550304164717;0.0007487131492746841;0.0053345811885821244;1.5892254975923858;2.6505180853619144;-0.689359254743604;1.3832236996296934;155.0
2022-07-28;-0.4999999999999997;-0.8660254037844388;-0.5712682150947924;0.8207634412072763;0.43388373911755823;-0.900968867902419;0.01915367483296214;0.8423772609819121;0.025326039540912258;-1;0.0005379236148466917;0.003667661010318353;0.005477040442075407;2.7919495118135016;0.0019941126198841515;0.002563859082708195;0.014623492545817112;2.1959382530208678;2.8797677038541485;-0.7706436663740778;1.7599018356772436;135.0
2022-07-29;-0.4999999999999997;-0.8660254037844388;-0.3943558551133187;0.9189578116202306;-0.433883739117558;-0.9009688679024191;0.019169641547263926;1.096938775510204;0.03863223572618696;-1;0.00043356778109644473;0.0026495808844782735;0.004239329415165237;2.6696820289628076;0.003166986564299424;0.0032629558541266796;0.0067178502879078695;2.021504870615645;2.739508966864171;-0.9463464430717912;1.9294655878148674;420.0
2022-08-01;-0.8660254037844385;-0.5000000000000004;0.20129852008866006;0.9795299412524945;0.0;1.0;0.014355910974082281;0.4429530201342282;0.03750299784155408;-1;0.0002889477486154587;4.815795810257645e-05;0.0039007946063086925;2.876991952361432;9.607993850883935e-05;0.005476556495003843;0.008647194465795541;1.9582412135553746;2.922993147725609;-0.4621318284201444;1.6289621338076432;240.0
2022-08-02;-0.8660254037844385;-0.5000000000000004;0.39435585511331855;0.9189578116202306;0.7818314824680298;0.6234898018587336;0.015795810257645076;-0.006097560975609756;0.0200696839779226;1;4.8899755501222496e-05;0.0015158924205378973;0.004254278728606357;2.7931646191734334;0.004097189137684611;0.0012386850881372083;0.00533587422582182;1.9368683611326492;2.670296133201313;-0.027467524917246442;1.8994078148918394;140.0
2022-08-03;-0.8660254037844385;-0.5000000000000004;0.5712682150947923;0.8207634412072763;0.9749279121818236;-0.22252093395631434;0.02097799511002445;0.9813519813519813;0.03707131855855049;-1;0.0016314779270633398;0.0014875239923224568;0.004414587332053743;2.6393979965875043;0.0017003589646703192;0.0011335726431135461;0.005384470054789345;1.5380623101608233;2.7923768644704365;0.28362515360148727;1.9878595781441664;110.0
2022-08-04;-0.8660254037844385;-0.5000000000000004;0.72479278722912;0.6889669190756866;0.43388373911755823;-0.900968867902419;0.012092130518234165;0.8253968253968254;0.035415037425985924;1;0.0015345513834939817;0.0009111398839495516;0.010214357646381816;2.755147005954195;0.0016893477240732052;0.0021586109807602066;0.007695917409666823;1.6619781651393175;2.7672666109910007;0.781804305402643;2.2695680869156862;500.0
2022-08-05;-0.8660254037844385;-0.5000000000000004;0.8486442574947509;0.5289640103269624;-0.433883739117558;-0.9009688679024191;0.029252385747854028;0.840983606557377;0.05759369813470733;-1;0.004309739073406099;0.002248559516559704;0.009884292874877031;2.5673817123242695;0.003134796238244514;0.0037997530160539567;0.013774104683195593;2.491446773387901;2.858514459765929;-0.8403227533393522;1.9246119990734307;550.0
2022-08-08;-0.8660254037844385;-0.5000000000000004;0.9987165071710528;-0.05064916883871264;0.0;1.0;0.016442591464842834;0.7863247863247863;0.059916145561817326;1;0.001351981351981352;0.0008857808857808858;0.005734265734265735;2.809541100289509;0.0009650646593321753;0.0014475969889982628;0.006755452615325227;1.5259701687899274;2.677235515710167;-0.8576688982851619;2.262607476209417;800.0
2022-08-09;-0.8660254037844385;-0.5000000000000004;0.9680771188662043;-0.2506525322587204;0.7818314824680298;0.6234898018587336;0.019906759906759906;0.9110070257611241;0.07284214666765003;1;0.0011915673693858844;0.002933088909257562;0.006049495875343721;2.6823381653965748;0.0017460471432728683;0.0014550392860607237;0.0065961780968086135;1.933427379227601;2.748417792078155;-0.9048674020197391;2.089799769603371;535.0
2022-08-10;-0.8660254037844385;-0.5000000000000004;0.8978045395707416;-0.4403941515576344;0.9749279121818236;-0.22252093395631434;0.013473877176901924;0.5986394557823129;0.06693291047551927;1;0.0047706422018348625;0.0006880733944954129;0.01798165137614679;2.5964755566365225;0.0061194754735308405;0.005245264691597863;0.0220495386109762;2.6214488389057644;3.1542011653766937;-0.9106466540634515;2.184639168640977;255.0
2022-08-11;-0.8660254037844385;-0.5000000000000004;0.7907757369376989;-0.6121059825476626;0.43388373911755823;-0.900968867902419;0.01798165137614679;0.9566326530612245;0.07829565056603223;1;0.0010830324909747292;0.0008574007220216607;0.009566787003610109;2.727397670586002;0.0019569471624266144;0.0014677103718199608;0.005870841487279843;2.0660249606558576;2.8203970723583294;-0.8875992632859929;2.644876994557662;385.0
2022-08-12;-0.8660254037844385;-0.5000000000000004;0.6513724827222223;-0.758758122692791;-0.433883739117558;-0.9009688679024191;0.018501805054151624;0.2780487804878049;0.06630505983674514;1;0.0021308428163394843;4.533708119871243e-05;0.005712472231037766;2.62497693980786;0.001929570670525808;0.0;0.008007718282682104;1.571334436663171;2.9677514752517142;-0.3599118206763476;2.595841426602544;540.0
2022-08-15;-0.8660254037844385;-0.5000000000000004;0.10116832198743272;-0.994869323391895;0.0;1.0;0.023847304710522738;0.46387832699619774;0.07021677888745446;-1;0.0;0.0034977578475336325;0.006143497757847533;2.7417259115115806;0.005351756349129123;0.0002919139826797704;0.006519412279848205;1.9465708050382746;2.986399576652542;-0.5780202817517054;2.297994169277213;755.0
2022-08-16;-0.8660254037844385;-0.5000000000000004;-0.10116832198743204;-0.9948693233918952;0.7818314824680298;0.6234898018587336;0.022556053811659194;0.8886679920477137;0.0770000238168957;-1;0.0017691287041132243;0.0025210084033613447;0.004953560371517028;2.689107156613512;0.0033051424127539613;0.0016525712063769806;0.005054923690094294;1.796887902109557;2.846379424313443;-0.7501518913416023;2.9478408836606387;370.0
2022-08-17;-0.8660254037844385;-0.5000000000000004;-0.2993631229733582;-0.9541392564000488;0.9749279121818236;-0.22252093395631434;0.010614772224679346;1.8791666666666667;0.08758284960047687;-1;0.000391491582930967;0.001957457914654835;0.006089869067815042;2.572598439446776;0.0033653846153846156;0.000576923076923077;0.007403846153846154;2.029018645861199;3.180643466214441;0.6477930948330696;1.8503374285342384;905.0
2022-08-18;-0.8660254037844385;-0.5000000000000004;-0.4853019625310808;-0.8743466161445822;0.43388373911755823;-0.900968867902419;0.017051633389882116;0.7627551020408163;0.08693305295964777;1;0.0031955780109686055;0.0008636697326942178;0.006563889968476054;2.6907504844182;0.0002893239463786286;0.0047256244575176005;0.007425981290384801;1.7345847937369492;3.033235176074281;0.7396582571499698;2.6116075875408287;305.0
2022-08-19;-0.8660254037844385;-0.5000000000000004;-0.651372482722222;-0.7587581226927911;-0.433883739117558;-0.9009688679024191;0.009932201925983503;-0.27391304347826084;0.07120065214859672;-1;0.0025221777700469646;0.0013480605322664812;0.004652983127500435;2.3721215870734125;0.002395094845755892;0.0011496455259628281;0.008718145238551446;2.0804713228023175;3.137190129541659;0.5795748796079093;1.6842938261875078;875.0
2022-08-22;-0.8660254037844385;-0.5000000000000004;-0.9680771188662041;-0.2506525322587213;0.0;1.0;0.021221081927291705;-0.2786885245901639;0.03859662120394787;1;0.0020062416406598305;0.00035666518056174767;0.004324565314311191;2.6153328181729396;0.0021159949985572763;9.618159084351255e-05;0.0044243531788015775;1.675734982338883;2.94338441841356;-0.1387047389280656;2.4774435541070665;290.0
2022-08-23;-0.8660254037844385;-0.5000000000000004;-0.9987165071710528;-0.05064916883871355;0.7818314824680298;0.6234898018587336;0.009674543022737405;1.23963133640553;0.04156926329656764;-1;0.0007960375022112153;0.001149831947638422;0.0061029541836193175;2.6750194081723744;0.0010691029254543687;0.00048595587520653126;0.0046651764019827;1.6475139918420447;2.9433767667523716;0.4399344557435344;2.080338885461649;1200.0
2022-08-24;-0.8660254037844385;-0.5000000000000004;-0.9884683243281114;0.15142777750457667;0.9749279121818236;-0.22252093395631434;0.02193525561648682;0.9334677419354839;0.05043747254356421;-1;0.0008712698758440427;0.0003485079503376171;0.005227619255064256;2.704598327397101;0.0011714174150722373;0.0057594689574385;0.006930886372510738;2.1345188020386874;3.046406203173664;-0.7867775514579094;2.4045967020897723;910.0
2022-08-25;-0.8660254037844385;-0.5000000000000004;-0.9377521321470804;0.3473052528448203;0.43388373911755823;-0.900968867902419;0.012154214768024396;0.8924731182795699;0.051369387694737007;-1;0.00038954293628808866;0.0015581717451523547;0.003852146814404432;2.6424835408175817;0.0015683199372672025;0.001176239952950402;0.009998039600078416;1.8577846886878762;3.0877373378815176;-0.7935002394720375;1.9282123527861674;80.0
2022-08-26;-0.8660254037844385;-0.5000000000000004;-0.8486442574947509;0.5289640103269624;-0.433883739117558;-0.9009688679024191;0.011729570637119114;0.2952029520295203;0.03979992531148506;1;0.0014365939663053414;0.0;0.00727003613251491;2.652600881188516;0.0012700273544353263;9.769441187964049e-05;0.007424775302852677;1.917599141315421;2.872250385539937;0.0881288342404038;2.5961375628739494;220.0
2022-08-29;-0.8660254037844385;-0.5000000000000004;-0.3943558551133187;0.9189578116202306;0.0;1.0;0.019807583474816072;-0.06813186813186813;0.021912278804915846;1;0.00035267148651031563;0.002556868277199788;0.003129959442779051;2.7085284500997093;0.001966181675186787;0.0014746362563900905;0.008552890287062525;1.925365725908965;3.2618024435011543;0.6883710045452797;1.7967166307861526;460.0
2022-08-30;-0.8660254037844385;-0.5000000000000004;-0.20129852008866114;0.9795299412524943;0.7818314824680298;0.6234898018587336;0.015782049021336626;0.7067039106145251;0.0254330156353996;-1;0.001267537916866996;0.0006993312644783426;0.00450194501507933;2.766530360765877;0.0026905829596412557;0.001096163428001993;0.007673143996013951;1.9351031767805473;3.2044301221730356;0.4309817756574154;1.8271707492814062;760.0
2022-08-31;-0.8660254037844385;-0.5000000000000004;-2.4492935982947064e-16;1.0;0.9749279121818236;-0.22252093395631434;0.025175925521220333;0.07118055555555555;-0.0005807200929152149;1;0.0016537791087471506;0.0001340901980065257;0.006391632771644393;2.5469282648681792;0.004545454545454545;0.00019342359767891682;0.009574468085106383;1.825398350326042;3.076525264390037;-0.7731536234597994;2.478136715787911;10.0
2022-09-01;-1.0;-1.8369701987210297e-16;0.20791169081775931;0.9781476007338057;0.43388373911755823;-0.900968867902419;0.017118848612166452;0.12010443864229765;-0.009294818277954028;1;0.002112359550561798;0.003820224719101124;0.006112359550561798;2.645918169010174;0.003336510962821735;0.0034318398474737846;0.008674928503336512;2.0317269225234944;2.912637891215521;-0.7889106986892791;2.5222329377537585;855.0
2022-09-02;-1.0;-1.8369701987210297e-16;0.40673664307580015;0.9135454576426009;-0.433883739117558;-0.9009688679024191;0.02251685393258427;0.8263473053892215;-0.007577120694136228;1;0.00044766765153550004;0.00228310502283105;0.011952726295997852;2.4271051553095084;0.0021858962174491543;0.003611480707089907;0.011974909712982323;2.091968292472127;2.8571182241421558;-0.3630227853502715;2.2448465751655164;530.0
2022-09-05;-1.0;-1.8369701987210297e-16;0.8660254037844386;0.5000000000000001;0.0;1.0;0.0212194466827827;0.3291139240506329;-0.005404399300685355;1;4.45573229960344e-05;0.0003564585839682752;0.008465891369246536;2.5774345007351958;0.0015331544653123803;0.002874664622460713;0.004695285550019164;1.166070922574625;2.627050846768455;-0.5694640530032931;2.9844099158971265;855.0
2022-09-06;-1.0;-1.8369701987210297e-16;0.9510565162951535;0.30901699437494745;0.7818314824680298;0.6234898018587336;0.016708996123512898;0.6266666666666667;0.0027490451325535158;-1;0.00022055580061755624;0.0002646669607410675;0.008337009263343626;2.7754766393149803;0.0005767012687427913;0.0008650519031141869;0.007304882737408689;1.7369310738344281;2.7462092163309313;-0.8617119496279733;2.7925395067718983;1450.0
2022-09-08;-1.0;-1.8369701987210297e-16;0.9945218953682734;-0.10452846326765333;0.43388373911755823;-0.900968867902419;0.024658138509042787;0.41681574239713776;-0.012113751240438403;-1;0.002237236565394425;0.0012975972079287664;0.005995793995257058;2.4785906743042565;0.0007630675314765357;0.006009156810377719;0.00810759252193819;2.1557394811628323;2.6731663868176048;-0.9442453300156564;2.696486302726847;455.0
2022-09-09;-1.0;-1.8369701987210297e-16;0.9510565162951536;-0.30901699437494734;-0.433883739117558;-0.9009688679024191;0.020448342207705042;1.0196936542669583;-0.00918777261699053;1;0.0014272970561998216;0.0010258697591436217;0.004549509366636931;2.5832941323583705;0.0024942440521872602;0.0009593246354566385;0.0037413660782808903;1.3488360992921455;2.7266047421416157;-0.9335448482855403;3.2251663383265807;610.0
2022-09-12;-1.0;-1.8369701987210297e-16;0.5877852522924732;-0.8090169943749473;0.0;1.0;0.015967885816235504;1.2541899441340782;0.008190499726394945;1;0.0012255974787709009;0.0031077650354547843;0.005996673378271908;2.6374539998420596;0.00029165856503986;0.0007777561734396267;0.004860976083997667;1.514617447142402;3.101179243977887;-0.9622616233368129;2.979784479605147;935.0
2022-09-13;-1.0;-1.8369701987210297e-16;0.40673664307580004;-0.913545457642601;0.7818314824680298;0.6234898018587336;0.01330648691236978;0.8388157894736842;0.015463440229636718;-1;0.0018671298306556666;0.0010855405992184109;0.023404255319148935;2.5908253079047623;0.0009782821365681863;0.001565251418509098;0.024848366268831933;3.128933576139821;3.085845228904184;-0.9522694015382612;2.3519201662257285;620.0
2022-09-14;-1.0;-1.8369701987210297e-16;0.20791169081775931;-0.9781476007338057;0.9749279121818236;-0.22252093395631434;0.03321754233608337;0.02091503267973856;-0.01503870530799895;1;0.004524278803081885;0.0017917935853789643;0.006987994982977961;2.557359035611692;0.0005755395683453237;0.002398081534772182;0.008057553956834532;1.9476666930444992;2.7376687611057173;-0.874559130897943;2.9713543165250997;595.0
2022-09-15;-1.0;-1.8369701987210297e-16;5.66553889764798e-16;-1.0;0.43388373911755823;-0.900968867902419;0.013214477692169862;0.26101694915254237;-0.0156145123114424;-1;0.0027364076798851605;0.0018392248340211735;0.005652251928943118;2.6811951633991344;0.0013462832964708145;0.00019232618521011636;0.006154437926723723;1.744357409479014;2.8372137868587193;-0.8798402990694522;3.517765799948582;615.0
2022-09-16;-1.0;-1.8369701987210297e-16;-0.20791169081775907;-0.9781476007338057;-0.433883739117558;-0.9009688679024191;0.015431544948860577;-0.18604651162790697;-0.025437230050272604;-1;0.002588320770138952;0.0007719553174098629;0.005176641540277904;2.6040893468544994;0.0003795066413662239;0.0005692599620493358;0.007115749525616698;1.4710183708955522;3.0311244031107725;-0.863730151508875;2.923606933787174;385.0
2022-09-19;-1.0;-1.8369701987210297e-16;-0.743144825477394;-0.6691306063588585;0.0;1.0;0.009445100354191263;-0.24519230769230768;-0.03135786475478931;1;0.0008702422937754775;0.001694682361562772;0.004351211468877387;2.633255404053544;0.0013177710843373493;0.0011295180722891566;0.005271084337349397;1.4260067017057876;2.948962254722324;-0.936272118876858;2.706038628241771;720.0
2022-09-20;-1.0;-1.8369701987210297e-16;-0.8660254037844385;-0.5000000000000004;0.7818314824680298;0.6234898018587336;0.04140521229331746;0.8672566371681416;0.001512470116517859;-1;0.0013728963684676704;0.0023472099202834365;0.0070859167404783;2.6539755472882804;0.0015311004784688996;0.0032535885167464117;0.005550239234449761;1.9117801164388712;2.92758105883704;-0.9402522934573064;2.67061555600885;105.0
2022-09-21;-1.0;-1.8369701987210297e-16;-0.9510565162951535;-0.30901699437494756;0.9749279121818236;-0.22252093395631434;0.0133303808680248;0.9534883720930233;0.007266327068952523;-1;0.0006161971830985916;0.003433098591549296;0.00625;2.6733376206154578;0.00038801047628285966;0.004559123096323601;0.007663206906586477;1.9333089656587163;2.941778369373998;-0.9552716547918971;2.480440888710132;525.0
2022-09-22;-1.0;-1.8369701987210297e-16;-0.9945218953682733;-0.10452846326765423;0.43388373911755823;-0.900968867902419;0.018882042253521126;0.6736596736596736;0.007195840923765801;1;0.0004846669016566796;0.0018946069792033838;0.007666549171660204;2.6521215647969187;0.001653535648283241;0.0015562688454430504;0.007003209804493727;1.8679923037460044;2.8819878082283323;-0.5689582114985934;2.4657824701338917;915.0
2022-09-23;-1.0;-1.8369701987210297e-16;-0.9945218953682734;0.10452846326765299;-0.433883739117558;-0.9009688679024191;0.0237486781811773;0.2541743970315399;0.004761968161827034;-1;0.0015017667844522968;0.0008833922261484099;0.006713780918727915;2.790349567209407;0.0007723498744931454;0.0003861749372465727;0.008109673682178027;1.604445542169034;3.2232159999250762;-0.8673199288890614;2.7959803638128142;615.0
2022-09-26;-1.0;-1.8369701987210297e-16;-0.743144825477394;0.6691306063588585;0.0;1.0;0.018109540636042403;0.1;-0.008820850089986003;-1;0.0006276619592019727;0.003765971755211836;0.006545617574534857;2.661217631079239;0.0035849056603773585;0.0;0.009339622641509435;2.1172001603845416;3.1341785292640894;-0.9112584149333137;2.043381830029561;235.0
2022-09-27;-1.0;-1.8369701987210297e-16;-0.5877852522924734;0.8090169943749473;0.7818314824680298;0.6234898018587336;0.024568482403048642;0.4653284671532847;-0.017073176163022445;1;0.006977797915722701;0.0;0.011191662890801994;2.8188609664296846;9.340556697179151e-05;0.0037362226788716607;0.009714178965066317;1.7816531402977223;3.083753198448917;-0.9592397938762293;2.536979692391918;720.0
2022-09-28;-1.0;-1.8369701987210297e-16;-0.40673664307580015;0.913545457642601;0.9749279121818236;-0.22252093395631434;0.026778432260987767;-0.16751269035532995;-0.034616672246401074;1;0.003745318352059925;0.0009710084616451658;0.011744578536089147;2.829334836268274;0.0023088289619504986;0.002216475803472479;0.010805319541928335;2.0156835818882035;3.0242673756856284;-0.8288650924898365;2.6181701295646445;30.0
2022-09-29;-1.0;-1.8369701987210297e-16;-0.20791169081775898;0.9781476007338057;0.43388373911755823;-0.900968867902419;0.013547879964858742;0.19795221843003413;-0.03166185045379676;-1;0.0030003692762186115;0.0007385524372230429;0.011216765140324964;2.7381860545729153;0.004636498516320474;0.001112759643916914;0.007140207715133531;1.6896858047716143;2.902354303357777;-0.08597073193006223;2.563465010735897;395.0
2022-09-30;-1.0;-1.8369701987210297e-16;-1.133107779529596e-15;1.0;-0.433883739117558;-0.9009688679024191;0.019525480059084194;0.9314420803782506;-0.02849595952812661;-1;0.0032258064516129032;0.0031797235023041477;0.012442396313364055;2.6385779507912974;0.003960578428663535;0.0024868748273003593;0.006815879156304688;1.2752975216267257;2.86323479277261;-0.7561144384449072;3.4356923192064066;1350.0
2022-10-03;-0.8660254037844386;0.5000000000000001;0.5712682150947923;0.8207634412072763;0.0;1.0;0.031889400921658984;1.98121387283237;0.02438117675513344;-1;0.0042849022779939665;0.004022561322198417;0.009575444886537537;2.5847258866130245;0.008962264150943396;0.0031132075471698114;0.012169811320754717;1.8009520660917828;3.2747595702023684;-0.21013643952358876;2.0254228472010474;395.0
2022-10-04;-0.8660254037844386;0.5000000000000001;0.72479278722912;0.6889669190756866;0.7818314824680298;0.6234898018587336;0.030825062305977;1.2638297872340425;0.055386327624777354;1;0.0007199728951380654;0.004785702185329493;0.011392512281890563;2.833412996497841;0.0;0.00472972972972973;0.0069498069498069494;1.8753036079443088;3.10316009495728;-0.9244544527920117;2.8951839425401626;1270.0
2022-10-05;-0.8660254037844386;0.5000000000000001;0.8486442574947509;0.5289640103269624;0.9749279121818236;-0.22252093395631434;0.023208538031509404;-0.0072992700729927005;0.03614409436694836;1;0.003488973121984838;0.0017660234321157822;0.011328394210889043;2.758693048346812;0.002000571591883395;0.004668000381061256;0.008764408878727255;1.5461585656211985;2.7642598635419757;-0.9663576210613969;3.401059418435941;475.0
2022-10-06;-0.8660254037844386;0.5000000000000001;0.9377521321470804;0.3473052528448203;0.43388373911755823;-0.900968867902419;0.017746381805651273;0.6966019417475728;0.04377149314221398;1;0.000255732674111329;0.0011934191458528684;0.009334242605063508;2.763602927761926;0.0023921155870251652;0.0021050617165821453;0.006889292890632476;1.5234480483492483;2.718044284058066;-0.09992179354659422;2.843884936386998;380.0
2022-10-07;-0.8660254037844386;0.5000000000000001;0.9884683243281114;0.1514277775045767;-0.433883739117558;-0.9009688679024191;0.013042366379677777;0.24836601307189543;0.042988332372121914;-1;0.005444491705657167;0.0036154827732879625;0.010250957039557635;2.542237628347578;0.004584965135160952;0.0008596809628426783;0.008978890056356863;1.7772253269005631;2.675658816932997;0.03942629547589119;2.8902709272506764;325.0
2022-10-10;-0.8660254037844386;0.5000000000000001;0.8978045395707416;-0.4403941515576344;0.0;1.0;0.018205019140791152;0.4252336448598131;0.03605279475595713;1;8.549931600547196e-05;0.0023512311901504788;0.005300957592339261;2.63099356706598;0.002972195589645254;0.0020134228187919465;0.008245445829338447;1.5256188844686605;2.9288701063649576;-0.29713384734198717;2.4619838358624677;1025.0
2022-10-11;-0.8660254037844386;0.5000000000000001;0.7907757369376989;-0.6121059825476626;0.7818314824680298;0.6234898018587336;0.01731361149110807;0.01728395061728395;0.021643871995750897;-1;0.005198856251624643;0.0011264188545186725;0.00641192271033706;2.8080579596632074;0.001825168107588857;0.0005763688760806917;0.006820365033621518;1.526710577759929;2.854273404205498;0.395741329766602;2.9412197094867203;180.0
2022-10-13;-0.8660254037844386;0.5000000000000001;0.48530196253108104;-0.8743466161445821;0.43388373911755823;-0.900968867902419;0.014686768910839615;1.9085545722713864;0.039263011785092256;-1;0.004508719693747341;0.0022968949383241175;0.025223309230114843;2.64160636257652;0.007102272727272727;0.004545454545454545;0.02784090909090909;2.498473164769653;2.9974917722300343;-0.5348660350094295;2.0325860281590535;115.0
2022-10-14;-0.8660254037844386;0.5000000000000001;0.29936312297335804;-0.9541392564000488;-0.433883739117558;-0.9009688679024191;0.027817949808592087;0.5244648318042814;0.028305425022613455;1;0.0009010941857970393;0.004891654151469642;0.007380390474147179;2.8754032767713857;0.0033037568434963185;0.001699074948083821;0.008306588635076459;2.1624738788413445;2.8540149796844148;-0.06434744634997448;2.57539910784631;40.0
2022-10-17;-0.8660254037844386;0.5000000000000001;-0.2993631229733582;-0.9541392564000488;0.0;1.0;0.027933919759708218;0.40706605222734255;0.013407826152090484;-1;0.0017391304347826088;0.0013043478260869566;0.004782608695652174;2.909965806407815;0.0035916824196597355;0.0006616257088846881;0.005765595463137996;1.4177898008817378;2.901988363583518;-0.4888659918887745;2.9132185953509833;410.0
2022-10-18;-0.8660254037844386;0.5000000000000001;-0.4853019625310808;-0.8743466161445822;0.7818314824680298;0.6234898018587336;0.018173913043478263;1.2057416267942584;0.028051760817202034;1;4.2755141305742016e-05;0.0038052075762110395;0.007695925435033563;2.98833814181014;0.001607869100539109;0.0025536744537974086;0.005863993190201457;1.6092378074320575;2.9718455434415025;-0.7656273625012037;2.7590650323110064;60.0
2022-10-19;-0.8660254037844386;0.5000000000000001;-0.651372482722222;-0.7587581226927911;0.9749279121818236;-0.22252093395631434;0.017572363076659967;0.6301703163017032;0.030805739175443138;1;0.0002553191489361702;0.0030638297872340424;0.006085106382978723;2.967504702991408;0.003969754253308129;0.0014177693761814746;0.005482041587901701;1.5614198505666683;2.7966295840687456;-0.8116231585246072;2.9388920143498503;190.0
2022-10-20;-0.8660254037844386;0.5000000000000001;-0.7907757369376986;-0.6121059825476627;0.43388373911755823;-0.900968867902419;0.012127659574468085;1.207017543859649;0.04052542769788345;1;0.003954231869426216;0.0005047955577990914;0.00740366818105334;2.936818867111781;9.503896597605019e-05;0.007318000380155864;0.008838623835772667;2.2453937360108287;2.9623387492424462;-0.6018722161459651;2.0663832818088137;385.0
2022-10-21;-0.8660254037844386;0.5000000000000001;-0.8978045395707417;-0.44039415155763423;-0.433883739117558;-0.9009688679024191;0.0102221100454316;-0.06584362139917696;0.03349461907973278;1;0.0019428137010601004;0.0008869366896143938;0.004814799172192423;2.926730835819419;0.004002287021154946;0.0016199733180865257;0.009052792071659996;1.8724535328890854;2.9932277931702105;-0.7617324060653273;2.3919229938174795;1250.0
2022-10-24;-0.8660254037844386;0.5000000000000001;-0.9884683243281114;0.15142777750457667;0.0;1.0;0.0383916881361659;0.7799779977997799;0.059963065518463976;-1;8.208495793145906e-05;0.0008208495793145906;0.012805253437307613;2.6857094805237423;0.0008638065073423554;0.000383914003263269;0.009693828582397543;2.2484113060082853;2.904798509125791;-0.8583142380418938;2.183959972202919;830.0
2022-10-25;-0.8660254037844386;0.5000000000000001;-0.9377521321470804;0.3473052528448203;0.7818314824680298;0.6234898018587336;0.03422942745741843;0.08513189448441247;0.02426800030375682;-1;0.0055499067954583965;0.0017369937298762923;0.011481104897475005;2.796564302613567;0.0007549306407473814;0.0006605643106539587;0.011418325941304142;1.9882160631823476;2.859146937575629;-0.8434108460478408;2.5352473363046846;170.0
2022-10-26;-0.8660254037844386;0.5000000000000001;-0.8486442574947509;0.5289640103269624;0.9749279121818236;-0.22252093395631434;0.022326724284019658;0.1347248576850095;0.007097138432053714;-1;0.0037372739378839295;0.0017182868679926115;0.01593711070063147;2.7964462861806996;0.0020766471587691147;0.002454219369454408;0.010194449688502926;1.8329959880736102;2.807443176793137;-0.9178801138026575;3.086773589518066;280.0
2022-10-27;-0.8660254037844386;0.5000000000000001;-0.72479278722912;0.6889669190756865;0.43388373911755823;-0.900968867902419;0.022638429485802653;0.2675521821631879;-0.008461302807633726;1;0.00700609225413403;0.005221932114882507;0.014360313315926894;2.487899328564211;0.00046352090479280614;0.0005562250857513674;0.012607768610364327;2.097432254615536;2.6518341229912568;-0.7811232176410439;2.9451734498297304;510.0
2022-10-28;-0.8660254037844386;0.5000000000000001;-0.5712682150947924;0.8207634412072763;-0.433883739117558;-0.9009688679024191;0.03407310704960836;0.0421455938697318;-0.01516634366577689;1;0.0028829773293146377;0.0004368147468658542;0.009435198532302451;2.5509065974856813;0.005885100420364316;0.0029892573563755254;0.010088743577767399;1.7946303815398128;2.5677897016208644;-0.5893924165930615;2.705847118481379;830.0
2022-10-31;-0.8660254037844386;0.5000000000000001;-2.4492935982947064e-16;1.0;0.0;1.0;0.02345695190669637;-0.527001862197393;-0.03149152447948026;1;0.006460176991150443;0.004424778761061947;0.014513274336283187;2.5266728851348277;0.0016562384983437614;0.005520794994479205;0.01757453073242547;2.2143565059986012;2.788764619904539;-0.6581570942477485;2.576605657448496;4280.0
2022-11-01;-0.5000000000000004;0.8660254037844384;0.20791169081775931;0.9781476007338057;0.7818314824680298;0.6234898018587336;0.05265486725663717;0.9420168067226891;0.009433659896795975;1;0.0030057999237966216;0.003302146395156852;0.01312391516023877;2.366030490364748;0.01023264793899025;0.0021237571194130706;0.013514818032628632;1.9327109970574103;2.7950601912269954;-0.728043057575783;2.738812414465041;1115.0
2022-11-03;-0.5000000000000004;0.8660254037844384;0.5877852522924731;0.8090169943749475;0.43388373911755823;-0.900968867902419;0.02485076838406503;-0.38160136286201024;-0.009897605817647348;1;0.004013291330427653;0.0032365252664739138;0.014672247874681741;2.6104087562461964;0.006513409961685823;0.0019157088122605363;0.019252873563218392;2.430489385811101;2.88931954870367;-0.8079141764176369;1.9455098137271722;50.0
2022-11-04;-0.5000000000000004;0.8660254037844384;0.7431448254773941;0.6691306063588582;-0.433883739117558;-0.9009688679024191;0.03003495447287792;1.3290229885057472;0.025738465085695255;1;0.0005411480664363319;0.004121050659784373;0.009823918744536485;2.188651179967481;0.010805500982318271;0.0009823182711198428;0.014833005893909627;2.163276919185901;2.6464150882859374;-0.8501184680411724;2.1555358656524457;510.0
2022-11-07;-0.5000000000000004;0.8660254037844384;0.9945218953682733;0.10452846326765346;0.0;1.0;0.022520084918619655;0.4232902033271719;0.024497650939410878;-1;0.0019575992336207256;0.001666041900953809;0.015202632346203507;2.384049398874095;0.005603066941905043;0.0017693895606015924;0.011009535043743243;1.414708016407309;2.5233158554201482;-0.9192075769786245;3.1456318356348087;685.0
2022-11-08;-0.5000000000000004;0.8660254037844384;0.9945218953682734;-0.10452846326765333;0.7818314824680298;0.6234898018587336;0.03257111916364697;0.09462915601023018;-0.0034444932924148587;-1;8.566044200788077e-05;0.005225286962480726;0.013106047627205757;2.612018773003564;0.007115384615384615;0.000576923076923077;0.014038461538461538;1.9668315722713685;2.8042458961151495;-0.9244575207569624;2.5681268590014295;1175.0
2022-11-09;-0.5000000000000004;0.8660254037844384;0.9510565162951536;-0.30901699437494734;0.9749279121818236;-0.22252093395631434;0.028867568956655817;0.49851632047477745;-0.0023362741228304122;-1;0.0;0.0030795551753635586;0.006586826347305389;2.504536359851222;0.0046211610667180126;9.62741888899586e-05;0.007990757677866564;1.5349498843452458;2.484797124364414;-0.8821651592235229;3.0199031622573904;285.0
2022-11-10;-0.5000000000000004;0.8660254037844384;0.8660254037844387;-0.4999999999999998;0.43388373911755823;-0.900968867902419;0.027117194183062448;-0.031545741324921134;-0.025245172335765488;-1;0.0;0.0047742105032631075;0.023476851649073628;2.2138360089188334;0.009877481242283218;0.0003799031247032007;0.019565010922214836;2.6461546751034914;2.8387979005111843;-0.8368743168798449;2.1193205157330093;905.0
2022-11-11;-0.5000000000000004;0.8660254037844384;0.7431448254773945;-0.6691306063588579;-0.433883739117558;-0.9009688679024191;0.04051508913319609;0.5308108108108108;-0.04230663975643964;-1;0.0;0.004107692994597491;0.01616287895700317;2.3341287404984126;0.006063432835820896;0.003824626865671642;0.01623134328358209;1.8081226875347893;2.6110351320889573;-0.9738926086428848;2.7136577732798317;1395.0
2022-11-14;-0.5000000000000004;0.8660254037844384;0.20791169081775931;-0.9781476007338057;0.0;1.0;0.03652274858239943;0.7286063569682152;-0.03130878824780792;1;0.00013256153064380717;0.0034907869736202552;0.019751668065927267;2.3696525878324324;0.00279876854184159;0.0035451068196660136;0.01781882638305812;1.8200401263150185;2.5513113192891925;-0.7456455585672566;2.658181100996851;1270.0
2022-11-16;-0.5000000000000004;0.8660254037844384;-0.20791169081775907;-0.9781476007338057;0.9749279121818236;-0.22252093395631434;0.023861075515885292;0.3314814814814815;-0.027190810717120987;1;0.0007038845629316792;0.005851040429369583;0.009942369451409968;2.348706691344919;0.006436567164179104;0.0006529850746268657;0.010914179104477612;1.9221512912842882;2.4827270185467083;-0.6485008435826348;2.364347788003729;1015.0
2022-11-17;-0.5000000000000004;0.8660254037844384;-0.4067366430758002;-0.9135454576426009;0.43388373911755823;-0.900968867902419;0.03501825700585104;-0.29773869346733667;-0.06353955538397195;-1;0.0024277403691997618;0.00879483303559159;0.011543218359213962;2.298787004627205;0.006074893462689274;0.0004533502584096473;0.015141898630882219;2.3986421398656;2.8490082506303898;-0.8997822530561557;2.1688308561445613;625.0
2022-11-18;-0.5000000000000004;0.8660254037844384;-0.587785252292473;-0.8090169943749475;-0.433883739117558;-0.9009688679024191;0.022949017452246805;1.3193612774451098;-0.04081962096834946;1;0.004398168925590163;0.004487927475092002;0.012027645633246566;2.3526679863268334;0.0018515089798185522;0.00046287724495463806;0.01231253471579337;1.7164673456181274;2.6274502143438094;-0.9403748159258035;2.7938689632145906;545.0
2022-11-21;-0.5000000000000004;0.8660254037844384;-0.9510565162951535;-0.30901699437494756;0.0;1.0;0.028857373664841576;0.09642301710730948;-0.05304274183791632;1;0.002692097098010586;0.0002737725862383647;0.01113341850702683;2.4859069461936643;0.0001852537977028529;0.001852537977028529;0.014912930715079658;1.8449412269590868;2.740006139511367;-0.7579599988649145;2.718677095113445;470.0
2022-11-22;-0.5000000000000004;0.8660254037844384;-0.9945218953682733;-0.10452846326765423;0.7818314824680298;0.6234898018587336;0.021856178134696112;0.7453027139874739;-0.04175103738038148;1;0.003393665158371041;9.049773755656108e-05;0.008461538461538461;2.3296800142292398;0.001033640293177974;0.0056380379627889495;0.00676564555534674;1.622619585156239;2.536045111480132;-0.4015138152636938;3.150142363939641;340.0
2022-11-23;-0.5000000000000004;0.8660254037844384;-0.9945218953682734;0.10452846326765299;0.9749279121818236;-0.22252093395631434;0.02592760180995475;0.49040139616055844;-0.04106841538441414;-1;0.0019096985404446869;0.0019096985404446869;0.013367889783112808;2.454210689381728;0.001588042970574498;9.341429238673517e-05;0.008780943484353106;1.3077475734216495;2.5418346473894307;-0.8228228240813955;3.5122725390463243;120.0
2022-11-24;-0.5000000000000004;0.8660254037844384;-0.9510565162951536;0.30901699437494723;0.43388373911755823;-0.900968867902419;0.01486836720774792;1.1253822629969419;-0.03368701194103022;1;0.0019025185722051096;0.0029443739807936222;0.0053451712266714985;2.446902547553524;0.002253944402704733;0.0029113448534936136;0.0061044327573253196;1.560684793259997;2.6030460969320344;-0.9298496480343351;3.0019077523002418;515.0
2022-11-25;-0.5000000000000004;0.8660254037844384;-0.8660254037844386;0.5000000000000001;-0.433883739117558;-0.9009688679024191;0.03053089327776771;0.6602373887240356;-0.01567917523242613;1;0.0046758104738154616;0.0006234413965087282;0.007347702173138582;2.49345798672471;0.0031933878087724243;0.00253592561284869;0.0063867756175448485;1.5224036178029279;2.661932013337349;-0.9286255199148413;3.6748697771919514;1020.0
2022-11-28;-0.5000000000000004;0.8660254037844384;-0.40673664307580015;0.913545457642601;0.0;1.0;0.03495724973281083;-0.14267515923566879;-0.04589881517420807;1;0.0021649009672961767;0.005849838783970521;0.01759557807461999;2.4531830698426758;0.0015662428597751981;0.0002763957987838585;0.010503040353786623;1.9566648052976454;2.8295747466774945;-0.8524097753223069;3.2865531774926398;125.0
2022-11-29;-0.5000000000000004;0.8660254037844384;-0.20791169081775898;0.9781476007338057;0.7818314824680298;0.6234898018587336;0.019898664210041456;1.0347222222222223;-0.029171137782341316;-1;0.005447117566954153;0.0009986382206082615;0.007807535179300953;2.5684335790441284;0.0012195121951219512;0.003658536585365854;0.007879924953095686;2.089732458290353;2.8098058718007923;-0.7254759820826571;2.7729416152287762;220.0
2022-11-30;-0.5000000000000004;0.8660254037844384;-1.133107779529596e-15;1.0;0.9749279121818236;-0.22252093395631434;0.02796187017703132;0.7288961038961039;-0.01050018332251068;-1;0.004419642857142857;0.0003125;0.008973214285714286;2.522246181394836;0.0011331444759206798;0.0035882908404154864;0.01161473087818697;2.0051001211978785;2.7993123121104144;-0.8748165974830499;3.218655646135266;405.0
2022-12-01;-2.4492935982947064e-16;1.0;0.20129852008866006;0.9795299412524945;0.43388373911755823;-0.900968867902419;0.021875;0.7755102040816326;-0.004151581407288725;-1;0.0016888888888888889;0.0019555555555555554;0.007733333333333333;2.503296051666879;0.0010532363079279968;0.002297970126388357;0.007181156644963616;1.58583616754758;2.6155691222055886;-0.7010036715968898;3.3054454465955585;130.0
2022-12-02;-2.4492935982947064e-16;1.0;0.39435585511331855;0.9189578116202306;-0.433883739117558;-0.9009688679024191;0.015866666666666668;0.3333333333333333;-0.010447983066679387;1;0.0023318385650224214;0.0;0.004663677130044843;2.4477469946024426;0.0017261219792865361;0.003356348293057154;0.005753739930955121;1.3927983999070601;2.709571098364866;-0.056310111432084996;3.1122685942672987;320.0
2022-12-05;-2.4492935982947064e-16;1.0;0.8486442574947509;0.5289640103269624;0.0;1.0;0.035650224215246634;0.6515723270440251;0.003998104404589477;-1;0.00022160173735762088;0.00026592208482914504;0.010326640960865134;2.5160713443379867;0.0006686407488776388;0.0009552010698251982;0.008978890056356863;1.6741425456224517;2.610780230770379;0.17285014606238025;3.4562750613669975;275.0
2022-12-06;-2.4492935982947064e-16;1.0;0.9377521321470804;0.3473052528448203;0.7818314824680298;0.6234898018587336;0.02978327350086425;0.08630952380952381;-0.018826605289326375;1;0.00022774892958003098;0.0008198961464881115;0.0073790653183930036;2.5817517475686;9.432182607055272e-05;0.0002829654782116582;0.008771929824561403;1.811857051503596;2.973688349270257;-0.7249209345502272;3.354529059282099;175.0
2022-12-07;-2.4492935982947064e-16;1.0;0.9884683243281114;0.1514277775045767;0.9749279121818236;-0.22252093395631434;0.013847134918465884;0.24013157894736842;-0.016181867883182238;1;0.00022774892958003098;0.0048738270930126625;0.005648173453584768;2.638794425733765;0.002268002268002268;0.000378000378000378;0.01048951048951049;2.036685196343304;2.786489895761419;-0.6634778459864755;2.9573533212716465;350.0
2022-12-08;-2.4492935982947064e-16;1.0;0.9987165071710528;-0.05064916883871264;0.43388373911755823;-0.900968867902419;0.015304728067778082;0.40476190476190477;-0.015515260008231026;-1;0.0027869152046783624;0.004111842105263158;0.012152777777777778;2.572384505036015;0.0041868874298220575;0.002569226377390808;0.006851270339708821;1.6208316001333163;2.5416567489959943;0.18562930446765144;4.058917295809896;335.0
2022-12-09;-2.4492935982947064e-16;1.0;0.9680771188662043;-0.2506525322587204;-0.433883739117558;-0.9009688679024191;0.02526498538011696;0.325497287522604;-0.026182405748304077;1;0.0007415647015202076;0.001946607341490545;0.005144605116796441;2.7114379952353826;0.0027598020555767034;0.002379139703083365;0.006376094404263418;1.617275584993289;2.6808542421643753;0.23686160097020162;3.4575617427267717;660.0
2022-12-12;-2.4492935982947064e-16;1.0;0.6513724827222223;-0.758758122692791;0.0;1.0;0.014599555061179088;0.48253968253968255;-0.024603020345066062;-1;0.0;0.0018999953658649614;0.008387784420038;2.5244522960117086;0.0016152019002375296;0.0016152019002375296;0.0065558194774346795;1.6339793096826445;2.6133841540997755;-0.4852697370192323;3.738752907955149;1730.0
2022-12-13;-2.4492935982947064e-16;1.0;0.48530196253108104;-0.8743466161445821;0.7818314824680298;0.6234898018587336;0.03827795541962093;0.29418886198547217;-0.04713496047125884;1;0.0009525623928367308;0.0016193560678224423;0.009001714612307105;2.3733317002733227;0.0015913133015070674;0.0009360666479453337;0.00861181316109707;1.8942677608663332;2.574228540719231;-0.9257747305884864;3.2294838372390853;215.0
2022-12-14;-2.4492935982947064e-16;1.0;0.29936312297335804;-0.9541392564000488;0.9749279121818236;-0.22252093395631434;0.037197561440274335;0.5236875800256082;-0.04106746684117281;-1;0.003138672246528438;0.00489823093018832;0.01336313486779532;2.4041049301420894;0.006561064767082201;0.0;0.01049770362733152;2.003541372129055;2.711896903425755;-0.8070838993710288;2.681380160833675;410.0
2022-12-15;-2.4492935982947064e-16;1.0;0.10116832198743272;-0.994869323391895;0.43388373911755823;-0.900968867902419;0.027487159977173294;0.4826989619377163;-0.03995173707675679;1;0.00242787774921451;0.003141959440159954;0.005998286203941731;2.4883191405138203;9.350163627863488e-05;0.0005610098176718093;0.008602150537634409;1.6193685588745952;2.4538783868337726;-0.5375477658351177;2.9385218667902953;1010.0
2022-12-16;-2.4492935982947064e-16;1.0;-0.10116832198743204;-0.9948693233918952;-0.433883739117558;-0.9009688679024191;0.02789679139293535;0.14334470989761092;-0.03732517062248302;1;0.00014269406392694063;0.0025684931506849314;0.006611491628614916;2.513988267747346;0.0029069767441860465;0.0002813203300825206;0.007033008252063016;1.4896867675971412;2.697365316123651;-0.09106734559315238;3.1501906323623357;150.0
2022-12-19;-2.4492935982947064e-16;1.0;-0.651372482722222;-0.7587581226927911;0.0;1.0;0.018074581430745813;0.46842105263157896;-0.036270642738643485;-1;0.001142857142857143;0.007380952380952381;0.008809523809523809;2.527007894285224;0.0005607476635514019;0.00102803738317757;0.006168224299065421;1.3507168476926843;2.6832777910021424;0.5975663183117276;3.6575589157636537;260.0
2022-12-20;-2.4492935982947064e-16;1.0;-0.7907757369376986;-0.6121059825476627;0.7818314824680298;0.6234898018587336;0.027142857142857142;0.8807017543859649;-0.01877752949506653;-1;0.000984021367321119;0.001312028489761492;0.0060915608453212125;2.6389087101168576;0.00047098718914845517;0.0012245666917859834;0.0062170308967596085;1.253261271496264;2.728381148932126;0.38016950149956785;4.251278937834663;2155.0
2022-12-21;-2.4492935982947064e-16;1.0;-0.8978045395707417;-0.44039415155763423;0.9749279121818236;-0.22252093395631434;0.033972166252752914;0.9793103448275862;0.008966754035039316;-1;0.0009114939385653086;0.0031446540880503146;0.008613617719442166;2.5280222219828645;0.0027836436936072182;0.002207717412171242;0.005471299673641774;1.653734499943498;2.810886706541226;-0.9178407745951774;3.974151441434831;930.0
2022-12-22;-2.4492935982947064e-16;1.0;-0.9680771188662041;-0.2506525322587213;0.43388373911755823;-0.900968867902419;0.018685625740588824;0.6048780487804878;0.0023311095069726384;1;9.174311926605505e-05;4.587155963302752e-05;0.00518348623853211;2.4902559703756393;0.0018216682646212848;0.0013422818791946308;0.005369127516778523;1.2606421371122938;2.656844099984322;-0.932927288641922;4.275444047341104;375.0
2022-12-23;-2.4492935982947064e-16;1.0;-0.9987165071710528;-0.05064916883871355;-0.433883739117558;-0.9009688679024191;0.018623853211009175;0.6748768472906403;0.009137130646230934;1;0.0017798466593647317;0.0025100401606425703;0.006936838262139467;2.52957325475398;0.0009656237929702588;0.003089996137504828;0.008111239860950173;1.5746820961513388;2.7203591580730446;-0.3788531433729573;3.514202890014116;825.0
2022-12-26;-2.4492935982947064e-16;1.0;-0.8486442574947509;0.5289640103269624;0.0;1.0;0.023183643665571376;0.7696850393700787;0.023616613065742798;-1;0.004809421071556994;0.000719165767709457;0.0056634304207119745;2.3320258715234448;0.0024217766153250024;0.0011624527753560012;0.007652814104427008;0.7944152706452128;2.3689242536392796;-0.7285040637876772;5.490548105715401;880.0
2022-12-27;-2.4492935982947064e-16;1.0;-0.72479278722912;0.6889669190756865;0.7818314824680298;0.6234898018587336;0.01649586479683567;0.6730245231607629;0.022477490320147887;-1;0.0017539914549134247;0.0007645603777827749;0.005127051945131549;2.3912965711809555;0.000577311652073511;0.0002886558260367555;0.015779851823342635;2.1948496241197017;2.953290805840172;-0.2638860233090157;2.228458800947859;1690.0
2022-12-28;-2.4492935982947064e-16;1.0;-0.5712682150947924;0.8207634412072763;0.9749279121818236;-0.22252093395631434;0.021812457836743872;0.5917525773195876;0.015880612399854586;1;0.0007247689798876608;0.001630730204747237;0.00566225765537235;2.3250453610852237;0.0011392765593847907;0.0021836134054875156;0.0041773473844108995;1.544023381360895;2.656278057504866;-0.7410485077769127;3.433816908454227;765.0
2022-12-29;-2.4492935982947064e-16;1.0;-0.3943558551133187;0.9189578116202306;0.43388373911755823;-0.900968867902419;0.01893458959956514;0.8995215311004785;0.03191354685755717;1;0.0016506067094932192;0.000936830835117773;0.0078069236259814415;2.4010257619357387;0.003503787878787879;0.0005681818181818182;0.011268939393939394;1.9808890157262582;2.7702933848956977;-0.4180399012117314;3.78173817529401;225.0
2023-01-02;0.49999999999999994;0.8660254037844387;0.39435585511331855;0.9189578116202306;0.0;1.0;0.01757673090649536;-0.2436548223350254;0.016698630357755435;-1;0.0016757246376811594;0.0010416666666666667;0.011186594202898551;2.299532163255444;0.0019710906701708277;0.0012201989862962268;0.01370377323071147;1.919333526745394;2.591549295774648;-0.6734330021825746;2.651261311456512;1465.0
2023-01-03;0.49999999999999994;0.8660254037844387;0.5712682150947923;0.8207634412072763;0.7818314824680298;0.6234898018587336;0.030072463768115943;0.2063253012048193;-0.003645761225714154;-1;0.0008800370541917554;0.005094951366373321;0.009634089856415007;2.597836507700086;0.002858196570164116;0.0023049972340033194;0.012539184952978056;3.185935490295484;2.677580433776547;-0.9482459817781327;3.597198277427179;530.0
2023-01-04;0.49999999999999994;0.8660254037844387;0.72479278722912;0.6889669190756866;0.9749279121818236;-0.22252093395631434;0.028485409911996294;0.1886178861788618;-0.02377891436446204;1;0.0013737565135007106;0.0011842728564661299;0.0047370914258645196;2.4854287439971103;0.003926940639269407;0.001735159817351598;0.006301369863013699;2.2522194158621516;2.640586639100659;-0.9177179179320493;2.934191899950017;60.0
2023-01-05;0.49999999999999994;0.8660254037844387;0.8486442574947509;0.5289640103269624;0.43388373911755823;-0.900968867902419;0.018190431075319754;1.109375;-0.006033933638311425;1;0.0006991051454138703;0.002796420581655481;0.004893736017897092;2.7401487712996193;0.0010084341767510085;0.0027502750275027505;0.011184451778511184;2.1709841425507213;2.8152385210528363;-0.8360509105036661;2.865386009673978;455.0
2023-01-06;0.49999999999999994;0.8660254037844387;0.9377521321470804;0.3473052528448203;-0.433883739117558;-0.9009688679024191;0.0244220730797912;0.916030534351145;0.010571382898129679;1;0.0019257221458046766;0.001879871618523613;0.004814305364511692;2.539169474062787;0.0013914656771799629;0.0013914656771799629;0.006586270871985158;1.842887344350925;2.817105054015095;-0.9478066648861903;2.843413531318461;1310.0
2023-01-09;0.49999999999999994;0.8660254037844387;0.9680771188662043;-0.2506525322587204;0.0;1.0;0.01806510774873911;0.24873096446700507;0.01160474922685122;1;0.001509123336534504;0.004893218091187634;0.01170713861069191;2.556564779022038;0.0030160226201696515;0.005372290292177191;0.009048067860508954;1.9184768800834338;2.7053522807449535;-0.9422000855344724;2.8071830273454936;125.0
2023-01-10;0.49999999999999994;0.8660254037844387;0.8978045395707416;-0.4403941515576344;0.7818314824680298;0.6234898018587336;0.02281977408880962;0.3807615230460922;0.014304231196671048;-1;0.0019134396355353076;0.0025056947608200456;0.004965831435079727;2.656458120017153;0.002745692103768226;0.003503124408256012;0.007100927854572997;1.6236891668651077;2.4690794755794445;-0.7547444552766234;3.5462925281996065;290.0
2023-01-11;0.49999999999999994;0.8660254037844387;0.7907757369376989;-0.6121059825476626;0.9749279121818236;-0.22252093395631434;0.028428246013667426;0.8253205128205128;0.03124122017161254;-1;0.0023224653863331843;0.0007592675301473872;0.00401965163019205;2.7603107972254524;0.002583979328165375;0.0022968705139247776;0.008326155612977318;1.7134823265634471;2.7221494783223177;-0.7791651215522092;3.3437393823941486;380.0
2023-01-12;0.49999999999999994;0.8660254037844387;0.6513724827222223;-0.758758122692791;0.43388373911755823;-0.900968867902419;0.02175078159892809;0.5934291581108829;0.0377966074502245;1;0.0037985865724381625;0.002385159010600707;0.00627208480565371;2.5737366129931165;0.0019275250578257518;0.0017347725520431765;0.0062644564379336935;1.6424563096474514;2.6723100095268;-0.9592149179155306;3.4030428019748937;330.0
2023-01-13;0.49999999999999994;0.8660254037844387;0.48530196253108104;-0.8743466161445821;-0.433883739117558;-0.9009688679024191;0.020980565371024735;0.3936842105263158;0.029113128890411743;-1;0.0023528367220101215;0.0010210423510609962;0.01029920980200657;2.7769808009546875;0.0020469831367579687;0.00038990154985866067;0.008772784871819865;1.5997052681996489;2.6740957737278057;-0.6785475612914328;3.775011689712099;115.0
2023-01-16;0.49999999999999994;0.8660254037844387;-0.10116832198743204;-0.9948693233918952;0.0;1.0;0.013229157418094646;-0.20469798657718122;0.012293765646248431;-1;0.00486048604860486;0.001215121512151215;0.006390639063906391;2.6007513906718014;0.0017513134851138354;0.0027242654212881884;0.007394434714925083;1.3721658567134936;2.477815914781941;0.2691294464401496;3.5139112115276547;80.0
2023-01-17;0.49999999999999994;0.8660254037844387;-0.2993631229733582;-0.9541392564000488;0.7818314824680298;0.6234898018587336;0.017416741674167416;0.1524547803617571;-0.00011816785289011298;1;0.0006363636363636364;0.0005454545454545455;0.005636363636363636;2.660306626412992;0.0007737692233291421;0.0010639326820775703;0.00667375955121385;1.9869877531129343;2.6065952558451806;-0.7187011236023886;2.9387766707420893;750.0
2023-01-18;0.49999999999999994;0.8660254037844387;-0.4853019625310808;-0.8743466161445822;0.9749279121818236;-0.22252093395631434;0.024727272727272726;1.0955882352941178;0.02375572020788805;1;0.0010626992561105207;0.0007970244420828905;0.008545873184555438;2.718749088727718;0.0011750881316098707;0.004406580493537015;0.0057775166470818646;1.8460085262893924;2.72973814844847;-0.8627190651270142;3.546308153488077;35.0
2023-01-19;0.49999999999999994;0.8660254037844387;-0.651372482722222;-0.7587581226927911;0.43388373911755823;-0.900968867902419;0.013416578108395324;-0.7095709570957096;0.011465538893904732;1;0.0017897091722595079;0.002192393736017897;0.0044295302013422815;2.553993556331495;0.0017110266159695818;0.00247148288973384;0.009315589353612166;2.156012392736113;2.894703662481305;-0.22054458432354174;2.274065229308882;1360.0
2023-01-20;0.49999999999999994;0.8660254037844387;-0.7907757369376986;-0.6121059825476627;-0.433883739117558;-0.9009688679024191;0.02384787472035794;0.8911819887429644;0.028805283151822857;-1;0.001141552511415525;0.0012293642430628731;0.005488233227959255;2.680548552557717;0.004435444990839842;0.001832031626651239;0.007231703789412786;1.8372397811274306;2.7258006622683957;-0.29343355036806884;3.4805713151710846;775.0
2023-01-23;0.49999999999999994;0.8660254037844387;-0.9987165071710528;-0.05064916883871355;0.0;1.0;0.012864418686336495;0.447098976109215;0.0209695603156708;-1;0.0013692579505300354;0.002208480565371025;0.006183745583038869;2.4881394268577988;0.0019155253328225267;0.0017239727995402739;0.005842352265108706;1.6858061383509904;2.8400354036181596;-0.8030610157159713;3.4981499640711906;580.0
2023-01-24;0.49999999999999994;0.8660254037844387;-0.9884683243281114;0.15142777750457667;0.7818314824680298;0.6234898018587336;0.01417844522968198;-0.1308411214953271;0.01030909246629373;1;0.0011154240842368268;0.00174006157140945;0.009369562307589346;2.778589938642101;0.0014365064163953266;0.0015322735108216816;0.007948668837387474;1.44634725735537;2.955027439004496;-0.6585548719010212;3.6699561669850174;70.0
2023-01-25;0.49999999999999994;0.8660254037844387;-0.9377521321470804;0.3473052528448203;0.9749279121818236;-0.22252093395631434;0.01900682639539553;0.7535211267605634;0.02146448166134818;1;0.003789380920907689;0.0024234412866270105;0.007622824410663142;2.5448901050802286;0.00019389238972370335;0.0008725157537566651;0.008434318952981095;1.9155150516688058;2.9693694315905796;-0.5726190825019944;2.608111857440244;460.0
2023-01-26;0.49999999999999994;0.8660254037844387;-0.8486442574947509;0.5289640103269624;0.43388373911755823;-0.900968867902419;0.02388191231548799;0.9077490774907749;0.03317669616055572;1;0.002173062714589943;0.0007823025772523795;0.004998044243556869;2.643716386386895;0.0007875566056310297;0.0011813349084465446;0.007875566056310297;2.0396449647434167;2.997434017595308;-0.8744229298061085;2.930625374123826;265.0
2023-01-27;0.49999999999999994;0.8660254037844387;-0.72479278722912;0.6889669190756865;-0.433883739117558;-0.9009688679024191;0.0114303098787431;0.42585551330798477;0.03013570824633368;-1;0.002090046155185927;0.0011321083340590438;0.0055734564138291386;2.788057578879236;0.0010800196367206677;0.00117820324005891;0.006185567010309278;1.6823386010161203;2.918122258303424;-0.6636931971568838;2.985353892288049;330.0
2023-01-30;0.49999999999999994;0.8660254037844387;-0.20129852008866114;0.9795299412524943;0.0;1.0;0.02129234520595663;-0.006134969325153374;0.009393879636435346;1;0.0003996092709350857;0.0018648432643637333;0.009279815291714767;2.668883150314179;0.0011711887565879367;0.001073589693538942;0.006246340035135663;1.6972192417651042;2.8761997503959527;-0.5461393562588849;3.179381158450211;200.0
2023-01-31;0.49999999999999994;0.8660254037844387;-2.4492935982947064e-16;1.0;0.7818314824680298;0.6234898018587336;0.011100257525974603;0.224;0.00723991407771005;1;0.0015977985886112466;0.0014646487062269762;0.0044827127069371085;2.697581732389619;0.0;0.0030000967773153972;0.005322752346849899;1.5329194652037033;2.8526138448916196;-0.7436972981627473;2.811567729442295;605.0
2023-02-01;0.8660254037844386;0.5000000000000001;0.2225209339563144;0.9749279121818236;0.9749279121818236;-0.22252093395631434;0.015756069415472015;0.7718309859154929;0.013943278484873447;-1;0.0019321974354470403;0.0011856666081152293;0.0038643948708940805;2.6850539395523496;0.0008849557522123894;0.0011799410029498525;0.003146509341199607;1.4722784301675476;2.8023898297470913;-0.35137000282694103;3.2698608617594256;725.0
2023-02-02;0.8660254037844386;0.5000000000000001;0.4338837391175581;0.9009688679024191;0.43388373911755823;-0.900968867902419;0.02595292464430002;0.3197969543147208;-0.004327754696912839;-1;0.0005352363960749331;0.004861730597680643;0.010392506690454951;2.5533415618531645;0.0010884622996239857;0.0024737779536908766;0.006629724915891549;2.1163115948082325;3.1072575004072402;0.2508022873256578;2.8834929450638573;1430.0
2023-02-03;0.8660254037844386;0.5000000000000001;0.6234898018587335;0.7818314824680298;-0.433883739117558;-0.9009688679024191;0.02983942908117752;-0.07473841554559044;-0.024816792503917155;1;0.0016385980883022303;0.004050978607191625;0.0067819754210286754;2.712680286572419;0.0043949604453559915;0.002148647328840707;0.012208223459322199;2.539179470689191;3.1376590019569472;0.21136084079916428;2.31266079677237;120.0
2023-02-06;0.8660254037844386;0.5000000000000001;0.9749279121818236;0.22252093395631445;0.0;1.0;0.02275830678197542;-0.046;-0.03737661806906723;1;0.0014305491462851868;0.0021688970927549608;0.004014766958929395;2.5322491353083993;0.004728360513364856;0.00028949146000192995;0.0054038405867026925;1.6375449971594818;2.8694133371673827;-0.8440105266834242;2.707850051034611;105.0
2023-02-07;0.8660254037844386;0.5000000000000001;1.0;6.123233995736766e-17;0.7818314824680298;0.6234898018587336;0.01439778495616059;1.060897435897436;-0.027925313231967216;-1;0.003109139957020712;0.0006401170499748525;0.005669608156920122;2.6243017367079946;0.0017441860465116279;0.0007751937984496124;0.004263565891472868;1.4167773644315618;2.86446971455094;-0.907874523192079;3.7612391119642195;245.0
2023-02-08;0.8660254037844386;0.5000000000000001;0.9749279121818236;-0.22252093395631434;0.9749279121818236;-0.22252093395631434;0.020666636184902384;0.47123893805309736;-0.03389815416670377;1;0.002903225806451613;0.0004608294930875576;0.007603686635944701;2.7206605376462214;0.00038387715930902113;0.002783109404990403;0.005566218809980806;1.2824808225206112;2.859012652071161;-0.7821529643416739;3.9429898123651843;70.0
2023-02-09;0.8660254037844386;0.5000000000000001;0.9009688679024191;-0.43388373911755806;0.43388373911755823;-0.900968867902419;0.018755760368663596;1.1769041769041768;-0.011455504572837656;-1;0.0002255401687040462;0.001127700843520231;0.007487933600974333;2.66268290051374;0.003269230769230769;0.0021153846153846153;0.01;1.8265004080233624;2.858998729758299;0.10085840843196157;2.4919723790808046;10.0
2023-02-10;0.8660254037844386;0.5000000000000001;0.7818314824680299;-0.6234898018587335;-0.433883739117558;-0.9009688679024191;0.026613739907077452;-0.09152542372881356;-0.03784921537564324;-1;0.001114723641430562;0.0028332559219693453;0.006038086391082211;2.72003818101135;0.0004698364968990791;0.0005638037962788949;0.008457056944183423;1.6248724824297947;2.9821172349763674;-0.5777466525728148;3.231140569665708;1150.0
2023-02-13;0.8660254037844386;0.5000000000000001;0.2225209339563141;-0.9749279121818237;0.0;1.0;0.015606130980027869;0.6279761904761905;-0.0314536924289091;-1;0.00027732840305061244;0.00171019181881211;0.004391033048301364;2.690480891114502;0.000859106529209622;0.0004772814051164567;0.007541046200840016;1.4821582828452617;2.762110481586402;-0.5422674559807198;2.875997262397611;190.0
2023-02-14;0.8660254037844386;0.5000000000000001;1.2246467991473532e-16;-1.0;0.7818314824680298;0.6234898018587336;0.017379246591171713;1.0;-0.020580352044712053;1;0.0030635573845450388;0.0008230452674897119;0.004435299497027892;2.69828745870207;0.002128894910005806;0.00154828720727695;0.00454809367137604;1.538191027718325;2.942551739822606;-0.7408732261937615;2.9068258053546034;460.0
2023-02-15;0.8660254037844386;0.5000000000000001;-0.22252093395631384;-0.9749279121818237;0.9749279121818236;-0.22252093395631434;0.02007315957933242;1.0250569476082005;-0.014453338000767434;-1;0.001092896174863388;0.0007285974499089253;0.007058287795992714;2.9192741279840706;0.0008638065073423554;0.0016316345138688933;0.005662731548133218;1.376653113382966;2.860264007179664;-0.5896991268053974;2.7905404282199613;485.0
2023-02-16;0.8660254037844386;0.5000000000000001;-0.433883739117558;-0.9009688679024191;0.43388373911755823;-0.900968867902419;0.02818761384335155;0.8190630048465266;0.0018547876425334692;-1;0.002196521427290658;0.0008068854222700376;0.009996413842567688;2.752800332509595;0.0012464046021093001;0.0016299137104506232;0.010067114093959731;1.6831110490881451;2.864234074146199;0.5235241828432737;2.6905365714363416;225.0
2023-02-17;0.8660254037844386;0.5000000000000001;-0.6234898018587338;-0.7818314824680296;-0.433883739117558;-0.9009688679024191;0.019544558006096467;0.536697247706422;-0.0001977225951989359;-1;0.0006741876039372556;0.0025169670546990874;0.0034158838599487617;2.861948941723421;0.003528177743873367;0.0003814246209592829;0.0073424239534661965;1.4763783894717606;2.91332010273173;0.4551391253910548;2.8121195728396544;65.0
2023-02-23;0.8660254037844386;0.5000000000000001;-0.9009688679024193;0.43388373911755795;0.43388373911755823;-0.900968867902419;0.01492469399827092;0.5091463414634146;-0.016632794228316757;-1;0.0014664100449088076;0.00018330125561360095;0.004994959215470626;2.7475395151597612;0.0008741258741258741;0.0013597513597513598;0.004273504273504274;1.1984012610907715;2.7963109933249246;0.5186646852203385;3.6842920168972255;775.0
2023-02-24;0.8660254037844386;0.5000000000000001;-0.7818314824680299;0.6234898018587334;-0.433883739117558;-0.9009688679024191;0.0197507102923655;0.18097447795823665;-0.01914075465648476;1;0.0020257826887661143;0.0010128913443830571;0.005432780847145488;2.9351658496911615;0.000774818401937046;0.0021307506053268766;0.00397094430992736;1.3823063316528632;2.9218195225869885;0.31752644635728366;3.1204459732939487;105.0
2023-02-27;0.8660254037844386;0.5000000000000001;-0.22252093395631464;0.9749279121818235;0.0;1.0;0.021132596685082872;0.5010893246187363;-0.021517461410871123;-1;0.0008336807002917883;0.0006484183224491686;0.004955768607290074;2.7131205532509752;0.0007704160246533128;0.0027927580893682587;0.005104006163328197;1.7473239720766933;3.083427329338503;-0.9132901277921545;2.725268213869958;310.0
2023-02-28;0.8660254037844386;0.5000000000000001;-2.4492935982947064e-16;1.0;0.7818314824680298;0.6234898018587336;0.012829419665601407;0.3176895306859206;-0.02586328432331152;1;0.0017273576097105508;0.002054154995331466;0.004668534080298786;2.628718389617447;0.004682721712538226;0.0008600917431192661;0.005829510703363914;1.694754489137779;2.8430220635914716;-0.8950660162721479;2.7536936497880014;870.0
2023-03-01;1.0;6.123233995736766e-17;0.20129852008866006;0.9795299412524945;0.9749279121818236;-0.22252093395631434;0.02376283846872082;0.25147347740667975;-0.02945356574982149;-1;0.003055660022564874;0.000752162467092892;0.004230913877397518;2.880191626593182;0.0002855782960495002;0.0018086625416468347;0.0045692527367920035;1.8204777013163294;2.96441924125583;-0.6128301756866983;2.912699301469576;355.0
2023-03-02;1.0;6.123233995736766e-17;0.39435585511331855;0.9189578116202306;0.43388373911755823;-0.900968867902419;0.02181271154569387;0.7478448275862069;-0.028514664750124742;-1;0.0003298463858260296;0.0024031665253039297;0.007445104137216096;2.914648053699253;0.001722488038277512;0.0022966507177033493;0.006602870813397129;1.5469533348173141;2.9664691965085463;0.0557969863808009;3.2678362816655038;450.0
2023-03-03;1.0;6.123233995736766e-17;0.5712682150947923;0.8207634412072763;-0.433883739117558;-0.9009688679024191;0.017246253887475263;0.21311475409836064;-0.03614236256385028;1;0.0006201106659034536;0.002528143484067926;0.00448387712268651;2.9447910087125657;0.0022964309635441584;0.0022964309635441584;0.006219500526265429;1.4145755791911565;2.940982646760479;0.3700638341292947;3.3995111088477263;50.0
2023-03-06;1.0;6.123233995736766e-17;0.9377521321470804;0.3473052528448203;0.0;1.0;0.011639000190803281;0.20081967213114754;-0.03286237668533882;1;0.0019083969465648854;0.00028625954198473283;0.00715648854961832;2.9030404318449934;0.0010500190912562048;0.0014318442153493699;0.003436426116838488;1.171035529771854;2.988237636102408;-0.16622757865435764;3.7633285542569985;765.0
2023-03-07;1.0;6.123233995736766e-17;0.9884683243281114;0.1514277775045767;0.7818314824680298;0.6234898018587336;0.020419847328244273;0.8154205607476636;-0.01929643269135186;-1;0.001131488378671444;0.001980104662675027;0.005468860496911979;2.9543524549623186;0.000384874434715674;0.0027903396516886364;0.004618493216588088;1.3603372938389093;3.105822375075865;-0.8277395946064111;3.672953762617183;205.0
2023-03-08;1.0;6.123233995736766e-17;0.9987165071710528;-0.05064916883871264;0.9749279121818236;-0.22252093395631434;0.01635943614162463;0.6484149855907781;-0.020744582330061122;-1;0.000898430111594477;0.0018441460185360317;0.0038774352184603746;2.9140426539897244;0.000671978496688106;0.0010559662090813093;0.0029759047710473264;1.3755517079834036;2.9936376650230634;-0.8860542063718997;3.7910578609000583;845.0
2023-03-09;1.0;6.123233995736766e-17;0.9680771188662043;-0.2506525322587204;0.43388373911755823;-0.900968867902419;0.024352184603745036;0.8640776699029126;-0.0025942740665245993;-1;0.0029725963771481652;0.00013934045517882026;0.006595448211797492;2.901805171093704;0.0010660980810234541;0.003489048265167668;0.005524326419848808;1.894651189910031;3.0692434032928126;-0.9542230892998115;2.5544392207546927;225.0
2023-03-10;1.0;6.123233995736766e-17;0.8978045395707416;-0.4403941515576344;-0.433883739117558;-0.9009688679024191;0.019693450998606594;0.08254716981132075;-0.016650397304773454;-1;0.001178967224711153;0.00033011082291912287;0.0051402970997406275;2.865951576188177;9.66183574879227e-05;0.0;0.006280193236714976;1.3851615656256657;3.0070230694022553;-0.9137680858148532;4.12484425493048;590.0
2023-03-13;1.0;6.123233995736766e-17;0.48530196253108104;-0.8743466161445821;0.0;1.0;0.01881631690639;0.19799498746867167;-0.027765185066361654;-1;0.0032520325203252032;0.0030129124820659973;0.016164514586322332;2.9056891382183445;0.001241287119259047;0.0008593526210254941;0.013081256564499188;3.133098072929574;3.1549172464537523;-0.9358202724441974;2.898143282536346;385.0
2023-03-14;1.0;6.123233995736766e-17;0.29936312297335804;-0.9541392564000488;0.7818314824680298;0.6234898018587336;0.017120994739359158;0.8463687150837989;-0.025083261522696042;-1;0.0011466794075489727;0.0036789297658862876;0.009746774964166269;2.887661546408657;0.004375951293759513;0.0018074581430745813;0.007324961948249619;2.187547506336625;2.935455881907187;-0.9286844759587893;3.4778373382863355;505.0
2023-03-15;1.0;6.123233995736766e-17;0.10116832198743272;-0.994869323391895;0.9749279121818236;-0.22252093395631434;0.0168179646440516;-0.38920454545454547;-0.04141202715221434;-1;0.0019474196689386564;0.002872444011684518;0.00813047711781889;2.850488088484808;0.0041314553990610325;0.0015023474178403756;0.009953051643192488;2.1440126910499138;3.157885986326145;-0.7978037184874336;2.8520291085226024;430.0
2023-03-16;1.0;6.123233995736766e-17;-0.10116832198743204;-0.9948693233918952;0.43388373911755823;-0.900968867902419;0.02385589094449854;0.8591836734693877;-0.030616661246891427;1;0.0022685587411912346;0.0016410850468191911;0.004344048653344918;2.832761497806499;0.0;0.0021718602455146362;0.004438149197355996;1.430444934959278;2.8429670311849637;-0.8070561308987804;3.1664045907337304;555.0
2023-03-17;1.0;6.123233995736766e-17;-0.2993631229733582;-0.9541392564000488;-0.433883739117558;-0.9009688679024191;0.01501110145766966;0.6784565916398714;-0.02265628478169689;-1;0.0005754015823543515;0.0008151522416686645;0.007048669383840806;3.018916658201145;0.0006660323501427212;0.0014272121788772598;0.004281636536631779;1.078325699728015;3.0203238548985314;-0.6911727125507123;3.4861550672403983;745.0
2023-03-20;1.0;6.123233995736766e-17;-0.7907757369376986;-0.6121059825476627;0.0;1.0;0.01918005274514505;0.2125;-0.03285161011007007;-1;0.003114052160373686;0.00126508369015181;0.00462242117555469;2.938080511968406;0.0021755580779417327;0.00018917896329928113;0.004824063564131668;1.5586927291133446;3.1838148754990425;-0.35812493215493235;2.9766261912053302;490.0
2023-03-21;1.0;6.123233995736766e-17;-0.8978045395707417;-0.44039415155763423;0.7818314824680298;0.6234898018587336;0.017175943947061113;0.6317280453257791;-0.031149723452504535;-1;0.0006833935370496925;0.00039051059259982425;0.006833935370496925;3.140193009406693;0.0005729017473503294;0.0016232216174926;0.005347082975269741;1.521025993482494;3.0874993785114104;0.2842037488442921;3.2670861589682585;320.0
2023-03-22;1.0;6.123233995736766e-17;-0.9680771188662041;-0.2506525322587213;0.9749279121818236;-0.22252093395631434;0.00942106804647076;0.22279792746113988;-0.0335342252363923;-1;0.0013759213759213758;0.0013267813267813268;0.004324324324324324;3.126311119632073;0.0017121658898506611;0.0011414439265671073;0.0044706553790545035;1.1777723013100665;3.0432477257878072;0.799665947910072;3.8599649334313217;365.0
2023-03-23;1.0;6.123233995736766e-17;-0.9987165071710528;-0.05064916883871355;0.43388373911755823;-0.900968867902419;0.01941031941031941;0.04050632911392405;-0.03941767288432112;1;0.00044662795891022776;0.0021338891370155325;0.007443799315170463;2.990556730808348;0.00019173617102866456;0.0006710765986003259;0.007477710670117918;1.8270444731138888;3.243840414280182;-0.202179847811916;3.1433990368083182;100.0
2023-03-24;1.0;6.123233995736766e-17;-0.9884683243281114;0.15142777750457667;-0.433883739117558;-0.9009688679024191;0.04307478537045308;-0.020737327188940093;-0.06671076662016998;1;0.00010272213662044171;0.001027221366204417;0.014072932717000514;2.929235457681787;0.002626641651031895;0.00225140712945591;0.005816135084427768;2.422065476091752;3.2554348535974746;-0.7819977930414691;2.774215853586771;105.0
2023-03-27;1.0;6.123233995736766e-17;-0.72479278722912;0.6889669190756865;0.0;1.0;0.026913199794555726;1.032442748091603;-0.0380710415644157;1;0.0011505177329798409;0.003851733279975989;0.00825371417137712;2.8609348842107556;0.0001902587519025875;0.0014269406392694063;0.0056126331811263315;1.2324892194160586;2.7016318318989607;-0.6460467868395148;4.074108454171235;515.0
2023-03-28;1.0;6.123233995736766e-17;-0.5712682150947924;0.8207634412072763;0.7818314824680298;0.6234898018587336;0.01000450202591166;0.575;-0.03364153507152356;-1;0.0035464535464535467;4.995004995004995e-05;0.005294705294705295;3.047766778260741;0.0;0.005866512790921331;0.007020580880938642;2.2012044756452416;3.375202445591978;-0.8529342208590772;2.1005276806263327;1030.0
2023-03-29;1.0;6.123233995736766e-17;-0.3943558551133187;0.9189578116202306;0.9749279121818236;-0.22252093395631434;0.02292707292707293;1.0806100217864925;-0.011050124525473317;1;0.0015158924205378973;0.0019559902200488996;0.003911980440097799;2.907389959484121;0.003677893921796361;0.002613240418118467;0.006387921022067364;1.8271838823223732;3.043469734268477;-0.9381459207591197;2.7366462955552087;580.0
2023-03-30;1.0;6.123233995736766e-17;-0.20129852008866114;0.9795299412524943;0.43388373911755823;-0.900968867902419;0.020684596577017114;1.475177304964539;0.004439471332350013;1;0.004774305555555556;0.0011574074074074073;0.006172839506172839;2.752039849829944;0.0011750881316098707;0.007050528789659225;0.008519388954171562;2.340437859642083;3.115031168154876;-0.8703773153039887;2.2607696789562577;365.0
2023-03-31;1.0;6.123233995736766e-17;-2.4492935982947064e-16;1.0;-0.433883739117558;-0.9009688679024191;0.014515817901234568;0.6445182724252492;0.007563996056937054;1;0.005336538461538461;0.0009615384615384616;0.007451923076923077;2.8588091183243467;0.0;0.004091174751607247;0.009253847652444963;2.054805834836921;3.178125382221437;-0.8828077920740719;2.8808297983944535;290.0
2023-04-03;0.8660254037844387;-0.4999999999999998;0.5877852522924731;0.8090169943749475;0.0;1.0;0.02889423076923077;0.1896838602329451;-0.00802390677908545;1;0.0003423317683881064;0.0006357589984350547;0.0031787949921752738;2.8673472393216266;0.0007876341439401398;0.0030520823077680418;0.004627350595648321;1.8015513646848211;3.3312141399794846;-0.3364330395268681;2.470668850373238;1410.0
2023-04-04;0.8660254037844387;-0.4999999999999998;0.7431448254773941;0.6691306063588582;0.7818314824680298;0.6234898018587336;0.016040688575899843;0.8079268292682927;-0.00653334240742001;1;0.0009786172138767921;0.003963399716201008;0.0063610118901991485;3.025251481761621;0.0006897910918407568;0.0004927079227433977;0.0043358297201418995;1.4158751652984105;3.1961040190404066;0.6302531539718249;3.5622806442263553;60.0
2023-04-05;0.8660254037844387;-0.4999999999999998;0.8660254037844386;0.5000000000000001;0.9749279121818236;-0.22252093395631434;0.015070705093702598;0.2435064935064935;-0.005234072595369671;-1;0.00195780921149234;0.004160344574421222;0.006558660858499339;2.9649790442126855;0.00108012568735271;0.0015710919088766694;0.006087981146897094;1.9830379509010416;3.156977363644289;0.25255901987063395;3.219967815125664;875.0
2023-04-06;0.8660254037844387;-0.4999999999999998;0.9510565162951535;0.30901699437494745;0.43388373911755823;-0.900968867902419;0.022514805932161912;0.4108695652173913;-0.01305985645395338;-1;0.001386138613861386;0.001188118811881188;0.004554455445544554;2.8894811528425204;0.0008888011060635987;0.0008888011060635987;0.00711040884850879;1.5019283196515116;3.291745603970435;0.7146797190179105;3.0989464170275545;75.0
2023-04-10;0.8660254037844387;-0.4999999999999998;0.8660254037844387;-0.4999999999999998;0.0;1.0;0.01202970297029703;0.51440329218107;-0.009575668840024386;1;0.0004449718184514981;0.0028181548501928213;0.0059329575793533075;3.2479214666864946;0.0002956247536460386;0.003646038628301143;0.008671659440283799;2.0307526628809973;3.2108775062910953;0.633942244597194;2.8344659392370417;510.0
2023-04-11;0.8660254037844387;-0.4999999999999998;0.7431448254773945;-0.6691306063588579;0.7818314824680298;0.6234898018587336;0.014881835261544546;1.0996677740863787;0.005138463952302503;1;0.0012195121951219512;0.0005853658536585366;0.011073170731707316;2.866948828119097;0.0010848126232741618;0.0006903353057199211;0.005522682445759369;2.44893644178642;3.2283872029586744;-0.04131542765097162;3.413718648647433;1365.0
2023-04-12;0.8660254037844387;-0.4999999999999998;0.5877852522924732;-0.8090169943749473;0.9749279121818236;-0.22252093395631434;0.04360975609756097;1.3568232662192394;0.06275343297616016;1;0.007188608819870052;0.0029491728491774574;0.01262614626054099;2.658552042006734;0.0002984183825723665;0.005272058092111807;0.014025663980901224;3.390061618150938;3.1488356330186393;-0.9391535280180832;2.377961803548219;225.0
2023-04-13;0.8660254037844387;-0.4999999999999998;0.40673664307580004;-0.913545457642601;0.43388373911755823;-0.900968867902419;0.021151099027694575;0.355119825708061;0.0650147538741133;1;0.002981651376146789;0.0022018348623853213;0.005871559633027523;2.6842358248718208;0.002532414910858995;0.004051863857374392;0.007293354943273906;2.8548644473719715;3.221942560211395;-0.9783002507708024;1.9573413789311633;190.0
2023-04-14;0.8660254037844387;-0.4999999999999998;0.20791169081775931;-0.9781476007338057;-0.433883739117558;-0.9009688679024191;0.010871559633027522;0.029535864978902954;0.055263645314434444;-1;0.005542725173210162;0.0009237875288683603;0.007020785219399538;2.6515050028656857;0.0003031834259727135;0.006265790803436079;0.009398686205154117;2.3778457295594526;3.2619552539497403;-0.8119384190714526;2.6003692145995525;65.0
2023-04-17;0.8660254037844387;-0.4999999999999998;-0.4067366430758002;-0.9135454576426009;0.0;1.0;0.020046189376443417;0.9746543778801844;0.05912336335868952;-1;0.0001836884643644379;0.0016072740631888317;0.006704628949301984;2.9134454464711665;0.0015212981744421906;0.004259634888438134;0.007606490872210953;1.99779797312555;3.040645342285326;-0.008052682056385544;2.9700861183262988;195.0
2023-04-18;0.8660254037844387;-0.4999999999999998;-0.587785252292473;-0.8090169943749475;0.7818314824680298;0.6234898018587336;0.012444893460690668;0.6457564575645757;0.05193708946607547;1;0.00691754288876591;0.00018446781036709093;0.008992805755395683;2.899521586308455;0.0004058853373921867;0.0018264840182648401;0.006900050735667174;1.8068433729916495;3.1339916856306465;-0.5020085930111033;3.371267486592634;735.0
2023-04-19;0.8660254037844387;-0.4999999999999998;-0.743144825477394;-0.6691306063588585;0.9749279121818236;-0.22252093395631434;0.022597306769968642;0.0020408163265306124;0.03438935912938331;-1;0.00205742074254185;0.003740764986439727;0.007247732161226971;3.0283396115467593;0.00019922303018228907;0.0013945612112760235;0.005777467875286383;2.138270403533932;3.1746182398260414;-0.6930907153068564;3.079397741037629;845.0
2023-04-20;0.8660254037844387;-0.4999999999999998;-0.8660254037844385;-0.5000000000000004;0.43388373911755823;-0.900968867902419;0.017160759375292246;0.1008174386920981;0.018580648898629502;1;0.002369668246445498;0.0017061611374407583;0.01042654028436019;2.9592780727167702;0.0001964057743297653;0.0005892173229892959;0.005793970342728076;1.843623879414427;2.9061624041722753;-0.9397512374670038;3.299892590754172;700.0
2023-04-24;0.8660254037844387;-0.4999999999999998;-0.9510565162951536;0.30901699437494723;0.0;1.0;0.015971563981042654;0.543026706231454;0.017344936746951697;-1;0.0017983909133932796;0.0044013251301467105;0.007477520113582584;3.0250840205627894;0.0021679148600709497;0.0004927079227433977;0.004138746551044541;1.3491033483819033;2.7507183765680425;-0.9543210574080155;4.163177333986533;315.0
2023-04-25;0.8660254037844387;-0.4999999999999998;-0.8660254037844386;0.5000000000000001;0.7818314824680298;0.6234898018587336;0.016374822527212493;0.30057803468208094;0.01069199431230982;-1;0.0010913404507710558;0.0025148279952550414;0.004602609727164887;2.971691781986132;0.00396000396000396;0.000198000198000198;0.006435006435006435;2.1754758612620226;3.1972249131279247;-0.0702426088716768;3.0570856616555293;785.0
2023-04-26;0.8660254037844387;-0.4999999999999998;-0.743144825477394;0.6691306063588585;0.9749279121818236;-0.22252093395631434;0.012669039145907474;0.7415730337078652;0.005798175666790202;-1;0.006656206912946322;0.0020919507440688443;0.011505729092378644;2.996595863883273;0.0012871287128712872;0.0025742574257425744;0.0075247524752475245;2.0707751896843565;3.058453178738198;-0.6162666256367795;2.999148241095005;475.0
2023-04-27;0.8660254037844387;-0.4999999999999998;-0.5877852522924734;0.8090169943749473;0.43388373911755823;-0.900968867902419;0.02011125374411639;0.3333333333333333;-0.002813849197730782;-1;0.0005265425302761955;0.0018189651045904935;0.010387248097266766;2.911108859719093;0.001984126984126984;0.000496031746031746;0.005357142857142857;2.0678700427774035;2.9606461645878954;-0.1357934968534674;3.124165210586684;585.0
2023-04-28;0.8660254037844387;-0.4999999999999998;-0.40673664307580015;0.913545457642601;-0.433883739117558;-0.9009688679024191;0.012206213201857259;0.6078431372549019;-0.006459917522824247;1;0.0011996161228406909;0.0019193857965451055;0.008781190019193858;2.8795599468938;0.0046780133373146215;0.0017915795759928337;0.007066786105305066;1.9516719959881204;3.166254237898517;0.3616247528728028;2.6466113247769507;570.0
2023-05-02;0.49999999999999994;-0.8660254037844387;0.39435585511331855;0.9189578116202306;0.7818314824680298;0.6234898018587336;0.020105566218809982;0.6205250596658711;0.00146875736461604;1;0.0016638935108153079;0.0028523888756833847;0.005324459234608985;2.765476088109262;0.0014913501690196858;0.001292503479817061;0.00785444422350368;1.8365850057188393;3.003357392023968;0.05925229436390243;2.6922116402485496;1460.0
2023-05-03;0.49999999999999994;-0.8660254037844387;0.5712682150947923;0.8207634412072763;0.9749279121818236;-0.22252093395631434;0.025433800808176848;0.10841121495327102;-0.016706648593406436;1;0.0020835352262816163;0.001356720612462448;0.005426882449849792;2.774235265292157;0.0;0.00029726516052318666;0.007035275465715418;1.7799933398524577;2.928363151262055;-0.5412609377449272;3.4455162082010635;525.0
2023-05-04;0.49999999999999994;-0.8660254037844387;0.72479278722912;0.6889669190756866;0.43388373911755823;-0.900968867902419;0.01007849597829247;0.40865384615384615;-0.017651792559295644;1;0.002714493456131847;0.0012118274357731458;0.012506059137178865;2.9849859408268635;0.0007992007992007992;0.001898101898101898;0.006493506493506494;2.037892486470398;2.849090372173353;-0.502666391572929;3.460987238640254;515.0
2023-05-05;0.49999999999999994;-0.8660254037844387;0.8486442574947509;0.5289640103269624;-0.433883739117558;-0.9009688679024191;0.024042656325739216;0.717741935483871;-0.00981858563856476;1;0.0033621517771373678;0.003314121037463977;0.007636887608069165;2.691258130114223;0.0031945692323050814;0.0010981331736048716;0.006189477887591095;2.050410847272019;2.900408004310989;-0.48265183668897166;2.8534941451990634;15.0
2023-05-08;0.49999999999999994;-0.8660254037844387;0.9987165071710528;-0.05064916883871264;0.0;1.0;0.030643611911623438;1.04858934169279;0.016649896531429766;1;0.0024743230625583566;0.0051820728291316525;0.011017740429505136;2.9341230641401435;0.0004017677782241864;0.0024106066693451184;0.004017677782241864;1.5924999964105322;3.045682903235872;-0.899706836879023;4.167876645663644;110.0
2023-05-09;0.49999999999999994;-0.8660254037844387;0.9680771188662043;-0.2506525322587204;0.7818314824680298;0.6234898018587336;0.013912231559290382;0.17114093959731544;0.010856293716221972;-1;0.0012640449438202246;0.0011704119850187266;0.0034176029962546817;2.952854776940196;0.0009938382031405286;0.0021864440469091632;0.007950705625124229;2.006899739057678;3.1287627044878525;-0.1073905664514209;2.512243418436397;1185.0
2023-05-10;0.49999999999999994;-0.8660254037844387;0.8978045395707416;-0.4403941515576344;0.9749279121818236;-0.22252093395631434;0.023267790262172284;0.676056338028169;0.021019321552703932;1;0.0049422632794457275;0.0017551963048498846;0.007020785219399538;2.7559889707477616;0.000998302885095338;0.0011979634621144056;0.010681840870520116;2.4238828773630194;3.0467585027321964;0.35722328115700885;2.7620758861799546;20.0
2023-05-11;0.49999999999999994;-0.8660254037844387;0.7907757369376989;-0.6121059825476626;0.43388373911755823;-0.900968867902419;0.01302540415704388;0.5141843971631206;0.01838097028958255;-1;0.0013386880856760374;0.0006462632137746388;0.006601117112126667;3.000194547320512;0.0007032348804500703;0.002109704641350211;0.006027727546714889;2.098978107495056;2.99463064895786;-0.7316867492345145;2.526322275793245;420.0
2023-05-12;0.49999999999999994;-0.8660254037844387;0.6513724827222223;-0.758758122692791;-0.433883739117558;-0.9009688679024191;0.022757697456492636;0.744421906693712;0.026372996905856337;-1;0.0;0.0020128087831655993;0.006175663311985362;3.029861289240544;0.004441752473248536;0.00010094891984655764;0.005047445992327882;1.8118158150622627;3.0818043024146653;-0.5367243855616567;2.7462911859441537;880.0
2023-05-15;0.49999999999999994;-0.8660254037844387;0.10116832198743272;-0.994869323391895;0.0;1.0;0.013403476669716377;1.136518771331058;0.03352138854208713;-1;0.00045413260672116256;0.0023614895549500456;0.004178019981834696;2.7833523241657043;0.0;0.0006075334143377885;0.004050222762251924;1.75706461326814;3.181024997009927;-0.944927602796452;2.681825274330693;145.0
2023-05-16;0.49999999999999994;-0.8660254037844387;-0.10116832198743204;-0.9948693233918952;0.7818314824680298;0.6234898018587336;0.009355131698455948;0.49029126213592233;0.030316246591210187;1;0.00027309968138370506;0.0017751479289940828;0.004460628129267182;3.0779560413728255;0.00020370747606437156;0.0015278060704827868;0.005703809329802404;2.186991519178256;3.0236019455164067;-0.8910460683482553;2.5314569761487955;1095.0
2023-05-17;0.49999999999999994;-0.8660254037844387;-0.2993631229733582;-0.9541392564000488;0.9749279121818236;-0.22252093395631434;0.022576240327719616;0.2540322580645161;0.025975274371015728;1;0.0010054844606946984;0.0022851919561243145;0.006581352833638025;2.881185346598535;0.003834510595358224;0.0009081735620585267;0.0068617558022199794;2.3325838502245415;3.051353165406583;-0.47729255274296284;2.6194108727892513;395.0
2023-05-18;0.49999999999999994;-0.8660254037844387;-0.4853019625310808;-0.8743466161445822;0.43388373911755823;-0.900968867902419;0.015219378427787934;0.7807807807807807;0.03448114378304463;-1;0.001041195110909914;0.002489814395654142;0.009189678587596197;2.9697800137904875;0.0007051475773143951;0.0004029414727510829;0.004936033041200765;2.0744159556873023;3.0578498959417275;-0.2764378247733781;3.068738843439753;160.0
2023-05-19;0.49999999999999994;-0.8660254037844387;-0.651372482722222;-0.7587581226927911;-0.433883739117558;-0.9009688679024191;0.015572657311000453;0.8895348837209303;0.03875700772895811;1;0.0010352898811667266;0.0007202016564638099;0.008507382066978753;3.2212371791612546;0.001006947940791461;0.00181250629342463;0.0064444668210653505;1.997510743234485;3.2854990622938214;0.25890444968939963;3.305849352259305;630.0
2023-05-22;0.49999999999999994;-0.8660254037844387;-0.9680771188662041;-0.2506525322587213;0.0;1.0;0.01386388188692834;0.4318181818181818;0.03762982031515966;1;0.0016179775280898876;0.0001348314606741573;0.003460674157303371;2.832306414869382;0.0012975346841002096;0.001197724323784809;0.005689190537977842;1.6577909121331753;2.9695153212130774;0.5646247960413573;2.5238879423851137;180.0
2023-05-23;0.49999999999999994;-0.8660254037844387;-0.9987165071710528;-0.05064916883871355;0.7818314824680298;0.6234898018587336;0.015415730337078652;0.02040816326530612;0.03162473684822685;0;0.0011274465590331018;0.0028411653287634168;0.003968611887796518;2.8097908553403648;0.0012026458208057728;0.001503307276007216;0.004309480857887352;1.8054714138172963;3.1814671814671813;0.17552860166481216;2.603093015525671;480.0
2023-05-24;0.49999999999999994;-0.8660254037844387;-0.9884683243281114;0.15142777750457667;0.9749279121818236;-0.22252093395631434;0.015513664652295481;0.13662790697674418;0.02717967638711953;-1;0.0037048750734197805;0.0008584466633533638;0.009397731893552613;3.0524499335743687;0.00010058338362502515;0.0010058338362502514;0.006035003017501509;1.8895011985683283;3.2768538512848924;0.22558419728155582;3.3017033476975306;485.0
2023-05-25;0.49999999999999994;-0.8660254037844387;-0.9377521321470804;0.3473052528448203;0.43388373911755823;-0.900968867902419;0.017304477477070437;0.5926892950391645;0.02164967313601849;1;0.0031279749762001905;0.0008613264427217916;0.011605240491409402;2.887171262157514;0.0005041847332862761;0.001815065039830594;0.009478672985781991;2.4982474778625208;3.4991294585517614;0.5150512817538713;3.247507361677946;135.0
2023-05-26;0.49999999999999994;-0.8660254037844387;-0.8486442574947509;0.5289640103269624;-0.433883739117558;-0.9009688679024191;0.01523187814497484;0.6547619047619048;0.027895400329702297;1;0.00022461814914645105;0.0008086253369272237;0.009793351302785264;3.0231809342920455;0.003087341898217309;0.00089632506722438;0.006971417189522956;2.5170687122662914;3.269142130730747;0.49514357811199705;2.934982244393907;115.0
2023-05-29;0.49999999999999994;-0.8660254037844387;-0.3943558551133187;0.9189578116202306;0.0;1.0;0.018104222821203952;0.6997518610421837;0.0291555723297072;-1;0.0011180679785330948;0.0017889087656529517;0.005098389982110913;2.777591744326857;0.0002997002997002997;9.99000999000999e-05;0.003896103896103896;1.1776875228734855;3.007647908867349;0.5036554102352748;2.96455223880597;550.0
2023-05-30;0.49999999999999994;-0.8660254037844387;-0.20129852008866114;0.9795299412524943;0.7818314824680298;0.6234898018587336;0.011404293381037567;0.4117647058823529;0.020764184421582264;1;0.0006296379581740499;0.0006296379581740499;0.007015965819653699;3.053472824153852;0.0003992015968063872;0.0015968063872255488;0.0093812375249501;2.2076595299279256;3.2477535882281994;-0.39914564985850703;2.736446055789469;1685.0
2023-05-31;0.49999999999999994;-0.8660254037844387;-2.4492935982947064e-16;1.0;0.9749279121818236;-0.22252093395631434;0.026309871823701373;-0.042735042735042736;-0.0027875808467105172;1;0.0008721197099054439;0.0009639217846323327;0.004039291287983108;2.869036830600028;0.004424778761061947;0.00039331366764995085;0.006194690265486726;2.5319056082769977;2.9506722806364567;-0.8465938016765748;2.3212002717259197;15.0
2023-06-01;1.2246467991473532e-16;-1.0;0.20791169081775931;0.9781476007338057;0.43388373911755823;-0.900968867902419;0.009088405397961994;0.8737373737373737;0.0001848981576382342;-1;0.003788570385247398;0.000502099689611101;0.007303268212525105;2.805079403743637;0.0016775212157094928;0.0036510755871324253;0.006315373988553385;2.2791565861948597;3.154386404442774;-0.7533464181300763;2.2560785445380467;115.0
2023-06-02;1.2246467991473532e-16;-1.0;0.40673664307580015;0.9135454576426009;-0.433883739117558;-0.9009688679024191;0.026154829286105533;1.1047120418848169;0.01819472473567936;1;4.46907400786557e-05;0.0006703611011798355;0.009653199856989631;2.5999596571629735;0.00019880715705765408;0.00029821073558648114;0.009145129224652087;2.5884275082831882;3.4219355454079383;-0.7633912024385979;2.3502527223399117;180.0
2023-06-05;1.2246467991473532e-16;-1.0;0.8660254037844386;0.5000000000000001;0.0;1.0;0.014926707186271005;0.6856287425149701;0.024845354510748627;1;0.0010624169986719787;0.0011509517485613103;0.003851261620185923;2.989214691715582;0.0002;0.0005;0.008;1.9333333585996786;3.069088265523552;-0.9685585929000897;2.5223386615916166;305.0
2023-06-06;1.2246467991473532e-16;-1.0;0.9510565162951535;0.30901699437494745;0.7818314824680298;0.6234898018587336;0.013235945108455069;0.5418060200668896;0.020837056525407818;1;0.0008420866019589594;0.00013296104241457252;0.006869653858086248;2.8733947765703114;0.0007061434479975789;0.004035105417129022;0.007061434479975789;1.8950593937000502;3.129707614608779;-0.8107926396079124;2.6339360391247997;325.0
2023-06-07;1.2246467991473532e-16;-1.0;0.9945218953682733;0.10452846326765346;0.9749279121818236;-0.22252093395631434;0.02216017373576209;1.12;0.04292361441598307;1;0.0010380622837370243;0.00043252595155709344;0.005017301038062283;2.844532439656261;0.0030425963488843813;0.0009127789046653144;0.004563894523326572;2.026241679168396;3.086077185234526;-0.6142693283135031;2.7643429899412797;30.0
2023-06-09;1.2246467991473532e-16;-1.0;0.9510565162951536;-0.30901699437494734;-0.433883739117558;-0.9009688679024191;0.012110726643598616;1.0642857142857143;0.046381705406140616;1;0.002921966311447233;0.00017188037126160193;0.006918184943279477;3.136256702231369;0.002532414910858995;0.0006077795786061589;0.004862236628849271;1.7272136741264166;3.283819387110874;-0.5308876993598796;3.4256318203413705;50.0
2023-06-12;1.2246467991473532e-16;-1.0;0.5877852522924732;-0.8090169943749473;0.0;1.0;0.012891027844620144;0.74;0.05247122394024795;1;0.003873988931460196;0.0016177096636866752;0.0066411238825031926;3.0858336516578015;0.0014281342446189943;0.0020401917780271347;0.004386412322758339;1.7644019958756818;3.2233755462299305;-0.8158769273933987;3.6918842110316357;470.0
2023-06-13;1.2246467991473532e-16;-1.0;0.40673664307580004;-0.913545457642601;0.7818314824680298;0.6234898018587336;0.010429970200085143;0.926530612244898;0.053110895836216476;1;0.000211954217888936;0.004408647732089869;0.006273844849512505;2.7846447404551493;0.0006141248720573184;0.0;0.004605936540429887;2.2405769509516427;3.3170945593917165;-0.8939827680111928;3.0910049421344175;650.0
2023-06-14;1.2246467991473532e-16;-1.0;0.20791169081775931;-0.9781476007338057;0.9749279121818236;-0.22252093395631434;0.015175922000847816;1.941340782122905;0.06716034328919467;-1;0.002585487906588824;0.0002919099249374479;0.004712260216847373;2.92884731130386;0.000717948717948718;0.001435897435897436;0.0031794871794871794;1.7202650045235555;3.2339790964571713;-0.26109518981734225;3.2224662086673193;1050.0
2023-06-15;1.2246467991473532e-16;-1.0;5.66553889764798e-16;-1.0;0.43388373911755823;-0.900968867902419;0.01755629691409508;0.5724465558194775;0.06976960340626681;1;0.0011998345055854365;0.0001654944145635085;0.005378568473314025;2.781889585259009;0.0025826446280991736;0.0013429752066115702;0.005165289256198347;1.9075875218055787;3.1028931240212203;-0.8534546664928591;3.06425129800161;340.0
2023-06-16;1.2246467991473532e-16;-1.0;-0.20791169081775907;-0.9781476007338057;-0.433883739117558;-0.9009688679024191;0.011791477037649978;0.7157894736842105;0.07332004712566477;-1;0.0005744768157570784;0.0007386130488305293;0.007386130488305293;2.820667576079689;0.001036591686534674;0.0008292733492277392;0.005804913444594174;1.571894907340075;3.1827858860065517;-0.8436147007511469;3.3670769336112194;465.0
2023-06-19;1.2246467991473532e-16;-1.0;-0.743144825477394;-0.6691306063588585;0.0;1.0;0.010709889208042675;0.21455938697318008;0.06154021557054278;1;0.001487111698612029;0.0017349636483807006;0.003883013879709187;2.776568805095768;0.0014477766287487074;0.001137538779731127;0.008066184074457083;1.616566428853555;3.279827931388994;-0.4909242445609898;2.5754130612312234;380.0
2023-06-20;1.2246467991473532e-16;-1.0;-0.8660254037844385;-0.5000000000000004;0.7818314824680298;0.6234898018587336;0.013673165895571712;0.743202416918429;0.06533303658318387;-1;0.00016385384237260363;0.0004096346059315091;0.004178272980501393;2.7901767503892905;0.001981023876550933;0.002189552705661558;0.00458763424043374;1.9452908975290073;3.2338310130696977;-0.6902480535103488;2.726540105302198;55.0
2023-06-21;1.2246467991473532e-16;-1.0;-0.9510565162951535;-0.30901699437494756;0.9749279121818236;-0.22252093395631434;0.011305915123709652;0.8913043478260869;0.05940531700716912;-1;0.0022960229602296024;0.0012710127101271012;0.0047560475604756045;2.8039829049020084;0.0030208333333333333;0.0022916666666666667;0.007083333333333333;2.3176013561775224;3.4586358630381375;-0.6208016647841319;2.1723442851358925;80.0
2023-06-22;1.2246467991473532e-16;-1.0;-0.9945218953682733;-0.10452846326765423;0.43388373911755823;-0.900968867902419;0.01090610906109061;0.19172932330827067;0.052740760588884834;1;0.002586313067038877;0.0010673672975081078;0.0038589433063754668;2.6105221802302334;0.002095118374188142;0.0015713387806411063;0.005237795935470354;2.039631253062269;3.5717275680648592;-0.7081016456703498;2.417478432073306;730.0
2023-06-23;1.2246467991473532e-16;-1.0;-0.9945218953682734;0.10452846326765299;-0.433883739117558;-0.9009688679024191;0.017529455232152387;0.3372365339578454;0.03980098432773082;1;0.002688172043010753;0.002729528535980149;0.0064516129032258064;2.850786565614296;0.0035449900948806173;0.00010426441455531227;0.003962047753101866;1.8804522421815981;3.3538232806131605;-0.17675381017684835;3.5146213580360146;330.0
2023-06-26;1.2246467991473532e-16;-1.0;-0.743144825477394;0.6691306063588585;0.0;1.0;0.010628618693134822;0.5058365758754864;0.03561422171613503;-1;0.0016121031746031745;0.0005373677248677248;0.0031001984126984125;2.758385058758638;0.00031347962382445143;0.0001044932079414838;0.0041797283176593526;1.2271122779079802;3.3734343622549323;-0.5206434991270814;3.5140475123813264;30.0
2023-06-27;1.2246467991473532e-16;-1.0;-0.5877852522924734;0.8090169943749473;0.7818314824680298;0.6234898018587336;0.013682208994708995;0.6858006042296072;0.029117889811404455;1;0.002445393128030837;0.00016578936461226012;0.00650723256103121;2.75589894515912;0.002305596311045902;0.0013623978201634877;0.006183190106895829;2.366617446015406;3.2563171095725716;0.3189846499313423;2.9923738591423774;1410.0
2023-06-28;1.2246467991473532e-16;-1.0;-0.40673664307580015;0.913545457642601;0.9749279121818236;-0.22252093395631434;0.023666431798400132;0.38704028021015763;0.016997413945146738;-1;0.000961136648558295;0.0033848725449226913;0.006978687839531968;2.9232279227917015;0.000934094447327452;0.0013492475350285417;0.012558380902957966;3.2925337177933542;3.7632858703902974;-0.5631588304386238;2.2428893459882877;25.0
2023-06-29;1.2246467991473532e-16;-1.0;-0.20791169081775898;0.9781476007338057;0.43388373911755823;-0.900968867902419;0.012536564981195153;0.44333333333333336;0.008485536066174058;-1;0.0007975485874994753;0.005834697561180372;0.007010032321705915;2.83432101287729;0.0007219471947194719;0.0035066006600660065;0.005878712871287129;2.7240441555556707;3.3115380683813105;-0.6925838337656143;3.165181866741108;530.0
2023-06-30;1.2246467991473532e-16;-1.0;-1.133107779529596e-15;1.0;-0.433883739117558;-0.9009688679024191;0.020190572136170926;1.0332640332640333;0.018104931524735544;1;0.0016548072149594572;0.0023581002813172266;0.008067185172927354;2.732067815870157;0.0019443307408923455;0.0009209987720016373;0.009721653704461727;2.2626343998747025;3.343291528944136;0.27594547071541164;3.2147985096160667;325.0
2023-07-03;-0.4999999999999997;-0.8660254037844388;0.5712682150947923;0.8207634412072763;0.0;1.0;0.0173754757570743;0.25476190476190474;0.007371523084285558;1;0.0013335000208359378;0.000708421886069092;0.006375796974621828;2.725599318160478;0.0;0.004978220286247666;0.007778469197261979;1.8870070264084466;3.1476955205422716;-0.23981154793825307;2.7973054114158638;640.0
2023-07-04;-0.4999999999999997;-0.8660254037844388;0.72479278722912;0.6889669190756866;0.7818314824680298;0.6234898018587336;0.015335250239613286;0.8369565217391305;0.01598775192631077;-1;0.0012351778656126482;0.00012351778656126481;0.004199604743083004;2.711143096788891;0.00041467965996267884;0.0010366991499066972;0.0037321169396641093;1.0465219351936512;2.9715372250754695;-0.2643784476153005;4.3178606768256484;85.0
2023-07-05;-0.4999999999999997;-0.8660254037844388;0.8486442574947509;0.5289640103269624;0.9749279121818236;-0.22252093395631434;0.009099143610013176;-0.10407239819004525;0.003733669106441882;-1;0.00270000830771787;0.003738473041455512;0.008016947744454599;2.6924007667992447;0.0045193097781429745;0.001027115858668858;0.006162695152013147;2.0332098663021565;2.9979738461293017;-0.06270818501105413;3.931376409776103;545.0
2023-07-06;-0.4999999999999997;-0.8660254037844388;0.9377521321470804;0.3473052528448203;0.43388373911755823;-0.900968867902419;0.018733903796627066;0.5631929046563193;0.006523687619966602;-1;4.132231404958678e-05;0.0016115702479338842;0.008305785123966942;2.628053053602103;0.001026588645929576;0.0014372241043014065;0.01108715737603942;2.942858706358761;3.294696901624748;-0.5028284328668391;2.524360113900779;670.0
2023-07-07;-0.4999999999999997;-0.8660254037844388;0.9884683243281114;0.1514277775045767;-0.433883739117558;-0.9009688679024191;0.019462809917355373;0.3970276008492569;-0.006513304920702174;-1;0.005268219258268178;0.0018396956139984113;0.00840406405485638;2.619383209692788;0.0034399028733306356;0.0059692432213678676;0.013557264265479563;3.4347999623450733;3.0685759416543004;-0.9087690202395926;2.448750752785684;830.0
2023-07-10;-0.4999999999999997;-0.8660254037844388;0.8978045395707416;-0.4403941515576344;0.0;1.0;0.016849939373667265;0.36228287841191065;-0.004876874983145636;-1;0.0021679312932543983;0.0025431501709330443;0.00479446343700492;2.818965789714457;0.0020458265139116204;0.0025572831423895256;0.005114566284779051;1.9566821139566912;2.801146436289511;-0.9256254880061887;3.0906731498774365;25.0
2023-07-11;-0.4999999999999997;-0.8660254037844388;0.7907757369376989;-0.6121059825476626;0.7818314824680298;0.6234898018587336;0.010714583507045777;0.5486381322957199;-0.007161012908067853;-1;0.0006682258603407952;0.0016288005345806882;0.009355162044771133;2.832054779282897;0.004983219770161701;0.0032543476050035593;0.008339265737821622;2.4345793487995016;2.948464803602594;-0.8424465975719445;3.2001648626290913;1380.0
2023-07-12;-0.4999999999999997;-0.8660254037844388;0.6513724827222223;-0.758758122692791;0.9749279121818236;-0.22252093395631434;0.023137320414300035;0.8935018050541517;-0.009773417464545986;1;0.0035563365549558597;0.0030542655119032676;0.010166938621814987;2.52363055242938;0.0021571648690292757;0.0011299435028248588;0.012634822804314329;2.8737753364739254;2.9577945377980583;-0.5076805658754917;3.0308445720145394;275.0
2023-07-13;-0.4999999999999997;-0.8660254037844388;0.48530196253108104;-0.8743466161445821;0.43388373911755823;-0.900968867902419;0.015062131291577758;0.4;-0.009646809004794372;1;0.004104024456635538;0.000711922609824532;0.005025336069349638;2.63149707276971;0.004049003322259136;0.0006229235880398671;0.0063330564784053155;2.4218273403585817;3.0918707760739594;-0.6170983705612912;2.799547971312237;1565.0
2023-07-14;-0.4999999999999997;-0.8660254037844388;0.29936312297335804;-0.9541392564000488;-0.433883739117558;-0.9009688679024191;0.01562041961556179;0.7613941018766756;0.002002261621935658;-1;0.0019464921726165825;0.00028990308953863995;0.0051354261575416215;2.6380752769889204;0.001764034450555152;0.0003113001971567915;0.007056137802220608;2.086339907709302;3.0555212080791754;-0.7559798615374579;2.6270170284359584;340.0
2023-07-17;-0.4999999999999997;-0.8660254037844388;-0.2993631229733582;-0.9541392564000488;0.0;1.0;0.018263894640934315;-0.027210884353741496;-0.013980379289434556;-1;0.0015585509688289807;0.0012215669755686605;0.003959561920808761;2.6375289397147634;0.0013499480789200416;0.0009345794392523365;0.006334371754932503;1.5306406379034818;3.0294119646730078;-0.38567710659557;3.592266172922628;180.0
2023-07-18;-0.4999999999999997;-0.8660254037844388;-0.4853019625310808;-0.8743466161445822;0.7818314824680298;0.6234898018587336;0.015880370682392585;0.896551724137931;-0.0061357601917866895;-1;0.0015062761506276152;0.0019246861924686193;0.005313807531380753;2.716945500106577;0.0043586550435865505;0.0018679950186799503;0.006434205064342051;2.517467683440932;3.188923902397479;-0.6352287149301182;2.7914709790279826;635.0
2023-07-19;-0.4999999999999997;-0.8660254037844388;-0.651372482722222;-0.7587581226927911;0.9749279121818236;-0.22252093395631434;0.013054393305439331;0.4807692307692308;-0.00779647961361105;-1;0.0009232060428031893;0.0019723038187159044;0.008224926563155686;2.7328999703804002;0.0011394240729231406;0.0008286720530350114;0.0035218562253987984;1.676046756553829;3.17571498590079;-0.5218422207456506;4.142591419660539;500.0
2023-07-20;-0.4999999999999997;-0.8660254037844388;-0.7907757369376986;-0.6121059825476627;0.43388373911755823;-0.900968867902419;0.01321863197650021;0.8031746031746032;-0.007778449732029279;1;0.0021437578814627995;0.00273224043715847;0.007229928541403951;2.6717143237549243;0.002082899395959175;0.0006248698187877526;0.0033326390335346803;1.6116375928049738;3.0760616774436396;0.25731154473510026;4.472519764530043;185.0
2023-07-21;-0.4999999999999997;-0.8660254037844388;-0.8978045395707417;-0.44039415155763423;-0.433883739117558;-0.9009688679024191;0.00878520386717108;0.631578947368421;-0.005629340196244184;1;0.0011335012594458438;0.002225020990764064;0.005079764903442485;2.713987542589578;0.00041425020712510354;0.0017605633802816902;0.01004556752278376;2.467215249154896;3.3938371613126144;-0.0759253406125566;2.9161087159096213;1595.0
2023-07-24;-0.4999999999999997;-0.8660254037844388;-0.9884683243281114;0.15142777750457667;0.0;1.0;0.022628043660789254;0.8849721706864564;0.011937557392102846;1;0.0025160864543804654;0.0011136776109552879;0.004248473849199802;2.619641038438969;0.0021975722059439096;0.0010464629552113854;0.006174131435747175;2.1141653723901883;3.41142920654234;-0.7745096610272367;3.3299547135775245;50.0
2023-07-25;-0.4999999999999997;-0.8660254037844388;-0.9377521321470804;0.3473052528448203;0.7818314824680298;0.6234898018587336;0.014931529450585712;1.1906077348066297;0.026905670682262104;1;0.00016239697941618285;0.0004465916933945029;0.008607039909057692;2.6482996007159576;0.0009511731135066582;0.0017966603255125766;0.007926442612555484;2.446206225501643;3.3699602041065457;-0.882081754355555;3.2050652683253373;485.0
2023-07-26;-0.4999999999999997;-0.8660254037844388;-0.8486442574947509;0.5289640103269624;0.9749279121818236;-0.22252093395631434;0.01222037270106776;-0.06976744186046512;0.021240809665359413;-1;0.0048512026090501426;0.0008968609865470852;0.007011822258459029;2.6978800803545355;0.0023172530018959344;0.002633242047609016;0.005055824731409311;1.8919660236022156;3.353616174232075;-0.5585993446321772;4.462404323250662;315.0
2023-07-27;-0.4999999999999997;-0.8660254037844388;-0.72479278722912;0.6889669190756865;0.43388373911755823;-0.900968867902419;0.012026090501426825;0.9728813559322034;0.027638749514353328;-1;0.0017791435849743237;0.000687396385103716;0.00493307994015608;2.4570358691367757;0.0025388765471278957;0.002750449592721887;0.005395112662646779;2.1545683543102383;3.172404746096678;0.27810728186490513;2.777500417727864;1180.0
2023-07-28;-0.4999999999999997;-0.8660254037844388;-0.5712682150947924;0.8207634412072763;-0.433883739117558;-0.9009688679024191;0.030609356677853704;0.190224570673712;0.004222706189423285;1;0.004511215958943796;0.00024832381425378696;0.008153298567999338;2.7112192227006737;0.000528597103287874;0.0032773020403848185;0.007400359446030236;2.5986505293381263;3.5200337350086484;0.054423301900689405;2.659130995068717;440.0
2023-07-31;-0.4999999999999997;-0.8660254037844388;-2.4492935982947064e-16;1.0;0.0;1.0;0.011257346246171675;0.7242647058823529;0.00853252245291327;1;0.002265425488096219;0.00152401351017382;0.006466760029656479;2.7180593593684144;0.001260239445494644;0.0019953791220331863;0.005356017643352237;1.5596058733281224;3.360069995837252;-0.142429176553877;3.2400390020074563;765.0
2023-08-01;-0.8660254037844385;-0.5000000000000004;0.20129852008866006;0.9795299412524945;0.7818314824680298;0.6234898018587336;0.013757311145893401;0.6107784431137725;0.01504188682770863;-1;0.00012272448353446513;0.0011045203518101861;0.006995295561464512;2.8674464834316318;0.0014721345951629863;0.0;0.009568874868559412;2.1354858489440485;3.3979738592171573;0.5706629319235144;2.954960781359252;490.0
2023-08-02;-0.8660254037844385;-0.5000000000000004;0.39435585511331855;0.9189578116202306;0.9749279121818236;-0.22252093395631434;0.012395172836980977;0.20132013201320131;0.004815276048152761;1;0.0010741138560687433;0.0011154259274560026;0.004544327852598529;2.7588701049176287;0.00010358400662937643;0.002175264139216905;0.004246944271804433;2.141491293129863;3.2023627273603186;0.11734286856304883;3.2929968458477012;50.0
2023-08-03;-0.8660254037844385;-0.5000000000000004;0.5712682150947923;0.8207634412072763;0.43388373911755823;-0.900968867902419;0.013095926629761216;1.2460567823343849;0.014871470231114894;1;0.00462205497382199;0.0021269633507853404;0.007526178010471204;2.5278675449639585;0.0013344282488195443;0.0006158899609936358;0.006261547936768631;3.0005836325820945;3.474779685511868;-0.6399491660113369;2.5576172802112107;855.0
2023-08-04;-0.8660254037844385;-0.5000000000000004;0.72479278722912;0.6889669190756866;-0.433883739117558;-0.9009688679024191;0.020983311518324606;0.031189083820662766;0.0012735788395083238;-1;8.286377195889956e-05;0.00575903215114352;0.008617832283725556;2.6609076643828478;0.0008088978766430738;0.0014155712841253793;0.01122345803842265;2.839692032314084;3.4963451270387624;0.002675053821858761;3.46265297461265;270.0
2023-08-07;-0.8660254037844385;-0.5000000000000004;0.9884683243281114;0.1514277775045767;0.0;1.0;0.019845873384156446;0.2588726513569937;-0.0029415547506731555;-1;0.00020805592543275632;0.0021637816245006656;0.004036284953395473;2.669476483689999;0.0021450459652706845;0.0008171603677221655;0.0056179775280898875;1.40071218849088;3.049515760078429;-0.07904669158178664;4.512726528803041;290.0
2023-08-08;-0.8660254037844385;-0.5000000000000004;0.9987165071710528;-0.05064916883871264;0.7818314824680298;0.6234898018587336;0.01052762982689747;-0.43873517786561267;-0.015437328759309997;-1;4.213187276174426e-05;0.003075626711607331;0.008974088898251527;2.8476112064141494;0.001715612069835503;0.0009082652134423251;0.0046422444242607734;1.9786311538331898;3.2598620073186404;-0.6295059749629507;4.255914748782774;460.0
2023-08-09;-0.8660254037844385;-0.5000000000000004;0.9680771188662043;-0.2506525322587204;0.9749279121818236;-0.22252093395631434;0.019127870233831893;0.9361233480176211;-0.006622379203281945;-1;0.0;0.000459328545181226;0.0069316853181894105;2.875666776672008;0.001933055244684098;0.004171329738528844;0.006511343982093804;2.173968254986692;3.108713312243747;-0.8399325502906044;3.522734679070568;15.0
2023-08-10;-0.8660254037844385;-0.5000000000000004;0.8978045395707416;-0.4403941515576344;0.43388373911755823;-0.900968867902419;0.013738099214965759;0.6109422492401215;-0.011858117427927245;1;0.0020151133501259445;0.002686817800167926;0.006255247691015953;2.766958121978225;0.0009165902841429881;0.002036867298095529;0.007841939097667786;2.5147683003736288;3.3062306844459814;-0.37091292665542613;3.0742881870225762;380.0
2023-08-11;-0.8660254037844385;-0.5000000000000004;0.7907757369376989;-0.6121059825476626;-0.433883739117558;-0.9009688679024191;0.013476070528967255;0.16199376947040497;-0.017110254318050164;1;0.0045627376425855515;0.002703844528939586;0.008280523869877482;2.8618013627586336;0.0005108295872496935;0.0026563138536984062;0.008479771148344912;2.2364133324832194;3.0945736145843985;-0.36040676465077087;3.655267458557893;395.0
2023-08-14;-0.8660254037844385;-0.5000000000000004;0.29936312297335804;-0.9541392564000488;0.0;1.0;0.014448669201520912;0.36257309941520466;-0.018332028402494666;-1;0.0005077430820005078;0.00401963273250402;0.007743082000507743;2.8305073208406695;0.0009124087591240876;0.0007096512570965125;0.005068937550689375;1.70476362754472;3.179620812842467;-0.8069559589467978;4.4413047854182155;665.0
2023-08-15;-0.8660254037844385;-0.5000000000000004;0.10116832198743272;-0.994869323391895;0.7818314824680298;0.6234898018587336;0.013412879749513412;-0.3627760252365931;-0.03462845213688365;1;0.0014646334108727491;0.002240027569570087;0.013052468338071853;2.91415977093858;0.00340476667334268;0.0026036451031444022;0.00660925295413579;2.7452329806172098;3.2445216283085587;-0.9435945992715523;3.5449872400269142;105.0
2023-08-16;-0.8660254037844385;-0.5000000000000004;-0.10116832198743204;-0.9948693233918952;0.9749279121818236;-0.22252093395631434;0.017532523477212028;1.3636363636363635;-0.013602113709756336;-1;0.0033350219520432286;0.0019419115163796016;0.005572441742654508;2.857104810097686;0.00030057108506161706;0.002604949403867348;0.0038072337441138163;1.6742023850105099;3.0288215957644993;-0.7550807484332324;3.5758692870110416;350.0
2023-08-17;-0.8660254037844385;-0.5000000000000004;-0.2993631229733582;-0.9541392564000488;0.43388373911755823;-0.900968867902419;0.01777271192164809;0.47743467933491684;-0.012261339187340016;1;0.0012230094466936573;0.0017290823211875844;0.003837719298245614;2.9104242306885477;0.00120312813314618;0.0022057349107679966;0.004611991177060357;1.8610739183344729;3.051147680673164;-0.17407048758299443;3.148149635023756;365.0
2023-08-18;-0.8660254037844385;-0.5000000000000004;-0.4853019625310808;-0.8743466161445822;-0.433883739117558;-0.9009688679024191;0.015814777327935223;0.0026666666666666666;-0.024489898021296287;-1;0.0016668091289853834;0.0008975126079152064;0.003461834344815796;2.8435253020681475;0.0027040560841261893;0.00100150225338007;0.005408112168252379;1.8488502921095256;3.0146381017412085;-0.7249137194624242;3.258265618142952;410.0
2023-08-21;-0.8660254037844385;-0.5000000000000004;-0.8978045395707417;-0.44039415155763423;0.0;1.0;0.011240276946747585;0.9581749049429658;-0.015610153386724583;-1;8.485722771437057e-05;0.0003818575247146676;0.004624718910433196;3.0080659792406155;0.0009036144578313253;0.0022088353413654616;0.0036144578313253013;1.4488068332595443;3.066158477163956;0.016741586007679266;3.3179174965509772;325.0
2023-08-22;-0.8660254037844385;-0.5000000000000004;-0.9680771188662041;-0.2506525322587213;0.7818314824680298;0.6234898018587336;0.014892443463872035;0.39886039886039887;-0.021644441466193126;1;0.0011986301369863014;0.0017123287671232876;0.00684931506849315;3.175199394349828;0.0;0.0022110552763819095;0.004522613065326633;2.1290985894910115;3.248128089178673;-0.5114866799836567;3.4762509126170213;155.0
2023-08-23;-0.8660254037844385;-0.5000000000000004;-0.9987165071710528;-0.05064916883871355;0.9749279121818236;-0.22252093395631434;0.015325342465753424;1.23463687150838;-0.0029246759568138238;-1;0.00042083999663328003;0.001388771988889824;0.00505007995959936;2.9808887662335577;0.0012158054711246201;0.0005065856129685917;0.0033434650455927053;1.6643279339472554;3.2283965918990316;-0.8012569821859197;4.075728291654509;870.0
2023-08-24;-0.8660254037844385;-0.5000000000000004;-0.9884683243281114;0.15142777750457667;0.43388373911755823;-0.900968867902419;0.018853631849170945;0.8191964285714286;0.009017259450478588;-1;0.000874307839626962;0.0003330696531912236;0.005204213331112869;3.253151064842602;0.0007173601147776184;0.0013322402131584342;0.003586800573888092;1.7813503135257678;3.294822785713822;-0.9755428738721291;3.0961976744415094;490.0
2023-08-25;-0.8660254037844385;-0.5000000000000004;-0.9377521321470804;0.3473052528448203;-0.433883739117558;-0.9009688679024191;0.012323577168075273;0.20608108108108109;0.0004896326074302274;1;0.0008821676118462507;0.004074774207099349;0.005629069523209409;2.875412887939587;0.0003069367710251688;0.0027624309392265192;0.0052179251074278695;1.9147960244587523;3.1886957729972027;-0.891527851341086;3.7338943746826616;815.0
2023-08-28;-0.8660254037844385;-0.5000000000000004;-0.5712682150947924;0.8207634412072763;0.0;1.0;0.016467128754463347;0.38010204081632654;-0.0069077542329194575;1;0.0010593669223272172;0.0016526123988304588;0.0033899741514470953;2.8336575512575215;0.0019465218727589386;0.0023563159512345047;0.0050199774613256835;1.1931146555982066;2.8817059779505425;-0.5234291882530726;4.862366974658501;70.0
2023-08-29;-0.8660254037844385;-0.5000000000000004;-0.3943558551133187;0.9189578116202306;0.7818314824680298;0.6234898018587336;0.013771769990253825;0.8369230769230769;0.002402326463522569;1;0.000546585940127817;0.0007988563740329634;0.008156744029599731;2.9552035005995467;0.0024575056317837395;0.0008191685439279131;0.004607823059594511;1.6746607176589554;3.01300364050204;-0.18879688980648754;4.040926435429803;385.0
2023-08-30;-0.8660254037844385;-0.5000000000000004;-0.20129852008866114;0.9795299412524943;0.9749279121818236;-0.22252093395631434;0.012907837201479987;0.7100977198697068;0.011448007405673607;1;0.00045865821623650084;0.00045865821623650084;0.0052120251845056914;2.768263750125256;0.00020567667626491157;0.0025709584533113944;0.00390785684903332;1.8509190029733351;3.264340109132338;-0.6291750554816092;3.450767275172026;375.0
2023-08-31;-0.8660254037844385;-0.5000000000000004;-2.4492935982947064e-16;1.0;0.43388373911755823;-0.900968867902419;0.012550556644289706;0.13953488372093023;0.007073998412993196;1;0.001592623637887678;0.0024308466051969823;0.004735959765297569;2.8579608201737416;0.000611807892321811;0.00336494340776996;0.004384623228306312;1.6590903523001537;3.205203588590865;-0.7736948350153698;4.178007111729006;795.0
2023-09-01;-1.0;-1.8369701987210297e-16;0.20791169081775931;0.9781476007338057;-0.433883739117558;-0.9009688679024191;0.018398994132439228;0.4646924829157175;0.0007289938827904618;1;0.000633445945945946;0.005067567567567568;0.006165540540540541;2.781937187413478;0.00020153164046755341;0.0018137847642079807;0.008464328899637243;2.4607707996064847;3.354405541402615;-0.9613684005724594;2.5604496994179162;605.0
2023-09-04;-1.0;-1.8369701987210297e-16;0.7431448254773941;0.6691306063588582;0.0;1.0;0.015329391891891891;0.8264462809917356;0.008683300499691392;-1;0.0018021793797150041;8.382229673093043e-05;0.0036881810561609388;2.7087891721526285;0.0012108980827447023;0.0018163471241170535;0.0034308779011099897;1.061603691983757;3.3028487529931123;-0.6620562857347511;3.7282409907423704;920.0
2023-09-05;-1.0;-1.8369701987210297e-16;0.8660254037844386;0.5000000000000001;0.7818314824680298;0.6234898018587336;0.009136630343671416;0.009174311926605505;0.006652250286953599;-1;0.0024778463735248414;0.0013859140733274537;0.008735458401579101;2.919231067670219;0.0016057808109193096;0.0016057808109193096;0.0035126455238859897;1.9333920890706973;3.3771183881858855;-0.6535791666443266;3.5471495987216315;360.0
2023-09-06;-1.0;-1.8369701987210297e-16;0.9510565162951535;0.30901699437494745;0.9749279121818236;-0.22252093395631434;0.011843265717525513;0.5921985815602837;0.005426682705012124;-1;0.0008410428931875525;0.0024390243902439024;0.003532380151387721;2.889303881309906;0.0007008410092110533;0.0;0.004004805766920304;1.6876123520313981;3.5955890579547996;-0.7731778738167432;3.3128172416073185;450.0
2023-09-08;-1.0;-1.8369701987210297e-16;0.9945218953682734;-0.10452846326765333;-0.433883739117558;-0.9009688679024191;0.018166526492851134;-0.42592592592592593;-0.01586569680253648;1;0.00025790921595598347;0.0024931224209078402;0.004728335625859698;2.735383907746539;0.0;0.0027991602519244225;0.00369889033290013;1.3658256240665207;3.189104556653082;-0.6086968812515324;3.2345385759461682;125.0
2023-09-11;-1.0;-1.8369701987210297e-16;0.7431448254773945;-0.6691306063588579;0.0;1.0;0.008038170563961486;1.481283422459893;-0.005974818141605095;1;0.0018736958650938977;0.0029808797853766553;0.006259847549290976;2.9639326352433595;0.002109704641350211;0.0006027727546714888;0.004922644163150493;1.8158652592790208;3.2965711671219604;-0.42821553623917813;3.2670269806895904;460.0
2023-09-12;-1.0;-1.8369701987210297e-16;0.5877852522924732;-0.8090169943749473;0.7818314824680298;0.6234898018587336;0.01362687901886471;0.996875;0.003443145769713438;-1;0.002193352454867555;0.0010544963725324784;0.0037540070862156234;2.8685445095481885;0.0006050826946349334;0.002016942315449778;0.0042355788624445345;2.144048993897926;3.5070434388554412;-0.6495160006329944;3.536206950656504;685.0
2023-09-13;-1.0;-1.8369701987210297e-16;0.40673664307580004;-0.913545457642601;0.9749279121818236;-0.22252093395631434;0.010123165176311793;0.5541666666666667;0.0059661985885775416;1;0.0008406540288344331;0.0016392753562271447;0.005632381993190702;2.92117443978313;0.002315047810770005;0.0013085052843482636;0.007851031706089582;2.903225269198898;3.401267388903917;-0.5260828883780831;2.8815117679883597;800.0
2023-09-14;-1.0;-1.8369701987210297e-16;0.20791169081775931;-0.9781476007338057;0.43388373911755823;-0.900968867902419;0.01593039384641251;0.7071240105540897;0.014049782160829477;1;0.0017485428809325561;0.0007077435470441299;0.004204829308909242;2.930629823933496;0.0009128714879805254;0.00040572066132467795;0.007404402069175373;3.0715286610175028;3.45957474680487;-0.5972874429449738;2.606366362244379;40.0
2023-09-15;-1.0;-1.8369701987210297e-16;5.66553889764798e-16;-1.0;-0.433883739117558;-0.9009688679024191;0.008534554537885096;0.8097560975609757;0.018437299686245405;1;0.0017805383022774328;0.0010351966873706005;0.0029399585921325052;2.972069559067109;0.0022552537160430547;0.0013326499231163505;0.0037929267042542286;2.0691136247753734;3.544999651631946;-0.9137064075363315;2.943144398326904;535.0
2023-09-18;-1.0;-1.8369701987210297e-16;-0.587785252292473;-0.8090169943749475;0.0;1.0;0.010144927536231883;-0.004081632653061225;0.00883945552155315;1;0.00025052192066805847;0.00020876826722338206;0.00430062630480167;2.9665754512388793;0.0007166257166257166;0.0006142506142506142;0.005118755118755119;1.8962240598953726;3.448718456079254;-0.582036933040118;2.658011299089264;600.0
2023-09-19;-1.0;-1.8369701987210297e-16;-0.743144825477394;-0.6691306063588585;0.7818314824680298;0.6234898018587336;0.011899791231732777;0.3649122807017544;0.0072632704074332794;-1;0.0002924465240641711;0.0002924465240641711;0.003634692513368984;3.077038379002081;0.0016476161054474307;0.0015446400988569664;0.0037071362372567192;1.9223455434731267;3.442316318291917;0.5962928995178802;3.71816322009825;240.0
2023-09-20;-1.0;-1.8369701987210297e-16;-0.8660254037844385;-0.5000000000000004;0.9749279121818236;-0.22252093395631434;0.009149398395721925;0.3789954337899543;0.000685141673006679;1;0.0016381736464065192;0.0005460578821355063;0.002730289410677532;3.0720562786077803;0.00030832476875642344;0.0006166495375128469;0.0024665981500513875;1.4178080467747096;3.446840688160011;-0.09128352014103053;3.804395738173075;705.0
2023-09-21;-1.0;-1.8369701987210297e-16;-0.9510565162951535;-0.30901699437494756;0.43388373911755823;-0.900968867902419;0.014533540555298862;-0.15606936416184972;-0.002629964793762026;-1;0.00012636899747262004;0.0015164279696714407;0.008256107834877843;2.984172034949315;0.0025499796001631986;0.0010199918400652795;0.00897592819257446;2.6734063037271825;3.8390080543885574;-0.6867649031629314;3.2212005722641086;825.0
2023-09-22;-1.0;-1.8369701987210297e-16;-0.9945218953682733;-0.10452846326765423;-0.433883739117558;-0.9009688679024191;0.016090985678180285;0.34293193717277487;-0.011572744619126059;1;0.0018729780350757704;0.0007662182870764515;0.0053209603269198024;3.2368204451656966;0.0016260162601626016;0.0011178861788617887;0.003048780487804878;1.6640379536936456;3.5930140147636442;-0.9468878543205984;3.5378751948684464;345.0
2023-09-25;-1.0;-1.8369701987210297e-16;-0.8660254037844386;0.5000000000000001;0.0;1.0;0.01157840967137749;-0.17279411764705882;-0.019663577848944812;1;0.0015034364261168386;0.0019329896907216496;0.0038230240549828177;3.042893962447459;0.00040412204485754696;0.0017175186906445746;0.003536067892503536;1.6032833315132362;3.4891757095320464;-0.9693677909725315;3.3699356430691254;295.0
2023-09-26;-1.0;-1.8369701987210297e-16;-0.743144825477394;0.6691306063588585;0.7818314824680298;0.6234898018587336;0.00820446735395189;0.39267015706806285;-0.018112889637742206;-1;0.0016731016731016731;0.0010725010725010724;0.0075504075504075506;3.1925853550862477;0.001707856138235885;0.0007032348804500703;0.006329113924050633;2.1542448942274985;3.430381088377697;-0.7866436028525253;3.198539801783783;30.0
2023-09-27;-1.0;-1.8369701987210297e-16;-0.5877852522924734;0.8090169943749473;0.9749279121818236;-0.22252093395631434;0.017674817674817676;0.3470873786407767;-0.026063765816441715;1;4.3327556325823225e-05;0.0013864818024263432;0.0029896013864818024;3.23233840833587;0.0020052135552436332;0.0;0.006216162021255264;2.419806094245725;3.8250719145946888;-0.77920130146521;2.007279044796287;45.0
2023-09-28;-1.0;-1.8369701987210297e-16;-0.40673664307580015;0.913545457642601;0.43388373911755823;-0.900968867902419;0.017417677642980935;0.5049751243781094;-0.027344311655798297;-1;0.00408695652173913;0.001217391304347826;0.006739130434782609;3.0672894991502453;0.0005952380952380953;0.004861111111111111;0.009226190476190476;2.4818513674696256;3.430620328994868;-0.7965274627499556;2.899043848722193;480.0
2023-09-29;-1.0;-1.8369701987210297e-16;-0.20791169081775898;0.9781476007338057;-0.433883739117558;-0.9009688679024191;0.016739130434782607;1.1792207792207792;-0.009610499576629974;1;0.0006412174582139956;0.0003419826443807977;0.006882400718163553;3.0408074749842675;0.0;0.0011908306043465317;0.0049617941847772155;1.9568600629472381;3.7582266587735638;-0.11050290239192125;3.3028652106747054;310.0
2023-10-02;-0.8660254037844386;0.5000000000000001;0.39435585511331855;0.9189578116202306;0.0;1.0;0.011285427264566323;0.44696969696969696;-0.009098088702659555;1;0.0014102564102564104;0.0019230769230769232;0.0035897435897435897;3.0735586641869492;0.00029481132075471697;0.0028498427672955973;0.006289308176100629;1.5095031301111048;3.7676263179978613;-0.5656367492097822;2.731085372688212;765.0
2023-10-03;-0.8660254037844386;0.5000000000000001;0.5712682150947923;0.8207634412072763;0.7818314824680298;0.6234898018587336;0.017649572649572648;-0.11138014527845036;-0.024597116200169637;-1;4.347826086956522e-05;0.0029130434782608694;0.004782608695652174;3.169441043475075;0.0018631104138066288;0.0006864090998234948;0.00451068837026868;1.9163826278486495;3.69235467021509;-0.8156347716993301;2.7917744115214718;575.0
2023-10-04;-0.8660254037844386;0.5000000000000001;0.72479278722912;0.6889669190756866;0.9749279121818236;-0.22252093395631434;0.017130434782608697;0.3730964467005076;-0.02822269506862768;-1;0.0020999212529530143;0.0006562253915478169;0.0053372998512555775;3.026319042142711;0.0007748934521503294;0.0012592018597442853;0.004552499031383185;1.9433574338950264;3.7194486941441913;-0.9453911795499521;2.7493583007143827;300.0
2023-10-05;-0.8660254037844386;0.5000000000000001;0.8486442574947509;0.5289640103269624;0.43388373911755823;-0.900968867902419;0.010149619389272902;0.5;-0.028511897533570665;-1;0.00017543859649122806;0.0035526315789473684;0.0045175438596491225;2.9782475016975924;0.0026036644165863066;0.0007714561234329798;0.004532304725168756;1.596743041247896;3.258490829374877;-0.9642174964502372;3.018747258363008;715.0
2023-10-06;-0.8660254037844386;0.5000000000000001;0.9377521321470804;0.3473052528448203;-0.433883739117558;-0.9009688679024191;0.014824561403508772;0.4556213017751479;-0.02872225339851193;-1;0.0009666080843585237;0.002899824253075571;0.014103690685413004;2.920903070870743;0.0017369487600115796;0.0005789829200038599;0.011290166940075268;2.470781943750814;3.4783292008129774;-0.8633723596589128;3.064034509248704;415.0
2023-10-09;-0.8660254037844386;0.5000000000000001;0.9680771188662043;-0.2506525322587204;0.0;1.0;0.0257908611599297;0.5996592844974447;-0.029471620672203228;1;0.003080443583876078;0.0015842281288505544;0.005676817461714487;3.0121786267870907;0.0014445300462249614;0.002985362095531587;0.005970724191063174;1.3692126534993394;3.3150521871701653;-0.8851026512706758;3.076412976763026;170.0
2023-10-10;-0.8660254037844386;0.5000000000000001;0.8978045395707416;-0.4403941515576344;0.7818314824680298;0.6234898018587336;0.019846857947544445;1.0909090909090908;-0.008789615809762867;1;0.0036669542709232097;0.0010785159620362382;0.004874892148403797;2.8282312521157627;0.0003879728419010669;0.0009699321047526673;0.007856450048496605;1.729196607668959;3.4582441643879047;-0.9491092241461511;2.7286529770303467;665.0
2023-10-11;-0.8660254037844386;0.5000000000000001;0.7907757369376989;-0.6121059825476626;0.9749279121818236;-0.22252093395631434;0.012381363244176014;1.0801393728222997;0.0041176571301385105;-1;0.0034102050385779446;0.0002557653778933458;0.005626838313653609;2.941539989516374;0.0019770660340055358;0.0002965599051008304;0.004646105179913009;2.0609703179704018;3.5812247778243322;-0.9669122623494274;2.494883551378159;370.0
2023-10-13;-0.8660254037844386;0.5000000000000001;0.48530196253108104;-0.8743466161445821;-0.433883739117558;-0.9009688679024191;0.011168421501342769;-0.0648854961832061;-0.0035087118015242973;1;0.0003009458297506449;0.0007308684436801376;0.005975924333619948;2.9321462249427475;0.0014762326542663124;0.0007873240822753666;0.005314437555358724;1.5936047987753852;3.564903816868292;-0.940113547658812;3.0497354913231587;270.0
2023-10-16;-0.8660254037844386;0.5000000000000001;-0.10116832198743204;-0.9948693233918952;0.0;1.0;0.012897678417884782;0.4766666666666667;-0.0007232737473091855;1;0.0007731958762886598;0.000429553264604811;0.004166666666666667;2.976859723452249;0.0007895775759968417;0.0005921831819976313;0.0041452822739834186;1.4458886845774228;3.341394821942529;-0.8076280457150844;3.803025225985248;330.0
2023-10-17;-0.8660254037844386;0.5000000000000001;-0.2993631229733582;-0.9541392564000488;0.7818314824680298;0.6234898018587336;0.008075601374570448;0.047872340425531915;-0.0014272694443966778;-1;0.0037454795935939382;4.305148958153952e-05;0.007534010676769416;3.0044264051490197;9.881422924901186e-05;0.004446640316205534;0.0071146245059288534;2.2408572914350624;3.6770161595280713;-0.6208275319876074;3.160699373766765;105.0
2023-10-18;-0.8660254037844386;0.5000000000000001;-0.4853019625310808;-0.8743466161445822;0.9749279121818236;-0.22252093395631434;0.012140520061994144;1.127659574468085;0.008935299816987836;-1;0.002134016218523261;0.002134016218523261;0.004950917626973965;3.0190269641148397;0.0;0.0007897334649555774;0.005330700888450148;1.480466119842541;3.6367532796068085;-0.4165639926772707;4.000492882028289;310.0
2023-10-19;-0.8660254037844386;0.5000000000000001;-0.651372482722222;-0.7587581226927911;0.43388373911755823;-0.900968867902419;0.014511310285958173;-0.029411764705882353;-0.0026518336459478687;1;0.001988759187202767;0.0008214440121054907;0.0034587116299178555;3.047773074958761;0.0012777668566935326;0.0018675054059367013;0.0064871240416748575;1.8671197038474197;3.4925536865899875;-0.45449714211731324;3.2943979643959658;365.0
2023-10-20;-0.8660254037844386;0.5000000000000001;-0.7907757369376986;-0.6121059825476627;-0.433883739117558;-0.9009688679024191;0.011802853437094682;-0.06227106227106227;-0.0025461118345610385;-1;0.0009093270979475188;0.001558846453624318;0.006365289685632632;3.2282301189267852;0.0043422481002664565;0.0008881871114181387;0.008881871114181388;2.136982480388803;3.5510801851746012;-0.5285729489593438;2.6063446973507207;325.0
2023-10-23;-0.8660254037844386;0.5000000000000001;-0.9987165071710528;-0.05064916883871355;0.0;1.0;0.014159521953754223;0.06116207951070336;-0.011836519423477637;-1;0.00021874179718260565;0.0011812057047860705;0.004068597427596465;3.135656393488243;0.0010880316518298715;0.0003956478733926805;0.005341246290801187;1.8359279078440658;3.6767295878976403;0.3384616799039106;2.7433283727894384;485.0
2023-10-24;-0.8660254037844386;0.5000000000000001;-0.9884683243281114;0.15142777750457667;0.7818314824680298;0.6234898018587336;0.01391197830081372;1.0125786163522013;-0.0012052702986343877;1;0.0003899649031587157;0.0031630486589540275;0.004549590536851683;3.149506645557969;0.0024895439155546706;0.0017924716191993627;0.00468034256124278;1.6002018983802235;3.3528442797199682;0.276458078171321;3.4076310486882684;205.0
2023-10-25;-0.8660254037844386;0.5000000000000001;-0.9377521321470804;0.3473052528448203;0.9749279121818236;-0.22252093395631434;0.013042159538974826;0.6943521594684385;-0.0004893617942688372;1;0.00047660311958405547;0.0022963604852686307;0.0033795493934142113;2.930189275808051;0.0012994802079168333;0.0018992403038784486;0.003698520591763295;1.4875490341503634;3.418382388772477;-0.548479656559361;2.9064789224307677;380.0
2023-10-26;-0.8660254037844386;0.5000000000000001;-0.8486442574947509;0.5289640103269624;0.43388373911755823;-0.900968867902419;0.013128249566724436;-0.2376237623762376;-0.013962796197753218;1;0.00017571604287471446;0.0012300123001230013;0.009312950272359866;2.912926643562277;0.0025971431425432026;0.0004994506043352313;0.005294176405953451;1.6967645207955429;3.569952941308131;-0.2096789080955247;3.4779959780375145;290.0
2023-10-27;-0.8660254037844386;0.5000000000000001;-0.72479278722912;0.6889669190756865;-0.433883739117558;-0.9009688679024191;0.027016341591987347;0.9707317073170731;0.009918260376517333;-1;0.0009857283675481078;0.0001714310204431492;0.00317147387819826;3.0544418174274406;0.0007014028056112224;0.001002004008016032;0.007615230460921844;1.9812721807171336;4.015324952901385;-0.6549030428155683;2.5450846322906004;135.0
2023-10-30;-0.8660254037844386;0.5000000000000001;-0.20129852008866114;0.9795299412524943;0.0;1.0;0.021600308575836797;0.4801587301587302;0.0009637145239358534;-1;0.003115534400692341;0.00099524015577672;0.004586758978797058;3.255005551492062;0.002102102102102102;0.004104104104104104;0.0065065065065065065;1.7058481730395736;3.650800959559785;-0.7185960549450293;2.8895297145713275;140.0
2023-10-31;-0.8660254037844386;0.5000000000000001;-2.4492935982947064e-16;1.0;0.7818314824680298;0.6234898018587336;0.019991345737775855;0.2813852813852814;-0.008827293035764634;-1;0.002800875273522976;0.001487964989059081;0.004770240700218818;3.092768620393472;9.910802775024777e-05;0.003468780971258672;0.007036669970267592;1.8771933232495304;3.7164598093553662;-0.8980114116998542;3.1382331457409895;70.0
2023-11-01;-0.5000000000000004;0.8660254037844384;0.20791169081775931;0.9781476007338057;0.9749279121818236;-0.22252093395631434;0.013698030634573304;0.7124600638977636;-0.0060057975039488985;1;0.0004365668383829564;0.00270671439797433;0.00842573998079106;3.0957790413807653;0.0019786307874950534;0.0031658092599920855;0.005441234665611397;1.75996558712708;3.301881026085928;-0.6402750075766338;3.680257850311863;510.0
2023-11-03;-0.5000000000000004;0.8660254037844384;0.5877852522924731;0.8090169943749475;-0.433883739117558;-0.9009688679024191;0.02344363922116476;1.320297951582868;0.02061554127983187;1;0.0002547446185199338;0.0004245743641998896;0.01057190166857725;3.0265678298106033;0.0;0.003736241542966778;0.012016560638190447;2.153035058530538;3.4615636707908175;-0.9020073489863042;2.9888120977083035;370.0
2023-11-06;-0.5000000000000004;0.8660254037844384;0.9510565162951535;0.30901699437494745;0.0;1.0;0.01834161253343523;0.8958333333333334;0.03426069593254183;1;0.0013790221479314667;0.0;0.003969912244045131;3.0592771103581704;0.000509268690160929;0.0012222448563862294;0.002750050926869016;0.9597963351027041;2.962988270128687;-0.983011193546351;4.206543821310521;215.0
2023-11-07;-0.5000000000000004;0.8660254037844384;0.9945218953682733;0.10452846326765346;0.7818314824680298;0.6234898018587336;0.006978687839531968;0.0718562874251497;0.028950272432581556;-1;0.0005865102639296188;0.002262253875157101;0.0035609551738583997;3.006292301477058;0.0008131734092295182;0.000914820085383208;0.008538320796909941;1.869218592032322;3.54690389434177;-0.9289410661248247;2.5137961671828917;935.0
2023-11-08;-0.5000000000000004;0.8660254037844384;0.9945218953682734;-0.10452846326765333;0.9749279121818236;-0.22252093395631434;0.015751989945538333;0.6462765957446809;0.03380439760318372;1;0.0005823142833374927;0.0009150653023874886;0.005032859163131187;3.087501053095743;0.0027548209366391185;0.00010203040506070809;0.0034690337720640753;1.3265553084577593;3.248149545955189;-0.6264332782431699;4.084378860705165;260.0
2023-11-09;-0.5000000000000004;0.8660254037844384;0.9510565162951536;-0.30901699437494734;0.43388373911755823;-0.900968867902419;0.013102071375093586;0.5587301587301587;0.03461002038407896;1;0.0005806960056410469;0.002032436019743664;0.00526774233688664;3.1393317902405706;0.0012191405059433099;0.0011175454637813674;0.00284466118053439;1.1931853979165774;3.1613672070270655;-0.06962752550117396;4.672267887245199;260.0
2023-11-10;-0.5000000000000004;0.8660254037844384;0.8660254037844387;-0.4999999999999998;-0.433883739117558;-0.9009688679024191;0.01609357501348044;0.5257731958762887;0.03304288955495043;1;0.001036957152930441;0.001949479447509229;0.005972873200879339;3.08427943097275;0.004246713852376138;0.00020222446916076846;0.006167846309403438;1.6541558759559989;3.1541859845820843;-0.2880667143301177;3.951441745681257;255.0
2023-11-13;-0.5000000000000004;0.8660254037844384;0.40673664307580004;-0.913545457642601;0.0;1.0;0.014102617279853997;0.7323529411764705;0.03971807734910595;-1;0.0005347373616881247;0.0008638065073423554;0.0029616223108880754;3.236163985427156;0.0001016260162601626;0.0005081300813008131;0.004166666666666667;1.303920210970876;3.2123508240197007;-0.49728527190845684;3.7295081967213113;45.0
2023-11-14;-0.5000000000000004;0.8660254037844384;0.20791169081775931;-0.9781476007338057;0.7818314824680298;0.6234898018587336;0.006540249269877833;0.8930817610062893;0.037342628105308515;1;0.00012338062924120913;0.00020563438206868187;0.003249023236685174;3.06540621312732;0.0016299918500407497;0.0006112469437652812;0.0027506112469437654;1.2298681098025561;2.950811238245858;-0.8451839472800527;4.596595054984083;1545.0
2023-11-16;-0.5000000000000004;0.8660254037844384;-0.20791169081775907;-0.9781476007338057;0.43388373911755823;-0.900968867902419;0.026650215916101172;0.9027777777777778;0.05838663529131672;-1;0.0019682667202249446;0.00032134966860815426;0.004780076320546295;3.0891964473492632;0.0007184645386431284;0.0031817715282767113;0.00431078723185877;1.685908046621965;3.4730209186212653;-0.9591725796921206;3.5307468647581715;955.0
2023-11-17;-0.5000000000000004;0.8660254037844384;-0.4067366430758002;-0.9135454576426009;-0.433883739117558;-0.9009688679024191;0.013697529624422574;1.002932551319648;0.0653713052036702;1;0.00011920371915603766;0.0029403584058489292;0.004052926451305281;3.1582395903076272;0.001851090086384204;0.0008227067050596463;0.005244755244755245;2.042157430664172;3.4224228454347547;-0.805777917761423;3.4682234702926396;220.0
2023-11-20;-0.5000000000000004;0.8660254037844384;-0.8660254037844385;-0.5000000000000004;0.0;1.0;0.007748241745142448;0.717948717948718;0.0635975080297755;1;0.0003963064241271351;0.0021400546902865295;0.0033289739626679348;3.1058463793676063;0.0020403999183840034;0.00010201999591920016;0.0029585798816568047;1.332621624238277;3.918431508032475;0.6329162999039186;3.9852141175640767;70.0
2023-11-21;-0.5000000000000004;0.8660254037844384;-0.9510565162951535;-0.30901699437494756;0.7818314824680298;0.6234898018587336;0.010066183172829231;0.7440944881889764;0.0637436578301022;-1;0.0015774114677813708;0.0007887057338906854;0.004574493256565975;3.0794583250327774;0.00020590960568310512;0.001853186451147946;0.006589107381859364;1.8530012475572035;3.1731545051541596;-0.7021293387416009;2.7844485962516443;25.0
2023-11-22;-0.5000000000000004;0.8660254037844384;-0.9945218953682733;-0.10452846326765423;0.9749279121818236;-0.22252093395631434;0.008833504219575676;0.6696428571428571;0.05710469193521456;1;0.000631811720107408;0.0;0.004541146738271995;3.1943917074907193;0.0004077887654195127;0.003975940462840249;0.005097359567743908;1.7649780793009435;3.351645370833036;-0.6856084334026838;3.210801393728223;430.0
2023-11-23;-0.5000000000000004;0.8660254037844384;-0.9945218953682734;0.10452846326765299;0.43388373911755823;-0.900968867902419;0.011728005054493762;0.23905723905723905;0.051564888032427404;1;0.0007503949447077409;0.0016587677725118483;0.003593996840442338;3.013223561447931;0.0012234910277324632;0.0011215334420880913;0.003976345840130506;1.0299485163214945;3.09019248395967;-0.22695343087468525;4.562221925609539;210.0
2023-11-24;-0.5000000000000004;0.8660254037844384;-0.9510565162951536;0.30901699437494723;-0.433883739117558;-0.9009688679024191;0.009123222748815166;0.8311688311688312;0.05252935573384686;-1;7.852375343541422e-05;0.0005496662740478995;0.004515115822536317;2.821600702461869;0.0008157438564290813;0.00010196798205363516;0.0039767513000917715;1.5117237789025206;3.0589768088248066;-0.19438992570374242;3.6953290930774036;485.0
2023-11-27;-0.5000000000000004;0.8660254037844384;-0.5877852522924734;0.8090169943749473;0.0;1.0;0.010365135453474675;0.041666666666666664;0.037001704418123164;1;0.0007137475712756255;0.000277568499940521;0.004322138070502399;3.15559108249355;0.0013259893920848633;0.0007139942880456956;0.004079967360261118;1.8282486816834516;3.3300650888553966;0.24193804786924258;3.5586051346324092;390.0
2023-11-28;-0.5000000000000004;0.8660254037844384;-0.40673664307580015;0.913545457642601;0.7818314824680298;0.6234898018587336;0.00919941314088584;0.5431034482758621;0.03302036511820779;-1;0.0025373666891329344;0.000792927090354042;0.0034888791975577847;3.047895107547272;0.0010207206287639074;0.0024497295090333774;0.004287026640808411;2.0661396647986585;3.078471383645768;0.1403940982493293;3.5400615443994385;160.0
2023-11-29;-0.5000000000000004;0.8660254037844384;-0.20791169081775898;0.9781476007338057;0.9749279121818236;-0.22252093395631434;0.012409308964040756;0.9201277955271565;0.03834077382468423;1;0.0006671899529042386;0.0014521193092621664;0.00380690737833595;3.2812819149593837;0.0;0.0019491177677472302;0.004718916700861715;1.587990377397843;3.1399632283224364;-0.8433688911372512;3.4842021515427617;625.0
2023-11-30;-0.5000000000000004;0.8660254037844384;-1.133107779529596e-15;1.0;0.43388373911755823;-0.900968867902419;0.011145996860282574;0.3767605633802817;0.02966989756000665;1;0.0001968503937007874;0.0013779527559055118;0.004015748031496063;3.315363213572945;0.0019271731412922202;0.00020286033066233897;0.005274368597220813;2.3263803411824635;3.3798934117105475;-0.4164594663985563;2.5468735539455785;210.0
2023-12-01;-2.4492935982947064e-16;1.0;0.20129852008866006;0.9795299412524945;-0.433883739117558;-0.9009688679024191;0.010551181102362205;1.0932835820895523;0.03300261496680383;-1;0.0012491217112967445;0.0;0.0034741197595440708;3.046080806380896;0.00030453761039488374;0.001725713125571008;0.004162014008730078;1.2961917729712256;3.2631004267477093;0.3686201378591477;3.835847615010959;430.0
2023-12-04;-2.4492935982947064e-16;1.0;0.72479278722912;0.6889669190756866;0.0;1.0;0.012335076899055351;0.5474683544303798;0.02696552097820001;-1;0.0005862351975612616;0.0008207292765857662;0.0027748466017899717;2.7403813190580415;0.0016303240269003464;0.0004075810067250866;0.002547381292031791;1.0794095664411965;3.424904288725427;-0.43727897151267736;2.936688908077557;125.0
2023-12-05;-2.4492935982947064e-16;1.0;0.8486442574947509;0.5289640103269624;0.7818314824680298;0.6234898018587336;0.009262516121467933;0.0759493670886076;0.017190601190857288;1;3.933910306845004e-05;0.0021636506687647524;0.0036978756884343037;2.76939028073458;0.0030217566478646252;0.0009065269943593876;0.005036261079774376;1.6728565853208681;3.2939103525370124;-0.9212067190649004;3.1118712531790425;370.0
2023-12-06;-2.4492935982947064e-16;1.0;0.9377521321470804;0.3473052528448203;0.9749279121818236;-0.22252093395631434;0.008497246262785208;0.6620370370370371;0.01740428044751584;1;0.0007843444840974156;0.00011765167261461234;0.0027059884701360836;2.9234085909127785;0.00040567951318458417;0.0005070993914807302;0.002129817444219067;1.1049729019432197;3.2401104812347414;-0.8622649614357676;3.9116357773414427;565.0
2023-12-07;-2.4492935982947064e-16;1.0;0.9884683243281114;0.1514277775045767;0.43388373911755823;-0.900968867902419;0.016824189183889563;0.09324009324009325;0.002838861747831038;1;7.940604279985707e-05;0.0008337634493984993;0.004010005161392782;2.9446084515188393;0.002649276543713063;0.00030568575504381494;0.005094762584063582;1.8473787518770795;3.45176090335746;0.6993537228156044;2.4240235998500212;395.0
2023-12-08;-2.4492935982947064e-16;1.0;0.9987165071710528;-0.05064916883871264;-0.433883739117558;-0.9009688679024191;0.008575852622384564;0.6111111111111112;0.00428598098915198;1;0.0007119408298065894;0.0024522406360004746;0.003559704149032947;3.0569106920303866;0.00040766408479412964;0.00020383204239706482;0.0031593966571545045;1.1967693576222584;3.1233501006036217;0.44691214501712895;4.558579016365985;415.0
2023-12-11;-2.4492935982947064e-16;1.0;0.7907757369376989;-0.6121059825476626;0.0;1.0;0.01443657793774473;0.7972602739726027;0.007148077505837893;-1;0.0013765978367748278;0.0008652900688298919;0.005427728613569322;3.1478026778756463;0.0023267577137076377;0.0012139605462822458;0.0046535154274152755;1.444530675045457;3.2401850462615656;0.5579335116919742;3.3066894517791683;405.0
2023-12-12;-2.4492935982947064e-16;1.0;0.6513724827222223;-0.758758122692791;0.7818314824680298;0.6234898018587336;0.005781710914454277;1.1496598639455782;0.007285247275444013;-1;0.0014127619496114904;0.0003924338748920807;0.0030609842241582294;3.0462978592802883;0.0009121313469139556;0.0011148272017837235;0.0032431336779162865;1.4918165604418765;3.375450069459539;0.6084082327121502;3.3346547959012263;465.0
2023-12-13;-2.4492935982947064e-16;1.0;0.48530196253108104;-0.8743466161445821;0.9749279121818236;-0.22252093395631434;0.012400910446589749;1.6962025316455696;0.015433900926349678;-1;0.00046623669282772556;0.0014375631362188205;0.00338021602300101;2.8179575124704948;0.0016104680422747862;0.002415702063412179;0.004932058379466532;1.8341079002626506;3.7160822455421894;-0.5159558861580215;2.540827712243033;690.0
2023-12-14;-2.4492935982947064e-16;1.0;0.29936312297335804;-0.9541392564000488;0.43388373911755823;-0.900968867902419;0.031160152303986322;1.0748129675810474;0.043356835904849005;1;0.0006409048067860509;0.001658812441093308;0.004561734213006597;2.920043897310788;0.002354145342886387;0.0008188331627430911;0.0038894575230296827;2.2613257746449276;3.7400947403650595;-0.6993384484720119;2.5046291038123853;60.0
2023-12-15;-2.4492935982947064e-16;1.0;0.10116832198743272;-0.994869323391895;-0.433883739117558;-0.9009688679024191;0.007125353440150801;0.7354497354497355;0.04418568618336795;1;0.00041322314049586776;0.00022539444027047334;0.0024793388429752068;2.666438871406927;0.0003053124363932424;0.0013230205577040505;0.007632810909831061;1.7996155911703189;3.5947222303827964;-0.8884030165142597;2.0567583967898204;90.0
2023-12-18;-2.4492935982947064e-16;1.0;-0.4853019625310808;-0.8743466161445822;0.0;1.0;0.013749060856498872;0.28415300546448086;0.03647418791914797;1;0.00015100037750094376;3.775009437523594e-05;0.0035485088712721782;3.0724230668538923;0.0017208219455410467;0.0004048992813037757;0.002631845328474542;1.1803389501754253;3.4713224177308843;-0.2760479205825908;2.791316461717618;95.0
2023-12-19;-2.4492935982947064e-16;1.0;-0.651372482722222;-0.7587581226927911;0.7818314824680298;0.6234898018587336;0.007927519818799546;0.6714285714285714;0.039505502977404516;1;0.0003379647014645137;0.0010514457378895982;0.004130679684566279;3.1288294394021268;0.0013293792821351877;0.0006135596686777789;0.006953676245014828;2.198063491951075;3.7660379378647013;-0.6229343871077772;2.158323264390691;370.0
2023-12-20;-2.4492935982947064e-16;1.0;-0.7907757369376986;-0.6121059825476627;0.9749279121818236;-0.22252093395631434;0.007773188133683815;0.5797101449275363;0.04006601122502199;1;0.0017962727340767907;0.0005239128807723973;0.0027318314497417856;2.9679826339784605;0.0004106776180698152;0.0018480492813141684;0.003490759753593429;1.3575008302259968;3.6653618857584753;-0.8736470883509995;3.126825570885677;605.0
2023-12-21;-2.4492935982947064e-16;1.0;-0.8978045395707417;-0.44039415155763423;0.43388373911755823;-0.900968867902419;0.01343462315694933;0.47075208913649025;0.035868022453191775;1;0.00018744142455482662;0.0007872539831302718;0.0032239925023430176;3.0259052285574843;0.0020460358056265983;0.00020460358056265986;0.003989769820971867;1.473680511174786;3.747930672677107;-0.7605199770026527;2.4267747069588523;50.0
2023-12-22;-2.4492935982947064e-16;1.0;-0.9680771188662041;-0.2506525322587213;-0.433883739117558;-0.9009688679024191;0.007272727272727273;0.8556701030927835;0.03877794475343548;1;0.00014914243102162565;0.0005592841163310962;0.0024981357196122295;3.0682598260600273;0.0015395668685209895;0.0003079133737041979;0.0029764959458072463;1.3306226081369688;3.5837412101652166;-0.7777350231539857;2.8362909839120904;65.0
2023-12-26;-2.4492935982947064e-16;1.0;-0.8486442574947509;0.5289640103269624;0.7818314824680298;0.6234898018587336;0.007531692766592096;0.8415841584158416;0.04060369840562;1;0.00018551498961116058;0.0017809439002671415;0.003116651825467498;2.8377505223245376;0.0020627062706270625;0.00020627062706270627;0.0031971947194719473;1.257524986881629;3.3415126862312396;-0.9444091436065665;2.891800693269373;320.0
2023-12-27;-2.4492935982947064e-16;1.0;-0.72479278722912;0.6889669190756865;0.9749279121818236;-0.22252093395631434;0.007643217571979816;0.8543689320388349;0.041925176074966285;-1;0.0018833087149187592;0.00018463810930576072;0.003951255539143279;3.106127454475452;0.0;0.001975873544093178;0.006343594009983361;1.6125320866745858;3.8693352123933824;-0.9529533601237095;2.960297139502267;150.0
2023-12-28;-2.4492935982947064e-16;1.0;-0.5712682150947924;0.8207634412072763;0.43388373911755823;-0.900968867902419;0.007607090103397341;0.6893203883495146;0.041295599341233676;-1;0.0013256738842244808;0.0009574311386065695;0.003940197378111651;3.169916238869548;0.0014468788755684168;0.0005167424555601488;0.0063042579578338155;1.88310519729589;3.291879622869115;-0.6644980976239488;2.7198124352081776;60.0
2024-01-02;0.49999999999999994;0.8660254037844387;0.39435585511331855;0.9189578116202306;0.7818314824680298;0.6234898018587336;0.004860804242156429;-0.26515151515151514;0.03360259222180615;-1;0.00011090573012939002;0.002476894639556377;0.0037707948243992607;3.228733394482819;0.0;0.0036855036855036856;0.007268632268632269;2.1104646069616377;3.4763328872307495;0.09437951961789758;2.2257534470484748;225.0
2024-01-03;0.49999999999999994;0.8660254037844387;0.5712682150947923;0.8207634412072763;0.9749279121818236;-0.22252093395631434;0.013308687615526803;0.20833333333333334;0.020974089709259666;1;0.0011200298674631324;0.0022773940638417026;0.003546761246966586;3.029190944693858;0.00010086746015735324;0.002622553964091184;0.004337300786766189;2.0613475723343786;3.4354739457110517;-0.9169068936344557;2.8051339206736725;170.0
2024-01-04;0.49999999999999994;0.8660254037844387;0.72479278722912;0.6889669190756866;0.43388373911755823;-0.900968867902419;0.01142430464812395;0.673202614379085;0.024106236285989176;-1;0.00048273301151132564;0.000668399554400297;0.004530263646490902;3.205470181955015;0.001420022314636373;0.0015214524799675425;0.0031443351252662542;1.6051859090801952;3.4887496548243653;-0.8797405069691898;2.8830465221010684;620.0
2024-01-05;0.49999999999999994;0.8660254037844387;0.8486442574947509;0.5289640103269624;-0.433883739117558;-0.9009688679024191;0.01726698848867434;-0.034408602150537634;0.00431526891678021;-1;0.0012470712720126975;0.00026453026982087524;0.0027208827753004306;2.941967685070252;0.001522224477369596;0.0016237061091942358;0.004871118327582707;1.4312896332181013;3.405250055657876;0.5281012056834095;3.35267161961367;870.0
2024-01-08;0.49999999999999994;0.8660254037844387;0.9987165071710528;-0.05064916883871264;0.0;1.0;0.0166276169601693;0.45454545454545453;0.005887363937529579;-1;0.00037639265281541704;0.0024841915085817524;0.00353809093646492;2.9162335345135215;0.0004086219225661457;0.000715088364490755;0.005312084993359893;1.7546687430313639;3.3014965742421865;0.14059725587179006;2.977624590093444;170.0
2024-01-09;0.49999999999999994;0.8660254037844387;0.9680771188662043;-0.2506525322587204;0.7818314824680298;0.6234898018587336;0.013136103583258054;0.6790830945558739;0.007637102694215843;-1;3.7455989212675104e-05;0.0011236796763802533;0.0040452468349689115;3.0621922656185334;0.0009192115207843939;0.001021346134204882;0.0024512307220917167;1.3700610037114909;3.0853920665494234;-0.8583600034442189;4.128220903300521;95.0
2024-01-10;0.49999999999999994;0.8660254037844387;0.8978045395707416;-0.4403941515576344;0.9749279121818236;-0.22252093395631434;0.00850250955127725;0.29955947136563876;-0.0006890501274554471;-1;0.0027128862094951017;0.001092690278824416;0.004333082140165787;3.1949748173549084;0.0004069175991861648;0.0002034587995930824;0.0038657171922685655;1.5530096041411223;3.3159120240426705;-0.7959769073561185;4.138563415012533;220.0
2024-01-11;0.49999999999999994;0.8660254037844387;0.7907757369376989;-0.6121059825476626;0.43388373911755823;-0.900968867902419;0.011039939713639788;0.310580204778157;-0.007329449351625634;-1;0.0;0.0020446800454373346;0.0036349867474441497;2.942776069992906;0.0008157438564290813;0.0009177118384827164;0.0030590394616090547;1.5159275827213958;3.718005702329716;-0.39364685378240294;4.209295544669932;210.0
2024-01-12;0.49999999999999994;0.8660254037844387;0.6513724827222223;-0.758758122692791;-0.433883739117558;-0.9009688679024191;0.011207875804619462;0.42567567567567566;-0.012556916998272088;1;3.799969600243198e-05;0.0015199878400972793;0.0034959720322237423;3.2700781996252477;0.0012285012285012285;0.0003071253071253071;0.00214987714987715;1.514167544109029;3.4152230331762436;0.5922380653013272;3.672157951481001;565.0
2024-01-15;0.49999999999999994;0.8660254037844387;0.10116832198743272;-0.994869323391895;0.0;1.0;0.012615899072807418;0.1897590361445783;-0.013721918185239343;-1;0.0022020577850336005;0.00034169862181555866;0.00402445043471658;3.300727052408361;0.0005154639175257732;0.0;0.0070103092783505155;1.435267314237313;3.500337028548911;-0.6296104228288405;3.5507597595551355;185.0
2024-01-16;0.49999999999999994;0.8660254037844387;-0.10116832198743204;-0.9948693233918952;0.7818314824680298;0.6234898018587336;0.011921485250009491;0.43630573248407645;-0.012017970797454137;-1;0.0004926295047178749;0.0025010421008753647;0.004774716738034787;3.1957118236199213;0.0013243683781581092;0.0005093724531377343;0.00356560717196414;2.0704581760410377;3.6188851397358106;-0.572894789680031;3.325968929854893;435.0
2024-01-17;0.49999999999999994;0.8660254037844387;-0.2993631229733582;-0.9541392564000488;0.9749279121818236;-0.22252093395631434;0.01511993633711016;-0.20802005012531327;-0.028544015351403215;1;0.0023148148148148147;0.004783950617283951;0.007561728395061728;3.221822621488002;0.001311276982045592;0.0016138793625176519;0.006052047609441194;2.1499149644799544;3.3462544545863007;-0.9510054293906653;3.9315437871084984;5.0
2024-01-18;0.49999999999999994;0.8660254037844387;-0.4853019625310808;-0.8743466161445822;0.43388373911755823;-0.900968867902419;0.009143518518518518;0.6329113924050633;-0.026420163526590896;1;0.0006552069683188161;0.00026979110460186544;0.003892700223541201;3.2403327548687435;0.0002025931928687196;0.0023298217179902755;0.0030388978930307943;1.4118455282814597;3.5965092501962457;-0.9629631229774107;4.754635380598362;1015.0
2024-01-19;0.49999999999999994;0.8660254037844387;-0.651372482722222;-0.7587581226927911;-0.433883739117558;-0.9009688679024191;0.016649965312572266;0.30092592592592593;-0.03238600798136804;-1;0.0015541223094257517;0.001165591732069314;0.0038853057735643796;3.2068512950723345;0.0012186452726718798;0.0013201990453945364;0.002843505636234386;1.8671563839095005;4.29416574565778;-0.22261896995598973;3.1290390079974557;240.0
2024-01-22;0.49999999999999994;0.8660254037844387;-0.9680771188662041;-0.2506525322587213;0.0;1.0;0.012394125417670371;0.7241379310344828;-0.03210189115008072;-1;0.0001557026080186843;0.002491241728298949;0.0028026469443363177;3.2881922570299524;0.0031430599209165567;0.0004055561188279428;0.0051708405150562705;2.016257839301721;3.752377925754026;0.18107741172184022;2.7140054714874053;10.0
2024-01-23;0.49999999999999994;0.8660254037844387;-0.9987165071710528;-0.05064916883871355;0.7818314824680298;0.6234898018587336;0.016076294277929157;0.4939467312348668;-0.036517569774136616;1;0.00015673981191222572;0.0009404388714733542;0.0054858934169279;3.4726641556385474;0.0030048076923076925;0.00010016025641025641;0.007311698717948718;2.149412163397297;3.6881159385602222;-0.6977988633200339;2.8256028450489885;115.0
2024-01-24;0.49999999999999994;0.8660254037844387;-0.9884683243281114;0.15142777750457667;0.9749279121818236;-0.22252093395631434;0.013126959247648904;1.3611940298507463;-0.018276801909578724;1;0.0013486436498150432;3.8532675709001234e-05;0.0035450061652281136;3.5640337215086486;0.0004052684903748733;0.0005065856129685917;0.004457953394123607;1.7429238764833384;3.9445528931400777;-0.8043891342162863;3.383188959248774;70.0
2024-01-25;0.49999999999999994;0.8660254037844387;-0.9377521321470804;0.3473052528448203;0.43388373911755823;-0.900968867902419;0.015143341553637484;0.24936386768447838;-0.0237114359760895;1;0.0013204909119154886;0.0017088705918906323;0.0034565791517787788;3.4444832091025077;0.000506636943965954;0.0009119464991387172;0.0016212382206910528;0.8717989381472099;3.4322420521060484;-0.8363634543378028;5.653671402477;60.0
2024-01-26;0.49999999999999994;0.8660254037844387;-0.8486442574947509;0.5289640103269624;-0.433883739117558;-0.9009688679024191;0.00710734814354513;0.7923497267759563;-0.018256811853147186;-1;0.004646660212971926;7.744433688286543e-05;0.007279767666989351;3.068658168085489;0.0008147469192382117;0.0007129035543334351;0.003360831041857623;1.3009365040708678;3.6313055136584547;-0.3524826696085872;3.4946118700387667;15.0
2024-01-29;0.49999999999999994;0.8660254037844387;-0.3943558551133187;0.9189578116202306;0.0;1.0;0.01111326234269119;0.8780487804878049;-0.011883618291167705;-1;0.00019285659183830903;0.00030857054694129443;0.0035099899714572244;3.295740047582514;0.0011179997967273097;0.0004065453806281126;0.0030490903547108444;1.307196150191075;3.8831062733005015;-0.7064835741876225;3.7805602225955854;160.0
2024-01-30;0.49999999999999994;0.8660254037844387;-0.20129852008866114;0.9795299412524943;0.7818314824680298;0.6234898018587336;0.010298542004165702;0.37453183520599254;-0.015525232802069522;-1;0.003415618692749573;0.0003105107902499612;0.004269523365936966;3.4472369342374445;0.00020222446916076846;0.0019211324570273002;0.0032355915065722953;1.5359218307207263;3.7301008857290383;-0.5828720515819887;5.019499482232178;540.0
2024-01-31;0.49999999999999994;0.8660254037844387;-2.4492935982947064e-16;1.0;0.9749279121818236;-0.22252093395631434;0.013701288619779537;0.056657223796033995;-0.02243282793070953;1;0.0010188487009679063;0.0005094243504839531;0.004349700223362984;3.5417951183789937;0.00231808103204999;0.0007055029227978231;0.003729086877645636;1.529323108478201;3.81074245675135;-0.7945455521682905;4.578007828118667;815.0
2024-02-01;0.8660254037844386;0.5000000000000001;0.21497044021102407;0.9766205557100867;0.43388373911755823;-0.900968867902419;0.019828363180375407;0.3774703557312253;-0.013115194807688616;-1;0.0001945752422461766;0.0028407985367941784;0.0035801844573296496;3.349834393444502;0.003527514613989115;0.0005039306591413022;0.00473694819592824;1.770250702705772;3.6130084639426916;-0.3871041278442017;3.076041817948378;115.0
2024-02-02;0.8660254037844386;0.5000000000000001;0.4198891015602646;0.907575419670957;-0.433883739117558;-0.9009688679024191;0.010935128614235125;1.0604982206405693;-0.007465068785551381;-1;0.0003099934126399814;0.0015112178866199092;0.0036424225985197812;3.3223087793819226;0.0005077688636132832;0.0005077688636132832;0.0016248603635625064;0.8107168371020532;3.7572555286354965;0.0024821059497935794;5.6229963276487345;1255.0
2024-02-05;0.8660254037844386;0.5000000000000001;0.8835120444460229;0.46840844069979015;0.0;1.0;0.018754601464718874;0.19008264462809918;-0.01841436760119807;1;0.0014530317310713164;0.001060320452403393;0.0027882500785422555;3.197399703148465;0.00020044097013429546;0.0017037482461415114;0.0039085989176187615;1.3019861240723458;3.799384029339655;-0.7418707308349868;3.8945795180016107;640.0
2024-02-06;0.8660254037844386;0.5000000000000001;0.963549992519223;0.26752833852922075;0.7818314824680298;0.6234898018587336;0.011506440464970154;0.9453924914675768;-0.01082722804414356;1;0.0019141372709871479;0.0009766006484628305;0.003672018438220243;3.261368667938011;0.00020052135552436334;0.0005013033888109083;0.0013033888109083617;1.082883708474691;4.161092317765168;-0.7317482647500287;4.8773315238413675;1590.0
2024-02-07;0.8660254037844386;0.5000000000000001;0.9985334138511238;0.05413890858541761;0.9749279121818236;-0.22252093395631434;0.025313488808156568;0.8580246913580247;0.01025722316516333;-1;0.0;0.0007271335629544585;0.0039035591274397246;3.4309909283759863;0.0008043434546551378;0.0007038005228232455;0.0024130303639654134;1.1248421719564008;3.719799498746867;-0.8429244182537178;5.765113160208161;305.0
2024-02-08;0.8660254037844386;0.5000000000000001;0.9868265225415261;-0.16178199655276473;0.43388373911755823;-0.900968867902419;0.008381171067738231;0.2557077625570776;0.00467963189733054;-1;0.0003465937536103516;0.002657218777679362;0.0031193437824931646;3.35111415483069;0.0018054162487462387;0.0005015045135406219;0.0025075225677031092;1.8641872570406224;4.105794176996253;-0.8031178780851644;3.8328235800042125;30.0
2024-02-09;0.8660254037844386;0.5000000000000001;0.9289767198167915;-0.37013815533991423;-0.433883739117558;-0.9009688679024191;0.017252666846381947;0.28794642857142855;-0.0035468617731209476;-1;0.00027216174183514777;0.00027216174183514777;0.0035769828926905133;3.4709837743020024;0.00020004000800160032;0.000600120024004801;0.001900380076015203;1.1979176108226228;3.892994858611825;-0.9118137060926059;5.1449133305819235;595.0
2024-02-15;0.8660254037844386;0.5000000000000001;-0.10811901842394124;-0.9941379571543597;0.43388373911755823;-0.900968867902419;0.0077654149281409365;0.6965174129353234;0.006043722280179272;1;0.0005793071486502144;0.0007724095315336191;0.0029351562198277528;3.345675248203975;0.00010070493454179255;0.0;0.0021148036253776435;1.27261434032669;3.868061096546221;-0.11303038940751561;5.173820153531067;385.0
2024-02-16;0.8660254037844386;0.5000000000000001;-0.31930153013597995;-0.9476531711828025;-0.433883739117558;-0.9009688679024191;0.00726064959641602;1.2712765957446808;0.011666650476477273;1;0.0006529420801966507;0.0007297587955139038;0.0030726686126901215;3.494982856343153;0.0003014469453376206;0.0006028938906752412;0.0015072347266881028;0.99902166074093;4.224497220818595;0.6306216098117287;7.169157013879918;350.0
2024-02-19;0.8660254037844386;0.5000000000000001;-0.8276889981568905;-0.5611870653623825;0.0;1.0;0.011330465509294823;0.5254237288135594;0.013227919005449989;-1;0.0008431380063618595;0.0001532978193385199;0.002107845015904649;3.324100068625616;0.0006031363088057901;0.0007036590269400884;0.003116204262163249;1.3659283382125573;3.871313997071349;-0.3889392924633054;3.328172010174585;65.0
2024-02-20;0.8660254037844386;0.5000000000000001;-0.9289767198167914;-0.37013815533991445;0.7818314824680298;0.6234898018587336;0.007511593147587476;0.3163265306122449;0.011511818231182754;-1;0.00034510525710341653;0.0010353157713102496;0.002722497028260286;3.6378389634760797;0.00020128824476650564;0.001710950080515298;0.002616747181964573;2.206685149859492;4.094507285652567;-0.4716420232714771;3.644643538025089;905.0
2024-02-21;0.8660254037844386;0.5000000000000001;-0.9868265225415261;-0.16178199655276476;0.9749279121818236;-0.22252093395631434;0.015222976341117375;0.7229219143576826;0.01872937677185481;1;0.0009884428223844283;0.0004562043795620438;0.0016347323600973236;3.2166395151212877;0.000506636943965954;0.0009119464991387172;0.0022292025534501976;1.7077396114780365;4.07445987654321;-0.8765089774894137;3.6246353748270415;40.0
2024-02-22;0.8660254037844386;0.5000000000000001;-0.9985334138511239;0.0541389085854167;0.43388373911755823;-0.900968867902419;0.007831508515815086;1.6844660194174756;0.02781755948411985;-1;0.000376081233546446;0.0001128243700639338;0.0036479879654005266;3.3699477094090176;0.0007099391480730223;0.0016227180527383367;0.0032454361054766734;1.8446138838033375;4.0821455771950825;-0.7860209597903488;3.550494416162478;105.0
2024-02-23;0.8660254037844386;0.5000000000000001;-0.9635499925192231;0.2675283385292201;-0.433883739117558;-0.9009688679024191;0.008875517111696126;0.3728813559322034;0.021289082106206034;1;0.0004158475729623469;0.0013231513685165583;0.0027219113866626342;3.475814671450707;0.0007052186177715092;0.00040298206729800525;0.00231714688696353;2.2658735407742334;4.579522747114172;0.40710983394759104;2.499257577265978;310.0
2024-02-26;0.8660254037844386;0.5000000000000001;-0.6051742151937649;0.796093065705644;0.0;1.0;0.012248601239981853;0.23148148148148148;0.0121237361467805;-1;0.0006476930696841544;0.0001523983693374481;0.0033527641254238578;3.1870234460098925;0.00030084235860409147;0.0012033694344163659;0.0020056157240272766;1.1060759210731903;3.6626506024096384;-0.786590674930009;4.430896226415094;835.0
2024-02-27;0.8660254037844386;0.5000000000000001;-0.41988910156026493;0.9075754196709569;0.7818314824680298;0.6234898018587336;0.007048424581856974;1.0702702702702702;0.015842442336399094;1;0.0006446719757299962;0.00015168752370117556;0.004891922639362912;3.430304002647207;0.0002008435428800964;0.001004217714400482;0.003313918457521591;1.7723700080057723;3.760295852618205;-0.7125081075281776;3.3025121456170794;350.0
2024-02-28;0.8660254037844386;0.5000000000000001;-0.21497044021102438;0.9766205557100867;0.9749279121818236;-0.22252093395631434;0.013424345847554038;0.6045197740112994;0.022337182803350095;-1;0.00015048908954100828;0.001128668171557562;0.002106847253574116;3.1486532909211538;0.0007080004045716598;0.00040457165975523417;0.0025285728734702135;1.2837012706398432;4.141635085406712;-0.9539682977124901;3.9807377986718695;25.0
2024-02-29;0.8660254037844386;0.5000000000000001;-2.4492935982947064e-16;1.0;0.43388373911755823;-0.900968867902419;0.012490594431903687;0.46987951807228917;0.015887652969089196;-1;0.000529500756429652;7.5642965204236e-05;0.0074508320726172465;3.479809865987086;0.00010054293183189222;0.0003016287954956767;0.008143977478383269;1.9160908914234644;3.914045028836615;-0.917609679111128;3.2204012372196926;270.0
2024-03-01;1.0;6.123233995736766e-17;0.20129852008866006;0.9795299412524945;-0.433883739117558;-0.9009688679024191;0.015128593040847202;0.35;0.0052229842005687335;1;0.0022524242192868598;0.002672367717797969;0.00530655875391311;3.232234098508472;0.0006031969438021514;0.0009047954157032271;0.001709058007439429;0.8747619325421012;3.5914053195712583;-0.8968193378407545;6.339836589567156;235.0
2024-03-04;1.0;6.123233995736766e-17;0.72479278722912;0.6889669190756866;0.0;1.0;0.008284339925173703;0.4147465437788018;0.0020319748495188435;-1;0.0014921946740128558;0.00030609121518212427;0.0023339455157636974;3.0758042862115262;0.0009063444108761329;0.00030211480362537764;0.0018126888217522659;0.9817827811291984;3.783152130144157;-0.14721213046097364;4.74050247576391;20.0
2024-03-05;1.0;6.123233995736766e-17;0.8486442574947509;0.5289640103269624;0.7818314824680298;0.6234898018587336;0.008685338230792776;-0.03524229074889868;-0.00587316643193163;1;0.0014263685427910564;0.0005782575173477255;0.003508095605242868;3.2369209611877556;0.0013094278807413377;0.001007252215954875;0.002316680096696213;1.1698839828857472;3.7472598504862007;0.37237570448224483;5.278182772715341;55.0
2024-03-06;1.0;6.123233995736766e-17;0.9377521321470804;0.3473052528448203;0.9749279121818236;-0.22252093395631434;0.00963762528912876;0.724;-0.003061464793154879;1;0.0019204916458613404;0.00046091799500672174;0.0028423276358747838;3.2024811171727428;0.0003027245206861756;0.0016145307769929364;0.0020181634712411706;1.4092859815237442;3.8277651719339594;-0.11228982951579616;4.070014443057998;260.0
2024-03-07;1.0;6.123233995736766e-17;0.9884683243281114;0.1514277775045767;0.43388373911755823;-0.900968867902419;0.006875360092183599;0.7821229050279329;-0.0009028447260095794;-1;0.0002680349211211518;0.0006126512482769183;0.003484453974574973;3.2313396674457144;0.0007074279939363315;0.0003031834259727135;0.001414855987872663;0.9099254649273948;4.151641217884246;-0.8812600819440316;6.6455903890412165;100.0
2024-03-08;1.0;6.123233995736766e-17;0.9987165071710528;-0.05064916883871264;-0.433883739117558;-0.9009688679024191;0.009534385051309543;-1.502008032128514;-0.023936521424593356;-1;0.000392156862745098;0.000980392156862745;0.0025882352941176473;3.3576582559759514;0.002318548387096774;0.00010080645161290323;0.004737903225806452;2.974928697481974;4.248895770131565;-0.43875509210486374;2.4875393297707635;410.0
2024-03-11;1.0;6.123233995736766e-17;0.7907757369376989;-0.6121059825476626;0.0;1.0;0.01396078431372549;0.3342696629213483;-0.021792212716816143;-1;0.0010963624260934258;0.0006656486158424371;0.0046986961118289676;3.3564590406326253;0.0009018036072144289;0.0006012024048096192;0.004008016032064128;2.4125264250109537;4.444993040665087;-0.8437010903449988;3.227511134149309;200.0
2024-03-12;1.0;6.123233995736766e-17;0.6513724827222223;-0.758758122692791;0.7818314824680298;0.6234898018587336;0.00787031598731352;0.6318407960199005;-0.02018141241152074;1;0.002228826151560178;0.00011730663955579886;0.007742238210682725;3.2978282397045375;0.002710843373493976;0.0033132530120481927;0.0071285140562249;3.130291307964144;4.127708987864227;-0.6918103362040869;3.8965944383337985;460.0
2024-03-13;1.0;6.123233995736766e-17;0.48530196253108104;-0.8743466161445821;0.9749279121818236;-0.22252093395631434;0.01188707280832095;0.7467105263157895;-0.012302177010402463;-1;0.00011633317822242904;0.0009306654257794323;0.003683883977043586;3.433597818471036;0.0007042253521126761;0.0006036217303822937;0.004527162977867203;1.6163422715648779;4.194836898837182;-0.2044805618924263;4.58778679606519;830.0
2024-03-14;1.0;6.123233995736766e-17;0.29936312297335804;-0.9541392564000488;0.43388373911755823;-0.900968867902419;0.009771986970684038;0.8492063492063492;-0.007677002885817747;-1;0.00023157082207641837;0.0008104978772674643;0.003975299112311849;3.3391697378718055;0.0011068625477963373;0.0022137250955926746;0.003421211511370497;2.5581239043769335;4.446133981467416;-0.5163974534028842;3.411329089921384;505.0
2024-03-15;1.0;6.123233995736766e-17;0.10116832198743272;-0.994869323391895;-0.433883739117558;-0.9009688679024191;0.010111925897336935;0.5038167938931297;-0.012085535477914062;-1;0.0006980532071666796;0.0011246412782129837;0.0031412394322500583;3.2298290011207116;0.00020030045067601402;0.001301952929394091;0.003605408112168252;1.765350842625272;4.815156760915561;-0.5268259539063582;4.1985393981831765;430.0
2024-03-18;1.0;6.123233995736766e-17;-0.4853019625310808;-0.8743466161445822;0.0;1.0;0.012409834794074304;0.4625;-0.01642048407916971;1;0.00234009360374415;0.0008190327613104524;0.0037051482059282373;3.4528984127387132;0.0004005607850991388;0.0013018225515722011;0.0022030843180452634;1.1778627306209302;4.1306138551365;-0.7278645917804686;6.2346794928120355;470.0
2024-03-19;1.0;6.123233995736766e-17;-0.651372482722222;-0.7587581226927911;0.7818314824680298;0.6234898018587336;0.010218408736349454;0.4389312977099237;-0.017927273076442967;1;0.00011732957878681215;0.0019163831201845986;0.005201611326215339;3.480240823648008;0.0019813750743015654;0.001089756290865861;0.003071131365167426;2.3640866402471623;4.3651971706597745;-0.3496208274079121;3.4859964696514383;20.0
2024-03-20;1.0;6.123233995736766e-17;-0.7907757369376986;-0.6121059825476627;0.9749279121818236;-0.22252093395631434;0.010755211388791115;0.6254545454545455;-0.011880357987608121;1;0.0004281488401058695;0.0022575120660127666;0.003775494317297213;3.374645536688605;0.00039737730975561295;0.0004967216371945162;0.003775084442678323;1.8487655404886556;4.023688493115618;0.18637502433708394;4.061462884824689;190.0
2024-03-21;1.0;6.123233995736766e-17;-0.8978045395707417;-0.44039415155763423;0.43388373911755823;-0.900968867902419;0.019344543048419743;0.869215291750503;0.0032137015298758778;-1;0.0013811094912913374;0.0005370981355021868;0.003874779406122919;3.3673317514288508;0.001714746822675005;0.0003026023804720597;0.004942505547710308;2.1374885703499418;4.675515364505207;-0.9268559903523581;2.4637367109771593;620.0
2024-03-22;1.0;6.123233995736766e-17;-0.9680771188662041;-0.2506525322587213;-0.433883739117558;-0.9009688679024191;0.012890355252052482;0.002976190476190476;-0.007082633290688534;-1;0.00019404664881437497;0.0016299918500407497;0.0045406915822563745;3.282820628353746;0.002302302302302302;0.0003003003003003003;0.0032032032032032033;1.925609624352321;4.165391339488873;-0.7672478542827703;3.7186892313143542;80.0
2024-03-25;1.0;6.123233995736766e-17;-0.9377521321470804;0.3473052528448203;0.0;1.0;0.009585904451430123;0.10121457489878542;-0.013972263869512447;-1;0.0003913894324853229;0.003091976516634051;0.003953033268101761;3.1147498225204835;0.00020026033843997197;0.0015019525382997897;0.0026033843997196357;1.1657730166326867;3.897890033343683;-0.9123144157778021;5.50060607319979;55.0
2024-03-26;1.0;6.123233995736766e-17;-0.8486442574947509;0.5289640103269624;0.7818314824680298;0.6234898018587336;0.0052054794520547945;0.5338345864661654;-0.013327613493411557;-1;3.916960438699569e-05;0.0008225616921269095;0.004308656482569526;3.3038491124749787;0.0005030687191870409;0.0013079786698863064;0.003622094778146695;1.8996031563480102;4.260322036148463;-0.0022311950173412726;3.5562626316586092;435.0
2024-03-27;1.0;6.123233995736766e-17;-0.72479278722912;0.6889669190756865;0.9749279121818236;-0.22252093395631434;0.00654132393262828;0.8323353293413174;-0.009971937584850557;-1;0.00031298904538341156;0.0007433489827856025;0.003990610328638498;3.300425937554377;0.0006033789219629927;0.00020112630732099757;0.0037208366854384555;1.9076617071544952;4.210235470794358;0.2891492966286323;3.0510837104230633;180.0
2024-03-28;1.0;6.123233995736766e-17;-0.5712682150947924;0.8207634412072763;0.43388373911755823;-0.900968867902419;0.012910798122065728;0.6757575757575758;-0.007385742104160687;1;0.0009769822970807768;0.001016061588964008;0.0021493610535777093;3.3764555185359306;0.000499001996007984;0.0005988023952095808;0.0017964071856287425;1.8372676516644115;4.460756844736383;0.25612331155962653;3.8746624897052846;570.0
2024-04-01;0.8660254037844387;-0.4999999999999998;0.20791169081775931;0.9781476007338057;0.0;1.0;0.009379030051975459;0.8958333333333334;0.0007453763374070221;1;0.0008146481495849173;0.0011637830708355963;0.002560322755838312;3.2960822369334286;0.0010946362822171361;9.95123892924669e-05;0.006866354861180217;2.4129808759005003;4.4153839872616665;0.8248284528873693;2.41521091857304;405.0
2024-04-02;0.8660254037844387;-0.4999999999999998;0.40673664307580015;0.9135454576426009;0.7818314824680298;0.6234898018587336;0.015167972689890605;0.17647058823529413;-0.007726749790118466;-1;0.001645123384253819;0.0017234625930278105;0.005718762240501371;3.5987786733809655;0.00039643211100099106;9.910802775024777e-05;0.004162537165510407;2.4937146745966405;4.310748643761302;-0.6067592589442271;3.6933977223341796;245.0
2024-04-03;0.8660254037844387;-0.4999999999999998;0.5877852522924731;0.8090169943749475;0.9749279121818236;-0.22252093395631434;0.008421464943204074;0.46511627906976744;-0.007439246156389486;1;0.001136497237136027;0.0012540659168397538;0.0030959752321981426;3.5131010975579193;0.001475071295112597;0.000491690431704199;0.002950142590225194;2.2141507792598154;4.120268159430797;-0.7216573658102725;3.305365901439517;825.0
2024-04-04;0.8660254037844387;-0.4999999999999998;0.7431448254773941;0.6691306063588582;0.43388373911755823;-0.900968867902419;0.012697417408002508;0.8333333333333334;-0.003887051660609977;1;7.81616382679381e-05;0.001563232765358762;0.0032046271689854617;3.4222576456825515;0.001483679525222552;0.0012858555885262117;0.003165182987141444;1.5682712606849678;3.6506246778865807;-0.5101134867730899;4.535890408291427;1295.0
2024-04-05;0.8660254037844387;-0.4999999999999998;0.8660254037844386;0.5000000000000001;-0.433883739117558;-0.9009688679024191;0.020009379396592152;0.12890625;-0.003304522675728125;1;0.0036751769167611527;0.0022285647261211243;0.006255620283848771;3.163459910366571;0.0008884501480750247;0.0028627838104639683;0.00562685093780849;2.5767728598371553;3.752694217973948;-0.8451745072971334;4.0952983449175235;495.0
2024-04-08;0.8660254037844387;-0.4999999999999998;0.9945218953682734;-0.10452846326765333;0.0;1.0;0.013019509715760253;0.36936936936936937;-0.006502396954366201;1;0.0;0.002591283863368669;0.004122497055359246;3.046806364656982;0.0008854781582054309;0.0;0.003148366784730421;1.2688732988735245;3.4359243382595404;-0.9260138986731568;4.427654519175122;940.0
2024-04-09;0.8660254037844387;-0.4999999999999998;0.9510565162951536;-0.30901699437494734;0.7818314824680298;0.6234898018587336;0.019984295249312917;0.9155206286836935;0.008830680619493011;1;0.0007344414379590259;0.0008890606880556629;0.0051797448782373405;3.2635241151758305;0.0003971800218449012;0.0002978850163836759;0.004269685234832688;1.71942328430497;3.620927539564564;-0.9478415672827675;5.090230100137221;35.0
2024-04-10;0.8660254037844387;-0.4999999999999998;0.8660254037844387;-0.4999999999999998;0.9749279121818236;-0.22252093395631434;0.00889060688055663;1.1869565217391305;0.017500462588744;-1;0.005972434915773353;0.003675344563552833;0.01496937212863706;3.123134589152169;0.0002991623454327882;0.0013960909453530116;0.010470682090147588;3.23235782818949;4.0114801127836195;-0.917101129074445;4.878374714953196;565.0
2024-04-11;0.8660254037844387;-0.4999999999999998;0.7431448254773945;-0.6691306063588579;0.43388373911755823;-0.900968867902419;0.026531393568147012;0.010101010101010102;-0.0029203251905809283;1;0.0027745212973817896;0.004845642829230168;0.007776475185619382;3.370728906438875;0.0032461144993114303;0.0011804052724768838;0.00619712768050364;2.603822152211378;3.8663393065193548;-0.8934666685311037;4.426866913422726;330.0
2024-04-12;0.8660254037844387;-0.4999999999999998;0.5877852522924732;-0.8090169943749473;-0.433883739117558;-0.9009688679024191;0.009105119187182494;0.5064377682403434;-0.0037471584373452494;-1;0.000939334637964775;0.001487279843444227;0.0036007827788649706;3.2166168830093254;9.760858955588091e-05;0.001171303074670571;0.004001952171791117;2.277859942003514;3.809588894248807;-0.8999537889406076;4.098346124895357;45.0
2024-04-15;0.8660254037844387;-0.4999999999999998;5.66553889764798e-16;-1.0;0.0;1.0;0.016790606653620352;0.3916083916083916;-0.01182082933189672;-1;0.0017382372693872713;0.0008296132422075613;0.006794927507604788;3.3264707310177823;0.00039085401602501464;0.0008794215360562829;0.010162204416650382;2.813821240069233;3.8697449999492637;-0.7486996514998662;3.0545286009657553;215.0
2024-04-16;0.8660254037844387;-0.4999999999999998;-0.20791169081775907;-0.9781476007338057;0.7818314824680298;0.6234898018587336;0.013510844230237427;0.06140350877192982;-0.02175229655331403;-1;7.988496564946476e-05;0.0005991372423709858;0.00818820897907014;3.4579902012580805;0.0024966391396197426;0.0003840983291722681;0.010274630305358171;2.6982065310687107;3.8026539435032425;-0.7922261898446826;3.140216566157135;100.0
2024-04-17;0.8660254037844387;-0.4999999999999998;-0.4067366430758002;-0.9135454576426009;0.9749279121818236;-0.22252093395631434;0.011583320019172392;2.024137931034483;-0.008483729084164228;1;0.003709842923671955;0.0016181229773462784;0.005446365143263083;3.1736132624772617;0.00037821482602118004;0.0012291981845688352;0.006145990922844176;1.851378309359603;3.4374525822731923;-0.7366973636388616;3.19489581800618;575.0
2024-04-18;0.8660254037844387;-0.4999999999999998;-0.587785252292473;-0.8090169943749475;0.43388373911755823;-0.900968867902419;0.01495777093693267;0.575197889182058;-0.00995955461106813;-1;7.913270554720265e-05;0.00656801456041782;0.008229801376909077;3.3834311800474155;0.002482574238518094;0.00038193449823355295;0.005442566599828129;1.6187144682462524;3.3532607048239154;-0.4302843684320445;4.956510105456893;405.0
2024-04-19;0.8660254037844387;-0.4999999999999998;-0.743144825477394;-0.6691306063588585;-0.433883739117558;-0.9009688679024191;0.014481285115138087;0.21584699453551912;-0.01591674318947046;1;0.002592016588906169;0.000279140248036049;0.007177892092355545;3.271741896446425;0.0014215314632297195;0.0005686125852918878;0.0055913570887035635;1.605610035791841;3.544376396174795;-0.7737149792641558;4.097129129001533;805.0
2024-04-22;0.8660254037844387;-0.4999999999999998;-0.9945218953682733;-0.10452846326765423;0.0;1.0;0.014515292897874546;1.0686813186813187;-0.0001080051449723605;-1;0.0001571153619545151;0.002435288110294984;0.00577398955182843;3.2670677246724487;0.00047966231772831924;0.0024942440521872602;0.003837298541826554;1.560634596523891;3.590513121233281;-0.8768149683987362;4.178421661792222;520.0
2024-04-23;0.8660254037844387;-0.4999999999999998;-0.9945218953682734;0.10452846326765299;0.7818314824680298;0.6234898018587336;0.012019325189520405;0.5882352941176471;-0.0021288964303670184;-1;0.00011808699074985239;0.001180869907498524;0.006849045463491439;3.2561347436021317;0.00019318072056408772;0.0010624939631024824;0.0033806626098715348;1.4584251650023314;3.4446613105775197;-0.828089622721419;4.810410334346504;55.0
2024-04-24;0.8660254037844387;-0.4999999999999998;-0.9510565162951536;0.30901699437494723;0.9749279121818236;-0.22252093395631434;0.013186380633733516;0.764179104477612;-0.0016208729137400905;-1;0.0020465994962216624;3.9357682619647354e-05;0.004644206549118388;3.1058483377291477;0.0005841690195696621;0.0018498685619705967;0.006133774705481453;2.0676554199547073;3.7768077799531405;-0.042674387703304846;3.556530754457229;230.0
2024-04-25;0.8660254037844387;-0.4999999999999998;-0.8660254037844386;0.5000000000000001;0.43388373911755823;-0.900968867902419;0.010193639798488665;-0.0694980694980695;-0.009909553942296163;1;0.010364134535202319;0.0012706984870746137;0.011912798316324505;3.257616954234747;0.0010668218407525944;0.008631558529725535;0.011735040248278537;3.3093161596803724;4.058131984397633;-0.22029119306875264;3.7296009596125743;690.0
2024-04-26;0.8660254037844387;-0.4999999999999998;-0.743144825477394;0.6691306063588585;-0.433883739117558;-0.9009688679024191;0.017591232180439186;0.7720090293453724;-0.0025084845801977276;1;0.0014201183431952662;0.0039447731755424065;0.007258382642998028;3.030494811332181;0.00029016345874842826;9.672115291614276e-05;0.00909178837411742;2.4360611365826044;3.549314237960247;-0.8455117011610744;4.4280084085858675;720.0
2024-04-29;0.8660254037844387;-0.4999999999999998;-0.20791169081775898;0.9781476007338057;0.0;1.0;0.015779092702169626;0.87;0.007543389743115402;-1;0.0011329010078912414;0.0011329010078912414;0.003242440815688726;3.2523021628993884;0.0008806262230919766;0.0012720156555772995;0.003228962818003914;1.809325366503366;3.5302222968640264;-0.97628671268353;4.1561699229097515;355.0
2024-04-30;0.8660254037844387;-0.4999999999999998;-1.133107779529596e-15;1.0;0.7818314824680298;0.6234898018587336;0.008242831471208687;0.5687203791469194;0.009668250174579288;-1;0.0023379052369077308;0.002143079800498753;0.004987531172069825;3.417390263980264;9.743739647276625e-05;0.000389749585891065;0.008184741303712365;2.287130258694756;3.6464511499585543;-0.7412767201078814;4.457898343958553;385.0
2024-05-02;0.49999999999999994;-0.8660254037844387;0.39435585511331855;0.9189578116202306;0.43388373911755823;-0.900968867902419;0.011728491271820449;0.7043189368770764;0.00869004078436619;1;0.0006631558416227814;0.0005851375073142189;0.004993173395748;3.260429050966767;9.665571235260003e-05;0.0010632128358786005;0.005895998453508603;2.211455832189285;3.923717405059031;-0.8231357366675841;3.0908666720418028;340.0
2024-05-03;0.49999999999999994;-0.8660254037844387;0.5712682150947923;0.8207634412072763;-0.433883739117558;-0.9009688679024191;0.00901111761263897;0.4935064935064935;0.010631497162639286;1;0.0005060334760607241;0.0047100038925652005;0.017750097314130013;3.31319570195708;0.002736512900703675;0.0016614542611415168;0.014171227521501174;3.4898058606464373;3.886655035633754;-0.9347978606849753;4.069733613109089;350.0
2024-05-06;0.49999999999999994;-0.8660254037844387;0.9377521321470804;0.3473052528448203;0.0;1.0;0.019229272090307514;1.040485829959514;0.025077716949172525;-1;0.0005367480734578077;0.0004984089253536787;0.007437794732201051;3.240259322300574;0.0004926108374384236;9.852216748768474e-05;0.005714285714285714;1.5107870059649973;3.569744597249509;-0.9275791034227474;4.596349378247935;735.0
2024-05-07;0.49999999999999994;-0.8660254037844387;0.9884683243281114;0.1514277775045767;0.7818314824680298;0.6234898018587336;0.007706168768929955;0.1890547263681592;0.0182235074018889;1;0.0001542376802652888;0.0005398318809285109;0.005398318809285109;3.475088722074451;0.0010806562530700462;0.0;0.0050103153551429415;2.1842465922425283;3.7936409992134315;-0.9155623493593708;4.359838132807599;95.0
2024-05-08;0.49999999999999994;-0.8660254037844387;0.9987165071710528;-0.05064916883871264;0.9749279121818236;-0.22252093395631434;0.010603840518238606;0.21818181818181817;0.019483195008534935;-1;0.001077752117013087;0.0005003849114703618;0.006043110084680524;3.4211433605200408;0.000491497100167109;9.82994200334218e-05;0.00599626462203873;1.9379815484687912;3.99640127441108;-0.7389345168498583;4.652226444710645;870.0
2024-05-09;0.49999999999999994;-0.8660254037844387;0.9680771188662043;-0.2506525322587204;0.43388373911755823;-0.900968867902419;0.018206312548113935;0.19027484143763213;0.016871355181159634;-1;0.00019290123456790122;0.0009645061728395061;0.004243827160493827;3.372457367303232;0.003299369238233867;0.0011644832605531296;0.005046094129063561;3.8714820531426417;4.216852961847165;-0.5964226273287627;3.2229569419335524;730.0
2024-05-10;0.49999999999999994;-0.8660254037844387;0.8978045395707416;-0.4403941515576344;-0.433883739117558;-0.9009688679024191;0.009915123456790123;0.9455252918287937;0.016343047147024687;-1;0.0023919753086419754;0.0002700617283950617;0.004629629629629629;3.277203448698566;9.711566475672526e-05;0.004078857919782461;0.004758667573079538;2.5155228100778504;3.617166049182883;-0.9234389268322462;4.120711343879741;55.0
2024-05-13;0.49999999999999994;-0.8660254037844387;0.48530196253108104;-0.8743466161445821;0.0;1.0;0.011574074074074073;0.49666666666666665;0.013242619365812173;-1;0.0005028235476135221;0.0020499729248858976;0.005298986617157887;3.4045378594670654;9.699321047526673e-05;0.0;0.003588748787584869;2.040816156098656;3.613785250580424;-0.9395072543066287;4.43565831202046;755.0
2024-05-14;0.49999999999999994;-0.8660254037844387;0.29936312297335804;-0.9541392564000488;0.7818314824680298;0.6234898018587336;0.00827724916840721;0.06074766355140187;0.007577477357589611;1;0.002524958241075244;0.0015926659674474614;0.006409509381191003;3.344233081684469;0.00252133436772692;0.002424359968968192;0.0072730799069045775;3.309576834885748;3.8474014945652173;-0.595714066311796;4.252543757035337;480.0
2024-05-15;0.49999999999999994;-0.8660254037844387;0.10116832198743272;-0.994869323391895;0.9749279121818236;-0.22252093395631434;0.01130404381773686;-0.19243986254295534;0.0019945340780114828;-1;0.007174608126023552;0.004757077127037355;0.012009670123995946;3.3327614671551653;0.0009671179883945841;0.0036750483558994195;0.00851063829787234;3.2254170864198164;3.7866694231184868;-0.6065845880127477;4.285701523205431;45.0
2024-05-16;0.49999999999999994;-0.8660254037844387;-0.10116832198743204;-0.9948693233918952;0.43388373911755823;-0.900968867902419;0.013179443188021524;0.9230769230769231;0.00729522866311328;1;0.0015096384609429433;0.0007741735697143299;0.007161105519857552;3.3584738243123335;0.0;0.0027205596579867857;0.006704236300038865;2.510228082688562;3.986754206305151;-0.3932136004040788;3.804141860316241;1015.0
2024-05-17;0.49999999999999994;-0.8660254037844387;-0.2993631229733582;-0.9541392564000488;-0.433883739117558;-0.9009688679024191;0.010025547727800573;0.5019305019305019;0.007451715724931023;-1;0.00019327406262079628;0.00038654812524159255;0.004986470815616545;3.4339026357297326;0.00038895371450797355;0.0006806690003889537;0.0039867755737067285;2.322120563656012;3.918374565956556;-0.5797846312639976;4.432090054072975;220.0
2024-05-20;0.49999999999999994;-0.8660254037844387;-0.7907757369376986;-0.6121059825476627;0.0;1.0;0.007383069192114418;0.9738219895287958;0.006135207926183045;-1;0.00015461925009663702;0.0010050251256281408;0.00726710475454194;3.5578487711603706;0.0007830853563038371;0.0;0.004992169146436962;2.0781199894604567;4.134850443927248;0.0862506904331931;5.81069412363139;150.0
2024-05-21;0.49999999999999994;-0.8660254037844387;-0.8978045395707417;-0.44039415155763423;0.7818314824680298;0.6234898018587336;0.010552763819095477;0.31868131868131866;-0.00035174248563394294;-1;0.0014385692068429239;0.002255054432348367;0.003771384136858476;3.384224600329679;0.000686139972554401;0.001372279945108802;0.002450499901980004;1.9810043156544894;3.4791212683550348;-0.0447124462412364;7.15654560343492;265.0
2024-05-22;0.49999999999999994;-0.8660254037844387;-0.9680771188662041;-0.2506525322587213;0.9749279121818236;-0.22252093395631434;0.00843701399688958;0.12442396313364056;-0.005332737569087607;-1;0.0003125;0.000390625;0.005234375;3.5206321852931963;0.00029182879377431906;0.0007782101167315176;0.002723735408560311;2.2332938032487384;4.2613209308366;-0.7496829492916586;5.564755361438784;255.0
2024-05-23;0.49999999999999994;-0.8660254037844387;-0.9987165071710528;-0.05064916883871355;0.43388373911755823;-0.900968867902419;0.0190625;0.22540983606557377;-0.019369683636921917;-1;0.0023781212841854932;0.000753071739992073;0.0035671819262782403;3.271467264496327;0.0;0.001554605518849592;0.0032063738826272835;1.7002062903408064;3.8903177446361124;-0.8938441258667318;6.806483012994552;490.0
2024-05-24;0.49999999999999994;-0.8660254037844387;-0.9884683243281114;0.15142777750457667;-0.433883739117558;-0.9009688679024191;0.011732065001981767;0.4594594594594595;-0.02296593794103582;-1;0.0021488261042578592;0.0015917230401910067;0.004417031436530044;3.1657497109907973;0.0003891050583657588;0.0017509727626459145;0.002821011673151751;1.666781257576842;3.8126630373142794;-0.6595315009237167;5.0167081892437935;155.0
2024-05-27;0.49999999999999994;-0.8660254037844387;-0.72479278722912;0.6889669190756865;0.0;1.0;0.011221647433346598;0.2127659574468085;-0.028976656072883154;1;0.0006009133883502925;0.0014021312394840158;0.0028042624789680315;3.265513978972277;0.001937984496124031;0.00048449612403100775;0.002616279069767442;1.1941063355877684;3.7991320110615665;-0.6889092208713175;5.32531249238142;160.0
2024-05-28;0.49999999999999994;-0.8660254037844387;-0.5712682150947924;0.8207634412072763;0.7818314824680298;0.6234898018587336;0.00428651550356542;1.6168224299065421;-0.02312973918191059;1;0.001076426264800861;0.0009568233464896543;0.00709643981979827;3.459773631873047;0.0005806638923836253;0.0014516597309590631;0.006290525500822607;2.333877043667074;4.118359086431913;-0.8626738086175059;4.986197399423381;850.0
2024-05-29;0.49999999999999994;-0.8660254037844387;-0.3943558551133187;0.9189578116202306;0.9749279121818236;-0.22252093395631434;0.018817525814296535;-0.05084745762711865;-0.034555680627710486;-1;0.0011720012932428063;0.0008891044293566117;0.0036776592305205304;3.358850541200481;0.00038636144112817543;0.00125567468366657;0.003187481889307447;2.038164235524968;3.83278079717825;-0.3970362347108393;4.893182491892346;285.0
2024-05-31;0.49999999999999994;-0.8660254037844387;-2.4492935982947064e-16;1.0;-0.433883739117558;-0.9009688679024191;0.008082767539605561;0.485;-0.03593835789078788;-1;0.0008917713822456424;0.0008917713822456424;0.0037292257802999593;3.4309113683178656;0.000671527244819647;0.0007674597083653108;0.005564082885648503;2.9709842348476743;4.029429907829409;-0.8471600665852439;3.183630942649144;325.0
2024-06-03;1.2246467991473532e-16;-1.0;0.5877852522924731;0.8090169943749475;0.0;1.0;0.0100932306445075;0.5180722891566265;-0.037680909683698104;-1;0.0004883607357968419;0.002767377502848771;0.0051277877258668406;3.2127833282799525;0.0024679639297579496;0.00037968675842429994;0.005220692928334125;2.9019143261666316;3.704700233850541;-0.9654635488814096;3.166645285626401;720.0
2024-06-04;1.2246467991473532e-16;-1.0;0.7431448254773941;0.6691306063588582;0.7818314824680298;0.6234898018587336;0.009685821259970698;-0.008403361344537815;-0.043549835084638215;1;0.0018485047650345055;0.0011912586263555702;0.005011501807426881;3.21343962415034;0.002844680447563057;0.0011378721790252229;0.00417219798975915;2.7458231855706257;3.826599914831355;-0.7843012309855837;3.485776205837327;435.0
2024-06-05;1.2246467991473532e-16;-1.0;0.8660254037844386;0.5000000000000001;0.9749279121818236;-0.22252093395631434;0.009365757476174828;1.0394736842105263;-0.03606528952325407;-1;0.000367932627447774;0.000858509464044806;0.00412902170802502;3.350159248768907;0.0012300123001230013;0.0019869429463525404;0.0035954205695903113;1.945804863536608;3.769476428855366;-0.6725749966866625;3.566518373409452;20.0
2024-06-06;1.2246467991473532e-16;-1.0;0.9510565162951535;0.30901699437494745;0.43388373911755823;-0.900968867902419;0.007930992191652017;0.29896907216494845;-0.03748052420534803;1;0.001684470008216927;0.0025883319638455218;0.004354971240755957;3.2296889862753093;0.0029217719132893496;0.000471253534401508;0.00527803958529689;2.136249971633583;3.7923128117840377;-0.4803422815545117;3.543537513220364;800.0
2024-06-07;1.2246467991473532e-16;-1.0;0.9945218953682733;0.10452846326765346;-0.433883739117558;-0.9009688679024191;0.017091207888249794;0.7524038461538461;-0.024539244543528797;-1;0.0038633590890605938;0.0017893452623017486;0.014558763725091501;3.167726723919591;0.0008546196942360649;0.002658816826512202;0.010730225049852816;2.5306577151837826;3.759263314113325;-0.9438538075691447;4.030967466362925;130.0
2024-06-10;1.2246467991473532e-16;-1.0;0.8660254037844387;-0.4999999999999998;0.0;1.0;0.0247254981699878;0.10197368421052631;-0.03898177214484347;1;0.003231285471643399;4.142673681594101e-05;0.005841169891047682;3.3370521705964675;0.0007468259895444362;0.005694548170276326;0.009522031366691561;2.328907275911012;3.732939233683869;-0.9225563538455727;2.980056369219746;70.0
2024-06-11;1.2246467991473532e-16;-1.0;0.7431448254773945;-0.6691306063588579;0.7818314824680298;0.6234898018587336;0.008161067152740379;-0.015228426395939087;-0.037607195982708876;1;0.000954356846473029;0.0015352697095435686;0.0083402489626556;3.3341102029118166;0.002607561929595828;0.0007450176941702365;0.004842615012106538;2.066840283724219;3.4332065492245447;-0.8785470073333821;4.6053751313861335;75.0
2024-06-12;1.2246467991473532e-16;-1.0;0.5877852522924732;-0.8090169943749473;0.9749279121818236;-0.22252093395631434;0.012987551867219917;2.0351437699680512;-0.01064458307881798;1;0.0029959514170040486;0.007692307692307693;0.017651821862348177;2.907201798979699;0.003067484662576687;0.0015802193716304145;0.009388362149098346;2.882039681569243;3.531404261359156;-0.12055994164057686;3.6432050894142103;2340.0
2024-06-13;1.2246467991473532e-16;-1.0;0.40673664307580004;-0.913545457642601;0.43388373911755823;-0.900968867902419;0.02757085020242915;0.14831130690161526;-0.02084413314205114;-1;0.0035295083312812934;0.0032832635639825987;0.007838791759008455;3.1029044915585122;0.0026849365799463012;0.0014813443199703732;0.006017961299879641;2.222084094145198;3.2675196859136353;0.06161051739034191;4.137086492378874;195.0
2024-06-14;1.2246467991473532e-16;-1.0;0.20791169081775931;-0.9781476007338057;-0.433883739117558;-0.9009688679024191;0.010137076253796274;0.22267206477732793;-0.02203248738740373;-1;0.0028854080791426216;0.0030915086562242375;0.006059356966199505;3.0973157803897635;0.0009285051067780873;0.0028783658310120707;0.007056638811513464;2.015468746211079;3.4394571863471013;-0.30476306709295375;3.715204685380987;530.0
2024-06-17;1.2246467991473532e-16;-1.0;-0.4067366430758002;-0.9135454576426009;0.0;1.0;0.012613355317394888;0.5947712418300654;-0.017453344196606373;-1;0.003374485596707819;0.0007818930041152264;0.008436213991769548;3.0328723954589045;0.0009293680297397769;0.0003717472118959108;0.007620817843866171;1.568100837194771;3.226858669794159;-0.021903877062339448;4.2253280880546;170.0
2024-06-18;1.2246467991473532e-16;-1.0;-0.587785252292473;-0.8090169943749475;0.7818314824680298;0.6234898018587336;0.012469135802469136;0.10231023102310231;-0.021841218580554073;1;0.0010369141435089175;0.0022812111157196184;0.00476980506014102;3.1855304919519383;0.001746163036485617;0.0019299696719051558;0.006157522286554544;2.3448337032192828;3.8085535228486775;-0.7452575488482029;3.738472772491975;1050.0
2024-06-19;1.2246467991473532e-16;-1.0;-0.743144825477394;-0.6691306063588585;0.9749279121818236;-0.22252093395631434;0.013023641642472003;0.7802547770700637;-0.011308917139143013;-1;0.0008641975308641976;0.0006172839506172839;0.003909465020576132;3.1180332322180466;0.00036774846005332355;0.0014709938402132942;0.005608164015813184;1.576471267635418;3.595558701651966;-0.3695291075055081;4.2655364482177385;505.0
2024-06-20;1.2246467991473532e-16;-1.0;-0.8660254037844385;-0.5000000000000004;0.43388373911755823;-0.900968867902419;0.01728395061728395;1.2476190476190476;0.0053255258243147365;-1;0.001014034233795733;0.00012168410805548795;0.004340066520645737;3.2258434732709937;0.000371540033438603;0.0;0.006316180568456251;3.161816839546539;4.0292723859783575;-0.299602261926639;3.2753318574749337;350.0
2024-06-21;1.2246467991473532e-16;-1.0;-0.9510565162951535;-0.30901699437494756;-0.433883739117558;-0.9009688679024191;0.013182445039344529;0.20307692307692307;-0.0027565084226646246;-1;0.0017199017199017199;0.0005323505323505324;0.0038902538902538903;3.2932711149443534;0.0013761467889908258;0.0011926605504587156;0.003669724770642202;2.1116994670680747;3.6946588453226306;-0.7400455110794023;4.081507130720593;1060.0
2024-06-24;1.2246467991473532e-16;-1.0;-0.9510565162951536;0.30901699437494723;0.0;1.0;0.012694512694512694;0.896774193548387;0.006257945055978156;1;0.0005686895767324722;0.0021935169388252497;0.003980827037127305;3.0876691540671795;0.0012884226026136573;0.00018406037180195104;0.004601509295048776;1.6985848605152254;3.5191891852135155;-0.592027367343215;4.269399092117473;1125.0
2024-06-25;1.2246467991473532e-16;-1.0;-0.8660254037844386;0.5000000000000001;0.7818314824680298;0.6234898018587336;0.013567308473474694;0.7275449101796407;0.014053762385951143;-1;0.0017736929092594831;0.0007256016446970613;0.0029830289837545856;3.218421974966882;0.0;0.001293063637203288;0.0029555740278932297;1.9573496039156464;3.5258761257306275;-0.922781655769502;3.8546552165746486;25.0
2024-06-26;1.2246467991473532e-16;-1.0;-0.743144825477394;0.6691306063588585;0.9749279121818236;-0.22252093395631434;0.007175394042004273;0.7078651685393258;0.015369579396544144;-1;0.0006041079339508659;0.00036246476037051954;0.008135320177204993;3.3672895889485956;0.0004572473708276177;0.0013717421124828531;0.00978509373571102;3.2335582440140667;3.7873734248313973;-0.6084615900669657;3.082740813514447;135.0
2024-06-27;1.2246467991473532e-16;-1.0;-0.5877852522924734;0.8090169943749473;0.43388373911755823;-0.900968867902419;0.0121627064035441;0.7880794701986755;0.014383724068001733;1;0.0032648125755743653;0.0;0.008706166868198308;3.354005083157392;0.00027159152634437803;0.0037117508600398334;0.007332971211298208;2.218807689667791;3.388134677618858;-0.2550774112188004;4.111764600699153;525.0
2024-06-28;1.2246467991473532e-16;-1.0;-0.40673664307580015;0.913545457642601;-0.433883739117558;-0.9009688679024191;0.015719467956469165;0.9153846153846154;0.027908363523487054;-1;0.0022648706639647157;0.0021854015178606905;0.0049668216315015695;3.21281487405038;0.0;0.0012706480304955528;0.009802141949537121;2.2160021959943506;3.4390149879726146;0.2520670922167105;3.7469275020513213;885.0
2024-07-01;-0.4999999999999997;-0.8660254037844388;0.20129852008866006;0.9795299412524945;0.0;1.0;0.011284618746771566;0.6338028169014085;0.02492961769146028;-1;0.00410031847133758;0.0016321656050955415;0.0064490445859872614;3.307751319616569;0.002142857142857143;0.002232142857142857;0.006339285714285714;2.339776252487986;3.4834739361825746;0.1354605996016401;3.612979883968553;650.0
2024-07-02;-0.4999999999999997;-0.8660254037844388;0.39435585511331855;0.9189578116202306;0.7818314824680298;0.6234898018587336;0.01321656050955414;0.3885542168674699;0.024109759798599896;1;0.0012330946698488464;0.0012330946698488464;0.0059665871121718375;3.5273638490693884;0.0002643404705260375;0.0037007665873645254;0.005286809410520751;1.9388625456289268;3.6688441023563567;0.2242320271228734;4.087574819306487;670.0
2024-07-03;-0.4999999999999997;-0.8660254037844388;0.5712682150947923;0.8207634412072763;0.9749279121818236;-0.22252093395631434;0.011177406523468577;0.8398576512455516;0.03059875978448714;1;0.0008680213059775103;0.0005523771947129611;0.0036693627934503846;3.41069027853917;0.0008802042073761113;0.00017604084147522224;0.00862600123228589;1.8115778107117573;3.6779032452509575;0.2797141630655353;3.262942411400654;455.0
2024-07-04;-0.4999999999999997;-0.8660254037844388;0.72479278722912;0.6889669190756866;0.43388373911755823;-0.900968867902419;0.010613533241270467;1.0;0.038398432667365694;1;0.0014453125;0.0021875;0.0040625;3.1964574247257;0.0005425935973955507;0.00045216133116295895;0.008862362090793996;1.9095113562321406;3.452765141973754;-0.9270021655831286;3.1609478865522957;445.0
2024-07-05;-0.4999999999999997;-0.8660254037844388;0.8486442574947509;0.5289640103269624;-0.433883739117558;-0.9009688679024191;0.006796875;0.26436781609195403;0.03325485401023943;-1;0.004976489028213166;0.0027037617554858933;0.00811128526645768;3.268297583979273;0.0010938924339106654;0.0010027347310847766;0.0075660893345487696;2.39639717494614;3.4538216297470967;-0.7817422402172783;3.656162116661246;460.0
2024-07-08;-0.4999999999999997;-0.8660254037844388;0.9987165071710528;-0.05064916883871264;0.0;1.0;0.011559561128526645;0.5694915254237288;0.030270244083616605;-1;0.0007836990595611285;0.0011755485893416929;0.003761755485893417;3.369375491809142;0.0014625228519195613;9.140767824497258e-05;0.004844606946983547;1.5226158707976378;3.4177364887959203;-0.3940526111194836;4.145117577760132;155.0
2024-07-09;-0.4999999999999997;-0.8660254037844388;0.9680771188662043;-0.2506525322587204;0.7818314824680298;0.6234898018587336;0.008268025078369906;0.8388625592417062;0.028140489046186802;-1;0.00039161934599569217;0.001958096729978461;0.0045036224789504605;3.2897837328736697;0.000911244760342628;0.0010934937124111536;0.00519409513395298;1.6765672785528822;3.4168193029206977;-0.4428683962684935;4.299181969659144;370.0
2024-07-10;-0.4999999999999997;-0.8660254037844388;0.8978045395707416;-0.4403941515576344;0.9749279121818236;-0.22252093395631434;0.011670256510671627;1.016778523489933;0.03297281344049213;1;0.002021379980563654;0.0015937803692905733;0.004859086491739553;3.2722519725717456;0.001937626868425909;0.0009226794611551947;0.008396383096512272;3.0354406033789507;3.822808278113385;-0.8960980835522688;3.1747561776451505;525.0
2024-07-11;-0.4999999999999997;-0.8660254037844388;0.7907757369376989;-0.6121059825476626;0.43388373911755823;-0.900968867902419;0.007657920310981535;0.34517766497461927;0.028469130907539903;1;0.0031542056074766356;0.0005841121495327102;0.0068146417445482865;3.3381606723131076;0.0027672723918457705;0.006272484088183747;0.009685453371460198;3.0128539268348957;3.445974241297678;-0.8631132299778368;3.525786810842985;405.0
2024-07-12;-0.4999999999999997;-0.8660254037844388;0.6513724827222223;-0.758758122692791;-0.433883739117558;-0.9009688679024191;0.00926791277258567;0.9201680672268907;0.03329753811392461;1;0.001970329160871581;0.0008885798176479679;0.003052078504095194;3.2772838527326136;0.0003678499172337686;0.0018392495861688431;0.0037704616516461282;2.1708913205658145;3.331439508190428;0.6183220212243835;3.9873229977052667;165.0
2024-07-15;-0.4999999999999997;-0.8660254037844388;0.10116832198743272;-0.994869323391895;0.0;1.0;0.008383557409983;0.815668202764977;0.034014254994519606;1;0.0010388611004232397;0.0013081954597922278;0.003232012312427857;3.1679137394683363;0.001555352241537054;0.002836230558096981;0.007044830741079597;1.9962206722843132;3.361686463139295;0.49023984390988173;3.2375823100845365;65.0
2024-07-16;-0.4999999999999997;-0.8660254037844388;-0.10116832198743204;-0.9948693233918952;0.7818314824680298;0.6234898018587336;0.006310119276644864;0.5487804878048781;0.0320350987052002;-1;0.002803379416282642;0.0004992319508448541;0.0033410138248847927;3.34822218133691;0.0007344165978151107;0.002662260167079776;0.003672082989075553;2.396056591830239;3.3144756916318387;-0.07415411845936384;3.383413147975447;65.0
2024-07-17;-0.4999999999999997;-0.8660254037844388;-0.2993631229733582;-0.9541392564000488;0.9749279121818236;-0.22252093395631434;0.00641321044546851;0.2994011976047904;0.026671906131951587;1;0.00065394676104016;0.0014617633482074165;0.00261578704416064;3.4566216575456736;0.00027522935779816516;0.0012844036697247706;0.003944954128440367;1.8922527883632454;3.4447417973586463;-0.1357648252967478;3.529496445974507;190.0
2024-07-18;-0.4999999999999997;-0.8660254037844388;-0.4853019625310808;-0.8743466161445822;0.43388373911755823;-0.900968867902419;0.007116479458378212;0.6;0.025543090922693464;-1;0.001842964100595124;0.0002303705125743905;0.004069879055480899;3.38259144044342;0.0005461993627674101;0.0006372325898953118;0.010650887573964497;2.700188993911805;3.711208278118766;0.06000826286897561;2.3379915309404264;355.0
2024-07-19;-0.4999999999999997;-0.8660254037844388;-0.651372482722222;-0.7587581226927911;-0.433883739117558;-0.9009688679024191;0.01601075062392014;0.31654676258992803;0.013354065313590834;-1;0.0024411035337879726;0.0012011779293242405;0.006393366398016119;3.260925811605781;0.0009012256669069935;0.003334534967555876;0.005677721701514059;1.5725947139923737;3.4679343888263676;-0.8756752851701117;3.193512465854206;315.0
2024-07-22;-0.4999999999999997;-0.8660254037844388;-0.9680771188662041;-0.2506525322587213;0.0;1.0;0.011275573465592064;0.3436426116838488;0.006466784244562022;-1;0.0015186915887850467;0.0017523364485981308;0.0035825545171339563;3.0872522949712082;0.003125;0.00035714285714285714;0.007232142857142857;2.5332823032586154;3.3054248714172525;-0.9377386334810209;2.698020914869817;65.0
2024-07-23;-0.4999999999999997;-0.8660254037844388;-0.9987165071710528;-0.05064916883871355;0.7818314824680298;0.6234898018587336;0.006347352024922119;0.4049079754601227;0.005221140434788563;-1;0.0003113688553302456;0.000505974389911649;0.002413108628809403;3.5166843293372363;0.003220323821450935;0.0013418015922712228;0.005546113248054388;2.4519580552647757;3.580038812607271;-0.784233661517544;2.4315323818512904;480.0
2024-07-24;-0.4999999999999997;-0.8660254037844388;-0.9884683243281114;0.15142777750457667;0.9749279121818236;-0.22252093395631434;0.014050519596777332;0.16897506925207756;-0.007286775352760826;1;0.0005905279319711823;0.0011810558639423646;0.0024408487854808867;3.5338248603684432;0.001962533452274755;0.0005352363960749331;0.007404103479036575;2.2315194103500637;3.3787624841021797;-0.5958890045885814;2.2957650103806633;45.0
2024-07-25;-0.4999999999999997;-0.8660254037844388;-0.9377521321470804;0.3473052528448203;0.43388373911755823;-0.900968867902419;0.004960434628557931;-0.15873015873015872;-0.010415446716479673;-1;0.00027614501558246874;0.002327507988480808;0.0034320880508106827;3.396672816278815;0.001493586364435073;0.0009664382358109295;0.010630820593920225;2.8852536983110957;3.5429131377634837;-0.6327432010084729;2.4346439493705136;195.0
2024-07-26;-0.4999999999999997;-0.8660254037844388;-0.8486442574947509;0.5289640103269624;-0.433883739117558;-0.9009688679024191;0.0054440017357686695;1.326086956521739;-0.007914825858220023;-1;0.0;0.0013768686073957514;0.0032651455546813535;3.4540547565594886;0.0044480028467218215;0.00017792011386887289;0.006316164042344987;2.3780317323171736;3.5889683130403847;-0.22210055003115384;2.149244990406676;30.0
2024-07-29;-0.4999999999999997;-0.8660254037844388;-0.3943558551133187;0.9189578116202306;0.0;1.0;0.013965381589299764;0.8535211267605634;-0.001153879138956675;-1;0.0016001248877961208;0.0013269328337821489;0.0032392772118799516;3.497834283552297;8.823788934968675e-05;0.0024706609017912293;0.005647224918379952;1.8027559120072378;3.564337128963143;0.6452394635340439;2.7162026624521305;585.0
2024-07-30;-0.4999999999999997;-0.8660254037844388;-0.20129852008866114;0.9795299412524943;0.7818314824680298;0.6234898018587336;0.009366584709050463;0.3333333333333333;-0.006518940375165311;-1;0.0011370765370138018;0.00027446675031367627;0.005489335006273526;3.714832892909732;0.00017803097739006588;0.0007121239095602635;0.008100409471247997;1.6619432438887574;3.4603029436981996;0.21876681547079496;3.0884531662390198;145.0
2024-07-31;-0.4999999999999997;-0.8660254037844388;-2.4492935982947064e-16;1.0;0.9749279121818236;-0.22252093395631434;0.00972396486825596;0.7862903225806451;-0.007620060251639199;-1;0.0018838304552590266;0.0018445839874411303;0.004591836734693878;3.472937939296377;8.885729518393461e-05;0.0009774302470232806;0.012617735916118714;2.6580588594968813;3.4883700305563843;0.24697870487985585;2.1440730066354963;320.0
2024-08-01;-0.8660254037844385;-0.5000000000000004;0.20129852008866006;0.9795299412524945;0.43388373911755823;-0.900968867902419;0.009733124018838305;0.7459677419354839;-0.0032981967002457097;1;0.0006250976715111736;0.0020706360368807626;0.007188623222378497;3.4699335834225304;0.003953958351638696;0.001669449081803005;0.005887004656884281;2.7268925669541235;3.3093261268301153;0.5399277069672815;2.246853252349812;480.0
2024-08-02;-0.8660254037844385;-0.5000000000000004;0.39435585511331855;0.9189578116202306;-0.433883739117558;-0.9009688679024191;0.014142834817940304;-0.11049723756906077;-0.008544745536348751;1;0.0018065428268467974;0.001688724816400267;0.006676353925303381;3.41447590098002;0.00579785392869505;0.002336448598130841;0.009086188992731049;3.1092979185119476;3.3323641731459954;0.19685376997714227;2.5624804405351918;505.0
2024-08-05;-0.8660254037844385;-0.5000000000000004;0.8486442574947509;0.5289640103269624;0.0;1.0;0.01837960962965872;-0.9829059829059829;-0.03562553072146958;-1;0.0023426771144680505;0.002100331206074804;0.007674287099119477;3.0348459348476524;0.0005102040816326531;0.0005952380952380953;0.015646258503401362;2.928446822301932;2.8075721282935735;-0.6298614743276674;2.8298675857258764;910.0
2024-08-06;-0.8660254037844385;-0.5000000000000004;0.9377521321470804;0.3473052528448203;0.7818314824680298;0.6234898018587336;0.02791017044995557;0.8451519536903039;-0.017416401467834127;-1;3.966679888932963e-05;0.001388337961126537;0.005632685442284808;3.3149522031723597;0.00017456576765296326;0.002094789211835559;0.009513834337086498;2.5143503946770815;3.397758262075341;-0.32953770790553893;2.224234244476251;295.0
2024-08-07;-0.8660254037844385;-0.5000000000000004;0.9884683243281114;0.1514277775045767;0.9749279121818236;-0.22252093395631434;0.01503371677905593;0.820580474934037;-0.009924164404082015;1;0.002206461780929866;0.0015366430260047282;0.007368006304176517;3.380593841421118;0.002840909090909091;0.0016867897727272727;0.005770596590909091;2.0469793322026097;3.2524229879232545;-0.7588395842714738;2.568396607408205;195.0
2024-08-08;-0.8660254037844385;-0.5000000000000004;0.9987165071710528;-0.05064916883871264;0.43388373911755823;-0.900968867902419;0.00929866036249015;0.5889830508474576;-0.005837000967631177;1;0.002708006279434851;3.924646781789639e-05;0.0043563579277864995;3.4476330646243594;0.001151257527453064;0.0012398157987956076;0.0054906128232376904;2.0216932716147986;3.188982519461055;-0.7373487354401811;2.7719801168244467;765.0
2024-08-09;-0.8660254037844385;-0.5000000000000004;0.9680771188662043;-0.2506525322587204;-0.433883739117558;-0.9009688679024191;0.01467817896389325;0.7700534759358288;0.00548260589624022;1;0.0007373772654946249;0.0015523731905149997;0.007645437963286374;3.5421586062225088;0.0035147801009372745;0.001802451333813987;0.009012256669069935;2.166389771733195;3.2953741824256393;-0.8535194621163124;2.650192562002645;205.0
2024-08-12;-0.8660254037844385;-0.5000000000000004;0.6513724827222223;-0.758758122692791;0.0;1.0;0.01963752086001475;0.9347826086956522;0.022036192564101564;1;0.0005725190839694657;0.0007251908396946565;0.006450381679389313;3.497601098830895;9.058791557206268e-05;0.0012682308180088776;0.004982335356463447;1.881406610984176;3.288651952713764;-0.9128292162165251;3.0882671070315;315.0
2024-08-13;-0.8660254037844385;-0.5000000000000004;0.48530196253108104;-0.8743466161445821;0.7818314824680298;0.6234898018587336;0.006984732824427481;0.6721311475409836;0.02573701450631727;1;0.0029273114355231142;0.00030413625304136254;0.006234793187347932;3.5217436709046943;0.0019146608315098468;0.001276440554339898;0.005652808169219548;2.2398344269023736;3.6045896435420937;-0.8157987570833516;2.9285985995168637;255.0
2024-08-14;-0.8660254037844385;-0.5000000000000004;0.29936312297335804;-0.9541392564000488;0.9749279121818236;-0.22252093395631434;0.00851581508515815;2.8482142857142856;0.049377304790457655;1;0.0015222395485260266;0.0014108561669265612;0.0038984183559812877;3.121302796832358;0.0023822613157412497;0.0034817665383910573;0.006138904159794759;2.3267210016044926;3.320802979454858;-0.8546337259884511;2.2947319772493393;175.0
2024-08-15;-0.8660254037844385;-0.5000000000000004;0.10116832198743272;-0.994869323391895;0.43388373911755823;-0.900968867902419;0.011361104923145467;0.6078431372549019;0.05311868097682377;1;0.000480023631932649;0.00040617384240454913;0.003987888634517392;3.472904578818595;0.003376836725381035;0.0024641781509537283;0.006206078306105686;2.24080235548796;3.6568911902384076;-0.5081631910376123;3.2150405699072113;280.0
2024-08-16;-0.8660254037844385;-0.5000000000000004;-0.10116832198743204;-0.9948693233918952;-0.433883739117558;-0.9009688679024191;0.010449745218226128;0.5971731448763251;0.05631549863791917;1;0.0005506607929515419;0.0005873715124816446;0.006828193832599119;3.481224271314815;0.0012759752096244987;0.0008202697776157491;0.008567262121764492;2.2102918803060114;3.6146248440204483;0.4353321514202922;2.7792854806266836;105.0
2024-08-19;-0.8660254037844385;-0.5000000000000004;-0.651372482722222;-0.7587581226927911;0.0;1.0;0.007488986784140969;0.31862745098039214;0.05412279481113843;1;0.0009900627039712514;0.00022001393421583368;0.003300209013237505;3.4001016887886126;0.0002737226277372263;0.0011861313868613138;0.004288321167883212;1.8499760918744579;3.44366265002227;-0.2381491712299938;2.9921871859362357;655.0
2024-08-20;-0.8660254037844385;-0.5000000000000004;-0.7907757369376986;-0.6121059825476627;0.7818314824680298;0.6234898018587336;0.015180961460892524;0.8333333333333334;0.06334222982210874;1;0.00010865628395508874;0.003223469757334299;0.004418688880840275;3.495065046801967;0.003396988615497613;0.0010099155343371283;0.005233198677928755;2.695195377522987;3.609071524491486;-0.9143044708569986;2.723605157357413;495.0
2024-08-21;-0.8660254037844385;-0.5000000000000004;-0.8978045395707417;-0.44039415155763423;0.9749279121818236;-0.22252093395631434;0.008149221296631655;1.0533333333333332;0.06278229795326795;1;0.0012987950068547515;0.0002886211126343892;0.002056425427520023;3.3535658784995337;0.0020991147211828053;0.0026467098658391895;0.0049283563019074566;1.9804370472129469;3.2236873852609493;-0.11332351289054886;2.282305774850471;175.0
2024-08-22;-0.8660254037844385;-0.5000000000000004;-0.9680771188662041;-0.2506525322587213;0.43388373911755823;-0.900968867902419;0.005952810448084277;0.5636363636363636;0.059123078919843336;-1;3.604253018561903e-05;0.0003604253018561903;0.0043971886826455215;3.5045351583831765;0.000273224043715847;0.000819672131147541;0.012021857923497269;2.5960469506639923;3.555739454726953;0.29135232361569885;2.6361732717729085;455.0
2024-08-23;-0.8660254037844385;-0.5000000000000004;-0.9987165071710528;-0.05064916883871355;-0.433883739117558;-0.9009688679024191;0.014344927013876374;0.5125628140703518;0.047457201838524615;-1;0.0010888501742160278;0.0013066202090592336;0.003157665505226481;3.478943630309704;0.0;0.001520844516013598;0.0046519949901592415;1.8775956846371924;3.2181265125551715;-0.944967495060116;3.4098496762811044;175.0
2024-08-26;-0.8660254037844385;-0.5000000000000004;-0.8486442574947509;0.5289640103269624;0.0;1.0;0.008456736353077816;0.5536480686695279;0.045232945312115275;1;0.0006523393614322473;0.0014134019497698692;0.004421411227485232;3.370474548418454;0.0014554716637860457;0.0029109433275720915;0.005458018739197671;1.9016435930134192;3.1208910278059214;-0.8162111334013792;2.6942206270694027;255.0
2024-08-27;-0.8660254037844385;-0.5000000000000004;-0.72479278722912;0.6889669190756865;0.7818314824680298;0.6234898018587336;0.008552893849889465;0.8305084745762712;0.046812315039580825;1;0.0008288288288288288;0.0007207207207207207;0.002990990990990991;3.2544927617700288;0.0036469730123997084;0.0009117432530999271;0.006291028446389497;2.0809074577055577;3.113346358552853;-0.732364458855922;3.006817942470184;285.0
2024-08-28;-0.8660254037844385;-0.5000000000000004;-0.5712682150947924;0.8207634412072763;0.9749279121818236;-0.22252093395631434;0.004396396396396396;-0.32786885245901637;0.038525963149078725;-1;0.0008679299869810502;0.00014465499783017504;0.003182409952263851;3.321537974645751;0.000997551464586923;9.068649678062936e-05;0.006257368277863426;1.8771038934634732;3.1025556420554437;0.036159079127759126;2.7730087855881127;125.0
2024-08-29;-0.8660254037844385;-0.5000000000000004;-0.3943558551133187;0.9189578116202306;0.43388373911755823;-0.900968867902419;0.012729639809055403;1.0198863636363635;0.042121719876724216;-1;0.0007895775759968417;0.0002512292287262678;0.004270896888346553;3.4404142140832787;0.00035974458134724346;0.00044968072668405434;0.008633869952333843;2.0335635136061443;3.1243083239126554;0.0706283332903757;2.50446024030229;460.0
2024-08-30;-0.8660254037844385;-0.5000000000000004;-0.20129852008866114;0.9795299412524943;-0.433883739117558;-0.9009688679024191;0.014535405376305495;0.19753086419753085;0.02703991891005575;-1;0.0012699564586357039;0.0006531204644412192;0.008127721335268505;3.4912428208699873;0.0027698355968548962;0.001072194424588992;0.01724446032880629;3.0413626080247367;3.3702479630971527;-0.6612921926356012;2.6260776540179975;35.0
2024-09-02;-1.0;-1.8369701987210297e-16;0.40673664307580015;0.9135454576426009;0.0;1.0;0.01806966618287373;0.30120481927710846;0.018670051100497645;-1;0.0017122040072859745;0.0006557377049180328;0.003533697632058288;3.2075500464006366;0.003544528134692069;0.0015950376606114311;0.0057598582188746125;2.2860833036826835;3.0265044562349135;-0.8713628672714023;2.568662163417515;770.0
2024-09-03;-1.0;-1.8369701987210297e-16;0.5877852522924731;0.8090169943749475;0.7818314824680298;0.6234898018587336;0.009908925318761384;-0.3161764705882353;0.003362534452576064;1;0.0013633516341795939;0.0007000994878219537;0.00703784221968385;3.521324609740433;0.0001768033946251768;0.0014144271570014145;0.010961810466760962;2.3366253601162033;3.193727297416573;0.04234856301944998;3.1908224723997867;305.0
2024-09-04;-1.0;-1.8369701987210297e-16;0.7431448254773941;0.6691306063588582;0.9749279121818236;-0.22252093395631434;0.0072957736099340436;0.2828282828282828;0.001033227186583149;1;0.0012143067412422725;0.0009199293494259641;0.006844274359729173;3.3575299930070672;0.0027377903382495806;0.0027377903382495806;0.007506844475845624;2.217230275984857;2.873665293547898;-0.41322412825128996;2.9961164601717205;1115.0
2024-09-05;-1.0;-1.8369701987210297e-16;0.8660254037844386;0.5000000000000001;0.43388373911755823;-0.900968867902419;0.019907271121577863;0.7744916820702403;0.011730124567207394;-1;0.0035545883206383752;0.001922379397896264;0.007762060210373595;3.3797377770506367;0.0019455252918287938;0.0022108241952599928;0.008135833038556774;2.3244358827409926;3.0969360589877217;-0.02487663045864803;3.3094076428143477;225.0
2024-09-06;-1.0;-1.8369701987210297e-16;0.9510565162951535;0.30901699437494745;-0.433883739117558;-0.9009688679024191;0.007762060210373595;0.4953271028037383;0.007995201416167424;1;0.0046806966618287375;0.0017416545718432512;0.008853410740203193;3.1889273460299643;0.0012516763522574877;0.0033080017881090746;0.010102816271792579;2.6595186390502423;2.9449865267337967;-0.4867650513322218;3.324434989477537;720.0
2024-09-09;-1.0;-1.8369701987210297e-16;0.9510565162951536;-0.30901699437494734;0.0;1.0;0.022714078374455732;0.2715654952076677;-0.003309523505283737;-1;0.002197802197802198;0.0014652014652014652;0.006813186813186814;3.1903178216796455;0.0015178571428571428;0.0007142857142857143;0.010357142857142856;2.201051605113731;3.0790497475374554;-0.06643964211872345;2.9717410486964826;360.0
2024-09-10;-1.0;-1.8369701987210297e-16;0.8660254037844387;-0.4999999999999998;0.7818314824680298;0.6234898018587336;0.00695970695970696;-0.11578947368421053;-0.010457482986998312;-1;0.002983645204066598;0.00033151613378517756;0.005377928392515103;3.363188148356593;0.0007157555694730249;0.0013420416927619218;0.006710208463809609;2.6498654516507405;3.0613682815444063;-0.6535444730446167;2.992247859848608;185.0
2024-09-11;-1.0;-1.8369701987210297e-16;0.7431448254773945;-0.6691306063588579;0.9749279121818236;-0.22252093395631434;0.008177397966701047;0.7792792792792793;-0.010380446457504251;1;0.00246504782928624;0.0013612950699043414;0.003863134657836645;3.340628358675349;0.0034531609704267752;0.0008854258898530193;0.0058438108730299275;2.7982101048267216;2.9627644313704127;-0.6064085838093951;2.9222369859722583;315.0
2024-09-12;-1.0;-1.8369701987210297e-16;0.5877852522924732;-0.8090169943749473;0.43388373911755823;-0.900968867902419;0.00952906548933039;0.9806949806949807;-0.007768361581920904;-1;7.337564662288586e-05;0.00029350258649154344;0.005429797850093554;3.362228239438471;0.0016785935153282093;0.0017669405424507465;0.004329004329004329;1.948588346212066;3.0101726020028794;-0.2378960180965226;3.360902927418931;430.0
2024-09-13;-1.0;-1.8369701987210297e-16;0.40673664307580004;-0.913545457642601;-0.433883739117558;-0.9009688679024191;0.011519976519793081;0.3343949044585987;-0.01488596531160377;1;0.0002587800369685767;0.0011460258780036968;0.004768946395563771;3.214018717440413;0.0016903914590747332;0.0016903914590747332;0.005071174377224199;2.0327162375948475;2.958861456518692;-0.02479163969330244;2.948669709714858;1165.0
2024-09-16;-1.0;-1.8369701987210297e-16;-0.20791169081775907;-0.9781476007338057;0.0;1.0;0.014713493530499076;0.5753768844221105;-0.007606480714284413;1;0.00044039929536112744;0.0028625954198473282;0.0034130945390487377;3.3867840204305;0.0031404217137729925;0.0024226110363391655;0.005742485419470615;2.2623090322388544;3.1498786000134356;-0.7641804151652494;2.8283349150951875;400.0
2024-09-17;-1.0;-1.8369701987210297e-16;-0.4067366430758002;-0.9135454576426009;0.7818314824680298;0.6234898018587336;0.007596887844979448;0.6763285024154589;-0.004626972021307033;-1;0.0013548150860490662;0.0016843647015745149;0.007945807396558037;3.5225889753006316;0.0006341728574017033;0.0030802681645225585;0.005163978981699583;2.4154281246153424;3.2131010075964204;-0.5483056737738461;3.785811700064823;490.0
2024-09-18;-1.0;-1.8369701987210297e-16;-0.587785252292473;-0.8090169943749475;0.9749279121818236;-0.22252093395631434;0.011680703039179787;0.5642633228840125;-0.007574141047175609;-1;0.0011026168773890033;0.0008453396059982358;0.0073507791825933545;3.3018274480173635;0.0022797738464344335;0.0013678643078606602;0.0050155024621557544;2.0492945193202514;2.9789139344262296;0.31485841389864266;3.8327520619655915;85.0
2024-09-19;-1.0;-1.8369701987210297e-16;-0.743144825477394;-0.6691306063588585;0.43388373911755823;-0.900968867902419;0.013194648632755072;0.724233983286908;-0.008182947322276613;-1;0.003167587476979742;0.00033149171270718233;0.005377532228360958;3.3166831835799857;0.00027736686390532545;0.001201923076923077;0.008505917159763314;2.5702613728148638;3.1116245008274026;0.5979403272891542;3.916541623215693;550.0
2024-09-20;-1.0;-1.8369701987210297e-16;-0.8660254037844385;-0.5000000000000004;-0.433883739117558;-0.9009688679024191;0.01848987108655617;0.027888446215139442;-0.02156915462740945;1;0.0021683864214146853;0.0013085090474054136;0.004112457006131299;3.1136392585607293;0.0001838404265097895;0.003033367037411527;0.004963691515764317;2.2614513088533488;3.1594972067039104;0.6678674972186365;4.2862066425014;580.0
2024-09-23;-1.0;-1.8369701987210297e-16;-0.9945218953682734;0.10452846326765299;0.0;1.0;0.018730372364288917;-0.08383233532934131;-0.03652444892534714;-1;0.00106544901065449;0.003767123287671233;0.004984779299847793;3.120748182587764;0.005472815359770321;0.0009869011304503858;0.007805490759016687;2.7910987015252333;3.2109526584874617;-0.8879284719355997;2.977231840270199;170.0
2024-09-24;-1.0;-1.8369701987210297e-16;-0.9510565162951536;0.30901699437494723;0.7818314824680298;0.6234898018587336;0.00684931506849315;1.9333333333333333;-0.025136250425064562;1;0.0010181763330567915;0.0012067275058450864;0.006033637529225431;3.15726852496414;0.0014487504527345165;0.0015392973560304237;0.010231800072437522;2.612143667837016;3.30341768422431;-0.9695901255221917;3.0619453569782826;390.0
2024-09-25;-1.0;-1.8369701987210297e-16;-0.8660254037844386;0.5000000000000001;0.9749279121818236;-0.22252093395631434;0.011539331774643639;0.6764705882352942;-0.01733316141391442;-1;0.003561520581839994;0.0020619329684336807;0.005923371072954937;2.9990653956757907;0.0013747594171020072;0.002657868206397214;0.007057098341123637;2.2332516852173696;3.15445823136391;-0.9529770721366305;3.2303860130152837;335.0
2024-09-26;-1.0;-1.8369701987210297e-16;-0.743144825477394;0.6691306063588585;0.43388373911755823;-0.900968867902419;0.01259653595261303;0.6755952380952381;-0.015405978841938683;1;0.0046886721680420105;0.0010877719429857465;0.006339084771192798;2.9459054386315775;0.00018365472910927456;0.006244260789715335;0.007254361799816345;2.7169526738352574;3.332099923052018;-0.8824558322928429;3.1599570950848634;160.0
2024-09-27;-1.0;-1.8369701987210297e-16;-0.5877852522924734;0.8090169943749473;-0.433883739117558;-0.9009688679024191;0.009414853713428357;0.6812749003984063;-0.011753914889525036;-1;0.0004491017964071856;0.0027694610778443113;0.004154191616766467;3.065072482574798;0.0006445672191528545;0.0006445672191528545;0.005985267034990792;2.099071265557136;3.0125596295483126;-0.7608941106332944;3.4037424076034113;590.0
2024-09-30;-1.0;-1.8369701987210297e-16;-1.133107779529596e-15;1.0;0.0;1.0;0.011152694610778443;0.40939597315436244;-0.009184577024108125;-1;0.0035897244138653104;0.002206184796021389;0.006169838836331002;2.957543898076151;0.0008257638315441783;0.0038535645472061657;0.005872098357647491;1.840406361518392;3.245334242493118;-0.7652711245912079;3.6250744131574133;555.0
2024-10-01;-0.8660254037844386;0.5000000000000001;0.20129852008866006;0.9795299412524945;0.7818314824680298;0.6234898018587336;0.01301275100026175;-0.005747126436781609;-0.017304478315145918;1;0.0004907697534825777;0.0005662727924798973;0.006115746158782891;3.064776594273067;9.095870474804439e-05;0.0010005457522284883;0.00891395306530835;2.59315561929272;3.507932448780872;-0.7220410214195024;3.1059805694578793;115.0
2024-10-02;-0.8660254037844386;0.5000000000000001;0.39435585511331855;0.9189578116202306;0.9749279121818236;-0.22252093395631434;0.012231492317565783;0.8333333333333334;-0.006836724462550273;1;0.00026174095124139994;0.000560873466945857;0.008637451390966198;3.010453806501505;0.0022999080036798527;0.0019319227230910764;0.004599816007359705;2.340200852280776;3.131173012842113;-0.35370646588569504;4.212621292471049;255.0
2024-10-03;-0.8660254037844386;0.5000000000000001;0.5712682150947923;0.8207634412072763;0.43388373911755823;-0.900968867902419;0.013722704157941969;0.12534059945504086;-0.0042877915084621595;-1;0.00048552754435107374;0.000784313725490196;0.0103828197945845;3.1568898612318947;0.0020100502512562816;0.0008222932846048424;0.006304248515303792;2.1328780613118683;3.2401730156321142;-0.5829801483429128;5.216346652480988;380.0
2024-10-04;-0.8660254037844386;0.5000000000000001;0.72479278722912;0.6889669190756866;-0.433883739117558;-0.9009688679024191;0.017927170868347338;0.25416666666666665;-0.014793015206779775;-1;0.00340522133938706;0.0014377601210745364;0.009572455542943625;2.9879150342493985;0.0014571948998178506;0.001912568306010929;0.010655737704918032;2.701102648024848;3.2186834060105562;-0.907681247743735;4.441772760636817;455.0
2024-10-07;-0.8660254037844386;0.5000000000000001;0.9884683243281114;0.1514277775045767;0.0;1.0;0.009572455542943625;0.45454545454545453;-0.015222211438681887;1;0.0;0.00045485558335228563;0.009968918201804261;2.99123074697307;0.0003645643456069996;0.0031899380240612467;0.00929639081297849;2.18504484110319;3.136205621883504;-0.7249372803889744;4.113436119665493;355.0
2024-10-08;-0.8660254037844386;0.5000000000000001;0.9987165071710528;-0.05064916883871264;0.7818314824680298;0.6234898018587336;0.01137138958380714;-0.31;-0.017845629418657458;-1;0.002397533965064505;0.0011797389351904707;0.007763443315446969;3.16225338597408;0.003079152327476906;0.0007245064299945662;0.004165911972468755;2.5427903338181195;3.096163100246787;-0.5252631231825517;4.849313076149804;695.0
2024-10-09;-0.8660254037844386;0.5000000000000001;0.9680771188662043;-0.2506525322587204;0.9749279121818236;-0.22252093395631434;0.010160977280511473;0.8614232209737828;-0.013718114273950555;-1;0.0005692599620493358;0.0005313092979127135;0.008500948766603416;3.2312425535048863;0.0009913482335976928;0.0005407354001441961;0.006578947368421052;2.4483652163606635;3.1276795509127027;-0.7882088954952053;4.297726784382623;145.0
2024-10-10;-0.8660254037844386;0.5000000000000001;0.8978045395707416;-0.4403941515576344;0.43388373911755823;-0.900968867902419;0.0149146110056926;0.19338422391857507;-0.022909926384395367;1;0.0008062039312039312;0.0026489557739557737;0.003800675675675676;2.9927303626528627;0.0037533512064343165;0.0017873100983020554;0.005987488829311886;3.1593969394292603;2.903717718868467;-0.9226262925821412;2.892491578167216;45.0
2024-10-11;-0.8660254037844386;0.5000000000000001;0.7907757369376989;-0.6121059825476626;-0.433883739117558;-0.9009688679024191;0.0057585995085995085;0.5933333333333334;-0.02040141445798526;-1;0.004641706306582783;0.0003452508823078103;0.005715820162651527;3.2451755050566766;0.0008053691275167785;0.0030425055928411633;0.007516778523489933;2.513428532526973;3.071795598548088;-0.966716186616924;3.9521283799369886;730.0
2024-10-14;-0.8660254037844386;0.5000000000000001;0.29936312297335804;-0.9541392564000488;0.0;1.0;0.01204541967162805;0.46178343949044587;-0.020089668197541186;1;0.0003843197540353574;0.005226748654880861;0.005726364335126826;3.0519121389058514;0.003110005331437711;0.00017771459036786921;0.006842011729162965;2.1114027690141337;3.232282077258512;-0.858817776748076;4.333287909242667;110.0
2024-10-15;-0.8660254037844386;0.5000000000000001;0.10116832198743272;-0.994869323391895;0.7818314824680298;0.6234898018587336;0.014219830899308224;0.6432432432432432;-0.014368293161477278;1;0.0034070898093560985;0.0015312763188117297;0.006010259551336039;3.164312432200094;0.00071396697902722;0.001963409192324855;0.00785363676929942;2.681509699825803;3.1480971823384243;-0.8443639734125133;3.2372350324498136;385.0
2024-10-16;-0.8660254037844386;0.5000000000000001;-0.10116832198743204;-0.9948693233918952;0.9749279121818236;-0.22252093395631434;0.00861342929331598;2.6533333333333333;0.007199140942845476;1;0.0042796005706134095;0.001764396726480967;0.007132667617689016;3.151201074432634;0.001676963812886143;0.004324801412180053;0.012268314210061783;3.3348877652739546;3.329211746522411;0.3053219053376581;3.2982404230476488;310.0
2024-10-17;-0.8660254037844386;0.5000000000000001;-0.2993631229733582;-0.9541392564000488;0.43388373911755823;-0.900968867902419;0.010886703205946393;0.296551724137931;0.008766371932479077;-1;0.0006749662516874156;0.00037498125093745314;0.00896205189740513;3.437125036323888;0.0014058518583604253;0.0012301203760653721;0.00307530094016343;2.3112190145603413;3.070735785953177;0.49006516427804675;4.017298801652063;225.0
2024-10-18;-0.8660254037844386;0.5000000000000001;-0.4853019625310808;-0.8743466161445822;-0.433883739117558;-0.9009688679024191;0.011174441277936103;1.0268456375838926;0.010015399575471163;1;0.001161309657600959;0.0052446242601333634;0.0065932419270247995;3.327403352284863;0.0011515634688634955;0.0012401452741606874;0.005314908317831517;2.0266237695678124;3.089616615051258;0.04101718215162087;4.329075210480176;1090.0
2024-10-21;-0.8660254037844386;0.5000000000000001;-0.8978045395707417;-0.44039415155763423;0.0;1.0;0.012736944631752454;0.011764705882352941;-0.0003139622413121352;1;0.00011351596791281973;0.0009838050552444376;0.007000151354623884;3.314539563425884;0.002714060584836281;0.0010506040973559797;0.006566275608474873;2.5500755421676087;3.220821419287757;-0.4765955192777613;3.7881643194382795;270.0
2024-10-22;-0.8660254037844386;0.5000000000000001;-0.9680771188662041;-0.2506525322587213;0.7818314824680298;0.6234898018587336;0.00836234296957772;0.03619909502262444;-0.0013197251643984284;-1;0.0006436955698599016;0.0007572889057175312;0.006285497917455509;3.321432157363881;0.0007906527277519108;0.00017570060616709128;0.005007467275762101;1.8483283038372063;2.958431461566836;-0.5192420272893229;5.583971457070513;225.0
2024-10-23;-0.8660254037844386;0.5000000000000001;-0.9987165071710528;-0.05064916883871355;0.9749279121818236;-0.22252093395631434;0.00935251798561151;0.44534412955465585;-0.005110242802727985;-1;0.0001520796897574329;0.000684358603908448;0.006311307124933465;3.4575254080243996;0.0014854945823138763;0.0010485844110450892;0.003233135267389025;2.089522092933943;2.9819254437807095;0.11001526427541845;5.094121892214249;375.0
2024-10-24;-0.8660254037844386;0.5000000000000001;-0.9884683243281114;0.15142777750457667;0.43388373911755823;-0.900968867902419;0.00836438293665881;0.8045454545454546;-0.005972567068370375;-1;0.0018276662985949816;0.0009899859117389483;0.005216464227239843;3.382716354394103;0.0024611057396501713;0.0016700360376197593;0.007559110486068383;2.5755771951758852;3.162553076158641;-0.40924036495238575;4.6935294504132115;40.0
2024-10-25;-0.8660254037844386;0.5000000000000001;-0.9377521321470804;0.3473052528448203;-0.433883739117558;-0.9009688679024191;0.012222518371853938;1.0529595015576323;0.001997557488947164;-1;0.00045351473922902497;0.00291005291005291;0.005328798185941043;3.3118646682074586;0.0006167400881057269;0.0004405286343612335;0.004317180616740088;1.8615364757529658;3.050438544924401;-0.6954085953676646;5.213775573131061;195.0
2024-10-28;-0.8660254037844386;0.5000000000000001;-0.5712682150947924;0.8207634412072763;0.0;1.0;0.006651549508692366;0.13636363636363635;-0.0026033870558231365;1;7.598784194528876e-05;0.0018617021276595746;0.008472644376899697;3.3470865097081246;0.003067484662576687;0.00026292725679228745;0.006047326906222612;2.2857103731479707;3.1363954962344343;-0.4572291302694057;4.03059595868341;415.0
2024-10-29;-0.8660254037844386;0.5000000000000001;-0.3943558551133187;0.9189578116202306;0.7818314824680298;0.6234898018587336;0.01675531914893617;0.8027210884353742;0.00867937823677162;1;0.0009014084507042254;0.0011267605633802818;0.0038309859154929578;3.4665503532614568;0.0035026269702276708;0.0005253940455341507;0.005604203152364273;2.5262120471877325;3.2145782031191703;0.21501606204267945;4.655516012169626;300.0
2024-10-30;-0.8660254037844386;0.5000000000000001;-0.20129852008866114;0.9795299412524943;0.9749279121818236;-0.22252093395631434;0.00867605633802817;-0.06926406926406926;0.0024597215852886667;1;0.00030245746691871453;0.0027599243856332705;0.004158790170132325;3.287474840610347;0.0012148559527941688;0.00017355085039916696;0.004946199236376258;2.3344431352021204;3.116901356565945;-0.24992273828089015;3.455417094484292;210.0
2024-10-31;-0.8660254037844386;0.5000000000000001;-2.4492935982947064e-16;1.0;0.43388373911755823;-0.900968867902419;0.006275992438563327;0.06626506024096386;0.0008685724689077607;-1;0.0018569046536304381;0.0007579202667879339;0.0036759132939214794;3.235148216894363;0.0019021269237420025;0.0020750475531730937;0.004323015735777278;1.8790492824482266;2.9874585619968244;-0.9034433609264512;4.059887654698585;170.0
2024-11-01;-0.5000000000000004;0.8660254037844384;0.20791169081775931;0.9781476007338057;-0.433883739117558;-0.9009688679024191;0.009890859481582538;0.3333333333333333;-0.002439551850910374;1;0.00022819761913817367;0.003194766667934431;0.004487886509717415;3.5308975586872813;0.002842132460597709;0.00111962793902334;0.007320644216691069;2.2614409527291697;3.268011336749284;-0.8793879540384193;3.37516640483045;710.0
2024-11-04;-0.5000000000000004;0.8660254037844384;0.7431448254773941;0.6691306063588582;0.0;1.0;0.020081390484159283;0.3806818181818182;-0.012416957560517949;1;0.00034615384615384613;0.0;0.006384615384615384;3.2691386265397773;0.000598035027765912;0.0005126014523707817;0.007005553182400683;2.2104936873463856;2.895809557697231;-0.9799570180356476;3.2593804132176913;330.0
2024-11-05;-0.5000000000000004;0.8660254037844384;0.8660254037844386;0.5000000000000001;0.7818314824680298;0.6234898018587336;0.016692307692307694;0.8870967741935484;0.00232869999278217;1;0.0009096077316657191;0.0015918135304150084;0.0031078264165245403;3.2786040155769824;0.0034482758620689655;0.0009482758620689655;0.004396551724137931;2.126790769058763;2.9376960571400996;-0.9597907699880103;3.1961776723736244;370.0
2024-11-06;-0.5000000000000004;0.8660254037844384;0.9510565162951535;0.30901699437494745;0.9749279121818236;-0.22252093395631434;0.008603373128671593;-0.4185022026431718;-0.007359993922069536;-1;0.0019517048716084344;0.0004592246756725728;0.008151237993188168;3.3263557852520176;0.0011929107021131562;0.0010224948875255625;0.010139740967961827;3.0068752666193626;2.853009507579705;-0.9222073567077628;3.7939516995402003;940.0
2024-11-07;-0.5000000000000004;0.8660254037844384;0.9945218953682733;0.10452846326765346;0.43388373911755823;-0.900968867902419;0.017144387891776053;0.6116071428571429;-0.003763896221291271;-1;0.004041174227983225;0.001067479984750286;0.005985512771635532;3.1677856088958123;0.002715962852637112;0.004731032065884002;0.007446994918521114;2.4339700525966843;3.011044993211073;-0.03710813131745052;2.9759755186346784;1525.0
2024-11-08;-0.5000000000000004;0.8660254037844384;0.9945218953682734;-0.10452846326765333;-0.433883739117558;-0.9009688679024191;0.015707205489897066;-0.24514563106796117;-0.011912492357701348;-1;0.0018447348193697155;0.0003843197540353574;0.010184473481936972;3.5048117013948237;0.0011317141116044223;0.001218769043266301;0.004788021241403325;1.547019981432468;2.8305602666822622;-0.4705178955510018;4.6603374328724145;210.0
2024-11-11;-0.5000000000000004;0.8660254037844384;0.7431448254773945;-0.6691306063588579;0.0;1.0;0.01779400461183705;0.183585313174946;-0.023925044738351883;1;0.0026080186843129623;0.0017127286882055275;0.004554301284546516;3.24991854455042;0.0011232071885260066;0.0010368066355624676;0.007257646448937273;1.5994828759198005;3.1614130493191612;-0.9553934551806069;4.594603277128093;205.0
2024-11-12;-0.5000000000000004;0.8660254037844384;0.5877852522924732;-0.8090169943749473;0.7818314824680298;0.6234898018587336;0.007668353444920202;0.29441624365482233;-0.02254266678835448;1;0.00019452225334578275;0.00225645813881108;0.005757858699035169;3.396158798839631;0.0015530629853321828;0.001466781708369284;0.006816220880069025;1.7014844821392365;3.1063727402124415;-0.8998091071537172;3.844756765923585;440.0
2024-11-13;-0.5000000000000004;0.8660254037844384;0.40673664307580004;-0.913545457642601;0.9749279121818236;-0.22252093395631434;0.007936507936507936;0.5588235294117647;-0.019643288685747343;-1;0.003299689440993789;0.0008540372670807453;0.005900621118012423;3.2349921755303024;0.0024390243902439024;0.0007839721254355401;0.005749128919860627;1.4334414377249036;2.9008451341191104;-0.5440761335971385;4.6167126250864765;70.0
2024-11-14;-0.5000000000000004;0.8660254037844384;0.20791169081775931;-0.9781476007338057;0.43388373911755823;-0.900968867902419;0.010908385093167702;0.8861209964412812;-0.015862183342515265;-1;0.000736063223956921;0.0;0.0050362220586526165;3.2519669765396038;0.0029234737747205505;0.0018056749785038692;0.005932932072226999;1.9557664432819484;2.849476817568936;-0.5432934134400609;3.979060243186;455.0
2024-11-18;-0.5000000000000004;0.8660254037844384;-0.587785252292473;-0.8090169943749475;0.0;1.0;0.00844535699066362;0.45871559633027525;-0.01585064760235325;-1;0.003453628249902988;0.0005044625533566162;0.0075281334885525806;3.1297426116040588;0.0019878997407087296;0.0015557476231633535;0.0056179775280898875;1.6045855210736224;3.0066905615292714;-0.3740679093339148;4.365254708734006;205.0
2024-11-19;-0.5000000000000004;0.8660254037844384;-0.743144825477394;-0.6691306063588585;0.7818314824680298;0.6234898018587336;0.009235545207605743;0.23949579831932774;-0.017965216892466846;1;0.003154451281252434;0.0006620453306332268;0.006114183347612742;3.0561330927853225;0.0001733102253032929;0.0027729636048526864;0.004766031195840554;1.9917097410903954;3.0624778761061946;0.3508824359896899;4.293665012673277;80.0
2024-11-21;-0.5000000000000004;0.8660254037844384;-0.9510565162951535;-0.30901699437494756;0.43388373911755823;-0.900968867902419;0.011176882934808006;0.5958188153310104;-0.012946935368699545;-1;0.0020558572536850273;0.0011636927851047323;0.0075640031031807605;3.075096350034006;0.0017271157167530224;0.0003454231433506045;0.007167530224525044;2.228239760706615;3.1409362119814412;0.019202136202254014;3.532433429544912;590.0
2024-11-22;-0.5000000000000004;0.8660254037844384;-0.9945218953682733;-0.10452846326765423;-0.433883739117558;-0.9009688679024191;0.014080682699767262;0.22589531680440772;-0.02001994323847511;1;0.00015654351909830932;0.00058703819661866;0.008022855353788353;3.1654971127898093;0.0007721345229924502;0.0005147563486616335;0.006606039807824296;2.1400113301758585;2.937619810816756;-0.8467913587728256;4.0012011993654735;615.0
2024-11-25;-0.5000000000000004;0.8660254037844384;-0.8660254037844386;0.5000000000000001;0.0;1.0;0.021524733876017534;0.9490909090909091;-0.0003299114609707069;-1;0.00026862120572546913;0.0009977359069803138;0.0047200583291761005;3.1240334041047415;0.00017271157167530224;0.0014680483592400691;0.004749568221070812;2.155047555297917;2.9505219727228673;-0.49221246483129716;4.399056062248868;100.0
2024-11-26;-0.5000000000000004;0.8660254037844384;-0.743144825477394;0.6691306063588585;0.7818314824680298;0.6234898018587336;0.0059480409839211025;-0.13548387096774195;-0.005851995207814948;1;0.0003089996137504828;0.0010814986481266899;0.007184241019698725;2.8810929071580285;0.002235405382168343;0.0011177026910841716;0.007823918837589202;2.1704824688062163;3.0712425034748883;-0.6172832240127721;3.3570753783952716;145.0
2024-11-27;-0.5000000000000004;0.8660254037844384;-0.5877852522924734;0.8090169943749473;0.9749279121818236;-0.22252093395631434;0.013016608729239088;0.7655786350148368;0.0032744696991520946;-1;0.0018376722817764165;0.0003445635528330781;0.0028330781010719756;3.1135530808808336;0.00043055196762249205;0.0002583311805734952;0.004994402824420908;1.9815712028732921;3.0522638665072517;-0.0076204864822977765;3.5670238638608636;250.0
2024-11-28;-0.5000000000000004;0.8660254037844384;-0.40673664307580015;0.913545457642601;0.43388373911755823;-0.900968867902419;0.02327718223583461;0.12335526315789473;-0.012759078575140003;-1;0.0;0.002884990253411306;0.007407407407407408;3.11394589340944;0.004265997490589712;0.004767879548306148;0.009368465077373484;2.424841171577464;2.9653322574378747;-0.9218038025476009;3.810257857420015;520.0
2024-11-29;-0.5000000000000004;0.8660254037844384;-0.20791169081775898;0.9781476007338057;-0.433883739117558;-0.9009688679024191;0.027017543859649124;0.2481962481962482;-0.030148416740157814;-1;0.0015121970631541248;0.0013928130844840622;0.006008993593059811;2.9218016985675197;8.298755186721991e-05;0.0015767634854771783;0.012780082987551867;2.5289842934858213;3.039648541089463;-0.972199652042124;3.4098910739713526;520.0
2024-12-02;-2.4492935982947064e-16;1.0;0.39435585511331855;0.9189578116202306;0.0;1.0;0.01806677543873612;0.8392070484581498;-0.02270502806695836;-1;0.0006333623624416119;0.001860501939672235;0.006452379067373921;3.1420577401078686;0.0019083969465648854;0.0004978426817125788;0.005642217059409226;1.8485912790743284;2.96316427321767;-0.8735712075046331;4.153548930700407;240.0
2024-12-03;-2.4492935982947064e-16;1.0;0.5712682150947923;0.8207634412072763;0.7818314824680298;0.6234898018587336;0.010212968094370991;0.8178294573643411;-0.021807819799561905;-1;0.002259125678728548;0.002259125678728548;0.0058658000079267565;3.0681671289137604;0.0007415341517673231;0.0031309219741286975;0.0067562000494356105;1.6746010275904133;2.8477160950813643;-0.3102413851677136;4.346836822217586;370.0
2024-12-04;-2.4492935982947064e-16;1.0;0.72479278722912;0.6889669190756866;0.9749279121818236;-0.22252093395631434;0.008917601363402163;0.5644444444444444;-0.01932474024739083;-1;0.002058020342739542;0.0018601337713222781;0.0048680096568646854;3.178733954290705;0.0011532125205930808;0.0008237232289950577;0.004036243822075783;1.4315527770410283;2.8680582906656165;-0.15124041112261508;5.039961549024993;395.0
2024-12-05;-2.4492935982947064e-16;1.0;0.8486442574947509;0.5289640103269624;0.43388373911755823;-0.900968867902419;0.009181936913761032;0.5689655172413793;-0.014840788734147427;1;3.948199620972836e-05;0.0029216677195198987;0.008843967150979154;3.1380674737928085;0.0005786080343858489;0.0004132914531327492;0.005703422053231939;1.6778520296163475;2.867550106490589;-0.7113829588665089;4.254121346625636;640.0
2024-12-06;-2.4492935982947064e-16;1.0;0.9377521321470804;0.3473052528448203;-0.433883739117558;-0.9009688679024191;0.016779848389134554;0.7976470588235294;-0.0031335874220254777;-1;0.0003907318407377017;0.002774196069237682;0.005196733481811433;3.192338674193963;0.0016570008285004142;0.0007456503728251865;0.006130903065451533;1.7574957937154567;2.9620148719088912;-0.8766045331438517;3.933305754657655;50.0
2024-12-09;-2.4492935982947064e-16;1.0;0.9680771188662043;-0.2506525322587204;0.0;1.0;0.01586371273395069;0.37192118226600984;-0.011004660544946265;1;0.000828467729209405;0.0018541896796591447;0.003116616695597286;2.9617894850860944;0.0006565988181221273;0.0020518713066316483;0.006565988181221274;1.727619994521744;3.0918793606179142;-0.9250704583037589;2.886930784138636;540.0
2024-12-10;-2.4492935982947064e-16;1.0;0.8978045395707416;-0.4403941515576344;0.7818314824680298;0.6234898018587336;0.009981063594760928;1.3873517786561265;0.0022426605612121306;1;0.0012474660845158273;0.003118665211289568;0.00584749727116794;3.029985406180461;0.0027196307895170596;0.005439261579034119;0.008900609856601285;2.8750003097636156;3.218354340341992;-0.6613543951809568;3.1478466699965963;140.0
2024-12-11;-2.4492935982947064e-16;1.0;0.7907757369376989;-0.6121059825476626;0.9749279121818236;-0.22252093395631434;0.006939030095119289;0.449438202247191;0.002401277033905094;1;0.0012474660845158273;0.0009355995633868704;0.004600031186652113;3.1945363653615204;0.0006578947368421052;0.003207236842105263;0.005180921052631579;1.9143683031089282;3.1288778070943786;-0.7638846366079317;3.960893490148663;235.0
2024-12-12;-2.4492935982947064e-16;1.0;0.6513724827222223;-0.758758122692791;0.43388373911755823;-0.900968867902419;0.02935443630126306;0.7264276228419655;0.017572777233117596;-1;0.0016889298326424075;0.00011515430677107324;0.015353907569476431;3.1502619868268225;0.0019494829632141042;0.0037294456687574167;0.007458891337514833;2.8012681124716803;3.3293268885473375;-0.6736664112863358;3.2444119420436173;875.0
2024-12-13;-2.4492935982947064e-16;1.0;0.48530196253108104;-0.8743466161445821;-0.433883739117558;-0.9009688679024191;0.03477660064486412;0.07836644591611479;-0.01238187952786998;-1;0.0019397490202288112;0.0016626420173389811;0.00475040576382566;3.097315179227676;8.343763037129746e-05;0.002002503128911139;0.010763454317897372;1.8326898485975551;2.88515933876403;-0.23308785354028866;3.5332527077029665;250.0
2024-12-16;-2.4492935982947064e-16;1.0;-0.10116832198743204;-0.9948693233918952;0.0;1.0;0.01551799216183049;0.11224489795918367;-0.022636906987625365;1;0.0006009133883502925;0.002203349090617739;0.0036455412226584407;2.873631386295058;0.0046886567409722794;0.003866085382906967;0.012091798963560088;2.8616974428445974;3.173679201368608;-0.7834246594341617;2.162859243522803;130.0
2024-12-17;-2.4492935982947064e-16;1.0;-0.2993631229733582;-0.9541392564000488;0.7818314824680298;0.6234898018587336;0.013620703469273295;0.12058823529411765;-0.03074125440639032;1;0.00259056871078729;0.00024286581663630845;0.007083586318558996;2.673905818853766;0.002843216896831844;0.006986190089358245;0.011129163281884647;2.753503665982303;2.8261188574092517;-0.8933486597796979;2.3151107982743158;425.0
2024-12-18;-2.4492935982947064e-16;1.0;-0.4853019625310808;-0.8743466161445822;0.9749279121818236;-0.22252093395631434;0.015664845173041893;1.6847545219638242;-0.003985863836290809;-1;0.0021695396631296595;0.0001972308784663327;0.009624866869157036;2.82184386998246;0.0005730659025787965;0.0012279983626688497;0.008514121981170691;1.8600531833738185;2.5921925005893733;-0.49163173697254314;2.619650543495188;275.0
2024-12-19;-2.4492935982947064e-16;1.0;-0.651372482722222;-0.7587581226927911;0.43388373911755823;-0.900968867902419;0.039327837166186735;0.362086258776329;-0.024480536870461096;-1;0.0004440855874041179;0.0009285425918449737;0.005369398465886153;2.6664985701911554;0.00536;0.00144;0.01008;2.0242519376696;2.690112917059914;-0.7213913825599716;2.054511295380368;30.0
2024-12-20;-2.4492935982947064e-16;1.0;-0.7907757369376986;-0.6121059825476627;-0.433883739117558;-0.9009688679024191;0.008922083165119096;-0.18099547511312217;-0.0325298043555887;1;0.002895595432300163;0.0015905383360522022;0.005546492659053833;2.7861819786606783;0.002047166721257779;0.001473960039305601;0.010153946937438586;1.7178175418478416;2.53864660098108;-0.2515883014828921;2.3642474196864263;200.0
2024-12-23;-2.4492935982947064e-16;1.0;-0.9987165071710528;-0.05064916883871355;0.0;1.0;0.013132137030995106;0.6708074534161491;-0.023427457153819074;-1;0.0009720534629404617;0.0019846091535034426;0.007735925475901175;2.7402391053388464;0.0004899559039686428;0.0016331863465621427;0.007920953780826393;1.3229496592683156;2.574665021538195;-0.16202219698149617;2.5664551906899002;75.0
2024-12-26;-2.4492935982947064e-16;1.0;-0.8486442574947509;0.5289640103269624;0.43388373911755823;-0.900968867902419;0.011948157148643175;0.07457627118644068;-0.030405693554881593;1;0.001922998240661184;0.004459719324086576;0.007241929544617651;2.6726654462270822;0.004703974047039741;0.00210867802108678;0.00746147607461476;1.4365444189021037;2.6984288330602264;-0.60938747940396;2.8114011729481527;200.0
2024-12-27;-2.4492935982947064e-16;1.0;-0.72479278722912;0.6889669190756865;-0.433883739117558;-0.9009688679024191;0.011865308293441349;0.5827586206896552;-0.024901797689310574;1;0.0006122199093914534;0.0024080649769397167;0.006856862985184278;2.795290787036014;0.002903225806451613;0.0017741935483870969;0.007419354838709678;1.446656568739145;2.540764762870749;-0.8003167830143093;3.1710119761550994;900.0
2024-12-30;-2.4492935982947064e-16;1.0;-0.20129852008866114;0.9795299412524943;0.0;1.0;0.0144483898616383;0.11299435028248588;-0.03033954675226993;1;0.0005761079790955105;0.0004938068392247233;0.003909304143862392;2.7985749064782377;0.0023237179487179487;0.0016025641025641025;0.007692307692307693;1.3651743076236404;2.5556255498474005;-0.6023164197788979;3.004526156082261;185.0
2025-01-02;0.49999999999999994;0.8660254037844387;0.39435585511331855;0.9189578116202306;0.43388373911755823;-0.900968867902419;0.008230113987078722;0.38;-0.026647512372701534;-1;0.004803350028737992;0.001806388044995484;0.010838328269972905;2.5108662093153935;0.0021705924913578262;0.0043411849827156524;0.0110137470857786;1.90672255853221;2.728007225390966;-0.6298767679277554;2.926607601040726;670.0
2025-01-03;0.49999999999999994;0.8660254037844387;0.5712682150947923;0.8207634412072763;-0.433883739117558;-0.9009688679024191;0.017037523606207406;0.4650602409638554;-0.029037204293326607;-1;0.0012781923885704862;0.0011544963509668906;0.005813713767368985;2.5833371237434792;0.0022653721682847896;0.0004854368932038835;0.00889967637540453;2.050187502070177;2.7013899128109857;-0.25053958802457915;2.6866300003092927;135.0
2025-01-06;0.49999999999999994;0.8660254037844387;0.9377521321470804;0.3473052528448203;0.0;1.0;0.017193749226899764;0.21342925659472423;-0.037415771371697576;1;0.00016677089847821555;0.0008338544923910778;0.009339170314780071;2.861325386471324;0.0004857119728001295;0.0004857119728001295;0.004776167732534607;2.4049089477139454;2.5268207282913164;-0.18484284188897956;2.981748869119653;50.0
2025-01-07;0.49999999999999994;0.8660254037844387;0.9884683243281114;0.1514277775045767;0.7818314824680298;0.6234898018587336;0.01371690639983323;0.7507598784194529;-0.026261813794490246;1;0.0007021311746241533;0.0011977531802412028;0.00792995208987279;2.8845155494125776;0.0006511476477291225;0.0031743447826794724;0.006511476477291226;2.353937101733884;2.617261209452781;-0.7423478317506794;3.256758296205554;375.0
2025-01-08;0.49999999999999994;0.8660254037844387;0.9987165071710528;-0.05064916883871264;0.9749279121818236;-0.22252093395631434;0.016025111514951264;0.6623711340206185;-0.015494679683298656;-1;0.0012274959083469722;0.0014320785597381341;0.007160392798690671;2.8383166608989785;0.0030073965699422907;0.0004064049418840933;0.003982768430464114;2.11869536658112;2.571611635916048;-0.9072452954206526;3.455127805843958;630.0
2025-01-09;0.49999999999999994;0.8660254037844387;0.9680771188662043;-0.2506525322587204;0.43388373911755823;-0.900968867902419;0.01620294599018003;0.20454545454545456;-0.024014772105125995;-1;0.0012833781825708963;0.001366176774994825;0.00376733595528876;2.707913671024707;0.0019569471624266144;0.0017938682322243965;0.004321591650358773;1.8545494555097097;2.601508814601687;-0.7047805289254979;3.7777142227323517;135.0
2025-01-10;0.49999999999999994;0.8660254037844387;0.8978045395707416;-0.4403941515576344;-0.433883739117558;-0.9009688679024191;0.005588904988615194;0.9407407407407408;-0.01918743432601024;-1;0.002559656510610189;0.000412847824291966;0.005119313021220378;2.712596464098256;0.0017315303430079155;0.001484168865435356;0.005277044854881266;1.4147207813748621;2.535806126307828;0.1275032310633619;3.627465942221703;625.0
2025-01-13;0.49999999999999994;0.8660254037844387;0.48530196253108104;-0.8743466161445821;0.0;1.0;0.014573528197506399;0.07365439093484419;-0.027026148900698346;1;0.0024627457528071128;0.0018366239512459825;0.005008974412489043;2.865234619257933;0.001544841043987316;0.0036588340515489063;0.010000813074233677;1.9416334813582061;2.6529428416299674;-0.645379003701409;3.045805345647915;30.0
2025-01-14;0.49999999999999994;0.8660254037844387;0.29936312297335804;-0.9541392564000488;0.7818314824680298;0.6234898018587336;0.009057895395917686;0.6129032258064516;-0.01995068370320556;-1;0.002328869666472594;0.0004574565416285453;0.0048240871662646595;2.87524501616634;0.0;0.002044655271121289;0.004171096753087429;1.906941108400899;2.6390028821744194;-0.7952461828060507;3.299544336756835;115.0
2025-01-15;0.49999999999999994;0.8660254037844387;0.10116832198743272;-0.994869323391895;0.9749279121818236;-0.22252093395631434;0.012101804873991517;0.8350515463917526;-0.01572128880195759;1;8.314625426124553e-05;0.0;0.008480917934647045;3.2170069372353223;0.000989282769991756;0.0021434460016488046;0.004781533388293487;1.639576744187671;2.518349460404643;-0.20146488779514843;4.158166688320401;635.0
2025-01-16;0.49999999999999994;0.8660254037844387;-0.10116832198743204;-0.9948693233918952;0.43388373911755823;-0.900968867902419;0.0306809678223996;0.7804878048780488;0.00899203211732656;-1;0.002192448233861145;0.001664636622005684;0.004060089321965083;3.0179780479197125;0.00024834437086092715;0.004801324503311258;0.005629139072847682;2.342842907471548;2.7988763368581577;-0.829521437426129;2.918192011332907;395.0
2025-01-17;0.49999999999999994;0.8660254037844387;-0.2993631229733582;-0.9541392564000488;-0.433883739117558;-0.9009688679024191;0.014819326025172554;0.5315068493150685;0.005449105112150664;-1;0.0006935095663525477;0.0024068861420470772;0.003549137192510097;3.0335375321119047;0.0005764163372859025;0.00461133069828722;0.005599472990777339;1.7609124540685364;2.841972481926689;-0.6837156900479215;3.406803652286782;570.0
2025-01-20;0.49999999999999994;0.8660254037844387;-0.7907757369376986;-0.6121059825476627;0.0;1.0;0.014237343450414067;0.6303724928366762;0.00852127035443069;-1;0.0026442112114555367;0.0012610853470018714;0.0050443413880074854;3.1114158498552964;0.0008223684210526315;0.001973684210526316;0.005263157894736842;1.5640946441825834;2.4994650048660363;-0.39322371906774983;3.933984141393716;100.0
2025-01-21;0.49999999999999994;0.8660254037844387;-0.8978045395707417;-0.44039415155763423;0.7818314824680298;0.6234898018587336;0.014766902611667073;0.6584022038567493;0.013404374534356535;1;0.0004050550874918989;0.004577122488658458;0.005103694102397926;3.0744666013783317;0.00247320692497939;0.00032976092333058534;0.004286892003297609;2.0803078642571315;2.6985133040669838;-0.607563435644239;3.253664320047232;20.0
2025-01-22;0.49999999999999994;0.8660254037844387;-0.9680771188662041;-0.2506525322587213;0.9749279121818236;-0.22252093395631434;0.011625081011017498;0.9442508710801394;0.01952802819848913;1;0.0004427271995492232;0.0009659502535619416;0.0049504950495049506;2.9184715218649253;0.0011622115224970944;0.0009131661962477171;0.003984725219990038;2.194373727001413;2.817588033601175;-0.8869611893994743;2.8315328876947614;605.0
2025-01-23;0.49999999999999994;0.8660254037844387;-0.9987165071710528;-0.05064916883871355;0.43388373911755823;-0.900968867902419;0.009337519117765435;0.16379310344827586;0.015678199017138544;1;0.00016155088852988692;0.0030694668820678513;0.004402261712439418;3.028448496999665;0.0017641129032258064;0.0006720430107526882;0.005376344086021506;1.8181013230004333;2.656224074395632;-0.49739394608605103;3.494402568372196;445.0
2025-01-24;0.49999999999999994;0.8660254037844387;-0.9884683243281114;0.15142777750457667;-0.433883739117558;-0.9009688679024191;0.015347334410339256;0.2736842105263158;0.012330987504872895;-1;0.0016619375760032428;0.0019051479529793272;0.005026347790839076;3.013678292979296;0.0016069012178619756;0.002452638700947226;0.004820703653585927;1.6665484997236175;2.6544489241130513;0.5791151730875356;3.6810498331963357;260.0
2025-01-27;0.49999999999999994;0.8660254037844387;-0.72479278722912;0.6889669190756865;0.0;1.0;0.006282934738548845;-0.567741935483871;0.00373889662555863;1;0.0006538618716796077;0.0013077237433592153;0.006293420514916224;2.9796309439318667;0.0019326107049827746;0.001428451390639442;0.005209646248214436;1.8718627333390963;2.8630721889309325;0.5592475431975328;2.878648407274273;1360.0
2025-01-28;0.49999999999999994;0.8660254037844387;-0.5712682150947924;0.8207634412072763;0.7818314824680298;0.6234898018587336;0.028320392317123008;0.8831168831168831;0.02632597833858105;1;0.002435129740518962;0.0011976047904191617;0.004031936127744511;2.988489304965651;0.0014366601876109185;0.0020282261472154145;0.004225471140032113;1.610082959063607;2.741675279860439;-0.002190517286053883;3.6504408186061355;410.0
2025-01-29;0.49999999999999994;0.8660254037844387;-0.3943558551133187;0.9189578116202306;0.9749279121818236;-0.22252093395631434;0.008942115768463073;0.33482142857142855;0.02179476950082551;1;0.00016017940092904052;0.0005606279032516418;0.005966682684606759;2.849618797142456;0.0019604500511421754;0.0002557108762359359;0.005284691442209342;1.6739234738694047;2.984984220706505;-0.474602722204267;2.923355444525917;1130.0
2025-01-30;0.49999999999999994;0.8660254037844387;-0.20129852008866114;0.9795299412524943;0.43388373911755823;-0.900968867902419;0.014296011532916868;0.39215686274509803;0.017469489200883797;1;0.0018883085576536763;0.0016472478907191643;0.005383688228204098;3.0074296591434386;0.0068212824010914054;8.526603001364257e-05;0.016030013642564803;2.550103392626786;2.802640048078462;0.4525108741115001;2.732403105103017;680.0
2025-01-31;0.49999999999999994;0.8660254037844387;-2.4492935982947064e-16;1.0;-0.433883739117558;-0.9009688679024191;0.02808356769787063;0.876967095851216;0.038269415050869574;1;0.0018066137773937632;0.000589113188280575;0.0032597596418191817;2.843574194118587;0.000847457627118644;0.0013559322033898306;0.0041525423728813555;1.5576146870563654;2.652155162630229;0.1420736674877959;3.5796069185081216;355.0
2025-02-03;0.8660254037844386;0.5000000000000001;0.6234898018587335;0.7818314824680298;0.0;1.0;0.011860812190715575;-0.5231788079470199;0.022239388518458286;1;0.00031818001034085035;0.0019886250646303145;0.0056874676848427;2.72246149586146;0.0036459216550788535;0.0016957775139901645;0.006783110055960658;1.3324692500819257;2.787138751015559;-0.2459830299576739;3.5644249023234167;40.0
2025-02-04;0.8660254037844386;0.5000000000000001;0.7818314824680298;0.6234898018587336;0.7818314824680298;0.6234898018587336;0.011414707870978006;0.7212543554006968;0.026394151581782925;-1;0.0002766798418972332;0.0;0.005691699604743083;2.7888097338504303;0.002916702410568757;0.00034314146006691256;0.004803980440936776;1.697280951992625;2.808290847106059;-0.002699964370876957;3.0632303900776643;685.0
2025-02-05;0.8660254037844386;0.5000000000000001;0.9009688679024191;0.4338837391175582;0.9749279121818236;-0.22252093395631434;0.01241106719367589;0.37261146496815284;0.017437443399724063;1;0.0024691358024691358;0.0013142174432497014;0.004141776184786937;2.818189814694154;0.0002592016588906169;0.002073613271124935;0.006825643684119578;1.7891290296179136;2.698771939610293;0.6271891010444365;2.9798295909597434;165.0
2025-02-06;0.8660254037844386;0.5000000000000001;0.9749279121818236;0.22252093395631445;0.43388373911755823;-0.900968867902419;0.01015531660692951;0.8666666666666667;0.018580295586421627;-1;0.002183406113537118;0.002421595871377531;0.006073838824930528;2.9206278074590113;0.0033444816053511705;0.0005145356315924878;0.004545064745733642;1.8362784083310586;2.7979158498985996;0.32952068500404447;3.325940328922672;15.0
2025-02-07;0.8660254037844386;0.5000000000000001;1.0;6.123233995736766e-17;-0.433883739117558;-0.9009688679024191;0.009884874950377133;0.7911646586345381;0.01988363554199853;-1;0.0006725481663172054;0.0007121098231593939;0.0025319460379000674;2.8476233953978762;0.0007763305442939705;0.0014664021392219442;0.002846545329077892;1.2435475097109565;2.670561633542214;-0.41794220315060765;3.3814099006425065;300.0
2025-02-10;0.8660254037844386;0.5000000000000001;0.7818314824680299;-0.6234898018587335;0.0;1.0;0.019187403568461447;0.3216494845360825;0.007532331035982435;1;0.0008792965627498001;0.0019184652278177458;0.006474820143884892;2.9322914418606256;0.0024864957558089684;0.0001714824659178599;0.006173368773042956;1.6723628451201842;2.8079546756371134;-0.6251562064230157;3.1496381904701853;705.0
2025-02-11;0.8660254037844386;0.5000000000000001;0.6234898018587339;-0.7818314824680295;0.7818314824680298;0.6234898018587336;0.013029576338928857;0.5460122699386503;0.010374923418401679;1;0.0029423459244532803;0.0014711729622266401;0.005129224652087475;2.8562029996077514;0.0008594018563080096;0.002062564455139223;0.00446888965280165;1.996891393555893;2.767767238234221;-0.7207032023105466;2.7954708724106796;735.0
2025-02-12;0.8660254037844386;0.5000000000000001;0.43388373911755823;-0.900968867902419;0.9749279121818236;-0.22252093395631434;0.011411530815109344;2.4146341463414633;0.03412624627320232;-1;0.0024025420444857785;0.00011625203441060219;0.013872742772998527;2.9716032260957634;0.0005184033177812338;0.0022464143770520133;0.002851218247796786;1.6619548784667302;2.72545795101067;-0.8605069667598034;5.557105719060194;545.0
2025-02-13;0.8660254037844386;0.5000000000000001;0.2225209339563141;-0.9749279121818237;0.43388373911755823;-0.900968867902419;0.022669146710067426;0.17606837606837608;0.016104532364166164;-1;0.0007878358150161507;0.0009847947687701883;0.006263294729378398;3.0075931420701387;0.0023376623376623377;0.0007792207792207792;0.0049350649350649355;1.6154731939018179;2.7178266514537515;-0.7324883388869511;3.070922939160754;120.0
2025-02-14;0.8660254037844386;0.5000000000000001;1.2246467991473532e-16;-1.0;-0.433883739117558;-0.9009688679024191;0.00988733947845269;0.7848605577689243;0.01472315201674429;1;0.0024405605416469847;0.00019681939851991812;0.010825066918595496;3.2128159481898684;0.0008652764558276369;0.0017305529116552738;0.007181794583369387;1.9050370717169793;3.258167131520498;-0.5724526535494362;3.6499456911175776;285.0
2025-02-17;0.8660254037844386;0.5000000000000001;-0.6234898018587338;-0.7818314824680296;0.0;1.0;0.03105810108644308;0.8757921419518377;0.038978623084520055;1;0.00026830203142966653;0.00022997316979685704;0.005672671521655807;2.809732404692082;0.0017468774565464233;0.001659533583719102;0.003930474277229453;1.5793508557599651;2.9868401365633375;-0.958046778532183;3.4905812891782166;15.0
2025-02-18;0.8660254037844386;0.5000000000000001;-0.7818314824680297;-0.6234898018587337;0.7818314824680298;0.6234898018587336;0.011651973936374089;0.5789473684210527;0.04276073485644171;-1;0.0001904036557501904;0.002932216298552932;0.0048362528560548365;3.0603773075052305;0.0014849755415793152;0.0007861635220125787;0.003668763102725367;1.7223355526507458;2.848413326161926;-0.8767730311199629;3.5222937294095953;225.0
2025-02-19;0.8660254037844386;0.5000000000000001;-0.900968867902419;-0.4338837391175583;0.9749279121818236;-0.22252093395631434;0.010015232292460015;0.23193916349809887;0.03443701003348455;-1;0.00015313935681470137;0.0007656967840735069;0.008767228177641653;3.1607045140200474;0.0005252100840336134;0.0031512605042016808;0.006565126050420168;2.288481445591218;3.1081244475152157;0.10126078749622813;3.597026464660664;520.0
2025-02-20;0.8660254037844386;0.5000000000000001;-0.9749279121818236;-0.2225209339563146;0.43388373911755823;-0.900968867902419;0.011255742725880551;0.3741496598639456;0.02502296818042617;-1;0.0015420200462606013;0.0014649190439475714;0.0032767925983037778;3.00453352593764;0.001838235294117647;0.0012254901960784314;0.004026610644257703;1.849321781658678;2.9218599724863346;-0.4870725688644596;3.475159840752986;240.0
2025-02-21;0.8660254037844386;0.5000000000000001;-1.0;-1.8369701987210297e-16;-0.433883739117558;-0.9009688679024191;0.0069776407093292215;0.4696132596685083;0.02103640871412636;1;0.0011581222977146387;0.0016213712168004941;0.0030883261272390363;2.844384300122621;0.0016633108640462225;0.00017508535411012868;0.002538737634596866;1.8017927453390759;3.0958736704124963;-0.5960754707311611;2.8390526280969866;120.0
2025-02-24;0.8660254037844386;0.5000000000000001;-0.7818314824680299;0.6234898018587334;0.0;1.0;0.010075663990117356;0.7586206896551724;0.017938877266936156;1;0.0014679182601305674;0.0009657356974543207;0.003592536794530073;2.950173718344657;0.0006114605171208945;0.0006114605171208945;0.002620545073375262;1.7427045565276038;3.1544948210454526;-0.4054796796317682;3.4421450657946595;570.0
2025-02-25;0.8660254037844386;0.5000000000000001;-0.6234898018587337;0.7818314824680297;0.7818314824680298;0.6234898018587336;0.020937149920809674;0.2047970479704797;0.002856435624113503;1;0.0025466227863971164;0.0;0.0036044507130543802;2.9548076759008914;0.000693421166681113;0.00017335529167027824;0.008494409291843634;2.895803304938183;3.1547122909910086;-0.810025398329602;2.3452368054290176;290.0
2025-02-26;0.8660254037844386;0.5000000000000001;-0.4338837391175575;0.9009688679024194;0.9749279121818236;-0.22252093395631434;0.009481272527816956;0.6446280991735537;0.007134391849997253;1;0.0003506857855361596;0.0005455112219451371;0.006896820448877805;2.9135679011603077;0.001915542011319112;0.00130605137135394;0.0036569438397910316;1.7753155846749167;2.9509903444368377;-0.64066451463132;3.8749910000719994;1530.0
2025-02-27;0.8660254037844386;0.5000000000000001;-0.22252093395631464;0.9749279121818235;0.43388373911755823;-0.900968867902419;0.020183915211970074;-0.1718146718146718;-0.01142815705043402;1;0.0008723235527359239;0.0019825535289452814;0.00408406026962728;2.767213291373501;0.0011170304175975253;0.0018044337515036948;0.004811823337343186;1.9122105029905534;2.722536958197848;-0.7136377697774174;2.8010859929078014;75.0
2025-02-28;0.8660254037844386;0.5000000000000001;-2.4492935982947064e-16;1.0;-0.433883739117558;-0.9009688679024191;0.011538461538461539;0.3711340206185567;-0.008793341763962003;-1;7.912018355882586e-05;0.0018988844054118206;0.004786771105308964;2.973380425650782;0.003153229930117607;0.0005113345832623146;0.005113345832623147;1.8070004861448712;3.069672451314101;-0.8767269600593187;2.554119494797461;210.0
2025-03-06;1.0;6.123233995736766e-17;0.9377521321470804;0.3473052528448203;0.43388373911755823;-0.900968867902419;0.006989376148254653;0.07428571428571429;-0.022344558949701672;1;0.00040163868583821993;0.0009639328460117278;0.006787693790665917;3.021387156357837;0.002681197024736205;8.64902266043937e-05;0.0039785504238021106;1.5773568250549015;2.8706873222323477;-0.16731246164405833;3.8928433320956324;470.0
2025-03-07;1.0;6.123233995736766e-17;0.9884683243281114;0.1514277775045767;-0.433883739117558;-0.9009688679024191;0.012772110209655393;0.5880503144654088;-0.01697158442690712;-1;0.0009987615356957373;0.0003995046142782949;0.010107466741240861;2.8645868939266657;0.0012093987560469939;0.001295784381478922;0.0038873531444367656;1.302562030834445;2.8253417227164244;0.16988803040494535;4.7462731339272;475.0
2025-03-10;1.0;6.123233995736766e-17;0.8978045395707416;-0.4403941515576344;0.0;1.0;0.03000279653229995;0.6245006657789614;-0.01026054763489175;-1;0.0012693375644585482;0.0017453391511305038;0.007695358984529948;3.0933259826958763;0.002234444826400825;0.0013750429700928155;0.005070470952217257;1.6669539371018545;2.91304201284147;0.6780689633781501;3.960155889935997;95.0
2025-03-11;1.0;6.123233995736766e-17;0.7907757369376989;-0.6121059825476626;0.7818314824680298;0.6234898018587336;0.011582705275684252;0.934931506849315;-0.008512375926623949;-1;0.0005148107080627277;0.0010296214161254554;0.00518770790432441;2.9540265490900284;0.0015347885402455662;0.0014495225102319235;0.0030695770804911324;1.605720533854044;2.8680208911074137;0.19808557517195535;3.7843459167640305;715.0
2025-03-12;1.0;6.123233995736766e-17;0.6513724827222223;-0.758758122692791;0.9749279121818236;-0.22252093395631434;0.018691588785046728;0.565677966101695;-0.01614179179189004;-1;0.003790901835594573;0.004549082202713488;0.010694333599361533;2.8188619257227736;8.567511994516793e-05;0.00205620287868403;0.00745373543522961;2.0728837142845697;3.0591402882128342;-0.28351127911634616;4.177972038671088;105.0
2025-03-13;1.0;6.123233995736766e-17;0.48530196253108104;-0.8743466161445821;0.43388373911755823;-0.900968867902419;0.011292897047086992;0.3286219081272085;-0.019630942984264616;1;0.0018826356899659523;0.0013619066693370718;0.008932505507710796;2.977436417810734;0.0005133909472062976;0.0007700864208094464;0.002566954736031488;1.4990671684454908;2.920179556591166;0.37572429395063967;4.434738018014635;445.0
2025-03-14;1.0;6.123233995736766e-17;0.29936312297335804;-0.9541392564000488;-0.433883739117558;-0.9009688679024191;0.020308431804526336;1.0907297830374754;0.0005614514501544973;1;0.0010594883063883222;0.000510123999372155;0.004041751687333229;2.915949707836074;0.00034423407917383823;0.0005163511187607573;0.006196213425129088;2.09273194455506;3.0768350789719348;-0.6079786508066188;2.9940038162316114;560.0
2025-03-17;1.0;6.123233995736766e-17;-0.2993631229733582;-0.9541392564000488;0.0;1.0;0.025074556584523622;0.8544600938967136;0.020018505159489382;1;0.0027674213014567397;0.0014990198716224006;0.006956989660606526;2.8540357162558028;0.0008686587908269632;0.0012161223071577485;0.007470465601111883;1.8830800108032228;3.0203892818663043;-0.9203446278852427;3.8116186192590296;140.0
2025-03-18;1.0;6.123233995736766e-17;-0.4853019625310808;-0.8743466161445822;0.7818314824680298;0.6234898018587336;0.02148595149325441;0.7066189624329159;0.03188825416699272;1;0.0010996094490577485;0.0028438175406665907;0.005308459409244303;2.8280155019735926;0.002010841056128694;0.0;0.004196537856268579;2.047722055711954;2.984283143371326;-0.9537341465933307;3.748411996462169;40.0
2025-03-19;1.0;6.123233995736766e-17;-0.651372482722222;-0.7587581226927911;0.9749279121818236;-0.22252093395631434;0.012664467447768552;0.6287425149700598;0.03620745257849834;1;0.0005281424475629999;7.544892108042855e-05;0.004225139580503999;2.8216972215260014;0.0010529086601737299;0.002544529262086514;0.003597437922260244;1.749905646752922;2.900880745740919;-0.942599836909017;4.14161008084533;365.0
2025-03-20;1.0;6.123233995736766e-17;-0.7907757369376986;-0.6121059825476627;0.43388373911755823;-0.900968867902419;0.014523917307982496;0.5506493506493506;0.043091248035761344;-1;7.485590238790328e-05;0.002619956583576615;0.004042218728946777;2.876670591600641;8.81057268722467e-05;0.0013215859030837004;0.0024669603524229075;1.537158451712642;2.843550196098042;-0.917919996204845;4.345500360513814;220.0
2025-03-21;1.0;6.123233995736766e-17;-0.8978045395707417;-0.44039415155763423;-0.433883739117558;-0.9009688679024191;0.007934725653117747;0.05188679245283019;0.0370838403694343;-1;0.001241068070703272;0.0024069198946972546;0.00376081233546446;2.9127025958624326;0.0006140889551715063;0.0012281779103430126;0.007105886481270287;2.4660209793152394;3.184380725232135;-0.7554127833324125;3.1376295439479214;335.0
2025-03-24;1.0;6.123233995736766e-17;-0.9884683243281114;0.15142777750457667;0.0;1.0;0.008424219631440391;1.1473214285714286;0.04298110326992881;-1;0.0018297236743838685;0.0014563106796116505;0.011015683345780434;2.9049058296084547;0.002795980777632154;0.0019222367846221057;0.012232415902140673;2.6603772895657385;3.362436636110924;-0.6309736515209471;3.0944935048588404;105.0
2025-03-25;1.0;6.123233995736766e-17;-0.9377521321470804;0.3473052528448203;0.7818314824680298;0.6234898018587336;0.01657953696788648;0.12387387387387387;0.028537640431954687;1;0.0006807866868381241;0.0008320726172465961;0.0063918305597579425;2.8950334143377887;8.679048776254123e-05;0.0006075334143377885;0.00494705780246485;2.0613167514107538;2.9225736939525375;-0.6874353310905663;4.3243077690937755;680.0
2025-03-26;1.0;6.123233995736766e-17;-0.8486442574947509;0.5289640103269624;0.9749279121818236;-0.22252093395631434;0.017889561270801817;0.4608879492600423;0.03453833979045899;1;0.0;0.0013515542874305451;0.00566901937227812;2.840636350621577;0.0008755034144633164;0.0021012081947119595;0.006128523901243215;1.8776848048114965;3.028328818820951;-0.8271832286286689;3.8686254922021512;315.0
2025-03-27;1.0;6.123233995736766e-17;-0.72479278722912;0.6889669190756865;0.43388373911755823;-0.900968867902419;0.009535966361315512;0.8464566929133859;0.03614854717913441;1;0.0014587073608617594;0.0005610412926391383;0.004189108318372232;2.8335506021318873;0.0004363763309478094;0.0005236515971373713;0.006720195496596265;2.0611880156382383;3.0542150060394957;-0.5916425960377459;3.7983812668426427;185.0
2025-03-28;1.0;6.123233995736766e-17;-0.5712682150947924;0.8207634412072763;-0.433883739117558;-0.9009688679024191;0.010472770795930581;0.3607142857142857;0.034239438280662476;-1;3.738457512430371e-05;0.004411379864667838;0.006729223522374668;3.026942259021312;0.0017389792191983306;0.00017389792191983307;0.0053038866185549085;2.12071894969841;3.170228563863771;0.4652774075026503;3.8391044797798055;170.0
2025-03-31;1.0;6.123233995736766e-17;-2.4492935982947064e-16;1.0;0.0;1.0;0.013234139594003514;-0.05367231638418079;0.01794628459443403;-1;0.0017811801265774814;0.0018948724750824269;0.005608822526243984;2.751581082633485;0.003450060376056581;0.0008625150940141452;0.005606348111091944;2.1331348693579737;2.778945895708832;-0.7190771766619662;3.273126604765569;320.0
2025-04-01;0.8660254037844387;-0.4999999999999998;0.20791169081775931;0.9781476007338057;0.7818314824680298;0.6234898018587336;0.010346003713950051;0.23809523809523808;0.010003369758821547;-1;0.0014870738961336079;0.0018302447952413636;0.00350796919087928;2.834134188409726;0.00017409470752089137;0.001915041782729805;0.004265320334261838;1.7611627774376701;2.8094463028010987;0.1621095147427777;3.8743479696269394;280.0
2025-04-02;0.8660254037844387;-0.4999999999999998;0.40673664307580015;0.9135454576426009;0.9749279121818236;-0.22252093395631434;0.01555708075955159;0.4411764705882353;0.010380357022825262;1;0.003231324843185706;0.0009123740733700817;0.00486599505797377;2.8632572629535553;0.0006129597197898424;0.003327495621716287;0.004203152364273205;2.0790244734962577;2.822867989896842;-0.17150443763171003;4.032417138237672;505.0
2025-04-03;0.8660254037844387;-0.4999999999999998;0.5877852522924731;0.8090169943749475;0.43388373911755823;-0.900968867902419;0.02014826078692264;-0.15849056603773584;-0.0010097971399939067;1;0.009436857449746816;0.001035752646923431;0.010626054933251496;3.0512537652075267;0.001592215833701902;0.0033613445378151263;0.006811145510835914;2.873814757244476;3.141591190715383;0.06432116546415532;3.396818405220951;2190.0
2025-04-04;0.8660254037844387;-0.4999999999999998;0.7431448254773941;0.6691306063588582;-0.433883739117558;-0.9009688679024191;0.022441307350007673;-0.17264957264957265;-0.008502644056653715;-1;0.0015420200462606013;0.0018889745566692366;0.009020817270624518;2.659934499620503;0.0030559678686806952;0.0004365668383829564;0.009691783812101633;3.134432020765087;3.0428548590156073;-0.4760254991803659;2.6429780922827697;960.0
2025-04-07;0.8660254037844387;-0.4999999999999998;0.9945218953682733;0.10452846326765346;0.0;1.0;0.023708558211256746;-0.3821138211382114;-0.03981354118905701;1;0.003302825308396339;0.00238758456028651;0.009072821329088739;2.585516706962928;0.003302286198137172;0.0014394580863674852;0.007281964436917867;2.7458724413469033;3.122800939292451;-0.9628703538200394;3.051151422510257;545.0
2025-04-08;0.8660254037844387;-0.4999999999999998;0.9945218953682734;-0.10452846326765333;0.7818314824680298;0.6234898018587336;0.03820135296458416;0.640625;-0.027213938427150895;-1;0.0011390416339355852;0.0034564021995286726;0.010015710919088767;2.7519326451095365;0.0008476731372382809;0.002543019411714843;0.006866152411630075;1.7911416500259174;2.9912027813960615;-0.9757914917724737;3.6908203665961694;380.0
2025-04-09;0.8660254037844387;-0.4999999999999998;0.9510565162951536;-0.30901699437494734;0.9749279121818236;-0.22252093395631434;0.03405341712490181;-0.1453287197231834;-0.0595417162799854;1;0.002072917936836971;0.0036987359265130268;0.0068690810063813355;2.742852090085051;0.0023968923051491857;0.00033060583519299114;0.01157120423175469;2.259341650445902;2.9502733503780667;-0.9237534917687654;3.0742165442439022;1320.0
2025-04-10;0.8660254037844387;-0.4999999999999998;0.8660254037844387;-0.4999999999999998;0.43388373911755823;-0.900968867902419;0.06015526561801406;0.6195945945945946;-0.028904868650686057;1;0.0075897597231507335;0.003224664752841244;0.011876204333634826;2.5687261477339765;0.000595288715026788;0.006293052130283187;0.010460073135470703;1.7698339112481702;2.7835872351935027;-0.9410775723210302;3.3907431230327085;435.0
2025-04-11;0.8660254037844387;-0.4999999999999998;0.7431448254773945;-0.6691306063588579;-0.433883739117558;-0.9009688679024191;0.02505013960438869;0.6342229199372057;-0.029202977019199366;1;0.0029902423670129055;0.0009442870632672333;0.005626377085300598;2.5341753104055154;0.0035084716755091564;0.0017114495978093444;0.009584117747732329;1.8168717200173328;2.7673920275882793;-0.9481120932072397;2.7473248241325554;300.0
2025-04-14;0.8660254037844387;-0.4999999999999998;0.20791169081775931;-0.9781476007338057;0.0;1.0;0.019200503619767075;1.0245901639344261;-0.01677822844232747;1;0.00019440124416796267;0.0012052877138413686;0.008164852255054433;2.6984003284702096;0.0001706630258554484;0.0014506357197713116;0.003327929004181244;1.2596478464308658;2.4729978483760826;-0.7189219806081375;3.923854209219747;340.0
2025-04-15;0.8660254037844387;-0.4999999999999998;5.66553889764798e-16;-1.0;0.7818314824680298;0.6234898018587336;0.013219284603421462;0.6029411764705882;-0.009211387371941816;-1;0.0039011201235998453;7.72499034376207e-05;0.006179992275009656;2.7146333418051447;0.0009369676320272573;0.004258943781942078;0.005706984667802385;1.5926278137777212;2.797252665463409;-0.8257311487028653;3.3393189441422444;575.0
2025-04-16;0.8660254037844387;-0.4999999999999998;-0.20791169081775907;-0.9781476007338057;0.9749279121818236;-0.22252093395631434;0.008072614909231363;2.45933014354067;0.008003402931196026;-1;0.0012165450121654502;0.00239507299270073;0.006614963503649635;2.670455195862454;0.0011904761904761906;0.0008503401360544217;0.00824829931972789;1.8486035866055388;2.9289081799921504;0.21793027788707653;3.457169252986368;85.0
2025-04-17;0.8660254037844387;-0.4999999999999998;-0.4067366430758002;-0.9135454576426009;0.43388373911755823;-0.900968867902419;0.012811739659367397;0.2818991097922849;0.004276743074995539;0;0.002598295823621566;0.0025218753582209315;0.005120171181842497;2.7849320982808696;0.0023787273808512444;0.0011044091411095064;0.004502591113754142;1.7939186591682028;2.8114357066673605;-0.2576316371919037;3.413975927694255;295.0
2025-04-22;0.8660254037844387;-0.4999999999999998;-0.9945218953682733;-0.10452846326765423;0.7818314824680298;0.6234898018587336;0.01780596843834779;0.8025751072961373;0.014679994548033932;-1;0.0013621916149538368;0.00011351596791281973;0.006167700923263205;2.862905332288518;0.0011199172984148863;0.00034458993797381116;0.005341144038594073;1.8060718891048433;2.9746951201524547;-0.748308686942845;4.260782641464528;10.0
2025-04-23;0.8660254037844387;-0.4999999999999998;-0.9945218953682734;0.10452846326765299;0.9749279121818236;-0.22252093395631434;0.01812471621008022;1.3298538622129437;0.029922463060050336;1;0.002423112767940354;0.00011183597390493942;0.005256290773532153;2.916751818725854;0.0014891380518570428;0.0016643307638402243;0.0058689558514365804;2.4293784145250443;3.0204544309537003;-0.9143284484187123;3.2592257874729142;920.0
2025-04-24;0.8660254037844387;-0.4999999999999998;-0.9510565162951536;0.30901699437494723;0.43388373911755823;-0.900968867902419;0.012376514445479962;0.4066265060240964;0.03398015427043738;1;0.0018548058018325482;0.0008161145528063212;0.006083763030010758;2.939786448786342;0.0;0.0016634564874803011;0.006303624584135878;2.122527018337704;2.9703846460300385;-0.8605098810686429;2.997983157774734;60.0
2025-04-25;0.8660254037844387;-0.4999999999999998;-0.8660254037844386;0.5000000000000001;-0.433883739117558;-0.9009688679024191;0.020143191007901472;0.7624309392265194;0.04746712422418531;1;0.0015722695528172877;0.0015722695528172877;0.004826501883067023;2.863841718537525;0.001139251599333976;0.00105161686092367;0.004907545350977128;2.0315751418730206;2.7378792930976994;-0.7711065886444387;3.4332985943771606;305.0
2025-04-28;0.8660254037844387;-0.4999999999999998;-0.40673664307580015;0.913545457642601;0.0;1.0;0.006800979926139895;0.41935483870967744;0.046947836162491444;1;0.0003287310979618672;0.0003652567755131858;0.005077069179633282;2.7874330361264956;0.0004385964912280702;0.0007017543859649122;0.006578947368421052;1.9300511881127134;2.8386471784280953;-0.5584580309579074;3.1133116323025343;40.0
2025-04-29;0.8660254037844387;-0.4999999999999998;-0.20791169081775898;0.9781476007338057;0.7818314824680298;0.6234898018587336;0.00898531667762437;0.34552845528455284;0.048436682490156466;1;0.0029140713218956033;0.00047353658980803557;0.003424033803227334;2.818444891188168;0.0004415790868144485;0.0013247372604433454;0.004415790868144484;1.8973987364010558;2.730275125056844;-0.4659475175141483;3.308953876379081;355.0
2025-04-30;0.8660254037844387;-0.4999999999999998;-1.133107779529596e-15;1.0;0.9749279121818236;-0.22252093395631434;0.00961643536225549;0.007575757575757576;0.04571949206494432;-1;0.0035361452371404614;0.0003645510553753053;0.006671284313368087;2.9083440842725774;0.0003531696980399082;0.0032668197068691507;0.005297545470598622;2.225618729238693;2.8698727881576653;-0.47205794746938473;3.873513965930351;170.0
2025-05-02;0.49999999999999994;-0.8660254037844387;0.39435585511331855;0.9189578116202306;-0.433883739117558;-0.9009688679024191;0.011118807188946813;0.7377049180327869;0.04404319496692671;-1;0.0016394637132031479;0.0026960069950451764;0.00710434275721364;2.938450964351052;0.0008756567425569177;0.001138353765323993;0.006567425569176883;2.1882012863259273;2.872618053446705;-0.7287865775204024;3.340202507391685;40.0
2025-05-05;0.49999999999999994;-0.8660254037844387;0.8486442574947509;0.5289640103269624;0.0;1.0;0.008561643835616438;0.5063829787234042;0.03971171198524403;1;0.0013871144369410476;0.000292024091987589;0.003832816207337105;2.841210614366782;0.0;0.001229904243169639;0.004743916366511464;1.8662214361014844;3.025496737297456;-0.5057967017234835;3.0970117755873154;875.0
2025-05-06;0.49999999999999994;-0.8660254037844387;0.9377521321470804;0.3473052528448203;0.7818314824680298;0.6234898018587336;0.015769300967329803;0.0;0.025231065334800837;1;0.0009238728750923873;0.00011086474501108647;0.005395417590539542;3.033376338576313;0.0013954299668585382;0.0011337868480725624;0.003663003663003663;2.4895879606776234;2.9573377322081225;-0.6603375173718293;2.9905566338857623;185.0
2025-05-07;0.49999999999999994;-0.8660254037844387;0.9884683243281114;0.1514277775045767;0.9749279121818236;-0.22252093395631434;0.007834441980783445;0.7924528301886793;0.029055690072639227;1;0.0021691176470588235;0.0;0.003676470588235294;3.105586369587078;8.710801393728223e-05;0.0017421602787456446;0.005662020905923345;2.120292029927066;2.842964760859275;-0.6886208135075703;3.479061166580761;1270.0
2025-05-08;0.49999999999999994;-0.8660254037844387;0.9987165071710528;-0.05064916883871264;0.43388373911755823;-0.900968867902419;0.013419117647058823;0.9452054794520548;0.029068934038492006;1;0.0008797653958944282;0.0001466275659824047;0.00964076246334311;3.2156108930822724;0.004954798331015299;0.0006954102920723226;0.009040333796940195;2.9210730242177356;3.1177459854014598;-0.4397841006157672;3.1593065549882566;1200.0
2025-05-09;0.49999999999999994;-0.8660254037844387;0.9680771188662043;-0.2506525322587204;-0.433883739117558;-0.9009688679024191;0.02375366568914956;0.7469135802469136;0.04227287574950909;-1;0.00032420749279538904;0.0031340057636887607;0.004070605187319885;3.0369098059411503;0.00017551557700745942;0.0019306713470820535;0.004124616059675296;2.055603020959058;2.835717499816871;-0.9290617404450142;3.830004723526112;90.0
2025-05-12;0.49999999999999994;-0.8660254037844387;0.6513724827222223;-0.758758122692791;0.0;1.0;0.008393371757925072;2.060085836909871;0.04797899635125092;-1;3.563664872955347e-05;0.0016036491928299063;0.007341149638288015;3.2016020777657017;0.003947368421052632;0.0019298245614035089;0.00631578947368421;2.408310844400124;2.9037756270349564;-0.7740020014470631;2.8175741342849796;955.0
2025-05-13;0.49999999999999994;-0.8660254037844387;0.48530196253108104;-0.8743466161445821;0.7818314824680298;0.6234898018587336;0.016036491928299063;0.28444444444444444;0.031725369137501395;1;0.0007570295602018746;0.0027036770007209804;0.003604902667627974;2.876289149078552;0.0021981886925173657;8.792754770069463e-05;0.006418710982150708;2.2848185438606694;3.0002788515163754;0.07822720338990295;2.9134246513878783;725.0
2025-05-14;0.49999999999999994;-0.8660254037844387;0.29936312297335804;-0.9541392564000488;0.9749279121818236;-0.22252093395631434;0.021881759192501803;0.7347611202635914;0.04011188852587607;1;0.0015296503148233788;0.0008537583152502579;0.003592899576678169;2.87750306422588;0.0021325750844144306;0.002399146969966234;0.006131153367691488;2.6819582734362206;2.943833017077799;-0.8938917497346095;2.572528302283915;10.0
2025-05-15;0.49999999999999994;-0.8660254037844387;0.10116832198743272;-0.994869323391895;0.43388373911755823;-0.900968867902419;0.007861691152929458;-0.13574660633484162;0.02971267130414924;1;0.00025040243248077265;0.0014666428188159543;0.0034340905025934537;2.734193951677827;0.0010611956137247967;0.0011496285815351963;0.0044216483905199855;1.9180682411395857;2.907441125491418;-0.9322702192185884;2.7145310011114474;390.0
2025-05-16;0.49999999999999994;-0.8660254037844387;-0.10116832198743204;-0.9948693233918952;-0.433883739117558;-0.9009688679024191;0.011446968341978178;0.75;0.03263241675010912;-1;0.00014207572636215103;0.0013852383320309726;0.010371528024437025;3.23755115613199;0.0021956789039170913;0.0007904444054101528;0.006938345336378008;2.28839917452322;2.9502409060199835;-0.02251374356782287;3.5791110300908313;385.0
2025-05-19;0.49999999999999994;-0.8660254037844387;-0.651372482722222;-0.7587581226927911;0.0;1.0;0.012289550330326063;0.5086705202312138;0.022838523021172757;1;0.0012142857142857142;0.00075;0.0033928571428571428;2.839418507426652;0.0016735664582048797;0.000792742006518101;0.0064300184973134855;1.8771836149957797;2.9906899454712526;-0.07936616007864715;2.9427717216319396;810.0
2025-05-20;0.49999999999999994;-0.8660254037844387;-0.7907757369376986;-0.6121059825476627;0.7818314824680298;0.6234898018587336;0.013178571428571428;0.7615176151761518;0.028301955447526034;1;0.0005661712668082095;0.0027246992215145083;0.003821656050955414;2.8667546950974705;0.002207505518763797;0.0008830022075055188;0.0038852097130242826;2.24596686479336;2.869813798623056;-0.8196888619738814;2.4754374692804655;605.0
2025-05-21;0.49999999999999994;-0.8660254037844387;-0.8978045395707417;-0.44039415155763423;0.9749279121818236;-0.22252093395631434;0.009483368719037509;0.6567164179104478;0.024495575349593613;-1;0.0017342677143059389;0.0004601118425709634;0.003185389679337439;2.706618990786573;0.0014077071969030442;0.001319725497096604;0.004926975189160654;2.1746281709733157;2.919102506334879;-0.6839867442066803;2.834350217595528;430.0
2025-05-22;0.49999999999999994;-0.8660254037844387;-0.9680771188662041;-0.2506525322587213;0.43388373911755823;-0.900968867902419;0.019289304169321158;0.10091743119266056;0.006333682490922807;1;0.00071908819616726;0.004674073275087189;0.005716751159529717;2.8844912194310606;0.003974913876866001;0.0002649942584577334;0.005653210847098313;2.4956002004068463;2.869925732746551;0.5931295996597621;3.2073934380870552;340.0
2025-05-23;0.49999999999999994;-0.8660254037844387;-0.9987165071710528;-0.05064916883871355;-0.433883739117558;-0.9009688679024191;0.03577463775932118;0.2542713567839196;-0.01311720860593041;1;0.0035913221929053064;0.003518029903254178;0.010260920551158018;2.775030815361829;0.001480836236933798;0.0024390243902439024;0.01019163763066202;2.9975748007857703;3.1446780066491935;-0.4225952085555381;2.823430764807425;125.0
2025-05-26;0.49999999999999994;-0.8660254037844387;-0.8486442574947509;0.5289640103269624;0.0;1.0;0.023783347991791264;0.9984591679506933;0.006198384444404286;-1;0.0021192528735632186;0.0014367816091954023;0.005603448275862069;2.7621156260473887;0.0005309734513274337;0.001415929203539823;0.004778761061946903;1.4025132153614184;2.7300856634879587;-0.93761876462099;4.605741268743666;575.0
2025-05-27;0.49999999999999994;-0.8660254037844387;-0.72479278722912;0.6889669190756865;0.7818314824680298;0.6234898018587336;0.008979885057471264;1.044;0.011338007695905207;1;0.0037494643622339664;0.0;0.01146264819311527;2.727668271819399;0.002030008826125331;0.002030008826125331;0.004942630185348632;2.088716335539129;2.9958191953465825;-0.7969257790847823;4.2264661664273335;410.0
2025-05-28;0.49999999999999994;-0.8660254037844387;-0.5712682150947924;0.8207634412072763;0.9749279121818236;-0.22252093395631434;0.01146264819311527;0.48286604361370716;0.015595132472066535;-1;0.0020242196100713804;0.0006747398700237935;0.004474590716999893;2.6503472188006345;0.0001768972227136034;0.0010613833362816203;0.004068636122412878;1.6928576883771507;3.008453762829296;-0.549181194789775;4.044637793245682;445.0
2025-05-29;0.49999999999999994;-0.8660254037844387;-0.3943558551133187;0.9189578116202306;0.43388373911755823;-0.900968867902419;0.0107603252956426;0.6831683168316832;0.013141657884544366;-1;0.0;0.0021692745376955904;0.008748221906116642;2.7563237495960053;0.0009648276466976581;8.771160424524164e-05;0.007016928339619331;2.0190375346140224;2.8579776230956226;-0.6436278704602342;3.679617429465539;475.0
2025-05-30;0.49999999999999994;-0.8660254037844387;-0.20129852008866114;0.9795299412524943;-0.433883739117558;-0.9009688679024191;0.012553342816500711;0.43342776203966005;0.004920221859894253;1;0.0016475644699140402;0.0036174785100286534;0.0068051575931232094;2.5641854896820937;0.0024531277378657787;0.001927457508323112;0.005782372524969336;2.4606875231777963;2.8525159522486443;-0.08282626842884565;3.7948164183140007;1595.0
2025-06-02;1.2246467991473532e-16;-1.0;0.40673664307580015;0.9135454576426009;0.0;1.0;0.01797994269340974;0.2290836653386454;-0.0059720130488215215;1;0.00025342118601115053;0.0010860907971906452;0.009883426254434871;2.700482355857584;0.00130718954248366;8.714596949891067e-05;0.005751633986928104;2.4212720617538523;2.9086737527157234;-0.8082787878855772;3.26567466630939;1160.0
2025-06-03;1.2246467991473532e-16;-1.0;0.5877852522924731;0.8090169943749475;0.7818314824680298;0.6234898018587336;0.01687061038302802;0.1223175965665236;-0.0109423825842434;-1;3.6357025995273585e-05;0.001308852935829849;0.004253772041447009;2.252332073673101;0.00035001750087504374;0.001575078753937697;0.007000350017500875;1.993727766603752;3.164999140661445;-0.5775748383151884;0.5132197762344631;55.0
2025-06-04;1.2246467991473532e-16;-1.0;0.7431448254773941;0.6691306063588582;0.9749279121818236;-0.22252093395631434;0.01257953099436466;1.0433526011560694;-0.0038634865496424793;1;0.002271907681211684;0.0;0.005265055896141363;2.4983071233684573;8.818342151675486e-05;0.0025573192239858908;0.0051146384479717815;2.0922604013221187;2.7180328025584273;-0.4718920032423017;3.7699793171857303;35.0
2025-06-05;1.2246467991473532e-16;-1.0;0.8660254037844386;0.5000000000000001;0.43388373911755823;-0.900968867902419;0.015218175261449694;0.27014218009478674;-0.009324594965149416;-1;0.0017390044199695675;0.0011231070212303455;0.003115716252445475;2.599786840791657;0.000617828773168579;0.001412180052956752;0.005825242718446602;2.2901099248208103;2.884374462062238;-0.7077583570323855;2.8751539666619697;215.0
2025-06-06;1.2246467991473532e-16;-1.0;0.9510565162951535;0.30901699437494745;-0.433883739117558;-0.9009688679024191;0.012173030939786972;0.49404761904761907;-0.01319864763686572;-1;3.63901018922853e-05;0.0013828238719068413;0.004548762736535662;2.536547592204864;0.0005334281650071124;0.00302275960170697;0.006312233285917497;2.635597466135211;2.889207028056653;0.6643200283734447;2.7440124330088023;330.0
2025-06-09;1.2246467991473532e-16;-1.0;0.9510565162951536;-0.30901699437494734;0.0;1.0;0.010080058224163028;0.45126353790613716;-0.017186217253762123;-1;0.003107292999451654;0.0027417291171632245;0.013525863644671907;2.6281429759259347;0.0016974895023675511;0.0033056374519789154;0.0050924685071026534;2.0417524142809222;2.8143931703751828;0.6384998848468788;3.898958166141572;1160.0
2025-06-10;1.2246467991473532e-16;-1.0;0.8660254037844387;-0.4999999999999998;0.7818314824680298;0.6234898018587336;0.01959422409065984;0.8432835820895522;-0.016326831487178197;1;0.0029244041526538967;0.0014256470244187747;0.008590437198420823;2.6516351698555485;0.0025082863029651527;0.0013437248051599033;0.004837409298575652;2.5138030783962226;3.1393882962942676;-0.004128800103642962;3.8681787914826304;75.0
2025-06-11;1.2246467991473532e-16;-1.0;0.7431448254773945;-0.6691306063588579;0.9749279121818236;-0.22252093395631434;0.010125749378564117;0.37545126353790614;-0.013366216325685637;-1;0.0007298204641658152;0.004634359947452926;0.010290468544737995;2.394829777427366;0.0019674476837774997;0.002235736004292613;0.007064925773564657;2.6089443722663757;2.96375218833205;-0.6749453143659876;4.351086032086058;570.0
2025-06-12;1.2246467991473532e-16;-1.0;0.5877852522924732;-0.8090169943749473;0.43388373911755823;-0.900968867902419;0.01634797839731426;0.5;-0.013759649413647207;-1;0.0009866257399693049;0.0029233355258349776;0.006906380179785135;2.525578087769598;0.0022522522522522522;0.000990990990990991;0.003243243243243243;2.2271093401381745;2.9049425024008113;-0.2720957731916172;4.130090264248209;705.0
2025-06-13;1.2246467991473532e-16;-1.0;0.40673664307580004;-0.913545457642601;-0.433883739117558;-0.9009688679024191;0.016261053862457065;0.6134831460674157;-0.008723321355902853;-1;0.0018924919023183026;0.0019288859773628853;0.0038941660297703534;2.5146105928946922;0.0007159477358152855;0.001968856273492035;0.004206192947914802;2.2065925436908196;3.1975373210692073;-0.22702715273621887;3.6415818911720885;35.0
2025-06-16;1.2246467991473532e-16;-1.0;-0.20791169081775907;-0.9781476007338057;0.0;1.0;0.009389671361502348;0.7286821705426356;-0.006081969344563066;1;0.002071220930232558;0.0003633720930232558;0.010174418604651164;2.609997365633029;0.0018942810752300197;0.0017138733537795418;0.0051416200613386255;2.0686938394190073;3.196209784583125;-0.32014499586498135;4.364692734446964;910.0
2025-06-17;1.2246467991473532e-16;-1.0;-0.4067366430758002;-0.9135454576426009;0.7818314824680298;0.6234898018587336;0.01973110465116279;0.7734806629834254;0.009148456468955948;1;0.0005370569280343716;0.0021124239169351953;0.0029717150017901897;2.4780029583721466;0.002178649237472767;0.0011801016702977488;0.0039034132171387073;2.1693010445825314;2.8759226605429347;-0.9171155589681442;3.7741427802473186;345.0
2025-06-18;1.2246467991473532e-16;-1.0;-0.587785252292473;-0.8090169943749475;0.9749279121818236;-0.22252093395631434;0.010848549946294308;2.254125412541254;0.024874146510820507;-1;0.0007057412047002364;0.002223084794805745;0.00561064257736688;2.443818225467075;0.001543770432255721;0.0027243007628042137;0.006084271703596077;2.2814303581343114;3.1345984673978817;-0.5086718679079602;2.807282702324774;190.0
2025-06-20;1.2246467991473532e-16;-1.0;-0.8660254037844385;-0.5000000000000004;-0.433883739117558;-0.9009688679024191;0.006775115565122269;0.6041666666666666;0.023082217641628565;-1;0.0011654188444695577;0.0009182087865517728;0.010453453877666337;2.661104890761084;0.00045595476928688675;0.0005471457231442641;0.005380266277585264;1.788250917753687;3.030351111960747;0.13066155847279343;4.288081454643331;175.0
2025-06-23;1.2246467991473532e-16;-1.0;-0.9945218953682734;0.10452846326765299;0.0;1.0;0.017234072609125583;0.1598360655737705;0.008215045459712356;1;0.0013601059450946706;0.0017180285622248469;0.0035076416478757293;2.571067772999818;0.0012622847353710215;0.0002704895861509332;0.004327833378414931;2.305926289815234;3.074884758364312;-0.44726630679792256;3.4214840463087444;780.0
2025-06-24;1.2246467991473532e-16;-1.0;-0.9510565162951536;0.30901699437494723;0.7818314824680298;0.6234898018587336;0.011632485056730734;0.9476923076923077;0.009265673709733286;-1;0.000286000286000286;0.004897754897754898;0.00850850850850851;2.7837350157860317;0.0010944910616563297;0.0;0.005016417365924845;2.32767922094312;3.2454799118634297;-0.45661747361215554;4.233609606370407;135.0
2025-06-25;1.2246467991473532e-16;-1.0;-0.8660254037844386;0.5000000000000001;0.9749279121818236;-0.22252093395631434;0.014514514514514515;0.3251231527093596;0.005268095547376777;-1;0.0006101938262742283;0.0034099066762383347;0.008076094759511845;2.6971359253992526;0.0037154508382419575;0.00045310376076121433;0.006977797915722701;2.350026264230608;3.1136005355038052;-0.32955958799656554;3.9210223351503264;225.0
2025-06-26;1.2246467991473532e-16;-1.0;-0.743144825477394;0.6691306063588585;0.43388373911755823;-0.900968867902419;0.011844938980617373;0.5454545454545454;0.0014591896440877537;1;0.0017311645688318246;0.0022360875680744402;0.004652504778735528;2.6274245449653684;0.002701729106628242;0.00018011527377521613;0.004863112391930836;2.3433900149953524;3.1682571119913576;-0.835523760024748;3.4917313102037335;170.0
2025-06-27;1.2246467991473532e-16;-1.0;-0.5877852522924734;0.8090169943749473;-0.433883739117558;-0.9009688679024191;0.010278789627438958;0.8947368421052632;0.008816302933949994;-1;0.0010028653295128939;0.00035816618911174784;0.009240687679083094;2.632349472461875;0.0008197467893250751;0.0016394935786501503;0.005920393478458876;2.305437501830021;3.2783140299477513;-0.7403708045182976;3.5953261952075533;605.0
2025-06-30;1.2246467991473532e-16;-1.0;-1.133107779529596e-15;1.0;0.0;1.0;0.010315186246418338;0.6597222222222222;0.006385216074700162;-1;0.0;0.006391382405745063;0.008797127468581687;2.7230504185492626;0.003981540132114741;0.0003619581938286128;0.006153289295086417;1.869328021447364;2.970463553524473;-0.7070284170027695;4.616983173456113;1260.0
2025-07-01;-0.4999999999999997;-0.8660254037844388;0.20129852008866006;0.9795299412524945;0.7818314824680298;0.6234898018587336;0.02459605026929982;0.8394160583941606;0.017172455489681188;1;0.004506742370475514;0.001242015613910575;0.008161816891412349;2.715644349479065;0.0001828989483310471;0.001828989483310471;0.003932327389117513;2.0102460456990077;3.0880168501554754;-0.37878555749390375;4.760277525943641;80.0
2025-07-02;-0.4999999999999997;-0.8660254037844388;0.39435585511331855;0.9189578116202306;0.9749279121818236;-0.22252093395631434;0.008694109297374025;0.9020408163265307;0.022281085853807968;1;0.0017626736233519002;0.002009447930621166;0.004618204893181979;2.6797881400533954;0.0029989094874591058;0.0015448927662668121;0.0055434387495456195;2.202479237057776;2.99439326812701;0.03163887578994869;4.4362160843503275;1255.0
2025-07-03;-0.4999999999999997;-0.8660254037844388;0.5712682150947923;0.8207634412072763;0.43388373911755823;-0.900968867902419;0.01269125008813368;0.4222222222222222;0.016373140561323676;1;0.001239727968262964;0.002089827146500425;0.00432133748937376;2.738794863574237;0.0025617566331198535;0.0010064043915827996;0.004208600182982617;2.005195173854315;3.419769180171022;0.5055598469900585;4.257193716252133;1690.0
2025-07-04;-0.4999999999999997;-0.8660254037844388;0.72479278722912;0.6889669190756866;-0.433883739117558;-0.9009688679024191;0.01827713233210541;0.7015503875968992;0.025321322443523784;-1;0.0011915191869633784;0.0012265638689328894;0.003013842649377957;2.5257945194618054;0.0008248556502612042;0.0004582531390340024;0.002107964439556411;1.1122891358544198;2.923046232593443;-0.612853560077194;4.878371135324804;395.0
2025-07-07;-0.4999999999999997;-0.8660254037844388;0.9884683243281114;0.1514277775045767;0.0;1.0;0.009882600315402138;0.6702127659574468;0.027703402618722468;-1;0.00038364955357142856;0.0025809151785714285;0.00390625;2.7586389105737514;0.0019181585677749361;0.0006393861892583121;0.0034709535988308366;1.983565971079062;3.1397000065500755;-0.35167767556227353;4.814010155673032;630.0
2025-07-08;-0.4999999999999997;-0.8660254037844388;0.9987165071710528;-0.05064916883871264;0.7818314824680298;0.6234898018587336;0.015834263392857144;0.23127753303964757;0.013943784700663998;-1;0.0015881979247547116;0.0040234347427119364;0.007305710453871674;2.8882732924088685;0.0009081827263645446;0.0007265461810916356;0.005449096358187268;2.461037321653206;3.2233371701739797;-0.8948051780238996;5.0726671917795345;285.0
2025-07-09;-0.4999999999999997;-0.8660254037844388;0.9680771188662043;-0.2506525322587204;0.9749279121818236;-0.22252093395631434;0.009635067410178584;0.5494505494505495;0.009360951205528337;-1;0.0004246885617214043;0.003751415628539071;0.008033691959229898;2.884761726960114;0.0018221574344023323;0.00036443148688046647;0.003735422740524781;1.9684645406582517;3.210449117877949;-0.5610390065309779;5.137241401499308;690.0
2025-07-10;-0.4999999999999997;-0.8660254037844388;0.8978045395707416;-0.4403941515576344;0.43388373911755823;-0.900968867902419;0.02962202718006795;0.03942652329749104;-0.01920240556823336;1;0.0011651616661811825;0.004114477133702301;0.006554034372269152;2.978890068744444;0.0025693275449632322;0.0011517675201559315;0.010543102684504297;4.160450744962264;3.5946508232485526;-0.8098000644511906;2.5209612574127958;470.0
2025-07-11;-0.4999999999999997;-0.8660254037844388;0.7907757369376989;-0.6121059825476626;-0.433883739117558;-0.9009688679024191;0.01543839207690067;0.6344339622641509;-0.01407319489188538;-1;0.0011223750905141202;0.0024619840695148444;0.0052136133236784935;2.806218977543568;0.0011649789407653015;0.00044806882337126985;0.004839143292409714;1.8431386160824763;3.029814386512791;-0.9389404885076678;3.9783489395339644;555.0
2025-07-14;-0.4999999999999997;-0.8660254037844388;0.29936312297335804;-0.9541392564000488;0.0;1.0;0.009051412020275163;0.292;-0.019088745798173063;-1;0.0025478634345199097;0.003676202955521584;0.006588046880687195;2.7962277307348717;0.001430743092193508;0.001430743092193508;0.004649915049628901;1.795687168164438;2.9752344079509445;-0.7365870799389214;4.562425711803599;310.0
2025-07-15;-0.4999999999999997;-0.8660254037844388;0.10116832198743272;-0.994869323391895;0.7818314824680298;0.6234898018587336;0.010883016670306472;0.43812709030100333;-0.022397440292537995;-1;0.0008766803039158387;0.00456604324956166;0.005625365283459965;2.8019507920826485;0.0042864797285229505;0.0009823182711198428;0.009912484372209323;2.7816516532768474;3.369797963382102;-0.6520979212495362;2.6555739317003395;525.0
2025-07-16;-0.4999999999999997;-0.8660254037844388;-0.10116832198743204;-0.9948693233918952;0.9749279121818236;-0.22252093395631434;0.013771186440677966;0.5251989389920424;-0.02307366449258136;1;0.00351288056206089;0.0025980679156908664;0.007281908665105387;2.79603425880357;0.0005371530886302597;0.001521933751119069;0.0036705461056401076;1.6662189954859352;3.0049592372140257;-0.30550120120177104;4.554754475098289;705.0
2025-07-17;-0.4999999999999997;-0.8660254037844388;-0.2993631229733582;-0.9541392564000488;0.43388373911755823;-0.900968867902419;0.01284396955503513;0.3903133903133903;-0.025296074993738597;1;0.0020923573893253064;0.004221422803024741;0.009580794361647457;2.850800029868079;0.004284949116229245;0.0006248884127834316;0.005623995715050884;2.239510542733111;3.3309171506166497;-0.13719631600559004;3.652552682908719;225.0
2025-07-18;-0.4999999999999997;-0.8660254037844388;-0.4853019625310808;-0.8743466161445822;-0.433883739117558;-0.9009688679024191;0.01049849497100066;0.6503496503496503;-0.02105346159911686;-1;0.0005491890308644235;0.0003295134185186541;0.008567348881485007;2.8339134805791466;0.0007167174341515857;0.0018813832646479125;0.0038523562085647734;1.8429939007781948;3.182998736074777;-0.32249763987888136;4.9875702750422946;545.0
2025-07-21;-0.4999999999999997;-0.8660254037844388;-0.8978045395707417;-0.44039415155763423;0.0;1.0;0.01706147255885476;-0.07296137339055794;-0.03671561243853353;1;0.003801997912628597;0.000745489786789921;0.011965111077978232;2.6981380263364088;0.0029411764705882353;0.00017825311942959;0.009536541889483066;2.1030977400675326;3.349857885987022;-0.44612977991827635;3.6384139547393093;150.0
2025-07-22;-0.4999999999999997;-0.8660254037844388;-0.9680771188662041;-0.2506525322587213;0.7818314824680298;0.6234898018587336;0.014984344714477411;0.6019900497512438;-0.027323052803233387;1;0.0006284658040665434;0.0034380776340110905;0.0069500924214417744;2.5864660965425013;0.0018802041364491002;0.0020592711970633002;0.0047452771062763;1.9631828914223528;3.118013186518211;-0.792869663174931;4.051510151373843;415.0
2025-07-23;-0.4999999999999997;-0.8660254037844388;-0.9987165071710528;-0.05064916883871355;0.9749279121818236;-0.22252093395631434;0.011829944547134935;0.55625;-0.0229578793487106;-1;0.00018426386585590566;0.0024691358024691358;0.008807812787912291;2.860766300464222;0.00242152466367713;0.0005381165919282511;0.0033183856502242153;2.058823115720516;3.381138796525376;-0.5623500240523218;5.002268882332742;660.0
2025-07-24;-0.4999999999999997;-0.8660254037844388;-0.9884683243281114;0.15142777750457667;0.43388373911755823;-0.900968867902419;0.01691542288557214;0.6797385620915033;-0.019503284175785375;-1;0.0006981957152831367;0.002131334288759049;0.008047624297210891;2.868248501790471;0.0022585599421808653;0.0009937663745595807;0.003613695907489385;1.9948351711080803;3.488960786491891;-0.6660765837715267;4.330660150202379;780.0
2025-07-25;-0.4999999999999997;-0.8660254037844388;-0.9377521321470804;0.3473052528448203;-0.433883739117558;-0.9009688679024191;0.012126557160180795;0.012121212121212121;-0.028944709109282516;1;0.005054634653980525;3.716643127926857e-05;0.007656284843529325;2.832524996653383;0.0009025270758122744;0.0010830324909747292;0.0029783393501805052;1.8983978635184018;3.3760918588718885;-0.046043290677983996;4.651595379265882;400.0
2025-07-28;-0.4999999999999997;-0.8660254037844388;-0.5712682150947924;0.8207634412072763;0.0;1.0;0.011001263658663496;0.09121621621621621;-0.029483918437889247;1;0.0035764846136651517;0.0033529543253110797;0.0083823858132777;2.717422918906466;0.00116227089852481;0.0006258381761287438;0.004112650871703174;2.133337137180141;3.4097916540934907;-0.6204639675604579;4.453800649764402;1155.0
2025-07-29;-0.4999999999999997;-0.8660254037844388;-0.3943558551133187;0.9189578116202306;0.7818314824680298;0.6234898018587336;0.019000074510096117;0.3196078431372549;-0.03433846019955071;-1;0.0025910627112279384;0.0027412692452121667;0.005407435223432219;2.7737852284807936;0.0006245538900785154;0.0016059957173447537;0.0032119914346895075;2.141397309068385;3.5375330676643912;-0.8855675479150004;4.970211797466999;30.0
2025-07-30;-0.4999999999999997;-0.8660254037844388;-0.20129852008866114;0.9795299412524943;0.9749279121818236;-0.22252093395631434;0.009988734509951183;0.5;-0.029304195848708654;-1;0.0024356428223479597;0.0003747142803612246;0.008880728444561023;2.7644505169822144;0.00215034495116925;0.0;0.0030463220141564375;2.0681516869982093;3.5147287558836915;-0.810228484179987;5.270608924188842;640.0
2025-07-31;-0.4999999999999997;-0.8660254037844388;-2.4492935982947064e-16;1.0;0.43388373911755823;-0.900968867902419;0.02529321392438266;0.44;-0.02289608698981545;-1;0.0017166741304672339;0.0002239140170174653;0.009329750709061054;2.8241399604766144;0.00071301247771836;0.00071301247771836;0.0071301247771836;2.059618236825004;3.4355188884064263;-0.6010452138750438;3.9085057156499268;365.0
2025-08-01;-0.8660254037844385;-0.5000000000000004;0.20129852008866006;0.9795299412524945;-0.433883739117558;-0.9009688679024191;0.012613822958650545;0.22781065088757396;-0.027370192835449524;1;0.00018810428501561265;0.0030096685602498023;0.0175313193634551;2.7380703485751186;0.0013246202755210173;0.0010596962204168139;0.014747439067467326;3.1472197695051363;3.729903175863756;-0.32147136139005017;3.624984407462051;925.0
2025-08-04;-0.8660254037844385;-0.5000000000000004;0.72479278722912;0.6889669190756866;0.0;1.0;0.022384409916857907;0.30084033613445377;-0.01986536006539129;1;0.0005622188905547226;0.002586206896551724;0.01083208395802099;2.757132963695587;0.001974156496769562;0.0005384063173007897;0.0052045944005743;1.5499491518411903;3.109292415975628;-0.3224814892609883;5.498045683081803;915.0
2025-08-05;-0.8660254037844385;-0.5000000000000004;0.8486442574947509;0.5289640103269624;0.7818314824680298;0.6234898018587336;0.013268365817091454;-0.031073446327683617;-0.021647414285451094;1;0.0035025610123531185;0.0012051822838204278;0.009114191021391986;2.6841837344413597;0.00044879274750920026;0.001884929539538641;0.0051162373216048825;1.824255290293296;3.2182187625207486;0.03485657492957626;4.154568656570417;735.0
2025-08-06;-0.8660254037844385;-0.5000000000000004;0.9377521321470804;0.3473052528448203;0.9749279121818236;-0.22252093395631434;0.015441398011449232;0.5658536585365853;-0.01146248272498171;1;0.0024297248803827752;0.00014952153110047846;0.009120813397129187;3.099003020524429;0.001263880111943667;0.0005416629051187144;0.004784688995215311;1.7934353114221573;3.2477169929272747;-0.6953459247578896;5.949836196745071;775.0
2025-08-07;-0.8660254037844385;-0.5000000000000004;0.9884683243281114;0.1514277775045767;0.43388373911755823;-0.900968867902419;0.013793361244019139;0.8048780487804879;0.0004883137637893148;1;0.001035311517840636;0.0014050656313551488;0.00547236088001479;3.022877447207449;0.0011822480902146234;0.0010913059294288831;0.003001091305929429;1.9946631790144465;3.2782122837391188;-0.9337921473991472;4.822813046472936;585.0
2025-08-08;-0.8660254037844385;-0.5000000000000004;0.9987165071710528;-0.05064916883871264;-0.433883739117558;-0.9009688679024191;0.016491033462747273;0.7488789237668162;0.012005559534583304;-1;0.00040232617680406715;0.0020116308840203356;0.004827914121648806;3.0165462464313038;0.0010995052226498076;0.0017408832691955286;0.0035733919736118747;2.0296590482392367;3.4689677315781022;-0.8381796858095477;3.75146101942781;525.0
2025-08-11;-0.8660254037844385;-0.5000000000000004;0.7907757369376989;-0.6121059825476626;0.0;1.0;0.007863648001170403;0.3581395348837209;0.008030247202744763;-1;0.0020204988795415302;0.0009918812681385695;0.005143088057014805;2.859292794279358;0.001279707495429616;0.0010968921389396709;0.003930530164533821;1.731908702294982;3.3907386381072206;-0.38665205601950947;5.077182923959672;70.0
2025-08-12;-0.8660254037844385;-0.5000000000000004;0.6513724827222223;-0.758758122692791;0.7818314824680298;0.6234898018587336;0.006869696190441203;0.8823529411764706;0.010066585788240524;1;0.0007334873656801262;0.0019437415190523342;0.007004804342245205;2.7450130245607456;0.0003657310048459358;0.00027429825363445184;0.007040321843284264;2.6671890148267567;3.4114733100478913;-0.8070948834968201;4.062992790871956;775.0
2025-08-13;-0.8660254037844385;-0.5000000000000004;0.48530196253108104;-0.8743466161445821;0.9749279121818236;-0.22252093395631434;0.017750394249459053;2.090909090909091;0.04521965498790032;-1;0.0022319846949620916;0.0012399914972011622;0.007758803939630128;2.7547923714271705;0.0019397746166635876;0.0010160724182523555;0.0036024385738038056;2.0624658113834533;3.499783827691018;-0.9330993722619558;2.7344715991936557;175.0
2025-08-14;-0.8660254037844385;-0.5000000000000004;0.29936312297335804;-0.9541392564000488;0.43388373911755823;-0.900968867902419;0.01356904981222986;-0.02610966057441253;0.03178463308139137;-1;0.0025810151993117293;0.0010395755663894465;0.008890163464295957;2.9674436201471024;0.001290203667864713;0.001474518477559672;0.0033176665745092617;2.2028132561203186;3.4381431229743553;-0.7832202410737424;5.355603147009803;585.0
2025-08-15;-0.8660254037844385;-0.5000000000000004;0.10116832198743272;-0.994869323391895;-0.433883739117558;-0.9009688679024191;0.014159736162890737;0.5139240506329114;0.03093926326641466;-1;0.0;0.0003225806451612903;0.005125448028673835;3.017089562398837;0.0002763448784082535;0.0007369196757553427;0.0040530582166543845;2.051628568804909;3.5723230393717498;0.04686046870343153;4.3450260432139105;310.0
2025-08-18;-0.8660254037844385;-0.5000000000000004;-0.4853019625310808;-0.8743466161445822;0.0;1.0;0.017347670250896056;0.36983471074380164;0.02765092550923296;1;0.006784163107074913;0.0024408629168311854;0.009619871495746437;2.8784019150977835;0.0018443378827001106;0.0;0.003135374400590188;1.5544220120073233;3.2285797965812875;0.36551762234441165;7.000695481022714;185.0
2025-08-19;-0.8660254037844385;-0.5000000000000004;-0.651372482722222;-0.7587581226927911;0.7818314824680298;0.6234898018587336;0.013388850999676944;0.6514745308310992;0.032229083129899444;-1;0.00021402582578297782;0.000392380680602126;0.010201897695655276;3.110180897228077;0.0005503072548839769;0.0010088966339539577;0.006236815555351738;2.675121208187754;3.79414774869674;0.5397619685951226;4.779065511965044;905.0
2025-08-20;-0.8660254037844385;-0.5000000000000004;-0.7907757369376986;-0.6121059825476627;0.9749279121818236;-0.22252093395631434;0.028180067061425413;0.1379746835443038;0.007035889847742828;-1;0.002083409481340692;0.0016813480024854709;0.004532329398004313;2.9522615035724913;0.0011790313803736623;0.00045347360783602395;0.006076546345002721;2.699498894548204;3.5917950363714164;-0.8369915967011384;4.092421394980358;440.0
2025-08-21;-0.8660254037844385;-0.5000000000000004;-0.8978045395707417;-0.44039415155763423;0.43388373911755823;-0.900968867902419;0.008808801491282577;0.4149377593360996;0.007959316595340691;-1;0.00014602803738317756;0.0033221378504672897;0.007885514018691588;2.86864695137239;0.001362892967472288;0.00018171906232963838;0.0029983645284390333;1.9325817910402971;3.448622089297159;-0.8650377310107981;2.4806933861942224;485.0
2025-08-22;-0.8660254037844385;-0.5000000000000004;-0.9680771188662041;-0.2506525322587213;-0.433883739117558;-0.9009688679024191;0.012156834112149533;0.7597597597597597;0.008523536688706175;1;0.0026245762402945356;0.0011664783290197937;0.008639230124302847;2.918116737020811;0.0;0.001366991706916978;0.0024605850724505603;1.8559368837174837;3.5032969188520386;-0.6418260789511359;5.189660927523123;275.0
2025-08-25;-0.8660254037844385;-0.5000000000000004;-0.9377521321470804;0.3473052528448203;0.0;1.0;0.028578719060984945;0.9630102040816326;0.03265085317660435;1;0.001598238386134394;0.0;0.0057181417815030545;2.90191218084785;0.0014709938402132942;0.00018387423002666178;0.0029419876804265884;1.3995199552316782;3.5653734387929874;-0.9805737709445946;6.091505525793784;460.0
2025-08-26;-0.8660254037844385;-0.5000000000000004;-0.8486442574947509;0.5289640103269624;0.7818314824680298;0.6234898018587336;0.007707060662025856;0.02304147465437788;0.02784563846750245;1;0.000889521437466643;0.0029887920298879204;0.00448318804483188;2.9413840124090154;0.0007393715341959334;0.0008317929759704252;0.0022181146025878;1.6821869204954947;3.6077295659254407;-0.9485674478554063;5.109386706625281;210.0
2025-08-27;-0.8660254037844385;-0.5000000000000004;-0.72479278722912;0.6889669190756865;0.9749279121818236;-0.22252093395631434;0.00914428037715709;0.5058365758754864;0.022090580133068752;1;0.0019628836545324767;0.003997144896502498;0.0067451820128479655;2.9197085080655536;0.0009165902841429881;0.0032080659945004585;0.005041246562786435;2.566011154543095;3.86146367980582;-0.6545860265273914;3.715381757049856;255.0
2025-08-28;-0.8660254037844385;-0.5000000000000004;-0.5712682150947924;0.8207634412072763;0.43388373911755823;-0.900968867902419;0.015881513204853676;1.1730337078651685;0.034499070297177414;1;0.0018994020400984876;0.00024621878297572986;0.005874076679563841;3.0598515415823466;0.0005537609598523304;0.0019381633594831565;0.0025842178126442086;2.0070655509658497;3.80183414974398;-0.7243014508197713;4.605614128723833;1000.0
2025-08-29;-0.8660254037844385;-0.5000000000000004;-0.3943558551133187;0.9189578116202306;-0.433883739117558;-0.9009688679024191;0.017903622933520928;0.34970530451866405;0.03690491080573033;1;0.0019579734974301596;0.0009440229362609699;0.006992762490821999;3.018101955720837;0.0009157509157509158;0.001098901098901099;0.005311355311355312;2.738765474019114;3.6810887148542815;-0.5980020928775829;3.431108368109472;410.0
2025-09-01;-1.0;-1.8369701987210297e-16;0.20791169081775931;0.9781476007338057;0.0;1.0;0.013321212545015908;0.5433070866141733;0.039246626537782416;1;0.0002779611549285987;0.0012160800528126195;0.0036134950140717837;2.7805026649637377;0.0011897135535828681;0.0009151642719868216;0.002837009243159147;1.2083010730580739;3.456368039925629;0.3462512570864016;6.541160440960487;250.0
2025-09-02;-1.0;-1.8369701987210297e-16;0.40673664307580015;0.9135454576426009;0.7818314824680298;0.6234898018587336;0.008443070080956187;-0.3168724279835391;0.026325445532444546;-1;0.0010164738871363476;7.010164738871364e-05;0.007886435331230283;2.915169914051866;0.00036330608537693006;0.0009990917347865577;0.0067211625794732065;3.27547802312467;3.8771644777421734;-0.5333329928233809;3.8613670962042637;1105.0
2025-09-03;-1.0;-1.8369701987210297e-16;0.5877852522924731;0.8090169943749475;0.9749279121818236;-0.22252093395631434;0.01146161934805468;0.6636085626911316;0.02337923121055651;-1;0.0008058864751226349;0.0004555010511562719;0.00350385423966363;2.8548601484913507;0.0001818512456810329;0.0008183306055646482;0.004000727404982724;1.9358309092227577;3.6891747904772507;-0.9214008942139433;4.53669728725445;485.0
2025-09-04;-1.0;-1.8369701987210297e-16;0.7431448254773941;0.6691306063588582;0.43388373911755823;-0.900968867902419;0.008584442887175893;0.1306122448979592;0.014021031547320982;1;0.0006349206349206349;0.0014109347442680777;0.004232804232804233;2.7356375551879504;9.091735612328394e-05;0.0020001818347122466;0.0034548595326847897;2.247449809290086;3.6747679429802753;-0.32663855215127857;4.543987054505269;165.0
2025-09-05;-1.0;-1.8369701987210297e-16;0.8660254037844386;0.5000000000000001;-0.433883739117558;-0.9009688679024191;0.013721340388007054;0.8688946015424165;0.02252021536885575;1;0.0016755096341803965;0.0005585032113934655;0.008866238480871265;2.7916769873095144;0.001647295689576279;0.0008236478447881395;0.008511027729477441;3.402952502401426;3.8832342250618503;-0.5284527947602383;3.169139924409002;1115.0
2025-09-08;-1.0;-1.8369701987210297e-16;0.9945218953682734;-0.10452846326765333;0.0;1.0;0.016091873778274226;0.7331887201735358;0.030964523005419946;-1;0.0012081463583016915;0.0008284432171211598;0.0031066620642043494;2.8668882384348753;0.0005515719801434088;0.0011031439602868175;0.0022982165839308694;1.7029842419157777;3.5794038226420737;-0.8902959546427027;4.050689772107356;840.0
2025-09-09;-1.0;-1.8369701987210297e-16;0.9510565162951536;-0.30901699437494734;0.7818314824680298;0.6234898018587336;0.01297894373489817;0.4175531914893617;0.021529988324763213;1;0.0030570416174529286;0.0019106510109080804;0.005697213923435003;2.9921242544764204;0.0;0.0005504587155963303;0.0030275229357798164;1.8193154231633681;3.5759335896767466;-0.8687005422560105;6.236834011841815;360.0
2025-09-10;-1.0;-1.8369701987210297e-16;0.8660254037844387;-0.4999999999999998;0.9749279121818236;-0.22252093395631434;0.007885777808656985;0.3876651982378855;0.01848834738258837;-1;0.0007302823758519961;0.005564056196967589;0.006398664626512728;2.8987118824260483;0.0008241003571101547;0.0038458016665140556;0.005127735555352074;2.40755824489102;3.537471536853926;-0.7412832813310631;5.462372076700191;690.0
2025-09-11;-1.0;-1.8369701987210297e-16;0.7431448254773945;-0.6691306063588579;0.43388373911755823;-0.900968867902419;0.013597162331339547;0.6061381074168798;0.01942674483568241;1;0.001040582726326743;0.005341657995143947;0.009365244536940686;2.68857280375811;0.0025758969641214353;0.0001839926402943882;0.004599816007359705;2.747686576122416;3.8318450254798306;-0.8625464341096026;5.423965832786977;290.0
2025-09-12;-1.0;-1.8369701987210297e-16;0.5877852522924732;-0.8090169943749473;-0.433883739117558;-0.9009688679024191;0.0160596600763094;0.43844492440604754;0.019215057235777523;-1;0.0010041898957720142;0.0030125696873160427;0.00685619308147789;3.002719350195079;0.001567398119122257;0.0003687995574405311;0.0038723953531255764;2.0307211407853663;3.4969474520418973;-0.8878305371641773;5.695021423297863;735.0
2025-09-15;-1.0;-1.8369701987210297e-16;5.66553889764798e-16;-1.0;0.0;1.0;0.009141590775303854;0.45454545454545453;0.01577570488597627;1;0.002462712452306625;0.0015261879986125564;0.00711064862989941;3.0325240750565947;0.0003724741596051774;0.00027935561970388306;0.005121519694571189;2.512177481108279;3.9961640428108534;0.356313906852337;5.158853612111245;145.0
2025-09-16;-1.0;-1.8369701987210297e-16;-0.20791169081775907;-0.9781476007338057;0.7818314824680298;0.6234898018587336;0.013007284079084287;0.9013333333333333;0.0244324537274793;1;0.0011674220574096966;0.0026782035434693035;0.007073204230188161;2.8887636700531227;0.001690299558644004;0.0009390553103577801;0.003380599117288008;2.0428261753745343;3.675458824735174;-0.5745920283058259;7.2600624621562195;570.0
2025-09-17;-1.0;-1.8369701987210297e-16;-0.4067366430758002;-0.9135454576426009;0.9749279121818236;-0.22252093395631434;0.00830929817332784;0.2892561983471074;0.01966215801607686;-1;0.0019944979367262725;0.0013067400275103163;0.003954607977991747;2.9303286422722556;0.0013164080865068171;0.00037611659614480487;0.0019746121297602257;1.4379998507149838;3.6622478386167145;-0.8448144053260788;7.509102354994706;1465.0
2025-09-18;-1.0;-1.8369701987210297e-16;-0.587785252292473;-0.8090169943749475;0.43388373911755823;-0.900968867902419;0.019119669876203577;0.7140287769784173;0.028033301010736342;-1;0.0020054384772263765;0.0013596193065941536;0.005200543847722638;2.804589294846171;0.0;0.004049345512760147;0.004708541293907148;2.5141325483040164;3.9108201715415163;-0.39374319459243357;3.882176473315714;325.0
2025-09-19;-1.0;-1.8369701987210297e-16;-0.743144825477394;-0.6691306063588585;-0.433883739117558;-0.9009688679024191;0.007273963290278722;0.37850467289719625;0.021889168239464577;1;0.0008519048592653172;0.0020104954678661488;0.00582702923737477;2.9493457728078534;0.0018733608092918695;0.0015923566878980893;0.004121393780442113;2.00222047331533;3.929094072683894;0.29335321172247614;4.494519562493232;155.0
2025-09-22;-1.0;-1.8369701987210297e-16;-0.9945218953682733;-0.10452846326765423;0.0;1.0;0.00875758195324746;0.1867704280155642;0.019340894559808745;-1;0.0006817794443497528;0.0019430714163967957;0.006101926026930288;2.8986346383146744;0.0026241799437675727;0.0007497656982193065;0.004498594189315839;2.1186855464511263;4.049884544947846;0.12561810752279975;5.1093418530351435;85.0
2025-09-23;-1.0;-1.8369701987210297e-16;-0.9945218953682734;0.10452846326765299;0.7818314824680298;0.6234898018587336;0.010465314470768707;0.5830618892508144;0.013687750044654702;1;0.0033188490094775377;0.000650083826598693;0.004105792589044377;3.012853922746234;0.0013090229079008883;0.0003740065451145395;0.002244039270687237;1.538643427823805;3.7087591022144974;-0.794053855306548;5.857032817570934;890.0
2025-09-24;-1.0;-1.8369701987210297e-16;-0.9510565162951536;0.30901699437494723;0.9749279121818236;-0.22252093395631434;0.015978376159031034;0.6638115631691649;0.021246267804690716;-1;0.0009485737516091876;0.0018971475032183752;0.003353885764618199;2.8740834195453053;0.000943040362127499;0.0003772161448509996;0.0031120331950207467;1.9058850605575322;4.16214880463737;-0.9283057074265373;4.58482215634302;25.0
2025-09-25;-1.0;-1.8369701987210297e-16;-0.8660254037844386;0.5000000000000001;0.43388373911755823;-0.900968867902419;0.012500846940849651;0.45799457994579945;0.021436360373790497;-1;0.00472972972972973;0.002162162162162162;0.009797297297297298;2.877744528691808;0.0027199399737385106;0.0028137310073157004;0.005815044081785781;2.6774753670968208;3.937664602567653;-0.6700082053198222;4.488029829664476;730.0
2025-09-26;-1.0;-1.8369701987210297e-16;-0.743144825477394;0.6691306063588585;-0.433883739117558;-0.9009688679024191;0.0175;0.16795366795366795;0.010468758349752718;-1;0.0003411921252857484;0.0018083182640144665;0.00423078235354328;2.8134058531653925;0.0;0.0010242085661080075;0.0037243947858473;2.2810979116657646;3.9792947984657827;-0.7550822467206755;3.689493593613398;145.0
2025-09-29;-1.0;-1.8369701987210297e-16;-0.20791169081775898;0.9781476007338057;0.0;1.0;0.008154491794329387;0.5523012552301255;0.010300399614165633;1;0.001670815289664814;0.0001022948136529478;0.00879735397415351;3.0538571815619875;0.00028063610851262864;0.0009354536950420954;0.005051449953227315;1.9071447976754636;3.8296933227442116;-0.7215755115082564;5.708775169190399;35.0
2025-09-30;-1.0;-1.8369701987210297e-16;-1.133107779529596e-15;1.0;0.7818314824680298;0.6234898018587336;0.016878644252736386;0.3151515151515151;0.014280086495934105;1;0.00023744911804613296;0.0028833107191316145;0.006478968792401629;2.9798704890504717;0.0007469654528478057;0.0016806722689075631;0.004201680672268907;2.1204864158873535;3.681562155348984;-0.6518499996565089;4.293977407476752;95.0
2025-10-01;-0.8660254037844386;0.5000000000000001;0.20129852008866006;0.9795299412524945;0.9749279121818236;-0.22252093395631434;0.012381275440976933;0.32602739726027397;0.011325499033021541;1;0.0014945144526340816;0.004279745932543052;0.010529533643558303;2.912513542795233;0.0006545114539504442;0.0025245441795231417;0.004207573632538569;2.789259740288336;3.939009966961881;-0.3156230994258553;5.699394978263198;760.0
2025-10-02;-0.8660254037844386;0.5000000000000001;0.39435585511331855;0.9189578116202306;0.43388373911755823;-0.900968867902419;0.015047043239020414;0.3792325056433409;0.006652135663095652;-1;0.0036115843270868825;0.0008517887563884157;0.009505962521294719;3.072250538763686;0.000279876854184159;0.0023323071182013246;0.004291445097490437;1.9203487490715079;3.904733942002172;-0.5465307519972521;5.9119004896820675;15.0
2025-10-03;-0.8660254037844386;0.5000000000000001;0.5712682150947923;0.8207634412072763;-0.433883739117558;-0.9009688679024191;0.020749574105621806;0.2512315270935961;-0.005952289137629334;-1;0.0003448275862068965;0.0022758620689655173;0.0033448275862068967;3.144900655490232;0.002793296089385475;0.0015828677839851025;0.004469273743016759;2.409098313755206;3.861282430297161;-0.8569588054352631;4.2694575899781535;270.0
2025-10-06;-0.8660254037844386;0.5000000000000001;0.9377521321470804;0.3473052528448203;0.0;1.0;0.006551724137931035;0.6842105263157895;-0.006918867410369217;1;0.0008629021123843712;0.0028303189286207372;0.006109346955681347;3.134761892850423;0.0007432181345224824;0.0013935340022296545;0.005945745076179859;2.2091780573576;3.845172321308837;-0.6527592753667562;5.026172295276641;815.0
2025-10-07;-0.8660254037844386;0.5000000000000001;0.9884683243281114;0.1514277775045767;0.7818314824680298;0.6234898018587336;0.010458373602098578;-0.11221122112211221;-0.015305099472007486;-1;0.00045248868778280545;0.0021580229725026105;0.006369648451096415;3.204891530654735;0.0020543468110934726;0.0004668970025212438;0.005042487627229433;2.343552043336554;3.825232254730181;0.46966008888267924;5.174008393212274;810.0
2025-10-08;-0.8660254037844386;0.5000000000000001;0.9987165071710528;-0.05064916883871264;0.9749279121818236;-0.22252093395631434;0.015976331360946745;0.12200435729847495;-0.02800904767865993;1;0.0011291460832745237;0.0004234297812279464;0.005822159491884263;3.125832968936666;0.0012991833704528583;0.0007423904974016332;0.005289532293986637;2.3042692713463766;3.778415835231465;-0.6545557996384996;5.074063696647054;70.0
2025-10-09;-0.8660254037844386;0.5000000000000001;0.9680771188662043;-0.2506525322587204;0.43388373911755823;-0.900968867902419;0.008045165843330981;1.105263157894737;-0.01915698292962503;1;0.0036389083275017494;0.00031490552834149754;0.006613016095171448;3.010205632679484;0.0006529850746268657;0.0013992537313432835;0.003078358208955224;1.9750175316319423;3.5157898387376454;-0.894078480948479;6.641730240743042;770.0
2025-10-10;-0.8660254037844386;0.5000000000000001;0.8978045395707416;-0.4403941515576344;-0.433883739117558;-0.9009688679024191;0.013925822253324003;0.16834170854271358;-0.02336550534797478;1;0.00014070139646135988;0.0018291181539976783;0.005487354461993036;3.158402151362347;9.260116677470137e-05;0.002222428002592833;0.005278266506157978;2.223861229418631;3.808189453724846;-0.3680802440388917;4.649446073953817;865.0
2025-10-13;-0.8660254037844386;0.5000000000000001;0.48530196253108104;-0.8743466161445821;0.0;1.0;0.018502233634668824;0.5684410646387833;-0.026177290082900484;1;0.0014835747085835394;0.0;0.00480395619922289;3.0119240166211125;0.0010869565217391304;0.0009963768115942029;0.008152173913043478;2.4352815217495594;3.4769935916081027;-0.9142477797386177;4.035223686465205;105.0
2025-10-14;-0.8660254037844386;0.5000000000000001;0.29936312297335804;-0.9541392564000488;0.7818314824680298;0.6234898018587336;0.006852702225362063;-0.9175257731958762;-0.03172430417452241;1;0.0018137847642079807;0.0006401593285439932;0.007788605163951917;3.0947054329076997;0.002361060661096985;0.0;0.005902651652742463;2.6638337336111673;3.8090954591581374;-0.7461472148051289;3.867060217638429;640.0
2025-10-15;-0.8660254037844386;0.5000000000000001;0.10116832198743272;-0.994869323391895;0.9749279121818236;-0.22252093395631434;0.015577210327903834;2.1210045662100456;0.0009171654759606102;-1;0.0017913121361397223;0.0007234145165179648;0.0074752833373523024;2.925860166843865;0.0020063839489284085;9.119927040583675e-05;0.0027359781121751026;1.4874687891202736;3.527186430700173;-0.6618494668657046;5.792980574847651;1160.0
2025-10-16;-0.8660254037844386;0.5000000000000001;-0.10116832198743204;-0.9948693233918952;0.43388373911755823;-0.900968867902419;0.014433842020048916;0.8257756563245824;0.005429533349890996;-1;0.0013380450818266032;0.000754794661543212;0.008542903214739082;3.0740834081742276;0.000639853747714808;0.0014625228519195613;0.002650822669104205;1.4948665105714931;3.6953916349809885;-0.7437559666084637;5.923865712921653;365.0
2025-10-17;-0.8660254037844386;0.5000000000000001;-0.2993631229733582;-0.9541392564000488;-0.433883739117558;-0.9009688679024191;0.01279720039798264;0.2975871313672922;0.00028824263471028164;-1;0.0039341546743969355;0.000759222831901163;0.008489491665803914;2.9751524157399776;0.0005484962062345736;0.0034738093061522993;0.004113721546759302;1.6961996980520548;3.7971702050697016;-0.7682001789990095;5.780548706092704;1460.0
2025-10-20;-0.8660254037844386;0.5000000000000001;-0.7907757369376986;-0.6121059825476627;0.0;1.0;0.017013493460330608;0.9087221095334685;0.010331523662382724;1;0.0028704209950792784;0.0004784034991798797;0.004613176599234554;2.7958957607392123;0.0;9.208951100469657e-05;0.0053411916382724006;1.7121443849403803;3.674509741575981;-0.7377933143367652;6.410237162444268;645.0
2025-10-21;-0.8660254037844386;0.5000000000000001;-0.8978045395707417;-0.44039415155763423;0.7818314824680298;0.6234898018587336;0.01342946965554948;0.43256997455470736;0.015347554641366957;-1;0.0037389530931339226;0.0010537049626104691;0.00557443915703603;2.9170320745008222;0.0003700619853825516;0.0013877324451845685;0.002590433897677861;1.7851238077127494;3.6361772729448174;-0.9527441445321341;6.342303330240231;170.0
2025-10-22;-0.8660254037844386;0.5000000000000001;-0.9680771188662041;-0.2506525322587213;0.9749279121818236;-0.22252093395631434;0.007443915703602992;0.319634703196347;0.014747124353896468;1;0.0010884723970203069;0.0029252695669920747;0.008367631552093609;2.8526167293049856;0.0004623208506703652;0.0018492834026814608;0.003883495145631068;1.6746414053345866;3.5851496709362394;-0.8338571490748224;7.798168736768864;465.0
2025-10-23;-0.8660254037844386;0.5000000000000001;-0.9987165071710528;-0.05064916883871355;0.43388373911755823;-0.900968867902419;0.009388074424300147;1.0108695652173914;0.021720891209098536;1;0.0026020546093538793;0.0003379291700459584;0.007670992160043255;2.887793117180201;0.0001847063169560399;0.0010158847432582194;0.003878832656076838;1.7989818929398538;3.7549394740503685;0.1699692509274743;7.423152102420632;265.0
2025-10-24;-0.8660254037844386;0.5000000000000001;-0.9884683243281114;0.15142777750457667;-0.433883739117558;-0.9009688679024191;0.009157880508245472;0.5719557195571956;0.02491832461094226;1;0.0021205695243865495;0.000639536840688007;0.009391093607997577;2.965453485669733;0.0008337965536409116;0.0007411524921252547;0.0052807115063924406;2.36517712120469;3.8324207409962345;-0.7509961575804459;5.933364583235678;130.0
2025-10-27;-0.8660254037844386;0.5000000000000001;-0.72479278722912;0.6889669190756865;0.0;1.0;0.011074085294018647;0.9878419452887538;0.034598647076565126;1;3.3316674995835414e-05;0.0004997501249375312;0.003964684324504414;2.933597096920518;0.0022335970218706376;0.00046533271288971617;0.0030711959050721267;1.8749183457163354;3.7497420891714968;-0.8354363379851316;6.114328948026612;730.0
2025-10-28;-0.8660254037844386;0.5000000000000001;-0.5712682150947924;0.8207634412072763;0.7818314824680298;0.6234898018587336;0.00849575212393803;0.03529411764705882;0.029890377839999174;1;0.00046816479400749064;0.003043071161048689;0.003912520064205458;3.04087659615351;0.0014854702441741714;0.00018568378052177142;0.002228205366261257;1.69873910581709;4.1180890974381335;-0.8714711383824609;7.759676273523799;285.0
2025-10-29;-0.8660254037844386;0.5000000000000001;-0.3943558551133187;0.9189578116202306;0.9749279121818236;-0.22252093395631434;0.009764579989299091;0.958904109589041;0.03524433665307807;1;0.001462134051108231;0.004319941514637955;0.0064466819526135645;3.0258401265863917;0.0003726476616359232;0.0003726476616359232;0.003819638531768213;2.448049919483776;4.486766721732101;-0.9005147307754721;6.018299609096535;480.0
2025-10-30;-0.8660254037844386;0.5000000000000001;-0.20129852008866114;0.9795299412524943;0.43388373911755823;-0.900968867902419;0.012793672947197023;0.6155844155844156;0.03712708927878457;-1;0.0;3.3112582781456954e-05;0.006490066225165563;3.091601288242608;9.318796011555308e-05;0.0;0.004752585965893207;2.0445530787856043;4.049058070246863;-0.833599882417132;6.324223159645891;1205.0
2025-10-31;-0.8660254037844386;0.5000000000000001;-2.4492935982947064e-16;1.0;-0.433883739117558;-0.9009688679024191;0.012549668874172186;0.8364116094986808;0.037950615380662404;1;0.00042908538799221047;0.0002640525464567449;0.004257847311615011;2.8516427799492976;0.0011981566820276498;0.0011059907834101382;0.004608294930875576;2.1221579181659815;3.673618568099204;0.2500429611552065;6.113190184713251;570.0
2025-11-03;-0.5000000000000004;0.8660254037844384;0.5877852522924731;0.8090169943749475;0.0;1.0;0.005875169158662574;0.9775280898876404;0.04032831251195976;1;0.0011167679421908358;0.0017079980292330431;0.006240762029889966;2.8995463435242006;0.00138644976430354;0.0007394398742952213;0.006100378962935576;2.0891644145363495;4.013660794266945;0.396441160893559;5.205363471604846;145.0
2025-11-04;-0.5000000000000004;0.8660254037844384;0.7431448254773941;0.6691306063588582;0.7818314824680298;0.6234898018587336;0.008277221218590902;-0.011904761904761904;0.035286262272519776;1;0.0005923000987166831;0.0013162224415926291;0.0036196117143797303;3.0496045589999348;0.0018458698661744347;0.0006460544531610522;0.003230272265805261;2.2876363893815763;4.0808891748720555;-0.45637412807390193;4.880220527704389;440.0
2025-11-05;-0.5000000000000004;0.8660254037844384;0.8660254037844386;0.5000000000000001;0.9749279121818236;-0.22252093395631434;0.009871668311944718;0.7333333333333333;0.037377135963595085;-1;0.0026169447170428526;0.0018318613019299968;0.004546941445861956;3.1012789457748053;0.0004601509295048776;0.0013804527885146328;0.002484815019326339;1.2537965670993114;3.6647798433240832;0.016718656852856593;9.471449104926172;585.0
2025-11-06;-0.5000000000000004;0.8660254037844384;0.9510565162951535;0.30901699437494745;0.43388373911755823;-0.900968867902419;0.02273470722930978;0.8460431654676259;0.05027227154188117;1;0.0005789456755974397;0.0;0.0033128558103631277;3.062630317087387;0.0006505576208178438;0.0008364312267657993;0.0032527881040892194;1.8862441439076951;3.9111125098913746;-0.7687170479744695;5.85917364644428;555.0
2025-11-07;-0.5000000000000004;0.8660254037844384;0.9945218953682733;0.10452846326765346;-0.433883739117558;-0.9009688679024191;0.007172493647679393;0.16143497757847533;0.04658825744584989;-1;0.0007389083432389887;9.637934911812896e-05;0.004433450059433932;3.1671171500867854;0.0003720238095238095;0.0013020833333333333;0.003999255952380952;1.6094339632283663;3.5898059405188216;-0.9622815208831663;6.4118023729638765;170.0
2025-11-10;-0.5000000000000004;0.8660254037844384;0.8660254037844387;-0.4999999999999998;0.0;1.0;0.011886786391235905;1.4054054054054055;0.05082557700089966;-1;0.0007638446849140675;0.0024188415022278805;0.003500954805856143;3.075979284336626;0.0008426966292134832;0.002059925093632959;0.0032771535580524347;2.0865534829791113;4.569376770538244;-0.5123098648950674;5.527052244589241;585.0
2025-11-11;-0.5000000000000004;0.8660254037844384;0.7431448254773945;-0.6691306063588579;0.7818314824680298;0.6234898018587336;0.008084022915340548;1.0;0.05074952556935835;1;0.002500949727744713;0.0;0.00481195390654679;3.0415044097090322;0.0015055989460807378;0.0013173990778206455;0.003481697562811706;2.099859537347815;4.118040355677155;-0.9346329811782347;6.749133180800837;1340.0
2025-11-12;-0.5000000000000004;0.8660254037844384;0.5877852522924732;-0.8090169943749473;0.9749279121818236;-0.22252093395631434;0.016873496264404205;0.7729831144465291;0.058103085693123654;1;0.00103125;0.00171875;0.00278125;3.159026284021438;0.0003774653203736907;0.00018873266018684534;0.002642257242615835;1.301293136263282;3.9610743272105937;-0.9717304523895012;7.963475459337045;455.0
2025-11-13;-0.5000000000000004;0.8660254037844384;0.40673664307580004;-0.913545457642601;0.43388373911755823;-0.900968867902419;0.00975;0.8589743589743589;0.052933005944348265;-1;0.0;0.0005626758361988121;0.0032197561738043137;3.144252019983087;0.0016033198151466565;0.00037725172121097803;0.0033952654908988023;1.8015487429993533;3.7736027154325815;-0.8056613017645584;5.589628660149628;40.0
2025-11-14;-0.5000000000000004;0.8660254037844384;0.20791169081775931;-0.9781476007338057;-0.433883739117558;-0.9009688679024191;0.011378555798687089;-0.0989010989010989;0.037248419997313424;1;0.0020531286522000062;0.0014529833538646198;0.00473798919738463;3.118886484146737;0.001596244131455399;0.0003755868544600939;0.004225352112676056;2.147040511648945;3.8140436530729467;-0.7745837296908887;6.02839376027509;445.0
2025-11-17;-0.5000000000000004;0.8660254037844384;-0.4067366430758002;-0.9135454576426009;0.0;1.0;0.013961274834960043;0.6877828054298643;0.041313901476964635;-1;0.0005326315129868095;0.0026631575649340477;0.004574364758592599;3.0919844179832574;0.0011284558961820576;0.0015986458529245815;0.0030092157231521536;1.6288920544698458;3.865424583539937;-0.46031821976648657;6.4145478067206705;465.0
2025-11-18;-0.5000000000000004;0.8660254037844384;-0.587785252292473;-0.8090169943749475;0.7818314824680298;0.6234898018587336;0.008365447880439891;-0.1760299625468165;0.02775457402790734;-1;0.0007590132827324478;0.00044275774826059455;0.006894370651486401;3.0134357793552384;0.00037376191366099795;0.0009344047841524949;0.002336011960381237;1.3634520372210597;3.5434392694278043;-0.7770001836751341;9.71587939099998;1070.0
2025-11-19;-0.5000000000000004;0.8660254037844384;-0.743144825477394;-0.6691306063588585;0.9749279121818236;-0.22252093395631434;0.010309930423782416;0.7607361963190185;0.025823732700236763;-1;0.0005051780752715333;0.00028416266734023745;0.006819904016165698;3.084446242102092;0.0;0.0007495549517474;0.003466691651831725;1.6795063168893802;3.901548960251329;-0.8973019801506773;7.889108710258844;25.0
2025-11-21;-0.5000000000000004;0.8660254037844384;-0.9510565162951535;-0.30901699437494756;-0.433883739117558;-0.9009688679024191;0.01376610255114928;-0.48623853211009177;0.002443132182655215;1;0.0012242268041237113;0.0;0.009600515463917526;3.0390076499443808;0.004289044289044289;0.00037296037296037296;0.005594405594405594;2.6005438471884568;3.682570395326554;-0.6751185885950287;4.475997589435146;160.0
2025-11-24;-0.5000000000000004;0.8660254037844384;-0.9510565162951536;0.30901699437494723;0.0;1.0;0.010728092783505155;1.0360360360360361;0.009957829830964953;-1;0.0007017543859649122;0.0005103668261562999;0.005103668261562998;3.0559972964992896;0.0;0.0014792899408284023;0.003975591715976332;1.8144752471962868;3.621171304311109;-0.8705229124186682;6.179143705355164;60.0
2025-11-25;-0.5000000000000004;0.8660254037844384;-0.8660254037844386;0.5000000000000001;0.7818314824680298;0.6234898018587336;0.008963317384370015;0.6797153024911032;0.008177363643666159;-1;0.0017210058322975428;0.0014023010485387385;0.0045893488861267805;2.9550015837278387;0.0;0.000556379821958457;0.003894658753709199;2.1021770352365285;3.7839962025414957;-0.6459620315379502;7.098578978756658;35.0
2025-11-26;-0.5000000000000004;0.8660254037844384;-0.743144825477394;0.6691306063588585;0.9749279121818236;-0.22252093395631434;0.010995315039678745;0.8492753623188406;0.009693053311793215;1;0.00019047619047619048;0.0005396825396825396;0.0033968253968253968;3.0024119833989005;0.0012070566388115134;0.001671309192200557;0.003064066852367688;1.4101574066664402;3.5384125893903278;-0.586886927852196;7.213246859273172;990.0
2025-11-27;-0.5000000000000004;0.8660254037844384;-0.5877852522924734;0.8090169943749473;0.43388373911755823;-0.900968867902419;0.017333333333333333;0.8791208791208791;0.021335472099644356;-1;0.0007821543659856709;0.00028157557175484155;0.0016581672558896223;2.8845886827383587;0.0010299625468164794;0.0017790262172284643;0.0045880149812734085;1.2968234734445994;3.7809200822290103;-0.9015170698333679;5.284007237183642;175.0
2025-11-28;-0.5000000000000004;0.8660254037844384;-0.40673664307580015;0.913545457642601;-0.433883739117558;-0.9009688679024191;0.0043487782748803305;0.28776978417266186;0.016525672874217814;1;0.0002194563752076998;0.00012540364297582846;0.005047496629777095;2.7289828557939155;0.0014847809948032665;0.0003711952487008166;0.003990348923533778;1.5347368522453624;4.112505473737583;-0.7753662077922566;4.66461646234676;425.0
2025-12-01;-2.4492935982947064e-16;1.0;0.20129852008866006;0.9795299412524945;0.0;1.0;0.008621500454588206;0.3890909090909091;0.017104842849355647;1;0.00128125;0.00096875;0.00321875;2.9601262818216503;0.00018616773713115518;0.0017685935027459741;0.002978683794098483;1.7963353896477272;3.5626386520726765;0.5286488988816331;5.230556256014657;720.0
2025-12-02;-2.4492935982947064e-16;1.0;0.39435585511331855;0.9189578116202306;0.7818314824680298;0.6234898018587336;0.00884375;0.7632508833922261;0.014855802007198009;1;0.0014997656616153726;0.00028120606155288236;0.0031245117950320263;3.1305793448418333;0.0015775798069784708;0.0023199703043801038;0.004083147735708983;1.7742718016325976;3.885388253802854;-0.21421479350299266;6.733664800738308;700.0
2025-12-03;-2.4492935982947064e-16;1.0;0.5712682150947923;0.8207634412072763;0.9749279121818236;-0.22252093395631434;0.01674738322137166;0.9832089552238806;0.0267727289972557;1;0.0005234634807242271;0.0017243502894445128;0.002986821037073531;3.047937313490805;0.00037383177570093456;0.0011214953271028037;0.002149532710280374;1.710083619331409;3.7831154318918316;-0.8847910222374903;8.344760464449966;70.0
2025-12-04;-2.4492935982947064e-16;1.0;0.72479278722912;0.6889669190756866;0.43388373911755823;-0.900968867902419;0.005727306318512132;0.7365591397849462;0.025399367064667836;1;0.0002459192769973256;3.07399096246657e-05;0.005748363099812487;3.2559350057717444;0.0010307346326836582;0.0011244377811094452;0.0023425787106446778;1.695319858360552;3.800760746410156;-0.9330122963074037;8.811554922842463;880.0
2025-12-05;-2.4492935982947064e-16;1.0;0.8486442574947509;0.5289640103269624;-0.433883739117558;-0.9009688679024191;0.017552488395684115;0.9106830122591943;0.03869573757611471;-1;0.0005748865355521937;0.0009379727685325265;0.002329803328290469;3.391483638375652;0.0004692632566870014;0.0002815579540122008;0.002627874237447208;1.3276270251700129;3.8054964222438916;-0.5696397400109823;7.034682873661948;35.0
2025-12-08;-2.4492935982947064e-16;1.0;0.9987165071710528;-0.05064916883871264;0.0;1.0;0.05034795763993949;0.3155048076923077;0.005448350578592849;-1;9.369729527140983e-05;0.000718345930414142;0.004997189081141858;2.8639005203787384;0.002476382646977896;0.003760432908373842;0.007796019444189672;2.683766934003511;3.708768830906659;-0.9001143797134413;4.232799092089256;85.0
2025-12-09;-2.4492935982947064e-16;1.0;0.9680771188662043;-0.2506525322587204;0.7818314824680298;0.6234898018587336;0.012461740271097508;0.17794486215538846;-0.005575654127458763;-1;0.0012621083520020194;0.0008203704288013126;0.008834758464014136;3.106029553920167;0.0004587997797761057;0.0005505597357313268;0.008992475683611672;2.218568517539183;3.5309300409761524;-0.953687445937533;5.875619825320234;745.0
2025-12-10;-2.4492935982947064e-16;1.0;0.8978045395707416;-0.4403941515576344;0.9749279121818236;-0.22252093395631434;0.023885400561638216;0.9696169088507266;-0.00045804496370150527;-1;0.006151914626490898;0.0011613308223477716;0.009887005649717515;3.1112555216260054;0.0002752546105147261;0.0012845215157353885;0.005046334526103312;1.4729996994031436;3.5621594624046495;-0.8124159815856342;7.95880548438768;60.0
2025-12-11;-2.4492935982947064e-16;1.0;0.7907757369376989;-0.6121059825476626;0.43388373911755823;-0.900968867902419;0.0145323289391086;0.2894168466522678;-0.004544762854995867;1;0.0008825290761811706;0.0036877107826141773;0.006240741324423992;3.1323422256406106;9.091735612328394e-05;0.00036366942449313574;0.006273297572506591;1.4126017099204955;3.5694467709269215;-0.018351295876525602;6.60218342846904;90.0
2025-12-12;-2.4492935982947064e-16;1.0;0.6513724827222223;-0.758758122692791;-0.433883739117558;-0.9009688679024191;0.013994389636587133;0.75;0.0022795482321342564;1;0.0029740475221488277;0.0008139498481670476;0.004570641455091882;2.98591918094278;0.001933879731098628;0.0002762685330140897;0.0036835804401878624;1.1666586030233417;3.4616249405456827;-0.6471081225012987;6.8371085601508925;1685.0
2025-12-15;-2.4492935982947064e-16;1.0;0.10116832198743272;-0.994869323391895;0.0;1.0;0.01296058604389068;0.9830917874396136;0.013319117912214549;1;0.000278508432616432;0.0014234875444839859;0.0099644128113879;3.0484107395802034;0.001937269372693727;0.00036900369003690036;0.004797047970479705;1.3998456466558746;3.5989031853546103;-0.6272482314921096;6.970676933420689;675.0
2025-12-16;-2.4492935982947064e-16;1.0;-0.10116832198743204;-0.9948693233918952;0.7818314824680298;0.6234898018587336;0.012099644128113879;-0.04859335038363171;0.010189602408166718;-1;0.00062015503875969;0.004062015503875969;0.008992248062015503;2.7392794940437755;0.004321044405626551;0.0011032453801599707;0.007814654776133126;2.7829039240681896;3.860085390607033;-0.11366615739287009;4.065901914513885;155.0
2025-12-17;-2.4492935982947064e-16;1.0;-0.2993631229733582;-0.9541392564000488;0.9749279121818236;-0.22252093395631434;0.02496124031007752;1.0372670807453417;0.012153678144531159;-1;0.001176470588235294;0.0035603715170278638;0.006811145510835914;2.69410878742641;0.003444525018129079;0.0016316171138506164;0.006617113850616389;2.049691496016853;3.439335739896392;-0.840773722227211;5.38218552540753;1335.0
2025-12-18;-2.4492935982947064e-16;1.0;-0.4853019625310808;-0.8743466161445822;0.43388373911755823;-0.900968867902419;0.012879256965944273;0.5048076923076923;0.006181383201918922;-1;0.0026142163575252086;0.00264533798082908;0.007687040956056268;2.9602943563767754;0.0005435767349157456;0.0005435767349157456;0.010056169595941293;2.22418070529964;4.123407820497715;-0.4647256793115961;4.718348291812574;250.0
2025-12-19;-2.4492935982947064e-16;1.0;-0.651372482722222;-0.7587581226927911;-0.433883739117558;-0.9009688679024191;0.012386406074940869;0.6809045226130653;0.008163182343385257;1;0.004683622828784119;0.0007133995037220844;0.005552109181141439;2.9000503323671833;0.0012646793134598012;0.0008130081300813008;0.004697380307136405;1.7509446155689135;3.5470412466139796;0.3005925068320234;4.933203297222398;820.0
2025-12-22;-2.4492935982947064e-16;1.0;-0.9680771188662041;-0.2506525322587213;0.0;1.0;0.01076302729528536;0.6138328530259366;0.011877722986336482;-1;0.002221468020116627;0.0007713430625404955;0.006479281725340162;3.03594696843737;0.0024374830730342152;0.001263880111943667;0.004243026090096596;1.451782516753231;3.5439712840593898;-0.5111744633940171;5.751717353325305;495.0
2025-12-23;-2.4492935982947064e-16;1.0;-0.9987165071710528;-0.05064916883871355;0.7818314824680298;0.6234898018587336;0.01397673629323378;0.48344370860927155;0.005542347117745644;1;0.002573723216223759;0.0021396012279450527;0.007969239356259109;3.0742515754000306;0.0013420416927619218;0.0011631028003936655;0.0037577167397333812;1.5705721748684969;3.615619131432343;-0.5329992735963738;5.715568218120652;620.0
2025-12-26;-2.4492935982947064e-16;1.0;-0.8486442574947509;0.5289640103269624;-0.433883739117558;-0.9009688679024191;0.01624856584700301;0.7767175572519084;0.01415244808564604;-1;0.000245496670451407;0.001749163776966275;0.004971307576640992;2.9859292997611364;0.002162162162162162;0.0012612612612612612;0.004864864864864865;1.359879894248759;3.565344455793894;-0.5639867790579177;5.551071567839436;255.0
2025-12-29;-2.4492935982947064e-16;1.0;-0.3943558551133187;0.9189578116202306;0.0;1.0;0.012397581857796054;0.8663366336633663;0.018609754657101206;-1;0.002960024412572475;0.00012206286237412267;0.004607873054623131;2.982653317308723;0.0002704895861509332;0.00045081597691822196;0.00450815976918222;1.4063988798850542;3.481765512885046;-0.8346219781998782;6.704347604239602;390.0
2025-12-30;-2.4492935982947064e-16;1.0;-0.20129852008866114;0.9795299412524943;0.7818314824680298;0.6234898018587336;0.012084223375038144;0.5429292929292929;0.014932417536352938;1;0.002202777947745212;0.002202777947745212;0.010157253870158478;2.9177019358755807;0.0007137758743754461;0.00017844396859386153;0.008565310492505354;1.9347292725929384;3.4237400780913685;-0.27388901041152147;5.512260276087829;455.0
2026-01-02;0.49999999999999994;0.8660254037844387;0.39435585511331855;0.9189578116202306;-0.433883739117558;-0.9009688679024191;0.010554977666279141;0.5217391304347826;0.017126835350383663;1;0.0002744404464231262;6.0986765871805816e-05;0.005183875099103495;3.0002584084544983;0.00018158707100054475;0.000726348284002179;0.007354276375522063;1.8989102122153536;3.676623913942904;-0.822692929322222;4.311615502340655;1305.0
2026-01-05;0.49999999999999994;0.8660254037844387;0.8486442574947509;0.5289640103269624;0.0;1.0;0.015307678233823261;0.250996015936255;0.011158314199040032;1;0.0031564108850208384;0.002237067908801177;0.0054854130914439815;3.094223469818106;0.0009165902841429881;0.0;0.00458295142071494;1.8473522187298257;3.245309140660629;0.380670146110594;6.848882553990233;120.0
2026-01-06;0.49999999999999994;0.8660254037844387;0.9377521321470804;0.3473052528448203;0.7818314824680298;0.6234898018587336;0.012441774944839421;0.9901477832512315;0.01924851517647569;1;0.00130639526051952;0.0003038128512836093;0.0070788394349080965;3.265905827543132;0.0005505597357313268;0.000642319691686548;0.003945678106074509;1.9649869897995764;3.3221545347174737;-0.17638594900811763;6.873261013968023;595.0
2026-01-07;0.49999999999999994;0.8660254037844387;0.9884683243281114;0.1514277775045767;0.9749279121818236;-0.22252093395631434;0.012942427464681756;0.8098591549295775;0.02849153543733316;-1;6.015037593984962e-05;0.0002105263157894737;0.004180451127819549;3.135203722289719;0.001110494169905608;0.00037016472330186933;0.0037016472330186935;1.6539958969442106;3.52809759673675;-0.9435441559543469;7.589454924223252;585.0
2026-01-08;0.49999999999999994;0.8660254037844387;0.9987165071710528;-0.05064916883871264;0.43388373911755823;-0.900968867902419;0.013533834586466165;-0.04888888888888889;0.01432054757219066;1;0.0011287370347773033;0.0009456985967053081;0.004789505796217205;2.9657295162108666;0.0006452802359882006;0.00046091445427728613;0.003226401179941003;1.5567423847511195;3.2584668575039966;-0.6060089473398853;7.769291325107388;15.0
2026-01-09;0.49999999999999994;0.8660254037844387;0.9680771188662043;-0.2506525322587204;-0.433883739117558;-0.9009688679024191;0.008145210494203782;1.0524344569288389;0.01997331949899948;-1;0.0032697547683923707;0.0027247956403269754;0.007145019679079625;3.2126082705998953;0.0;0.000921064750851985;0.003223726627981947;1.4342406534876768;3.4406507557856894;-0.6864864669697773;9.405078056971238;905.0
2026-01-12;0.49999999999999994;0.8660254037844387;0.6513724827222223;-0.758758122692791;0.0;1.0;0.011656070239176506;0.5142857142857142;0.020131415116436752;-1;0.0018126888217522659;3.0211480362537764e-05;0.005287009063444109;3.1527212795117676;9.279881217520415e-05;0.0020415738678544915;0.005846325167037862;1.8964591850497892;3.5119245510529264;-0.9107092459447552;7.074540406914006;215.0
2026-01-13;0.49999999999999994;0.8660254037844387;0.48530196253108104;-0.8743466161445821;0.7818314824680298;0.6234898018587336;0.009154078549848942;0.7920792079207921;0.017797698215617386;-1;0.0012387829712662778;0.00039278484454784423;0.007976553766202375;3.275357252323725;0.00111162575266327;0.000555812876331635;0.0030569708198239925;1.7928686682962038;3.686238988702533;-0.7835561775718834;7.184890559434894;125.0
2026-01-14;0.49999999999999994;0.8660254037844387;0.29936312297335804;-0.9541392564000488;0.9749279121818236;-0.22252093395631434;0.012418043931474151;0.20194647201946472;0.007644090648043217;1;0.00033526363913441025;0.0005790917403230723;0.00643096616885096;3.3089265576273728;0.001946787800129786;0.001205154352461296;0.0031519421525910817;1.5962551822807223;3.6052584769316285;-0.4491908096360144;9.328323460574234;70.0
2026-01-15;0.49999999999999994;0.8660254037844387;0.10116832198743272;-0.994869323391895;0.43388373911755823;-0.900968867902419;0.02127400182871076;0.9097421203438395;0.023314097683602923;1;0.001377245508982036;0.0011676646706586826;0.004431137724550898;3.0170453574784317;0.0;0.00046193643754619364;0.0020325203252032522;1.267415916822428;3.6270238680285303;0.5337951079136005;10.347501602123959;200.0
2026-01-16;0.49999999999999994;0.8660254037844387;-0.10116832198743204;-0.9948693233918952;-0.433883739117558;-0.9009688679024191;0.008383233532934131;0.5678571428571428;0.023833075214305045;1;0.0024787958427905867;2.9865010154103452e-05;0.003434476167721897;3.2533899790827863;0.001021260792869743;0.0007427351220870857;0.002878098598087457;1.3583565342945938;3.432870629919494;-0.15186673674481158;7.030953998510602;865.0
2026-01-19;0.49999999999999994;0.8660254037844387;-0.651372482722222;-0.7587581226927911;0.0;1.0;0.013051009437343209;-0.011441647597254004;0.012638124499880887;1;0.0009048136083966703;0.0010857763300760044;0.005730486186512245;2.52278472300012;0.0005558643690939411;0.0008337965536409116;0.0034278302760793033;1.1466427881174162;3.5620960800618553;-0.11714238036558718;7.655597921129045;135.0
2026-01-20;0.49999999999999994;0.8660254037844387;-0.7907757369376986;-0.6121059825476627;0.7818314824680298;0.6234898018587336;0.007570273856918808;0.1593625498007968;0.010002558510703103;-1;0.0018697225572979494;0.005126658624849216;0.00732810615199035;3.144610704305069;0.0029662588060808304;0.0012977382276603633;0.004727474972191324;2.6876611127089514;4.051155792641225;-0.05626189444161198;6.4766713698284475;80.0
2026-01-21;0.49999999999999994;0.8660254037844387;-0.8978045395707417;-0.44039415155763423;0.9749279121818236;-0.22252093395631434;0.019209891435464414;0.9105180533751962;0.019870749715470072;1;0.0006555618463005453;0.0;0.012127894156560088;3.1631094254620997;0.0003715055261447014;0.00027862914460852607;0.004365189932200242;1.9419081153382873;3.7047455499572868;-0.35804932308905996;7.4804459283625215;745.0
2026-01-22;0.49999999999999994;0.8660254037844387;-0.9680771188662041;-0.2506525322587213;0.43388373911755823;-0.900968867902419;0.03674126165857147;0.9708029197080292;0.052317651208593906;1;0.0009494763494072966;0.0024743929105765913;0.007480722752905973;3.0773595479593774;0.0015016424213984045;0.0016893477240732052;0.003660253402158611;1.6833226063956808;3.6581197426038137;-0.9606623596935489;9.154912032771204;95.0
2026-01-23;0.49999999999999994;0.8660254037844387;-0.9987165071710528;-0.05064916883871355;-0.433883739117558;-0.9009688679024191;0.03659799746806307;0.8113207547169812;0.07582644908266073;-1;0.0026889249901966275;0.0024928575429947904;0.008066774970589883;2.7372351197106406;0.0016984336667295716;0.0;0.0022645782223060956;1.41747178375385;3.766582400385217;-0.9494150556344775;9.14975230911822;220.0
2026-01-26;0.49999999999999994;0.8660254037844387;-0.8486442574947509;0.5289640103269624;0.0;1.0;0.02840177020895188;0.7731755424063116;0.08503537898350579;1;0.011568194367752622;0.0020430701270016567;0.0146604086140254;2.489174569463293;0.0015125732652675364;0.0026470032142181885;0.004348648137644167;1.2866284618926156;3.767085717122327;-0.8640002760439043;12.00031955407382;1840.0
2026-01-27;0.49999999999999994;0.8660254037844387;-0.72479278722912;0.6889669190756865;0.7818314824680298;0.6234898018587336;0.023467697404748758;0.5235294117647059;0.08129700789091636;1;0.003170489633877371;0.0004962505513895015;0.008932509925011028;2.6543904869861845;0.0002839833396440742;0.0003786444528587656;0.004449072321090496;1.542345535455185;3.8716151836483785;-0.6625222546828848;8.619602581710502;950.0
2026-01-28;0.49999999999999994;0.8660254037844387;-0.5712682150947924;0.8207634412072763;0.9749279121818236;-0.22252093395631434;0.019381340979267754;0.8862019914651493;0.09312634965992646;-1;0.000949101065704911;0.004338747728936736;0.005884426607370448;2.630284774214186;0.0027927580893682587;0.0004815100154083205;0.005104006163328197;1.8804046955976583;3.8373406963474874;-0.8627410351069063;5.745502338513624;1265.0
2026-01-29;0.49999999999999994;0.8660254037844387;-0.3943558551133187;0.9189578116202306;0.43388373911755823;-0.900968867902419;0.016188952463595196;1.4154103852596316;0.10514315489814813;1;0.004954714970697922;0.003223228556206713;0.008977091102823655;2.5983842798359187;0.001153846153846154;0.0028846153846153848;0.005;1.6620798140173005;3.77077737702402;-0.7999671272792278;6.415550173777172;545.0
2026-01-30;0.49999999999999994;0.8660254037844387;-0.20129852008866114;0.9795299412524943;-0.433883739117558;-0.9009688679024191;0.03268513585508791;0.09046454767726161;0.07218678992132713;1;0.004148471615720524;0.0022379912663755457;0.0077237991266375546;2.5163199389644286;0.001240576390876992;0.0023857238286096;0.005916595094951809;1.6316844814730698;3.733774655283531;-0.38756290721330666;6.592513510288276;380.0
2026-02-02;0.8660254037844386;0.5000000000000001;0.4338837391175581;0.9009688679024191;0.0;1.0;0.02019650655021834;-0.06621621621621622;0.05210178889887732;1;0.00038712531799579695;0.0;0.012664528260148213;2.6694732767948404;0.0;0.001510146295422369;0.00585181689476168;1.6189391275782687;3.979379898752543;-0.7628991891658643;4.947393972539764;665.0
2026-02-03;0.8660254037844386;0.5000000000000001;0.6234898018587335;0.7818314824680298;0.7818314824680298;0.6234898018587336;0.017918371861519743;1.1358024691358024;0.0675399857372029;1;0.0017344173441734417;5.4200542005420054e-05;0.009051490514905149;2.58301928186627;0.0004738887309259786;0.0014216661927779358;0.004454554070704199;1.479723693557819;4.049057389855223;-0.557432577905792;6.814353697749196;1270.0
2026-02-04;0.8660254037844386;0.5000000000000001;0.7818314824680298;0.6234898018587336;0.9749279121818236;-0.22252093395631434;0.020731707317073172;0.7032679738562092;0.07673413272511297;-1;0.0013623250347259322;0.00045410834490864407;0.012501335612779142;2.6175411325808304;0.0002847380410022779;0.0002847380410022779;0.004840546697038725;1.099492233606395;3.74954181802219;-0.8521849638450563;9.61082297709432;455.0
2026-02-05;0.8660254037844386;0.5000000000000001;0.9009688679024191;0.4338837391175582;0.43388373911755823;-0.900968867902419;0.03472593225771984;0.22076923076923077;0.04357678403591319;1;0.0026045950540110763;0.001891758512913308;0.006415528869879915;2.6438663637070507;0.0014215314632297195;0.0018953752843062926;0.006444275966641395;1.668698981668333;4.059895980324961;-0.654510844998817;6.077991928308123;490.0
2026-02-06;0.8660254037844386;0.5000000000000001;0.9749279121818236;0.22252093395631445;-0.433883739117558;-0.9009688679024191;0.015600153534024237;0.6449912126537786;0.046695985084610675;-1;0.004351136734471881;0.00021755683672359405;0.010497117371913412;2.7181049611409787;0.0003795786676788764;0.0040804706775479215;0.004934522679825394;1.617172077088328;3.78618924209642;-0.3914607911960441;6.536060117639671;370.0
2026-02-09;0.8660254037844386;0.5000000000000001;0.9009688679024191;-0.43388373911755806;0.0;1.0;0.014875448710975743;0.6782449725776966;0.04086019069410502;1;0.0042169985852649906;0.0004353030797692894;0.007536184568505822;2.6703757317741346;0.0006692160611854684;0.0017208413001912047;0.0031548757170172083;1.5196610981336796;3.6982367226269663;-0.045210296074521;7.061782675726603;460.0
2026-02-10;0.8660254037844386;0.5000000000000001;0.7818314824680299;-0.6234898018587335;0.7818314824680298;0.6234898018587336;0.018935683969964087;0.6839080459770115;0.04685250419042177;-1;0.0043826629382662935;0.0017476876747687675;0.006641213164121316;2.7649884459324223;0.0005753739930955121;0.0011507479861910242;0.003548139624088991;1.3904085615995612;3.635610688453322;-0.6793585590334357;7.0490830747662585;70.0
2026-02-11;0.8660254037844386;0.5000000000000001;0.6234898018587339;-0.7818314824680295;0.9749279121818236;-0.22252093395631434;0.010163476016347602;0.8148148148148148;0.04609093439135828;1;0.0013101604278074866;0.000427807486631016;0.009251336898395721;2.6631627191815253;0.0005764242482467096;0.0015371313286578923;0.003266404073398021;1.4181726737749392;3.890957858358694;-0.6242460187703958;8.11895696900602;300.0
2026-02-12;0.8660254037844386;0.5000000000000001;0.43388373911755823;-0.900968867902419;0.43388373911755823;-0.900968867902419;0.02157754010695187;0.9467162329615861;0.06030432190470102;-1;0.002542728321275034;0.0014417531718569781;0.012425290972003775;2.7320271310450996;0.001443973815941471;0.001443973815941471;0.0030804774740084712;1.2663764776170359;3.9985632010431886;-0.8835891471150042;7.973747859879881;160.0
2026-02-13;0.8660254037844386;0.5000000000000001;0.2225209339563141;-0.9749279121818237;-0.433883739117558;-0.9009688679024191;0.02152144280171962;0.0438489646772229;0.03530426226970975;-1;0.0012813667912439936;0.0020288307528029898;0.013347570742124934;2.5760172555045893;0.002197172334734429;0.00028658769583492547;0.003725640045854031;1.8015875939711128;4.304376723340429;-0.6458938965064326;5.8064330352950995;205.0
2026-02-19;0.8660254037844386;0.5000000000000001;-0.900968867902419;-0.4338837391175583;0.43388373911755823;-0.900968867902419;0.015305050929328993;0.5780445969125214;0.040204037607145686;1;0.000656288556952721;0.0039639828839944345;0.005224056913343659;2.462928560707942;0.00123574144486692;0.0013307984790874524;0.005608365019011407;1.8949545171908508;4.571973316505905;-0.1802836571781771;4.8857106802663415;340.0
2026-02-20;0.8660254037844386;0.5000000000000001;-0.9749279121818236;-0.2225209339563146;-0.433883739117558;-0.9009688679024191;0.015304649148137454;0.9245283018867925;0.04347472281558336;-1;0.0006758688814370012;0.0005978840105019626;0.009826093737814864;2.7607654732202005;0.0009573958831977022;0.0014360938247965534;0.003542364767831498;1.2339903987192389;4.0862688543193535;-0.3417646327322015;6.449881683165453;105.0
2026-02-23;0.8660254037844386;0.5000000000000001;-0.9009688679024193;0.43388373911755795;0.0;1.0;0.021523824378070655;0.8043478260869565;0.044522649803804666;-1;0.001239733457306679;0.0005423833875716721;0.007102639599152849;2.6601105676083594;0.0011556240369799693;0.001059322033898305;0.0026001540832049307;1.1493798311266386;4.063726516784724;-0.784231562275044;7.49606969955104;465.0
2026-02-24;0.8660254037844386;0.5000000000000001;-0.7818314824680299;0.6234898018587334;0.7818314824680298;0.6234898018587336;0.013559584689291802;0.25523809523809526;0.0356056616548626;1;0.0036841012868410127;0.001063719385637194;0.008821087588210876;2.591718457855466;0.002220505889167793;0.001641243483297934;0.003861749372465727;1.2537287656002918;3.937678176354691;-0.6282086755417409;7.4627077614593755;0.0
2026-02-25;0.8660254037844386;0.5000000000000001;-0.6234898018587337;0.7818314824680297;0.9749279121818236;-0.22252093395631434;0.014943960149439602;1.3836805555555556;0.051845547321005596;1;0.0055979643765903305;0.0033842239185750637;0.00979643765903308;2.2886673077165933;0.0004860031104199067;0.0013608087091757388;0.004957231726283048;2.068774222351986;4.701532742725203;-0.6582506952651385;4.4185595341134105;1695.0
2026-02-26;0.8660254037844386;0.5000000000000001;-0.4338837391175575;0.9009688679024194;0.43388373911755823;-0.900968867902419;0.020814249363867686;0.08190709046454768;0.03445885599264167;1;0.0018298497461405633;0.0009793562021597382;0.004304012783175691;2.574967434715248;0.0022404052211182543;0.0002922267679719462;0.0030196766023767776;1.1603406746198788;3.9183495251610085;-0.5728197284617148;8.529647376371246;55.0
2026-02-27;0.8660254037844386;0.5000000000000001;-0.22252093395631464;0.9749279121818235;-0.433883739117558;-0.9009688679024191;0.01476766062730342;0.6928446771378709;0.032187580575277576;-1;0.0007468259895444362;0.0074682598954443615;0.010970616260204475;7.459717223650386;0.0015442524852813434;0.0008686420229707557;0.004536241675513947;1.4959578467657282;12.794606196341919;-0.2362053980168913;7.054903591112537;525.0
